lab,batch,run,compound,method,drift,outside,agree_field,agree_wrong,agree_own,matched,size
source_1,Batch1_20221004,1,AMG900,raw,0.69,False,0.9491478949042911,0.06655245534814856,,True,61.98432677407326
source_1,Batch1_20221004,1,dexamethasone,raw,0.69,False,0.73964205836175,0.10469255259672623,,True,12.37790043352013
source_1,Batch1_20221004,1,FK-866,raw,0.69,False,0.615431035014495,0.1111726537081679,,True,37.634662016590504
source_1,Batch1_20221004,1,LY2109761,raw,0.69,False,0.8495238611592301,0.266946951766751,,True,36.58313714084791
source_1,Batch1_20221004,1,NVS-PAK1-1,raw,0.69,False,0.8327529457245535,0.13029062925803198,,True,36.94264826609559
source_1,Batch1_20221004,1,quinidine,raw,0.69,False,0.6367572936052498,0.25680331513471333,,True,3.9371200465661196
source_1,Batch1_20221004,1,TC-S-7004,raw,0.69,False,0.6845104015711311,-0.03491148913607983,,True,15.898644144817768
source_1,Batch1_20221004,1,aloxistatin,raw,0.69,False,0.39817572753868213,0.07089361058062905,,True,5.404274521763097
source_1,Batch2_20221006,2,AMG900,raw,1.86,False,0.9397145205253284,0.06245284303396999,0.9879748734526178,True,60.465481144468576
source_1,Batch2_20221006,2,dexamethasone,raw,1.86,False,0.8749033642894217,0.1744609781641968,0.8720750156936826,True,9.731164407863037
source_1,Batch2_20221006,2,FK-866,raw,1.86,False,0.7058387408506906,0.20475612940983473,0.8917765290781725,True,31.212964350385725
source_1,Batch2_20221006,2,LY2109761,raw,1.86,False,0.8291357754346269,0.2695453561902949,0.9861803383999128,True,36.958108052822645
source_1,Batch2_20221006,2,NVS-PAK1-1,raw,1.86,False,0.8306633888759678,0.1598003607613193,0.9671079867552338,True,35.86784512855638
source_1,Batch2_20221006,2,quinidine,raw,1.86,False,0.6832890971651837,0.3063287643061838,0.6647153887889643,True,3.3387227290862844
source_1,Batch2_20221006,2,TC-S-7004,raw,1.86,False,0.6762190728486617,0.039816556056244394,0.9535989916873826,True,13.945866687250561
source_1,Batch2_20221006,2,aloxistatin,raw,1.86,False,0.46966229953773087,0.1573716966370727,0.7141869403787875,True,4.170546336054213
source_1,Batch3_20221010,3,AMG900,raw,1.8,False,0.942930671471275,0.059706226605314126,0.9851232816773182,True,60.56193455439775
source_1,Batch3_20221010,3,dexamethasone,raw,1.8,False,0.8088003513380839,0.1528081657105757,0.9685448521153348,True,11.80793916102561
source_1,Batch3_20221010,3,FK-866,raw,1.8,False,0.6391573891648026,0.15215010105140464,0.9716934143697725,True,33.61210256844052
source_1,Batch3_20221010,3,LY2109761,raw,1.8,False,0.8602154243876754,0.2650441260445641,0.9911509909467844,True,32.82620196714485
source_1,Batch3_20221010,3,NVS-PAK1-1,raw,1.8,False,0.8104219072885928,0.13589187731991942,0.9697493080742887,True,38.91635344817599
source_1,Batch3_20221010,3,quinidine,raw,1.8,False,0.6769193642989578,0.29283436208424213,0.7290597766959309,True,4.193573749822285
source_1,Batch3_20221010,3,TC-S-7004,raw,1.8,False,0.7184539994600301,0.029357699922302295,0.8903177557651956,True,9.761723842735035
source_1,Batch3_20221010,3,aloxistatin,raw,1.8,False,0.465498974954468,0.21639860112414172,0.5656340210808204,True,4.280558147106103
source_1,Batch4_20221012,4,AMG900,raw,3.01,False,0.92826147558614,0.07970858699273416,0.9629254450501801,True,58.23978310936859
source_1,Batch4_20221012,4,dexamethasone,raw,3.01,False,0.7768091109541303,0.13837664101627814,0.9339877245231847,True,11.056462863010541
source_1,Batch4_20221012,4,FK-866,raw,3.01,False,0.5222111189082639,0.1768449563679266,0.8189573948812823,True,37.54284232300334
source_1,Batch4_20221012,4,LY2109761,raw,3.01,False,0.8678061836441905,0.26080930852252704,0.978171596401975,True,30.587488958774454
source_1,Batch4_20221012,4,NVS-PAK1-1,raw,3.01,False,0.7563084318868412,0.16031288524277568,0.9099478640758,True,43.20843192440804
source_1,Batch4_20221012,4,quinidine,raw,3.01,False,0.5579657569752474,0.24304628543848222,0.6822901205138896,True,4.311475014372871
source_1,Batch4_20221012,4,TC-S-7004,raw,3.01,False,0.7021356267287002,0.011355089140067018,0.8732819113511947,True,10.779074289293218
source_1,Batch4_20221012,4,aloxistatin,raw,3.01,False,0.2272492315644759,0.16866035435905719,0.45779832539661575,False,6.2539710369150745
source_1,Batch5_20221030,5,AMG900,raw,2.93,False,0.9336419579918365,0.07109918849024824,0.9715965403084057,True,58.979342819311654
source_1,Batch5_20221030,5,dexamethasone,raw,2.93,False,0.8529320753598031,0.1415205441989099,0.8627707050790139,True,9.409458993299115
source_1,Batch5_20221030,5,FK-866,raw,2.93,False,0.6864064354903558,0.17833856996308667,0.903718476211652,True,27.956744255956753
source_1,Batch5_20221030,5,LY2109761,raw,2.93,False,0.8323624316062286,0.2656182629374399,0.9747164589394164,True,32.1528701931317
source_1,Batch5_20221030,5,NVS-PAK1-1,raw,2.93,False,0.8021549183360985,0.1326321535263289,0.955086480646905,True,38.74955022887459
source_1,Batch5_20221030,5,quinidine,raw,2.93,False,0.5857070135251355,0.19499181542217844,0.5715879976839191,True,2.9033775756964166
source_1,Batch5_20221030,5,TC-S-7004,raw,2.93,False,0.6595693891025611,0.03645139751277864,0.6688197369007761,True,6.74825380794408
source_1,Batch5_20221030,5,aloxistatin,raw,2.93,False,0.41596323488189835,0.18043474188411343,0.42240154990659795,True,3.4705867546072096
source_1,Batch6_20221102,6,AMG900,raw,3.1,False,0.9191554474302793,0.08827311826438243,0.9684925657608452,True,33.444781252874684
source_1,Batch6_20221102,6,dexamethasone,raw,3.1,False,0.35552300922889823,0.22152850163365437,0.29504712456489524,False,10.736961992899595
source_1,Batch6_20221102,6,FK-866,raw,3.1,False,0.7881216466416513,0.22642310182532335,0.8201524694131024,True,14.99301105670555
source_1,Batch6_20221102,6,LY2109761,raw,3.1,False,0.8072619256781661,0.2855781679400145,0.9425705347063552,True,20.755279851543836
source_1,Batch6_20221102,6,NVS-PAK1-1,raw,3.1,False,0.8381524107834993,0.10140270599266517,0.9004858228911146,True,20.40145739526247
source_1,Batch6_20221102,6,quinidine,raw,3.1,False,0.4600457220885821,0.3289417111181007,0.40924792133033716,False,6.435853787936055
source_1,Batch6_20221102,6,TC-S-7004,raw,3.1,False,0.290002459858984,0.014616917180116996,0.372713664594639,False,3.8328938516064155
source_1,Batch6_20221102,6,aloxistatin,raw,3.1,False,0.1881616597438262,0.24731049409473851,0.0945509560929079,False,7.139375789848391
source_1,Batch1_20221004,1,AMG900,own,0.69,False,0.9357075227733738,0.014801312560214178,,True,233.72706130528144
source_1,Batch1_20221004,1,dexamethasone,own,0.69,False,0.8375213732880948,0.1408670677370336,,True,30.893935614110664
source_1,Batch1_20221004,1,FK-866,own,0.69,False,0.7093078499810177,0.10735316292592557,,True,109.11855062573441
source_1,Batch1_20221004,1,LY2109761,own,0.69,False,0.8201792233662784,0.23622612903758072,,True,114.66858420949448
source_1,Batch1_20221004,1,NVS-PAK1-1,own,0.69,False,0.858331499359837,0.09711057941619632,,True,121.0181075796884
source_1,Batch1_20221004,1,quinidine,own,0.69,False,0.654261733747031,0.2560624966018054,,True,10.63575753550342
source_1,Batch1_20221004,1,TC-S-7004,own,0.69,False,0.6542939350293417,-0.01613349690037698,,True,46.77797718600186
source_1,Batch1_20221004,1,aloxistatin,own,0.69,False,0.6698848367176868,0.14435655268770728,,True,13.609415628200455
source_1,Batch2_20221006,2,AMG900,own,1.86,False,0.9382035573402289,0.011014893395731197,0.9880936622859506,True,225.4366055042409
source_1,Batch2_20221006,2,dexamethasone,own,1.86,False,0.8460466309970522,0.16481235489236898,0.929003367365183,True,28.11387250026661
source_1,Batch2_20221006,2,FK-866,own,1.86,False,0.6365388494258937,0.1127048858141955,0.9503168775998393,True,126.78790169395559
source_1,Batch2_20221006,2,LY2109761,own,1.86,False,0.7992395322212558,0.2380659143806141,0.9871642818426318,True,118.3823782613129
source_1,Batch2_20221006,2,NVS-PAK1-1,own,1.86,False,0.8605913651115544,0.10632111226523025,0.9811485847352892,True,129.0257317280944
source_1,Batch2_20221006,2,quinidine,own,1.86,False,0.6097468040243805,0.2879340673786319,0.5667902500497142,True,9.844087793153658
source_1,Batch2_20221006,2,TC-S-7004,own,1.86,False,0.6621583861745619,0.05190935959562841,0.9611596389164596,True,45.724118203629644
source_1,Batch2_20221006,2,aloxistatin,own,1.86,False,0.5510838161925926,0.13178128847224135,0.8007024891233818,True,14.084135350746578
source_1,Batch3_20221010,3,AMG900,own,1.8,False,0.9512240911767501,0.014303802081217383,0.975973749732617,True,170.53002269364868
source_1,Batch3_20221010,3,dexamethasone,own,1.8,False,0.8895296203627023,0.18670248881269977,0.937558507215964,True,24.527816267676414
source_1,Batch3_20221010,3,FK-866,own,1.8,False,0.7919077995843422,0.19663089966959804,0.9447489095827581,True,74.95776705603451
source_1,Batch3_20221010,3,LY2109761,own,1.8,False,0.8621205806582359,0.2667751523879643,0.9716704038638327,True,84.01922766871476
source_1,Batch3_20221010,3,NVS-PAK1-1,own,1.8,False,0.861510256754102,0.14043593012463645,0.9734873230612584,True,100.48411693959139
source_1,Batch3_20221010,3,quinidine,own,1.8,False,0.6552064915282098,0.3266189032793756,0.5740195646308244,True,9.956428853802162
source_1,Batch3_20221010,3,TC-S-7004,own,1.8,False,0.7255072445669195,0.045168840972482714,0.9147786960285644,True,25.387153676296748
source_1,Batch3_20221010,3,aloxistatin,own,1.8,False,0.6168055900942802,0.26356350889120966,0.6737739239431249,True,9.463465723238128
source_1,Batch4_20221012,4,AMG900,own,3.01,False,0.8951234026907924,-0.0030782956178106485,0.9161331106964159,True,85.33094081604192
source_1,Batch4_20221012,4,dexamethasone,own,3.01,False,0.8436216757881918,0.15141959784586195,0.9313969679554446,True,14.671120681036546
source_1,Batch4_20221012,4,FK-866,own,3.01,False,0.6742512251638646,0.18760024768319447,0.8766157157159731,True,47.243165157258744
source_1,Batch4_20221012,4,LY2109761,own,3.01,False,0.8733558150865981,0.23283292827287355,0.9373615634073083,True,44.67536105175809
source_1,Batch4_20221012,4,NVS-PAK1-1,own,3.01,False,0.7920158207139315,0.11994205272774236,0.9221739963706964,True,55.50725546894519
source_1,Batch4_20221012,4,quinidine,own,3.01,False,0.5584364633176176,0.23458375381648217,0.6038990745008337,True,5.570041503635787
source_1,Batch4_20221012,4,TC-S-7004,own,3.01,False,0.6936238023655918,0.0022844210897679557,0.9343089207412314,True,14.793291187421813
source_1,Batch4_20221012,4,aloxistatin,own,3.01,False,0.3877354779997913,0.1848969933016821,0.5007071950228709,True,8.066320185037934
source_1,Batch5_20221030,5,AMG900,own,2.93,False,0.9056536336253963,0.03388600046482934,0.9515564382661458,True,164.07230006826362
source_1,Batch5_20221030,5,dexamethasone,own,2.93,False,0.8750134278654264,0.153776272384682,0.8377266749794858,True,19.070084096330692
source_1,Batch5_20221030,5,FK-866,own,2.93,False,0.7374155632122502,0.1856318346346229,0.849950933309628,True,70.51577243348446
source_1,Batch5_20221030,5,LY2109761,own,2.93,False,0.8105868128801337,0.21290822989847502,0.9525536092903855,True,85.13700664182586
source_1,Batch5_20221030,5,NVS-PAK1-1,own,2.93,False,0.8370157968549996,0.14617055243570687,0.9402982968973221,True,88.22141911467547
source_1,Batch5_20221030,5,quinidine,own,2.93,False,0.5686621497853949,0.21933736281214802,0.493452741858475,True,6.376679324449865
source_1,Batch5_20221030,5,TC-S-7004,own,2.93,False,0.7369280212276197,0.05084187150664614,0.7508078763662847,False,14.735459175189552
source_1,Batch5_20221030,5,aloxistatin,own,2.93,False,0.610900817943069,0.18817942384244288,0.6521151455812282,True,7.083542011590922
source_1,Batch6_20221102,6,AMG900,own,3.1,False,0.8766300655452446,0.08392938410020308,0.9321477643230783,True,41.773584215646636
source_1,Batch6_20221102,6,dexamethasone,own,3.1,False,0.33019648197163415,0.1953901279498705,0.3297529564605165,False,13.776194645942713
source_1,Batch6_20221102,6,FK-866,own,3.1,False,0.7991487362748985,0.228227863483246,0.8565081045600287,True,20.675644507916044
source_1,Batch6_20221102,6,LY2109761,own,3.1,False,0.7515778951739316,0.27733619308102164,0.9169276889821381,True,30.6044153698163
source_1,Batch6_20221102,6,NVS-PAK1-1,own,3.1,False,0.8548358233931264,0.1509858214635358,0.8511984755938918,True,28.627715001994915
source_1,Batch6_20221102,6,quinidine,own,3.1,False,0.3908198902626102,0.3056247938864009,0.3504178454135901,False,8.720610941012858
source_1,Batch6_20221102,6,TC-S-7004,own,3.1,False,0.38652823262141206,0.0328549900289977,0.3688427244475111,False,4.870583678850114
source_1,Batch6_20221102,6,aloxistatin,own,3.1,False,0.298709977261655,0.2105565213933791,0.1623086224456999,False,8.522580931103192
source_1,Batch1_20221004,1,AMG900,scaled,0.69,False,0.8812935422794919,-0.012860440874037928,,True,33.4869230898092
source_1,Batch1_20221004,1,dexamethasone,scaled,0.69,False,0.8012382554527206,0.14405468868053356,,True,6.966352876359355
source_1,Batch1_20221004,1,FK-866,scaled,0.69,False,0.6211393458248953,0.12951139125176342,,True,19.198155511896676
source_1,Batch1_20221004,1,LY2109761,scaled,0.69,False,0.6507139429329867,0.16814762072504613,,True,19.72431899983483
source_1,Batch1_20221004,1,NVS-PAK1-1,scaled,0.69,False,0.6564926762273273,0.026045516274818544,,True,18.60580654105658
source_1,Batch1_20221004,1,quinidine,scaled,0.69,False,0.533795353710131,0.16209350233010533,,True,2.5602372319118696
source_1,Batch1_20221004,1,TC-S-7004,scaled,0.69,False,0.47535568977865716,-0.07856311769664977,,True,8.638508307698828
source_1,Batch1_20221004,1,aloxistatin,scaled,0.69,False,0.42570478214980173,0.11259558872207294,,True,2.1023969739420014
source_1,Batch2_20221006,2,AMG900,scaled,1.86,False,0.8945693728567166,0.01127683519430411,0.9652686330869857,True,37.66674771537487
source_1,Batch2_20221006,2,dexamethasone,scaled,1.86,False,0.8663419472745987,0.15605758563769495,0.9250067398674044,True,7.137087353074988
source_1,Batch2_20221006,2,FK-866,scaled,1.86,False,0.6863151669849923,0.15791873018539265,0.9255756289329562,True,21.76188402748315
source_1,Batch2_20221006,2,LY2109761,scaled,1.86,False,0.6459038509248621,0.1845186980540658,0.9676775881276891,True,21.176579359457435
source_1,Batch2_20221006,2,NVS-PAK1-1,scaled,1.86,False,0.6764484708176335,0.07833766208916569,0.9341998802718852,True,20.89685252049817
source_1,Batch2_20221006,2,quinidine,scaled,1.86,False,0.6160785874597469,0.22944760383376356,0.588662301625293,True,2.3066961722295924
source_1,Batch2_20221006,2,TC-S-7004,scaled,1.86,False,0.522936380346123,0.013343828268180166,0.9060106425819617,True,8.529223363802574
source_1,Batch2_20221006,2,aloxistatin,scaled,1.86,False,0.3055378198728781,0.11147558661997717,0.6075868723860707,False,2.790903037584904
source_1,Batch3_20221010,3,AMG900,scaled,1.8,False,0.885091810201982,0.011903928312578024,0.9705561662778178,True,27.92072248074909
source_1,Batch3_20221010,3,dexamethasone,scaled,1.8,False,0.8311372140317508,0.15075205930171245,0.9531646194341745,True,5.980184459358655
source_1,Batch3_20221010,3,FK-866,scaled,1.8,False,0.6371459193395766,0.14215454481714082,0.951423240195538,True,15.034565654918838
source_1,Batch3_20221010,3,LY2109761,scaled,1.8,False,0.6522864442110429,0.16409375563136938,0.9667706345462022,True,14.874724480877353
source_1,Batch3_20221010,3,NVS-PAK1-1,scaled,1.8,False,0.630934366238853,0.03522250909596516,0.9293026217613753,True,15.93780461912823
source_1,Batch3_20221010,3,quinidine,scaled,1.8,False,0.6623703593319832,0.1995434609184342,0.7545752528085973,True,2.2014971791235736
source_1,Batch3_20221010,3,TC-S-7004,scaled,1.8,False,0.5157438856982781,-0.007235013867362569,0.837116388906745,True,4.4667747842866445
source_1,Batch3_20221010,3,aloxistatin,scaled,1.8,False,0.3555317905905683,0.13817275120868214,0.5153325209901685,True,1.9834895731073219
source_1,Batch4_20221012,4,AMG900,scaled,3.01,False,0.849559260907496,0.033554743036406945,0.9081245498950874,True,16.208992953172856
source_1,Batch4_20221012,4,dexamethasone,scaled,3.01,False,0.7844732665937915,0.13604966783504724,0.9181844655150775,True,3.529599099076994
source_1,Batch4_20221012,4,FK-866,scaled,3.01,False,0.5242851996479814,0.12524029686729968,0.8205730565024406,True,11.45052465244646
source_1,Batch4_20221012,4,LY2109761,scaled,3.01,False,0.6986645992920286,0.1813941584684959,0.9302442335626494,True,9.406484749164813
source_1,Batch4_20221012,4,NVS-PAK1-1,scaled,3.01,False,0.5165196852851073,0.08199485859255874,0.7913712437699871,False,12.185252211019614
source_1,Batch4_20221012,4,quinidine,scaled,3.01,False,0.5309312876476043,0.16633778479144126,0.5942346231051832,True,1.3588859021646282
source_1,Batch4_20221012,4,TC-S-7004,scaled,3.01,False,0.5113201991299433,-0.038571267431528986,0.7984783477007475,True,3.057673832378485
source_1,Batch4_20221012,4,aloxistatin,scaled,3.01,False,0.19060954738720995,0.11609129327509224,0.2850238883613555,False,1.694195205164406
source_1,Batch5_20221030,5,AMG900,scaled,2.93,False,0.8480302049196136,0.004089780639340778,0.9417356585221474,True,27.87631639746727
source_1,Batch5_20221030,5,dexamethasone,scaled,2.93,False,0.8853871272111938,0.15740953791217577,0.8925892453859254,True,5.283770567359855
source_1,Batch5_20221030,5,FK-866,scaled,2.93,False,0.7018596278325355,0.17546696834594547,0.8906625288460135,True,12.942547949810809
source_1,Batch5_20221030,5,LY2109761,scaled,2.93,False,0.6266917461981322,0.15934588492305493,0.9386479538672718,True,14.084903777245872
source_1,Batch5_20221030,5,NVS-PAK1-1,scaled,2.93,False,0.5810566920727254,0.02141988571646523,0.8689342731651207,True,15.040806740433053
source_1,Batch5_20221030,5,quinidine,scaled,2.93,False,0.6146987018747543,0.15409056826415007,0.5608518444988412,True,1.61240858943711
source_1,Batch5_20221030,5,TC-S-7004,scaled,2.93,False,0.4484174089690237,-0.01687425917952629,0.6692918005482562,True,2.7795701424336356
source_1,Batch5_20221030,5,aloxistatin,scaled,2.93,False,0.29749504319189657,0.15780259709835143,0.4381625754258748,True,1.458622319755731
source_1,Batch6_20221102,6,AMG900,scaled,3.1,False,0.823874496327037,0.010724505114819613,0.9278978016508197,True,9.8083162476419
source_1,Batch6_20221102,6,dexamethasone,scaled,3.1,False,0.35070087149204243,0.15518350757274207,0.27090642258189007,False,3.251381587318928
source_1,Batch6_20221102,6,FK-866,scaled,3.1,False,0.7227413133979681,0.16766819046644615,0.8032441703855333,True,4.401753655525447
source_1,Batch6_20221102,6,LY2109761,scaled,3.1,False,0.6479531483045576,0.1830310989763475,0.9072806520730774,True,6.166419692330576
source_1,Batch6_20221102,6,NVS-PAK1-1,scaled,3.1,False,0.6542199485980578,-0.01604336316512418,0.8172511353927835,True,5.536944934678982
source_1,Batch6_20221102,6,quinidine,scaled,3.1,False,0.4025916462595903,0.23626330864905423,0.35617017871945805,True,1.8441051088510143
source_1,Batch6_20221102,6,TC-S-7004,scaled,3.1,False,0.13345247465758237,0.015611553170560222,0.1707751333925167,False,1.1932091681924313
source_1,Batch6_20221102,6,aloxistatin,scaled,3.1,False,0.07924165621718064,0.14509671278011832,0.04723141478972279,False,2.413864572939386
source_1,Batch1_20221004,1,AMG900,field,0.69,False,0.9458644245010519,0.02239940523291249,,True,98.80628503750948
source_1,Batch1_20221004,1,dexamethasone,field,0.69,False,0.7765490085293791,0.19087143062950457,,True,14.541739775665363
source_1,Batch1_20221004,1,FK-866,field,0.69,False,0.6586020593539518,0.11139498191382173,,True,59.970795969961785
source_1,Batch1_20221004,1,LY2109761,field,0.69,False,0.8076029158039654,0.261711320860201,,True,39.165387051625025
source_1,Batch1_20221004,1,NVS-PAK1-1,field,0.69,False,0.8854503006373757,0.10828638155098722,,True,49.26108047253801
source_1,Batch1_20221004,1,quinidine,field,0.69,False,0.6465214050098245,0.2734851234361479,,True,4.8718483865502185
source_1,Batch1_20221004,1,TC-S-7004,field,0.69,False,0.6070364954044443,-0.07881682733906037,,True,19.500010854750442
source_1,Batch1_20221004,1,aloxistatin,field,0.69,False,0.5407313358776616,0.09699218257271355,,True,6.734080025775561
source_1,Batch2_20221006,2,AMG900,field,1.86,False,0.9382693826964066,0.047185452656006086,0.986362756535436,True,96.10276839393373
source_1,Batch2_20221006,2,dexamethasone,field,1.86,False,0.8693304955374483,0.24089748463659438,0.8782947050898142,True,10.985180998549632
source_1,Batch2_20221006,2,FK-866,field,1.86,False,0.7170009581553505,0.175783753831715,0.948454392180013,True,51.992080734397454
source_1,Batch2_20221006,2,LY2109761,field,1.86,False,0.7875565054141959,0.24811092938419327,0.9732118774085468,True,38.26470165873683
source_1,Batch2_20221006,2,NVS-PAK1-1,field,1.86,False,0.8748051535823804,0.132966734213106,0.9813058018190179,True,51.80925353880221
source_1,Batch2_20221006,2,quinidine,field,1.86,False,0.6777590303482243,0.29269841802408225,0.619912389431899,True,4.37685116906248
source_1,Batch2_20221006,2,TC-S-7004,field,1.86,False,0.6532794276211571,0.029735281483458813,0.9499702373311438,True,17.195846304176726
source_1,Batch2_20221006,2,aloxistatin,field,1.86,False,0.5031315074701892,0.10583458506055003,0.8486905663383908,True,5.621282462440881
source_1,Batch3_20221010,3,AMG900,field,1.8,False,0.9400902476245797,0.07021166978762489,0.9664001090946025,True,85.6204992800015
source_1,Batch3_20221010,3,dexamethasone,field,1.8,False,0.832932858340907,0.2286713664876427,0.9580606456471925,True,13.566539834732897
source_1,Batch3_20221010,3,FK-866,field,1.8,False,0.7514106426317676,0.19424317565218832,0.96609242962848,True,47.608384298515496
source_1,Batch3_20221010,3,LY2109761,field,1.8,False,0.8523616270975084,0.25970846445360374,0.9357963947690707,True,32.498234080617046
source_1,Batch3_20221010,3,NVS-PAK1-1,field,1.8,False,0.8654065112051361,0.12868491554958025,0.9800761816329923,True,49.925050894428935
source_1,Batch3_20221010,3,quinidine,field,1.8,False,0.6267478846796593,0.2807705184308574,0.6579471916797965,True,5.251146842243205
source_1,Batch3_20221010,3,TC-S-7004,field,1.8,False,0.7070497260176074,-0.016077992136113353,0.8951022413811152,True,11.658865685880938
source_1,Batch3_20221010,3,aloxistatin,field,1.8,False,0.6350601344384368,0.24309183481407587,0.7257339346032246,True,4.92660491222233
source_1,Batch4_20221012,4,AMG900,field,3.01,False,0.8820323537387115,-0.033465143922678,0.8440249341412895,True,61.17048299118077
source_1,Batch4_20221012,4,dexamethasone,field,3.01,False,0.8006616207797141,0.24118881236227266,0.9402809551554104,True,11.68930475412666
source_1,Batch4_20221012,4,FK-866,field,3.01,False,0.6944503516030027,0.1695839315287943,0.849362146485268,True,37.58640252236151
source_1,Batch4_20221012,4,LY2109761,field,3.01,False,0.8366829798980885,0.2050097643123192,0.9486286105923118,True,30.23474101816371
source_1,Batch4_20221012,4,NVS-PAK1-1,field,3.01,False,0.8064860409161608,0.0827815938548508,0.8881323504682951,True,38.290202314339616
source_1,Batch4_20221012,4,quinidine,field,3.01,False,0.5626646503464107,0.2328424616876902,0.6955026334586987,True,4.879315147141148
source_1,Batch4_20221012,4,TC-S-7004,field,3.01,False,0.5492798326769426,-0.11893679166413736,0.871575008699887,True,9.494499760149198
source_1,Batch4_20221012,4,aloxistatin,field,3.01,False,0.4669464784367489,0.1829769589783385,0.5879471722497706,True,5.453212615296363
source_1,Batch5_20221030,5,AMG900,field,2.93,False,0.9289599365063167,0.05039434114268699,0.9507763493936326,True,68.22488775021588
source_1,Batch5_20221030,5,dexamethasone,field,2.93,False,0.9026492826320703,0.21950884839122398,0.7585118743258275,True,10.801727136325693
source_1,Batch5_20221030,5,FK-866,field,2.93,False,0.759105148339374,0.23395731819555707,0.9010783630583308,True,36.464118955458275
source_1,Batch5_20221030,5,LY2109761,field,2.93,False,0.8036482312402056,0.2292806587919691,0.9324085606517492,True,33.43330206027189
source_1,Batch5_20221030,5,NVS-PAK1-1,field,2.93,False,0.8183993719770459,0.1025716901823404,0.9412305162577406,True,43.9940474450393
source_1,Batch5_20221030,5,quinidine,field,2.93,False,0.652913043931316,0.21525155132658388,0.6160206145364815,True,3.8200495089350777
source_1,Batch5_20221030,5,TC-S-7004,field,2.93,False,0.622731068587275,-0.04164416793778485,0.685199915210479,True,6.782154350023296
source_1,Batch5_20221030,5,aloxistatin,field,2.93,False,0.62613235416333,0.20363651608357608,0.5149325059683221,True,3.662490120649993
source_1,Batch6_20221102,6,AMG900,field,3.1,False,0.8571179174948569,-0.01576025812916638,0.8521581489234324,True,20.469337403410826
source_1,Batch6_20221102,6,dexamethasone,field,3.1,False,0.3317623950355902,0.15139884256404937,0.47660076305137145,False,7.3386493906199695
source_1,Batch6_20221102,6,FK-866,field,3.1,False,0.7530817745155183,0.17829407112807935,0.8260618046536662,True,14.671984316318817
source_1,Batch6_20221102,6,LY2109761,field,3.1,False,0.8330715927132548,0.187807610610148,0.8942831130199164,True,20.320338188950547
source_1,Batch6_20221102,6,NVS-PAK1-1,field,3.1,False,0.8328837593650913,0.10532765342812782,0.8946420526378471,True,18.167686609659683
source_1,Batch6_20221102,6,quinidine,field,3.1,False,0.40457840739657225,0.24827372606947606,0.6031970630458691,False,7.439360535804944
source_1,Batch6_20221102,6,TC-S-7004,field,3.1,False,0.35752619405057534,0.031007251387581546,0.3009651290531165,False,3.253084642725054
source_1,Batch6_20221102,6,aloxistatin,field,3.1,False,0.35924424836797886,0.17759032199107355,0.11443678762583426,False,4.275523820465856
source_10,2021_05_31_U2OS_48_hr_run1,1,AMG900,raw,0.65,False,0.9137633406131387,0.12242344148107702,,True,49.69220281538782
source_10,2021_05_31_U2OS_48_hr_run1,1,dexamethasone,raw,0.65,False,0.8892381553193633,0.3114802328740063,,True,8.331272008538384
source_10,2021_05_31_U2OS_48_hr_run1,1,FK-866,raw,0.65,False,0.8421028900408765,0.35119031347157625,,True,22.27753910688918
source_10,2021_05_31_U2OS_48_hr_run1,1,LY2109761,raw,0.65,False,0.8995736908032861,0.35555750391836255,,True,36.24176710762148
source_10,2021_05_31_U2OS_48_hr_run1,1,NVS-PAK1-1,raw,0.65,False,0.8779000276258072,0.27910755485530786,,True,22.93101378826925
source_10,2021_05_31_U2OS_48_hr_run1,1,quinidine,raw,0.65,False,0.6173957505085748,0.18933920324262385,,True,6.063565609104769
source_10,2021_05_31_U2OS_48_hr_run1,1,TC-S-7004,raw,0.65,False,0.8405220191866098,0.2824730089452795,,True,44.5574987958686
source_10,2021_05_31_U2OS_48_hr_run1,1,aloxistatin,raw,0.65,False,0.44724801236437794,0.13814666633469713,,True,4.394713990052334
source_10,2021_06_01_U2OS_48_hr_run2,2,AMG900,raw,1.53,False,0.9149251397940676,0.09620071883806035,0.9817942848781168,True,44.75420559976041
source_10,2021_06_01_U2OS_48_hr_run2,2,dexamethasone,raw,1.53,False,0.8888656351151356,0.35248660442854857,0.9365275352747641,True,7.610060453017917
source_10,2021_06_01_U2OS_48_hr_run2,2,FK-866,raw,1.53,False,0.848823326164761,0.362498451892545,0.9481275117001002,True,22.267395307519518
source_10,2021_06_01_U2OS_48_hr_run2,2,LY2109761,raw,1.53,False,0.9194748253675421,0.31448517191470166,0.9606470205977469,True,31.608261881646115
source_10,2021_06_01_U2OS_48_hr_run2,2,NVS-PAK1-1,raw,1.53,False,0.8903229577654828,0.2650451026912231,0.958778534525928,True,18.816107420141385
source_10,2021_06_01_U2OS_48_hr_run2,2,quinidine,raw,1.53,False,0.6794893351340869,0.2696480324110679,0.7310262321906684,True,5.473450007757967
source_10,2021_06_01_U2OS_48_hr_run2,2,TC-S-7004,raw,1.53,False,0.8310645654450239,0.31143091607847767,0.9733051479500099,True,42.98131607991806
source_10,2021_06_01_U2OS_48_hr_run2,2,aloxistatin,raw,1.53,False,0.48501344717395,0.31126905659216175,0.6299454343892466,False,4.928270691255393
source_10,2021_06_07_U2OS_48_hr_run3,3,AMG900,raw,1.51,False,0.9058802183289164,0.1402585902289922,0.9846564367948931,True,45.127774576176655
source_10,2021_06_07_U2OS_48_hr_run3,3,dexamethasone,raw,1.51,False,0.8542225871515914,0.4068039521920888,0.9436980214519285,True,8.572710274214117
source_10,2021_06_07_U2OS_48_hr_run3,3,FK-866,raw,1.51,False,0.833943597423706,0.42434717920251314,0.93660280262834,True,24.292980294993168
source_10,2021_06_07_U2OS_48_hr_run3,3,LY2109761,raw,1.51,False,0.8931240693198733,0.35421905350122324,0.9574502961577517,True,34.243082404151586
source_10,2021_06_07_U2OS_48_hr_run3,3,NVS-PAK1-1,raw,1.51,False,0.6832224876360979,0.498803401825717,0.7135174515976394,True,22.725057808786868
source_10,2021_06_07_U2OS_48_hr_run3,3,quinidine,raw,1.51,False,0.6150355192378396,0.346082778749624,0.3051980167442506,False,14.388590123738407
source_10,2021_06_07_U2OS_48_hr_run3,3,TC-S-7004,raw,1.51,False,0.7934968552053059,0.3606073315356656,0.9347813242032574,True,37.91334567792989
source_10,2021_06_07_U2OS_48_hr_run3,3,aloxistatin,raw,1.51,False,0.7673522002223535,0.39898075217644696,0.6377901790534422,True,3.5065197237581547
source_10,2021_06_08_U2OS_48_hr_run4,4,AMG900,raw,1.35,False,0.9039033801616547,0.12970256878641298,0.9847033112503536,True,45.43014916548492
source_10,2021_06_08_U2OS_48_hr_run4,4,dexamethasone,raw,1.35,False,0.8837291873595381,0.3960199588372215,0.9193898146055636,True,8.786520009319496
source_10,2021_06_08_U2OS_48_hr_run4,4,FK-866,raw,1.35,False,0.8257742449398333,0.36272053715921604,0.9608165534656886,True,26.056869294681157
source_10,2021_06_08_U2OS_48_hr_run4,4,LY2109761,raw,1.35,False,0.8365371679998574,0.40745081947513573,0.9118976805064312,True,33.67435065466025
source_10,2021_06_08_U2OS_48_hr_run4,4,NVS-PAK1-1,raw,1.35,False,0.8896460259665362,0.3039191404017133,0.9512479058539466,True,23.270835416741097
source_10,2021_06_08_U2OS_48_hr_run4,4,quinidine,raw,1.35,False,0.7126317526915589,0.34591183085040783,0.8102342420079912,True,6.360324480402996
source_10,2021_06_08_U2OS_48_hr_run4,4,TC-S-7004,raw,1.35,False,0.8226530865891302,0.32536560948454013,0.9326918308473483,True,44.15879285266846
source_10,2021_06_08_U2OS_48_hr_run4,4,aloxistatin,raw,1.35,False,0.6712853953194564,0.40265483472447944,0.6148079449395989,True,8.122699834090605
source_10,2021_06_14_U2OS_48_hr_run5,5,AMG900,raw,1.47,False,0.9036343582829136,0.11393512195994777,0.9802911086062553,True,46.2371386418528
source_10,2021_06_14_U2OS_48_hr_run5,5,dexamethasone,raw,1.47,False,0.8337753020929156,0.33621503462067437,0.8435914158472719,True,8.670376139788665
source_10,2021_06_14_U2OS_48_hr_run5,5,FK-866,raw,1.47,False,0.8045465287802984,0.3352157530422648,0.9503044879170525,True,25.20570601680181
source_10,2021_06_14_U2OS_48_hr_run5,5,LY2109761,raw,1.47,False,0.9015562077662074,0.3289872300363526,0.9720744743632428,True,32.623835942808185
source_10,2021_06_14_U2OS_48_hr_run5,5,NVS-PAK1-1,raw,1.47,False,0.8835699838523128,0.29084974354447335,0.936923609218008,True,21.435366045479334
source_10,2021_06_14_U2OS_48_hr_run5,5,quinidine,raw,1.47,False,0.5366763123608065,0.19213562265905518,0.70138159251235,True,9.07531088700266
source_10,2021_06_14_U2OS_48_hr_run5,5,TC-S-7004,raw,1.47,False,0.8255122441020475,0.29923500422764027,0.9471574174270352,True,38.73575758649131
source_10,2021_06_14_U2OS_48_hr_run5,5,aloxistatin,raw,1.47,False,0.3890340259627637,0.22561126836203968,0.19533743913892768,False,8.052090283466375
source_10,2021_06_15_U2OS_48_hr_run6,6,AMG900,raw,1.8,False,0.914286830361061,0.129583702283817,0.9769240563135859,True,45.6753434724342
source_10,2021_06_15_U2OS_48_hr_run6,6,dexamethasone,raw,1.8,False,0.9039932517957613,0.20678234076684832,0.8178330718286022,True,8.682028215068472
source_10,2021_06_15_U2OS_48_hr_run6,6,FK-866,raw,1.8,False,0.8226425710744352,0.26324102633423513,0.9345408829575542,True,24.938347029864342
source_10,2021_06_15_U2OS_48_hr_run6,6,LY2109761,raw,1.8,False,0.9192122358905457,0.35279711379915474,0.9688655337972762,True,33.823514171811354
source_10,2021_06_15_U2OS_48_hr_run6,6,NVS-PAK1-1,raw,1.8,False,0.8591095710358132,0.3333461309979913,0.9109838935026617,True,21.621991379135974
source_10,2021_06_15_U2OS_48_hr_run6,6,quinidine,raw,1.8,False,0.6674073597650977,0.1771971753565395,0.6261959415759477,True,7.105520847429162
source_10,2021_06_15_U2OS_48_hr_run6,6,TC-S-7004,raw,1.8,False,0.8512410297603208,0.32532534806609903,0.914239682787317,True,45.19990241108477
source_10,2021_06_15_U2OS_48_hr_run6,6,aloxistatin,raw,1.8,False,0.41974439544261033,0.20004449826284693,0.16938156078788572,True,16.29633983890914
source_10,2021_06_21_U2OS_48_hr_run7,7,AMG900,raw,1.54,False,0.9170622511532422,0.16973145737896012,0.9845662102058388,True,46.8106700430294
source_10,2021_06_21_U2OS_48_hr_run7,7,dexamethasone,raw,1.54,False,0.9104809559903531,0.37958978610731503,0.9569038866896897,True,8.50405417924923
source_10,2021_06_21_U2OS_48_hr_run7,7,FK-866,raw,1.54,False,0.8023275091798856,0.3773597125460662,0.9542629154054295,True,27.045553924180762
source_10,2021_06_21_U2OS_48_hr_run7,7,LY2109761,raw,1.54,False,0.8955968379537069,0.3713236412053097,0.9907404278527068,True,36.54749451070367
source_10,2021_06_21_U2OS_48_hr_run7,7,NVS-PAK1-1,raw,1.54,False,0.8843248929727999,0.31014872197768045,0.9558458994193293,True,24.920253171955398
source_10,2021_06_21_U2OS_48_hr_run7,7,quinidine,raw,1.54,False,0.6478349080950625,0.22135290361073665,0.9251765608347348,True,6.574755692658852
source_10,2021_06_21_U2OS_48_hr_run7,7,TC-S-7004,raw,1.54,False,0.8528477333400353,0.33028487925436184,0.9798027133927929,True,43.161953141142924
source_10,2021_06_21_U2OS_48_hr_run7,7,aloxistatin,raw,1.54,False,0.6159637289936123,0.38295275663219336,0.6498857954566075,True,4.633197729664494
source_10,2021_06_22_U2OS_48_hr_run8,8,AMG900,raw,1.72,False,0.8866266715857538,0.19063182828095102,0.9692150631516251,True,45.33487227533627
source_10,2021_06_22_U2OS_48_hr_run8,8,dexamethasone,raw,1.72,False,0.8239462094579701,0.36920729445791434,0.9307157613315082,False,8.460190830083516
source_10,2021_06_22_U2OS_48_hr_run8,8,FK-866,raw,1.72,False,0.7395407359378177,0.40371654781709587,0.8920541141191218,True,27.444926119987525
source_10,2021_06_22_U2OS_48_hr_run8,8,LY2109761,raw,1.72,False,0.874227658916699,0.36360493875538225,0.9852004592872184,True,34.47301655658303
source_10,2021_06_22_U2OS_48_hr_run8,8,NVS-PAK1-1,raw,1.72,False,0.8543332684331859,0.32298615435232786,0.9281666429721127,True,24.442727203702074
source_10,2021_06_22_U2OS_48_hr_run8,8,quinidine,raw,1.72,False,0.5746154156119075,0.20736568768300936,0.84353542853136,True,9.445198583999543
source_10,2021_06_22_U2OS_48_hr_run8,8,TC-S-7004,raw,1.72,False,0.7946546246941283,0.34138661228729983,0.9172909485883898,True,46.45291956392455
source_10,2021_07_05_U2OS_48_hr_run10,9,AMG900,raw,1.81,False,0.9084511453194473,0.12555232280307627,0.9737178559277062,True,42.667120925043605
source_10,2021_07_05_U2OS_48_hr_run10,9,dexamethasone,raw,1.81,False,0.8677049827092677,0.35348284958424697,0.9644271461454839,True,7.782582012021233
source_10,2021_07_05_U2OS_48_hr_run10,9,FK-866,raw,1.81,False,0.8056420663026558,0.3411880112745763,0.929281168566042,True,20.49973767984904
source_10,2021_07_05_U2OS_48_hr_run10,9,LY2109761,raw,1.81,False,0.89321726399056,0.35022333195286853,0.9827245267027757,True,33.15913871695051
source_10,2021_07_05_U2OS_48_hr_run10,9,NVS-PAK1-1,raw,1.81,False,0.8943709821426032,0.28406450735627564,0.9345678850741941,True,21.128655733577176
source_10,2021_07_05_U2OS_48_hr_run10,9,quinidine,raw,1.81,False,0.5394967580890883,0.16584094157658888,0.8596233924458972,True,7.9761836664235
source_10,2021_07_05_U2OS_48_hr_run10,9,TC-S-7004,raw,1.81,False,0.8199493902427579,0.31409281898783314,0.9589819186684913,True,37.03162690729871
source_10,2021_07_05_U2OS_48_hr_run10,9,aloxistatin,raw,1.81,False,0.6405848448699218,0.3323408569151534,0.6817293296386948,True,5.859921174056834
source_10,2021_07_07_U2OS_48_hr_run11,10,AMG900,raw,1.65,False,0.8934231420522422,0.12368817626759267,0.9717075308222018,True,43.069360316941605
source_10,2021_07_07_U2OS_48_hr_run11,10,dexamethasone,raw,1.65,False,0.8767985797111064,0.31494151267017634,0.9304002903945515,True,8.486767508913264
source_10,2021_07_07_U2OS_48_hr_run11,10,FK-866,raw,1.65,False,0.7327943243791648,0.36741185833359963,0.8826635103288205,True,25.89326675422265
source_10,2021_07_07_U2OS_48_hr_run11,10,LY2109761,raw,1.65,False,0.8859385738731352,0.3456864458436593,0.9792340308120808,True,32.85489487223655
source_10,2021_07_07_U2OS_48_hr_run11,10,NVS-PAK1-1,raw,1.65,False,0.8692940389575234,0.24217335970611825,0.9419097619698233,True,21.23898500425607
source_10,2021_07_07_U2OS_48_hr_run11,10,quinidine,raw,1.65,False,0.6227164214743665,0.24381365156034343,0.7143867862824516,True,14.007612326397377
source_10,2021_07_07_U2OS_48_hr_run11,10,TC-S-7004,raw,1.65,False,0.790806886909641,0.30228534206508356,0.9386397737929659,True,42.43372905712951
source_10,2021_08_03_U2OS_48_hr_run12,11,AMG900,raw,1.9,False,0.8988574779989658,0.14494678657968188,0.9758647874981867,True,42.54232085405565
source_10,2021_08_03_U2OS_48_hr_run12,11,dexamethasone,raw,1.9,False,0.8818294627617103,0.3223246629006488,0.9432062594945859,True,7.685745899859503
source_10,2021_08_03_U2OS_48_hr_run12,11,FK-866,raw,1.9,False,0.7892955251854437,0.3834051269817841,0.9297676940998085,True,26.730784657252816
source_10,2021_08_03_U2OS_48_hr_run12,11,LY2109761,raw,1.9,False,0.8904675478313898,0.3521012372732693,0.9836973522938498,True,34.24645048031713
source_10,2021_08_03_U2OS_48_hr_run12,11,NVS-PAK1-1,raw,1.9,False,0.8626075691862141,0.2845193347592602,0.9214884211331984,True,23.165550901951704
source_10,2021_08_03_U2OS_48_hr_run12,11,quinidine,raw,1.9,False,0.7069657141912968,0.37066497400337467,0.784878013941965,True,4.86034742806011
source_10,2021_08_03_U2OS_48_hr_run12,11,TC-S-7004,raw,1.9,False,0.8012622306439134,0.32262625197216227,0.8880244302607182,True,45.43229388719409
source_10,2021_08_09_U2OS_48_hr_run13,12,AMG900,raw,2.0,False,0.8961562563476694,0.12762315125375753,0.9707522234403465,True,43.300397946375774
source_10,2021_08_09_U2OS_48_hr_run13,12,dexamethasone,raw,2.0,False,0.8378710888143133,0.36584838650894724,0.9400198285128862,True,8.083494018132436
source_10,2021_08_09_U2OS_48_hr_run13,12,FK-866,raw,2.0,False,0.7367520307441819,0.3487601272382205,0.9129200923062678,True,26.134687227311783
source_10,2021_08_09_U2OS_48_hr_run13,12,LY2109761,raw,2.0,False,0.886584493902407,0.34923636438002,0.9707688262398532,True,33.114244850460594
source_10,2021_08_09_U2OS_48_hr_run13,12,NVS-PAK1-1,raw,2.0,False,0.8258610383969676,0.28268697441462837,0.8804221002727682,True,23.959577450877664
source_10,2021_08_09_U2OS_48_hr_run13,12,quinidine,raw,2.0,False,0.7418913784538304,0.34830299611742416,0.8278616881379475,True,6.820853330979743
source_10,2021_08_09_U2OS_48_hr_run13,12,TC-S-7004,raw,2.0,False,0.7930686847352912,0.32304853456451255,0.9174917741700621,True,40.90743910070344
source_10,2021_08_09_U2OS_48_hr_run13,12,aloxistatin,raw,2.0,False,0.6686090216170861,0.4025281815775571,0.4330187443068826,True,6.768884363812912
source_10,2021_08_12_U2OS_48_hr_run15,13,AMG900,raw,2.02,False,0.9027249011537286,0.22261771320701668,0.8836748636015088,True,48.18420916248494
source_10,2021_08_12_U2OS_48_hr_run15,13,dexamethasone,raw,2.02,False,0.6507014387777286,0.284773862216987,0.603939406666688,False,21.160181444772153
source_10,2021_08_12_U2OS_48_hr_run15,13,FK-866,raw,2.02,False,0.8017137134208858,0.3177921993970478,0.9238164301850555,True,25.609072892812925
source_10,2021_08_12_U2OS_48_hr_run15,13,LY2109761,raw,2.02,False,0.9063614766800743,0.3306419040861206,0.9159373725056541,True,35.53052632107744
source_10,2021_08_12_U2OS_48_hr_run15,13,NVS-PAK1-1,raw,2.02,False,0.8877960219572723,0.34100553980547865,0.9516138476575571,True,26.326471832077086
source_10,2021_08_12_U2OS_48_hr_run15,13,quinidine,raw,2.02,False,0.7236844340725667,0.32126303004394113,0.8875799442825428,True,5.81780226466101
source_10,2021_08_12_U2OS_48_hr_run15,13,TC-S-7004,raw,2.02,False,0.8630760819523093,0.3606641369043521,0.9037096509286897,True,50.39164285241511
source_10,2021_08_17_U2OS_48_hr_run16,14,AMG900,raw,2.59,False,0.8858376672221381,0.18405971089246503,0.9334421282081251,True,45.15307083602
source_10,2021_08_17_U2OS_48_hr_run16,14,dexamethasone,raw,2.59,False,0.8351550197705372,0.1469604138305996,0.8586196532745005,True,7.697551999466126
source_10,2021_08_17_U2OS_48_hr_run16,14,FK-866,raw,2.59,False,0.7235709901299114,0.2870765834712536,0.8850822948378845,True,24.301379663717025
source_10,2021_08_17_U2OS_48_hr_run16,14,LY2109761,raw,2.59,False,0.8626244887064144,0.3233335600990026,0.9222106228546063,True,31.990166467051026
source_10,2021_08_17_U2OS_48_hr_run16,14,NVS-PAK1-1,raw,2.59,False,0.8322359737908361,0.3361763253552854,0.8959275460271109,True,21.37055382242886
source_10,2021_08_17_U2OS_48_hr_run16,14,quinidine,raw,2.59,False,0.5133796755603838,0.17068819532581014,0.6010557835386474,False,4.341458745710669
source_10,2021_08_17_U2OS_48_hr_run16,14,TC-S-7004,raw,2.59,False,0.7766138345811137,0.34687418399071407,0.872581231572534,True,42.419659379493865
source_10,2021_08_20_U2OS_48_hr_run17,15,AMG900,raw,2.94,False,0.8918541553176217,0.16003636814081798,0.9404259582299404,True,40.01846773144918
source_10,2021_08_20_U2OS_48_hr_run17,15,dexamethasone,raw,2.94,False,0.7117334581334367,0.32526804838701967,0.8586335795516218,False,6.7735239437735135
source_10,2021_08_20_U2OS_48_hr_run17,15,FK-866,raw,2.94,False,0.7403826365821545,0.3361672218399642,0.8781010834641021,True,26.554085206012637
source_10,2021_08_20_U2OS_48_hr_run17,15,LY2109761,raw,2.94,False,0.8856424318370235,0.34548678798817817,0.9631281981136819,True,30.98319524090636
source_10,2021_08_20_U2OS_48_hr_run17,15,NVS-PAK1-1,raw,2.94,False,0.8366908888714993,0.28835384734233876,0.8520265393010198,True,20.35498135118201
source_10,2021_08_20_U2OS_48_hr_run17,15,quinidine,raw,2.94,False,0.6596219487155147,0.3874166790524177,0.5351812205054003,True,7.513269466942606
source_10,2021_08_20_U2OS_48_hr_run17,15,TC-S-7004,raw,2.94,False,0.7669473133215647,0.3314656553238143,0.8304693349689817,True,42.92504557548111
source_10,2021_08_23_U2OS_48_hr_run18,16,AMG900,raw,1.73,False,0.925110283866494,0.1268855258626597,0.9683758140323215,True,45.99872800189908
source_10,2021_08_23_U2OS_48_hr_run18,16,dexamethasone,raw,1.73,False,0.8101628282875615,0.18311742963527924,0.6871591065691691,True,8.02725052391107
source_10,2021_08_23_U2OS_48_hr_run18,16,FK-866,raw,1.73,False,0.8145962417327434,0.3677430009154283,0.9354739396675512,True,26.209025749071063
source_10,2021_08_23_U2OS_48_hr_run18,16,LY2109761,raw,1.73,False,0.9356467744338356,0.3202441514830257,0.9220808079701479,True,31.37658170176339
source_10,2021_08_23_U2OS_48_hr_run18,16,NVS-PAK1-1,raw,1.73,False,0.8643132261039759,0.34464644849048537,0.8639814481848387,True,19.98747930935748
source_10,2021_08_23_U2OS_48_hr_run18,16,quinidine,raw,1.73,False,0.588989120239042,0.22652179363006625,0.4852089526413125,True,9.831089680694935
source_10,2021_08_23_U2OS_48_hr_run18,16,TC-S-7004,raw,1.73,False,0.8376988747274063,0.3648056183723027,0.9375105909168998,True,41.44545788609829
source_10,2021_08_23_U2OS_48_hr_run18,16,aloxistatin,raw,1.73,False,0.3920620882140827,0.06967590665213434,0.11310519513511105,True,7.722405558044143
source_10,2021_08_23_U2OS_48_hr_run19,17,AMG900,raw,1.78,False,0.9097341852777039,0.16359484989602333,0.9568162116314152,True,45.424512017936024
source_10,2021_08_23_U2OS_48_hr_run19,17,dexamethasone,raw,1.78,False,0.7923420333607488,0.16597496811062265,0.7109608545556536,True,8.623387647712512
source_10,2021_08_23_U2OS_48_hr_run19,17,FK-866,raw,1.78,False,0.7282881826642982,0.3779079294639463,0.8971347721065618,True,24.66300974155738
source_10,2021_08_23_U2OS_48_hr_run19,17,LY2109761,raw,1.78,False,0.8618743646957658,0.3443972870910215,0.8101823239784651,True,31.24917187465335
source_10,2021_08_23_U2OS_48_hr_run19,17,NVS-PAK1-1,raw,1.78,False,0.43451634584632237,0.4851422138292968,0.4676039794330705,False,23.84900031559912
source_10,2021_08_23_U2OS_48_hr_run19,17,quinidine,raw,1.78,False,0.6339267289950287,0.2556825475518418,0.23746235498331691,False,14.900205035656512
source_10,2021_08_23_U2OS_48_hr_run19,17,TC-S-7004,raw,1.78,False,0.7611146050630166,0.38705620010232833,0.8570169863442489,True,47.999974984851654
source_10,2021_08_23_U2OS_48_hr_run19,17,aloxistatin,raw,1.78,False,0.31900467080811684,0.04369128130459128,0.1672555324281916,False,16.2240319159841
source_10,2021_05_31_U2OS_48_hr_run1,1,AMG900,own,0.65,False,0.9536963846986994,0.04188092538053637,,True,219.70361427512958
source_10,2021_05_31_U2OS_48_hr_run1,1,dexamethasone,own,0.65,False,0.8775867125201495,0.3255401807873107,,True,24.197933804157124
source_10,2021_05_31_U2OS_48_hr_run1,1,FK-866,own,0.65,False,0.8374293200859771,0.3146051705400404,,True,76.47363315300552
source_10,2021_05_31_U2OS_48_hr_run1,1,LY2109761,own,0.65,False,0.9068788783612676,0.2976135530975484,,True,117.28923473599986
source_10,2021_05_31_U2OS_48_hr_run1,1,NVS-PAK1-1,own,0.65,False,0.8811940691453057,0.2271344547651682,,True,73.59974490007693
source_10,2021_05_31_U2OS_48_hr_run1,1,quinidine,own,0.65,False,0.5586450038657684,0.15964574515636393,,True,19.75504409242843
source_10,2021_05_31_U2OS_48_hr_run1,1,TC-S-7004,own,0.65,False,0.8192832064785801,0.2475582903832245,,True,163.7982493541237
source_10,2021_05_31_U2OS_48_hr_run1,1,aloxistatin,own,0.65,False,0.5794761275702287,0.1764249157612726,,True,12.841560231963028
source_10,2021_06_01_U2OS_48_hr_run2,2,AMG900,own,1.53,False,0.9545141205931046,0.012742870452351038,0.98941854520285,True,200.56419713090264
source_10,2021_06_01_U2OS_48_hr_run2,2,dexamethasone,own,1.53,False,0.8789635350038463,0.34568035234161165,0.9485123976827364,True,22.953659299569143
source_10,2021_06_01_U2OS_48_hr_run2,2,FK-866,own,1.53,False,0.8619156574588855,0.30835047733971255,0.9467812277822838,True,73.70621065199742
source_10,2021_06_01_U2OS_48_hr_run2,2,LY2109761,own,1.53,False,0.9359869100529769,0.281603092886697,0.9460664321933387,True,106.82963208292104
source_10,2021_06_01_U2OS_48_hr_run2,2,NVS-PAK1-1,own,1.53,False,0.9214000355487479,0.20651643720615817,0.9280752948444038,True,64.90554080737022
source_10,2021_06_01_U2OS_48_hr_run2,2,quinidine,own,1.53,False,0.723254768461662,0.310246306882176,0.6078451865902849,True,15.314747042220146
source_10,2021_06_01_U2OS_48_hr_run2,2,TC-S-7004,own,1.53,False,0.825700836283592,0.24964350526087822,0.9693865865408251,True,150.1070735916507
source_10,2021_06_01_U2OS_48_hr_run2,2,aloxistatin,own,1.53,False,0.5382817858909446,0.2832027459758632,0.7245905199097713,False,19.96799573972352
source_10,2021_06_07_U2OS_48_hr_run3,3,AMG900,own,1.51,False,0.9449062733201679,0.031684980540656646,0.9866609207245537,True,188.16460519535164
source_10,2021_06_07_U2OS_48_hr_run3,3,dexamethasone,own,1.51,False,0.8556184808317764,0.38595065908221454,0.951811373000433,False,22.892864324713546
source_10,2021_06_07_U2OS_48_hr_run3,3,FK-866,own,1.51,False,0.8718637697622988,0.3674254934994992,0.9036357992032801,True,69.25457306702118
source_10,2021_06_07_U2OS_48_hr_run3,3,LY2109761,own,1.51,False,0.9225517836491018,0.29151178566467334,0.9413653028800799,True,104.28986328700479
source_10,2021_06_07_U2OS_48_hr_run3,3,NVS-PAK1-1,own,1.51,False,0.7043807830715263,0.46615469671953624,0.6597447008481759,True,59.14085847723653
source_10,2021_06_07_U2OS_48_hr_run3,3,quinidine,own,1.51,False,0.6197022177043382,0.33130567305597164,0.09130965794455245,False,41.27979123416122
source_10,2021_06_07_U2OS_48_hr_run3,3,TC-S-7004,own,1.51,False,0.7867504395036123,0.2889367062321901,0.9198337733927494,True,110.93768505044012
source_10,2021_06_07_U2OS_48_hr_run3,3,aloxistatin,own,1.51,False,0.8014420914548599,0.3487792969183188,0.7404523200872191,True,11.54182105330368
source_10,2021_06_08_U2OS_48_hr_run4,4,AMG900,own,1.35,False,0.9505884693414557,0.03942805946785154,0.9882214616289562,True,196.82360752552782
source_10,2021_06_08_U2OS_48_hr_run4,4,dexamethasone,own,1.35,False,0.8688348285138239,0.37626280860551425,0.9267824877848194,True,24.099393962304234
source_10,2021_06_08_U2OS_48_hr_run4,4,FK-866,own,1.35,False,0.858206846374556,0.32830927836854623,0.9485021385127109,True,78.02736337871183
source_10,2021_06_08_U2OS_48_hr_run4,4,LY2109761,own,1.35,False,0.8528008972730525,0.37955691584405254,0.8744527438086853,True,97.94469076066189
source_10,2021_06_08_U2OS_48_hr_run4,4,NVS-PAK1-1,own,1.35,False,0.8957551961435432,0.2701046531052,0.9416086606535096,True,70.22664844588141
source_10,2021_06_08_U2OS_48_hr_run4,4,quinidine,own,1.35,False,0.7372045381219368,0.36813950910626225,0.7404309258596458,True,17.23675621830032
source_10,2021_06_08_U2OS_48_hr_run4,4,TC-S-7004,own,1.35,False,0.8356377383704199,0.2840818459730922,0.9037660605973855,True,148.43462483712474
source_10,2021_06_08_U2OS_48_hr_run4,4,aloxistatin,own,1.35,False,0.7325649516982523,0.36140892976983646,0.6947035849713799,True,25.08610723939909
source_10,2021_06_14_U2OS_48_hr_run5,5,AMG900,own,1.47,False,0.9212982103104315,0.051655156369492326,0.9750259781094106,True,200.31373500852814
source_10,2021_06_14_U2OS_48_hr_run5,5,dexamethasone,own,1.47,False,0.7900992414820021,0.3088254157807672,0.8295902773996902,True,25.701060723455637
source_10,2021_06_14_U2OS_48_hr_run5,5,FK-866,own,1.47,False,0.8339112024217712,0.2853839044522997,0.9023960862475644,True,86.42301935084674
source_10,2021_06_14_U2OS_48_hr_run5,5,LY2109761,own,1.47,False,0.9368468289771076,0.28982009656135366,0.9563554731832367,True,100.21187884459898
source_10,2021_06_14_U2OS_48_hr_run5,5,NVS-PAK1-1,own,1.47,False,0.8719949866310626,0.2737310384297432,0.9281185945413797,True,67.16026021116949
source_10,2021_06_14_U2OS_48_hr_run5,5,quinidine,own,1.47,False,0.5647777973905238,0.19083368187770947,0.70917544374087,True,24.9651918418393
source_10,2021_06_14_U2OS_48_hr_run5,5,TC-S-7004,own,1.47,False,0.7946498419715099,0.2648920243062322,0.9424778850586524,True,135.29608052533862
source_10,2021_06_14_U2OS_48_hr_run5,5,aloxistatin,own,1.47,False,0.41716407412180434,0.24748652066724985,0.408031715000292,False,27.61024229013707
source_10,2021_06_15_U2OS_48_hr_run6,6,AMG900,own,1.8,False,0.9311906665030889,0.04417625444392703,0.9709997106419088,True,197.88866639527467
source_10,2021_06_15_U2OS_48_hr_run6,6,dexamethasone,own,1.8,False,0.8992940605754889,0.20181813213441105,0.7762491768885085,True,26.137418035939223
source_10,2021_06_15_U2OS_48_hr_run6,6,FK-866,own,1.8,False,0.840604854135194,0.2147529679895703,0.8766389225129241,True,86.31957603393204
source_10,2021_06_15_U2OS_48_hr_run6,6,LY2109761,own,1.8,False,0.9452731767661592,0.3016032209111964,0.9450753439659676,True,103.32715584493391
source_10,2021_06_15_U2OS_48_hr_run6,6,NVS-PAK1-1,own,1.8,False,0.7932472964733863,0.2841516808228008,0.8712296566059851,True,71.18241762574445
source_10,2021_06_15_U2OS_48_hr_run6,6,quinidine,own,1.8,False,0.6329917215105558,0.1897957615907119,0.5178346653543959,True,20.4056502707081
source_10,2021_06_15_U2OS_48_hr_run6,6,TC-S-7004,own,1.8,False,0.8213606079356306,0.2772551055069274,0.882791892420929,True,164.25690941815154
source_10,2021_06_15_U2OS_48_hr_run6,6,aloxistatin,own,1.8,False,0.47736345450244244,0.22476780578909522,0.3338790252330913,True,53.618276367197474
source_10,2021_06_21_U2OS_48_hr_run7,7,AMG900,own,1.54,False,0.9472523371287042,0.06167895380202839,0.9891494509938064,True,204.85958029468406
source_10,2021_06_21_U2OS_48_hr_run7,7,dexamethasone,own,1.54,False,0.9058744328436056,0.37298441124899767,0.9613461369028762,True,25.263863169673556
source_10,2021_06_21_U2OS_48_hr_run7,7,FK-866,own,1.54,False,0.8623148937550513,0.34150824756068093,0.93472275848239,True,86.57169526385572
source_10,2021_06_21_U2OS_48_hr_run7,7,LY2109761,own,1.54,False,0.9265564739246688,0.30870869015109204,0.9830313036306694,True,119.22539869559371
source_10,2021_06_21_U2OS_48_hr_run7,7,NVS-PAK1-1,own,1.54,False,0.9194624151260217,0.2565288879724301,0.9396822743631109,True,75.84951052121635
source_10,2021_06_21_U2OS_48_hr_run7,7,quinidine,own,1.54,False,0.6255951161101172,0.18996722303771194,0.9169960697600631,True,19.97282185296273
source_10,2021_06_21_U2OS_48_hr_run7,7,TC-S-7004,own,1.54,False,0.8270206450217767,0.2879780341753759,0.9707605224067837,True,149.7280040462013
source_10,2021_06_21_U2OS_48_hr_run7,7,aloxistatin,own,1.54,False,0.6506179527271028,0.3739652827577674,0.708322293179082,True,13.425152724519766
source_10,2021_06_22_U2OS_48_hr_run8,8,AMG900,own,1.72,False,0.9395881584848168,0.07755609919322047,0.9805743041096125,True,201.1771142977724
source_10,2021_06_22_U2OS_48_hr_run8,8,dexamethasone,own,1.72,False,0.8015020976013567,0.371715000664077,0.9097725119437925,False,22.770300806185677
source_10,2021_06_22_U2OS_48_hr_run8,8,FK-866,own,1.72,False,0.7859857398056652,0.37740039785666246,0.8700972625188279,True,80.33454818948525
source_10,2021_06_22_U2OS_48_hr_run8,8,LY2109761,own,1.72,False,0.8906507992733815,0.2849151013797914,0.9581091815025472,True,108.34320086394582
source_10,2021_06_22_U2OS_48_hr_run8,8,NVS-PAK1-1,own,1.72,False,0.8848372644235675,0.26858182201176645,0.8844444466250994,True,75.20515721566913
source_10,2021_06_22_U2OS_48_hr_run8,8,quinidine,own,1.72,False,0.5950042835242007,0.23376717605712585,0.7754660129251665,True,22.74134669353994
source_10,2021_06_22_U2OS_48_hr_run8,8,TC-S-7004,own,1.72,False,0.8301340685879821,0.29620709418912144,0.9239114139109621,True,154.64612142521003
source_10,2021_07_05_U2OS_48_hr_run10,9,AMG900,own,1.81,False,0.9462357040364028,0.040814457825845675,0.9865531243362538,True,181.132040940885
source_10,2021_07_05_U2OS_48_hr_run10,9,dexamethasone,own,1.81,False,0.8584347301547237,0.3482606253173823,0.9508897861598417,True,20.76317189351099
source_10,2021_07_05_U2OS_48_hr_run10,9,FK-866,own,1.81,False,0.856328764973772,0.29841574512268726,0.8837606145649796,True,62.2960895992238
source_10,2021_07_05_U2OS_48_hr_run10,9,LY2109761,own,1.81,False,0.9105895150210557,0.2770481932006615,0.9569301194350578,True,104.32852581040167
source_10,2021_07_05_U2OS_48_hr_run10,9,NVS-PAK1-1,own,1.81,False,0.919245032426056,0.23399378484845462,0.8900178858183787,True,67.39011869824687
source_10,2021_07_05_U2OS_48_hr_run10,9,quinidine,own,1.81,False,0.48704622055915614,0.16785167513476845,0.8850246916724953,True,21.994082026704298
source_10,2021_07_05_U2OS_48_hr_run10,9,TC-S-7004,own,1.81,False,0.8171936691963384,0.26569543580150096,0.9471063267772999,True,121.82283427971221
source_10,2021_07_05_U2OS_48_hr_run10,9,aloxistatin,own,1.81,False,0.6785140010729442,0.27867410708480717,0.7297459631882248,True,22.24757707298813
source_10,2021_07_07_U2OS_48_hr_run11,10,AMG900,own,1.65,False,0.9383044537225347,0.032274874228480285,0.981569937807161,True,214.78850548899993
source_10,2021_07_07_U2OS_48_hr_run11,10,dexamethasone,own,1.65,False,0.9180902836554249,0.3140236406379972,0.9139743944781011,True,28.04112137240175
source_10,2021_07_07_U2OS_48_hr_run11,10,FK-866,own,1.65,False,0.8009900565345969,0.3320319106604546,0.8646090283473092,True,96.72059807518424
source_10,2021_07_07_U2OS_48_hr_run11,10,LY2109761,own,1.65,False,0.9107253955841748,0.2882060419582377,0.9560734968892236,True,130.17274999672964
source_10,2021_07_07_U2OS_48_hr_run11,10,NVS-PAK1-1,own,1.65,False,0.9052478419106402,0.1679252541865059,0.8921551836420503,True,85.58236626015571
source_10,2021_07_07_U2OS_48_hr_run11,10,quinidine,own,1.65,False,0.5923065293612986,0.2258376703346719,0.7397987164182911,True,49.36859292384989
source_10,2021_07_07_U2OS_48_hr_run11,10,TC-S-7004,own,1.65,False,0.810010950332798,0.23779879607849372,0.9115475144928002,True,176.60262154990696
source_10,2021_08_03_U2OS_48_hr_run12,11,AMG900,own,1.9,False,0.9393806451624287,0.04602286012466495,0.9812844737161697,True,195.624801742398
source_10,2021_08_03_U2OS_48_hr_run12,11,dexamethasone,own,1.9,False,0.80174007224128,0.2903945308463141,0.9287970366326508,True,25.27683163577889
source_10,2021_08_03_U2OS_48_hr_run12,11,FK-866,own,1.9,False,0.841035901291946,0.3246698176300232,0.9143761100815945,True,91.46953585911415
source_10,2021_08_03_U2OS_48_hr_run12,11,LY2109761,own,1.9,False,0.910442608863208,0.2814551775508257,0.965732786867282,True,124.94827384574745
source_10,2021_08_03_U2OS_48_hr_run12,11,NVS-PAK1-1,own,1.9,False,0.907104669201063,0.20805740660635783,0.8937297231467123,True,81.02593969115723
source_10,2021_08_03_U2OS_48_hr_run12,11,quinidine,own,1.9,False,0.6485403176822024,0.32283256296404383,0.8252721175597262,True,15.570758478238984
source_10,2021_08_03_U2OS_48_hr_run12,11,TC-S-7004,own,1.9,False,0.7920877283176598,0.2440843986564154,0.81389831310516,True,184.45916785666043
source_10,2021_08_09_U2OS_48_hr_run13,12,AMG900,own,2.0,False,0.9433217128663829,0.0384674195531463,0.9778612381417039,True,184.9662262632008
source_10,2021_08_09_U2OS_48_hr_run13,12,dexamethasone,own,2.0,False,0.8446966188331839,0.3673201162335572,0.9295393339872726,True,19.724200357622585
source_10,2021_08_09_U2OS_48_hr_run13,12,FK-866,own,2.0,False,0.7897599974085325,0.30867019205150165,0.8757978187718083,True,73.8614643919225
source_10,2021_08_09_U2OS_48_hr_run13,12,LY2109761,own,2.0,False,0.9072330168741347,0.2791557767473422,0.9504324654807217,True,99.49400980140946
source_10,2021_08_09_U2OS_48_hr_run13,12,NVS-PAK1-1,own,2.0,False,0.8470212603018614,0.22430699446852068,0.8229731623897968,True,74.57280795865779
source_10,2021_08_09_U2OS_48_hr_run13,12,quinidine,own,2.0,False,0.7550461970090067,0.3902551019245824,0.6981213251381267,True,15.75567780410687
source_10,2021_08_09_U2OS_48_hr_run13,12,TC-S-7004,own,2.0,False,0.8150364894886439,0.2761242418223721,0.8856182045724584,True,130.9715176462392
source_10,2021_08_09_U2OS_48_hr_run13,12,aloxistatin,own,2.0,False,0.7381067328982793,0.40279077184040296,0.507602401327161,True,18.596051065015043
source_10,2021_08_12_U2OS_48_hr_run15,13,AMG900,own,2.02,False,0.9238017987749385,0.10841405903846167,0.9381096525625802,True,209.87549332109984
source_10,2021_08_12_U2OS_48_hr_run15,13,dexamethasone,own,2.02,False,0.6453031683281353,0.24118079242035248,0.5690967861162101,False,73.506586256355
source_10,2021_08_12_U2OS_48_hr_run15,13,FK-866,own,2.02,False,0.8176992237342027,0.25372485051324023,0.8624754474359226,True,93.23865451504817
source_10,2021_08_12_U2OS_48_hr_run15,13,LY2109761,own,2.02,False,0.9060544320103504,0.28151321024339576,0.9038792084449565,True,127.27618182762531
source_10,2021_08_12_U2OS_48_hr_run15,13,NVS-PAK1-1,own,2.02,False,0.9097082989833964,0.2643682979065617,0.9126807705054344,True,94.88817841385209
source_10,2021_08_12_U2OS_48_hr_run15,13,quinidine,own,2.02,False,0.725675937203863,0.3323958473741556,0.8095571717029801,True,17.5053509061028
source_10,2021_08_12_U2OS_48_hr_run15,13,TC-S-7004,own,2.02,False,0.8553803941753013,0.30916755871972323,0.8676492241759393,True,196.54538489067647
source_10,2021_08_17_U2OS_48_hr_run16,14,AMG900,own,2.59,False,0.9278019192827869,0.08513431116858161,0.9662407388493908,True,187.78425991048223
source_10,2021_08_17_U2OS_48_hr_run16,14,dexamethasone,own,2.59,False,0.8857638302451265,0.14707281431221444,0.7973066909085103,True,20.768029502049192
source_10,2021_08_17_U2OS_48_hr_run16,14,FK-866,own,2.59,False,0.7658708668760927,0.24461855398440197,0.8161296356512551,True,79.2664482646233
source_10,2021_08_17_U2OS_48_hr_run16,14,LY2109761,own,2.59,False,0.8559117585705112,0.2582873634669861,0.8948485504800139,True,106.1039121344028
source_10,2021_08_17_U2OS_48_hr_run16,14,NVS-PAK1-1,own,2.59,False,0.8622195494013991,0.2914347176547282,0.8313119706069296,True,68.85179404907267
source_10,2021_08_17_U2OS_48_hr_run16,14,quinidine,own,2.59,False,0.5087188362101449,0.2052730088492672,0.40014858314089585,False,11.685427070733475
source_10,2021_08_17_U2OS_48_hr_run16,14,TC-S-7004,own,2.59,False,0.7958410849170621,0.3180940416244424,0.8597563541075068,True,145.25738564762835
source_10,2021_08_20_U2OS_48_hr_run17,15,AMG900,own,2.94,False,0.9198718014383532,0.057982468471905246,0.9665514239417328,True,154.20102962694585
source_10,2021_08_20_U2OS_48_hr_run17,15,dexamethasone,own,2.94,False,0.7362347273324898,0.3549958368673609,0.861535463291011,False,15.481092027138276
source_10,2021_08_20_U2OS_48_hr_run17,15,FK-866,own,2.94,False,0.8126513832985345,0.2969107477492233,0.8431065240043287,True,70.78251550900244
source_10,2021_08_20_U2OS_48_hr_run17,15,LY2109761,own,2.94,False,0.8764332473870747,0.26172118284499496,0.9506671362086759,True,89.21717398445243
source_10,2021_08_20_U2OS_48_hr_run17,15,NVS-PAK1-1,own,2.94,False,0.8705338141751398,0.2356302157755449,0.8005294557362868,True,59.2359753119132
source_10,2021_08_20_U2OS_48_hr_run17,15,quinidine,own,2.94,False,0.5983065840897228,0.4070486861295897,0.323473108898154,False,17.630666473136014
source_10,2021_08_20_U2OS_48_hr_run17,15,TC-S-7004,own,2.94,False,0.8108385777150844,0.28692438632140166,0.7863315961168649,True,127.62582786569793
source_10,2021_08_23_U2OS_48_hr_run18,16,AMG900,own,1.73,False,0.9444404261686792,0.044309321099674524,0.9817990543208508,True,217.20896365687878
source_10,2021_08_23_U2OS_48_hr_run18,16,dexamethasone,own,1.73,False,0.7685297829597536,0.1331895461918772,0.6534592835630739,True,29.256896309771605
source_10,2021_08_23_U2OS_48_hr_run18,16,FK-866,own,1.73,False,0.807733235397561,0.27453653044400883,0.8980822468157875,True,97.70338559013675
source_10,2021_08_23_U2OS_48_hr_run18,16,LY2109761,own,1.73,False,0.9420065351437747,0.30019543942891935,0.9101029861862926,True,108.226416200002
source_10,2021_08_23_U2OS_48_hr_run18,16,NVS-PAK1-1,own,1.73,False,0.8490270708041885,0.3054725986565329,0.8714795702363558,True,71.33693901234658
source_10,2021_08_23_U2OS_48_hr_run18,16,quinidine,own,1.73,False,0.6245298978831053,0.2212787122834393,0.34450990519337527,True,30.911109841186313
source_10,2021_08_23_U2OS_48_hr_run18,16,TC-S-7004,own,1.73,False,0.8585535861529843,0.31212502984990004,0.945209394613886,True,160.05343907038835
source_10,2021_08_23_U2OS_48_hr_run18,16,aloxistatin,own,1.73,False,0.43605984531754916,0.09418586693354529,0.36462374417047294,True,29.963078548303027
source_10,2021_08_23_U2OS_48_hr_run19,17,AMG900,own,1.78,False,0.9398011281133545,0.055892110891739795,0.9747143280698309,True,199.1802009252122
source_10,2021_08_23_U2OS_48_hr_run19,17,dexamethasone,own,1.78,False,0.7327633382153548,0.12944580055980928,0.6543932690909758,True,29.45669878957181
source_10,2021_08_23_U2OS_48_hr_run19,17,FK-866,own,1.78,False,0.7475750461294839,0.27143969175529203,0.8714665901192752,True,87.9872278763874
source_10,2021_08_23_U2OS_48_hr_run19,17,LY2109761,own,1.78,False,0.862251274922628,0.33314633247646647,0.7871389211223883,True,99.52974689626576
source_10,2021_08_23_U2OS_48_hr_run19,17,NVS-PAK1-1,own,1.78,False,0.35116623723878504,0.43274277564682084,0.4182392629093039,False,78.07275226785622
source_10,2021_08_23_U2OS_48_hr_run19,17,quinidine,own,1.78,False,0.5780391450902911,0.2186874065438059,-0.037099443743341225,False,49.20319759274383
source_10,2021_08_23_U2OS_48_hr_run19,17,TC-S-7004,own,1.78,False,0.8107851796875764,0.33067109225766655,0.840730099696401,True,174.48335800333348
source_10,2021_08_23_U2OS_48_hr_run19,17,aloxistatin,own,1.78,False,0.3951664011678385,0.07113451214112188,0.4231863011694229,False,56.18630049795619
source_10,2021_05_31_U2OS_48_hr_run1,1,AMG900,scaled,0.65,False,0.8391608247022551,0.015297871018360018,,True,33.29928325131773
source_10,2021_05_31_U2OS_48_hr_run1,1,dexamethasone,scaled,0.65,False,0.820509195128262,0.23919414298612954,,True,5.821854769560227
source_10,2021_05_31_U2OS_48_hr_run1,1,FK-866,scaled,0.65,False,0.7897504368041506,0.23457523828379623,,True,15.334924246039254
source_10,2021_05_31_U2OS_48_hr_run1,1,LY2109761,scaled,0.65,False,0.8301504243025164,0.24531030141737245,,True,21.901499496212907
source_10,2021_05_31_U2OS_48_hr_run1,1,NVS-PAK1-1,scaled,0.65,False,0.7325137174240788,0.13054310257739485,,True,13.54991423622082
source_10,2021_05_31_U2OS_48_hr_run1,1,quinidine,scaled,0.65,False,0.5861019235527316,0.12201508265020301,,True,4.302658865615171
source_10,2021_05_31_U2OS_48_hr_run1,1,TC-S-7004,scaled,0.65,False,0.7283764437049269,0.13673936730492992,,True,27.502528697037505
source_10,2021_05_31_U2OS_48_hr_run1,1,aloxistatin,scaled,0.65,False,0.22964705863188464,0.10191333641008964,,False,2.8766095909566554
source_10,2021_06_01_U2OS_48_hr_run2,2,AMG900,scaled,1.53,False,0.8511468005316779,-0.0035706343050819884,0.9612258702025744,True,30.932508587151382
source_10,2021_06_01_U2OS_48_hr_run2,2,dexamethasone,scaled,1.53,False,0.8626600129836758,0.2756502160928004,0.8924154737405767,True,5.368954732715308
source_10,2021_06_01_U2OS_48_hr_run2,2,FK-866,scaled,1.53,False,0.8134916951667429,0.2700692783131248,0.9165666454675013,True,14.882980509902268
source_10,2021_06_01_U2OS_48_hr_run2,2,LY2109761,scaled,1.53,False,0.8893677446440128,0.23029463410095632,0.9261918385567882,True,20.444203694455307
source_10,2021_06_01_U2OS_48_hr_run2,2,NVS-PAK1-1,scaled,1.53,False,0.7861372458846125,0.12931872670975522,0.9025844645597998,True,11.289287992564892
source_10,2021_06_01_U2OS_48_hr_run2,2,quinidine,scaled,1.53,False,0.5981943558806648,0.15940945213798044,0.6968008992014063,True,4.541354656613754
source_10,2021_06_01_U2OS_48_hr_run2,2,TC-S-7004,scaled,1.53,False,0.7306431309695826,0.163315542516656,0.9338898163189627,True,27.308112562872303
source_10,2021_06_01_U2OS_48_hr_run2,2,aloxistatin,scaled,1.53,False,0.44438667921128855,0.2018213673280906,0.5495189858896047,True,3.084139414466348
source_10,2021_06_07_U2OS_48_hr_run3,3,AMG900,scaled,1.51,False,0.8522045160031348,0.012440711848326406,0.9476238811599975,True,28.96892506401161
source_10,2021_06_07_U2OS_48_hr_run3,3,dexamethasone,scaled,1.51,False,0.794985523297173,0.2992405622562732,0.9125979389558165,True,5.591296550161376
source_10,2021_06_07_U2OS_48_hr_run3,3,FK-866,scaled,1.51,False,0.7689112460030737,0.2951084351985372,0.893881905010188,True,14.806750570498746
source_10,2021_06_07_U2OS_48_hr_run3,3,LY2109761,scaled,1.51,False,0.8524560812411035,0.24311645908894358,0.9300984446330716,True,20.395675772125493
source_10,2021_06_07_U2OS_48_hr_run3,3,NVS-PAK1-1,scaled,1.51,False,0.6130267837072229,0.3227256480278931,0.6745354303328543,True,12.462798749233835
source_10,2021_06_07_U2OS_48_hr_run3,3,quinidine,scaled,1.51,False,0.5875852314395343,0.2620269228490607,0.3607290109006806,False,9.600627516509535
source_10,2021_06_07_U2OS_48_hr_run3,3,TC-S-7004,scaled,1.51,False,0.6686196850337272,0.19441967974553973,0.8744123962658337,True,21.55932564386648
source_10,2021_06_07_U2OS_48_hr_run3,3,aloxistatin,scaled,1.51,False,0.5565986262298783,0.23307320194807057,0.5119970679224106,True,2.2607936718310597
source_10,2021_06_08_U2OS_48_hr_run4,4,AMG900,scaled,1.35,False,0.8591101828303589,0.02518805425610385,0.9617624303537734,True,30.52176106864624
source_10,2021_06_08_U2OS_48_hr_run4,4,dexamethasone,scaled,1.35,False,0.8215625076901364,0.3000825778364137,0.9071337269349331,True,5.715191029639538
source_10,2021_06_08_U2OS_48_hr_run4,4,FK-866,scaled,1.35,False,0.786784088538655,0.24899815495614885,0.931965412386629,True,17.050577580341912
source_10,2021_06_08_U2OS_48_hr_run4,4,LY2109761,scaled,1.35,False,0.7810505033907869,0.2855518903518786,0.8875797476421419,True,20.94344437098724
source_10,2021_06_08_U2OS_48_hr_run4,4,NVS-PAK1-1,scaled,1.35,False,0.7802018598642111,0.1530188433519686,0.9240163766624604,True,13.517164861222136
source_10,2021_06_08_U2OS_48_hr_run4,4,quinidine,scaled,1.35,False,0.6172248089368784,0.22194064793296908,0.7533400664900246,True,4.1948921678579945
source_10,2021_06_08_U2OS_48_hr_run4,4,TC-S-7004,scaled,1.35,False,0.7085336528956675,0.17502226099627632,0.9016001919951971,True,27.90881488227352
source_10,2021_06_08_U2OS_48_hr_run4,4,aloxistatin,scaled,1.35,False,0.5384693662607108,0.2609845512263079,0.49955487336416193,True,4.641795933607081
source_10,2021_06_14_U2OS_48_hr_run5,5,AMG900,scaled,1.47,False,0.8641939994417693,0.009782091763531339,0.9538369894452268,True,28.250478246037947
source_10,2021_06_14_U2OS_48_hr_run5,5,dexamethasone,scaled,1.47,False,0.832048847801452,0.25628025428979423,0.767929521855131,True,5.770041455712316
source_10,2021_06_14_U2OS_48_hr_run5,5,FK-866,scaled,1.47,False,0.7407208837216505,0.2227389069033128,0.8936655567822729,True,16.31596111332196
source_10,2021_06_14_U2OS_48_hr_run5,5,LY2109761,scaled,1.47,False,0.844853167758554,0.21495867117749043,0.9442028620992431,True,19.18035991737168
source_10,2021_06_14_U2OS_48_hr_run5,5,NVS-PAK1-1,scaled,1.47,False,0.7650089231525751,0.09685304864529175,0.8887502238686678,True,11.646545764646808
source_10,2021_06_14_U2OS_48_hr_run5,5,quinidine,scaled,1.47,False,0.5527222276348,0.1324757139257638,0.6592157359030293,True,5.842180218444204
source_10,2021_06_14_U2OS_48_hr_run5,5,TC-S-7004,scaled,1.47,False,0.727252912518886,0.13470557213080409,0.885143064773213,True,21.674215233407132
source_10,2021_06_14_U2OS_48_hr_run5,5,aloxistatin,scaled,1.47,False,0.36010018933574933,0.1512130011463619,-0.030181519781528846,True,4.793864335510483
source_10,2021_06_15_U2OS_48_hr_run6,6,AMG900,scaled,1.8,False,0.8784755361428559,0.019010443886772418,0.9341630611283721,True,27.829305600706626
source_10,2021_06_15_U2OS_48_hr_run6,6,dexamethasone,scaled,1.8,False,0.842021756916235,0.1829178266650163,0.7334101777542162,True,5.977071691577033
source_10,2021_06_15_U2OS_48_hr_run6,6,FK-866,scaled,1.8,False,0.8125168658014161,0.1991762613126725,0.8968812507602485,True,14.915208760674373
source_10,2021_06_15_U2OS_48_hr_run6,6,LY2109761,scaled,1.8,False,0.8643677351887489,0.23469032499508616,0.930009917251153,True,18.880970127259072
source_10,2021_06_15_U2OS_48_hr_run6,6,NVS-PAK1-1,scaled,1.8,False,0.735668376414703,0.14786092070735887,0.8587625987380924,True,11.548667089092811
source_10,2021_06_15_U2OS_48_hr_run6,6,quinidine,scaled,1.8,False,0.7084771552197083,0.1560118063486869,0.5365488396735673,True,4.943473162844937
source_10,2021_06_15_U2OS_48_hr_run6,6,TC-S-7004,scaled,1.8,False,0.7528196222496515,0.15601038559807684,0.8138303252107185,True,25.55361719875478
source_10,2021_06_15_U2OS_48_hr_run6,6,aloxistatin,scaled,1.8,False,0.43254505692916967,0.13757344569348012,-0.03424986496575704,True,8.446173664800838
source_10,2021_06_21_U2OS_48_hr_run7,7,AMG900,scaled,1.54,False,0.8564492550119989,0.039827483367969464,0.966419559425287,True,30.60007124013284
source_10,2021_06_21_U2OS_48_hr_run7,7,dexamethasone,scaled,1.54,False,0.8720718756607932,0.286375406982681,0.9210824184078834,True,5.784608305144288
source_10,2021_06_21_U2OS_48_hr_run7,7,FK-866,scaled,1.54,False,0.7455858079286495,0.242589866970182,0.9157435550608939,True,18.48768249772214
source_10,2021_06_21_U2OS_48_hr_run7,7,LY2109761,scaled,1.54,False,0.8518961243947533,0.24234475800956326,0.9703572847439663,True,21.75960991881164
source_10,2021_06_21_U2OS_48_hr_run7,7,NVS-PAK1-1,scaled,1.54,False,0.7647444651769111,0.11913911447937638,0.9390681875955995,True,13.950977093243335
source_10,2021_06_21_U2OS_48_hr_run7,7,quinidine,scaled,1.54,False,0.6354607756265808,0.15094353298702837,0.8759461820135218,True,4.692777465450095
source_10,2021_06_21_U2OS_48_hr_run7,7,TC-S-7004,scaled,1.54,False,0.739799022455883,0.15819058265177513,0.9633863817642436,True,25.0472727516611
source_10,2021_06_21_U2OS_48_hr_run7,7,aloxistatin,scaled,1.54,False,0.424297741566075,0.23032645413155658,0.5372045422365098,True,2.693268294488652
source_10,2021_06_22_U2OS_48_hr_run8,8,AMG900,scaled,1.72,False,0.8102730042829281,0.057530810985983796,0.9384114142860063,True,29.151581482192306
source_10,2021_06_22_U2OS_48_hr_run8,8,dexamethasone,scaled,1.72,False,0.7642012165161705,0.2797010030067658,0.8952491485061508,False,5.747317030714944
source_10,2021_06_22_U2OS_48_hr_run8,8,FK-866,scaled,1.72,False,0.6717966359800958,0.24398653313720214,0.8598040832904159,True,18.47281375299655
source_10,2021_06_22_U2OS_48_hr_run8,8,LY2109761,scaled,1.72,False,0.8140461136687538,0.25373354514142993,0.9417277378634734,True,20.353507649817754
source_10,2021_06_22_U2OS_48_hr_run8,8,NVS-PAK1-1,scaled,1.72,False,0.7626030815012632,0.13871136340591447,0.8901744476461372,True,13.731715975863239
source_10,2021_06_22_U2OS_48_hr_run8,8,quinidine,scaled,1.72,False,0.5220392723158944,0.12648081027800936,0.8248377523837385,True,6.40387022624111
source_10,2021_06_22_U2OS_48_hr_run8,8,TC-S-7004,scaled,1.72,False,0.6682273934321097,0.2062139254921616,0.8712594405153937,True,26.450413475613125
source_10,2021_07_05_U2OS_48_hr_run10,9,AMG900,scaled,1.81,False,0.8640107758544322,0.015971504753669596,0.9467112844959062,True,27.0890694656994
source_10,2021_07_05_U2OS_48_hr_run10,9,dexamethasone,scaled,1.81,False,0.8290370889390026,0.2746767757796017,0.9351268978234695,True,4.977833062357848
source_10,2021_07_05_U2OS_48_hr_run10,9,FK-866,scaled,1.81,False,0.7595740367092267,0.23647259218660524,0.8954399339622442,True,12.811655965790763
source_10,2021_07_05_U2OS_48_hr_run10,9,LY2109761,scaled,1.81,False,0.8450693068754224,0.23946769386334643,0.9528000853990272,True,19.28199990021206
source_10,2021_07_05_U2OS_48_hr_run10,9,NVS-PAK1-1,scaled,1.81,False,0.8107549906348976,0.10948665067190141,0.8868998369257427,True,11.45378436037095
source_10,2021_07_05_U2OS_48_hr_run10,9,quinidine,scaled,1.81,False,0.5732075927318914,0.1311917619393111,0.8054602935576372,True,4.8176108431095415
source_10,2021_07_05_U2OS_48_hr_run10,9,TC-S-7004,scaled,1.81,False,0.7247549647318083,0.1688807743877176,0.9208917552394054,True,20.857218879512878
source_10,2021_07_05_U2OS_48_hr_run10,9,aloxistatin,scaled,1.81,False,0.5618483077227672,0.18216074139406632,0.5616519459708933,True,3.3696652687626103
source_10,2021_07_07_U2OS_48_hr_run11,10,AMG900,scaled,1.65,False,0.8513332013615633,0.035078012518396005,0.947364596954815,True,33.77458154716973
source_10,2021_07_07_U2OS_48_hr_run11,10,dexamethasone,scaled,1.65,False,0.7992363690725703,0.25087420164756863,0.891866390756321,True,7.058758709447408
source_10,2021_07_07_U2OS_48_hr_run11,10,FK-866,scaled,1.65,False,0.664789009284138,0.2508175531783733,0.8276615887766438,True,19.749432590752313
source_10,2021_07_07_U2OS_48_hr_run11,10,LY2109761,scaled,1.65,False,0.857396631136272,0.24141997974850654,0.9294293237378941,True,24.255143988230216
source_10,2021_07_07_U2OS_48_hr_run11,10,NVS-PAK1-1,scaled,1.65,False,0.7812971480075264,0.09790426349872461,0.8837653018082977,True,14.88381921780852
source_10,2021_07_07_U2OS_48_hr_run11,10,quinidine,scaled,1.65,False,0.5558482527066457,0.16394043295632366,0.6922575626092704,True,11.367215245470025
source_10,2021_07_07_U2OS_48_hr_run11,10,TC-S-7004,scaled,1.65,False,0.6951507086193655,0.16885215552770924,0.9135013343542187,True,30.97970221895029
source_10,2021_08_03_U2OS_48_hr_run12,11,AMG900,scaled,1.9,False,0.8557021529401645,0.02623160873092311,0.9483005843404961,True,30.690999316554244
source_10,2021_08_03_U2OS_48_hr_run12,11,dexamethasone,scaled,1.9,False,0.8641069998722316,0.2493501534648235,0.9104607973053086,True,5.674928106229773
source_10,2021_08_03_U2OS_48_hr_run12,11,FK-866,scaled,1.9,False,0.7324261898274083,0.2537810202479905,0.8984611132599588,True,19.01940865655297
source_10,2021_08_03_U2OS_48_hr_run12,11,LY2109761,scaled,1.9,False,0.8426145880973082,0.23371635668376292,0.9531481982227317,True,22.310214935018795
source_10,2021_08_03_U2OS_48_hr_run12,11,NVS-PAK1-1,scaled,1.9,False,0.7623418404966469,0.10917430196089316,0.8884048456943674,True,15.00888939155261
source_10,2021_08_03_U2OS_48_hr_run12,11,quinidine,scaled,1.9,False,0.6449835798446663,0.24560019379458392,0.75790332591875,True,3.4272035237318024
source_10,2021_08_03_U2OS_48_hr_run12,11,TC-S-7004,scaled,1.9,False,0.67211297589193,0.17576696848500464,0.8490574062483445,True,31.45874559842842
source_10,2021_08_09_U2OS_48_hr_run13,12,AMG900,scaled,2.0,False,0.8407319899220197,0.0033440177479054723,0.9292758137481185,True,28.505075564283057
source_10,2021_08_09_U2OS_48_hr_run13,12,dexamethasone,scaled,2.0,False,0.7412989962221167,0.26496583087834724,0.9005329912744682,True,5.36241739049429
source_10,2021_08_09_U2OS_48_hr_run13,12,FK-866,scaled,2.0,False,0.6586193741961952,0.21868831086410703,0.8500032444909881,True,17.073174323089404
source_10,2021_08_09_U2OS_48_hr_run13,12,LY2109761,scaled,2.0,False,0.8143481782523418,0.23068561106303268,0.9314532775926725,True,20.128850630212803
source_10,2021_08_09_U2OS_48_hr_run13,12,NVS-PAK1-1,scaled,2.0,False,0.7366646890663836,0.08580656840792675,0.8334547192200733,True,13.642435566217365
source_10,2021_08_09_U2OS_48_hr_run13,12,quinidine,scaled,2.0,False,0.6375413749517761,0.22847395649453106,0.7551316049006883,True,4.478811087207384
source_10,2021_08_09_U2OS_48_hr_run13,12,TC-S-7004,scaled,2.0,False,0.6693767771911039,0.16451697993106054,0.8663514778192887,True,24.02936830816838
source_10,2021_08_09_U2OS_48_hr_run13,12,aloxistatin,scaled,2.0,False,0.4839550228790266,0.2808379762278378,0.3748867141666108,True,3.3276382977435985
source_10,2021_08_12_U2OS_48_hr_run15,13,AMG900,scaled,2.02,False,0.8496254024914855,0.1029709821806017,0.8192249525588473,True,33.264713415281626
source_10,2021_08_12_U2OS_48_hr_run15,13,dexamethasone,scaled,2.02,False,0.49790906679234015,0.2745809217302705,0.4382163880770912,False,15.938320139637119
source_10,2021_08_12_U2OS_48_hr_run15,13,FK-866,scaled,2.02,False,0.8087049850633561,0.2383576559686822,0.8862528239903313,True,19.529954637215816
source_10,2021_08_12_U2OS_48_hr_run15,13,LY2109761,scaled,2.02,False,0.8608058176263113,0.2573353300088857,0.8591481219684032,True,24.52496974219103
source_10,2021_08_12_U2OS_48_hr_run15,13,NVS-PAK1-1,scaled,2.02,False,0.7667758368977529,0.16242380657220032,0.8984820121586319,True,16.781844073168656
source_10,2021_08_12_U2OS_48_hr_run15,13,quinidine,scaled,2.02,False,0.6423312511223714,0.20910991185550795,0.8606939987745923,True,4.753028500165521
source_10,2021_08_12_U2OS_48_hr_run15,13,TC-S-7004,scaled,2.02,False,0.7634105660915775,0.20318641711088503,0.8648307494983712,True,32.832026689273036
source_10,2021_08_17_U2OS_48_hr_run16,14,AMG900,scaled,2.59,False,0.8195685703173108,0.04397495017285951,0.8722947203349678,True,28.60301137858318
source_10,2021_08_17_U2OS_48_hr_run16,14,dexamethasone,scaled,2.59,False,0.7662227212376028,0.17204753396983177,0.8615575449700301,True,5.074832601582801
source_10,2021_08_17_U2OS_48_hr_run16,14,FK-866,scaled,2.59,False,0.745510897936757,0.19414480653642352,0.8475482174951974,True,16.643841010493894
source_10,2021_08_17_U2OS_48_hr_run16,14,LY2109761,scaled,2.59,False,0.7732428635875622,0.2429853229292535,0.8351229416389834,True,18.340528353098943
source_10,2021_08_17_U2OS_48_hr_run16,14,NVS-PAK1-1,scaled,2.59,False,0.7524896047693165,0.14209911187312305,0.8355867511759484,True,12.225829424325422
source_10,2021_08_17_U2OS_48_hr_run16,14,quinidine,scaled,2.59,False,0.4865123386292092,0.16010063423158094,0.6165282227522406,True,2.8347875607294313
source_10,2021_08_17_U2OS_48_hr_run16,14,TC-S-7004,scaled,2.59,False,0.6541917378031576,0.18743950114059002,0.8259745539532132,True,24.095659248913947
source_10,2021_08_20_U2OS_48_hr_run17,15,AMG900,scaled,2.94,False,0.8537717009834271,0.07347751374047098,0.8731004835173747,True,21.474221954152167
source_10,2021_08_20_U2OS_48_hr_run17,15,dexamethasone,scaled,2.94,False,0.6173755579185315,0.23698016655823875,0.8214494669974315,True,4.0198481665050085
source_10,2021_08_20_U2OS_48_hr_run17,15,FK-866,scaled,2.94,False,0.676360776826699,0.21392677985791636,0.8089870257641365,True,15.205006730127524
source_10,2021_08_20_U2OS_48_hr_run17,15,LY2109761,scaled,2.94,False,0.7963712836534256,0.27303749176117925,0.8812283493248318,True,15.537310697633943
source_10,2021_08_20_U2OS_48_hr_run17,15,NVS-PAK1-1,scaled,2.94,False,0.790826434042095,0.09203264055951095,0.7333744139853158,True,10.28761860625932
source_10,2021_08_20_U2OS_48_hr_run17,15,quinidine,scaled,2.94,False,0.5791318894241717,0.26970227848644945,0.5613330066254161,True,3.913873018265683
source_10,2021_08_20_U2OS_48_hr_run17,15,TC-S-7004,scaled,2.94,False,0.6522212379836927,0.208344362789503,0.7269256430731561,True,20.81679335699614
source_10,2021_08_23_U2OS_48_hr_run18,16,AMG900,scaled,1.73,False,0.8923013309704446,0.042713107220652344,0.9347908954892701,True,32.988631700732995
source_10,2021_08_23_U2OS_48_hr_run18,16,dexamethasone,scaled,1.73,False,0.8242565136615769,0.16998407936269494,0.6382409459344534,True,6.3341073479607575
source_10,2021_08_23_U2OS_48_hr_run18,16,FK-866,scaled,1.73,False,0.7627177496729782,0.2809504937877686,0.8625319766467193,True,19.750298017809833
source_10,2021_08_23_U2OS_48_hr_run18,16,LY2109761,scaled,1.73,False,0.8885598073978271,0.24133371461784872,0.897419312274884,True,21.92476017269436
source_10,2021_08_23_U2OS_48_hr_run18,16,NVS-PAK1-1,scaled,1.73,False,0.7821783241124334,0.1758452110079276,0.7739374407571733,True,14.128484349322507
source_10,2021_08_23_U2OS_48_hr_run18,16,quinidine,scaled,1.73,False,0.5617094935942836,0.12856477276567127,0.5457697253057587,True,8.924047342651658
source_10,2021_08_23_U2OS_48_hr_run18,16,TC-S-7004,scaled,1.73,False,0.7486660876410728,0.22725171895061402,0.8674145275255224,True,29.58429112429368
source_10,2021_08_23_U2OS_48_hr_run18,16,aloxistatin,scaled,1.73,False,0.38528567879179043,0.019806318896734627,-0.15402464051311357,True,5.0657026362007604
source_10,2021_08_23_U2OS_48_hr_run19,17,AMG900,scaled,1.78,False,0.8368047432102752,0.04339395401860581,0.9147577831177461,True,29.973526733282696
source_10,2021_08_23_U2OS_48_hr_run19,17,dexamethasone,scaled,1.78,False,0.8081998714205116,0.1544362309740228,0.6717639896248385,True,6.449637674751467
source_10,2021_08_23_U2OS_48_hr_run19,17,FK-866,scaled,1.78,False,0.6788045373970757,0.28457650513915483,0.81973285618993,True,16.60627684886873
source_10,2021_08_23_U2OS_48_hr_run19,17,LY2109761,scaled,1.78,False,0.8327001823355575,0.2610467929536709,0.7805500174989608,True,20.258711951743358
source_10,2021_08_23_U2OS_48_hr_run19,17,NVS-PAK1-1,scaled,1.78,False,0.3826584796239309,0.3254404785701195,0.43389265870196747,False,15.463426336319333
source_10,2021_08_23_U2OS_48_hr_run19,17,quinidine,scaled,1.78,False,0.687282189030143,0.20838372649811535,0.40803519666932836,True,11.1901591268277
source_10,2021_08_23_U2OS_48_hr_run19,17,TC-S-7004,scaled,1.78,False,0.6102883649920865,0.23689152096981775,0.7955651757833666,True,31.082552661768847
source_10,2021_08_23_U2OS_48_hr_run19,17,aloxistatin,scaled,1.78,False,0.3421326517914963,0.05161806517514265,-0.05260545642858992,True,8.732969929562813
source_10,2021_05_31_U2OS_48_hr_run1,1,AMG900,field,0.65,False,0.9150584349944154,0.030220918528611973,,True,88.98446156873594
source_10,2021_05_31_U2OS_48_hr_run1,1,dexamethasone,field,0.65,False,0.860822245963711,0.2750108987004842,,True,11.734625109548713
source_10,2021_05_31_U2OS_48_hr_run1,1,FK-866,field,0.65,False,0.7781094664036912,0.2552584721279871,,True,34.48369612312651
source_10,2021_05_31_U2OS_48_hr_run1,1,LY2109761,field,0.65,False,0.8862260870272171,0.2933517915039661,,True,52.945970015512145
source_10,2021_05_31_U2OS_48_hr_run1,1,NVS-PAK1-1,field,0.65,False,0.8720472216816846,0.23519542456406034,,True,32.945412104859585
source_10,2021_05_31_U2OS_48_hr_run1,1,quinidine,field,0.65,False,0.6076311211924714,0.14622184236842398,,True,8.508421031823332
source_10,2021_05_31_U2OS_48_hr_run1,1,TC-S-7004,field,0.65,False,0.8167175045520609,0.24422608360218745,,True,72.98524963377008
source_10,2021_05_31_U2OS_48_hr_run1,1,aloxistatin,field,0.65,False,0.4799706317446014,0.12961453880697762,,True,5.982929355882017
source_10,2021_06_01_U2OS_48_hr_run2,2,AMG900,field,1.53,False,0.9106860960476919,-0.009526850060171082,0.9778268890181018,True,77.1191981915123
source_10,2021_06_01_U2OS_48_hr_run2,2,dexamethasone,field,1.53,False,0.8915445432708701,0.29505412173160334,0.8984882826401954,True,10.68902154839723
source_10,2021_06_01_U2OS_48_hr_run2,2,FK-866,field,1.53,False,0.8317330041601985,0.2539528497596379,0.930458411382894,True,31.00426518112776
source_10,2021_06_01_U2OS_48_hr_run2,2,LY2109761,field,1.53,False,0.9275455897122373,0.2622150947200499,0.9291771355340508,True,44.679252607928944
source_10,2021_06_01_U2OS_48_hr_run2,2,NVS-PAK1-1,field,1.53,False,0.9137515556979596,0.17952346306962827,0.8996113701785486,True,26.70868565221345
source_10,2021_06_01_U2OS_48_hr_run2,2,quinidine,field,1.53,False,0.7051462704218912,0.25173538930494427,0.6653492896006974,True,7.0487765736564265
source_10,2021_06_01_U2OS_48_hr_run2,2,TC-S-7004,field,1.53,False,0.833777218717872,0.23594439567670128,0.9689533765681557,True,62.01688072531723
source_10,2021_06_01_U2OS_48_hr_run2,2,aloxistatin,field,1.53,False,0.49830818668267307,0.2861575051087765,0.6454016374572875,False,6.884918912289909
source_10,2021_06_07_U2OS_48_hr_run3,3,AMG900,field,1.51,False,0.9134088006487162,-0.005872783228502955,0.9721111258666038,True,77.31195295996685
source_10,2021_06_07_U2OS_48_hr_run3,3,dexamethasone,field,1.51,False,0.8434704070508212,0.32382382536104387,0.9170245905258203,True,11.015239019741538
source_10,2021_06_07_U2OS_48_hr_run3,3,FK-866,field,1.51,False,0.828466251818237,0.2884729210158942,0.8620052003774256,True,30.289787590528416
source_10,2021_06_07_U2OS_48_hr_run3,3,LY2109761,field,1.51,False,0.91172042160919,0.22451776398513243,0.9078372613418995,True,46.686329116124604
source_10,2021_06_07_U2OS_48_hr_run3,3,NVS-PAK1-1,field,1.51,False,0.6305505750085445,0.4403301801430236,0.5676724236600912,True,21.76398495867304
source_10,2021_06_07_U2OS_48_hr_run3,3,quinidine,field,1.51,False,0.507880559710244,0.2363650984298576,0.18744933236429975,False,18.69970410109648
source_10,2021_06_07_U2OS_48_hr_run3,3,TC-S-7004,field,1.51,False,0.7634533163833186,0.24519024417448335,0.9311184679976308,True,43.692224007798664
source_10,2021_06_07_U2OS_48_hr_run3,3,aloxistatin,field,1.51,False,0.7576470434531162,0.3145565471268697,0.681326212371505,True,4.558637453414484
source_10,2021_06_08_U2OS_48_hr_run4,4,AMG900,field,1.35,False,0.922514213407643,0.02207012374869097,0.9805646061669798,True,81.39461721066655
source_10,2021_06_08_U2OS_48_hr_run4,4,dexamethasone,field,1.35,False,0.8518779957683913,0.3065581292130828,0.9272620603956917,True,11.18756917424998
source_10,2021_06_08_U2OS_48_hr_run4,4,FK-866,field,1.35,False,0.775991466225187,0.26493027146623005,0.9066846009363295,True,32.12525063192734
source_10,2021_06_08_U2OS_48_hr_run4,4,LY2109761,field,1.35,False,0.8171358503635027,0.3167016301347001,0.8792629769203134,True,39.77940968013068
source_10,2021_06_08_U2OS_48_hr_run4,4,NVS-PAK1-1,field,1.35,False,0.8841554512415843,0.24185936248605708,0.933203545561899,True,31.15416985612544
source_10,2021_06_08_U2OS_48_hr_run4,4,quinidine,field,1.35,False,0.6982399689226069,0.28629968174595827,0.782718352656666,True,7.816188036467568
source_10,2021_06_08_U2OS_48_hr_run4,4,TC-S-7004,field,1.35,False,0.8292655562377551,0.2566437896763339,0.9335708866725689,True,65.8266092538578
source_10,2021_06_08_U2OS_48_hr_run4,4,aloxistatin,field,1.35,False,0.6244018279391688,0.37532421673231214,0.6270845745462347,True,8.98530190097359
source_10,2021_06_14_U2OS_48_hr_run5,5,AMG900,field,1.47,False,0.8962091135120578,0.013259562607322648,0.9727971038347536,True,81.53111391773795
source_10,2021_06_14_U2OS_48_hr_run5,5,dexamethasone,field,1.47,False,0.8407855402252566,0.31118761285820795,0.8179300878503704,True,11.250323888671355
source_10,2021_06_14_U2OS_48_hr_run5,5,FK-866,field,1.47,False,0.7551493213564682,0.23679924093356988,0.9073116914442902,True,36.24131738693685
source_10,2021_06_14_U2OS_48_hr_run5,5,LY2109761,field,1.47,False,0.9178109913396516,0.24170414848244828,0.944038634884331,True,45.15293856488506
source_10,2021_06_14_U2OS_48_hr_run5,5,NVS-PAK1-1,field,1.47,False,0.8944327303410875,0.23374254631482203,0.9376071086589324,True,27.572331580834966
source_10,2021_06_14_U2OS_48_hr_run5,5,quinidine,field,1.47,False,0.6141279156267565,0.20524718511390366,0.6533036604088696,True,9.679890849803344
source_10,2021_06_14_U2OS_48_hr_run5,5,TC-S-7004,field,1.47,False,0.778401625039536,0.24239755646584113,0.9505232828559624,True,56.00868020723604
source_10,2021_06_14_U2OS_48_hr_run5,5,aloxistatin,field,1.47,False,0.3709648759361578,0.21997753818690718,0.3601873420578601,False,10.595725774980252
source_10,2021_06_15_U2OS_48_hr_run6,6,AMG900,field,1.8,False,0.9034514671308509,0.021922739487297376,0.9668616562407464,True,82.98747216215888
source_10,2021_06_15_U2OS_48_hr_run6,6,dexamethasone,field,1.8,False,0.89346178707147,0.14593650802540076,0.7961380612374325,True,12.049354863486492
source_10,2021_06_15_U2OS_48_hr_run6,6,FK-866,field,1.8,False,0.7868265513369074,0.19535819740335936,0.9106023451021151,True,36.45066743996192
source_10,2021_06_15_U2OS_48_hr_run6,6,LY2109761,field,1.8,False,0.9282970684710938,0.25616975611089227,0.9306943254341618,True,46.49912159817789
source_10,2021_06_15_U2OS_48_hr_run6,6,NVS-PAK1-1,field,1.8,False,0.8273122525071704,0.2321869634738596,0.8955030461308473,True,31.427360982665732
source_10,2021_06_15_U2OS_48_hr_run6,6,quinidine,field,1.8,False,0.6534786073284714,0.1504142130915139,0.5284806154954771,False,8.199686367912573
source_10,2021_06_15_U2OS_48_hr_run6,6,TC-S-7004,field,1.8,False,0.8291528864419233,0.2414513739828083,0.9254618292181418,True,72.37935978902742
source_10,2021_06_15_U2OS_48_hr_run6,6,aloxistatin,field,1.8,False,0.27876188777326283,0.1677996589633104,0.2502014050561158,True,20.277519388661705
source_10,2021_06_21_U2OS_48_hr_run7,7,AMG900,field,1.54,False,0.9202885667998439,0.03336404836965739,0.977574758201891,True,82.79139892104986
source_10,2021_06_21_U2OS_48_hr_run7,7,dexamethasone,field,1.54,False,0.9199245578200221,0.3141143511939434,0.9341402832222985,True,10.87575871069858
source_10,2021_06_21_U2OS_48_hr_run7,7,FK-866,field,1.54,False,0.7691525135918337,0.25596686180992473,0.9328840200180666,True,36.279802740591464
source_10,2021_06_21_U2OS_48_hr_run7,7,LY2109761,field,1.54,False,0.9093864358157052,0.2654548318735999,0.9741817717408842,True,48.684173047284084
source_10,2021_06_21_U2OS_48_hr_run7,7,NVS-PAK1-1,field,1.54,False,0.8972092329705974,0.2104883999752645,0.9129451982493604,True,31.741542239826668
source_10,2021_06_21_U2OS_48_hr_run7,7,quinidine,field,1.54,False,0.6600703373266297,0.17440613686991327,0.9240167634741634,True,7.779431200914369
source_10,2021_06_21_U2OS_48_hr_run7,7,TC-S-7004,field,1.54,False,0.79580518098907,0.2426724261424373,0.971724725182642,True,62.48943591100466
source_10,2021_06_21_U2OS_48_hr_run7,7,aloxistatin,field,1.54,False,0.584151569174772,0.28871490489104457,0.7336276424306452,True,5.599177250592835
source_10,2021_06_22_U2OS_48_hr_run8,8,AMG900,field,1.72,False,0.9158953117314401,0.04745395718090735,0.9754281970870811,True,78.55746853689521
source_10,2021_06_22_U2OS_48_hr_run8,8,dexamethasone,field,1.72,False,0.8207260101103822,0.31996627420215457,0.921191655547358,False,10.633856997452558
source_10,2021_06_22_U2OS_48_hr_run8,8,FK-866,field,1.72,False,0.731670846296326,0.29989152079435366,0.8543065606136269,True,33.618072576707306
source_10,2021_06_22_U2OS_48_hr_run8,8,LY2109761,field,1.72,False,0.8710525378315142,0.256988009399634,0.946332523956183,True,47.821501808658276
source_10,2021_06_22_U2OS_48_hr_run8,8,NVS-PAK1-1,field,1.72,False,0.8868222376979047,0.23314886825131179,0.8786436035544387,True,30.636545544052456
source_10,2021_06_22_U2OS_48_hr_run8,8,quinidine,field,1.72,False,0.6298208287707396,0.2311453596309347,0.7783337424292229,True,11.136435984088765
source_10,2021_06_22_U2OS_48_hr_run8,8,TC-S-7004,field,1.72,False,0.8279455547150416,0.27430606393196993,0.9173278910314773,True,63.09569494901011
source_10,2021_07_05_U2OS_48_hr_run10,9,AMG900,field,1.81,False,0.9234043497526931,0.012917438135543333,0.9657694111813584,True,74.13740333335208
source_10,2021_07_05_U2OS_48_hr_run10,9,dexamethasone,field,1.81,False,0.8678718364401613,0.2551567108729991,0.9527093747157787,True,10.240822427811235
source_10,2021_07_05_U2OS_48_hr_run10,9,FK-866,field,1.81,False,0.7588224842960009,0.1963931992920918,0.8432514383767235,True,26.285369156681657
source_10,2021_07_05_U2OS_48_hr_run10,9,LY2109761,field,1.81,False,0.8935635859754631,0.21657232648900318,0.9442442068994451,True,43.76856028734228
source_10,2021_07_05_U2OS_48_hr_run10,9,NVS-PAK1-1,field,1.81,False,0.9031337696998859,0.2015485281002072,0.8748697124788061,True,27.396969241791254
source_10,2021_07_05_U2OS_48_hr_run10,9,quinidine,field,1.81,False,0.551276282562299,0.15886490843213494,0.8801370380120344,True,9.27268759851163
source_10,2021_07_05_U2OS_48_hr_run10,9,TC-S-7004,field,1.81,False,0.8323967721196034,0.251435465667265,0.9483528180890175,True,48.12175446036549
source_10,2021_07_05_U2OS_48_hr_run10,9,aloxistatin,field,1.81,False,0.5852336279028759,0.25090826484670165,0.7321122870474865,True,7.500178100788462
source_10,2021_07_07_U2OS_48_hr_run11,10,AMG900,field,1.65,False,0.9076182027011996,0.02914118511105246,0.9707847015068911,True,80.91677101422961
source_10,2021_07_07_U2OS_48_hr_run11,10,dexamethasone,field,1.65,False,0.8776368022762092,0.2169370610008227,0.9137315769481995,True,12.458187033685189
source_10,2021_07_07_U2OS_48_hr_run11,10,FK-866,field,1.65,False,0.7129638448961131,0.24685199037690805,0.8404928660470944,True,37.94498055796891
source_10,2021_07_07_U2OS_48_hr_run11,10,LY2109761,field,1.65,False,0.8957771740748147,0.2445825600091353,0.9486095800501215,True,47.766747406006644
source_10,2021_07_07_U2OS_48_hr_run11,10,NVS-PAK1-1,field,1.65,False,0.8781839437672837,0.15761649242042988,0.8691962939218861,True,32.279424528136786
source_10,2021_07_07_U2OS_48_hr_run11,10,quinidine,field,1.65,False,0.6129989177259452,0.21359718663117858,0.6622765238754822,True,17.989756538063553
source_10,2021_07_07_U2OS_48_hr_run11,10,TC-S-7004,field,1.65,False,0.8275657605769766,0.2326615900672659,0.9175265910362439,True,64.51784572289121
source_10,2021_08_03_U2OS_48_hr_run12,11,AMG900,field,1.9,False,0.9173181724092374,0.020641140531582756,0.9747839933620299,True,74.78828392469997
source_10,2021_08_03_U2OS_48_hr_run12,11,dexamethasone,field,1.9,False,0.8617563959861099,0.2421578142880965,0.9194299452912359,True,9.406802033095872
source_10,2021_08_03_U2OS_48_hr_run12,11,FK-866,field,1.9,False,0.7468484730807066,0.21515027564853706,0.9098611657958336,True,34.928438361487125
source_10,2021_08_03_U2OS_48_hr_run12,11,LY2109761,field,1.9,False,0.900565097094034,0.21837353518121502,0.9430562488842656,True,45.26608637634271
source_10,2021_08_03_U2OS_48_hr_run12,11,NVS-PAK1-1,field,1.9,False,0.8821688282259601,0.1970772186099503,0.8753019300004967,True,27.526708185701676
source_10,2021_08_03_U2OS_48_hr_run12,11,quinidine,field,1.9,False,0.6832210195646091,0.25644429032015686,0.8074882154568739,True,5.320334988427009
source_10,2021_08_03_U2OS_48_hr_run12,11,TC-S-7004,field,1.9,False,0.7968578878535708,0.22681606617882916,0.8657136995774555,True,61.03274277894104
source_10,2021_08_09_U2OS_48_hr_run13,12,AMG900,field,2.0,False,0.9137367385681472,0.00604909801314954,0.9729933891345037,True,76.45904365484786
source_10,2021_08_09_U2OS_48_hr_run13,12,dexamethasone,field,2.0,False,0.854270111561334,0.29200283155613654,0.9347500170112587,True,10.243985682885986
source_10,2021_08_09_U2OS_48_hr_run13,12,FK-866,field,2.0,False,0.6755002221249504,0.22860565777613218,0.828748113174818,True,33.8675919016228
source_10,2021_08_09_U2OS_48_hr_run13,12,LY2109761,field,2.0,False,0.9006718015751829,0.21928945911964037,0.9479256156157823,True,43.75180598152414
source_10,2021_08_09_U2OS_48_hr_run13,12,NVS-PAK1-1,field,2.0,False,0.8439486789298872,0.2022476970248462,0.8254901017720315,True,28.21177755311638
source_10,2021_08_09_U2OS_48_hr_run13,12,quinidine,field,2.0,False,0.7869635598803774,0.31631889143500874,0.7725439241507215,True,7.292917548856423
source_10,2021_08_09_U2OS_48_hr_run13,12,TC-S-7004,field,2.0,False,0.7785133124571353,0.24998933204157442,0.8963950838198536,True,54.43892821394953
source_10,2021_08_09_U2OS_48_hr_run13,12,aloxistatin,field,2.0,False,0.6142603447171094,0.38893626107134566,0.46264278572083994,True,6.391876393481231
source_10,2021_08_12_U2OS_48_hr_run15,13,AMG900,field,2.02,False,0.9120655474537953,0.06725361707895795,0.9512102762241321,True,85.18996114874227
source_10,2021_08_12_U2OS_48_hr_run15,13,dexamethasone,field,2.02,False,0.5780727928184958,0.20302818804955194,0.4964864254038772,False,31.738388036759705
source_10,2021_08_12_U2OS_48_hr_run15,13,FK-866,field,2.02,False,0.7504576631283663,0.22437056942014752,0.8951468591899363,True,39.21864050881054
source_10,2021_08_12_U2OS_48_hr_run15,13,LY2109761,field,2.02,False,0.9163056149091398,0.29350419211335044,0.9331514382486421,True,52.06079689078275
source_10,2021_08_12_U2OS_48_hr_run15,13,NVS-PAK1-1,field,2.02,False,0.9027133791943965,0.2736228581994908,0.9169748446306885,True,38.42364950136882
source_10,2021_08_12_U2OS_48_hr_run15,13,quinidine,field,2.02,False,0.7540245891454793,0.2861395264225181,0.8487555663294042,True,7.7929974280409375
source_10,2021_08_12_U2OS_48_hr_run15,13,TC-S-7004,field,2.02,False,0.8706677179942968,0.30170449914886044,0.8705861608663099,True,79.76893632682513
source_10,2021_08_17_U2OS_48_hr_run16,14,AMG900,field,2.59,False,0.9083316223416764,0.04112378842045691,0.950995975016891,True,79.03778557562089
source_10,2021_08_17_U2OS_48_hr_run16,14,dexamethasone,field,2.59,False,0.8821388481295948,0.1289430884457145,0.8522315154055073,True,10.151599400437627
source_10,2021_08_17_U2OS_48_hr_run16,14,FK-866,field,2.59,False,0.6721635147008056,0.190367351907777,0.842279188199416,True,32.508518571900254
source_10,2021_08_17_U2OS_48_hr_run16,14,LY2109761,field,2.59,False,0.8571946190788022,0.2544293245188546,0.9429721133355542,True,44.80846883462113
source_10,2021_08_17_U2OS_48_hr_run16,14,NVS-PAK1-1,field,2.59,False,0.8600599046341347,0.2734601787119153,0.8504856653007096,True,28.098588110014987
source_10,2021_08_17_U2OS_48_hr_run16,14,quinidine,field,2.59,False,0.5007693725631579,0.12253552897461506,0.5879366887298286,False,6.503847788087283
source_10,2021_08_17_U2OS_48_hr_run16,14,TC-S-7004,field,2.59,False,0.7948227171368121,0.3104089265416187,0.8361319942399306,True,58.32610763441974
source_10,2021_08_20_U2OS_48_hr_run17,15,AMG900,field,2.94,False,0.9231990380689632,0.03048772772776408,0.9554610161318985,True,69.56042611167973
source_10,2021_08_20_U2OS_48_hr_run17,15,dexamethasone,field,2.94,False,0.7573684414978064,0.267532468136614,0.8501838696446168,True,8.677206326398439
source_10,2021_08_20_U2OS_48_hr_run17,15,FK-866,field,2.94,False,0.7195273102806081,0.2317018793904992,0.8008214857241378,True,33.13649055552844
source_10,2021_08_20_U2OS_48_hr_run17,15,LY2109761,field,2.94,False,0.879977267711286,0.23032718874344824,0.9424820231632303,True,43.07293814139935
source_10,2021_08_20_U2OS_48_hr_run17,15,NVS-PAK1-1,field,2.94,False,0.8538686446568287,0.21531048347846043,0.7574773051639667,True,27.821450268843158
source_10,2021_08_20_U2OS_48_hr_run17,15,quinidine,field,2.94,False,0.6267600099008446,0.2953513100891853,0.5262870987548229,True,9.412972455437348
source_10,2021_08_20_U2OS_48_hr_run17,15,TC-S-7004,field,2.94,False,0.7650888766144187,0.29830939262502654,0.6685831037117693,True,56.39562852799591
source_10,2021_08_23_U2OS_48_hr_run18,16,AMG900,field,1.73,False,0.9255823210102019,0.01345061297138445,0.9770903669869384,True,84.2884796203385
source_10,2021_08_23_U2OS_48_hr_run18,16,dexamethasone,field,1.73,False,0.8187133068670494,0.13795846755887547,0.6902605889927647,True,11.023784334293723
source_10,2021_08_23_U2OS_48_hr_run18,16,FK-866,field,1.73,False,0.7689248630316131,0.2485436074485443,0.9250897155746868,True,37.58931230222935
source_10,2021_08_23_U2OS_48_hr_run18,16,LY2109761,field,1.73,False,0.9382015762248526,0.2695071531887422,0.9278250318228971,True,43.696217587074976
source_10,2021_08_23_U2OS_48_hr_run18,16,NVS-PAK1-1,field,1.73,False,0.8901016183119407,0.25728205830696294,0.9048173878925314,True,29.10751669894193
source_10,2021_08_23_U2OS_48_hr_run18,16,quinidine,field,1.73,False,0.6320853245610336,0.21501593104494998,0.36677170070635,True,11.398776778414831
source_10,2021_08_23_U2OS_48_hr_run18,16,TC-S-7004,field,1.73,False,0.8758899623915786,0.3054821995296405,0.9282634197334083,True,64.39744115290617
source_10,2021_08_23_U2OS_48_hr_run18,16,aloxistatin,field,1.73,False,0.24804673277566286,0.021678563929318377,0.3039723817455318,False,9.592461140407401
source_10,2021_08_23_U2OS_48_hr_run19,17,AMG900,field,1.78,False,0.9146710915857633,0.007220776618624335,0.9609104927688327,True,76.29913762458617
source_10,2021_08_23_U2OS_48_hr_run19,17,dexamethasone,field,1.78,False,0.8274747521909792,0.12584737350932867,0.7375453249452103,True,12.128734081550338
source_10,2021_08_23_U2OS_48_hr_run19,17,FK-866,field,1.78,False,0.6997367695358089,0.22484938018302442,0.8876743341315576,True,33.18482405497899
source_10,2021_08_23_U2OS_48_hr_run19,17,LY2109761,field,1.78,False,0.8695344867384206,0.28934284657133363,0.8385930031678701,True,38.966311188446966
source_10,2021_08_23_U2OS_48_hr_run19,17,NVS-PAK1-1,field,1.78,False,0.2986007057472959,0.4129074828098483,0.3558512422095734,False,27.83199382197056
source_10,2021_08_23_U2OS_48_hr_run19,17,quinidine,field,1.78,False,0.5726948558034324,0.18526252350372194,0.10447482076260592,False,18.95062142889068
source_10,2021_08_23_U2OS_48_hr_run19,17,TC-S-7004,field,1.78,False,0.7870620178151022,0.33658426805874747,0.8177109695548817,True,65.75231839887496
source_10,2021_08_23_U2OS_48_hr_run19,17,aloxistatin,field,1.78,False,0.18860861516667138,0.03528783945202484,0.36424905842880145,False,19.74756960933525
source_11,Batch1,1,AMG900,raw,0.75,False,0.9142187901453157,0.1531338706608272,,True,47.31600551378503
source_11,Batch1,1,dexamethasone,raw,0.75,False,0.7764555367596422,0.08929696660014219,,True,7.260610454802907
source_11,Batch1,1,FK-866,raw,0.75,False,0.8183063901754348,0.2537239848712753,,True,23.73251929446941
source_11,Batch1,1,LY2109761,raw,0.75,False,0.7807833918982602,0.19657698174104013,,True,23.73720643300478
source_11,Batch1,1,NVS-PAK1-1,raw,0.75,False,0.7017535439678834,0.3035261283888734,,True,14.388888876546451
source_11,Batch1,1,quinidine,raw,0.75,False,0.8423526743788543,0.3059921988361357,,True,8.616448195114812
source_11,Batch1,1,TC-S-7004,raw,0.75,False,0.16603436090962945,0.451971065156327,,False,9.340835062463148
source_11,Batch1,1,aloxistatin,raw,0.75,False,0.40863067029410705,0.05007467025885277,,False,3.799651813115362
source_11,Batch2,2,AMG900,raw,2.48,False,0.9410060062865846,0.13617891982507024,0.9652642370324647,True,50.51654006745935
source_11,Batch2,2,dexamethasone,raw,2.48,False,0.8217290308069167,0.16764500444674077,0.9256865216508078,True,6.223881579869539
source_11,Batch2,2,FK-866,raw,2.48,False,0.7666534148318107,0.2710301973949857,0.9157791897733254,True,21.259091472095427
source_11,Batch2,2,LY2109761,raw,2.48,False,0.8089312396572677,0.29115256958420527,0.9431925209612967,True,23.882912118752714
source_11,Batch2,2,NVS-PAK1-1,raw,2.48,False,0.7665699978048612,0.24759478054059894,0.7556595372454993,True,19.897623004704226
source_11,Batch2,2,quinidine,raw,2.48,False,0.8430861023044234,0.36234503131472406,0.9125141379471854,True,8.119641953309685
source_11,Batch2,2,TC-S-7004,raw,2.48,False,0.1860471453371304,0.43902143081482664,0.9381529265702733,False,8.054843379384394
source_11,Batch2,2,aloxistatin,raw,2.48,False,0.5034826922693973,0.24572002541132026,0.8110724745529712,False,3.7431518927672065
source_11,Batch3,3,AMG900,raw,2.96,True,0.9429735845086923,0.13678583602519404,0.9524656834015649,True,53.28388815105707
source_11,Batch3,3,dexamethasone,raw,2.96,True,0.7897448767849305,0.10605253882892487,0.9109044251802936,True,6.7672868458367565
source_11,Batch3,3,FK-866,raw,2.96,True,0.7551643409547195,0.2299406963039091,0.9373518884540073,True,22.67798649417398
source_11,Batch3,3,LY2109761,raw,2.96,True,0.8246536084456275,0.23385175044413783,0.957861079349797,True,24.820212983806353
source_11,Batch3,3,NVS-PAK1-1,raw,2.96,True,0.740425201436911,0.2411740018170705,0.9107404840507634,True,19.789129273950604
source_11,Batch3,3,quinidine,raw,2.96,True,0.8050794439807449,0.26540831853898794,0.9286622313007591,True,6.342335165708905
source_11,Batch3,3,TC-S-7004,raw,2.96,True,0.023856254752128627,0.3851231030778542,0.9135109623547358,False,6.724433868965912
source_11,Batch3,3,aloxistatin,raw,2.96,True,0.5598999080081517,0.20477548646163002,0.8074822861762713,True,2.735852925303221
source_11,Batch4,4,AMG900,raw,2.67,False,0.9448092766165326,0.14497683418492682,0.9480677842349567,True,55.33844999618127
source_11,Batch4,4,dexamethasone,raw,2.67,False,0.8166410212323683,0.1558125729532167,0.873226629700812,True,6.875261397207089
source_11,Batch4,4,FK-866,raw,2.67,False,0.8071315064275837,0.29143403753351244,0.9447016377260173,True,23.276523144527708
source_11,Batch4,4,LY2109761,raw,2.67,False,0.8369702983589731,0.25878163201852633,0.9430621488944337,True,26.199917693983256
source_11,Batch4,4,NVS-PAK1-1,raw,2.67,False,0.7608289415788598,0.27585478675012326,0.9130145107544682,True,21.659190161260774
source_11,Batch4,4,quinidine,raw,2.67,False,0.79110131060434,0.3067303789547336,0.8982889822196862,False,6.544073291785583
source_11,Batch4,4,TC-S-7004,raw,2.67,False,0.11931266919909865,0.45698650555821807,0.8706076887013801,False,7.184447272227159
source_11,Batch4,4,aloxistatin,raw,2.67,False,0.6211123096170512,0.23488447947422572,0.7743157084591705,True,3.469034807787307
source_11,Batch5,5,AMG900,raw,2.67,False,0.9348569104611364,0.17596721430238702,0.9615624223256822,True,50.43892366823073
source_11,Batch5,5,dexamethasone,raw,2.67,False,0.8053773605037301,0.2730854144750425,0.7486807963111893,True,6.791030461208654
source_11,Batch5,5,FK-866,raw,2.67,False,0.798116696245916,0.2481668449178307,0.9417047046602123,True,21.721049520550807
source_11,Batch5,5,LY2109761,raw,2.67,False,0.7935457484383299,0.2242080436139486,0.9502984026787278,True,23.450608403933565
source_11,Batch5,5,NVS-PAK1-1,raw,2.67,False,0.7578516445763697,0.265349558986726,0.9300147575356924,True,17.98714307847693
source_11,Batch5,5,quinidine,raw,2.67,False,0.7988608954954437,0.38766741936496124,0.826842713341148,True,8.552374694582038
source_11,Batch5,5,TC-S-7004,raw,2.67,False,0.20476097916345748,0.4612272855227793,0.8803086325661396,False,8.721571116232871
source_11,Batch5,5,aloxistatin,raw,2.67,False,0.5427571790465184,0.19597333141015952,0.6517953727493068,True,4.0215829875152895
source_11,Batch1,1,AMG900,own,0.75,False,0.9110565400328277,0.07891176284186485,,True,192.41914676603156
source_11,Batch1,1,dexamethasone,own,0.75,False,0.6579044883118643,0.09340100260833625,,True,22.258071303630288
source_11,Batch1,1,FK-866,own,0.75,False,0.805907552962982,0.21252900842789949,,True,75.8718616580541
source_11,Batch1,1,LY2109761,own,0.75,False,0.7973637379203085,0.1688033514881687,,True,77.88894634186859
source_11,Batch1,1,NVS-PAK1-1,own,0.75,False,0.7237738142567485,0.22258314745667102,,True,52.812690816714394
source_11,Batch1,1,quinidine,own,0.75,False,0.7908202149815204,0.3266894319642664,,True,27.005609272735633
source_11,Batch1,1,TC-S-7004,own,0.75,False,0.2739769953105272,0.446368569153547,,False,29.251373261643266
source_11,Batch1,1,aloxistatin,own,0.75,False,0.4939621593942034,0.03335054304005049,,True,14.500081188449093
source_11,Batch2,2,AMG900,own,2.48,False,0.9226764738108009,0.0763202621014966,0.9328724634915073,True,156.16389693319815
source_11,Batch2,2,dexamethasone,own,2.48,False,0.7895550853338661,0.2115929382640241,0.8573891917220966,True,17.28212264486644
source_11,Batch2,2,FK-866,own,2.48,False,0.7555899724002209,0.2289939196706798,0.8968308347558716,True,64.53318545404626
source_11,Batch2,2,LY2109761,own,2.48,False,0.8319388786163444,0.28411460092995167,0.9002192709178907,True,66.76086591609943
source_11,Batch2,2,NVS-PAK1-1,own,2.48,False,0.7747417371246099,0.20533951969973613,0.7536751566376126,True,60.72309656307048
source_11,Batch2,2,quinidine,own,2.48,False,0.8543296149781352,0.34694483165481405,0.8666643199360629,True,26.515540033764026
source_11,Batch2,2,TC-S-7004,own,2.48,False,0.2716103612418769,0.4243549749000178,0.8922077817895094,False,25.282569780091833
source_11,Batch2,2,aloxistatin,own,2.48,False,0.5021376963669826,0.23023278250382098,0.7778445725763219,False,11.45459689527145
source_11,Batch3,3,AMG900,own,2.96,True,0.9583161560688778,0.038830657247562135,0.9420328880106301,True,250.5099422421255
source_11,Batch3,3,dexamethasone,own,2.96,True,0.7907754906705737,0.1452578921733249,0.8513500536458295,True,25.947973686552736
source_11,Batch3,3,FK-866,own,2.96,True,0.7150665233290967,0.19451926975145847,0.8929976680241034,True,81.88577240803482
source_11,Batch3,3,LY2109761,own,2.96,True,0.8431599219987602,0.2016709724818772,0.9356756604982259,True,99.4329281431383
source_11,Batch3,3,NVS-PAK1-1,own,2.96,True,0.7863784284925037,0.15433641134885936,0.9107821681143056,True,84.27739480291271
source_11,Batch3,3,quinidine,own,2.96,True,0.8073783205963481,0.2800981041674799,0.8887919515765657,True,24.667999535001048
source_11,Batch3,3,TC-S-7004,own,2.96,True,0.050358216026383754,0.3938733766647891,0.8764664153903772,False,26.062049552727327
source_11,Batch3,3,aloxistatin,own,2.96,True,0.5831128958091066,0.17070293606741585,0.8173051342615096,True,12.323305485136807
source_11,Batch4,4,AMG900,own,2.67,False,0.9493736014638,0.05233073306394914,0.926814292313184,True,248.6973705006757
source_11,Batch4,4,dexamethasone,own,2.67,False,0.8019157237802608,0.18643274286528952,0.8068998082821002,True,26.25653481629013
source_11,Batch4,4,FK-866,own,2.67,False,0.7868334661938758,0.2744181673833588,0.9061391071727274,True,83.36861392837304
source_11,Batch4,4,LY2109761,own,2.67,False,0.8542499524850429,0.22753269904870524,0.9425352855011879,True,103.44738820263163
source_11,Batch4,4,NVS-PAK1-1,own,2.67,False,0.8015254442432294,0.18090320879482705,0.9229371848830973,True,90.22327626062486
source_11,Batch4,4,quinidine,own,2.67,False,0.792347257871419,0.31776591435603935,0.8499581775126996,True,24.784310052062377
source_11,Batch4,4,TC-S-7004,own,2.67,False,0.1228793613189707,0.4580336293616845,0.8527501085728619,False,27.801461694987704
source_11,Batch4,4,aloxistatin,own,2.67,False,0.6271812163221413,0.21241752139503714,0.797816781909222,True,14.71746919562709
source_11,Batch5,5,AMG900,own,2.67,False,0.9175363472111447,0.0688395775462298,0.9331703905562594,True,141.24498261843056
source_11,Batch5,5,dexamethasone,own,2.67,False,0.8177232148085243,0.24604368825470552,0.6530561735714916,True,18.02144811053193
source_11,Batch5,5,FK-866,own,2.67,False,0.7869292118911435,0.17329637351587784,0.8976468220265117,True,55.03090385257214
source_11,Batch5,5,LY2109761,own,2.67,False,0.81094704181636,0.18519066553340266,0.9379520795788967,True,65.46715803977855
source_11,Batch5,5,NVS-PAK1-1,own,2.67,False,0.7775580817060939,0.12160508918802548,0.8372244001716883,True,60.42639488731595
source_11,Batch5,5,quinidine,own,2.67,False,0.8578887080713956,0.368182524634824,0.7814868396882095,True,21.8550774330021
source_11,Batch5,5,TC-S-7004,own,2.67,False,0.17235131251465932,0.4600003251784089,0.845468240370902,False,21.8997726361428
source_11,Batch5,5,aloxistatin,own,2.67,False,0.4904284446638725,0.14405633807097376,0.7067370074234168,True,14.211740188478778
source_11,Batch1,1,AMG900,scaled,0.75,False,0.7840777768910322,0.043086818000410566,,True,31.366267154555906
source_11,Batch1,1,dexamethasone,scaled,0.75,False,0.7407157579412154,0.08571925649554889,,True,5.622870456560737
source_11,Batch1,1,FK-866,scaled,0.75,False,0.6722351174663495,0.1459927979456565,,True,18.298946484819616
source_11,Batch1,1,LY2109761,scaled,0.75,False,0.49784595048665986,0.11946731968799049,,True,14.84118835499396
source_11,Batch1,1,NVS-PAK1-1,scaled,0.75,False,0.43143911070641155,0.15404430181698503,,True,11.261101420994823
source_11,Batch1,1,quinidine,scaled,0.75,False,0.7144461432612561,0.18162123521183623,,False,6.623433649860002
source_11,Batch1,1,TC-S-7004,scaled,0.75,False,-0.006503098741572164,0.3042987926151964,,False,7.141168118556469
source_11,Batch1,1,aloxistatin,scaled,0.75,False,0.5455940587947279,0.06640883259929321,,True,2.6847792350785844
source_11,Batch2,2,AMG900,scaled,2.48,False,0.7940948487236894,0.08415469459838217,0.8478427593601254,True,28.572265564942295
source_11,Batch2,2,dexamethasone,scaled,2.48,False,0.7772641143610486,0.12941456466638374,0.9039330327529058,True,5.190675581835953
source_11,Batch2,2,FK-866,scaled,2.48,False,0.640870821934745,0.15567086138065375,0.9054064662698984,True,17.47267844470036
source_11,Batch2,2,LY2109761,scaled,2.48,False,0.6060684389634379,0.23915599710069535,0.8435860687871968,True,15.443079571722643
source_11,Batch2,2,NVS-PAK1-1,scaled,2.48,False,0.47729885949417805,0.09326135649084756,0.6468048935164912,True,13.088902875018938
source_11,Batch2,2,quinidine,scaled,2.48,False,0.6906097236336559,0.2370891276450061,0.8350502014016709,False,6.003907359060044
source_11,Batch2,2,TC-S-7004,scaled,2.48,False,0.05039878510625072,0.3249722036724697,0.8638179269006541,False,6.2574156624825745
source_11,Batch2,2,aloxistatin,scaled,2.48,False,0.5741123285432572,0.17132843212434842,0.7375686661597108,True,2.821851901611097
source_11,Batch3,3,AMG900,scaled,2.96,True,0.8621159129169121,0.06132101321715967,0.8875450284322229,True,41.79582011681804
source_11,Batch3,3,dexamethasone,scaled,2.96,True,0.7826925589540034,0.09543975813328563,0.900719568577812,True,6.513296228886325
source_11,Batch3,3,FK-866,scaled,2.96,True,0.6845837609017819,0.1592107933688743,0.9203572353862208,True,23.057994458887457
source_11,Batch3,3,LY2109761,scaled,2.96,True,0.6826812656981256,0.19355132678635065,0.8874027478083697,True,20.788322744826946
source_11,Batch3,3,NVS-PAK1-1,scaled,2.96,True,0.5141351943192717,0.1420528422388778,0.8883524497842492,True,17.16060073089621
source_11,Batch3,3,quinidine,scaled,2.96,True,0.6890174200932762,0.18108681433834908,0.8487722506198869,False,5.926843430289893
source_11,Batch3,3,TC-S-7004,scaled,2.96,True,-0.09187526001616474,0.2947756597518632,0.8416338113696625,False,6.4774038443931525
source_11,Batch3,3,aloxistatin,scaled,2.96,True,0.6244833760740359,0.1202005417823435,0.7399435261952927,True,2.394353353120925
source_11,Batch4,4,AMG900,scaled,2.67,False,0.8626530146708367,0.05381329111051253,0.8867071561306654,True,43.84658927762319
source_11,Batch4,4,dexamethasone,scaled,2.67,False,0.7899582377275278,0.10642229569096877,0.8755176141040916,True,6.533473585627955
source_11,Batch4,4,FK-866,scaled,2.67,False,0.745984184486874,0.16922428517824353,0.8931413861649801,True,22.90183636911789
source_11,Batch4,4,LY2109761,scaled,2.67,False,0.6823896412528665,0.19190689880860828,0.8679854757606771,True,22.06368440043478
source_11,Batch4,4,NVS-PAK1-1,scaled,2.67,False,0.5410657890401771,0.16136391817602522,0.8575316131882752,True,18.61707619688087
source_11,Batch4,4,quinidine,scaled,2.67,False,0.6469599368616754,0.1932891765994841,0.8236093721250323,False,6.279139018932444
source_11,Batch4,4,TC-S-7004,scaled,2.67,False,-0.008065279987876001,0.3090214076360169,0.8007592591750825,False,6.813212454204314
source_11,Batch4,4,aloxistatin,scaled,2.67,False,0.6525189846961987,0.1363911061653373,0.7284655658405397,True,3.113969366062209
source_11,Batch5,5,AMG900,scaled,2.67,False,0.8426436769143315,0.11312915947135026,0.8736302149856794,True,26.617088854862256
source_11,Batch5,5,dexamethasone,scaled,2.67,False,0.7728891525709547,0.17285239474297523,0.744851253458978,True,4.417269565751555
source_11,Batch5,5,FK-866,scaled,2.67,False,0.6723742722553263,0.1610887998397686,0.8420169025147127,True,13.735887193936332
source_11,Batch5,5,LY2109761,scaled,2.67,False,0.6480943258594603,0.19557666404815519,0.8429974335589652,True,13.901071780213348
source_11,Batch5,5,NVS-PAK1-1,scaled,2.67,False,0.577586019203024,0.14697813701258464,0.8613494219998297,True,11.317936256528059
source_11,Batch5,5,quinidine,scaled,2.67,False,0.6533695258692515,0.270157099049242,0.7311149697180941,False,5.1375462127540725
source_11,Batch5,5,TC-S-7004,scaled,2.67,False,0.043976807440738064,0.3351812018965944,0.7694743544567972,False,5.510477005824066
source_11,Batch5,5,aloxistatin,scaled,2.67,False,0.5620295651308089,0.14662577011043137,0.6296813430773212,True,2.617406043148187
source_11,Batch1,1,AMG900,field,0.75,False,0.9178512563168344,0.07500710963294388,,True,71.48822268819525
source_11,Batch1,1,dexamethasone,field,0.75,False,0.816247896477899,0.1031351043469466,,True,11.393406299509683
source_11,Batch1,1,FK-866,field,0.75,False,0.8332876380533742,0.23975999994974143,,True,35.3282630917807
source_11,Batch1,1,LY2109761,field,0.75,False,0.7907614251615387,0.15151661309988645,,True,36.10079588241063
source_11,Batch1,1,NVS-PAK1-1,field,0.75,False,0.7270068085577359,0.24285334595631386,,True,22.168629271372424
source_11,Batch1,1,quinidine,field,0.75,False,0.8638978647492399,0.30644832844649306,,True,13.26577545269466
source_11,Batch1,1,TC-S-7004,field,0.75,False,0.15880122034975902,0.45008163283633307,,False,14.123112668171911
source_11,Batch1,1,aloxistatin,field,0.75,False,0.4527698694149083,0.06287902220051483,,False,6.108104027495898
source_11,Batch2,2,AMG900,field,2.48,False,0.9318678091304787,0.08376262843521913,0.9577459650958233,True,67.55991403251163
source_11,Batch2,2,dexamethasone,field,2.48,False,0.8571695740450438,0.18990076674729603,0.902007356968406,True,9.492430360048198
source_11,Batch2,2,FK-866,field,2.48,False,0.7900838284750784,0.24190266790505577,0.8807191324838963,True,31.02170794400811
source_11,Batch2,2,LY2109761,field,2.48,False,0.8424021385048585,0.2687690875819297,0.9028361156994235,True,34.55770946202026
source_11,Batch2,2,NVS-PAK1-1,field,2.48,False,0.8263222660932723,0.15842493071986197,0.7760890938919955,True,28.291634222796336
source_11,Batch2,2,quinidine,field,2.48,False,0.8931385532171994,0.34104805164953594,0.8996786413151122,True,12.698636857093614
source_11,Batch2,2,TC-S-7004,field,2.48,False,0.16779500315790286,0.43285679502619695,0.9225853743349974,False,12.117750779437271
source_11,Batch2,2,aloxistatin,field,2.48,False,0.5686471459129809,0.24232501374643983,0.8184993527020981,False,5.76156797711556
source_11,Batch3,3,AMG900,field,2.96,True,0.956163803837067,0.06348690166657847,0.9371244643830002,True,94.98947557738295
source_11,Batch3,3,dexamethasone,field,2.96,True,0.8435098251519723,0.15245946966666035,0.9034638325621184,True,11.382128329960686
source_11,Batch3,3,FK-866,field,2.96,True,0.7518002405554254,0.23960805378119024,0.8772757590498553,True,34.926516623071244
source_11,Batch3,3,LY2109761,field,2.96,True,0.8634053022616388,0.22635476511983563,0.9216473164067409,True,40.27550851210139
source_11,Batch3,3,NVS-PAK1-1,field,2.96,True,0.7933839657516046,0.21106284528212813,0.9256869250388797,True,31.73033261800569
source_11,Batch3,3,quinidine,field,2.96,True,0.8504230466862287,0.29021144862783255,0.9163558984499549,True,10.475748765146315
source_11,Batch3,3,TC-S-7004,field,2.96,True,0.009626480985023078,0.41130987650379247,0.9029443311531382,False,10.945439402997273
source_11,Batch3,3,aloxistatin,field,2.96,True,0.6238725750881322,0.2178649616690003,0.8140596398524697,True,4.7261865516165855
source_11,Batch4,4,AMG900,field,2.67,False,0.9612175207285802,0.09212289808499,0.9376891336071298,True,98.20276113063782
source_11,Batch4,4,dexamethasone,field,2.67,False,0.8443025535035313,0.17517102780478425,0.8877912963771974,True,10.982316735893022
source_11,Batch4,4,FK-866,field,2.67,False,0.8217143404194839,0.2837852688275086,0.9232831888637253,True,35.40999413434269
source_11,Batch4,4,LY2109761,field,2.67,False,0.8615227362265644,0.25371609043561394,0.9291796935742456,True,41.24005460188532
source_11,Batch4,4,NVS-PAK1-1,field,2.67,False,0.8010599267592138,0.23296189762057873,0.9242326308226687,True,34.94026738146269
source_11,Batch4,4,quinidine,field,2.67,False,0.8118937990874715,0.3230059700593925,0.8713740623679176,False,10.25638362899837
source_11,Batch4,4,TC-S-7004,field,2.67,False,0.10661025959637793,0.4705464406190942,0.8862591008894058,False,11.112984478051064
source_11,Batch4,4,aloxistatin,field,2.67,False,0.6405705006899769,0.2534364418623807,0.7773802004704191,True,5.779357535786711
source_11,Batch5,5,AMG900,field,2.67,False,0.9326147783749178,0.0653826810468878,0.9295400803893592,True,73.69903954961444
source_11,Batch5,5,dexamethasone,field,2.67,False,0.892776938169332,0.2519072943003618,0.8359842375430073,True,9.444013060582524
source_11,Batch5,5,FK-866,field,2.67,False,0.7671719935250821,0.1256327408592413,0.8957783599339075,True,30.998337478314454
source_11,Batch5,5,LY2109761,field,2.67,False,0.8121683796234404,0.18262648986113403,0.9563853174939188,True,31.945087961233963
source_11,Batch5,5,NVS-PAK1-1,field,2.67,False,0.7843559571721039,0.11819502720578114,0.8881728238616824,True,23.202261635632375
source_11,Batch5,5,quinidine,field,2.67,False,0.878319114991619,0.3535560362944091,0.8774378675169556,True,11.695892987759963
source_11,Batch5,5,TC-S-7004,field,2.67,False,0.03629535521263863,0.4619648864100449,0.9180723492853207,False,11.478471025358207
source_11,Batch5,5,aloxistatin,field,2.67,False,0.6123847773170552,0.1821715244404527,0.8181448701964497,True,6.045167580328665
source_15,2021_12_03_Batch1,1,AMG900,raw,0.8,False,0.8749164206366973,0.1587112367738018,,True,61.94209422277717
source_15,2021_12_03_Batch1,1,dexamethasone,raw,0.8,False,0.5978780881215788,0.13347459655972255,,True,9.724999215557212
source_15,2021_12_03_Batch1,1,FK-866,raw,0.8,False,0.7689014217766481,0.41601933634961313,,True,24.03957009680292
source_15,2021_12_03_Batch1,1,LY2109761,raw,0.8,False,0.6538460736382266,0.14093170129129964,,True,24.24761402274006
source_15,2021_12_03_Batch1,1,NVS-PAK1-1,raw,0.8,False,0.6965150221431233,0.2623773726582738,,True,25.222093430812688
source_15,2021_12_03_Batch1,1,quinidine,raw,0.8,False,0.3682342279859386,0.21265250375998823,,False,4.4541794883792285
source_15,2021_12_03_Batch1,1,TC-S-7004,raw,0.8,False,0.731720278432922,0.22506875523105085,,False,73.27557000467422
source_15,2021_12_03_Batch1,1,aloxistatin,raw,0.8,False,0.329644074820698,0.1446499894104372,,False,7.850578171977734
source_15,2021_12_17_Batch1,2,AMG900,raw,2.95,False,0.8655754856429861,0.17199664287089092,0.9773761883653838,True,60.3995190071041
source_15,2021_12_17_Batch1,2,dexamethasone,raw,2.95,False,0.12150233996224039,0.33351131714889576,0.1438073342196724,False,27.5761720771799
source_15,2021_12_17_Batch1,2,FK-866,raw,2.95,False,0.8331539911946474,0.4188655241931348,0.9007302766489755,True,23.935107325963532
source_15,2021_12_17_Batch1,2,LY2109761,raw,2.95,False,0.6482785713845928,0.18350425618842237,0.8289851030088122,True,25.135306778990692
source_15,2021_12_17_Batch1,2,NVS-PAK1-1,raw,2.95,False,0.8021673409551546,0.29239595122508927,0.8710108727317626,True,23.306628378832553
source_15,2021_12_17_Batch1,2,quinidine,raw,2.95,False,0.40267898176153927,0.24564003248470132,0.6519784655030448,False,8.707038086166188
source_15,2021_12_17_Batch1,2,TC-S-7004,raw,2.95,False,0.7293816402035681,0.2216837657053972,0.976932449951018,False,69.62786458078197
source_15,2021_12_17_Batch1,2,aloxistatin,raw,2.95,False,0.19788261966840331,0.03858133001635801,0.6681706787764234,False,9.246206100871218
source_15,2022_02_17_Batch1,3,AMG900,raw,1.5,False,0.8764074878911792,0.186165391958649,0.985365138815477,True,67.50862650843271
source_15,2022_02_17_Batch1,3,dexamethasone,raw,1.5,False,0.6007210486512989,0.12896947793318886,0.9629440690731741,True,13.145969073683123
source_15,2022_02_17_Batch1,3,FK-866,raw,1.5,False,0.8284608920887555,0.35444330585150313,0.8497821750643969,True,24.28106070944353
source_15,2022_02_17_Batch1,3,LY2109761,raw,1.5,False,0.664923935642642,0.11826285512146191,0.9687173948635184,True,32.22921983271091
source_15,2022_02_17_Batch1,3,NVS-PAK1-1,raw,1.5,False,0.7424650195840732,0.3040100136536399,0.9574649447264806,True,28.864015683913323
source_15,2022_02_17_Batch1,3,quinidine,raw,1.5,False,0.27126260287743487,0.18642609108854963,0.9545084001445577,False,7.0495174273053145
source_15,2022_02_17_Batch1,3,TC-S-7004,raw,1.5,False,0.7506265662934586,0.24378675005514258,0.9759047419313248,False,82.445171873818
source_15,2022_02_17_Batch1,3,aloxistatin,raw,1.5,False,0.304300631972804,0.10747684951315149,0.9516420047448728,False,8.918776032641016
source_15,2022_02_22_Batch1,4,AMG900,raw,1.59,False,0.8814267934693898,0.18123679988948932,0.9861456156528376,True,67.8408551862568
source_15,2022_02_22_Batch1,4,dexamethasone,raw,1.59,False,0.6304619023103875,0.1268713371558496,0.9650744296976895,True,12.201911426309158
source_15,2022_02_22_Batch1,4,FK-866,raw,1.59,False,0.8460668936295964,0.36507799657529577,0.8863351921830191,True,24.096684051882
source_15,2022_02_22_Batch1,4,LY2109761,raw,1.59,False,0.6747426318789893,0.12798419240702558,0.9646469329164697,True,31.29551114282966
source_15,2022_02_22_Batch1,4,NVS-PAK1-1,raw,1.59,False,0.7592435598531961,0.30389251653727795,0.9573672035809899,True,29.115650638671926
source_15,2022_02_22_Batch1,4,quinidine,raw,1.59,False,0.24548849700596093,0.17168878744216906,0.9379515092100537,False,6.468265386543811
source_15,2022_02_22_Batch1,4,TC-S-7004,raw,1.59,False,0.7422400908575123,0.22974141343296056,0.9758320907767406,False,84.44346427131023
source_15,2022_02_22_Batch1,4,aloxistatin,raw,1.59,False,0.34359861768028616,0.11599472847374559,0.9413703771133831,False,8.384721551185882
source_15,2022_02_28_Batch1,5,AMG900,raw,1.72,False,0.8841247756500878,0.13406229854324134,0.9882220519551028,True,61.462958000394146
source_15,2022_02_28_Batch1,5,dexamethasone,raw,1.72,False,0.5834313309200297,0.1640185703825018,0.8563035752871982,True,7.793264573055282
source_15,2022_02_28_Batch1,5,FK-866,raw,1.72,False,0.8392897886038342,0.33204025694211836,0.8471123965012287,True,21.07390649827186
source_15,2022_02_28_Batch1,5,LY2109761,raw,1.72,False,0.6190055422841645,0.14939131396977157,0.9806621924609069,True,23.630305909192113
source_15,2022_02_28_Batch1,5,NVS-PAK1-1,raw,1.72,False,0.6551401700435635,0.23493413453168463,0.9594744164432667,True,23.41890663509007
source_15,2022_02_28_Batch1,5,quinidine,raw,1.72,False,0.4126722412247343,0.264501018431832,0.6727697969495359,True,4.148854644654062
source_15,2022_02_28_Batch1,5,TC-S-7004,raw,1.72,False,0.7746173000564713,0.2584378660415418,0.9850163729103508,False,74.22082321261047
source_15,2022_02_28_Batch1,5,aloxistatin,raw,1.72,False,0.3615191100226638,0.21742257548672655,0.8099017737389633,False,5.39021745853248
source_15,2022_03_23_Batch1,6,AMG900,raw,1.97,False,0.8613516198494655,0.13981170490241476,0.9745353639255241,True,58.5810762620161
source_15,2022_03_23_Batch1,6,dexamethasone,raw,1.97,False,0.5062431612139238,0.27860185423889045,0.8088140832745909,True,10.646646082778828
source_15,2022_03_23_Batch1,6,FK-866,raw,1.97,False,0.7883912972700557,0.37220745080243445,0.9019415175475733,True,24.441939418219366
source_15,2022_03_23_Batch1,6,LY2109761,raw,1.97,False,0.6612513013941672,0.14404463828811712,0.9728826232387374,True,22.048355596599272
source_15,2022_03_23_Batch1,6,NVS-PAK1-1,raw,1.97,False,0.5942851042235888,0.16825465736476833,0.8890084176789095,True,23.11263719177637
source_15,2022_03_23_Batch1,6,quinidine,raw,1.97,False,0.28351587139610285,0.15333456735678203,0.8146680379796883,False,6.865960164939608
source_15,2022_03_23_Batch1,6,TC-S-7004,raw,1.97,False,0.7365476476501941,0.24073011521481336,0.9790280989483372,True,74.61906431934712
source_15,2022_03_23_Batch1,6,aloxistatin,raw,1.97,False,0.31332490710505534,0.08977319330438942,0.8925434601408192,False,7.898141704292491
source_15,2021_12_03_Batch1,1,AMG900,own,0.8,False,0.869848011818191,0.11032459057221701,,True,265.0619855814811
source_15,2021_12_03_Batch1,1,dexamethasone,own,0.8,False,0.7040577914487802,0.14272264090454007,,True,28.765201268972785
source_15,2021_12_03_Batch1,1,FK-866,own,0.8,False,0.6569296642483501,0.3753190412463674,,True,91.33602507587408
source_15,2021_12_03_Batch1,1,LY2109761,own,0.8,False,0.710727536174658,0.1503428189514619,,True,79.84460121204624
source_15,2021_12_03_Batch1,1,NVS-PAK1-1,own,0.8,False,0.7632919496323762,0.1919491758447813,,True,102.33579439371549
source_15,2021_12_03_Batch1,1,quinidine,own,0.8,False,0.45170531075617415,0.24260080609458592,,False,12.230778776564655
source_15,2021_12_03_Batch1,1,TC-S-7004,own,0.8,False,0.6658624326597569,0.20980811375274816,,False,418.56564589981326
source_15,2021_12_03_Batch1,1,aloxistatin,own,0.8,False,0.41596053297106794,0.17947017131345483,,False,21.009407313233037
source_15,2021_12_17_Batch1,2,AMG900,own,2.95,False,0.8063963290777464,0.10876101219577494,0.9438201980842366,True,123.38377837668399
source_15,2021_12_17_Batch1,2,dexamethasone,own,2.95,False,0.04715234621083386,0.2812369625083507,0.07648074726592727,False,50.497823767448445
source_15,2021_12_17_Batch1,2,FK-866,own,2.95,False,0.8206782699579311,0.371858582921144,0.8563001984082728,True,49.45727117208547
source_15,2021_12_17_Batch1,2,LY2109761,own,2.95,False,0.7298673739425092,0.1656021904485024,0.9054558500030613,True,52.56801873102954
source_15,2021_12_17_Batch1,2,NVS-PAK1-1,own,2.95,False,0.8059866796624605,0.18991084947252018,0.9271929338496728,True,57.83323477850625
source_15,2021_12_17_Batch1,2,quinidine,own,2.95,False,0.529144414995792,0.2948758961663766,0.79969821874357,False,11.79048460101265
source_15,2021_12_17_Batch1,2,TC-S-7004,own,2.95,False,0.5834800606202863,0.16283715255557626,0.9597276060901837,False,296.43790170889935
source_15,2021_12_17_Batch1,2,aloxistatin,own,2.95,False,0.3244321978817166,0.054933781688484666,0.8242572143073732,False,13.469663913475326
source_15,2022_02_17_Batch1,3,AMG900,own,1.5,False,0.8804364716400843,0.07809962862597956,0.9720635642326898,True,371.13126603683503
source_15,2022_02_17_Batch1,3,dexamethasone,own,1.5,False,0.7389462252834703,0.13871336890319022,0.9265330663713273,True,48.88082740016838
source_15,2022_02_17_Batch1,3,FK-866,own,1.5,False,0.8158479553304554,0.2991827630972832,0.7115029741253163,True,107.88230819415355
source_15,2022_02_17_Batch1,3,LY2109761,own,1.5,False,0.7360257759720252,0.12860814242140237,0.9461539585650918,True,141.55364591856184
source_15,2022_02_17_Batch1,3,NVS-PAK1-1,own,1.5,False,0.777239282429687,0.21021489606810437,0.9546975639222879,True,138.56408972814563
source_15,2022_02_17_Batch1,3,quinidine,own,1.5,False,0.3955864738626388,0.21457388084602025,0.9221359145837057,False,25.03681034727432
source_15,2022_02_17_Batch1,3,TC-S-7004,own,1.5,False,0.6809745272803273,0.19154571322287445,0.9826596537649568,False,504.5159635361112
source_15,2022_02_17_Batch1,3,aloxistatin,own,1.5,False,0.4195641135402436,0.12951148115397398,0.9257737685412502,False,32.612249607882525
source_15,2022_02_22_Batch1,4,AMG900,own,1.59,False,0.8777345050826504,0.08134878922710553,0.9676871183896149,True,357.2198113356007
source_15,2022_02_22_Batch1,4,dexamethasone,own,1.59,False,0.7559912960933362,0.12315170907632218,0.9446700657627936,True,45.34938017789097
source_15,2022_02_22_Batch1,4,FK-866,own,1.59,False,0.8362176565712981,0.30145315875935336,0.7563575345340829,True,105.351053195737
source_15,2022_02_22_Batch1,4,LY2109761,own,1.59,False,0.7350358359857317,0.1125097649104958,0.9274397982378658,True,128.9632504195904
source_15,2022_02_22_Batch1,4,NVS-PAK1-1,own,1.59,False,0.7921117134234608,0.19602370631550775,0.9549259246632039,True,141.4056464857634
source_15,2022_02_22_Batch1,4,quinidine,own,1.59,False,0.35557579125099237,0.19064735905254362,0.8955244306518595,False,21.68100777869474
source_15,2022_02_22_Batch1,4,TC-S-7004,own,1.59,False,0.6248985410219987,0.1725658120399442,0.9659437040753711,False,551.4056486033422
source_15,2022_02_22_Batch1,4,aloxistatin,own,1.59,False,0.435302455973995,0.14302413109096662,0.9273300866550358,False,28.505017783767297
source_15,2022_02_28_Batch1,5,AMG900,own,1.72,False,0.8453821538033836,0.09653987940676459,0.9518101609880735,True,132.2197462108525
source_15,2022_02_28_Batch1,5,dexamethasone,own,1.72,False,0.620763050225165,0.17074848552676056,0.7839984338544457,True,13.9231199431277
source_15,2022_02_28_Batch1,5,FK-866,own,1.72,False,0.8206240546816562,0.28975040676563796,0.7780451019943142,True,43.862042443602284
source_15,2022_02_28_Batch1,5,LY2109761,own,1.72,False,0.6521059938955684,0.15790074846544375,0.9542875329400555,True,46.98420565011368
source_15,2022_02_28_Batch1,5,NVS-PAK1-1,own,1.72,False,0.6884331180563846,0.1822735343450099,0.9232130644122697,True,46.31770925495222
source_15,2022_02_28_Batch1,5,quinidine,own,1.72,False,0.3780775119166184,0.23578043077037109,0.726936091821829,True,9.517224222466679
source_15,2022_02_28_Batch1,5,TC-S-7004,own,1.72,False,0.6967337382427565,0.25529539381181543,0.9203975849675188,False,206.08954743413236
source_15,2022_02_28_Batch1,5,aloxistatin,own,1.72,False,0.34855903938433697,0.20780145944335637,0.8091740105420264,False,10.009888395395661
source_15,2022_03_23_Batch1,6,AMG900,own,1.97,False,0.8426429156099682,0.09781007743694535,0.9164197022489763,True,81.42628707336809
source_15,2022_03_23_Batch1,6,dexamethasone,own,1.97,False,0.5013675539161945,0.2750667680348719,0.7761477543749237,False,15.74602481989681
source_15,2022_03_23_Batch1,6,FK-866,own,1.97,False,0.7404929198643913,0.322503373314178,0.8337418716990372,True,38.28330930988531
source_15,2022_03_23_Batch1,6,LY2109761,own,1.97,False,0.672194313401995,0.14920259791793877,0.9515325759873254,True,36.24103181543186
source_15,2022_03_23_Batch1,6,NVS-PAK1-1,own,1.97,False,0.6158456482773206,0.09678342231206741,0.821884305583523,True,34.20779354623244
source_15,2022_03_23_Batch1,6,quinidine,own,1.97,False,0.28452945193375306,0.13312922559322687,0.7923922655590909,False,11.122177806674577
source_15,2022_03_23_Batch1,6,TC-S-7004,own,1.97,False,0.6898818602795516,0.22087166564227498,0.858236480750258,True,148.53985781874653
source_15,2022_03_23_Batch1,6,aloxistatin,own,1.97,False,0.2972715140536876,0.14202325589385048,0.8441890340165621,False,11.87912153114094
source_15,2021_12_03_Batch1,1,AMG900,scaled,0.8,False,0.7363428669302151,0.06951926068875802,,True,43.256792925940296
source_15,2021_12_03_Batch1,1,dexamethasone,scaled,0.8,False,0.5836322221210566,0.07867724783982447,,True,6.432524245158344
source_15,2021_12_03_Batch1,1,FK-866,scaled,0.8,False,0.6705305910414625,0.22761428277534673,,True,19.126958072215
source_15,2021_12_03_Batch1,1,LY2109761,scaled,0.8,False,0.6284797007030243,0.0655227207892068,,True,18.53180211513569
source_15,2021_12_03_Batch1,1,NVS-PAK1-1,scaled,0.8,False,0.5169098865634885,0.15694001033133906,,True,18.14934587559203
source_15,2021_12_03_Batch1,1,quinidine,scaled,0.8,False,0.33498372545505206,0.12515652143953365,,False,3.0195297000573245
source_15,2021_12_03_Batch1,1,TC-S-7004,scaled,0.8,False,0.6625558148315005,0.12863756208196392,,True,51.36745378088391
source_15,2021_12_03_Batch1,1,aloxistatin,scaled,0.8,False,0.10841383338781925,0.05460169683927786,,False,4.687899554596624
source_15,2021_12_17_Batch1,2,AMG900,scaled,2.95,False,0.686050412718205,0.09867157421255283,0.9228508670197496,True,22.67197903370919
source_15,2021_12_17_Batch1,2,dexamethasone,scaled,2.95,False,-0.006703713481074715,0.22957944086509435,-0.0608719529906485,False,9.669306803029238
source_15,2021_12_17_Batch1,2,FK-866,scaled,2.95,False,0.6723450575103306,0.2500689769909508,0.8454372496980959,True,9.915766494435749
source_15,2021_12_17_Batch1,2,LY2109761,scaled,2.95,False,0.590219350917571,0.10525137963226947,0.7568610594383767,True,9.513709116272322
source_15,2021_12_17_Batch1,2,NVS-PAK1-1,scaled,2.95,False,0.6048564090559704,0.18683644446177564,0.7901370001403616,True,9.493114729649815
source_15,2021_12_17_Batch1,2,quinidine,scaled,2.95,False,0.21713961694056988,0.13324777974983248,0.3310810553579496,False,2.968432726445664
source_15,2021_12_17_Batch1,2,TC-S-7004,scaled,2.95,False,0.6977372473568592,0.16607604703611756,0.9128863301051391,True,26.792336891902774
source_15,2021_12_17_Batch1,2,aloxistatin,scaled,2.95,False,0.001693852617535213,-0.07290848454770564,0.35838076081350717,False,3.3274000843708444
source_15,2022_02_17_Batch1,3,AMG900,scaled,1.5,False,0.7467470790279154,0.08857673832271509,0.9568327654656477,True,68.21963708600222
source_15,2022_02_17_Batch1,3,dexamethasone,scaled,1.5,False,0.6100104485481577,0.062472474608913295,0.9275141763594915,True,12.245061801616586
source_15,2022_02_17_Batch1,3,FK-866,scaled,1.5,False,0.7379431205469871,0.20259493334666076,0.8575135224270618,True,24.5669225826777
source_15,2022_02_17_Batch1,3,LY2109761,scaled,1.5,False,0.633608692153566,0.05638877265143238,0.9412358975179743,True,34.96492963535378
source_15,2022_02_17_Batch1,3,NVS-PAK1-1,scaled,1.5,False,0.5416478012884526,0.1582942541497285,0.9276825140466729,True,28.877650625397827
source_15,2022_02_17_Batch1,3,quinidine,scaled,1.5,False,0.263538856133558,0.09287797538064645,0.8672924769978567,False,5.999986422389713
source_15,2022_02_17_Batch1,3,TC-S-7004,scaled,1.5,False,0.6541570463566584,0.1261237371492458,0.9483370789464936,True,77.36875788293716
source_15,2022_02_17_Batch1,3,aloxistatin,scaled,1.5,False,0.05374561397331972,0.03470499879889478,0.8536620120178094,False,6.955601863435115
source_15,2022_02_22_Batch1,4,AMG900,scaled,1.59,False,0.7529936095547165,0.09740865308240566,0.9596938484732367,True,64.93510421550226
source_15,2022_02_22_Batch1,4,dexamethasone,scaled,1.59,False,0.6460995734126892,0.06566378627298211,0.9353175009315146,True,10.929579535379634
source_15,2022_02_22_Batch1,4,FK-866,scaled,1.59,False,0.7593687056303624,0.2007595773191751,0.8817935170284765,True,24.354821536404973
source_15,2022_02_22_Batch1,4,LY2109761,scaled,1.59,False,0.6283236862417936,0.05970949844305018,0.9357645670445057,True,31.94028580377504
source_15,2022_02_22_Batch1,4,NVS-PAK1-1,scaled,1.59,False,0.5626189215451491,0.1634834635673932,0.9309227699225454,True,28.551798853235557
source_15,2022_02_22_Batch1,4,quinidine,scaled,1.59,False,0.22298193608245762,0.0741621374814516,0.8811476379338066,False,5.257338478038836
source_15,2022_02_22_Batch1,4,TC-S-7004,scaled,1.59,False,0.6757362030862968,0.12718610137132932,0.9584959831221164,True,77.20974226966804
source_15,2022_02_22_Batch1,4,aloxistatin,scaled,1.59,False,0.13985540608028954,0.03372906544133205,0.8512771570295501,False,6.396361457447588
source_15,2022_02_28_Batch1,5,AMG900,scaled,1.72,False,0.6985545340353236,0.031002137162186694,0.925300106107931,True,26.175394815808254
source_15,2022_02_28_Batch1,5,dexamethasone,scaled,1.72,False,0.6050501945675515,0.09715395814764306,0.8502935251735748,True,3.96165420798438
source_15,2022_02_28_Batch1,5,FK-866,scaled,1.72,False,0.6533710432408112,0.19745729074006174,0.8093470870600796,True,9.611442244592377
source_15,2022_02_28_Batch1,5,LY2109761,scaled,1.72,False,0.5739429940312437,0.0795823629764744,0.9436169995093889,True,11.869316331378132
source_15,2022_02_28_Batch1,5,NVS-PAK1-1,scaled,1.72,False,0.3797516055121588,0.08527502272622019,0.8622142012486711,True,9.968810994718915
source_15,2022_02_28_Batch1,5,quinidine,scaled,1.72,False,0.2288268906846372,0.13564631418716724,0.6963176272853717,False,2.0200828254924277
source_15,2022_02_28_Batch1,5,TC-S-7004,scaled,1.72,False,0.6559213344211554,0.12512465620622254,0.8826472275772186,True,27.816501988340498
source_15,2022_02_28_Batch1,5,aloxistatin,scaled,1.72,False,0.18203206361430638,0.057450901797166075,0.7624613413503839,False,2.460851303054161
source_15,2022_03_23_Batch1,6,AMG900,scaled,1.97,False,0.6745841988570628,0.048884691403618355,0.890276968861755,True,17.453412631815628
source_15,2022_03_23_Batch1,6,dexamethasone,scaled,1.97,False,0.3735153144930746,0.19208786146496504,0.6279399300669305,True,3.1746328266116577
source_15,2022_03_23_Batch1,6,FK-866,scaled,1.97,False,0.6056647784888278,0.2051882350850648,0.8334672422106877,True,8.517291681437413
source_15,2022_03_23_Batch1,6,LY2109761,scaled,1.97,False,0.5753651809018199,0.0651820389693908,0.9188217733631892,True,8.288928784957161
source_15,2022_03_23_Batch1,6,NVS-PAK1-1,scaled,1.97,False,0.3389487968291595,0.08042445523104715,0.7621324118195393,True,7.060964645433015
source_15,2022_03_23_Batch1,6,quinidine,scaled,1.97,False,0.14900528553161435,0.07602593496646455,0.7019802706019023,False,2.061141074421179
source_15,2022_03_23_Batch1,6,TC-S-7004,scaled,1.97,False,0.6215452839722733,0.12831283598380133,0.8609322515727271,True,20.88692607584314
source_15,2022_03_23_Batch1,6,aloxistatin,scaled,1.97,False,0.19644378075595503,0.003149922553632765,0.8043314319655229,True,2.418496453186073
source_15,2021_12_03_Batch1,1,AMG900,field,0.8,False,0.9016731080264986,0.125964338773134,,True,115.99672143865735
source_15,2021_12_03_Batch1,1,dexamethasone,field,0.8,False,0.7461061732149765,0.1694784431037181,,True,11.701145777110641
source_15,2021_12_03_Batch1,1,FK-866,field,0.8,False,0.7735369011683133,0.42724044123961347,,True,43.82461776978721
source_15,2021_12_03_Batch1,1,LY2109761,field,0.8,False,0.6875116501431636,0.1867230850352674,,True,29.62949020896936
source_15,2021_12_03_Batch1,1,NVS-PAK1-1,field,0.8,False,0.7908024977401875,0.28632116554449816,,True,42.644438842477356
source_15,2021_12_03_Batch1,1,quinidine,field,0.8,False,0.6200153388507448,0.25035180908594146,,False,5.364896240239036
source_15,2021_12_03_Batch1,1,TC-S-7004,field,0.8,False,0.7376174300903875,0.23955005081123878,,False,140.5216028422653
source_15,2021_12_03_Batch1,1,aloxistatin,field,0.8,False,0.49201604051665804,0.2071948096016693,,False,8.657476912938508
source_15,2021_12_17_Batch1,2,AMG900,field,2.95,False,0.7097295946735469,0.07763478958023239,0.8039708764707764,True,53.54517668171786
source_15,2021_12_17_Batch1,2,dexamethasone,field,2.95,False,0.11520370111282396,0.32784041130285385,0.11188044805244571,False,15.816500039017903
source_15,2021_12_17_Batch1,2,FK-866,field,2.95,False,0.8615023814060774,0.3580982275763632,0.8876508291623461,True,32.2569537040715
source_15,2021_12_17_Batch1,2,LY2109761,field,2.95,False,0.780166698007636,0.19106278058602433,0.8992294733784721,True,28.401166584478542
source_15,2021_12_17_Batch1,2,NVS-PAK1-1,field,2.95,False,0.8585759094991131,0.258513452905022,0.9476772176576332,True,35.23305184749679
source_15,2021_12_17_Batch1,2,quinidine,field,2.95,False,0.6758612925654021,0.3195867410798735,0.7690725212416215,False,7.87753684080831
source_15,2021_12_17_Batch1,2,TC-S-7004,field,2.95,False,0.6901901865289548,0.19918190325950352,0.973747356915244,False,120.5804386921574
source_15,2021_12_17_Batch1,2,aloxistatin,field,2.95,False,0.4533501881702262,0.09124554294679475,0.8215942958223272,False,7.253379735982743
source_15,2022_02_17_Batch1,3,AMG900,field,1.5,False,0.8954668035810833,0.14182080658933646,0.9844790497011746,True,130.08768841315106
source_15,2022_02_17_Batch1,3,dexamethasone,field,1.5,False,0.7202548076135973,0.15117543568989572,0.9118408273633332,True,16.96416852917198
source_15,2022_02_17_Batch1,3,FK-866,field,1.5,False,0.8417146333017874,0.3531587757288023,0.8493989325509048,True,43.12378612588002
source_15,2022_02_17_Batch1,3,LY2109761,field,1.5,False,0.7145520438493345,0.1549870633897333,0.9074449550850193,True,47.13542283295229
source_15,2022_02_17_Batch1,3,NVS-PAK1-1,field,1.5,False,0.8040725824500294,0.30686073109468204,0.9673446345300021,True,50.73373208495936
source_15,2022_02_17_Batch1,3,quinidine,field,1.5,False,0.5371528199940263,0.23045593059397046,0.9005633998217882,False,8.600912818884291
source_15,2022_02_17_Batch1,3,TC-S-7004,field,1.5,False,0.7277018030644089,0.2250684090315131,0.9743129032161805,False,163.8819357496121
source_15,2022_02_17_Batch1,3,aloxistatin,field,1.5,False,0.45467891722413517,0.1519085411477991,0.9053316100000934,False,11.355541470340492
source_15,2022_02_22_Batch1,4,AMG900,field,1.59,False,0.9015322095772024,0.12942531446991346,0.9833679969153267,True,128.69381861731267
source_15,2022_02_22_Batch1,4,dexamethasone,field,1.59,False,0.7678176901710894,0.13563150817968994,0.9441631105058428,True,15.655408971363448
source_15,2022_02_22_Batch1,4,FK-866,field,1.59,False,0.8637221164753511,0.36735386308317597,0.8889753554403286,True,42.10356581922512
source_15,2022_02_22_Batch1,4,LY2109761,field,1.59,False,0.6945348949618533,0.11783534445123814,0.8988872868082264,True,39.89098155606186
source_15,2022_02_22_Batch1,4,NVS-PAK1-1,field,1.59,False,0.8171180480338478,0.2930619658282727,0.9699675969887995,True,50.698981749318534
source_15,2022_02_22_Batch1,4,quinidine,field,1.59,False,0.4908988314186042,0.19334999781745363,0.893252069135718,False,8.004565055664575
source_15,2022_02_22_Batch1,4,TC-S-7004,field,1.59,False,0.705142097409305,0.20633545525361466,0.9614907301182012,False,163.65277698361464
source_15,2022_02_22_Batch1,4,aloxistatin,field,1.59,False,0.4541818730819276,0.1498486560133978,0.9189493719933779,False,10.203540689576357
source_15,2022_02_28_Batch1,5,AMG900,field,1.72,False,0.9137979721188904,0.07291075388786039,0.963676103505875,True,96.18498711268407
source_15,2022_02_28_Batch1,5,dexamethasone,field,1.72,False,0.7634999175517857,0.1617262016513657,0.8295948452524462,True,9.4537669791982
source_15,2022_02_28_Batch1,5,FK-866,field,1.72,False,0.9017972156436819,0.31540497926442695,0.8249077262334013,True,31.17113066345657
source_15,2022_02_28_Batch1,5,LY2109761,field,1.72,False,0.601641262371156,0.12955312563630894,0.9356532424557474,True,27.155722264975655
source_15,2022_02_28_Batch1,5,NVS-PAK1-1,field,1.72,False,0.7022810592579267,0.22089383082618902,0.8750446314123848,True,26.68397865296976
source_15,2022_02_28_Batch1,5,quinidine,field,1.72,False,0.5354493241716338,0.23126711114380516,0.8418173157662047,True,5.297466333021283
source_15,2022_02_28_Batch1,5,TC-S-7004,field,1.72,False,0.7495378358467718,0.3200318780829366,0.8813555234194485,False,81.66718220251516
source_15,2022_02_28_Batch1,5,aloxistatin,field,1.72,False,0.47151486942713516,0.2299526666615208,0.7907372913890112,False,6.195886547857036
source_15,2022_03_23_Batch1,6,AMG900,field,1.97,False,0.7211439108147607,0.04803839302657292,0.7923194092787,True,46.171303273904904
source_15,2022_03_23_Batch1,6,dexamethasone,field,1.97,False,0.6329204747168187,0.3315529060514298,0.8098412118629412,True,10.860315147078829
source_15,2022_03_23_Batch1,6,FK-866,field,1.97,False,0.7948219634692555,0.3046945426496631,0.8300450274957205,True,34.84448690239664
source_15,2022_03_23_Batch1,6,LY2109761,field,1.97,False,0.6717318221749253,0.1873540883250173,0.8955607010756976,True,25.568209116738995
source_15,2022_03_23_Batch1,6,NVS-PAK1-1,field,1.97,False,0.6000624071330691,0.09863758356044149,0.7555719274506515,True,25.83607805993464
source_15,2022_03_23_Batch1,6,quinidine,field,1.97,False,0.4180548714061597,0.2070156728838006,0.8085492874707849,False,6.701164603984947
source_15,2022_03_23_Batch1,6,TC-S-7004,field,1.97,False,0.6948371687294516,0.2724765954031079,0.8213157234012065,True,65.68866854034232
source_15,2022_03_23_Batch1,6,aloxistatin,field,1.97,False,0.48616893910672804,0.15831166220992895,0.8873911075878423,True,7.996248195417349
source_2,20210607_Batch_2,1,AMG900,raw,0.4,False,0.9024081733900828,0.10713790804972725,,True,51.62208767540469
source_2,20210607_Batch_2,1,dexamethasone,raw,0.4,False,0.8545754707206723,0.32581751912182166,,True,8.34985761801322
source_2,20210607_Batch_2,1,FK-866,raw,0.4,False,0.8448990209652005,0.2974930801766612,,True,25.224190990115996
source_2,20210607_Batch_2,1,LY2109761,raw,0.4,False,0.9148944448243937,0.32421890316888735,,True,30.405728699948607
source_2,20210607_Batch_2,1,NVS-PAK1-1,raw,0.4,False,0.858829756474955,0.2815536973288139,,True,25.387228139901016
source_2,20210607_Batch_2,1,quinidine,raw,0.4,False,0.6388515523564188,0.37901293061294755,,True,5.403999675208392
source_2,20210607_Batch_2,1,TC-S-7004,raw,0.4,False,0.7745847378830674,0.23173806674608483,,True,39.99982703981005
source_2,20210607_Batch_2,1,aloxistatin,raw,0.4,False,0.29726944876818684,0.12093921973245358,,False,4.039270688789533
source_2,20210614_Batch_1,2,AMG900,raw,1.02,False,0.8952928085041878,0.1100985845624519,0.993856977236864,True,50.89910798166263
source_2,20210614_Batch_1,2,dexamethasone,raw,1.02,False,0.7215212642398929,0.24348346903328308,0.8981985500631868,True,10.722304488675316
source_2,20210614_Batch_1,2,FK-866,raw,1.02,False,0.7785773006614611,0.2748637890268521,0.9672025834771927,True,26.689753354367042
source_2,20210614_Batch_1,2,LY2109761,raw,1.02,False,0.9093137435652069,0.31932123763500553,0.9915639767082122,True,30.141849796686145
source_2,20210614_Batch_1,2,NVS-PAK1-1,raw,1.02,False,0.8275913257967659,0.26234252658258556,0.9843834606313957,True,24.36873979337956
source_2,20210614_Batch_1,2,quinidine,raw,1.02,False,0.39417605952425877,0.2074066993687991,0.8100315144194148,True,5.77848864805768
source_2,20210614_Batch_1,2,TC-S-7004,raw,1.02,False,0.7564177964519226,0.205876382093723,0.991148640180258,True,38.845882035969375
source_2,20210614_Batch_1,2,aloxistatin,raw,1.02,False,0.1644246993704053,0.07802655568086296,0.8125513806411514,False,7.802047305307062
source_2,20210621_Batch_3,3,AMG900,raw,6.5,False,0.8318103843543808,0.13898211795189933,0.8920878848998306,True,39.069259820875686
source_2,20210621_Batch_3,3,dexamethasone,raw,6.5,False,0.6756160821031316,0.27974848565454274,0.7754426479006735,True,12.30823268692955
source_2,20210621_Batch_3,3,FK-866,raw,6.5,False,0.6985015228284424,0.2682206056395457,0.7883570184867806,True,23.469638453405647
source_2,20210621_Batch_3,3,LY2109761,raw,6.5,False,0.8673973229934959,0.2503983928540763,0.9284374811087752,True,27.29707805462998
source_2,20210621_Batch_3,3,NVS-PAK1-1,raw,6.5,False,0.7813113841831308,0.17672039804224665,0.8667960401494099,True,23.322980653643125
source_2,20210621_Batch_3,3,quinidine,raw,6.5,False,0.35868331445469587,0.248119414057941,0.602042702008639,False,6.475919714969162
source_2,20210621_Batch_3,3,TC-S-7004,raw,6.5,False,0.6210789773253904,0.2298590926851086,0.8034276883849444,True,33.99876770005175
source_2,20210621_Batch_3,3,aloxistatin,raw,6.5,False,0.2569981426092971,0.09266040367221827,0.651059234550421,False,7.207264415407572
source_2,20210712_Batch_5,4,AMG900,raw,1.73,False,0.8949701840571287,0.12138536107431067,0.9831234910115006,True,49.42101935441291
source_2,20210712_Batch_5,4,dexamethasone,raw,1.73,False,0.8920559726403886,0.2518155683173887,0.8735706389559883,True,10.130822841745044
source_2,20210712_Batch_5,4,FK-866,raw,1.73,False,0.8601868435922344,0.27261370149496483,0.9571866814947594,True,23.505766071598455
source_2,20210712_Batch_5,4,LY2109761,raw,1.73,False,0.9119343364991629,0.2951395004074409,0.9829429371735243,True,31.57065041478515
source_2,20210712_Batch_5,4,NVS-PAK1-1,raw,1.73,False,0.8804191262823473,0.2728181076869703,0.9802122019914099,True,25.730457758945906
source_2,20210712_Batch_5,4,quinidine,raw,1.73,False,0.7144745950758076,0.35875356340722814,0.6202888463795078,True,5.51339033136001
source_2,20210712_Batch_5,4,TC-S-7004,raw,1.73,False,0.6454306012681637,0.3653728890372034,0.8317839033281909,False,14.042958637386393
source_2,20210712_Batch_5,4,aloxistatin,raw,1.73,False,0.42238300588073907,0.1317573634811314,0.5193141648527463,True,4.956411378254563
source_2,20210719_Batch_6,5,AMG900,raw,1.94,False,0.8748695954075947,0.14274960556866284,0.9703548024374242,True,48.03976764990008
source_2,20210719_Batch_6,5,dexamethasone,raw,1.94,False,0.8740257525982943,0.3465052777947684,0.8825907276094107,True,11.894850738948596
source_2,20210719_Batch_6,5,FK-866,raw,1.94,False,0.8313043606987557,0.27421505122149264,0.9361784452578832,True,24.310888850402378
source_2,20210719_Batch_6,5,LY2109761,raw,1.94,False,0.9167514853960459,0.32560291485014253,0.9815754199190941,True,30.64894031980156
source_2,20210719_Batch_6,5,NVS-PAK1-1,raw,1.94,False,0.8720200771457771,0.25532849689468734,0.9558870307802717,True,26.48017261922236
source_2,20210719_Batch_6,5,quinidine,raw,1.94,False,0.6957833869967586,0.3435564360060355,0.6898841826988393,True,5.08075311149624
source_2,20210719_Batch_6,5,TC-S-7004,raw,1.94,False,0.7534955810614391,0.30903560356382964,0.9034013932398681,True,44.13027864996462
source_2,20210719_Batch_6,5,aloxistatin,raw,1.94,False,0.4360744114921642,0.19647047532349501,0.5205147704390687,True,4.595756065673315
source_2,20210726_Batch_7,6,AMG900,raw,3.28,False,0.9147857568774767,0.1510691923292534,0.9760706279316733,True,49.157974857366064
source_2,20210726_Batch_7,6,dexamethasone,raw,3.28,False,0.8873668541784996,0.3550540627833644,0.8475574351853078,True,11.11414165510282
source_2,20210726_Batch_7,6,FK-866,raw,3.28,False,0.822967536146375,0.3241958814099356,0.8830585345586205,True,24.127083197820685
source_2,20210726_Batch_7,6,LY2109761,raw,3.28,False,0.9150598059911679,0.3603078466325407,0.979241468009968,True,31.727769923760157
source_2,20210726_Batch_7,6,NVS-PAK1-1,raw,3.28,False,0.8684038178059438,0.27381753573895745,0.9649046592346235,True,27.400286496826197
source_2,20210726_Batch_7,6,quinidine,raw,3.28,False,0.6957343091874552,0.3404127342587374,0.6643307818294177,True,6.110127339528965
source_2,20210726_Batch_7,6,TC-S-7004,raw,3.28,False,0.7910769250842606,0.33639641621743316,0.8866143653629456,True,46.75362046582172
source_2,20210726_Batch_7,6,aloxistatin,raw,3.28,False,0.31250786031794736,0.21992994586342224,0.23179198763960088,False,6.507964666219003
source_2,20210802_Batch_8,7,AMG900,raw,3.04,False,0.9197379259462037,0.10235454539789865,0.982385155970835,True,52.51002372984202
source_2,20210802_Batch_8,7,dexamethasone,raw,3.04,False,0.7891068876465648,0.3501170539428293,0.8151321027688808,True,9.595367995791404
source_2,20210802_Batch_8,7,FK-866,raw,3.04,False,0.823052449775737,0.2810597766504997,0.9077831216799819,True,25.880514486044017
source_2,20210802_Batch_8,7,LY2109761,raw,3.04,False,0.9255722849085467,0.33426108119956105,0.9854582075579524,True,30.847184132139684
source_2,20210802_Batch_8,7,NVS-PAK1-1,raw,3.04,False,0.8545535095732706,0.281853484573269,0.963468649119198,True,24.600119591713632
source_2,20210802_Batch_8,7,quinidine,raw,3.04,False,0.48188257661848555,0.28030302925548956,0.5374929896638208,True,6.806715506857187
source_2,20210802_Batch_8,7,TC-S-7004,raw,3.04,False,0.7955114976399078,0.23070314168296294,0.9535704563818301,True,44.88408475320261
source_2,20210802_Batch_8,7,aloxistatin,raw,3.04,False,0.32163447599606754,0.11667260768025252,0.40869879023638295,False,5.2331677829453245
source_2,20210808_Batch_4,8,AMG900,raw,3.17,False,0.9214090392693459,0.13484075941840676,0.9798051165237833,True,53.16905718593641
source_2,20210808_Batch_4,8,dexamethasone,raw,3.17,False,0.43992775363273445,0.3050941347096449,0.44498450968859005,False,15.232607168354823
source_2,20210808_Batch_4,8,FK-866,raw,3.17,False,0.8053448904048375,0.3350133802163498,0.8844215091590768,True,28.412494045989398
source_2,20210808_Batch_4,8,LY2109761,raw,3.17,False,0.9171946255639252,0.34578739283392607,0.9804747314211655,True,31.831047265369147
source_2,20210808_Batch_4,8,NVS-PAK1-1,raw,3.17,False,0.845493627223221,0.3035652720665839,0.9717399485613928,True,24.87270265782268
source_2,20210808_Batch_4,8,quinidine,raw,3.17,False,0.549113941207895,0.33593378310707267,0.6512944689735529,True,6.323601796017306
source_2,20210808_Batch_4,8,TC-S-7004,raw,3.17,False,0.7924919103406143,0.23365582358382672,0.950835749701479,True,44.561450389814254
source_2,20210808_Batch_4,8,aloxistatin,raw,3.17,False,0.34187515639411725,0.1801638385912531,0.4170313288686931,True,5.039038019300601
source_2,20210816_Batch_9,9,AMG900,raw,2.77,False,0.8852738398624747,0.1256647651098626,0.977763606014256,True,50.36322115398338
source_2,20210816_Batch_9,9,dexamethasone,raw,2.77,False,0.37484200155634506,0.2508979905501619,0.4184490709822294,False,17.289153318606683
source_2,20210816_Batch_9,9,FK-866,raw,2.77,False,0.7665551267766444,0.27126237211493837,0.8698427633448048,True,29.48158302932818
source_2,20210816_Batch_9,9,LY2109761,raw,2.77,False,0.9052389230972173,0.31036750561278836,0.9762909076942022,True,29.57562119654778
source_2,20210816_Batch_9,9,NVS-PAK1-1,raw,2.77,False,0.8481792110764986,0.2731914705115138,0.9540351113471566,True,21.301917590181386
source_2,20210816_Batch_9,9,quinidine,raw,2.77,False,0.5322224911299527,0.27558144638481075,0.644823958701658,True,5.818175517005524
source_2,20210816_Batch_9,9,TC-S-7004,raw,2.77,False,0.7258606426809748,0.1855835650695903,0.9204308663486195,True,41.67976997920249
source_2,20210816_Batch_9,9,aloxistatin,raw,2.77,False,0.2220485529719931,0.024383343247947605,0.5699713699599306,True,4.440187467030986
source_2,20210823_Batch_10,10,AMG900,raw,2.22,False,0.8871544750073646,0.11932527987850168,0.9787442762239313,True,51.732629339690725
source_2,20210823_Batch_10,10,dexamethasone,raw,2.22,False,0.285824072115088,0.23478547731485894,0.3319994714184857,False,19.783586067087896
source_2,20210823_Batch_10,10,FK-866,raw,2.22,False,0.8091057691815903,0.27526929446258264,0.9087085386300761,True,28.247580457985215
source_2,20210823_Batch_10,10,LY2109761,raw,2.22,False,0.910585417840947,0.30421841886900974,0.9820753655948324,True,28.737001890016334
source_2,20210823_Batch_10,10,NVS-PAK1-1,raw,2.22,False,0.8573737670659132,0.2630441600386893,0.9651474139156495,True,22.0035594661885
source_2,20210823_Batch_10,10,quinidine,raw,2.22,False,0.5588031428501542,0.3067535785078011,0.7349856521382665,True,5.062220312708325
source_2,20210823_Batch_10,10,TC-S-7004,raw,2.22,False,0.7252012533817287,0.19253376859619412,0.9375234143782669,True,43.529642930624696
source_2,20210823_Batch_10,10,aloxistatin,raw,2.22,False,0.33960823081423674,0.12958155120111226,0.72887613962237,False,3.9504954328628554
source_2,20210830_Batch_11,11,AMG900,raw,12.96,True,0.863853868134822,0.13210304434886097,0.8163121143621559,True,53.24021017870427
source_2,20210830_Batch_11,11,dexamethasone,raw,12.96,True,0.6029718638607509,0.17949261941139077,0.5208567744678145,True,10.647859949363689
source_2,20210830_Batch_11,11,FK-866,raw,12.96,True,0.7401328350686223,0.18348511636923595,0.6619706075906683,True,29.57320590792262
source_2,20210830_Batch_11,11,LY2109761,raw,12.96,True,0.8543228624906126,0.26323152402295535,0.8499995025440462,True,32.04756539733155
source_2,20210830_Batch_11,11,NVS-PAK1-1,raw,12.96,True,0.7886716697954048,0.26328548797092066,0.7481084701599126,True,27.973511164675504
source_2,20210830_Batch_11,11,quinidine,raw,12.96,True,0.3676856380445882,0.1821260446905581,0.41268425685825727,True,5.535781401076359
source_2,20210830_Batch_11,11,TC-S-7004,raw,12.96,True,0.6779190888187291,0.18618239747335083,0.7377617826310414,True,52.09404404152671
source_2,20210830_Batch_11,11,aloxistatin,raw,12.96,True,0.049127904838531924,-0.12353299496517685,0.10346623489294901,False,6.4078727749399365
source_2,20210920_Batch_12,12,AMG900,raw,9.11,True,0.9119212174050784,0.13888990596783146,0.8692072736226142,True,59.58964215517258
source_2,20210920_Batch_12,12,dexamethasone,raw,9.11,True,0.5413880762861367,0.284932224024256,0.47086387360724286,True,13.538686492058758
source_2,20210920_Batch_12,12,FK-866,raw,9.11,True,0.6898125125849401,0.2584228549610564,0.615456534434629,True,30.12445587811223
source_2,20210920_Batch_12,12,LY2109761,raw,9.11,True,0.8986137785078114,0.351861752602144,0.877778038051535,True,33.62936955044269
source_2,20210920_Batch_12,12,NVS-PAK1-1,raw,9.11,True,0.8642572665714379,0.3120215757036094,0.7837589037274977,True,27.337871284819908
source_2,20210920_Batch_12,12,quinidine,raw,9.11,True,0.40380968574905685,0.3102117072624394,0.5339868055938215,False,7.538349517466445
source_2,20210920_Batch_12,12,TC-S-7004,raw,9.11,True,0.7389697447495207,0.22097780102745776,0.7582706502299562,True,57.5358194313755
source_2,20210920_Batch_12,12,aloxistatin,raw,9.11,True,0.27776597174139717,0.14709889493063466,0.2052542621332072,False,6.470266148404845
source_2,20211003_Batch_13,13,AMG900,raw,8.11,True,0.9105498190655293,0.12491302182342746,0.8797356278400057,True,53.987644763019475
source_2,20211003_Batch_13,13,dexamethasone,raw,8.11,True,0.7254204226746561,0.22802585241166273,0.6722931034272398,True,9.9349085112289
source_2,20211003_Batch_13,13,FK-866,raw,8.11,True,0.8237888602648956,0.24805397214494335,0.772119065689984,True,29.71712740791985
source_2,20211003_Batch_13,13,LY2109761,raw,8.11,True,0.9072847773392068,0.3102769296708891,0.9093136383328349,True,30.256731673135178
source_2,20211003_Batch_13,13,NVS-PAK1-1,raw,8.11,True,0.8807337446490279,0.2744907252669076,0.778488816813973,True,27.788679797707196
source_2,20211003_Batch_13,13,quinidine,raw,8.11,True,0.4111465970882578,0.20465645143884892,0.5204243120446936,True,5.409902427188787
source_2,20211003_Batch_13,13,TC-S-7004,raw,8.11,True,0.7193904947267368,0.20529560181848464,0.7913551536687853,True,49.87104703534944
source_2,20211003_Batch_13,13,aloxistatin,raw,8.11,True,0.18563789913563267,0.06718586942762697,0.23449919243036,True,5.268854875077264
source_2,20210607_Batch_2,1,AMG900,own,0.4,False,0.8785270639871743,-0.022180996984117404,,True,272.0446525530222
source_2,20210607_Batch_2,1,dexamethasone,own,0.4,False,0.8662360153900407,0.25395352677136457,,True,42.117510808199526
source_2,20210607_Batch_2,1,FK-866,own,0.4,False,0.8058773350241974,0.22118999432455658,,True,114.19661777480947
source_2,20210607_Batch_2,1,LY2109761,own,0.4,False,0.923417455786513,0.31116931068401465,,True,138.656935166183
source_2,20210607_Batch_2,1,NVS-PAK1-1,own,0.4,False,0.8542718886800925,0.24039906524898774,,True,104.17895471053146
source_2,20210607_Batch_2,1,quinidine,own,0.4,False,0.5988164477204636,0.32491072185361297,,True,21.211454115031295
source_2,20210607_Batch_2,1,TC-S-7004,own,0.4,False,0.7328137219447727,0.13357617771263,,True,177.75530700738423
source_2,20210607_Batch_2,1,aloxistatin,own,0.4,False,0.2599637397481729,0.16214445667981914,,False,17.33336461236634
source_2,20210614_Batch_1,2,AMG900,own,1.02,False,0.8908602380240342,-0.0024292809317099056,0.9874058071264407,True,229.36079071892877
source_2,20210614_Batch_1,2,dexamethasone,own,1.02,False,0.7812970182836234,0.19166220657017913,0.9589445483325421,True,46.84221060643233
source_2,20210614_Batch_1,2,FK-866,own,1.02,False,0.7747538939811416,0.1862570846400962,0.9716480606242899,True,114.54573749479371
source_2,20210614_Batch_1,2,LY2109761,own,1.02,False,0.9216429553793306,0.3144010935141731,0.9887559824384206,True,115.9345027448091
source_2,20210614_Batch_1,2,NVS-PAK1-1,own,1.02,False,0.8376919130500742,0.2405149881056887,0.9917642107019908,True,90.74123463876258
source_2,20210614_Batch_1,2,quinidine,own,1.02,False,0.4015824777114174,0.19490526158706414,0.898270385948472,False,20.766594784259294
source_2,20210614_Batch_1,2,TC-S-7004,own,1.02,False,0.7176363058065396,0.12554027384269995,0.9902648460189953,True,160.55269789296275
source_2,20210614_Batch_1,2,aloxistatin,own,1.02,False,0.16872253737724985,0.13820265053918726,0.8567649113163693,False,24.544094736247796
source_2,20210621_Batch_3,3,AMG900,own,6.5,False,0.8728331292465654,0.04388345206501395,0.9101003040368761,True,154.1712628496981
source_2,20210621_Batch_3,3,dexamethasone,own,6.5,False,0.8177837458637263,0.23294020417657782,0.916308332953577,True,47.43750663141368
source_2,20210621_Batch_3,3,FK-866,own,6.5,False,0.7749199438155427,0.2009269280642689,0.8485572160845478,True,93.46876539042304
source_2,20210621_Batch_3,3,LY2109761,own,6.5,False,0.8747523389191605,0.24996240843795095,0.945649353412791,True,110.0991799957214
source_2,20210621_Batch_3,3,NVS-PAK1-1,own,6.5,False,0.8532508210295054,0.14995370249778883,0.9246239210565672,True,75.5046636831913
source_2,20210621_Batch_3,3,quinidine,own,6.5,False,0.4716674225538682,0.24129880101310847,0.7406094058097705,False,20.459022422972936
source_2,20210621_Batch_3,3,TC-S-7004,own,6.5,False,0.6357817354681502,0.1451164371109151,0.8601849587917556,True,116.79214266507924
source_2,20210621_Batch_3,3,aloxistatin,own,6.5,False,0.30508583904110914,0.13114366262054297,0.7244494911379641,False,24.773359067438218
source_2,20210712_Batch_5,4,AMG900,own,1.73,False,0.8882278022318627,-0.004308833941726506,0.9750694894385912,True,227.05094257235316
source_2,20210712_Batch_5,4,dexamethasone,own,1.73,False,0.9323437372859658,0.24635854527133488,0.8589642855248645,True,38.70452989939736
source_2,20210712_Batch_5,4,FK-866,own,1.73,False,0.8557937133101775,0.22046381379950594,0.9462609391882157,True,86.14025826499933
source_2,20210712_Batch_5,4,LY2109761,own,1.73,False,0.920661776516569,0.28930602295509505,0.9831257759705598,True,112.00072492938774
source_2,20210712_Batch_5,4,NVS-PAK1-1,own,1.73,False,0.8913483552375552,0.22820482979546727,0.967466982364297,True,79.9401867991884
source_2,20210712_Batch_5,4,quinidine,own,1.73,False,0.7882536424823301,0.36855005802869545,0.6121309282646188,True,18.502813732308905
source_2,20210712_Batch_5,4,TC-S-7004,own,1.73,False,0.6277359913943951,0.3230684185743117,0.8066198427842852,True,43.06510053885927
source_2,20210712_Batch_5,4,aloxistatin,own,1.73,False,0.5633064447752455,0.19056209972204,0.48606387658319333,True,16.916939336663166
source_2,20210719_Batch_6,5,AMG900,own,1.94,False,0.894713665834397,0.018935577441241556,0.965838833140248,True,232.73101683292566
source_2,20210719_Batch_6,5,dexamethasone,own,1.94,False,0.9329612095680726,0.3020710893556072,0.9050512702999745,True,47.54317356267964
source_2,20210719_Batch_6,5,FK-866,own,1.94,False,0.8391363027393705,0.20230721887518435,0.9433946200679103,True,98.67044471095276
source_2,20210719_Batch_6,5,LY2109761,own,1.94,False,0.9263298864445288,0.3022333757995492,0.9837321411710682,True,121.58708077536035
source_2,20210719_Batch_6,5,NVS-PAK1-1,own,1.94,False,0.8891527750294668,0.19041651445766053,0.9393733350358435,True,96.82304184389517
source_2,20210719_Batch_6,5,quinidine,own,1.94,False,0.8026085058013799,0.36010595139665386,0.7139618537859248,True,17.131567480788988
source_2,20210719_Batch_6,5,TC-S-7004,own,1.94,False,0.7362339623687691,0.2125614148177975,0.918388859333183,True,177.7662960600229
source_2,20210719_Batch_6,5,aloxistatin,own,1.94,False,0.6118776442758345,0.26648123810050756,0.5291176436443115,True,15.4875712553183
source_2,20210726_Batch_7,6,AMG900,own,3.28,False,0.915969883847515,0.014175948941386947,0.970169891896218,True,250.15623388131763
source_2,20210726_Batch_7,6,dexamethasone,own,3.28,False,0.9181806310241318,0.32033822240125215,0.8623352660701459,True,46.97138076562602
source_2,20210726_Batch_7,6,FK-866,own,3.28,False,0.8123230661158349,0.22704533377288044,0.9069374119620085,True,105.23314936008201
source_2,20210726_Batch_7,6,LY2109761,own,3.28,False,0.9217574721316073,0.3256480291115919,0.9792945549838965,True,129.49009995905246
source_2,20210726_Batch_7,6,NVS-PAK1-1,own,3.28,False,0.8680738920206916,0.21311400558604815,0.9448307716736751,True,102.46404494188897
source_2,20210726_Batch_7,6,quinidine,own,3.28,False,0.7589982032511897,0.3346542140305231,0.6435807467011696,True,22.177419737378703
source_2,20210726_Batch_7,6,TC-S-7004,own,3.28,False,0.781914095649873,0.2482398967898811,0.8783395443089588,True,202.63017188027922
source_2,20210726_Batch_7,6,aloxistatin,own,3.28,False,0.412962529228982,0.2711733447467621,0.26208187835735564,False,23.00872442164299
source_2,20210802_Batch_8,7,AMG900,own,3.04,False,0.9194630201584422,-0.0013475723326675476,0.976083380668961,True,251.06618476174586
source_2,20210802_Batch_8,7,dexamethasone,own,3.04,False,0.7726432703786362,0.2798466322788325,0.8209432351749775,True,39.96377061330996
source_2,20210802_Batch_8,7,FK-866,own,3.04,False,0.8270223148549176,0.1971882036418082,0.9168542899562566,True,106.75059581282757
source_2,20210802_Batch_8,7,LY2109761,own,3.04,False,0.9315037488704914,0.3131176029995149,0.9822972300250612,True,116.1807881890806
source_2,20210802_Batch_8,7,NVS-PAK1-1,own,3.04,False,0.8575109601466813,0.23917238620691567,0.9502680372570221,True,92.39126848618226
source_2,20210802_Batch_8,7,quinidine,own,3.04,False,0.518577322592621,0.28182113513897705,0.6576395724308495,True,23.74885651377901
source_2,20210802_Batch_8,7,TC-S-7004,own,3.04,False,0.784399953027077,0.16675683005291564,0.9558604910510899,True,180.15255093698445
source_2,20210802_Batch_8,7,aloxistatin,own,3.04,False,0.44597026241769955,0.1938396723990472,0.3644978691533727,True,16.74158333579524
source_2,20210808_Batch_4,8,AMG900,own,3.17,False,0.922282734486617,0.003256582704062586,0.9781321506561622,True,261.9975963713415
source_2,20210808_Batch_4,8,dexamethasone,own,3.17,False,0.4096894960152113,0.2819690690801727,0.43381456430536586,False,59.11569499356955
source_2,20210808_Batch_4,8,FK-866,own,3.17,False,0.8305871901390413,0.264221959789321,0.9059150826041505,True,114.54053353635943
source_2,20210808_Batch_4,8,LY2109761,own,3.17,False,0.9221203812404823,0.3168467123402978,0.9784936212994542,True,137.76764102366207
source_2,20210808_Batch_4,8,NVS-PAK1-1,own,3.17,False,0.8560033507059033,0.24757515999120713,0.9674269493298098,True,94.36576602890044
source_2,20210808_Batch_4,8,quinidine,own,3.17,False,0.638094380286181,0.33506660164145796,0.7631339854480461,True,22.933319005561973
source_2,20210808_Batch_4,8,TC-S-7004,own,3.17,False,0.7693590263661211,0.14509829482868827,0.9539417531063894,True,191.6943413633709
source_2,20210808_Batch_4,8,aloxistatin,own,3.17,False,0.45663852122954013,0.25256206350249294,0.40887656709442893,True,16.542484113941995
source_2,20210816_Batch_9,9,AMG900,own,2.77,False,0.891557773372239,0.001107887875738206,0.9722598705635552,True,239.88289124153303
source_2,20210816_Batch_9,9,dexamethasone,own,2.77,False,0.3566438794560998,0.22331707324671404,0.42169584513435554,False,65.66426995961915
source_2,20210816_Batch_9,9,FK-866,own,2.77,False,0.8057373781219226,0.19295256839130717,0.9222478721277304,True,116.50467023361503
source_2,20210816_Batch_9,9,LY2109761,own,2.77,False,0.9085376851176963,0.2838208836199557,0.975667361799165,True,121.02005070578024
source_2,20210816_Batch_9,9,NVS-PAK1-1,own,2.77,False,0.8598915994965045,0.21166993421756722,0.9434537183439637,True,78.79590625843161
source_2,20210816_Batch_9,9,quinidine,own,2.77,False,0.5410570120532132,0.24977506204255345,0.7170337731042307,False,21.537349395454736
source_2,20210816_Batch_9,9,TC-S-7004,own,2.77,False,0.6924790834137137,0.0884605050639666,0.9442913892716733,True,164.46210656758285
source_2,20210816_Batch_9,9,aloxistatin,own,2.77,False,0.3048993570724374,0.11823741397521621,0.5934586254818184,True,13.647787204609559
source_2,20210823_Batch_10,10,AMG900,own,2.22,False,0.8948146985179374,-0.002683809250982827,0.9833248854119649,True,230.284850932239
source_2,20210823_Batch_10,10,dexamethasone,own,2.22,False,0.24267168010427978,0.21148905297410664,0.31977001446449854,False,67.4591719085536
source_2,20210823_Batch_10,10,FK-866,own,2.22,False,0.8061250015688495,0.18506051237410168,0.9315029385777561,True,110.28516409150906
source_2,20210823_Batch_10,10,LY2109761,own,2.22,False,0.9166946339283543,0.2806013116586066,0.9821057114265037,True,109.0901689511847
source_2,20210823_Batch_10,10,NVS-PAK1-1,own,2.22,False,0.8762273093274688,0.20765955227479838,0.9537049374682898,True,77.98283475268322
source_2,20210823_Batch_10,10,quinidine,own,2.22,False,0.4889844014430821,0.23249357237635032,0.7465371661319807,False,18.8836079216328
source_2,20210823_Batch_10,10,TC-S-7004,own,2.22,False,0.6871771493005612,0.08799791903658608,0.9526373876841532,True,163.75339153113944
source_2,20210823_Batch_10,10,aloxistatin,own,2.22,False,0.38106297554916657,0.2162759355732312,0.7505839072601082,False,12.804957289137917
source_2,20210830_Batch_11,11,AMG900,own,12.96,True,0.8641871679758331,0.028355575285361426,0.7726494316736545,True,314.82447019765715
source_2,20210830_Batch_11,11,dexamethasone,own,12.96,True,0.6457037425699848,0.19815958135039674,0.6067432034351222,True,47.55259586663293
source_2,20210830_Batch_11,11,FK-866,own,12.96,True,0.7555894411851295,0.16444801810467213,0.6505150837862999,True,135.9511774542233
source_2,20210830_Batch_11,11,LY2109761,own,12.96,True,0.8781999713988401,0.2313967252290326,0.8925044324658178,True,137.84348007768276
source_2,20210830_Batch_11,11,NVS-PAK1-1,own,12.96,True,0.8022862150957188,0.21537856051883772,0.8248452804790893,True,106.680078458694
source_2,20210830_Batch_11,11,quinidine,own,12.96,True,0.39700453932953195,0.16773147124212184,0.5450056143940846,True,22.28515931803844
source_2,20210830_Batch_11,11,TC-S-7004,own,12.96,True,0.5977715526501509,0.11046785834107174,0.6944765161921733,True,265.8921372716664
source_2,20210830_Batch_11,11,aloxistatin,own,12.96,True,0.14646507206958131,-0.0858713334555788,0.1446773036781107,False,28.47008107433638
source_2,20210920_Batch_12,12,AMG900,own,9.11,True,0.9198743233008309,0.03819880711086986,0.8379846842515336,True,306.38649138789447
source_2,20210920_Batch_12,12,dexamethasone,own,9.11,True,0.5364296448490078,0.24801284874452809,0.5314382720707733,True,55.989368718335825
source_2,20210920_Batch_12,12,FK-866,own,9.11,True,0.7240169211621104,0.2256293223091659,0.6541220423961376,True,125.15671907282622
source_2,20210920_Batch_12,12,LY2109761,own,9.11,True,0.8928732080117213,0.30671134197210276,0.8871032353685395,True,134.9180451011837
source_2,20210920_Batch_12,12,NVS-PAK1-1,own,9.11,True,0.8709228191706408,0.2654737240982951,0.8246450035658017,True,106.45622539799362
source_2,20210920_Batch_12,12,quinidine,own,9.11,True,0.42663496991248173,0.2567523292076403,0.5860282702960471,True,31.63640436607701
source_2,20210920_Batch_12,12,TC-S-7004,own,9.11,True,0.7638077628755311,0.15484118874128558,0.8038501064217762,True,240.5675611564848
source_2,20210920_Batch_12,12,aloxistatin,own,9.11,True,0.2644387851047053,0.11951961431798715,0.22765246879834622,True,29.811322185205494
source_2,20211003_Batch_13,13,AMG900,own,8.11,True,0.9040135551164452,0.03612786849755119,0.8246277168665034,True,282.5340318177662
source_2,20211003_Batch_13,13,dexamethasone,own,8.11,True,0.7463563658450152,0.2001023128910616,0.7146857956751442,True,39.54211552139051
source_2,20211003_Batch_13,13,FK-866,own,8.11,True,0.8264943503098112,0.20688721244404884,0.7604363734216575,True,122.58919542161655
source_2,20211003_Batch_13,13,LY2109761,own,8.11,True,0.8916852183792858,0.2762620696825005,0.9071367865762539,True,116.46054967289888
source_2,20211003_Batch_13,13,NVS-PAK1-1,own,8.11,True,0.8866402547058662,0.23699584940895976,0.8099560742900679,True,106.98800810379143
source_2,20211003_Batch_13,13,quinidine,own,8.11,True,0.35243026385399856,0.15632139200857223,0.5110119980720381,False,23.17000620316336
source_2,20211003_Batch_13,13,TC-S-7004,own,8.11,True,0.7037170295841904,0.14941885636106803,0.8076396263683538,True,207.3053006548616
source_2,20211003_Batch_13,13,aloxistatin,own,8.11,True,0.20812653178814217,0.06253695974363215,0.21430144194820724,False,25.57681426197038
source_2,20210607_Batch_2,1,AMG900,scaled,0.4,False,0.8309386009581154,0.044105004606413756,,True,43.35731508065232
source_2,20210607_Batch_2,1,dexamethasone,scaled,0.4,False,0.8136140540898239,0.26676233752548784,,True,7.171596238434838
source_2,20210607_Batch_2,1,FK-866,scaled,0.4,False,0.8157440557533535,0.19558889956612294,,True,21.371853628848633
source_2,20210607_Batch_2,1,LY2109761,scaled,0.4,False,0.8600930486428945,0.27487749168628584,,True,23.538100468099458
source_2,20210607_Batch_2,1,NVS-PAK1-1,scaled,0.4,False,0.8144245293730543,0.1516812191186725,,True,19.418211094767667
source_2,20210607_Batch_2,1,quinidine,scaled,0.4,False,0.6000635827213215,0.28175610567872716,,True,4.353002981479728
source_2,20210607_Batch_2,1,TC-S-7004,scaled,0.4,False,0.5942905058580943,0.1047793929859226,,False,29.838420881099125
source_2,20210607_Batch_2,1,aloxistatin,scaled,0.4,False,0.2709487837278771,0.08309764528853138,,True,3.5596693937115456
source_2,20210614_Batch_1,2,AMG900,scaled,1.02,False,0.8134592101999385,0.062457909909725565,0.9763851315100746,True,35.960695519394044
source_2,20210614_Batch_1,2,dexamethasone,scaled,1.02,False,0.6356251670670908,0.1889615715597071,0.8744191833489079,True,7.456201384030661
source_2,20210614_Batch_1,2,FK-866,scaled,1.02,False,0.7436026546680605,0.17479208087740142,0.9660579620572002,True,20.26020623790235
source_2,20210614_Batch_1,2,LY2109761,scaled,1.02,False,0.8471171503116527,0.2660085999202755,0.9798569203898843,True,20.074490792718013
source_2,20210614_Batch_1,2,NVS-PAK1-1,scaled,1.02,False,0.7769847114561003,0.12494881862468711,0.9731683582807826,True,17.1265787354135
source_2,20210614_Batch_1,2,quinidine,scaled,1.02,False,0.29756454280866845,0.12537934537767606,0.7761728476100593,True,4.199378830023917
source_2,20210614_Batch_1,2,TC-S-7004,scaled,1.02,False,0.5562206306046246,0.09044243164073783,0.980724323984164,False,25.618608158148447
source_2,20210614_Batch_1,2,aloxistatin,scaled,1.02,False,0.04941404940926045,0.022100962040985488,0.7868916214244307,False,5.710575074822407
source_2,20210621_Batch_3,3,AMG900,scaled,6.5,False,0.7527801536736247,0.11823569165883203,0.8418290914600697,True,25.65474713691728
source_2,20210621_Batch_3,3,dexamethasone,scaled,6.5,False,0.5595127822004973,0.21976773221803156,0.7187685475723089,True,8.283251467934113
source_2,20210621_Batch_3,3,FK-866,scaled,6.5,False,0.6321667079983357,0.20997226525933782,0.7687887043711412,True,15.422357163984447
source_2,20210621_Batch_3,3,LY2109761,scaled,6.5,False,0.8213341350596494,0.21130314567258676,0.9214706728093653,True,18.320393020779466
source_2,20210621_Batch_3,3,NVS-PAK1-1,scaled,6.5,False,0.7343125451170308,0.08151533279898975,0.8401582595007997,True,13.859691821822631
source_2,20210621_Batch_3,3,quinidine,scaled,6.5,False,0.2776637619986748,0.1534283288839253,0.5704508670964643,False,4.517128123147367
source_2,20210621_Batch_3,3,TC-S-7004,scaled,6.5,False,0.5094713291617049,0.14959797749187648,0.7816205624408247,True,21.460170951402652
source_2,20210621_Batch_3,3,aloxistatin,scaled,6.5,False,0.22626232526976142,0.042418230630286304,0.6639642198625366,False,5.223097736510098
source_2,20210712_Batch_5,4,AMG900,scaled,1.73,False,0.8426398485142588,0.055706886233519215,0.9518788813884675,True,33.17917947038071
source_2,20210712_Batch_5,4,dexamethasone,scaled,1.73,False,0.8590858804372548,0.22566900620771863,0.8390546083304892,True,7.278880855795583
source_2,20210712_Batch_5,4,FK-866,scaled,1.73,False,0.8374143479214987,0.18415785775313678,0.9262130220267929,True,17.05132678365376
source_2,20210712_Batch_5,4,LY2109761,scaled,1.73,False,0.8338185377001324,0.2377912716232176,0.9605379280309467,True,18.99406170609922
source_2,20210712_Batch_5,4,NVS-PAK1-1,scaled,1.73,False,0.8325051971345081,0.11958411764454939,0.9426845877869747,True,15.5886882467986
source_2,20210712_Batch_5,4,quinidine,scaled,1.73,False,0.7119762575441531,0.2907486771624961,0.5672299383222559,True,3.816131220022654
source_2,20210712_Batch_5,4,TC-S-7004,scaled,1.73,False,0.3719448312376715,0.2568615226336084,0.6762018293862563,False,8.108388051673245
source_2,20210712_Batch_5,4,aloxistatin,scaled,1.73,False,0.5187879553349812,0.14236362445305367,0.5600990103424841,True,3.77193108741166
source_2,20210719_Batch_6,5,AMG900,scaled,1.94,False,0.8236792061424012,0.08228248069956991,0.9280511051247189,True,32.84251247091525
source_2,20210719_Batch_6,5,dexamethasone,scaled,1.94,False,0.8282124382655789,0.2772806964090296,0.8481497597683068,True,8.260686313037722
source_2,20210719_Batch_6,5,FK-866,scaled,1.94,False,0.8114351394614232,0.15571602832137157,0.9078561316824845,True,17.592704142268136
source_2,20210719_Batch_6,5,LY2109761,scaled,1.94,False,0.856003655850314,0.262998736807788,0.9677573920003981,True,20.002995190716184
source_2,20210719_Batch_6,5,NVS-PAK1-1,scaled,1.94,False,0.8148366729509309,0.108573102947944,0.9008963330612364,True,16.692989979706127
source_2,20210719_Batch_6,5,quinidine,scaled,1.94,False,0.6399380475209377,0.2742750951189229,0.6477467937963242,True,3.4054406836683744
source_2,20210719_Batch_6,5,TC-S-7004,scaled,1.94,False,0.6008348247102706,0.18118593992320425,0.8197534745004937,True,27.786785657262005
source_2,20210719_Batch_6,5,aloxistatin,scaled,1.94,False,0.4529329413068288,0.1364052469742912,0.5271779531233448,True,3.6106988348832982
source_2,20210726_Batch_7,6,AMG900,scaled,3.28,False,0.8650787101923776,0.08272573081672578,0.9274934090209401,True,36.27060994744711
source_2,20210726_Batch_7,6,dexamethasone,scaled,3.28,False,0.8651970742097851,0.28744079836555797,0.8305615469652946,True,8.535182783004469
source_2,20210726_Batch_7,6,FK-866,scaled,3.28,False,0.8066924173803459,0.18026426162365622,0.8653618064004718,True,19.07388040139854
source_2,20210726_Batch_7,6,LY2109761,scaled,3.28,False,0.858998685130739,0.2814413260829675,0.9663875694219198,True,22.165051604327612
source_2,20210726_Batch_7,6,NVS-PAK1-1,scaled,3.28,False,0.8176441913648662,0.10897548010324398,0.9262362202704134,True,18.66498071230756
source_2,20210726_Batch_7,6,quinidine,scaled,3.28,False,0.6621683111542316,0.2778545230802045,0.6073867760309144,True,4.439826761503028
source_2,20210726_Batch_7,6,TC-S-7004,scaled,3.28,False,0.6548595867514431,0.20705675352279482,0.8035141662483494,True,31.27623759400925
source_2,20210726_Batch_7,6,aloxistatin,scaled,3.28,False,0.3224112808428982,0.16848810130369513,0.25778901730355963,True,5.423565654545657
source_2,20210802_Batch_8,7,AMG900,scaled,3.04,False,0.8602720692533737,0.0692282240733429,0.9215907152981262,True,35.39226622084783
source_2,20210802_Batch_8,7,dexamethasone,scaled,3.04,False,0.7718327296512594,0.30493789377769154,0.7965598037673558,True,6.412283981411266
source_2,20210802_Batch_8,7,FK-866,scaled,3.04,False,0.813354782753692,0.16129590200318478,0.8852504054350491,True,19.086387634931175
source_2,20210802_Batch_8,7,LY2109761,scaled,3.04,False,0.8737843684235512,0.2902585738471592,0.9695513427577221,True,19.827929938224365
source_2,20210802_Batch_8,7,NVS-PAK1-1,scaled,3.04,False,0.8221099683987152,0.14231482213797025,0.9340098619294195,True,16.47821314164726
source_2,20210802_Batch_8,7,quinidine,scaled,3.04,False,0.5089149286285444,0.23882631493110593,0.5205962832821377,True,4.452569667225685
source_2,20210802_Batch_8,7,TC-S-7004,scaled,3.04,False,0.6505881527970914,0.12506868983752367,0.8932663854781135,True,28.194167110968454
source_2,20210802_Batch_8,7,aloxistatin,scaled,3.04,False,0.4460370017762317,0.13034462532571336,0.4423388198686189,True,3.9283509982118026
source_2,20210808_Batch_4,8,AMG900,scaled,3.17,False,0.8755088730659739,0.09964433422192227,0.9182613741213683,True,37.931125305463006
source_2,20210808_Batch_4,8,dexamethasone,scaled,3.17,False,0.40943580955430525,0.24682983455677698,0.4344137987158986,False,11.119627182826749
source_2,20210808_Batch_4,8,FK-866,scaled,3.17,False,0.7913100337659329,0.21845086602609,0.8771583669174317,True,21.266770849486587
source_2,20210808_Batch_4,8,LY2109761,scaled,3.17,False,0.8596049137906342,0.30181745511086777,0.9644908370260235,True,23.339631211979555
source_2,20210808_Batch_4,8,NVS-PAK1-1,scaled,3.17,False,0.8368072992070236,0.16865070222286369,0.9325949850744933,True,17.790782313528076
source_2,20210808_Batch_4,8,quinidine,scaled,3.17,False,0.5699012287493285,0.28968770357549595,0.6527645003873768,True,4.337817593034392
source_2,20210808_Batch_4,8,TC-S-7004,scaled,3.17,False,0.6652433840545919,0.11482353908621147,0.8860452923601765,True,29.585389203638233
source_2,20210808_Batch_4,8,aloxistatin,scaled,3.17,False,0.4453983364284115,0.16367895739263855,0.4959262799620505,True,4.0155809516720895
source_2,20210816_Batch_9,9,AMG900,scaled,2.77,False,0.8294885592718877,0.05733580739201622,0.9500712892245018,True,34.28565822796246
source_2,20210816_Batch_9,9,dexamethasone,scaled,2.77,False,0.28700216833260084,0.16302501680876633,0.35641133031280975,False,11.90674269743586
source_2,20210816_Batch_9,9,FK-866,scaled,2.77,False,0.7324196826038827,0.14958173460709348,0.8698696852179412,True,20.280753496207453
source_2,20210816_Batch_9,9,LY2109761,scaled,2.77,False,0.8529584461573212,0.24274038777824372,0.9613178251612792,True,19.56489181089486
source_2,20210816_Batch_9,9,NVS-PAK1-1,scaled,2.77,False,0.8365565033920995,0.13813979094913884,0.9037024262557818,True,14.171021135646843
source_2,20210816_Batch_9,9,quinidine,scaled,2.77,False,0.4933841356848635,0.19458187301124216,0.6381652480354628,True,3.7192229378131154
source_2,20210816_Batch_9,9,TC-S-7004,scaled,2.77,False,0.5558129042805791,0.05451025014505045,0.8715597458440253,True,26.469216715111276
source_2,20210816_Batch_9,9,aloxistatin,scaled,2.77,False,0.31446866807472934,0.034898826229838496,0.6281312691116661,True,3.517740819794242
source_2,20210823_Batch_10,10,AMG900,scaled,2.22,False,0.8165870704881345,0.04674012443660399,0.9569375778513217,True,34.071078234734024
source_2,20210823_Batch_10,10,dexamethasone,scaled,2.22,False,0.21338819093271846,0.1456413782358335,0.28221840608162196,False,13.62398761511082
source_2,20210823_Batch_10,10,FK-866,scaled,2.22,False,0.7744154437915457,0.14829113390426762,0.8924462514929693,True,18.68746591182369
source_2,20210823_Batch_10,10,LY2109761,scaled,2.22,False,0.8636409216749149,0.2416586228067741,0.966259504712024,True,18.62583648681085
source_2,20210823_Batch_10,10,NVS-PAK1-1,scaled,2.22,False,0.8238582015535104,0.11441217612337337,0.9133578785900462,True,13.636200977962893
source_2,20210823_Batch_10,10,quinidine,scaled,2.22,False,0.530734776217089,0.19299532777446088,0.7136839201129032,True,3.3023713353650384
source_2,20210823_Batch_10,10,TC-S-7004,scaled,2.22,False,0.5066647123753144,0.0513134245925934,0.8764095442804378,True,25.626809433010617
source_2,20210823_Batch_10,10,aloxistatin,scaled,2.22,False,0.3806328027653467,0.07767723529139679,0.7408367094458463,True,3.1835051265092673
source_2,20210830_Batch_11,11,AMG900,scaled,12.96,True,0.8098532609266602,0.05594817530272859,0.7257859253228315,True,44.798749923092416
source_2,20210830_Batch_11,11,dexamethasone,scaled,12.96,True,0.5290938958002156,0.16706204178568343,0.5044388166249292,True,9.067226826441049
source_2,20210830_Batch_11,11,FK-866,scaled,12.96,True,0.700610714911095,0.1324443628100312,0.6565843511508023,True,22.932438787565648
source_2,20210830_Batch_11,11,LY2109761,scaled,12.96,True,0.7261320809351802,0.22571193467740938,0.7586787755782796,True,23.746145197525696
source_2,20210830_Batch_11,11,NVS-PAK1-1,scaled,12.96,True,0.6129830736057952,0.12988647325965477,0.5541018174144655,True,20.13783009711458
source_2,20210830_Batch_11,11,quinidine,scaled,12.96,True,0.41151648316832823,0.13488900073614982,0.34989523968795255,True,4.705544760903905
source_2,20210830_Batch_11,11,TC-S-7004,scaled,12.96,True,0.582906629210311,0.07976154716165855,0.5422481923165374,True,35.47467060993092
source_2,20210830_Batch_11,11,aloxistatin,scaled,12.96,True,0.17584395410693163,-0.04816952546820167,0.13179694364055178,True,5.271858883330758
source_2,20210920_Batch_12,12,AMG900,scaled,9.11,True,0.8380815658644593,0.03718098226262052,0.7683665194060194,True,46.91390925711307
source_2,20210920_Batch_12,12,dexamethasone,scaled,9.11,True,0.5464082976547662,0.20637775436516256,0.5204102448741055,True,10.708860535274715
source_2,20210920_Batch_12,12,FK-866,scaled,9.11,True,0.6807178377960411,0.1579303396750133,0.6838537198989115,True,23.335191471765807
source_2,20210920_Batch_12,12,LY2109761,scaled,9.11,True,0.7746646911873469,0.25734134130718705,0.7496874352846469,True,24.186442446915517
source_2,20210920_Batch_12,12,NVS-PAK1-1,scaled,9.11,True,0.6280148527434761,0.11912961789738742,0.582176610259949,True,18.680900130573193
source_2,20210920_Batch_12,12,quinidine,scaled,9.11,True,0.3751956267691944,0.2050347456774578,0.4726890993574674,True,5.313277062822125
source_2,20210920_Batch_12,12,TC-S-7004,scaled,9.11,True,0.5832867209418205,0.08308942474738332,0.5595145928938658,True,36.08833689067866
source_2,20210920_Batch_12,12,aloxistatin,scaled,9.11,True,0.22319289414334142,0.0639085788181918,0.21603221749752793,False,5.117383728151322
source_2,20211003_Batch_13,13,AMG900,scaled,8.11,True,0.8464120210528148,0.051042317226220844,0.7821370360321435,True,41.829770611925035
source_2,20211003_Batch_13,13,dexamethasone,scaled,8.11,True,0.7058107947084753,0.18841277193216774,0.686561690786647,True,7.300684934895058
source_2,20211003_Batch_13,13,FK-866,scaled,8.11,True,0.7872293802081869,0.14258085389445832,0.7682171447514532,True,22.73085774225436
source_2,20211003_Batch_13,13,LY2109761,scaled,8.11,True,0.779599103947488,0.24311756618375505,0.8016262583991957,True,20.427968574744
source_2,20211003_Batch_13,13,NVS-PAK1-1,scaled,8.11,True,0.6772974436396205,0.1017008892431946,0.609283852903274,True,18.0049505539455
source_2,20211003_Batch_13,13,quinidine,scaled,8.11,True,0.44934438430875645,0.14231283853647064,0.42557325254070605,True,4.064739904306309
source_2,20211003_Batch_13,13,TC-S-7004,scaled,8.11,True,0.5949280983540965,0.08529293125348689,0.6248601635900106,True,29.88029553177872
source_2,20211003_Batch_13,13,aloxistatin,scaled,8.11,True,0.2774476137384756,0.022811379652244834,0.24680064072388272,True,3.9021310637690756
source_2,20210607_Batch_2,1,AMG900,field,0.4,False,0.9383014273342856,0.048812414034385535,,True,94.78891195204002
source_2,20210607_Batch_2,1,dexamethasone,field,0.4,False,0.87505571542475,0.28685584942018666,,True,13.413631469138794
source_2,20210607_Batch_2,1,FK-866,field,0.4,False,0.8584402295830054,0.3162514059494108,,True,32.715458090071415
source_2,20210607_Batch_2,1,LY2109761,field,0.4,False,0.9377920812667693,0.3003607797095018,,True,49.06987921984263
source_2,20210607_Batch_2,1,NVS-PAK1-1,field,0.4,False,0.8802377338229154,0.2545236448934337,,True,40.53185034379125
source_2,20210607_Batch_2,1,quinidine,field,0.4,False,0.6788621009020089,0.38869396181387883,,True,7.24790977717294
source_2,20210607_Batch_2,1,TC-S-7004,field,0.4,False,0.8232126767911584,0.19078325131668028,,True,63.79982359328625
source_2,20210607_Batch_2,1,aloxistatin,field,0.4,False,0.374778345627432,0.19934409815399487,,False,5.171281696014795
source_2,20210614_Batch_1,2,AMG900,field,1.02,False,0.9385376198204356,0.0743171889062612,0.9878416966590462,True,91.09186419337048
source_2,20210614_Batch_1,2,dexamethasone,field,1.02,False,0.8248490081115176,0.23727052356645215,0.9536738532725821,True,15.822622077159444
source_2,20210614_Batch_1,2,FK-866,field,1.02,False,0.85842176735648,0.28760928696610905,0.9584546155628328,True,42.33319126432733
source_2,20210614_Batch_1,2,LY2109761,field,1.02,False,0.929609239408151,0.3146683054029764,0.9866778724152615,True,44.09514344066389
source_2,20210614_Batch_1,2,NVS-PAK1-1,field,1.02,False,0.870301004649132,0.23758157346448366,0.9917896150898733,True,37.552656796729934
source_2,20210614_Batch_1,2,quinidine,field,1.02,False,0.5645926225159213,0.27675614300693063,0.8822309038433107,True,5.851993712513445
source_2,20210614_Batch_1,2,TC-S-7004,field,1.02,False,0.8194233644219379,0.18800551853519784,0.9900639828925855,True,58.79534200413444
source_2,20210614_Batch_1,2,aloxistatin,field,1.02,False,0.28847144761631005,0.1401848472422955,0.8388005237059638,False,6.7905698367244804
source_2,20210621_Batch_3,3,AMG900,field,6.5,False,0.9087266926344969,0.08748056402243674,0.9252554656361596,True,69.40684164681916
source_2,20210621_Batch_3,3,dexamethasone,field,6.5,False,0.8246628923342303,0.29295910943295794,0.8694775090758448,True,17.949070570646413
source_2,20210621_Batch_3,3,FK-866,field,6.5,False,0.7747870414442274,0.2669566772476463,0.7821273330309474,True,37.451007685216446
source_2,20210621_Batch_3,3,LY2109761,field,6.5,False,0.9161344652361141,0.22842007084144875,0.9563673459429987,True,39.72744197700874
source_2,20210621_Batch_3,3,NVS-PAK1-1,field,6.5,False,0.8618145956543107,0.11987495942759908,0.8815780487316951,True,32.92039323563075
source_2,20210621_Batch_3,3,quinidine,field,6.5,False,0.5716113936653671,0.318315516041854,0.7562246583730378,True,6.912720702103643
source_2,20210621_Batch_3,3,TC-S-7004,field,6.5,False,0.6915337369198881,0.2192098278704248,0.8389863318841264,True,48.843935058132296
source_2,20210621_Batch_3,3,aloxistatin,field,6.5,False,0.3612929244249661,0.11465336019593075,0.7808471246391209,False,7.643651456857364
source_2,20210712_Batch_5,4,AMG900,field,1.73,False,0.9306203070769425,0.07914345274068797,0.9878212583482527,True,88.42268037350344
source_2,20210712_Batch_5,4,dexamethasone,field,1.73,False,0.9218579487947355,0.22413745940578342,0.8931090193662603,True,14.701348764510827
source_2,20210712_Batch_5,4,FK-866,field,1.73,False,0.8579910290929871,0.23374576941553746,0.9236438027811555,True,38.35951189728828
source_2,20210712_Batch_5,4,LY2109761,field,1.73,False,0.9313007326652463,0.26364388464460403,0.977273798394665,True,45.45271645640291
source_2,20210712_Batch_5,4,NVS-PAK1-1,field,1.73,False,0.9058707894248059,0.24215970883983454,0.9811970304507128,True,39.352380405676364
source_2,20210712_Batch_5,4,quinidine,field,1.73,False,0.7367754744377208,0.36172028851893595,0.7596267468819011,True,6.729107070963922
source_2,20210712_Batch_5,4,TC-S-7004,field,1.73,False,0.7054574534414443,0.31101105562753645,0.866159091583721,True,19.54484907448338
source_2,20210712_Batch_5,4,aloxistatin,field,1.73,False,0.471513931213914,0.16177962231730328,0.630885743526813,True,6.311504593410422
source_2,20210719_Batch_6,5,AMG900,field,1.94,False,0.9279677823649135,0.10804574414253228,0.9787079062105604,True,83.83370790117209
source_2,20210719_Batch_6,5,dexamethasone,field,1.94,False,0.921778876009813,0.31321185258898865,0.9125385679285907,True,17.13859602884788
source_2,20210719_Batch_6,5,FK-866,field,1.94,False,0.8371325584256255,0.24009956102345706,0.9080821584621442,True,38.865396289227625
source_2,20210719_Batch_6,5,LY2109761,field,1.94,False,0.9362669681409537,0.28860807698097474,0.9810925969088549,True,46.260130071282155
source_2,20210719_Batch_6,5,NVS-PAK1-1,field,1.94,False,0.9115719239762289,0.19183346024683465,0.956578656576744,True,39.68049204657592
source_2,20210719_Batch_6,5,quinidine,field,1.94,False,0.7482755187317205,0.3622195676079771,0.7828066864636244,True,5.795808676393392
source_2,20210719_Batch_6,5,TC-S-7004,field,1.94,False,0.7868322378645166,0.26839110662229476,0.9080154180723448,True,69.56366799102841
source_2,20210719_Batch_6,5,aloxistatin,field,1.94,False,0.4993319812237525,0.2272535019575595,0.7000323509916099,True,5.567328709506444
source_2,20210726_Batch_7,6,AMG900,field,3.28,False,0.9493905681250944,0.09627127589816367,0.9757098971390379,True,89.5521937439302
source_2,20210726_Batch_7,6,dexamethasone,field,3.28,False,0.939226925918336,0.31727537112333015,0.9014186629442194,True,16.476505810389025
source_2,20210726_Batch_7,6,FK-866,field,3.28,False,0.848252184246015,0.2781791864690265,0.8983123893467437,True,38.27117566141318
source_2,20210726_Batch_7,6,LY2109761,field,3.28,False,0.9357428881336026,0.2937201226058105,0.9848566480093242,True,46.687167860473224
source_2,20210726_Batch_7,6,NVS-PAK1-1,field,3.28,False,0.8928666827497334,0.20560231827759098,0.9617976588744168,True,41.0918652033368
source_2,20210726_Batch_7,6,quinidine,field,3.28,False,0.7862485102867877,0.3479670092810069,0.7392657426269935,True,7.121058961420006
source_2,20210726_Batch_7,6,TC-S-7004,field,3.28,False,0.8202902579468528,0.27642372658326175,0.8986358586161131,True,76.41904522943129
source_2,20210726_Batch_7,6,aloxistatin,field,3.28,False,0.35440352155350013,0.25372832860201094,0.4203665195463164,False,6.228170712240195
source_2,20210802_Batch_8,7,AMG900,field,3.04,False,0.9530933062036364,0.07136566306992705,0.9811055248664884,True,94.96457953363341
source_2,20210802_Batch_8,7,dexamethasone,field,3.04,False,0.7924119430801218,0.32344085528143485,0.8549483906891244,True,14.685274128780613
source_2,20210802_Batch_8,7,FK-866,field,3.04,False,0.8558285699928823,0.2631216927628733,0.8967020061251743,True,41.30033280602597
source_2,20210802_Batch_8,7,LY2109761,field,3.04,False,0.9507028822257895,0.3030560104645347,0.9819333352396179,True,46.02276748866356
source_2,20210802_Batch_8,7,NVS-PAK1-1,field,3.04,False,0.8800605630646787,0.24269890938497576,0.9659978104080192,True,38.33488942596308
source_2,20210802_Batch_8,7,quinidine,field,3.04,False,0.5845364399773205,0.33242861602537693,0.7594414905177276,True,7.230689528463612
source_2,20210802_Batch_8,7,TC-S-7004,field,3.04,False,0.8328562881346127,0.2064173415000812,0.9607269303180819,True,72.4370535822675
source_2,20210802_Batch_8,7,aloxistatin,field,3.04,False,0.3372165849723885,0.15520568829115283,0.5622855748984308,False,5.733179327752717
source_2,20210808_Batch_4,8,AMG900,field,3.17,False,0.9556570153422895,0.06343976353365147,0.9823729310919811,True,95.27548956765965
source_2,20210808_Batch_4,8,dexamethasone,field,3.17,False,0.4273857881148002,0.2851207540998134,0.47431724100454814,False,23.44301612255715
source_2,20210808_Batch_4,8,FK-866,field,3.17,False,0.8501325401457644,0.3050333640573694,0.907618426919141,True,41.77824981216911
source_2,20210808_Batch_4,8,LY2109761,field,3.17,False,0.9405077106281255,0.3040767145240552,0.9870533969111673,True,50.10531537460433
source_2,20210808_Batch_4,8,NVS-PAK1-1,field,3.17,False,0.8701151540955558,0.2407046945863288,0.9804388611946188,True,36.74904769397693
source_2,20210808_Batch_4,8,quinidine,field,3.17,False,0.6477164873104064,0.3505515913703343,0.8341606367332971,True,7.189174501372195
source_2,20210808_Batch_4,8,TC-S-7004,field,3.17,False,0.8236318729502878,0.17019010616691738,0.9570470670118194,True,69.18771673978766
source_2,20210808_Batch_4,8,aloxistatin,field,3.17,False,0.38349226458935426,0.23397409324442145,0.542798747514686,True,5.512692345145609
source_2,20210816_Batch_9,9,AMG900,field,2.77,False,0.932614080334167,0.08139291533524975,0.9842057517152164,True,89.65126131571284
source_2,20210816_Batch_9,9,dexamethasone,field,2.77,False,0.4353139429259916,0.2785784884309335,0.4988229607357511,False,27.206977629508415
source_2,20210816_Batch_9,9,FK-866,field,2.77,False,0.8425091796238359,0.2546712730066235,0.907947785805004,True,45.521002450679056
source_2,20210816_Batch_9,9,LY2109761,field,2.77,False,0.9287809055467585,0.2771716249429207,0.9667277740727775,True,46.04924189964534
source_2,20210816_Batch_9,9,NVS-PAK1-1,field,2.77,False,0.8697665667384177,0.20995455651268818,0.9491033064758914,True,32.19845271971014
source_2,20210816_Batch_9,9,quinidine,field,2.77,False,0.6146992436454246,0.29387225624743757,0.7077805619440671,True,7.421916757527654
source_2,20210816_Batch_9,9,TC-S-7004,field,2.77,False,0.7634359405625972,0.15412453295453948,0.935632500617705,True,62.79548646776137
source_2,20210816_Batch_9,9,aloxistatin,field,2.77,False,0.3556214450220464,0.10472902373569908,0.6761215147822045,True,4.873631095233215
source_2,20210823_Batch_10,10,AMG900,field,2.22,False,0.9389061917427265,0.0806016471631333,0.9872112213622551,True,88.81847688991284
source_2,20210823_Batch_10,10,dexamethasone,field,2.22,False,0.35707654075479933,0.2566126884154216,0.4052651358680415,False,29.311518848009175
source_2,20210823_Batch_10,10,FK-866,field,2.22,False,0.8533205664433707,0.25943700821577126,0.9086997702926536,True,45.42585269049785
source_2,20210823_Batch_10,10,LY2109761,field,2.22,False,0.935686968770305,0.2801919934630009,0.9725184434969458,True,44.32181084238437
source_2,20210823_Batch_10,10,NVS-PAK1-1,field,2.22,False,0.8846213176204123,0.212520207739884,0.9553290306252126,True,33.421598814001534
source_2,20210823_Batch_10,10,quinidine,field,2.22,False,0.5684844912858941,0.2959887155288235,0.750618645292513,True,6.686837972994826
source_2,20210823_Batch_10,10,TC-S-7004,field,2.22,False,0.7849567240924868,0.16506351531244917,0.9553371009055154,True,63.222382342507416
source_2,20210823_Batch_10,10,aloxistatin,field,2.22,False,0.34801820851040643,0.19894686818381055,0.8138382302779466,False,4.650626875283181
source_2,20210830_Batch_11,11,AMG900,field,12.96,True,0.8981785026042786,0.07512628239609458,0.8616428042281035,True,100.4689313840322
source_2,20210830_Batch_11,11,dexamethasone,field,12.96,True,0.629104783781141,0.19608339257524127,0.6133266929625294,True,17.34285291601182
source_2,20210830_Batch_11,11,FK-866,field,12.96,True,0.764810948931436,0.205665789780784,0.6392769833954859,True,50.651871843503294
source_2,20210830_Batch_11,11,LY2109761,field,12.96,True,0.8850792203914756,0.18459891173977278,0.8976602125044003,True,49.52512331035269
source_2,20210830_Batch_11,11,NVS-PAK1-1,field,12.96,True,0.8072300225805913,0.20531312887315695,0.8560867215076449,True,40.257902907113326
source_2,20210830_Batch_11,11,quinidine,field,12.96,True,0.3581832456894748,0.18622490989311297,0.5945669273548636,True,7.400021089372781
source_2,20210830_Batch_11,11,TC-S-7004,field,12.96,True,0.6846932013416648,0.1320525831655964,0.7624451039191831,True,89.04524422933689
source_2,20210830_Batch_11,11,aloxistatin,field,12.96,True,0.07993902717574385,-0.06295776464346675,0.18245379184151495,False,7.998254696513515
source_2,20210920_Batch_12,12,AMG900,field,9.11,True,0.9350242930106546,0.09833848688049704,0.9007195502307874,True,112.91814297002374
source_2,20210920_Batch_12,12,dexamethasone,field,9.11,True,0.5352657865070954,0.28019803242047325,0.5285800707568061,True,23.586881382516438
source_2,20210920_Batch_12,12,FK-866,field,9.11,True,0.7193652334822018,0.29263309211934196,0.6406740767713619,True,49.801347910303356
source_2,20210920_Batch_12,12,LY2109761,field,9.11,True,0.921583689677853,0.3043647922892356,0.9201399975160741,True,49.78374094901008
source_2,20210920_Batch_12,12,NVS-PAK1-1,field,9.11,True,0.8645604290260231,0.24230954461902857,0.8383847872738963,True,41.5915342064815
source_2,20210920_Batch_12,12,quinidine,field,9.11,True,0.4089007358967317,0.27014867542600723,0.6174471666610276,True,12.31337145085152
source_2,20210920_Batch_12,12,TC-S-7004,field,9.11,True,0.7414457784916306,0.15778772281687226,0.7682324495217749,True,91.67814632549211
source_2,20210920_Batch_12,12,aloxistatin,field,9.11,True,0.2472880128256295,0.13883115286626652,0.3133412753905788,False,10.80311169456121
source_2,20211003_Batch_13,13,AMG900,field,8.11,True,0.9275451481770858,0.08156630251713104,0.9060382625540878,True,101.11500109394227
source_2,20211003_Batch_13,13,dexamethasone,field,8.11,True,0.759958209192447,0.2267428395657673,0.7279961834992023,True,16.66766774458854
source_2,20211003_Batch_13,13,FK-866,field,8.11,True,0.8509619315598982,0.254394936521215,0.766586512477,True,48.938267106651566
source_2,20211003_Batch_13,13,LY2109761,field,8.11,True,0.9380889291833754,0.24411971741691202,0.9433393667253737,True,45.41667361611562
source_2,20211003_Batch_13,13,NVS-PAK1-1,field,8.11,True,0.8936749554888834,0.2014003811509534,0.8211452190257678,True,40.709359424106395
source_2,20211003_Batch_13,13,quinidine,field,8.11,True,0.3837172873944449,0.19400462708721453,0.5920548538572934,True,7.809116612495572
source_2,20211003_Batch_13,13,TC-S-7004,field,8.11,True,0.7421456041556747,0.12953432795584646,0.8081702350932056,True,81.16666355807968
source_2,20211003_Batch_13,13,aloxistatin,field,8.11,True,0.1397120405892431,0.07691298577246454,0.32626300445729545,False,8.271848475483903
source_3,CP59,12,AMG900,raw,1.38,False,0.9243286462257436,0.15418051681606879,0.9850088385215585,True,56.64571265910799
source_3,CP59,12,dexamethasone,raw,1.38,False,0.8121056181752901,0.1753911656854507,0.9363145114439659,True,6.943818793752943
source_3,CP59,12,FK-866,raw,1.38,False,0.8170550775963873,0.17865951025046614,0.9687304655287454,True,26.63088363947895
source_3,CP59,12,LY2109761,raw,1.38,False,0.8273280761949837,0.13737391872813695,0.9709326872488496,True,22.096642247892973
source_3,CP59,12,NVS-PAK1-1,raw,1.38,False,0.8160301658902929,0.18060333231126421,0.9482225855221884,True,24.889986034829587
source_3,CP59,12,quinidine,raw,1.38,False,0.39158656250520646,0.24087499830647258,0.7126874317398938,False,4.0703627637349085
source_3,CP59,12,TC-S-7004,raw,1.38,False,0.8486508983318426,0.25120754445127536,0.940693587691263,True,33.25945836836319
source_3,CP59,12,aloxistatin,raw,1.38,False,0.1280579552648597,0.015127236611790067,0.5400368996427795,False,2.3074559183887966
source_3,CP60,13,AMG900,raw,1.27,False,0.9295871427937897,0.16880833520249125,0.9851079851615328,True,55.7697772772017
source_3,CP60,13,dexamethasone,raw,1.27,False,0.8294467430627185,0.16284121223522638,0.9209506190803096,True,6.646087636621743
source_3,CP60,13,FK-866,raw,1.27,False,0.8758882575474696,0.27613128193346953,0.9675095923135006,True,28.49947873157036
source_3,CP60,13,LY2109761,raw,1.27,False,0.8673984365947587,0.1685197897005468,0.9760534309165416,True,22.035245081588478
source_3,CP60,13,NVS-PAK1-1,raw,1.27,False,0.8194685522852666,0.19131963015978748,0.944980739609576,True,25.552150623984613
source_3,CP60,13,quinidine,raw,1.27,False,0.4300902419086953,0.16383952849075237,0.8180748070459609,True,3.898956570453609
source_3,CP60,13,TC-S-7004,raw,1.27,False,0.7950233855490049,0.29145718612285776,0.8925462909500333,True,24.241007748398474
source_3,CP60,13,aloxistatin,raw,1.27,False,-0.0005322549444376073,-0.042548521914122686,0.5737463308539528,False,3.1994428111055067
source_3,CP_25_all_Phenix1,1,AMG900,raw,0.63,False,0.9461506706098443,0.14811111149939826,,True,53.668231789903366
source_3,CP_25_all_Phenix1,1,dexamethasone,raw,0.63,False,0.8224857969996645,0.20483207317047367,,True,7.443464974527367
source_3,CP_25_all_Phenix1,1,FK-866,raw,0.63,False,0.8324367900542609,0.19126274817812597,,True,28.113075939848095
source_3,CP_25_all_Phenix1,1,LY2109761,raw,0.63,False,0.8532469962814968,0.15461353048330695,,True,21.802954244521544
source_3,CP_25_all_Phenix1,1,NVS-PAK1-1,raw,0.63,False,0.8659030070997411,0.18546906953503664,,True,23.27641928555544
source_3,CP_25_all_Phenix1,1,quinidine,raw,0.63,False,0.5377383674660856,0.1605599125577781,,True,4.374846276947709
source_3,CP_25_all_Phenix1,1,TC-S-7004,raw,0.63,False,0.8876763479709318,0.24597738479760928,,True,51.55634413073734
source_3,CP_25_all_Phenix1,1,aloxistatin,raw,0.63,False,0.4476179981436226,0.1390230286562156,,True,3.257342402399102
source_3,CP_26_all_Phenix1,2,AMG900,raw,2.13,False,0.9235075482657636,0.14137762786192606,0.9724910824352462,True,45.836111274135334
source_3,CP_26_all_Phenix1,2,dexamethasone,raw,2.13,False,0.8889138858015863,0.19430374710149478,0.9325930130875135,True,7.663936034556892
source_3,CP_26_all_Phenix1,2,FK-866,raw,2.13,False,0.8730291226639959,0.23603746397761127,0.9613958475277626,True,27.648320594925604
source_3,CP_26_all_Phenix1,2,LY2109761,raw,2.13,False,0.8307343056656201,0.15626835441261702,0.9597747111265946,True,20.335558719123767
source_3,CP_26_all_Phenix1,2,NVS-PAK1-1,raw,2.13,False,0.7833236161176149,0.20028412753093125,0.8825272212677006,True,19.909501451958818
source_3,CP_26_all_Phenix1,2,quinidine,raw,2.13,False,0.6273025356131694,0.2972809166431988,0.7266598029016997,True,3.88962132670796
source_3,CP_26_all_Phenix1,2,TC-S-7004,raw,2.13,False,0.8581852173607267,0.1667669132632568,0.9292950625941506,True,59.519976506746886
source_3,CP_26_all_Phenix1,2,aloxistatin,raw,2.13,False,0.6752803310150693,0.3135638069703018,0.6661287122887894,True,3.6168606338633564
source_3,CP_27_all_Phenix1,3,AMG900,raw,1.87,False,0.9107242584036152,0.1559535538299135,0.9721787792088543,True,53.14416616725577
source_3,CP_27_all_Phenix1,3,dexamethasone,raw,1.87,False,0.8815838533273285,0.18600472134340013,0.9403268368515545,True,7.749527978473991
source_3,CP_27_all_Phenix1,3,FK-866,raw,1.87,False,0.8605245654880228,0.22721605554299712,0.9579373544154084,True,29.19445903488492
source_3,CP_27_all_Phenix1,3,LY2109761,raw,1.87,False,0.8542332079637649,0.17526325344340463,0.9598003424814897,True,21.999859894952788
source_3,CP_27_all_Phenix1,3,NVS-PAK1-1,raw,1.87,False,0.7927298373310564,0.20961484365980482,0.8894462260298237,True,25.892561620002716
source_3,CP_27_all_Phenix1,3,quinidine,raw,1.87,False,0.5533354079428421,0.21574958554699974,0.6322466650529973,False,3.4825891150484156
source_3,CP_27_all_Phenix1,3,TC-S-7004,raw,1.87,False,0.8578213206663499,0.1687180290121512,0.943059833316048,True,68.2835773586509
source_3,CP_27_all_Phenix1,3,aloxistatin,raw,1.87,False,0.555472657243201,0.17009280739930815,0.7087442819755664,False,3.389212522110516
source_3,CP_28_all_Phenix1,4,AMG900,raw,2.06,False,0.934203690274424,0.14749945253309482,0.9852347958306878,True,53.53074622177343
source_3,CP_28_all_Phenix1,4,dexamethasone,raw,2.06,False,0.9045399835679457,0.2068225917734557,0.9517295693980694,True,8.350769415989832
source_3,CP_28_all_Phenix1,4,FK-866,raw,2.06,False,0.8696682456662032,0.2154418988369934,0.9725867048440546,True,25.73371998359508
source_3,CP_28_all_Phenix1,4,LY2109761,raw,2.06,False,0.8833975281874882,0.20051457400225817,0.973724309543571,True,22.09679781470265
source_3,CP_28_all_Phenix1,4,NVS-PAK1-1,raw,2.06,False,0.8335589276341757,0.23061020852165523,0.9370489666405168,True,20.504490294149008
source_3,CP_28_all_Phenix1,4,quinidine,raw,2.06,False,0.6249570957500205,0.2111756805612675,0.7009936835182945,False,3.6116539453665903
source_3,CP_28_all_Phenix1,4,TC-S-7004,raw,2.06,False,0.8908820600545186,0.19864165879576154,0.948369672531447,True,60.216494635196284
source_3,CP_28_all_Phenix1,4,aloxistatin,raw,2.06,False,0.49344408313224397,0.11855118069399347,0.6198241486447431,False,3.6378763729157293
source_3,CP_29_all_Phenix1,5,AMG900,raw,1.5,False,0.9293490954925048,0.14039254201721765,0.9834664886034099,True,50.307004027449956
source_3,CP_29_all_Phenix1,5,dexamethasone,raw,1.5,False,0.8694335285998958,0.18175395186121418,0.9519307528739376,True,7.697588237728808
source_3,CP_29_all_Phenix1,5,FK-866,raw,1.5,False,0.8588242847545942,0.23440167055200556,0.9683823241410422,True,25.15083247611034
source_3,CP_29_all_Phenix1,5,LY2109761,raw,1.5,False,0.8561540538291039,0.16797411923369995,0.9729361558950672,True,21.158754572178307
source_3,CP_29_all_Phenix1,5,NVS-PAK1-1,raw,1.5,False,0.7986525627343459,0.16481886617258015,0.9424866652664543,True,22.758770446430137
source_3,CP_29_all_Phenix1,5,quinidine,raw,1.5,False,0.6927689439038733,0.2743808601184942,0.7245497373186083,True,3.4900091533518505
source_3,CP_29_all_Phenix1,5,TC-S-7004,raw,1.5,False,0.8836598170473378,0.16952323648606638,0.9553626832894093,True,66.96460153875185
source_3,CP_29_all_Phenix1,5,aloxistatin,raw,1.5,False,0.6520722864268331,0.2115043800504501,0.6534402194458278,False,3.3780259636742413
source_3,CP_31_all_Phenix1,6,AMG900,raw,2.02,False,0.9088594224899165,0.1421075481236514,0.974548842017436,True,48.17359163493101
source_3,CP_31_all_Phenix1,6,dexamethasone,raw,2.02,False,0.836379876042934,0.19141766175754157,0.8819907162449651,True,7.017352246391228
source_3,CP_31_all_Phenix1,6,FK-866,raw,2.02,False,0.8063891461646456,0.14046433577188874,0.9623223601720878,True,22.864152306559465
source_3,CP_31_all_Phenix1,6,LY2109761,raw,2.02,False,0.8289162609966928,0.14273307189118242,0.9649604042834112,True,21.06188109776082
source_3,CP_31_all_Phenix1,6,NVS-PAK1-1,raw,2.02,False,0.7399040542893408,0.2019439316790613,0.877005399504688,True,23.61443293626581
source_3,CP_31_all_Phenix1,6,quinidine,raw,2.02,False,0.5176859179907375,0.17770830517572406,0.6305774243492426,False,4.094668674609117
source_3,CP_31_all_Phenix1,6,TC-S-7004,raw,2.02,False,0.8750231963042019,0.2016333349335492,0.9577085261846843,True,55.66417179390078
source_3,CP_31_all_Phenix1,6,aloxistatin,raw,2.02,False,0.6552761802289767,0.23470970391790622,0.6130130281207192,False,3.550233359814073
source_3,CP_32_all_Phenix1,7,AMG900,raw,3.02,True,0.9321784938682341,0.12977025129453837,0.9691086479372882,True,48.007329518053
source_3,CP_32_all_Phenix1,7,dexamethasone,raw,3.02,True,0.8119185713562213,0.09479603725058783,0.8538972456031196,True,6.156718002737675
source_3,CP_32_all_Phenix1,7,FK-866,raw,3.02,True,0.8433295174596394,0.20453059134010054,0.8719908005797562,True,19.9662185163144
source_3,CP_32_all_Phenix1,7,LY2109761,raw,3.02,True,0.8290604217671013,0.13997808716839505,0.9160779080115788,True,16.828405540293428
source_3,CP_32_all_Phenix1,7,NVS-PAK1-1,raw,3.02,True,0.7620908861951918,0.1725223227607929,0.8749095621166632,True,20.03245271090172
source_3,CP_32_all_Phenix1,7,quinidine,raw,3.02,True,0.4660354807353949,0.06683315715345073,0.7051687174122917,True,3.1540909342977534
source_3,CP_32_all_Phenix1,7,TC-S-7004,raw,3.02,True,0.8715831487272564,0.15208940621143516,0.9301343404105988,True,43.35278431606032
source_3,CP_32_all_Phenix1,7,aloxistatin,raw,3.02,True,0.12507578728446703,0.008478533038306773,0.327635639448437,False,2.415303000698241
source_3,CP59,12,AMG900,own,1.38,False,0.9075508668090804,0.03974237488702236,0.9813769063282447,True,342.6947504674045
source_3,CP59,12,dexamethasone,own,1.38,False,0.8363670685240443,0.17307486398929753,0.8782681384746255,True,34.86697484606552
source_3,CP59,12,FK-866,own,1.38,False,0.8327899452653545,0.16448918466653414,0.9415245929644886,True,110.47024431363609
source_3,CP59,12,LY2109761,own,1.38,False,0.9026823909838646,0.1584308955167995,0.9630220541676551,True,105.71271315648131
source_3,CP59,12,NVS-PAK1-1,own,1.38,False,0.8439990590663503,0.11604189573976163,0.9293795400278984,True,129.99893186091634
source_3,CP59,12,quinidine,own,1.38,False,0.24174843405747598,0.14987101993379945,0.7520571022094065,False,24.27033849616674
source_3,CP59,12,TC-S-7004,own,1.38,False,0.8569978735482885,0.16142262371614194,0.9315448591936856,True,164.99225289146193
source_3,CP59,12,aloxistatin,own,1.38,False,0.054109125828656665,0.020842038660841278,0.3822195854912292,False,11.76542080437234
source_3,CP60,13,AMG900,own,1.27,False,0.9269949115634353,0.07111553793654869,0.9789784658939897,True,274.49460054995177
source_3,CP60,13,dexamethasone,own,1.27,False,0.8385268144669835,0.16380259647503745,0.8610387135800158,True,26.400581119837998
source_3,CP60,13,FK-866,own,1.27,False,0.9042816731039953,0.29780540514514103,0.9509264481123596,True,102.19780380435348
source_3,CP60,13,LY2109761,own,1.27,False,0.9153876159245413,0.18242930287897738,0.9736667709656233,True,86.6719608222034
source_3,CP60,13,NVS-PAK1-1,own,1.27,False,0.8511653850709959,0.14536287943726875,0.925010836086559,True,108.39956517353569
source_3,CP60,13,quinidine,own,1.27,False,0.3227430562032181,0.11784078681185901,0.7800870822605525,True,17.21190545321769
source_3,CP60,13,TC-S-7004,own,1.27,False,0.8025433670300983,0.2471962520731464,0.8314737435066953,True,96.58844124454694
source_3,CP60,13,aloxistatin,own,1.27,False,0.019111347132938175,-0.0369752627158411,0.5474224887267558,False,13.697138975250548
source_3,CP_25_all_Phenix1,1,AMG900,own,0.63,False,0.9179641108756119,0.08502683025859155,,True,292.17954492478486
source_3,CP_25_all_Phenix1,1,dexamethasone,own,0.63,False,0.8486342755873107,0.25472674082525576,,True,32.614032270941756
source_3,CP_25_all_Phenix1,1,FK-866,own,0.63,False,0.8974082441630815,0.25112578784236833,,True,102.6756063218743
source_3,CP_25_all_Phenix1,1,LY2109761,own,0.63,False,0.928169129058774,0.21036978455285454,,True,98.49496957356865
source_3,CP_25_all_Phenix1,1,NVS-PAK1-1,own,0.63,False,0.8734444912616544,0.17870319033204915,,True,124.79830459572997
source_3,CP_25_all_Phenix1,1,quinidine,own,0.63,False,0.4413251822182537,0.16078374583415136,,True,19.77028802530099
source_3,CP_25_all_Phenix1,1,TC-S-7004,own,0.63,False,0.8872686760366272,0.20912032689621704,,True,318.0626173207354
source_3,CP_25_all_Phenix1,1,aloxistatin,own,0.63,False,0.4570782472155939,0.1449368710070213,,True,16.349534236843333
source_3,CP_26_all_Phenix1,2,AMG900,own,2.13,False,0.9253212733314744,0.017181575411276906,0.9545334505301841,True,256.8340293812506
source_3,CP_26_all_Phenix1,2,dexamethasone,own,2.13,False,0.9085004843864839,0.21001533792893337,0.9208655104059723,True,35.67600582544705
source_3,CP_26_all_Phenix1,2,FK-866,own,2.13,False,0.88174214275047,0.2270479526638736,0.9314975945017373,True,112.15124538770968
source_3,CP_26_all_Phenix1,2,LY2109761,own,2.13,False,0.8915003379569597,0.17307582539569116,0.928457579967459,True,95.4737715899758
source_3,CP_26_all_Phenix1,2,NVS-PAK1-1,own,2.13,False,0.8037986170656382,0.14816524780089763,0.8399725073032043,True,79.37227308923602
source_3,CP_26_all_Phenix1,2,quinidine,own,2.13,False,0.6426337601161383,0.2639431027787135,0.7629498993083319,True,16.428192080460338
source_3,CP_26_all_Phenix1,2,TC-S-7004,own,2.13,False,0.802088630208738,0.07633182683421247,0.8585367522997933,True,326.8410358966315
source_3,CP_26_all_Phenix1,2,aloxistatin,own,2.13,False,0.7539169298325933,0.301260098968243,0.49977153044478495,True,17.367806863145205
source_3,CP_27_all_Phenix1,3,AMG900,own,1.87,False,0.9188175874410414,0.03560973638657976,0.9749266751705133,True,313.75212318416345
source_3,CP_27_all_Phenix1,3,dexamethasone,own,1.87,False,0.9036233973002044,0.2076835819819001,0.936916990201721,True,41.2719650697408
source_3,CP_27_all_Phenix1,3,FK-866,own,1.87,False,0.8700056756095541,0.19733606305478876,0.9264855378148316,True,137.20265339185545
source_3,CP_27_all_Phenix1,3,LY2109761,own,1.87,False,0.9204661578405627,0.1992729337442458,0.9521024551808845,True,113.31908759383627
source_3,CP_27_all_Phenix1,3,NVS-PAK1-1,own,1.87,False,0.8390137981681488,0.14763195037441434,0.9117326546762813,True,125.8310815571743
source_3,CP_27_all_Phenix1,3,quinidine,own,1.87,False,0.559504745230759,0.2083335964335681,0.7555543575450762,False,18.557378944548656
source_3,CP_27_all_Phenix1,3,TC-S-7004,own,1.87,False,0.8247401661087315,0.08761001445076558,0.8986344489524771,True,420.5190083098224
source_3,CP_27_all_Phenix1,3,aloxistatin,own,1.87,False,0.7146487367857324,0.19467657995882331,0.5478048565102087,True,16.72825274982585
source_3,CP_28_all_Phenix1,4,AMG900,own,2.06,False,0.9030734159068692,0.03151557229392136,0.9541868710229057,True,207.0532815516023
source_3,CP_28_all_Phenix1,4,dexamethasone,own,2.06,False,0.910445929932701,0.2202811708988147,0.9095568697226654,True,27.75499960701
source_3,CP_28_all_Phenix1,4,FK-866,own,2.06,False,0.8707769815260229,0.20211663579325764,0.9400163295651349,True,77.69684941438469
source_3,CP_28_all_Phenix1,4,LY2109761,own,2.06,False,0.9058190137497915,0.20945972623400447,0.9408565082166745,True,71.59591959224161
source_3,CP_28_all_Phenix1,4,NVS-PAK1-1,own,2.06,False,0.8430480316517429,0.16205502810822764,0.9025197527993251,True,58.82373378037128
source_3,CP_28_all_Phenix1,4,quinidine,own,2.06,False,0.6759788272090261,0.2204974262452459,0.6438834900287669,False,11.481347264147344
source_3,CP_28_all_Phenix1,4,TC-S-7004,own,2.06,False,0.8374712393991364,0.12041877596717611,0.8639865157738844,True,227.29545351480346
source_3,CP_28_all_Phenix1,4,aloxistatin,own,2.06,False,0.5815128451158964,0.158080753565927,0.48285120413384197,False,11.587159288502555
source_3,CP_29_all_Phenix1,5,AMG900,own,1.5,False,0.9207719114066982,0.0484047937409088,0.9726626331755329,True,295.6887568646044
source_3,CP_29_all_Phenix1,5,dexamethasone,own,1.5,False,0.8917525491447387,0.20866587457783606,0.9299813771411717,True,38.01218408042078
source_3,CP_29_all_Phenix1,5,FK-866,own,1.5,False,0.8732954232487049,0.22774051083453117,0.940872403920501,True,111.83967893742653
source_3,CP_29_all_Phenix1,5,LY2109761,own,1.5,False,0.9170490985592112,0.20532425428865722,0.9582066577560926,True,104.88239804546977
source_3,CP_29_all_Phenix1,5,NVS-PAK1-1,own,1.5,False,0.8452175135829878,0.14131896936097482,0.9295652988231349,True,116.92917530267358
source_3,CP_29_all_Phenix1,5,quinidine,own,1.5,False,0.6354631288742869,0.2467284582904655,0.7898774071805309,True,19.13975411715178
source_3,CP_29_all_Phenix1,5,TC-S-7004,own,1.5,False,0.8395620708793008,0.10097898879363613,0.9108348540548161,True,412.75936540499214
source_3,CP_29_all_Phenix1,5,aloxistatin,own,1.5,False,0.7559612523391351,0.22260154295498344,0.5165178926379604,True,17.436703936362473
source_3,CP_31_all_Phenix1,6,AMG900,own,2.02,False,0.9048993688146143,0.010013645804407733,0.9587009297636396,True,276.24816182246593
source_3,CP_31_all_Phenix1,6,dexamethasone,own,2.02,False,0.8436530767153823,0.21102518444652799,0.8803722398222094,True,33.01513364702235
source_3,CP_31_all_Phenix1,6,FK-866,own,2.02,False,0.8416589994262385,0.14699664516388075,0.9152735296577394,True,92.11829024556285
source_3,CP_31_all_Phenix1,6,LY2109761,own,2.02,False,0.8999650709845665,0.16392407001130532,0.9269170960467441,True,100.72910174873391
source_3,CP_31_all_Phenix1,6,NVS-PAK1-1,own,2.02,False,0.7537882127853005,0.12359627079764726,0.8424694632255845,True,102.32120516063752
source_3,CP_31_all_Phenix1,6,quinidine,own,2.02,False,0.49384784991872266,0.16716508056466323,0.716464909099745,True,19.51650216325919
source_3,CP_31_all_Phenix1,6,TC-S-7004,own,2.02,False,0.8216455422772835,0.08427156029155738,0.8685435847533113,True,298.6622145534592
source_3,CP_31_all_Phenix1,6,aloxistatin,own,2.02,False,0.7269564412157553,0.23605697053962865,0.41606859875456365,True,17.9058163458566
source_3,CP_32_all_Phenix1,7,AMG900,own,3.02,True,0.9245934998977383,0.04280460700193356,0.9544449319963245,True,181.79587970815967
source_3,CP_32_all_Phenix1,7,dexamethasone,own,3.02,True,0.8346751117359201,0.12051933060268581,0.796590230016365,True,20.08839806969537
source_3,CP_32_all_Phenix1,7,FK-866,own,3.02,True,0.8325200844547277,0.16060320784987692,0.8997829876998096,True,64.07298151935963
source_3,CP_32_all_Phenix1,7,LY2109761,own,3.02,True,0.8862097712164441,0.16551951816326813,0.9126818948311989,True,57.25887454830663
source_3,CP_32_all_Phenix1,7,NVS-PAK1-1,own,3.02,True,0.7747210784805716,0.12313134576910323,0.8443664452056991,True,66.66498961018017
source_3,CP_32_all_Phenix1,7,quinidine,own,3.02,True,0.39817970730978813,0.0707108572448772,0.6616283861443133,True,10.40708208404281
source_3,CP_32_all_Phenix1,7,TC-S-7004,own,3.02,True,0.8479690264504691,0.0932262023756441,0.8231824801311691,True,169.06627452569947
source_3,CP_32_all_Phenix1,7,aloxistatin,own,3.02,True,0.042186112101393,0.007775231314231571,0.1988700408665978,False,9.237352207255812
source_3,CP59,12,AMG900,scaled,1.38,False,0.820747301409545,0.07530265103476931,0.9313351574885513,True,50.97878706558486
source_3,CP59,12,dexamethasone,scaled,1.38,False,0.8087847251465476,0.13994586506207288,0.9367687259149474,True,8.322993714165785
source_3,CP59,12,FK-866,scaled,1.38,False,0.760276329421884,0.1329797247614119,0.943643456738946,True,28.514404831638284
source_3,CP59,12,LY2109761,scaled,1.38,False,0.6727289800819896,0.0908855077688951,0.9157413169490618,True,20.239017749970454
source_3,CP59,12,NVS-PAK1-1,scaled,1.38,False,0.6959322680781199,0.020550915032378027,0.8767062489230374,True,22.255246493741726
source_3,CP59,12,quinidine,scaled,1.38,False,0.43699834105796365,0.19957889431549042,0.7098363231431137,True,4.093084815616712
source_3,CP59,12,TC-S-7004,scaled,1.38,False,0.7083634838313527,0.12945032790552374,0.8588294474165492,True,30.31866853645644
source_3,CP59,12,aloxistatin,scaled,1.38,False,0.2515485819116907,0.009550533433188091,0.6156812052042258,True,2.70192112097299
source_3,CP60,13,AMG900,scaled,1.27,False,0.8189358682595034,0.08128070555324822,0.9161156309025267,True,41.31140382375358
source_3,CP60,13,dexamethasone,scaled,1.27,False,0.8119111340672993,0.12692426822724542,0.9285511396439515,True,6.806759056277516
source_3,CP60,13,FK-866,scaled,1.27,False,0.8061156360007045,0.20686468793206544,0.9450384121692825,True,24.456494674159945
source_3,CP60,13,LY2109761,scaled,1.27,False,0.7169051290228079,0.1100190060186643,0.9170685170720873,True,16.77271054767158
source_3,CP60,13,NVS-PAK1-1,scaled,1.27,False,0.6541228737435352,0.0006230127719885625,0.8473301038777525,True,19.39159902797706
source_3,CP60,13,quinidine,scaled,1.27,False,0.5103823941251341,0.16568444671496038,0.8237331450429104,True,3.7086697791649974
source_3,CP60,13,TC-S-7004,scaled,1.27,False,0.6118682383043266,0.1586506549657676,0.7558335271360551,True,18.578403427074274
source_3,CP60,13,aloxistatin,scaled,1.27,False,0.1918903237299276,0.001843517197712034,0.6139465208171184,True,2.88628269421986
source_3,CP_25_all_Phenix1,1,AMG900,scaled,0.63,False,0.8608147948467472,0.07454871847825313,,True,45.004362480342714
source_3,CP_25_all_Phenix1,1,dexamethasone,scaled,0.63,False,0.811028394894332,0.12174544961371063,,True,8.665780012871505
source_3,CP_25_all_Phenix1,1,FK-866,scaled,0.63,False,0.7820834332661265,0.15791852757215397,,True,27.69749676457655
source_3,CP_25_all_Phenix1,1,LY2109761,scaled,0.63,False,0.7057083325864968,0.12169837937983095,,True,19.17151901674753
source_3,CP_25_all_Phenix1,1,NVS-PAK1-1,scaled,0.63,False,0.6950110837085572,0.035207500564853084,,True,18.637402821632033
source_3,CP_25_all_Phenix1,1,quinidine,scaled,0.63,False,0.6025513570680302,0.14147977955948657,,True,4.4007454416914005
source_3,CP_25_all_Phenix1,1,TC-S-7004,scaled,0.63,False,0.7632701895331464,0.16358522424446445,,True,42.30093439949423
source_3,CP_25_all_Phenix1,1,aloxistatin,scaled,0.63,False,0.5283123739512721,0.03822256389202405,,True,3.039302545566943
source_3,CP_26_all_Phenix1,2,AMG900,scaled,2.13,False,0.8328532606006478,0.0626909647914805,0.9199823132058425,True,40.20185374082859
source_3,CP_26_all_Phenix1,2,dexamethasone,scaled,2.13,False,0.858295183260449,0.14069445896174143,0.8890409457521364,True,7.474439724442976
source_3,CP_26_all_Phenix1,2,FK-866,scaled,2.13,False,0.8295118569037189,0.1721411343718043,0.9189912464473472,True,26.40405694268871
source_3,CP_26_all_Phenix1,2,LY2109761,scaled,2.13,False,0.6717498047628431,0.08042541919639999,0.8744445994839489,True,18.742440490103828
source_3,CP_26_all_Phenix1,2,NVS-PAK1-1,scaled,2.13,False,0.659970722203983,0.027481507567756833,0.8117560591977101,True,17.25543419057219
source_3,CP_26_all_Phenix1,2,quinidine,scaled,2.13,False,0.5447271298802687,0.21291142733159,0.7581942828293141,False,4.033155019024097
source_3,CP_26_all_Phenix1,2,TC-S-7004,scaled,2.13,False,0.7869816995236849,0.09026673008329747,0.8753134449058364,True,48.85653873060018
source_3,CP_26_all_Phenix1,2,aloxistatin,scaled,2.13,False,0.6131073517523846,0.1705488302642121,0.7272619682288833,True,3.502138983777928
source_3,CP_27_all_Phenix1,3,AMG900,scaled,1.87,False,0.8127881503017138,0.060622478567056146,0.9081571220031879,True,51.8327132782218
source_3,CP_27_all_Phenix1,3,dexamethasone,scaled,1.87,False,0.8627211039451146,0.1471958152453823,0.9144731556521741,True,8.5751447723579
source_3,CP_27_all_Phenix1,3,FK-866,scaled,1.87,False,0.803135284636747,0.15151552665969267,0.9211077320954194,True,31.03077313796375
source_3,CP_27_all_Phenix1,3,LY2109761,scaled,1.87,False,0.7118477009173376,0.10378963650838717,0.883733153188037,True,21.3557486963104
source_3,CP_27_all_Phenix1,3,NVS-PAK1-1,scaled,1.87,False,0.6718017536199254,0.02169886735757648,0.7845586727321036,True,23.482394044687652
source_3,CP_27_all_Phenix1,3,quinidine,scaled,1.87,False,0.546378812271973,0.18797431312165674,0.7220235175899716,False,4.133861539620588
source_3,CP_27_all_Phenix1,3,TC-S-7004,scaled,1.87,False,0.7730555842354967,0.07485471835033422,0.8716447642209942,True,64.8001949428836
source_3,CP_27_all_Phenix1,3,aloxistatin,scaled,1.87,False,0.4463749708286532,0.07655251152310903,0.7474062947895952,True,3.926264570637309
source_3,CP_28_all_Phenix1,4,AMG900,scaled,2.06,False,0.821787538904045,0.04361252056376613,0.897375922981747,True,32.248789557724045
source_3,CP_28_all_Phenix1,4,dexamethasone,scaled,2.06,False,0.8634700715231699,0.1510161360139523,0.9173312251446973,True,6.659134743845771
source_3,CP_28_all_Phenix1,4,FK-866,scaled,2.06,False,0.7948032404035386,0.17584493390419384,0.9136336893004733,True,18.968361826336974
source_3,CP_28_all_Phenix1,4,LY2109761,scaled,2.06,False,0.7586401724214489,0.12896903830865472,0.8963478166256272,True,14.529515501534638
source_3,CP_28_all_Phenix1,4,NVS-PAK1-1,scaled,2.06,False,0.6469027563187546,0.04760370823606884,0.8432763384608344,True,12.310793251332376
source_3,CP_28_all_Phenix1,4,quinidine,scaled,2.06,False,0.5478571798391458,0.17573682190721507,0.7527672758286462,False,2.992231197537417
source_3,CP_28_all_Phenix1,4,TC-S-7004,scaled,2.06,False,0.809143725317136,0.12929640680392843,0.8633117269397146,True,33.32803604417845
source_3,CP_28_all_Phenix1,4,aloxistatin,scaled,2.06,False,0.4946974059558342,0.10925603515275471,0.6972950548901626,True,2.741907094182724
source_3,CP_29_all_Phenix1,5,AMG900,scaled,1.5,False,0.8376583689426564,0.061756153660959254,0.9440227064039811,True,47.163387396041166
source_3,CP_29_all_Phenix1,5,dexamethasone,scaled,1.5,False,0.8611708941709262,0.1453072001237649,0.9368377791796291,True,8.62725732327554
source_3,CP_29_all_Phenix1,5,FK-866,scaled,1.5,False,0.8204935769217092,0.17337223440956803,0.9439985585490218,True,25.854106723774795
source_3,CP_29_all_Phenix1,5,LY2109761,scaled,1.5,False,0.7132139089775815,0.09963767454757363,0.9282810228307509,True,20.12777901066284
source_3,CP_29_all_Phenix1,5,NVS-PAK1-1,scaled,1.5,False,0.6422635583750109,-0.023350719610340735,0.8588170545049563,True,20.926661576112398
source_3,CP_29_all_Phenix1,5,quinidine,scaled,1.5,False,0.6453082763129139,0.21479173597700882,0.790343945815835,False,4.141737917807683
source_3,CP_29_all_Phenix1,5,TC-S-7004,scaled,1.5,False,0.7939120562495161,0.07604624392015302,0.9203857598810998,True,61.5324858502887
source_3,CP_29_all_Phenix1,5,aloxistatin,scaled,1.5,False,0.5899453426448216,0.14532108642028607,0.7219509138473507,True,3.680089517275431
source_3,CP_31_all_Phenix1,6,AMG900,scaled,2.02,False,0.789662489171475,0.059949779247127695,0.8901159642644745,True,39.345371611580475
source_3,CP_31_all_Phenix1,6,dexamethasone,scaled,2.02,False,0.8355220672659636,0.1542688704822062,0.8662487698017061,True,6.6315636671840545
source_3,CP_31_all_Phenix1,6,FK-866,scaled,2.02,False,0.7580519943600146,0.09176141698831934,0.9248108724678551,True,20.77476583419194
source_3,CP_31_all_Phenix1,6,LY2109761,scaled,2.02,False,0.6848071641120959,0.07343940111843551,0.908818485876546,True,16.24563177621504
source_3,CP_31_all_Phenix1,6,NVS-PAK1-1,scaled,2.02,False,0.6182353037185967,0.03522505293822771,0.7915212673830481,True,18.129300248449365
source_3,CP_31_all_Phenix1,6,quinidine,scaled,2.02,False,0.557022373215222,0.15043578211403894,0.7018681409126157,False,3.6974299192601876
source_3,CP_31_all_Phenix1,6,TC-S-7004,scaled,2.02,False,0.7791303632726307,0.13139550591979895,0.8768792244529096,True,42.55264533465774
source_3,CP_31_all_Phenix1,6,aloxistatin,scaled,2.02,False,0.49072968135241946,0.11993414253242517,0.6655046974431391,False,3.407105330689599
source_3,CP_32_all_Phenix1,7,AMG900,scaled,3.02,True,0.8301530399594881,0.04567878322747194,0.8531353750584985,True,27.3700129126556
source_3,CP_32_all_Phenix1,7,dexamethasone,scaled,3.02,True,0.8109668640753056,0.10050941555561867,0.816127467279719,True,5.03400644574478
source_3,CP_32_all_Phenix1,7,FK-866,scaled,3.02,True,0.7654220098966775,0.1142451944537679,0.8059503185007966,True,15.923189720047818
source_3,CP_32_all_Phenix1,7,LY2109761,scaled,3.02,True,0.7374176435604136,0.0920330979091206,0.8030041519551989,True,12.423444355445564
source_3,CP_32_all_Phenix1,7,NVS-PAK1-1,scaled,3.02,True,0.5663080216701988,0.04407977682874944,0.6554660121467752,True,14.089787520133637
source_3,CP_32_all_Phenix1,7,quinidine,scaled,3.02,True,0.4115094993440712,0.07089223648668697,0.6746638810533498,False,2.8105234406369832
source_3,CP_32_all_Phenix1,7,TC-S-7004,scaled,3.02,True,0.7486426257654701,0.07379007364896853,0.7727513968313888,True,27.551031363817234
source_3,CP_32_all_Phenix1,7,aloxistatin,scaled,3.02,True,0.1544480338941599,0.04487414363466909,0.39317308075839674,False,2.2376806812887517
source_3,CP59,12,AMG900,field,1.38,False,0.9327805790358935,0.07149377744036034,0.9886185906941956,True,103.78218151776771
source_3,CP59,12,dexamethasone,field,1.38,False,0.821170908256543,0.17054163530732844,0.9372976294776265,True,11.876516060334062
source_3,CP59,12,FK-866,field,1.38,False,0.8365213972046106,0.18605648823990548,0.9615782936018085,True,40.763130451660764
source_3,CP59,12,LY2109761,field,1.38,False,0.8721397036522842,0.1177668384313347,0.97482565003034,True,35.49353005279513
source_3,CP59,12,NVS-PAK1-1,field,1.38,False,0.8409952670144841,0.13246024367929873,0.9480377151046626,True,39.05960171844264
source_3,CP59,12,quinidine,field,1.38,False,0.2444115026024573,0.16020803899850927,0.809623145262852,False,7.165252578446804
source_3,CP59,12,TC-S-7004,field,1.38,False,0.869439255234672,0.16850794393355453,0.9523077799255114,True,54.03711083581556
source_3,CP59,12,aloxistatin,field,1.38,False,0.08435074712431885,-0.02506912261715444,0.4459030034130477,False,3.6548101684533725
source_3,CP60,13,AMG900,field,1.27,False,0.9507157236775167,0.09418727835827133,0.9820591652783918,True,100.38039768379564
source_3,CP60,13,dexamethasone,field,1.27,False,0.8298320286292364,0.16559716451615641,0.9234667100268081,True,10.916315792119393
source_3,CP60,13,FK-866,field,1.27,False,0.9030065303803867,0.30353715938158526,0.9483805614521924,True,42.068635942100386
source_3,CP60,13,LY2109761,field,1.27,False,0.8928350451807785,0.1526159907294411,0.9771970418046689,True,33.48779912289652
source_3,CP60,13,NVS-PAK1-1,field,1.27,False,0.8511113378165163,0.13780730552105674,0.9472064931528859,True,39.02408416300488
source_3,CP60,13,quinidine,field,1.27,False,0.31551920216852675,0.10106896177828563,0.8461306477143942,True,6.987245587944919
source_3,CP60,13,TC-S-7004,field,1.27,False,0.8125587531027709,0.2277131319465727,0.8590467655541675,True,36.522501333965344
source_3,CP60,13,aloxistatin,field,1.27,False,0.008716394280500472,-0.058292299314033326,0.544311054634409,False,4.855753155691141
source_3,CP_25_all_Phenix1,1,AMG900,field,0.63,False,0.9473749456851929,0.08702498650609951,,True,104.82020899843131
source_3,CP_25_all_Phenix1,1,dexamethasone,field,0.63,False,0.8490324411373438,0.2279956609167724,,True,12.393978092767012
source_3,CP_25_all_Phenix1,1,FK-866,field,0.63,False,0.8806970372023765,0.23751065860728535,,True,41.10035923837895
source_3,CP_25_all_Phenix1,1,LY2109761,field,0.63,False,0.9141607643570375,0.15573614939898747,,True,36.70311666734621
source_3,CP_25_all_Phenix1,1,NVS-PAK1-1,field,0.63,False,0.8679539972558816,0.16470075521502675,,True,42.459772175436704
source_3,CP_25_all_Phenix1,1,quinidine,field,0.63,False,0.4469503593284102,0.15077253850678532,,True,6.674938192993209
source_3,CP_25_all_Phenix1,1,TC-S-7004,field,0.63,False,0.8935529016667418,0.19662577177116383,,True,104.52581039422559
source_3,CP_25_all_Phenix1,1,aloxistatin,field,0.63,False,0.40128195680034706,0.11714826430081482,,True,5.7681057562918
source_3,CP_26_all_Phenix1,2,AMG900,field,2.13,False,0.9438739406497867,0.04846126665823147,0.9763583216628673,True,86.82291652749312
source_3,CP_26_all_Phenix1,2,dexamethasone,field,2.13,False,0.889964688977765,0.19074755655993156,0.9379864564920459,True,13.096419060389293
source_3,CP_26_all_Phenix1,2,FK-866,field,2.13,False,0.8881593275357331,0.221867932651331,0.9246480194828315,True,41.3998458152288
source_3,CP_26_all_Phenix1,2,LY2109761,field,2.13,False,0.8623599993203757,0.11962632534776785,0.9695993983353817,True,34.203487854288696
source_3,CP_26_all_Phenix1,2,NVS-PAK1-1,field,2.13,False,0.8136801247431515,0.16735731565938905,0.8667333094610877,True,29.198281973197133
source_3,CP_26_all_Phenix1,2,quinidine,field,2.13,False,0.6382246389585936,0.2687792766855787,0.7952342400722644,True,5.556826600736657
source_3,CP_26_all_Phenix1,2,TC-S-7004,field,2.13,False,0.8577781083346946,0.09099450731611339,0.9096073881074445,True,110.61005563250016
source_3,CP_26_all_Phenix1,2,aloxistatin,field,2.13,False,0.7958504470558639,0.3051159787539036,0.6009349067703236,True,5.61497103874765
source_3,CP_27_all_Phenix1,3,AMG900,field,1.87,False,0.9317087195059173,0.04986614065400922,0.9818567505868869,True,99.45888766424335
source_3,CP_27_all_Phenix1,3,dexamethasone,field,1.87,False,0.8894623701244062,0.1929406842526719,0.9509891945166778,True,13.217512393275413
source_3,CP_27_all_Phenix1,3,FK-866,field,1.87,False,0.892994446913392,0.21496277020572882,0.935818154251342,True,43.67179146757972
source_3,CP_27_all_Phenix1,3,LY2109761,field,1.87,False,0.8707217974210416,0.12766778246097524,0.9702018484652338,True,37.315067822723805
source_3,CP_27_all_Phenix1,3,NVS-PAK1-1,field,1.87,False,0.8164053732943728,0.16089523732532934,0.902818659210171,True,37.74159787686108
source_3,CP_27_all_Phenix1,3,quinidine,field,1.87,False,0.5453581989754241,0.1910765493928251,0.6916609607659592,False,5.218861658814915
source_3,CP_27_all_Phenix1,3,TC-S-7004,field,1.87,False,0.8495651802983818,0.08760388980542234,0.93224624575057,True,122.42210009203063
source_3,CP_27_all_Phenix1,3,aloxistatin,field,1.87,False,0.7088660544267676,0.19443248987386968,0.6421174166056134,True,5.21628916621383
source_3,CP_28_all_Phenix1,4,AMG900,field,2.06,False,0.945781163862033,0.05502199869733774,0.9791729077106792,True,95.6389025946486
source_3,CP_28_all_Phenix1,4,dexamethasone,field,2.06,False,0.9067595695549022,0.21572903542767463,0.960983324426709,True,13.392258503152284
source_3,CP_28_all_Phenix1,4,FK-866,field,2.06,False,0.8755223956685633,0.2037934316903311,0.9129982138882529,True,38.51147673393028
source_3,CP_28_all_Phenix1,4,LY2109761,field,2.06,False,0.8970965892591938,0.16767762479030193,0.9803813230267552,True,34.676599303754685
source_3,CP_28_all_Phenix1,4,NVS-PAK1-1,field,2.06,False,0.859243708469004,0.18721400847835526,0.943488704538902,True,29.78548071390313
source_3,CP_28_all_Phenix1,4,quinidine,field,2.06,False,0.6386781292525201,0.19616390624526595,0.7168625383203168,True,5.4696501753027835
source_3,CP_28_all_Phenix1,4,TC-S-7004,field,2.06,False,0.8989815577764744,0.13768812413254847,0.9135943045488766,True,102.89421961544859
source_3,CP_28_all_Phenix1,4,aloxistatin,field,2.06,False,0.672624947866947,0.15864302035536562,0.5011468272826518,False,5.48943926019127
source_3,CP_29_all_Phenix1,5,AMG900,field,1.5,False,0.9338098364760963,0.057091643441133606,0.9822494103054422,True,94.92492003941945
source_3,CP_29_all_Phenix1,5,dexamethasone,field,1.5,False,0.8813646022140145,0.19632370065831384,0.9410360774598957,True,13.137738013927414
source_3,CP_29_all_Phenix1,5,FK-866,field,1.5,False,0.8708627851124584,0.21760028485610602,0.9398487685754295,True,39.05396883348526
source_3,CP_29_all_Phenix1,5,LY2109761,field,1.5,False,0.8813478299560755,0.15112804942207997,0.9801241365016351,True,36.299972360235486
source_3,CP_29_all_Phenix1,5,NVS-PAK1-1,field,1.5,False,0.8243589873552326,0.14287285663470423,0.9424153135277019,True,36.00863504408698
source_3,CP_29_all_Phenix1,5,quinidine,field,1.5,False,0.6696403802619536,0.25294444264252897,0.7096570285010331,False,5.4655388091877946
source_3,CP_29_all_Phenix1,5,TC-S-7004,field,1.5,False,0.8793186975326297,0.09959701531851435,0.9365943145615647,True,127.75514961714815
source_3,CP_29_all_Phenix1,5,aloxistatin,field,1.5,False,0.7663015484993241,0.2248564224585988,0.5680013225547167,True,5.36300043545392
source_3,CP_31_all_Phenix1,6,AMG900,field,2.02,False,0.929321628476246,0.034708977844396395,0.9729355550712924,True,87.06302004585352
source_3,CP_31_all_Phenix1,6,dexamethasone,field,2.02,False,0.8442535074894396,0.2149831937634661,0.9120393249532677,True,11.361315778983878
source_3,CP_31_all_Phenix1,6,FK-866,field,2.02,False,0.8372846944615715,0.16020003277211367,0.9360491460732268,True,30.90505806749359
source_3,CP_31_all_Phenix1,6,LY2109761,field,2.02,False,0.8442243576442674,0.11426572366925111,0.9572435176657108,True,35.580609751213316
source_3,CP_31_all_Phenix1,6,NVS-PAK1-1,field,2.02,False,0.7592638633790619,0.16090510020210957,0.8577527843318907,True,32.052969076640025
source_3,CP_31_all_Phenix1,6,quinidine,field,2.02,False,0.5001433500265136,0.16986237120140776,0.685461919285693,False,6.210954213770233
source_3,CP_31_all_Phenix1,6,TC-S-7004,field,2.02,False,0.8776035487242997,0.11016799416691951,0.9292581892797562,True,91.05944208613906
source_3,CP_31_all_Phenix1,6,aloxistatin,field,2.02,False,0.7831132228822726,0.28088508606103446,0.5224871640299563,True,5.456918075045788
source_3,CP_32_all_Phenix1,7,AMG900,field,3.02,True,0.9136916336337957,0.050922980378502965,0.9516515979244737,True,70.97797024763845
source_3,CP_32_all_Phenix1,7,dexamethasone,field,3.02,True,0.8699810162758043,0.13480141207669694,0.8682255767778515,True,9.62484280716925
source_3,CP_32_all_Phenix1,7,FK-866,field,3.02,True,0.8376680212545473,0.18195777513023062,0.8795612494978196,True,31.27754324058312
source_3,CP_32_all_Phenix1,7,LY2109761,field,3.02,True,0.8831467387765697,0.12738808960781894,0.9601484088405084,True,27.14608752279347
source_3,CP_32_all_Phenix1,7,NVS-PAK1-1,field,3.02,True,0.8034544336094622,0.10578180090987158,0.9005265813853788,True,29.02688119027293
source_3,CP_32_all_Phenix1,7,quinidine,field,3.02,True,0.4342619802918901,0.06712624744486377,0.678039224315804,True,4.89147459217462
source_3,CP_32_all_Phenix1,7,TC-S-7004,field,3.02,True,0.8644396485210251,0.0687898682546151,0.8755973024247724,True,73.50196638643804
source_3,CP_32_all_Phenix1,7,aloxistatin,field,3.02,True,0.009508994698530976,-0.03646151074566168,0.2719923069493284,False,3.934256106231581
source_5,JUMPCPE-20210623-Run01_20210624_003152,1,AMG900,raw,0.13,False,0.9273378427249073,0.09548826643635575,,True,59.77492686314187
source_5,JUMPCPE-20210623-Run01_20210624_003152,1,dexamethasone,raw,0.13,False,0.9071928163023872,0.29041703017703707,,True,8.175841576457731
source_5,JUMPCPE-20210623-Run01_20210624_003152,1,FK-866,raw,0.13,False,0.8696958955353227,0.304972305155395,,True,22.18282008644686
source_5,JUMPCPE-20210623-Run01_20210624_003152,1,LY2109761,raw,0.13,False,0.9305096339363632,0.325295547020107,,True,27.274966388408384
source_5,JUMPCPE-20210623-Run01_20210624_003152,1,NVS-PAK1-1,raw,0.13,False,0.7361741731128386,0.278636081057868,,True,27.85561777652405
source_5,JUMPCPE-20210623-Run01_20210624_003152,1,quinidine,raw,0.13,False,0.5358388980045877,0.24680750630474466,,True,2.8556153576630727
source_5,JUMPCPE-20210623-Run01_20210624_003152,1,TC-S-7004,raw,0.13,False,0.7885023632460793,0.24080106163108933,,True,30.138056086911845
source_5,JUMPCPE-20210623-Run01_20210624_003152,1,aloxistatin,raw,0.13,False,0.5793872603848542,0.2315400647315509,,True,2.828536996006607
source_5,JUMPCPE-20210623-Run02_20210624_225846,2,AMG900,raw,1.04,False,0.9315558922340739,0.1314878069102304,0.987611566463192,True,55.56930501388561
source_5,JUMPCPE-20210623-Run02_20210624_225846,2,dexamethasone,raw,1.04,False,0.8823938711231505,0.33742198233885123,0.8917313426358422,True,9.496321828695939
source_5,JUMPCPE-20210623-Run02_20210624_225846,2,FK-866,raw,1.04,False,0.8780668310596841,0.35075063327173955,0.932682845554524,True,22.735456548789124
source_5,JUMPCPE-20210623-Run02_20210624_225846,2,LY2109761,raw,1.04,False,0.9395361179443267,0.35471866016509596,0.9587659277506422,True,28.75340781222961
source_5,JUMPCPE-20210623-Run02_20210624_225846,2,NVS-PAK1-1,raw,1.04,False,0.7866756737743996,0.3076847024951014,0.9662656669547046,True,26.778248510050645
source_5,JUMPCPE-20210623-Run02_20210624_225846,2,quinidine,raw,1.04,False,0.4937897018518498,0.30860978162926983,0.4453754369676485,True,3.510658386141843
source_5,JUMPCPE-20210623-Run02_20210624_225846,2,TC-S-7004,raw,1.04,False,0.8344231190082131,0.2694881781878439,0.9601302457322743,True,28.928214507593474
source_5,JUMPCPE-20210623-Run02_20210624_225846,2,aloxistatin,raw,1.04,False,0.5661451508564539,0.3077846454558576,0.5191765306194176,True,4.555791240097758
source_5,JUMPCPE-20210628-Run02_20210628_170203,3,AMG900,raw,0.74,False,0.9337834752744123,0.1248751928657539,0.9934054389140752,True,57.25644721104695
source_5,JUMPCPE-20210628-Run02_20210628_170203,3,dexamethasone,raw,0.74,False,0.9026193999667018,0.2991683264536019,0.9095936802410353,True,9.217673508768524
source_5,JUMPCPE-20210628-Run02_20210628_170203,3,FK-866,raw,0.74,False,0.8976946168319488,0.3580613045095441,0.9486697643111458,True,22.996057629206845
source_5,JUMPCPE-20210628-Run02_20210628_170203,3,LY2109761,raw,0.74,False,0.9413987269006048,0.3546114869403426,0.9671826337292703,True,30.740456962487308
source_5,JUMPCPE-20210628-Run02_20210628_170203,3,NVS-PAK1-1,raw,0.74,False,0.8013547903479484,0.3141837190060225,0.9746816672099614,True,28.804435684095356
source_5,JUMPCPE-20210628-Run02_20210628_170203,3,quinidine,raw,0.74,False,0.6453853574005619,0.39174257203049784,0.5308419401494127,True,4.155238553313362
source_5,JUMPCPE-20210628-Run02_20210628_170203,3,TC-S-7004,raw,0.74,False,0.8134584002483554,0.2561475642641997,0.9751657079953859,True,26.576216214810206
source_5,JUMPCPE-20210628-Run02_20210628_170203,3,aloxistatin,raw,0.74,False,0.5267626654566694,0.24535537306777025,0.6628750805092387,False,5.972268783850383
source_5,JUMPCPE-20210628-Run03_20210629_064133,4,AMG900,raw,1.13,False,0.9370936246310948,0.1596773283674373,0.9851146272713376,True,58.05387825147309
source_5,JUMPCPE-20210628-Run03_20210629_064133,4,dexamethasone,raw,1.13,False,0.926667335713566,0.28537242423818393,0.9696533631248679,True,8.723779535682349
source_5,JUMPCPE-20210628-Run03_20210629_064133,4,FK-866,raw,1.13,False,0.8984594841545224,0.3732369046722353,0.9505830540868467,True,26.681590126981217
source_5,JUMPCPE-20210628-Run03_20210629_064133,4,LY2109761,raw,1.13,False,0.9532335182959331,0.3712478743678927,0.9536036266036712,True,33.208186094713234
source_5,JUMPCPE-20210628-Run03_20210629_064133,4,NVS-PAK1-1,raw,1.13,False,0.8570867252551313,0.3558733852420288,0.9319369642991493,True,29.53918626797442
source_5,JUMPCPE-20210628-Run03_20210629_064133,4,quinidine,raw,1.13,False,0.7628653324642943,0.3981464699390062,0.5155943124493203,True,3.00890250157648
source_5,JUMPCPE-20210628-Run03_20210629_064133,4,TC-S-7004,raw,1.13,False,0.8351149803371837,0.32612320743089585,0.9416962565992375,True,33.25259364239089
source_5,JUMPCPE-20210628-Run03_20210629_064133,4,aloxistatin,raw,1.13,False,0.5524361780349027,0.25647369790708174,0.6712556211675351,True,3.738944302885976
source_5,JUMPCPE-20210702-Run04_20210703_060202,5,AMG900,raw,1.29,False,0.9354103860348986,0.1499583100215192,0.9832048458336686,True,54.549523209293135
source_5,JUMPCPE-20210702-Run04_20210703_060202,5,dexamethasone,raw,1.29,False,0.946112386131931,0.345048825306335,0.9425037983658171,True,8.119484651821885
source_5,JUMPCPE-20210702-Run04_20210703_060202,5,FK-866,raw,1.29,False,0.8690707082194031,0.3498872185380109,0.9469797389925875,True,23.779351843976873
source_5,JUMPCPE-20210702-Run04_20210703_060202,5,LY2109761,raw,1.29,False,0.943224918480899,0.3631499148343454,0.9473854015099354,True,30.85116423187165
source_5,JUMPCPE-20210702-Run04_20210703_060202,5,NVS-PAK1-1,raw,1.29,False,0.8273321700436322,0.3515539209329798,0.9339418318547437,True,28.12623734320622
source_5,JUMPCPE-20210702-Run04_20210703_060202,5,quinidine,raw,1.29,False,0.6952652049189296,0.26053780964805534,0.5269875894888716,True,2.3349875299542635
source_5,JUMPCPE-20210702-Run04_20210703_060202,5,TC-S-7004,raw,1.29,False,0.8332896007812661,0.30649670617592484,0.9332221638061446,True,25.400763270789852
source_5,JUMPCPE-20210702-Run04_20210703_060202,5,aloxistatin,raw,1.29,False,0.5136520439534522,0.18632692424259942,0.5966805664640296,True,2.7541817882675885
source_5,JUMPCPE-20210704-Run05_20210705_025956,6,AMG900,raw,1.06,False,0.9368278347211233,0.1554183663866718,0.9826447205559351,True,58.97747258428545
source_5,JUMPCPE-20210704-Run05_20210705_025956,6,dexamethasone,raw,1.06,False,0.9013209477461521,0.2155459435906619,0.9657416913539651,True,8.240803135863068
source_5,JUMPCPE-20210704-Run05_20210705_025956,6,FK-866,raw,1.06,False,0.8889227525607455,0.3377008747532666,0.9594273514732511,True,26.386154322061603
source_5,JUMPCPE-20210704-Run05_20210705_025956,6,LY2109761,raw,1.06,False,0.9524421301665436,0.33584679363055014,0.9813887794969145,True,30.450378439227062
source_5,JUMPCPE-20210704-Run05_20210705_025956,6,NVS-PAK1-1,raw,1.06,False,0.842633888171193,0.33319595057116846,0.9266898078972736,True,21.96679093817872
source_5,JUMPCPE-20210704-Run05_20210705_025956,6,quinidine,raw,1.06,False,0.626305694035211,0.24400368200216832,0.5628965003414315,True,2.92457324706283
source_5,JUMPCPE-20210704-Run05_20210705_025956,6,TC-S-7004,raw,1.06,False,0.8039231513505762,0.3201233125264586,0.9688308678687861,True,27.943856556080263
source_5,JUMPCPE-20210704-Run05_20210705_025956,6,aloxistatin,raw,1.06,False,0.49997709434840976,0.2068586409762559,0.5386125917687365,True,2.689912740523998
source_5,JUMPCPE-20210706-Run06_20210706_235916,7,AMG900,raw,0.86,False,0.9421128410018076,0.13269598252962136,0.9889822408296571,True,59.13919667319784
source_5,JUMPCPE-20210706-Run06_20210706_235916,7,dexamethasone,raw,0.86,False,0.8778229841854059,0.19990340299378648,0.8933990450924338,True,8.932868033033879
source_5,JUMPCPE-20210706-Run06_20210706_235916,7,FK-866,raw,0.86,False,0.9015109016327693,0.33047928965168183,0.9677581234388839,True,25.749693703236723
source_5,JUMPCPE-20210706-Run06_20210706_235916,7,LY2109761,raw,0.86,False,0.9551894053960635,0.32384285644704736,0.9818187476854836,True,28.482897546342993
source_5,JUMPCPE-20210706-Run06_20210706_235916,7,NVS-PAK1-1,raw,0.86,False,0.825672948096729,0.3339421922192202,0.9584022675800898,True,27.20595993498198
source_5,JUMPCPE-20210706-Run06_20210706_235916,7,quinidine,raw,0.86,False,0.6837641878365205,0.30108590776032385,0.47933903980734827,True,4.174047898034381
source_5,JUMPCPE-20210706-Run06_20210706_235916,7,TC-S-7004,raw,0.86,False,0.8080938964770159,0.285127891151094,0.9762464727286491,True,25.99567316611346
source_5,JUMPCPE-20210706-Run06_20210706_235916,7,aloxistatin,raw,0.86,False,0.4764036635506828,0.2559532441175746,0.44835462179999225,False,3.619428514022983
source_5,JUMPCPE-20210709-Run07_20210709_230159,8,AMG900,raw,0.94,False,0.9383714407975394,0.12790243182149166,0.9890195822483809,True,57.28770868019964
source_5,JUMPCPE-20210709-Run07_20210709_230159,8,dexamethasone,raw,0.94,False,0.9016307288919864,0.30999876738812077,0.9327563214754999,True,8.603210828650289
source_5,JUMPCPE-20210709-Run07_20210709_230159,8,FK-866,raw,0.94,False,0.9078074385167338,0.3240389204262107,0.9572761259083805,True,22.78854883826884
source_5,JUMPCPE-20210709-Run07_20210709_230159,8,LY2109761,raw,0.94,False,0.947069259119573,0.3268007558076528,0.9784713510822367,True,27.759999986393492
source_5,JUMPCPE-20210709-Run07_20210709_230159,8,NVS-PAK1-1,raw,0.94,False,0.8258088604480733,0.3261400149433079,0.9552576175002162,True,24.722862906772303
source_5,JUMPCPE-20210709-Run07_20210709_230159,8,quinidine,raw,0.94,False,0.5573182854972902,0.26408954989329264,0.4153368468771894,True,4.127174547885849
source_5,JUMPCPE-20210709-Run07_20210709_230159,8,TC-S-7004,raw,0.94,False,0.790063426244043,0.24755481916381927,0.9673002836473729,True,19.692123565196898
source_5,JUMPCPE-20210709-Run07_20210709_230159,8,aloxistatin,raw,0.94,False,0.5315908105673786,0.22555730494505086,0.6543766724792107,False,4.701669561537898
source_5,JUMPCPE-20210709-Run08_20210711_195507,9,AMG900,raw,0.58,False,0.9371884587330843,0.10244501587019439,0.9939417761071632,True,61.43407126544197
source_5,JUMPCPE-20210709-Run08_20210711_195507,9,dexamethasone,raw,0.58,False,0.867584845851954,0.2834477678497653,0.9225754280534614,True,8.212658906699069
source_5,JUMPCPE-20210709-Run08_20210711_195507,9,FK-866,raw,0.58,False,0.8919201094074374,0.3406589168613349,0.9787039479325311,True,23.600667361133365
source_5,JUMPCPE-20210709-Run08_20210711_195507,9,LY2109761,raw,0.58,False,0.9271304706985803,0.3154923149033328,0.9928179355855309,True,26.076334489678334
source_5,JUMPCPE-20210709-Run08_20210711_195507,9,NVS-PAK1-1,raw,0.58,False,0.7716845600083692,0.2720765372920281,0.9827065363425218,True,27.9296871095787
source_5,JUMPCPE-20210709-Run08_20210711_195507,9,quinidine,raw,0.58,False,0.49052612620836944,0.2426086449031754,0.4501340028680094,False,3.4807330575551183
source_5,JUMPCPE-20210709-Run08_20210711_195507,9,TC-S-7004,raw,0.58,False,0.7158082150610208,0.21173829367763197,0.9740179069387501,True,19.874199657857364
source_5,JUMPCPE-20210709-Run08_20210711_195507,9,aloxistatin,raw,0.58,False,0.6433440450196812,0.31501372137228933,0.580778606328387,True,4.207585150886063
source_5,JUMPCPE-20210712-Run09_20210713_003159,10,AMG900,raw,0.88,False,0.9434431423613917,0.136677163698086,0.9900449547847285,True,59.115105346112315
source_5,JUMPCPE-20210712-Run09_20210713_003159,10,dexamethasone,raw,0.88,False,0.910448430417367,0.31644147197714595,0.9124201987700904,True,9.33282562387561
source_5,JUMPCPE-20210712-Run09_20210713_003159,10,FK-866,raw,0.88,False,0.8947392007216781,0.37619510485062185,0.9610819317898698,True,24.600670272185933
source_5,JUMPCPE-20210712-Run09_20210713_003159,10,LY2109761,raw,0.88,False,0.9499615100368131,0.36255902056243866,0.9746742121500268,True,28.85534444822947
source_5,JUMPCPE-20210712-Run09_20210713_003159,10,NVS-PAK1-1,raw,0.88,False,0.832043081216761,0.34111453645665907,0.9528865339254992,True,28.853708242782268
source_5,JUMPCPE-20210712-Run09_20210713_003159,10,quinidine,raw,0.88,False,0.6629173052288457,0.41786930682968587,0.43927464314102865,True,3.7801321815225633
source_5,JUMPCPE-20210712-Run09_20210713_003159,10,TC-S-7004,raw,0.88,False,0.7960878704272121,0.2708038320266412,0.9580153218903917,True,19.95211509580605
source_5,JUMPCPE-20210712-Run09_20210713_003159,10,aloxistatin,raw,0.88,False,0.581780470541096,0.31436864957077415,0.5866377851372754,False,4.767866666140283
source_5,JUMPCPE-20210715-Run10_20210715_223420,11,AMG900,raw,0.77,False,0.9419293808427048,0.11925330866958361,0.9928220320256488,True,59.038110264066226
source_5,JUMPCPE-20210715-Run10_20210715_223420,11,dexamethasone,raw,0.77,False,0.928520043718709,0.3003301897863455,0.9609901414393958,True,8.435334347476898
source_5,JUMPCPE-20210715-Run10_20210715_223420,11,FK-866,raw,0.77,False,0.8950877710383922,0.29517564491888126,0.9609428396472954,True,23.425296349193932
source_5,JUMPCPE-20210715-Run10_20210715_223420,11,LY2109761,raw,0.77,False,0.950856991435854,0.34160219434067696,0.9850656398317923,True,27.4658362085388
source_5,JUMPCPE-20210715-Run10_20210715_223420,11,NVS-PAK1-1,raw,0.77,False,0.8200464920602151,0.3138638602535396,0.961526266361905,True,25.229477821734108
source_5,JUMPCPE-20210715-Run10_20210715_223420,11,quinidine,raw,0.77,False,0.72811083022629,0.4373838191665336,0.6231733046508747,True,3.3564082068601904
source_5,JUMPCPE-20210715-Run10_20210715_223420,11,TC-S-7004,raw,0.77,False,0.6950762271737405,0.19956782998404193,0.9008344356776172,True,12.450647583257371
source_5,JUMPCPE-20210715-Run10_20210715_223420,11,aloxistatin,raw,0.77,False,0.6083946890703279,0.32968675037947903,0.6255453254813411,False,3.9520389631797297
source_5,JUMPCPE-20210716-Run11_20210717_192647,12,AMG900,raw,1.07,False,0.9351386385609043,0.14065508694724568,0.9846898583992707,True,59.036450154989126
source_5,JUMPCPE-20210716-Run11_20210717_192647,12,dexamethasone,raw,1.07,False,0.9062794509192237,0.19473445826196092,0.9576095905667313,True,8.405053420163224
source_5,JUMPCPE-20210716-Run11_20210717_192647,12,FK-866,raw,1.07,False,0.8806860252903805,0.3011281112571972,0.9464268341468811,True,25.982566594571548
source_5,JUMPCPE-20210716-Run11_20210717_192647,12,LY2109761,raw,1.07,False,0.9485776764039378,0.30931489290656405,0.9850359176604859,True,28.969439099446994
source_5,JUMPCPE-20210716-Run11_20210717_192647,12,NVS-PAK1-1,raw,1.07,False,0.8108633447361586,0.34468149346767746,0.9316513207071038,True,25.595564531523063
source_5,JUMPCPE-20210716-Run11_20210717_192647,12,quinidine,raw,1.07,False,0.6730230317078859,0.2552679087310801,0.5473887787064134,True,3.0349532189448762
source_5,JUMPCPE-20210716-Run11_20210717_192647,12,TC-S-7004,raw,1.07,False,0.7460481276899537,0.2666194321268409,0.9639738047560265,True,20.71727501604399
source_5,JUMPCPE-20210716-Run11_20210717_192647,12,aloxistatin,raw,1.07,False,0.4877729946315584,0.13556751882039755,0.5448178965629488,True,2.2813239986545324
source_5,JUMPCPE-20210716-Run12_20210719_162047,13,AMG900,raw,0.94,False,0.9347125590755633,0.12523176667173555,0.9906251816473977,True,60.44065595000403
source_5,JUMPCPE-20210716-Run12_20210719_162047,13,dexamethasone,raw,0.94,False,0.8872153476373943,0.185017092069575,0.9398494064707077,True,8.603440352372614
source_5,JUMPCPE-20210716-Run12_20210719_162047,13,FK-866,raw,0.94,False,0.8695991114184005,0.3348997061934087,0.9651873828494262,True,26.621315931569143
source_5,JUMPCPE-20210716-Run12_20210719_162047,13,LY2109761,raw,0.94,False,0.9318156911279931,0.3334479427373891,0.9928627336879239,True,29.23525886722598
source_5,JUMPCPE-20210716-Run12_20210719_162047,13,NVS-PAK1-1,raw,0.94,False,0.8027816428727954,0.32922228167017625,0.9686263301206355,True,28.25696041043905
source_5,JUMPCPE-20210716-Run12_20210719_162047,13,quinidine,raw,0.94,False,0.6376450902122113,0.2783206039649618,0.5730394450782557,True,3.353445634813728
source_5,JUMPCPE-20210716-Run12_20210719_162047,13,TC-S-7004,raw,0.94,False,0.7006412537368352,0.21707749855300668,0.9573731585935439,True,17.161307212818425
source_5,JUMPCPE-20210716-Run12_20210719_162047,13,aloxistatin,raw,0.94,False,0.5292448991798876,0.17495513896259543,0.7890977050680414,True,3.711290227822821
source_5,JUMPCPE-20210719-Run13_20210721_131445,14,AMG900,raw,1.15,False,0.9428029150203713,0.13707147564811714,0.989033242563887,True,59.1143697635267
source_5,JUMPCPE-20210719-Run13_20210721_131445,14,dexamethasone,raw,1.15,False,0.9036489976830756,0.25299452456449123,0.9308988951629322,True,8.37720608932917
source_5,JUMPCPE-20210719-Run13_20210721_131445,14,FK-866,raw,1.15,False,0.8993258101339567,0.3144248082446127,0.9570112750358708,True,22.949436671246513
source_5,JUMPCPE-20210719-Run13_20210721_131445,14,LY2109761,raw,1.15,False,0.9445837708786585,0.3330459712869737,0.9817652554028071,True,28.769563567195377
source_5,JUMPCPE-20210719-Run13_20210721_131445,14,NVS-PAK1-1,raw,1.15,False,0.8172667021718714,0.3537845072700045,0.9395060667001411,True,25.243079223974416
source_5,JUMPCPE-20210719-Run13_20210721_131445,14,quinidine,raw,1.15,False,0.7885761792665844,0.4042385534207581,0.5457254702183234,True,3.144784244095497
source_5,JUMPCPE-20210719-Run13_20210721_131445,14,TC-S-7004,raw,1.15,False,0.7437409858087836,0.21654040896806945,0.9305026943201478,True,12.854796582219695
source_5,JUMPCPE-20210719-Run13_20210721_131445,14,aloxistatin,raw,1.15,False,0.6002682944240334,0.30979106106055987,0.6526176687284231,False,2.763960577619322
source_5,JUMPCPE-20210730-Run14_20210731_000211,15,AMG900,raw,0.9,False,0.928980615176022,0.13677018411026934,0.9872553997043297,True,58.453052486524584
source_5,JUMPCPE-20210730-Run14_20210731_000211,15,dexamethasone,raw,0.9,False,0.9186690100570012,0.27395351352500497,0.9486847105910562,True,8.631996249666413
source_5,JUMPCPE-20210730-Run14_20210731_000211,15,FK-866,raw,0.9,False,0.8804199278439451,0.3135657438831511,0.9495561224723887,True,24.53516998447019
source_5,JUMPCPE-20210730-Run14_20210731_000211,15,LY2109761,raw,0.9,False,0.9286692040274638,0.3121757444943595,0.9874628825413703,True,27.651256066510886
source_5,JUMPCPE-20210730-Run14_20210731_000211,15,NVS-PAK1-1,raw,0.9,False,0.7859571318990864,0.3233249727891071,0.9594864959699989,True,26.570063256354626
source_5,JUMPCPE-20210730-Run14_20210731_000211,15,quinidine,raw,0.9,False,0.7592259191821955,0.36671140430541105,0.6449895115126348,True,3.5068971071530695
source_5,JUMPCPE-20210730-Run14_20210731_000211,15,TC-S-7004,raw,0.9,False,0.7453447222742046,0.25242336050977837,0.9681476835596359,True,21.427661430431773
source_5,JUMPCPE-20210730-Run14_20210731_000211,15,aloxistatin,raw,0.9,False,0.6312841087864702,0.30359422399050334,0.6114535661508687,True,2.916978570105059
source_5,JUMPCPE-20210730-Run15_20210801_205335,16,AMG900,raw,1.36,False,0.9395915174238476,0.1809748117541428,0.9755681959266009,True,56.84826572063125
source_5,JUMPCPE-20210730-Run15_20210801_205335,16,dexamethasone,raw,1.36,False,0.9384728082042378,0.292935726065458,0.9339634092546601,True,9.378964746755035
source_5,JUMPCPE-20210730-Run15_20210801_205335,16,FK-866,raw,1.36,False,0.8572328734368723,0.4205873406584625,0.9040833190165307,True,26.369405157972558
source_5,JUMPCPE-20210730-Run15_20210801_205335,16,LY2109761,raw,1.36,False,0.9261358700297933,0.36419214545060086,0.9500579823547194,True,31.379994862337252
source_5,JUMPCPE-20210730-Run15_20210801_205335,16,NVS-PAK1-1,raw,1.36,False,0.8256118418868543,0.38026236402304103,0.9116394906966058,True,30.077743749852278
source_5,JUMPCPE-20210730-Run15_20210801_205335,16,quinidine,raw,1.36,False,0.7110272362023904,0.4389822904282577,0.5714299297207337,True,4.625975120468145
source_5,JUMPCPE-20210730-Run15_20210801_205335,16,TC-S-7004,raw,1.36,False,0.8130163185196537,0.29855963598136437,0.9225463472322124,True,22.468890163240324
source_5,JUMPCPE-20210730-Run15_20210801_205335,16,aloxistatin,raw,1.36,False,0.5784265976207956,0.2939399452334515,0.5949858401573336,False,5.023857441707724
source_5,JUMPCPE-20210730-Run16_20210803_174908,17,AMG900,raw,1.21,False,0.9280538030398064,0.1258785636560429,0.9913372379820875,True,59.22939406662786
source_5,JUMPCPE-20210730-Run16_20210803_174908,17,dexamethasone,raw,1.21,False,0.8985733349234046,0.231908124306726,0.9216006021070576,True,8.22010308275751
source_5,JUMPCPE-20210730-Run16_20210803_174908,17,FK-866,raw,1.21,False,0.8751254166418406,0.2881707458671427,0.9408385010343536,True,23.436406458861672
source_5,JUMPCPE-20210730-Run16_20210803_174908,17,LY2109761,raw,1.21,False,0.9255480100208335,0.3150868718807262,0.9895517112744878,True,26.663111029736406
source_5,JUMPCPE-20210730-Run16_20210803_174908,17,NVS-PAK1-1,raw,1.21,False,0.7815201948483819,0.3094632220577072,0.9624402494955469,True,26.069633891891986
source_5,JUMPCPE-20210730-Run16_20210803_174908,17,quinidine,raw,1.21,False,0.6871389360048559,0.3639114672124674,0.5831951293763274,True,3.118142809890578
source_5,JUMPCPE-20210730-Run16_20210803_174908,17,TC-S-7004,raw,1.21,False,0.7303045284264204,0.19684649298063514,0.9610951076408478,True,16.64679578491452
source_5,JUMPCPE-20210730-Run16_20210803_174908,17,aloxistatin,raw,1.21,False,0.5954470233733892,0.24657963127790833,0.6051369627527541,True,3.134722478833589
source_5,JUMPCPE-20210806-Run17_20210807_000211,18,AMG900,raw,1.56,False,0.9211404670177868,0.16787285161311424,0.9655181748796724,True,56.07087432131383
source_5,JUMPCPE-20210806-Run17_20210807_000211,18,dexamethasone,raw,1.56,False,0.8829273900324763,0.15323316045383598,0.9080508262293896,True,8.697711875002069
source_5,JUMPCPE-20210806-Run17_20210807_000211,18,FK-866,raw,1.56,False,0.8598230475572197,0.3236281019943235,0.926220981159203,True,28.03463081661419
source_5,JUMPCPE-20210806-Run17_20210807_000211,18,LY2109761,raw,1.56,False,0.9342739163711439,0.31180451706974016,0.9688351626333563,True,31.275807691912764
source_5,JUMPCPE-20210806-Run17_20210807_000211,18,NVS-PAK1-1,raw,1.56,False,0.8205968534607863,0.33628957693190786,0.897813108267072,True,26.190103316309283
source_5,JUMPCPE-20210806-Run17_20210807_000211,18,quinidine,raw,1.56,False,0.706121293788851,0.2441105113975972,0.5342468155134774,True,3.474156668278615
source_5,JUMPCPE-20210806-Run17_20210807_000211,18,TC-S-7004,raw,1.56,False,0.6916513271327611,0.2823806072880467,0.9087301652090817,True,14.633202528061226
source_5,JUMPCPE-20210806-Run17_20210807_000211,18,aloxistatin,raw,1.56,False,0.6537228251207603,0.11913280578884201,0.5362318901667171,True,2.5746805809156994
source_5,JUMPCPE-20210806-Run18_20210808_210526,19,AMG900,raw,1.49,False,0.9348740636695076,0.15102692871962806,0.9796084315989915,True,56.312600020282666
source_5,JUMPCPE-20210806-Run18_20210808_210526,19,dexamethasone,raw,1.49,False,0.859378557549588,0.28044194477729933,0.8764252331302194,True,9.346274990138888
source_5,JUMPCPE-20210806-Run18_20210808_210526,19,FK-866,raw,1.49,False,0.8584282995455935,0.3883144349284695,0.9268582080755577,True,27.162095409820836
source_5,JUMPCPE-20210806-Run18_20210808_210526,19,LY2109761,raw,1.49,False,0.9147265109561548,0.34424734602373774,0.9375328324088448,True,29.242465946129833
source_5,JUMPCPE-20210806-Run18_20210808_210526,19,NVS-PAK1-1,raw,1.49,False,0.7973238475179093,0.31630423787123985,0.9440249493910672,True,27.69602949064293
source_5,JUMPCPE-20210806-Run18_20210808_210526,19,quinidine,raw,1.49,False,0.5922138063587208,0.3274467506798381,0.48535473011315267,True,4.680764201500246
source_5,JUMPCPE-20210806-Run18_20210808_210526,19,TC-S-7004,raw,1.49,False,0.7550350347424657,0.22436899653468642,0.8964898817760558,True,13.646716789654647
source_5,JUMPCPE-20210806-Run18_20210808_210526,19,aloxistatin,raw,1.49,False,0.4546130972198681,0.15029246239988625,0.5154771273002767,True,3.5313113228575013
source_5,JUMPCPE-20210811-Run18_20210811_182136,20,AMG900,raw,1.37,False,0.9411395630017716,0.1556781854497109,0.9810429895298237,True,58.804137016194346
source_5,JUMPCPE-20210811-Run18_20210811_182136,20,dexamethasone,raw,1.37,False,0.813762167261405,0.1657219627645594,0.8758373153680403,True,9.241011377724769
source_5,JUMPCPE-20210811-Run18_20210811_182136,20,FK-866,raw,1.37,False,0.864681712988874,0.39109803050966,0.9252965651799715,True,26.920040080571923
source_5,JUMPCPE-20210811-Run18_20210811_182136,20,LY2109761,raw,1.37,False,0.9220782437576855,0.3355892006930428,0.953387328582673,True,29.110409228082435
source_5,JUMPCPE-20210811-Run18_20210811_182136,20,NVS-PAK1-1,raw,1.37,False,0.830221771564845,0.3248390279271175,0.9413570570440386,True,27.171931201844597
source_5,JUMPCPE-20210811-Run18_20210811_182136,20,quinidine,raw,1.37,False,0.5750784378284535,0.2587286743177166,0.5455175117249959,True,3.8846698537425857
source_5,JUMPCPE-20210811-Run18_20210811_182136,20,TC-S-7004,raw,1.37,False,0.6994944666841811,0.24600022709916955,0.8138924519183761,True,10.24091961481082
source_5,JUMPCPE-20210811-Run18_20210811_182136,20,aloxistatin,raw,1.37,False,0.4139851936852381,0.12547956359795323,0.5745459022204116,True,4.28797090987849
source_5,JUMPCPE-20210812-Run20_20210815_062625,21,AMG900,raw,1.15,False,0.9376045663979512,0.1352175567275064,0.9891631642682408,True,60.147925567650574
source_5,JUMPCPE-20210812-Run20_20210815_062625,21,dexamethasone,raw,1.15,False,0.8904326832170526,0.2484959328380116,0.9072409156400056,True,9.706518784341183
source_5,JUMPCPE-20210812-Run20_20210815_062625,21,FK-866,raw,1.15,False,0.8921505219733136,0.32531987855329725,0.9305731735852625,True,26.5752613464074
source_5,JUMPCPE-20210812-Run20_20210815_062625,21,LY2109761,raw,1.15,False,0.9181733189857537,0.3163800162486205,0.9816459679011336,True,27.32999242136665
source_5,JUMPCPE-20210812-Run20_20210815_062625,21,NVS-PAK1-1,raw,1.15,False,0.7791953713893838,0.3162502259883341,0.9430532875504569,True,24.350231254409874
source_5,JUMPCPE-20210812-Run20_20210815_062625,21,quinidine,raw,1.15,False,0.6487015059422709,0.351403913028968,0.6247919529725121,False,3.893242419174248
source_5,JUMPCPE-20210812-Run20_20210815_062625,21,TC-S-7004,raw,1.15,False,0.39819181077253596,0.21395349756978987,0.44291204297618625,True,7.560867959572124
source_5,JUMPCPE-20210812-Run20_20210815_062625,21,aloxistatin,raw,1.15,False,0.5808820118430509,0.2525284267584635,0.6732954153386347,False,4.793945772330755
source_5,JUMPCPE-20210813-Run21_20210817_031500,22,AMG900,raw,1.18,False,0.9426178026877632,0.15740787204576426,0.980746405500721,True,58.953452434273636
source_5,JUMPCPE-20210813-Run21_20210817_031500,22,dexamethasone,raw,1.18,False,0.8894847313200983,0.3170534534327225,0.9095024418338821,True,9.79468045675759
source_5,JUMPCPE-20210813-Run21_20210817_031500,22,FK-866,raw,1.18,False,0.8998406039708298,0.3813284288664292,0.9254461784994691,True,25.572578516398394
source_5,JUMPCPE-20210813-Run21_20210817_031500,22,LY2109761,raw,1.18,False,0.9339532428671076,0.3305969301190208,0.976795467838053,True,29.80842709242546
source_5,JUMPCPE-20210813-Run21_20210817_031500,22,NVS-PAK1-1,raw,1.18,False,0.8288418554090882,0.35425721419352924,0.918113312837511,True,26.14846198493066
source_5,JUMPCPE-20210813-Run21_20210817_031500,22,quinidine,raw,1.18,False,0.6918799074627634,0.39938442850429456,0.5326251310086445,False,4.590802388252822
source_5,JUMPCPE-20210813-Run21_20210817_031500,22,TC-S-7004,raw,1.18,False,0.4092541492818479,0.30025675152149145,0.41289682822551005,False,9.324201971953832
source_5,JUMPCPE-20210813-Run21_20210817_031500,22,aloxistatin,raw,1.18,False,0.5414323640633512,0.2751717613161929,0.653858337993116,False,5.934343592161431
source_5,JUMPCPE-20210820-Run22_20210821_180957,23,AMG900,raw,0.95,False,0.9311523530531469,0.1463171827638487,0.9871156818443354,True,60.7526817509053
source_5,JUMPCPE-20210820-Run22_20210821_180957,23,dexamethasone,raw,0.95,False,0.8990537602416557,0.22554253894222479,0.9243415868877667,True,9.632935394150982
source_5,JUMPCPE-20210820-Run22_20210821_180957,23,FK-866,raw,0.95,False,0.877144894437195,0.35512894060074046,0.9578015134530989,True,25.863936233518366
source_5,JUMPCPE-20210820-Run22_20210821_180957,23,LY2109761,raw,0.95,False,0.9066988555270341,0.2834248403999791,0.9860099723385174,True,29.085489094167258
source_5,JUMPCPE-20210820-Run22_20210821_180957,23,NVS-PAK1-1,raw,0.95,False,0.7475852621610988,0.3316231563543912,0.9601130786085222,True,28.230166867235152
source_5,JUMPCPE-20210820-Run22_20210821_180957,23,quinidine,raw,0.95,False,0.7077774971759994,0.3031623885861078,0.6073117085528703,True,3.3702380604729347
source_5,JUMPCPE-20210820-Run22_20210821_180957,23,TC-S-7004,raw,0.95,False,0.4547157653239393,0.20304316114074486,0.6723280921949106,True,11.227609136983784
source_5,JUMPCPE-20210820-Run22_20210821_180957,23,aloxistatin,raw,0.95,False,0.5515588191602236,0.21041154101730494,0.5277047985963569,True,2.78663236761911
source_5,JUMPCPE-20210820-Run23_20210823_145853,24,AMG900,raw,1.12,False,0.9387286636329288,0.1341032667572082,0.9871188222359274,True,59.492851138100846
source_5,JUMPCPE-20210820-Run23_20210823_145853,24,dexamethasone,raw,1.12,False,0.8706400954173563,0.3061805046102503,0.9047181931002721,True,9.171273719482349
source_5,JUMPCPE-20210820-Run23_20210823_145853,24,FK-866,raw,1.12,False,0.9104484840969547,0.35588082699204476,0.9351872461156259,True,25.00061633642105
source_5,JUMPCPE-20210820-Run23_20210823_145853,24,LY2109761,raw,1.12,False,0.9288939381618281,0.3055515067816575,0.9786999125876001,True,29.198253012206067
source_5,JUMPCPE-20210820-Run23_20210823_145853,24,NVS-PAK1-1,raw,1.12,False,0.8228501643466558,0.35395997785961814,0.9205823375635596,True,25.596878730360874
source_5,JUMPCPE-20210820-Run23_20210823_145853,24,quinidine,raw,1.12,False,0.6174263295422662,0.39567763362874253,0.48391312831838423,False,5.471344275117195
source_5,JUMPCPE-20210820-Run23_20210823_145853,24,TC-S-7004,raw,1.12,False,0.4276869528593983,0.23860902939419185,0.43805500913450546,True,10.997332130544018
source_5,JUMPCPE-20210820-Run23_20210823_145853,24,aloxistatin,raw,1.12,False,0.595151153670086,0.30678893602498575,0.6815549453515028,False,5.62775925634298
source_5,JUMPCPE-20210902-Run26_20210903_010341,25,AMG900,raw,1.25,False,0.9344984141649229,0.143154000738255,0.9787372968563949,True,58.058325794232225
source_5,JUMPCPE-20210902-Run26_20210903_010341,25,dexamethasone,raw,1.25,False,0.8635612676871166,0.1869245417548742,0.939483997562541,True,8.515075163213492
source_5,JUMPCPE-20210902-Run26_20210903_010341,25,FK-866,raw,1.25,False,0.8722676799287075,0.3431184534037386,0.9740658024593751,True,25.840198467285674
source_5,JUMPCPE-20210902-Run26_20210903_010341,25,LY2109761,raw,1.25,False,0.9309951554785143,0.3104558688630124,0.982223503670414,True,29.37817071195108
source_5,JUMPCPE-20210902-Run26_20210903_010341,25,NVS-PAK1-1,raw,1.25,False,0.8184943044428132,0.29981635340272966,0.9421068073322963,True,26.821852604814232
source_5,JUMPCPE-20210902-Run26_20210903_010341,25,quinidine,raw,1.25,False,0.617812070951749,0.33588013482961326,0.4972995634107469,True,4.083700208890198
source_5,JUMPCPE-20210902-Run26_20210903_010341,25,TC-S-7004,raw,1.25,False,0.597865256360047,0.23432747928291844,0.7839127477925438,True,10.015519702113883
source_5,JUMPCPE-20210902-Run26_20210903_010341,25,aloxistatin,raw,1.25,False,0.26420332403628205,-0.005210347307569093,0.30402645877319595,True,2.8867290930630363
source_5,JUMPCPE-20210903-Run27_20210904_215148,26,AMG900,raw,1.33,False,0.9331815241872665,0.14309571586914496,0.9771006546587274,True,57.810344888709565
source_5,JUMPCPE-20210903-Run27_20210904_215148,26,dexamethasone,raw,1.33,False,0.8325387218387675,0.10097215052404078,0.8690550264304164,True,8.520498887204841
source_5,JUMPCPE-20210903-Run27_20210904_215148,26,FK-866,raw,1.33,False,0.8910684846584405,0.3265153130843172,0.9464845820955091,True,26.502044057173055
source_5,JUMPCPE-20210903-Run27_20210904_215148,26,LY2109761,raw,1.33,False,0.940700362748117,0.29668102243146427,0.9709221714338837,True,29.202236459762396
source_5,JUMPCPE-20210903-Run27_20210904_215148,26,NVS-PAK1-1,raw,1.33,False,0.8497417311803334,0.32979284502384315,0.8874063109088363,True,24.91305526724159
source_5,JUMPCPE-20210903-Run27_20210904_215148,26,quinidine,raw,1.33,False,0.5770408392650566,0.23429997448799897,0.4475304857667678,True,2.915054666423682
source_5,JUMPCPE-20210903-Run27_20210904_215148,26,TC-S-7004,raw,1.33,False,0.5544597468652417,0.2087055921121855,0.6781937867246188,True,10.895069848130907
source_5,JUMPCPE-20210903-Run27_20210904_215148,26,aloxistatin,raw,1.33,False,0.3853852573025674,0.024922548187759387,0.24167730437775325,True,2.4530593946772097
source_5,JUMPCPE-20210908-Run28_20210909_072022,27,AMG900,raw,0.89,False,0.929663253299541,0.13591374899749678,0.988096363530826,True,61.97768860230275
source_5,JUMPCPE-20210908-Run28_20210909_072022,27,dexamethasone,raw,0.89,False,0.8893833131699194,0.19773056476147785,0.9450873029675733,True,9.036635377227311
source_5,JUMPCPE-20210908-Run28_20210909_072022,27,FK-866,raw,0.89,False,0.8434261190387926,0.31977903427782933,0.9688012217069701,True,28.47591724205564
source_5,JUMPCPE-20210908-Run28_20210909_072022,27,LY2109761,raw,0.89,False,0.8941161000068452,0.2730399791793543,0.9787450750546127,True,27.89649548385178
source_5,JUMPCPE-20210908-Run28_20210909_072022,27,NVS-PAK1-1,raw,0.89,False,0.7500255191001043,0.2819231189218379,0.9659644760566137,True,28.014742399288938
source_5,JUMPCPE-20210908-Run28_20210909_072022,27,quinidine,raw,0.89,False,0.7310951250177897,0.26373084974899547,0.5629709826937377,True,3.1406932863086365
source_5,JUMPCPE-20210908-Run28_20210909_072022,27,TC-S-7004,raw,0.89,False,0.5475823159610534,0.1374436531157169,0.8653763499442948,True,10.953099971437526
source_5,JUMPCPE-20210908-Run28_20210909_072022,27,aloxistatin,raw,0.89,False,0.46980827920458124,0.11557273053240914,0.6506228735737987,True,3.3864518457976374
source_5,JUMPCPE-20210909-Run29_20210910_234236,28,AMG900,raw,1.03,False,0.9379817126260196,0.1422505622878382,0.9864926637604168,True,59.13537927532151
source_5,JUMPCPE-20210909-Run29_20210910_234236,28,dexamethasone,raw,1.03,False,0.8743852675941304,0.1580815211989742,0.8925770005356133,True,9.303073471387103
source_5,JUMPCPE-20210909-Run29_20210910_234236,28,FK-866,raw,1.03,False,0.8884407204481714,0.3500224681527819,0.9593744521353245,True,26.100699383399512
source_5,JUMPCPE-20210909-Run29_20210910_234236,28,LY2109761,raw,1.03,False,0.9383310675156236,0.32170917562617224,0.9871384809244422,True,28.84226963731404
source_5,JUMPCPE-20210909-Run29_20210910_234236,28,NVS-PAK1-1,raw,1.03,False,0.7955045697811662,0.3220346809351499,0.9616618135805881,True,26.030798713172402
source_5,JUMPCPE-20210909-Run29_20210910_234236,28,quinidine,raw,1.03,False,0.8212023080253921,0.366161889021409,0.6466999426998614,True,3.3350136361865217
source_5,JUMPCPE-20210909-Run29_20210910_234236,28,TC-S-7004,raw,1.03,False,0.7374704303764495,0.24584703089940363,0.9698438114509914,True,16.160899439269965
source_5,JUMPCPE-20210909-Run29_20210910_234236,28,aloxistatin,raw,1.03,False,0.33476642972423143,0.07918048908239497,0.5926918601883842,True,4.093166767369351
source_5,JUMPCPE-20210910-Run30_20210912_203428,29,AMG900,raw,1.58,False,0.9285065095515348,0.15121815568911753,0.9700780139489231,True,56.597594870880144
source_5,JUMPCPE-20210910-Run30_20210912_203428,29,dexamethasone,raw,1.58,False,0.8753799717677088,0.16513009040716822,0.9196015565749873,True,8.65795322638474
source_5,JUMPCPE-20210910-Run30_20210912_203428,29,FK-866,raw,1.58,False,0.8698482706227899,0.32881762390049085,0.9169889122955613,True,28.308741021191036
source_5,JUMPCPE-20210910-Run30_20210912_203428,29,LY2109761,raw,1.58,False,0.9310888611535475,0.3008267756051665,0.9726387919479245,True,28.80005176342871
source_5,JUMPCPE-20210910-Run30_20210912_203428,29,NVS-PAK1-1,raw,1.58,False,0.8460491103761119,0.340696325699214,0.8643606398417969,True,24.828828128357163
source_5,JUMPCPE-20210910-Run30_20210912_203428,29,quinidine,raw,1.58,False,0.7757296380200925,0.3961633212613672,0.6649326439379373,True,3.623374800733793
source_5,JUMPCPE-20210910-Run30_20210912_203428,29,TC-S-7004,raw,1.58,False,0.7006695328508697,0.21703178144347732,0.9076959740854811,True,11.825999822837264
source_5,JUMPCPE-20210910-Run30_20210912_203428,29,aloxistatin,raw,1.58,False,0.26731529857557057,0.027069139976720172,0.403496623802194,False,3.111008441117455
source_5,JUMPCPE-20211001-Run33_20211001_152017,30,AMG900,raw,1.82,False,0.9369497232167222,0.1730305391157776,0.9605309833024147,True,55.23015568663692
source_5,JUMPCPE-20211001-Run33_20211001_152017,30,dexamethasone,raw,1.82,False,0.8977717000704775,0.17723873061336012,0.9096759061475367,True,11.004425799970976
source_5,JUMPCPE-20211001-Run33_20211001_152017,30,FK-866,raw,1.82,False,0.8652726588155821,0.34553346560639975,0.9184504952373125,True,28.540202638294463
source_5,JUMPCPE-20211001-Run33_20211001_152017,30,LY2109761,raw,1.82,False,0.9337830874251187,0.3693346711142258,0.911651679500464,True,37.17272313499735
source_5,JUMPCPE-20211001-Run33_20211001_152017,30,NVS-PAK1-1,raw,1.82,False,0.8523700476494777,0.35902121567815837,0.8614874818301977,True,28.124486051117827
source_5,JUMPCPE-20211001-Run33_20211001_152017,30,quinidine,raw,1.82,False,0.812029158552766,0.3748781335718,0.6113300736686955,True,5.961333514128383
source_5,JUMPCPE-20211001-Run33_20211001_152017,30,TC-S-7004,raw,1.82,False,0.5622729513911924,0.38697249824539615,0.6398150683425465,True,8.555445131667216
source_5,JUMPCPE-20211001-Run33_20211001_152017,30,aloxistatin,raw,1.82,False,0.6912049477454886,0.29933357625398166,0.5863831341103927,True,5.318668050910874
source_5,JUMPCPE-20211001-Run34_20211003_121618,31,AMG900,raw,1.3,False,0.9199726661905765,0.14606842217128851,0.9788848298332631,True,56.27100332377597
source_5,JUMPCPE-20211001-Run34_20211003_121618,31,dexamethasone,raw,1.3,False,0.9141185347640545,0.25137274303470586,0.9490881304700333,True,10.206710681372718
source_5,JUMPCPE-20211001-Run34_20211003_121618,31,FK-866,raw,1.3,False,0.8353883412163846,0.30260245954878895,0.9327376230964051,True,26.223635868782843
source_5,JUMPCPE-20211001-Run34_20211003_121618,31,LY2109761,raw,1.3,False,0.9304925713299937,0.3399812968509531,0.9737633098566095,True,30.905430611477072
source_5,JUMPCPE-20211001-Run34_20211003_121618,31,NVS-PAK1-1,raw,1.3,False,0.7909172426217552,0.30037828693252616,0.9595170236494864,True,29.32515591223282
source_5,JUMPCPE-20211001-Run34_20211003_121618,31,quinidine,raw,1.3,False,0.8251155976167978,0.3689281047087675,0.5990721082113654,True,6.385435737129909
source_5,JUMPCPE-20211001-Run34_20211003_121618,31,TC-S-7004,raw,1.3,False,0.41662727587115833,0.2752268626263944,0.5294604640337257,True,6.814287368979407
source_5,JUMPCPE-20211001-Run34_20211003_121618,31,aloxistatin,raw,1.3,False,0.6691536767731798,0.29942244745396784,0.6562413440248684,False,4.894617755601669
source_5,JUMPCPE-20211007-Run35_20211007_235529,32,AMG900,raw,1.31,False,0.9227765028350395,0.11883013318820976,0.9853239353089179,True,59.49954316399778
source_5,JUMPCPE-20211007-Run35_20211007_235529,32,dexamethasone,raw,1.31,False,0.8776937231439488,0.23486366441828416,0.9222096026039499,True,10.841892108836765
source_5,JUMPCPE-20211007-Run35_20211007_235529,32,FK-866,raw,1.31,False,0.8515544959040366,0.29124226089554234,0.9533328500707088,True,25.013364050624464
source_5,JUMPCPE-20211007-Run35_20211007_235529,32,LY2109761,raw,1.31,False,0.9064653519940878,0.34860273719406604,0.9623133689664395,True,30.26628539531432
source_5,JUMPCPE-20211007-Run35_20211007_235529,32,NVS-PAK1-1,raw,1.31,False,0.7516625431553584,0.2515792182566757,0.9594012287864844,True,29.76785656271175
source_5,JUMPCPE-20211007-Run35_20211007_235529,32,quinidine,raw,1.31,False,0.7779605527588926,0.3142545886723411,0.538377231468899,True,5.226072696063779
source_5,JUMPCPE-20211007-Run35_20211007_235529,32,TC-S-7004,raw,1.31,False,0.33238387513371126,0.33004616172809087,0.45072488773967057,False,5.702642951239942
source_5,JUMPCPE-20211007-Run35_20211007_235529,32,aloxistatin,raw,1.31,False,0.6826774796613256,0.2510497692773735,0.6920727988131087,True,5.929920104056402
source_5,JUMPCPE-20211014-Run36_20211014_223431,33,AMG900,raw,1.29,False,0.9322721151403855,0.1192997700797102,0.9856212251286984,True,58.4973389222387
source_5,JUMPCPE-20211014-Run36_20211014_223431,33,dexamethasone,raw,1.29,False,0.8904170693864945,0.22693775707605784,0.9109168995976736,True,10.02735743883066
source_5,JUMPCPE-20211014-Run36_20211014_223431,33,FK-866,raw,1.29,False,0.8519239078626306,0.2804132443578104,0.9530293226722577,True,23.93653017244132
source_5,JUMPCPE-20211014-Run36_20211014_223431,33,LY2109761,raw,1.29,False,0.9380286142041938,0.3367839780502172,0.9684303342741971,True,29.59589948976965
source_5,JUMPCPE-20211014-Run36_20211014_223431,33,NVS-PAK1-1,raw,1.29,False,0.7799186426404394,0.29070478868862004,0.962526399499093,True,28.571726147014893
source_5,JUMPCPE-20211014-Run36_20211014_223431,33,quinidine,raw,1.29,False,0.7687464383610381,0.3668508935320314,0.6366884048228785,True,5.437058490880999
source_5,JUMPCPE-20211014-Run36_20211014_223431,33,TC-S-7004,raw,1.29,False,0.3532328907972903,0.3150277265638076,0.374441829428396,False,6.377128936843233
source_5,JUMPCPE-20211014-Run36_20211014_223431,33,aloxistatin,raw,1.29,False,0.703367136543819,0.31867825807992783,0.5996471512312912,True,6.415452477044862
source_5,JUMPCPE-20210623-Run01_20210624_003152,1,AMG900,own,0.13,False,0.9380970635580029,-0.022228085679761644,,True,419.329581768453
source_5,JUMPCPE-20210623-Run01_20210624_003152,1,dexamethasone,own,0.13,False,0.9177307751814947,0.28031503022869103,,True,53.07090973771914
source_5,JUMPCPE-20210623-Run01_20210624_003152,1,FK-866,own,0.13,False,0.8435923936055042,0.23468963864560805,,True,147.6022210491611
source_5,JUMPCPE-20210623-Run01_20210624_003152,1,LY2109761,own,0.13,False,0.9320324934350723,0.3284028561682085,,True,179.90622136474877
source_5,JUMPCPE-20210623-Run01_20210624_003152,1,NVS-PAK1-1,own,0.13,False,0.8010474694452022,0.2315631612210328,,True,181.78393496750792
source_5,JUMPCPE-20210623-Run01_20210624_003152,1,quinidine,own,0.13,False,0.7359365556378261,0.344651453159604,,True,15.78026110166244
source_5,JUMPCPE-20210623-Run01_20210624_003152,1,TC-S-7004,own,0.13,False,0.7902131034138118,0.20298870023919294,,True,207.49099340382583
source_5,JUMPCPE-20210623-Run01_20210624_003152,1,aloxistatin,own,0.13,False,0.6912023371912628,0.22940314433684533,,True,18.689044172219578
source_5,JUMPCPE-20210623-Run02_20210624_225846,2,AMG900,own,1.04,False,0.9435489789482068,0.013939822945502953,0.9905976091177419,True,371.74033569407896
source_5,JUMPCPE-20210623-Run02_20210624_225846,2,dexamethasone,own,1.04,False,0.8979027515754909,0.306161040527111,0.9513988007820459,True,60.52870554364229
source_5,JUMPCPE-20210623-Run02_20210624_225846,2,FK-866,own,1.04,False,0.8478995895177392,0.2885943808620705,0.9459016096251534,True,143.58949032622897
source_5,JUMPCPE-20210623-Run02_20210624_225846,2,LY2109761,own,1.04,False,0.9259638597733104,0.3392864588235308,0.9866300976990597,True,178.68325195663246
source_5,JUMPCPE-20210623-Run02_20210624_225846,2,NVS-PAK1-1,own,1.04,False,0.8324383402803206,0.24538376589675726,0.9784634016670197,True,164.05196370122516
source_5,JUMPCPE-20210623-Run02_20210624_225846,2,quinidine,own,1.04,False,0.5633135166593826,0.3716766960364983,0.5971525322580782,True,21.217729420455605
source_5,JUMPCPE-20210623-Run02_20210624_225846,2,TC-S-7004,own,1.04,False,0.798619784656416,0.21614590557411242,0.9769005404658332,True,184.4958981005156
source_5,JUMPCPE-20210623-Run02_20210624_225846,2,aloxistatin,own,1.04,False,0.6853358954258594,0.3358044421586873,0.7033903687830831,True,28.588738213563104
source_5,JUMPCPE-20210628-Run02_20210628_170203,3,AMG900,own,0.74,False,0.9453560860300122,0.0021472684465536607,0.9944720939607002,True,372.01890081513443
source_5,JUMPCPE-20210628-Run02_20210628_170203,3,dexamethasone,own,0.74,False,0.9315713697813868,0.29860231515608376,0.9629822419175297,True,55.914576997409995
source_5,JUMPCPE-20210628-Run02_20210628_170203,3,FK-866,own,0.74,False,0.8719495641197537,0.2792932924714162,0.9579367743340381,True,138.68146769019552
source_5,JUMPCPE-20210628-Run02_20210628_170203,3,LY2109761,own,0.74,False,0.9244941694378406,0.33945358891937005,0.9870522788266023,True,178.14534739100947
source_5,JUMPCPE-20210628-Run02_20210628_170203,3,NVS-PAK1-1,own,0.74,False,0.826956233141771,0.24224632367776908,0.9858578310777705,True,170.63192952046757
source_5,JUMPCPE-20210628-Run02_20210628_170203,3,quinidine,own,0.74,False,0.7575102783122046,0.40903607511609547,0.7669585780550994,True,23.21644552288268
source_5,JUMPCPE-20210628-Run02_20210628_170203,3,TC-S-7004,own,0.74,False,0.7989408305319108,0.20329033510481342,0.9876164298291675,True,160.10314623299655
source_5,JUMPCPE-20210628-Run02_20210628_170203,3,aloxistatin,own,0.74,False,0.6629988268956246,0.311865211972861,0.7674162003155471,False,32.20228760987048
source_5,JUMPCPE-20210628-Run03_20210629_064133,4,AMG900,own,1.13,False,0.9510787839998912,0.03264379258680398,0.9884795491917087,True,380.4858144750102
source_5,JUMPCPE-20210628-Run03_20210629_064133,4,dexamethasone,own,1.13,False,0.9265121777381957,0.26085090987654785,0.9755537081824309,True,52.94630309420102
source_5,JUMPCPE-20210628-Run03_20210629_064133,4,FK-866,own,1.13,False,0.8820792401407247,0.31004657127327123,0.9547454100771731,True,157.80083401177086
source_5,JUMPCPE-20210628-Run03_20210629_064133,4,LY2109761,own,1.13,False,0.9291178119176409,0.3533149408578951,0.9745777216005332,True,205.89168482950603
source_5,JUMPCPE-20210628-Run03_20210629_064133,4,NVS-PAK1-1,own,1.13,False,0.8640105444683732,0.2917553716142963,0.9540887620575096,True,179.65758203451003
source_5,JUMPCPE-20210628-Run03_20210629_064133,4,quinidine,own,1.13,False,0.8307827212806453,0.4067474010696074,0.8103327322718477,True,17.977066198277704
source_5,JUMPCPE-20210628-Run03_20210629_064133,4,TC-S-7004,own,1.13,False,0.810782515558613,0.2745820320252152,0.9663484459853744,True,208.9858884044065
source_5,JUMPCPE-20210628-Run03_20210629_064133,4,aloxistatin,own,1.13,False,0.6434996655566463,0.26368035311714716,0.7712345559186579,True,20.488521299021624
source_5,JUMPCPE-20210702-Run04_20210703_060202,5,AMG900,own,1.29,False,0.950560757858158,0.022573593773720528,0.9830641502446745,True,334.72005259575536
source_5,JUMPCPE-20210702-Run04_20210703_060202,5,dexamethasone,own,1.29,False,0.9431475118804019,0.31802834339943237,0.9685048623979685,True,44.77088453955741
source_5,JUMPCPE-20210702-Run04_20210703_060202,5,FK-866,own,1.29,False,0.8726158406027446,0.28993799281892313,0.9585147250098374,True,126.33433966911836
source_5,JUMPCPE-20210702-Run04_20210703_060202,5,LY2109761,own,1.29,False,0.9321746465016516,0.344915494884667,0.9726550713821176,True,171.93149272199648
source_5,JUMPCPE-20210702-Run04_20210703_060202,5,NVS-PAK1-1,own,1.29,False,0.8565635675709015,0.28828493741621086,0.9515307632832006,True,149.40573203640776
source_5,JUMPCPE-20210702-Run04_20210703_060202,5,quinidine,own,1.29,False,0.7431815035403606,0.2755231308617514,0.7275174227252145,True,12.019230169418982
source_5,JUMPCPE-20210702-Run04_20210703_060202,5,TC-S-7004,own,1.29,False,0.8084688960969384,0.2618777110717895,0.9591423361096725,True,141.06678877660687
source_5,JUMPCPE-20210702-Run04_20210703_060202,5,aloxistatin,own,1.29,False,0.6075399757368537,0.21044132555946563,0.8180512023296876,True,15.28492292073882
source_5,JUMPCPE-20210704-Run05_20210705_025956,6,AMG900,own,1.06,False,0.9528072885530947,0.0490010239870739,0.9736258704676248,True,363.4364440389888
source_5,JUMPCPE-20210704-Run05_20210705_025956,6,dexamethasone,own,1.06,False,0.9098400963227973,0.21046376866148847,0.9609968336439255,True,44.269452362801495
source_5,JUMPCPE-20210704-Run05_20210705_025956,6,FK-866,own,1.06,False,0.8883729264586883,0.28238914637331247,0.9604058292110635,True,139.1553823964864
source_5,JUMPCPE-20210704-Run05_20210705_025956,6,LY2109761,own,1.06,False,0.933927913369147,0.3315749082335974,0.9843501944483545,True,170.38731433066786
source_5,JUMPCPE-20210704-Run05_20210705_025956,6,NVS-PAK1-1,own,1.06,False,0.8707367923720873,0.27927192493212033,0.9368098446188959,True,127.75163664278317
source_5,JUMPCPE-20210704-Run05_20210705_025956,6,quinidine,own,1.06,False,0.6209518109531824,0.24627252793455406,0.5291219444961773,True,16.341568246188555
source_5,JUMPCPE-20210704-Run05_20210705_025956,6,TC-S-7004,own,1.06,False,0.7887073112262593,0.2798243397662095,0.9710108347417092,True,171.38031704172917
source_5,JUMPCPE-20210704-Run05_20210705_025956,6,aloxistatin,own,1.06,False,0.6391665578386425,0.1863537788410892,0.577490251611144,True,13.786095470409881
source_5,JUMPCPE-20210706-Run06_20210706_235916,7,AMG900,own,0.86,False,0.9546898126932689,0.022394774705836788,0.9843265502093468,True,385.0466080469894
source_5,JUMPCPE-20210706-Run06_20210706_235916,7,dexamethasone,own,0.86,False,0.8915681359069644,0.1921556240635203,0.9487088259424875,True,50.586049724620494
source_5,JUMPCPE-20210706-Run06_20210706_235916,7,FK-866,own,0.86,False,0.8775465536432957,0.2500992987932416,0.972552295420409,True,149.5029926955315
source_5,JUMPCPE-20210706-Run06_20210706_235916,7,LY2109761,own,0.86,False,0.9362584904042366,0.3197795569110228,0.9891803301035034,True,161.7162322130734
source_5,JUMPCPE-20210706-Run06_20210706_235916,7,NVS-PAK1-1,own,0.86,False,0.853753093398112,0.2682602729401234,0.9704375496675846,True,161.47920599795503
source_5,JUMPCPE-20210706-Run06_20210706_235916,7,quinidine,own,0.86,False,0.7737429416644676,0.35567741206919906,0.7742339208454971,True,22.359593327766884
source_5,JUMPCPE-20210706-Run06_20210706_235916,7,TC-S-7004,own,0.86,False,0.7965076416008541,0.24239790215846244,0.9852138695740388,True,160.01506150617
source_5,JUMPCPE-20210706-Run06_20210706_235916,7,aloxistatin,own,0.86,False,0.6420632824503886,0.3098688333350431,0.7073838542345445,True,20.296702905173316
source_5,JUMPCPE-20210709-Run07_20210709_230159,8,AMG900,own,0.94,False,0.9516050050077504,0.006173087768949799,0.9893134052024963,True,365.44216165367556
source_5,JUMPCPE-20210709-Run07_20210709_230159,8,dexamethasone,own,0.94,False,0.918740517741756,0.2826654046365918,0.9769214364029488,True,49.114295940966834
source_5,JUMPCPE-20210709-Run07_20210709_230159,8,FK-866,own,0.94,False,0.8846110595800323,0.2484049126910524,0.9582700534317807,True,129.59552337613795
source_5,JUMPCPE-20210709-Run07_20210709_230159,8,LY2109761,own,0.94,False,0.9286827141518483,0.3181342563175752,0.9874601703793782,True,157.81952226286057
source_5,JUMPCPE-20210709-Run07_20210709_230159,8,NVS-PAK1-1,own,0.94,False,0.8591297489629501,0.254044649669167,0.9611203183472957,True,143.46435805586356
source_5,JUMPCPE-20210709-Run07_20210709_230159,8,quinidine,own,0.94,False,0.7110070101652558,0.3301570615804109,0.7037320965416437,True,20.517392408877594
source_5,JUMPCPE-20210709-Run07_20210709_230159,8,TC-S-7004,own,0.94,False,0.7871514068179142,0.2205058383643986,0.9772850722288832,True,116.19940162204333
source_5,JUMPCPE-20210709-Run07_20210709_230159,8,aloxistatin,own,0.94,False,0.6621893973211106,0.24808545443799504,0.7361918877992798,True,24.526833847662708
source_5,JUMPCPE-20210709-Run08_20210711_195507,9,AMG900,own,0.58,False,0.9496723638062015,0.010253631915769196,0.9918585431047138,True,416.0006956458932
source_5,JUMPCPE-20210709-Run08_20210711_195507,9,dexamethasone,own,0.58,False,0.856190643336086,0.27957642622854467,0.9531597045169856,True,48.62580547373562
source_5,JUMPCPE-20210709-Run08_20210711_195507,9,FK-866,own,0.58,False,0.8707204862191009,0.2845618071481645,0.9781937314852008,True,145.43406196115245
source_5,JUMPCPE-20210709-Run08_20210711_195507,9,LY2109761,own,0.58,False,0.9154831061993356,0.3165854128493254,0.9903599532085722,True,157.5563147409528
source_5,JUMPCPE-20210709-Run08_20210711_195507,9,NVS-PAK1-1,own,0.58,False,0.8354367537174763,0.2311699235388784,0.9858851943612463,True,181.39185045729297
source_5,JUMPCPE-20210709-Run08_20210711_195507,9,quinidine,own,0.58,False,0.5397389638941894,0.2767414011319895,0.5756415840896646,False,21.53552429837614
source_5,JUMPCPE-20210709-Run08_20210711_195507,9,TC-S-7004,own,0.58,False,0.7426807578152904,0.20600398795773267,0.9841156613053526,True,134.62590236424543
source_5,JUMPCPE-20210709-Run08_20210711_195507,9,aloxistatin,own,0.58,False,0.7329708911035062,0.3222268498407358,0.7511814818799156,True,25.659201286643857
source_5,JUMPCPE-20210712-Run09_20210713_003159,10,AMG900,own,0.88,False,0.9551351866241841,0.03076275056625965,0.9830240354118223,True,367.75481223266183
source_5,JUMPCPE-20210712-Run09_20210713_003159,10,dexamethasone,own,0.88,False,0.9210654654263908,0.3117939123241361,0.9564229357005263,True,50.80689909563222
source_5,JUMPCPE-20210712-Run09_20210713_003159,10,FK-866,own,0.88,False,0.8772943195551637,0.3079807429500304,0.970414392034058,True,134.91659301382882
source_5,JUMPCPE-20210712-Run09_20210713_003159,10,LY2109761,own,0.88,False,0.9316864324666952,0.3461922358010914,0.9840004101124258,True,157.68143000017886
source_5,JUMPCPE-20210712-Run09_20210713_003159,10,NVS-PAK1-1,own,0.88,False,0.8539894389586979,0.26873611733931335,0.9725434551131114,True,164.98414045926535
source_5,JUMPCPE-20210712-Run09_20210713_003159,10,quinidine,own,0.88,False,0.6694480873693411,0.4035651981272868,0.6716347340919541,True,21.188942400782665
source_5,JUMPCPE-20210712-Run09_20210713_003159,10,TC-S-7004,own,0.88,False,0.7887642317763364,0.23271863215292848,0.9709553666673669,True,118.50493806378098
source_5,JUMPCPE-20210712-Run09_20210713_003159,10,aloxistatin,own,0.88,False,0.6905102416218054,0.33160436377743213,0.6730707741794261,True,24.35446301122519
source_5,JUMPCPE-20210715-Run10_20210715_223420,11,AMG900,own,0.77,False,0.9532220468418829,0.010345152530583084,0.9899293483847981,True,379.5146417392963
source_5,JUMPCPE-20210715-Run10_20210715_223420,11,dexamethasone,own,0.77,False,0.9272341042162338,0.2900177600923077,0.9792059001903167,True,49.00169413156493
source_5,JUMPCPE-20210715-Run10_20210715_223420,11,FK-866,own,0.77,False,0.8750028097612903,0.22935923331387612,0.9634298093225366,True,140.38022514015194
source_5,JUMPCPE-20210715-Run10_20210715_223420,11,LY2109761,own,0.77,False,0.9208417342043348,0.33710714865874764,0.990073580239631,True,161.8072973027326
source_5,JUMPCPE-20210715-Run10_20210715_223420,11,NVS-PAK1-1,own,0.77,False,0.8652288367543982,0.2622794798048674,0.9656430656066171,True,151.61266737500478
source_5,JUMPCPE-20210715-Run10_20210715_223420,11,quinidine,own,0.77,False,0.7658116692902923,0.43392865317349305,0.8291987449574632,True,20.85431969880432
source_5,JUMPCPE-20210715-Run10_20210715_223420,11,TC-S-7004,own,0.77,False,0.7533405325246563,0.2039102235638373,0.9506455004979433,True,76.33909563183451
source_5,JUMPCPE-20210715-Run10_20210715_223420,11,aloxistatin,own,0.77,False,0.6937787657063945,0.3813880256433914,0.7406012688432334,True,23.390278882388813
source_5,JUMPCPE-20210716-Run11_20210717_192647,12,AMG900,own,1.07,False,0.9516706569052452,0.023157972261778622,0.9827280377508704,True,385.06629136955695
source_5,JUMPCPE-20210716-Run11_20210717_192647,12,dexamethasone,own,1.07,False,0.9132608787902717,0.18004889162148002,0.9643254050300379,True,50.11365938484592
source_5,JUMPCPE-20210716-Run11_20210717_192647,12,FK-866,own,1.07,False,0.8738534855075826,0.2343798938161395,0.9471535740000112,True,151.18831553246753
source_5,JUMPCPE-20210716-Run11_20210717_192647,12,LY2109761,own,1.07,False,0.9260594412837642,0.3134289135718342,0.9888786224436013,True,176.0716056703037
source_5,JUMPCPE-20210716-Run11_20210717_192647,12,NVS-PAK1-1,own,1.07,False,0.8418020342535226,0.2909601988019267,0.9355899971599608,True,159.18069555062596
source_5,JUMPCPE-20210716-Run11_20210717_192647,12,quinidine,own,1.07,False,0.6576772989844748,0.2613395161886828,0.5963801451426125,True,17.24902385255184
source_5,JUMPCPE-20210716-Run11_20210717_192647,12,TC-S-7004,own,1.07,False,0.761573043589012,0.2416846207639809,0.9686669741600346,True,135.76937401434805
source_5,JUMPCPE-20210716-Run11_20210717_192647,12,aloxistatin,own,1.07,False,0.6342168813705804,0.12791251520417787,0.7933057141037706,True,11.814944675127682
source_5,JUMPCPE-20210716-Run12_20210719_162047,13,AMG900,own,0.94,False,0.9500542895813504,0.0016632295114617065,0.989108773687399,True,401.16317263924043
source_5,JUMPCPE-20210716-Run12_20210719_162047,13,dexamethasone,own,0.94,False,0.9191373638240121,0.18364635340072624,0.9592334841019479,True,49.23454024617941
source_5,JUMPCPE-20210716-Run12_20210719_162047,13,FK-866,own,0.94,False,0.8781230260088353,0.2839947437594163,0.9499029874854276,True,146.80408208240274
source_5,JUMPCPE-20210716-Run12_20210719_162047,13,LY2109761,own,0.94,False,0.9188303898262993,0.33437371821693185,0.9907673628269016,True,177.94560251402226
source_5,JUMPCPE-20210716-Run12_20210719_162047,13,NVS-PAK1-1,own,0.94,False,0.845519178938365,0.2793493328496312,0.9662379429263622,True,175.3473083527029
source_5,JUMPCPE-20210716-Run12_20210719_162047,13,quinidine,own,0.94,False,0.7537452196282388,0.3272870158040536,0.7906472739943882,True,17.82289296807772
source_5,JUMPCPE-20210716-Run12_20210719_162047,13,TC-S-7004,own,0.94,False,0.7424949465949389,0.21248474252611618,0.9648373517032213,True,105.8037293409524
source_5,JUMPCPE-20210716-Run12_20210719_162047,13,aloxistatin,own,0.94,False,0.6591299326569444,0.2154429137394595,0.8849033025047951,True,19.171051180210135
source_5,JUMPCPE-20210719-Run13_20210721_131445,14,AMG900,own,1.15,False,0.9536564512251817,0.01443930461750865,0.9900120118926163,True,393.6194630175975
source_5,JUMPCPE-20210719-Run13_20210721_131445,14,dexamethasone,own,1.15,False,0.9116462925792839,0.22865187949706736,0.956544068368622,True,52.58830270579577
source_5,JUMPCPE-20210719-Run13_20210721_131445,14,FK-866,own,1.15,False,0.8695849250633537,0.23738896385012706,0.9568634615260354,True,141.2014689054433
source_5,JUMPCPE-20210719-Run13_20210721_131445,14,LY2109761,own,1.15,False,0.9263335709514395,0.3181371508805785,0.9893523207739221,True,178.45281305071163
source_5,JUMPCPE-20210719-Run13_20210721_131445,14,NVS-PAK1-1,own,1.15,False,0.8406360406815687,0.29697631650158135,0.9486377953890227,True,154.76893793272086
source_5,JUMPCPE-20210719-Run13_20210721_131445,14,quinidine,own,1.15,False,0.790747930852149,0.38903182714719176,0.8034154578872359,True,19.605507714944213
source_5,JUMPCPE-20210719-Run13_20210721_131445,14,TC-S-7004,own,1.15,False,0.7627726562680053,0.19423979376727113,0.943122470302874,True,83.91977587854986
source_5,JUMPCPE-20210719-Run13_20210721_131445,14,aloxistatin,own,1.15,False,0.6622913073643115,0.31396290078217914,0.8124094556031523,True,18.62199902201756
source_5,JUMPCPE-20210730-Run14_20210731_000211,15,AMG900,own,0.9,False,0.9512882990617274,0.03375146646386468,0.9804494266438654,True,377.3426351275145
source_5,JUMPCPE-20210730-Run14_20210731_000211,15,dexamethasone,own,0.9,False,0.9364428292682965,0.2717110210359314,0.9781676788000517,True,50.69946723539372
source_5,JUMPCPE-20210730-Run14_20210731_000211,15,FK-866,own,0.9,False,0.870012997185756,0.2527708626249453,0.9478322900986953,True,145.70198074230407
source_5,JUMPCPE-20210730-Run14_20210731_000211,15,LY2109761,own,0.9,False,0.9143925236913053,0.31580262873812315,0.9866743123909809,True,162.8459479917831
source_5,JUMPCPE-20210730-Run14_20210731_000211,15,NVS-PAK1-1,own,0.9,False,0.8367789406470924,0.2750820524572557,0.9583092692138299,True,163.9925454623825
source_5,JUMPCPE-20210730-Run14_20210731_000211,15,quinidine,own,0.9,False,0.7476834593659749,0.351370995090063,0.7471576948822376,True,21.72452810230385
source_5,JUMPCPE-20210730-Run14_20210731_000211,15,TC-S-7004,own,0.9,False,0.76147589813076,0.2455305779658546,0.9751062928259965,True,139.81430118470334
source_5,JUMPCPE-20210730-Run14_20210731_000211,15,aloxistatin,own,0.9,False,0.7062130843799229,0.329601206382873,0.7697844651465167,True,18.05179966096903
source_5,JUMPCPE-20210730-Run15_20210801_205335,16,AMG900,own,1.36,False,0.9518966462790562,0.05069262371553552,0.9775994255511976,True,366.02849244152355
source_5,JUMPCPE-20210730-Run15_20210801_205335,16,dexamethasone,own,1.36,False,0.9317034906694635,0.26993431933729234,0.9606406990381149,True,56.549864772047606
source_5,JUMPCPE-20210730-Run15_20210801_205335,16,FK-866,own,1.36,False,0.8393382681851767,0.3640147267194544,0.8985282912248036,True,150.32836017213094
source_5,JUMPCPE-20210730-Run15_20210801_205335,16,LY2109761,own,1.36,False,0.8983303326574,0.3533112620240702,0.967599449723527,True,186.57930458198032
source_5,JUMPCPE-20210730-Run15_20210801_205335,16,NVS-PAK1-1,own,1.36,False,0.8440933044386242,0.31906157195678647,0.9219266725326659,True,177.48859923576958
source_5,JUMPCPE-20210730-Run15_20210801_205335,16,quinidine,own,1.36,False,0.7458470362040488,0.42728058502069743,0.7739751018745414,True,28.10551628528763
source_5,JUMPCPE-20210730-Run15_20210801_205335,16,TC-S-7004,own,1.36,False,0.8081171473616255,0.25726786794596007,0.9429759728918372,True,140.31152899984482
source_5,JUMPCPE-20210730-Run15_20210801_205335,16,aloxistatin,own,1.36,False,0.6632421572135783,0.31940547136752784,0.7413024989563194,False,30.922109453220486
source_5,JUMPCPE-20210730-Run16_20210803_174908,17,AMG900,own,1.21,False,0.9450478560128966,0.003925169593230776,0.9907993984060072,True,377.6247845199153
source_5,JUMPCPE-20210730-Run16_20210803_174908,17,dexamethasone,own,1.21,False,0.912666899074198,0.2157863947386689,0.9614978827856109,True,49.451480447478914
source_5,JUMPCPE-20210730-Run16_20210803_174908,17,FK-866,own,1.21,False,0.8695780200137049,0.2284349585012751,0.941275128596095,True,138.09734920613792
source_5,JUMPCPE-20210730-Run16_20210803_174908,17,LY2109761,own,1.21,False,0.9125204722645839,0.3119784741282889,0.9873596199338068,True,159.37825263456224
source_5,JUMPCPE-20210730-Run16_20210803_174908,17,NVS-PAK1-1,own,1.21,False,0.8376203657933011,0.2656742059277741,0.9619358438237113,True,157.2563198212851
source_5,JUMPCPE-20210730-Run16_20210803_174908,17,quinidine,own,1.21,False,0.699042652162841,0.34496139830554984,0.7166025848460319,True,18.949965906969975
source_5,JUMPCPE-20210730-Run16_20210803_174908,17,TC-S-7004,own,1.21,False,0.7539079739952337,0.19561938529855705,0.9708972571727144,True,104.63021719746551
source_5,JUMPCPE-20210730-Run16_20210803_174908,17,aloxistatin,own,1.21,False,0.7007644866778004,0.2538859306598975,0.7814996034344034,True,18.474194463470162
source_5,JUMPCPE-20210806-Run17_20210807_000211,18,AMG900,own,1.56,False,0.9369234108975766,0.0623588114828494,0.947817360792083,True,341.17417796250777
source_5,JUMPCPE-20210806-Run17_20210807_000211,18,dexamethasone,own,1.56,False,0.8853653056932842,0.13744281715399026,0.9164784072232229,True,45.14280531345765
source_5,JUMPCPE-20210806-Run17_20210807_000211,18,FK-866,own,1.56,False,0.8741846076620627,0.27395687490990206,0.9157977899787609,True,148.3835083135198
source_5,JUMPCPE-20210806-Run17_20210807_000211,18,LY2109761,own,1.56,False,0.9157150225504789,0.31841564211867635,0.9705432982235794,True,167.87993743886966
source_5,JUMPCPE-20210806-Run17_20210807_000211,18,NVS-PAK1-1,own,1.56,False,0.8448197058033259,0.2850607122555674,0.9068074868377405,True,151.9118788120793
source_5,JUMPCPE-20210806-Run17_20210807_000211,18,quinidine,own,1.56,False,0.7156681089694457,0.26192747807226374,0.6536419057473573,True,17.23272773222687
source_5,JUMPCPE-20210806-Run17_20210807_000211,18,TC-S-7004,own,1.56,False,0.7093226008326535,0.288955959957934,0.9202992338011041,True,81.49432274437643
source_5,JUMPCPE-20210806-Run17_20210807_000211,18,aloxistatin,own,1.56,False,0.6911711946676602,0.10099565466567936,0.7188554381432021,True,16.202861336185173
source_5,JUMPCPE-20210806-Run18_20210808_210526,19,AMG900,own,1.49,False,0.9476574079411766,0.02641385604540447,0.9807358781974878,True,352.10250245050923
source_5,JUMPCPE-20210806-Run18_20210808_210526,19,dexamethasone,own,1.49,False,0.901451731339098,0.2498028460701032,0.9409292531843504,True,54.00709092989383
source_5,JUMPCPE-20210806-Run18_20210808_210526,19,FK-866,own,1.49,False,0.8625549673201878,0.3316794199624093,0.9214133039885568,True,145.89785298298426
source_5,JUMPCPE-20210806-Run18_20210808_210526,19,LY2109761,own,1.49,False,0.9011595018980452,0.33579492059865723,0.9721971127332312,True,164.737074974836
source_5,JUMPCPE-20210806-Run18_20210808_210526,19,NVS-PAK1-1,own,1.49,False,0.838780114933133,0.2562111918713416,0.9580664950175476,True,159.21550225180886
source_5,JUMPCPE-20210806-Run18_20210808_210526,19,quinidine,own,1.49,False,0.5821809174362782,0.34333651362078277,0.585464243039129,False,26.546369440872553
source_5,JUMPCPE-20210806-Run18_20210808_210526,19,TC-S-7004,own,1.49,False,0.7347888123126737,0.20586027467250229,0.9056689677327173,True,79.51291600479152
source_5,JUMPCPE-20210806-Run18_20210808_210526,19,aloxistatin,own,1.49,False,0.6508537880966183,0.2121644485324871,0.7311551943341204,True,18.41429414916227
source_5,JUMPCPE-20210811-Run18_20210811_182136,20,AMG900,own,1.37,False,0.9461130408585936,0.029251043615434163,0.9827765065402078,True,361.56921907163564
source_5,JUMPCPE-20210811-Run18_20210811_182136,20,dexamethasone,own,1.37,False,0.8601033389710849,0.14584068716729254,0.9229737671657499,True,47.87128202613358
source_5,JUMPCPE-20210811-Run18_20210811_182136,20,FK-866,own,1.37,False,0.8518484028814367,0.3122749281895543,0.9137514240279931,True,147.65725948459382
source_5,JUMPCPE-20210811-Run18_20210811_182136,20,LY2109761,own,1.37,False,0.8941634941178265,0.3252429523033106,0.9697580332105573,True,152.69977332312723
source_5,JUMPCPE-20210811-Run18_20210811_182136,20,NVS-PAK1-1,own,1.37,False,0.8642608728073277,0.2618536699189427,0.9557073796625909,True,146.7235369027098
source_5,JUMPCPE-20210811-Run18_20210811_182136,20,quinidine,own,1.37,False,0.6723948540098419,0.3361305719731108,0.7569552484922996,True,19.717236203451634
source_5,JUMPCPE-20210811-Run18_20210811_182136,20,TC-S-7004,own,1.37,False,0.728417888848774,0.21713741044686014,0.8726540180395599,True,59.35099873927769
source_5,JUMPCPE-20210811-Run18_20210811_182136,20,aloxistatin,own,1.37,False,0.5367755872929799,0.15222500806017064,0.7983194101404882,True,23.757627494032647
source_5,JUMPCPE-20210812-Run20_20210815_062625,21,AMG900,own,1.15,False,0.951263859695504,0.03556191305234131,0.9822224194189515,True,368.82101508790106
source_5,JUMPCPE-20210812-Run20_20210815_062625,21,dexamethasone,own,1.15,False,0.9270816635827217,0.23688447056928558,0.953773335255776,True,52.566916011786695
source_5,JUMPCPE-20210812-Run20_20210815_062625,21,FK-866,own,1.15,False,0.8945015982937881,0.2704446266551933,0.9382203091416357,True,145.57462900439714
source_5,JUMPCPE-20210812-Run20_20210815_062625,21,LY2109761,own,1.15,False,0.8889133609651019,0.3234555005085951,0.9747254601187894,True,149.62185732254187
source_5,JUMPCPE-20210812-Run20_20210815_062625,21,NVS-PAK1-1,own,1.15,False,0.8308446781195056,0.27912027146774515,0.9412270644942866,True,144.60560100565655
source_5,JUMPCPE-20210812-Run20_20210815_062625,21,quinidine,own,1.15,False,0.7598850389199603,0.3967768262550186,0.7907103323637061,True,21.444234997545184
source_5,JUMPCPE-20210812-Run20_20210815_062625,21,TC-S-7004,own,1.15,False,0.5923546976207961,0.25606022063453543,0.7064794247196304,True,37.80803856380482
source_5,JUMPCPE-20210812-Run20_20210815_062625,21,aloxistatin,own,1.15,False,0.6603340999684297,0.29527515045014,0.8393502849482739,False,25.98470486394292
source_5,JUMPCPE-20210813-Run21_20210817_031500,22,AMG900,own,1.18,False,0.9522490442487087,0.037880227072765685,0.9767961890072979,True,369.5493176046618
source_5,JUMPCPE-20210813-Run21_20210817_031500,22,dexamethasone,own,1.18,False,0.9054842809222703,0.2821828777755018,0.9426839728376651,True,56.13934981997147
source_5,JUMPCPE-20210813-Run21_20210817_031500,22,FK-866,own,1.18,False,0.8701040235545936,0.3023962613621407,0.917900043995582,True,143.67859277730318
source_5,JUMPCPE-20210813-Run21_20210817_031500,22,LY2109761,own,1.18,False,0.9044261613858855,0.33365627651563845,0.9790843611626088,True,167.11944146838306
source_5,JUMPCPE-20210813-Run21_20210817_031500,22,NVS-PAK1-1,own,1.18,False,0.8505198836977466,0.30286572967209996,0.9158611604936523,True,148.42885285916762
source_5,JUMPCPE-20210813-Run21_20210817_031500,22,quinidine,own,1.18,False,0.7652497134702155,0.41211822851250507,0.8063317648241797,True,26.593576868853827
source_5,JUMPCPE-20210813-Run21_20210817_031500,22,TC-S-7004,own,1.18,False,0.5907819811602395,0.33323149930791274,0.6385691384285419,False,47.47604492515219
source_5,JUMPCPE-20210813-Run21_20210817_031500,22,aloxistatin,own,1.18,False,0.5874099190874359,0.302069788245042,0.809999113628081,False,35.08014197792267
source_5,JUMPCPE-20210820-Run22_20210821_180957,23,AMG900,own,0.95,False,0.9508268634129529,0.037747230791498554,0.9824833888329648,True,381.0108751997622
source_5,JUMPCPE-20210820-Run22_20210821_180957,23,dexamethasone,own,0.95,False,0.9209305685322202,0.19585583511072555,0.9495642609357466,True,53.60008344351015
source_5,JUMPCPE-20210820-Run22_20210821_180957,23,FK-866,own,0.95,False,0.8764935575644587,0.30038659021979436,0.955753990265207,True,143.29053939268962
source_5,JUMPCPE-20210820-Run22_20210821_180957,23,LY2109761,own,0.95,False,0.8997676936458148,0.31514363637296217,0.9845754423839812,True,163.13351639810222
source_5,JUMPCPE-20210820-Run22_20210821_180957,23,NVS-PAK1-1,own,0.95,False,0.8231602347160494,0.2993810684026864,0.9529497065714583,True,166.55132869559534
source_5,JUMPCPE-20210820-Run22_20210821_180957,23,quinidine,own,0.95,False,0.8076622592740406,0.342095341252232,0.7978978643175809,True,20.568527963484698
source_5,JUMPCPE-20210820-Run22_20210821_180957,23,TC-S-7004,own,0.95,False,0.6193275070556953,0.23482481591592141,0.8271187692875228,False,56.50254425218533
source_5,JUMPCPE-20210820-Run22_20210821_180957,23,aloxistatin,own,0.95,False,0.6362425496770875,0.2215685990757806,0.845787875443584,True,16.750329655979133
source_5,JUMPCPE-20210820-Run23_20210823_145853,24,AMG900,own,1.12,False,0.9513791180911129,0.023569406998429455,0.9817626650508121,True,365.74231978237856
source_5,JUMPCPE-20210820-Run23_20210823_145853,24,dexamethasone,own,1.12,False,0.8845335464105555,0.2839856483132797,0.9483702049332787,True,51.0785564846958
source_5,JUMPCPE-20210820-Run23_20210823_145853,24,FK-866,own,1.12,False,0.873815878446103,0.27414686108112635,0.9349111759829386,True,140.7688209603306
source_5,JUMPCPE-20210820-Run23_20210823_145853,24,LY2109761,own,1.12,False,0.9122371314913753,0.3142601434316984,0.9833007626834146,True,151.14865480337312
source_5,JUMPCPE-20210820-Run23_20210823_145853,24,NVS-PAK1-1,own,1.12,False,0.8398442399870643,0.3011969634986151,0.9243709351843058,True,147.0455077751208
source_5,JUMPCPE-20210820-Run23_20210823_145853,24,quinidine,own,1.12,False,0.7488918532014989,0.4179762997043078,0.7991319272687473,True,29.381485105199303
source_5,JUMPCPE-20210820-Run23_20210823_145853,24,TC-S-7004,own,1.12,False,0.5767875487472184,0.2593618337741596,0.636273905117444,True,57.23526564883411
source_5,JUMPCPE-20210820-Run23_20210823_145853,24,aloxistatin,own,1.12,False,0.6274767576748759,0.3259376043781465,0.8220941332561114,True,33.2946637586761
source_5,JUMPCPE-20210902-Run26_20210903_010341,25,AMG900,own,1.25,False,0.9480452425630236,0.03312149034203609,0.9712313507351533,True,360.8585360544471
source_5,JUMPCPE-20210902-Run26_20210903_010341,25,dexamethasone,own,1.25,False,0.8824232811030062,0.15955029454796416,0.9225259268665843,True,44.842866464890655
source_5,JUMPCPE-20210902-Run26_20210903_010341,25,FK-866,own,1.25,False,0.8601503846953763,0.27705709013314705,0.976814777549371,True,136.28956013769317
source_5,JUMPCPE-20210902-Run26_20210903_010341,25,LY2109761,own,1.25,False,0.9182217711871165,0.30970532200659545,0.974423492522073,True,156.15818490589882
source_5,JUMPCPE-20210902-Run26_20210903_010341,25,NVS-PAK1-1,own,1.25,False,0.8543640324639541,0.23582649789400426,0.9485678240228286,True,150.24066375180107
source_5,JUMPCPE-20210902-Run26_20210903_010341,25,quinidine,own,1.25,False,0.6494927991096273,0.3183440574255383,0.6001419625941325,True,19.25173898329506
source_5,JUMPCPE-20210902-Run26_20210903_010341,25,TC-S-7004,own,1.25,False,0.6464859374802808,0.22228709612965197,0.833088024791233,False,55.62471313150644
source_5,JUMPCPE-20210902-Run26_20210903_010341,25,aloxistatin,own,1.25,False,0.39388865716143545,-0.00852801002392808,0.578999740403406,True,13.444254302386652
source_5,JUMPCPE-20210903-Run27_20210904_215148,26,AMG900,own,1.33,False,0.9481303381099859,0.019394045123676207,0.9718026825609847,True,359.99833954130867
source_5,JUMPCPE-20210903-Run27_20210904_215148,26,dexamethasone,own,1.33,False,0.8638131479133555,0.08774778530329207,0.8869616644603002,True,47.93246456591094
source_5,JUMPCPE-20210903-Run27_20210904_215148,26,FK-866,own,1.33,False,0.8822603918347773,0.25881159282703753,0.9434484018862463,True,139.8360230776218
source_5,JUMPCPE-20210903-Run27_20210904_215148,26,LY2109761,own,1.33,False,0.9415066121459273,0.28790505778015396,0.978858563720937,True,156.3831524193425
source_5,JUMPCPE-20210903-Run27_20210904_215148,26,NVS-PAK1-1,own,1.33,False,0.8650699720857333,0.26225445898479677,0.90989122083533,True,134.956738494269
source_5,JUMPCPE-20210903-Run27_20210904_215148,26,quinidine,own,1.33,False,0.5787184301839537,0.2399827294894117,0.5251575807402991,True,15.945705811951628
source_5,JUMPCPE-20210903-Run27_20210904_215148,26,TC-S-7004,own,1.33,False,0.6423243509276745,0.195885870829833,0.7648516218452872,True,61.14521459048752
source_5,JUMPCPE-20210903-Run27_20210904_215148,26,aloxistatin,own,1.33,False,0.5435785248450093,0.04970329808539209,0.6609207636868641,True,12.491786132342003
source_5,JUMPCPE-20210908-Run28_20210909_072022,27,AMG900,own,0.89,False,0.9528999200150898,0.027150977349060152,0.9838833029551175,True,389.4066768377879
source_5,JUMPCPE-20210908-Run28_20210909_072022,27,dexamethasone,own,0.89,False,0.9160757885195328,0.18338996276541014,0.9445261196974108,True,52.128558330693025
source_5,JUMPCPE-20210908-Run28_20210909_072022,27,FK-866,own,0.89,False,0.8590136605212779,0.2704237112023299,0.9744819305058032,True,159.86673820084175
source_5,JUMPCPE-20210908-Run28_20210909_072022,27,LY2109761,own,0.89,False,0.917876465038278,0.3038926605679661,0.9823438773899515,True,151.40910090267843
source_5,JUMPCPE-20210908-Run28_20210909_072022,27,NVS-PAK1-1,own,0.89,False,0.8408527750708905,0.25168260152036,0.9700806952704604,True,161.22633269738606
source_5,JUMPCPE-20210908-Run28_20210909_072022,27,quinidine,own,0.89,False,0.7543645197796709,0.2748656452317849,0.6721088846740301,True,16.73773282719073
source_5,JUMPCPE-20210908-Run28_20210909_072022,27,TC-S-7004,own,0.89,False,0.6460515968189343,0.16141129292359832,0.8875855790953184,True,58.85397094544776
source_5,JUMPCPE-20210908-Run28_20210909_072022,27,aloxistatin,own,0.89,False,0.5184659228377813,0.15577945928381265,0.8166855304013743,True,19.264329634486597
source_5,JUMPCPE-20210909-Run29_20210910_234236,28,AMG900,own,1.03,False,0.9525331467011655,0.011528615863880815,0.9854427039479192,True,362.41393389873195
source_5,JUMPCPE-20210909-Run29_20210910_234236,28,dexamethasone,own,1.03,False,0.8874298775782237,0.13508564400938433,0.8914297873668289,True,54.29797597304465
source_5,JUMPCPE-20210909-Run29_20210910_234236,28,FK-866,own,1.03,False,0.8839632632713936,0.28411548548887217,0.9534463582525885,True,141.48281694399196
source_5,JUMPCPE-20210909-Run29_20210910_234236,28,LY2109761,own,1.03,False,0.9252111464180222,0.32870140311511264,0.9896621180055464,True,158.94039565080254
source_5,JUMPCPE-20210909-Run29_20210910_234236,28,NVS-PAK1-1,own,1.03,False,0.8458394446638138,0.27210310623918865,0.9584033943242195,True,143.71829529887697
source_5,JUMPCPE-20210909-Run29_20210910_234236,28,quinidine,own,1.03,False,0.8680485095861543,0.3577753266874208,0.7827744442761109,True,18.729600689675184
source_5,JUMPCPE-20210909-Run29_20210910_234236,28,TC-S-7004,own,1.03,False,0.7701806254265466,0.23141750467504152,0.9733140524070021,True,93.37300885307663
source_5,JUMPCPE-20210909-Run29_20210910_234236,28,aloxistatin,own,1.03,False,0.3567239168376152,0.10022651521482875,0.7058972925946222,False,27.309446398107458
source_5,JUMPCPE-20210910-Run30_20210912_203428,29,AMG900,own,1.58,False,0.9457348633308689,0.037991560250986704,0.9628839175520248,True,334.0683906787058
source_5,JUMPCPE-20210910-Run30_20210912_203428,29,dexamethasone,own,1.58,False,0.894844116140708,0.14581052762309613,0.9049602582322617,True,47.08941762082243
source_5,JUMPCPE-20210910-Run30_20210912_203428,29,FK-866,own,1.58,False,0.8791354556632076,0.26162895197792485,0.9162393755759872,True,146.0055995289608
source_5,JUMPCPE-20210910-Run30_20210912_203428,29,LY2109761,own,1.58,False,0.9272878462986138,0.3017391680093313,0.979031822844483,True,147.861841420954
source_5,JUMPCPE-20210910-Run30_20210912_203428,29,NVS-PAK1-1,own,1.58,False,0.8614768376970285,0.2941077264394685,0.8834488374625943,True,131.16085536758797
source_5,JUMPCPE-20210910-Run30_20210912_203428,29,quinidine,own,1.58,False,0.8197760258364819,0.3641822131664316,0.777024791867759,True,19.91164465804398
source_5,JUMPCPE-20210910-Run30_20210912_203428,29,TC-S-7004,own,1.58,False,0.731430657843379,0.2211686203169016,0.9045598185563003,True,64.25357876894535
source_5,JUMPCPE-20210910-Run30_20210912_203428,29,aloxistatin,own,1.58,False,0.29395876121804576,0.05409028566562387,0.5883019288804822,False,19.97454037464114
source_5,JUMPCPE-20211001-Run33_20211001_152017,30,AMG900,own,1.82,False,0.9474004033396957,0.04633608183764342,0.955127169305385,True,343.676231847059
source_5,JUMPCPE-20211001-Run33_20211001_152017,30,dexamethasone,own,1.82,False,0.8927305615764758,0.15674102518214159,0.9142412980977299,True,62.2269449258373
source_5,JUMPCPE-20211001-Run33_20211001_152017,30,FK-866,own,1.82,False,0.8783738167043948,0.28514619492899956,0.905615990855585,True,148.7842860911073
source_5,JUMPCPE-20211001-Run33_20211001_152017,30,LY2109761,own,1.82,False,0.9176207955531348,0.35036284226681186,0.9493958290429494,True,204.0901446578642
source_5,JUMPCPE-20211001-Run33_20211001_152017,30,NVS-PAK1-1,own,1.82,False,0.8507030188762137,0.29959396591134485,0.89972866227394,True,146.7943968311973
source_5,JUMPCPE-20211001-Run33_20211001_152017,30,quinidine,own,1.82,False,0.7466179275179625,0.34569433752551276,0.7718403284729122,True,33.14252699191344
source_5,JUMPCPE-20211001-Run33_20211001_152017,30,TC-S-7004,own,1.82,False,0.5505639291446257,0.35169450651506745,0.653514315428407,True,44.266874150431455
source_5,JUMPCPE-20211001-Run33_20211001_152017,30,aloxistatin,own,1.82,False,0.6524312647995232,0.2273166164131232,0.7843839967706698,True,31.40854796534028
source_5,JUMPCPE-20211001-Run34_20211003_121618,31,AMG900,own,1.3,False,0.9432576990094786,0.03682186586697385,0.9700847685293765,True,350.1328845734333
source_5,JUMPCPE-20211001-Run34_20211003_121618,31,dexamethasone,own,1.3,False,0.9173961738228965,0.2277819094571328,0.9581522066640168,True,58.47454930286395
source_5,JUMPCPE-20211001-Run34_20211003_121618,31,FK-866,own,1.3,False,0.8756385283082064,0.2599952483489001,0.9465493142394896,True,136.04896866825982
source_5,JUMPCPE-20211001-Run34_20211003_121618,31,LY2109761,own,1.3,False,0.9118327187651285,0.3325888902144313,0.9744654926964309,True,184.22500131021087
source_5,JUMPCPE-20211001-Run34_20211003_121618,31,NVS-PAK1-1,own,1.3,False,0.838353370319445,0.2502929916915891,0.9599872840084076,True,176.1756662561173
source_5,JUMPCPE-20211001-Run34_20211003_121618,31,quinidine,own,1.3,False,0.7908361372889607,0.3393076396588534,0.7743008918865326,True,38.16016357218591
source_5,JUMPCPE-20211001-Run34_20211003_121618,31,TC-S-7004,own,1.3,False,0.4321262283158963,0.28167023269851527,0.5136410544634614,True,37.39030551211379
source_5,JUMPCPE-20211001-Run34_20211003_121618,31,aloxistatin,own,1.3,False,0.7049128825192104,0.29107724455891765,0.8253451809433335,False,29.118820811990012
source_5,JUMPCPE-20211007-Run35_20211007_235529,32,AMG900,own,1.31,False,0.9437259839983502,0.02398601387049262,0.9793838676746762,True,373.3981226861096
source_5,JUMPCPE-20211007-Run35_20211007_235529,32,dexamethasone,own,1.31,False,0.9101906764852812,0.2253170255048001,0.9540295367240507,True,59.15532136921037
source_5,JUMPCPE-20211007-Run35_20211007_235529,32,FK-866,own,1.31,False,0.8674724424693216,0.24191712835768084,0.9607687122393495,True,132.6521733437533
source_5,JUMPCPE-20211007-Run35_20211007_235529,32,LY2109761,own,1.31,False,0.8950477542519084,0.3422233853092796,0.9611606768153368,True,172.64900173612935
source_5,JUMPCPE-20211007-Run35_20211007_235529,32,NVS-PAK1-1,own,1.31,False,0.8114203013291532,0.20447018470604944,0.9665956284848243,True,179.58798596980174
source_5,JUMPCPE-20211007-Run35_20211007_235529,32,quinidine,own,1.31,False,0.7847903801441015,0.33777987736719794,0.7595613484918929,True,27.553386644779053
source_5,JUMPCPE-20211007-Run35_20211007_235529,32,TC-S-7004,own,1.31,False,0.36019667802594524,0.32449583332269827,0.45119276499336336,False,30.097096342022976
source_5,JUMPCPE-20211007-Run35_20211007_235529,32,aloxistatin,own,1.31,False,0.6978056356649329,0.26165863565937597,0.8508476385970797,True,34.196652661171655
source_5,JUMPCPE-20211014-Run36_20211014_223431,33,AMG900,own,1.29,False,0.9480555600002595,0.006960835036114559,0.9801547839798322,True,381.5947991846534
source_5,JUMPCPE-20211014-Run36_20211014_223431,33,dexamethasone,own,1.29,False,0.9204911280708503,0.22920670528800308,0.9590916174514742,True,58.56718322550335
source_5,JUMPCPE-20211014-Run36_20211014_223431,33,FK-866,own,1.29,False,0.8643857611315301,0.2297259914115393,0.962130703220349,True,132.08106243732945
source_5,JUMPCPE-20211014-Run36_20211014_223431,33,LY2109761,own,1.29,False,0.926202920403699,0.32788940399600935,0.9761173741256448,True,179.3578971426899
source_5,JUMPCPE-20211014-Run36_20211014_223431,33,NVS-PAK1-1,own,1.29,False,0.8174620814179273,0.22489135205795668,0.9684526083441033,True,174.05002332714406
source_5,JUMPCPE-20211014-Run36_20211014_223431,33,quinidine,own,1.29,False,0.754171819017982,0.36152316718307415,0.7844284433880302,True,31.352304329296818
source_5,JUMPCPE-20211014-Run36_20211014_223431,33,TC-S-7004,own,1.29,False,0.334399463175324,0.30878899538898613,0.3520190513989999,False,36.41612667566443
source_5,JUMPCPE-20211014-Run36_20211014_223431,33,aloxistatin,own,1.29,False,0.7264046798411736,0.28699212278420533,0.7808476660243943,True,36.546555727686126
source_5,JUMPCPE-20210623-Run01_20210624_003152,1,AMG900,scaled,0.13,False,0.8547308891991099,0.038754311843484324,,True,76.01841129917855
source_5,JUMPCPE-20210623-Run01_20210624_003152,1,dexamethasone,scaled,0.13,False,0.8693353937455132,0.2264069062338264,,True,10.609375336203314
source_5,JUMPCPE-20210623-Run01_20210624_003152,1,FK-866,scaled,0.13,False,0.7833101058703891,0.17945965909489064,,True,29.152967028331076
source_5,JUMPCPE-20210623-Run01_20210624_003152,1,LY2109761,scaled,0.13,False,0.8650052063617999,0.2542563692726699,,True,33.062975268148165
source_5,JUMPCPE-20210623-Run01_20210624_003152,1,NVS-PAK1-1,scaled,0.13,False,0.6143377156880402,0.16717920271947276,,True,33.6114800103716
source_5,JUMPCPE-20210623-Run01_20210624_003152,1,quinidine,scaled,0.13,False,0.458633056664178,0.15256431149199123,,True,3.857502742925518
source_5,JUMPCPE-20210623-Run01_20210624_003152,1,TC-S-7004,scaled,0.13,False,0.6364403761686435,0.14759960349460657,,True,35.0278814069598
source_5,JUMPCPE-20210623-Run01_20210624_003152,1,aloxistatin,scaled,0.13,False,0.4279457464825597,0.14734474297347827,,True,3.3301191218041066
source_5,JUMPCPE-20210623-Run02_20210624_225846,2,AMG900,scaled,1.04,False,0.8699736331260856,0.06235020005290959,0.9788469143226276,True,62.14804749330882
source_5,JUMPCPE-20210623-Run02_20210624_225846,2,dexamethasone,scaled,1.04,False,0.8284715153705803,0.25170339512234524,0.889188316728174,True,10.750623634289811
source_5,JUMPCPE-20210623-Run02_20210624_225846,2,FK-866,scaled,1.04,False,0.7642893625309293,0.21259650849559203,0.9392421838381444,True,25.64586370116747
source_5,JUMPCPE-20210623-Run02_20210624_225846,2,LY2109761,scaled,1.04,False,0.8543182334368438,0.2639497037247163,0.9508081604361704,True,30.579927735698956
source_5,JUMPCPE-20210623-Run02_20210624_225846,2,NVS-PAK1-1,scaled,1.04,False,0.6654674983845343,0.16695102695102332,0.9526304375744463,True,29.02856084596103
source_5,JUMPCPE-20210623-Run02_20210624_225846,2,quinidine,scaled,1.04,False,0.39908595242758893,0.1944028277290415,0.41450921199536117,True,4.361400875339939
source_5,JUMPCPE-20210623-Run02_20210624_225846,2,TC-S-7004,scaled,1.04,False,0.6779374136621583,0.15829100414122385,0.9513945552905896,True,30.04389705257691
source_5,JUMPCPE-20210623-Run02_20210624_225846,2,aloxistatin,scaled,1.04,False,0.36849857436370226,0.18306394677492202,0.48821378029682394,True,5.094620860393698
source_5,JUMPCPE-20210628-Run02_20210628_170203,3,AMG900,scaled,0.74,False,0.8702786301509512,0.05565611194272636,0.9837921686521235,True,65.72896766689314
source_5,JUMPCPE-20210628-Run02_20210628_170203,3,dexamethasone,scaled,0.74,False,0.8608250443537205,0.22510068520978713,0.9170722067624772,True,10.652300333376804
source_5,JUMPCPE-20210628-Run02_20210628_170203,3,FK-866,scaled,0.74,False,0.8038520227886098,0.21533143893735293,0.9528336287386572,True,26.32111633461046
source_5,JUMPCPE-20210628-Run02_20210628_170203,3,LY2109761,scaled,0.74,False,0.8453615873961462,0.2658318939550933,0.9574189722242985,True,31.682047763165937
source_5,JUMPCPE-20210628-Run02_20210628_170203,3,NVS-PAK1-1,scaled,0.74,False,0.6737569392678358,0.16359950748705324,0.9715827539848322,True,32.027252383905626
source_5,JUMPCPE-20210628-Run02_20210628_170203,3,quinidine,scaled,0.74,False,0.5248932697906816,0.23882683160212065,0.4788808556062267,True,4.75101105339451
source_5,JUMPCPE-20210628-Run02_20210628_170203,3,TC-S-7004,scaled,0.74,False,0.630838432298707,0.1362408588204784,0.9610293678776207,True,27.674833435392138
source_5,JUMPCPE-20210628-Run02_20210628_170203,3,aloxistatin,scaled,0.74,False,0.431165671050613,0.17724047723834183,0.5927656350586298,False,5.72577731111704
source_5,JUMPCPE-20210628-Run03_20210629_064133,4,AMG900,scaled,1.13,False,0.8952397026488765,0.0784953415037366,0.9762780008137637,True,69.70448981329046
source_5,JUMPCPE-20210628-Run03_20210629_064133,4,dexamethasone,scaled,1.13,False,0.8864490978206891,0.21852308342301083,0.9614680134005236,True,10.904474932315496
source_5,JUMPCPE-20210628-Run03_20210629_064133,4,FK-866,scaled,1.13,False,0.8149910115518748,0.22896261951046187,0.9456188457108129,True,33.708211840126886
source_5,JUMPCPE-20210628-Run03_20210629_064133,4,LY2109761,scaled,1.13,False,0.8846905984900434,0.27622565577137076,0.9413731240015548,True,36.252028907655486
source_5,JUMPCPE-20210628-Run03_20210629_064133,4,NVS-PAK1-1,scaled,1.13,False,0.7522553950451851,0.20376152305062376,0.9381927005363732,True,33.24351631482539
source_5,JUMPCPE-20210628-Run03_20210629_064133,4,quinidine,scaled,1.13,False,0.6560740120892912,0.28088887518773664,0.4768687055086737,True,3.7779487598704646
source_5,JUMPCPE-20210628-Run03_20210629_064133,4,TC-S-7004,scaled,1.13,False,0.6913504943337926,0.2005555156547822,0.9430704734713888,True,35.65369988851779
source_5,JUMPCPE-20210628-Run03_20210629_064133,4,aloxistatin,scaled,1.13,False,0.44719488674706376,0.16189330813653013,0.5744574041922459,True,4.179948532748087
source_5,JUMPCPE-20210702-Run04_20210703_060202,5,AMG900,scaled,1.29,False,0.8859909825457251,0.06472703773756518,0.9745323473506073,True,62.08440758837851
source_5,JUMPCPE-20210702-Run04_20210703_060202,5,dexamethasone,scaled,1.29,False,0.9034712384179175,0.24103911486536164,0.9237264198851256,True,9.285208971692017
source_5,JUMPCPE-20210702-Run04_20210703_060202,5,FK-866,scaled,1.29,False,0.7781925129614058,0.1944988865558541,0.951098195857166,True,27.717090700517048
source_5,JUMPCPE-20210702-Run04_20210703_060202,5,LY2109761,scaled,1.29,False,0.871810057116015,0.25677292758755493,0.9285689477286525,True,30.75839813075024
source_5,JUMPCPE-20210702-Run04_20210703_060202,5,NVS-PAK1-1,scaled,1.29,False,0.7339956602453859,0.1877195201658222,0.9369425624816483,True,29.396601434834796
source_5,JUMPCPE-20210702-Run04_20210703_060202,5,quinidine,scaled,1.29,False,0.5779551024184474,0.1427598707463879,0.4838660528884867,True,2.89130046428462
source_5,JUMPCPE-20210702-Run04_20210703_060202,5,TC-S-7004,scaled,1.29,False,0.6888495976969099,0.17428653356154447,0.9349963931771215,True,25.209455530333084
source_5,JUMPCPE-20210702-Run04_20210703_060202,5,aloxistatin,scaled,1.29,False,0.3852275314958016,0.06984434217888554,0.5016480442207163,True,2.914252211703934
source_5,JUMPCPE-20210704-Run05_20210705_025956,6,AMG900,scaled,1.06,False,0.892963977853003,0.09221329345234415,0.9698947169288537,True,67.08399340346075
source_5,JUMPCPE-20210704-Run05_20210705_025956,6,dexamethasone,scaled,1.06,False,0.8853268264002718,0.18110648161264192,0.9483780247201672,True,9.835119380292374
source_5,JUMPCPE-20210704-Run05_20210705_025956,6,FK-866,scaled,1.06,False,0.8076957316661622,0.19870391910587593,0.9438831451040919,True,32.384293800980295
source_5,JUMPCPE-20210704-Run05_20210705_025956,6,LY2109761,scaled,1.06,False,0.890345537023535,0.2648475227637213,0.9587589800192431,True,32.48417266687764
source_5,JUMPCPE-20210704-Run05_20210705_025956,6,NVS-PAK1-1,scaled,1.06,False,0.749221660476319,0.2091974375826167,0.917314387982793,True,23.661943614809704
source_5,JUMPCPE-20210704-Run05_20210705_025956,6,quinidine,scaled,1.06,False,0.5974101687325347,0.17000400674692276,0.6321227546186405,True,3.6718351111360654
source_5,JUMPCPE-20210704-Run05_20210705_025956,6,TC-S-7004,scaled,1.06,False,0.647101829442226,0.20671801717460797,0.9642436821376732,True,29.523157110142463
source_5,JUMPCPE-20210704-Run05_20210705_025956,6,aloxistatin,scaled,1.06,False,0.37074845531612044,0.10885658422659862,0.5251339081593027,True,3.3358924289202236
source_5,JUMPCPE-20210706-Run06_20210706_235916,7,AMG900,scaled,0.86,False,0.8908717084379735,0.06337771376323188,0.9785515586915604,True,71.35875329088657
source_5,JUMPCPE-20210706-Run06_20210706_235916,7,dexamethasone,scaled,0.86,False,0.8448731883283955,0.16676507481362493,0.9150970700816405,True,10.843006364594258
source_5,JUMPCPE-20210706-Run06_20210706_235916,7,FK-866,scaled,0.86,False,0.8128321010139644,0.1943190052269388,0.9652918344857301,True,31.694268222538394
source_5,JUMPCPE-20210706-Run06_20210706_235916,7,LY2109761,scaled,0.86,False,0.8769625308673961,0.2419780960192807,0.9750316576191478,True,30.900881622953264
source_5,JUMPCPE-20210706-Run06_20210706_235916,7,NVS-PAK1-1,scaled,0.86,False,0.723744438413715,0.1893986925876127,0.9565395570068553,True,30.95315910226055
source_5,JUMPCPE-20210706-Run06_20210706_235916,7,quinidine,scaled,0.86,False,0.6254858966482542,0.21023498514744807,0.4761560267195779,True,5.030125561489669
source_5,JUMPCPE-20210706-Run06_20210706_235916,7,TC-S-7004,scaled,0.86,False,0.648365304327976,0.16783077526472584,0.9726821811949594,True,28.23092990972194
source_5,JUMPCPE-20210706-Run06_20210706_235916,7,aloxistatin,scaled,0.86,False,0.3770940560982346,0.13973299509235912,0.42499305524932374,True,4.231464054508655
source_5,JUMPCPE-20210709-Run07_20210709_230159,8,AMG900,scaled,0.94,False,0.8820169661185794,0.06020076708295112,0.9754923538863733,True,65.38223774018752
source_5,JUMPCPE-20210709-Run07_20210709_230159,8,dexamethasone,scaled,0.94,False,0.860423949560195,0.2265361282202091,0.9294181677360984,True,9.835122991008614
source_5,JUMPCPE-20210709-Run07_20210709_230159,8,FK-866,scaled,0.94,False,0.8295225402584534,0.1875298836884099,0.9567485559683104,True,26.683233202426536
source_5,JUMPCPE-20210709-Run07_20210709_230159,8,LY2109761,scaled,0.94,False,0.8785455907777673,0.2462790580525973,0.9663807415954407,True,29.062117812372616
source_5,JUMPCPE-20210709-Run07_20210709_230159,8,NVS-PAK1-1,scaled,0.94,False,0.719865169911744,0.18305757406663054,0.9419051045499246,True,27.061023435171073
source_5,JUMPCPE-20210709-Run07_20210709_230159,8,quinidine,scaled,0.94,False,0.5121320068296615,0.18393173565136528,0.3570865771151006,True,4.691797805995654
source_5,JUMPCPE-20210709-Run07_20210709_230159,8,TC-S-7004,scaled,0.94,False,0.6082022095882188,0.141275180420497,0.9502352761853201,True,21.357047966131876
source_5,JUMPCPE-20210709-Run07_20210709_230159,8,aloxistatin,scaled,0.94,False,0.3698047664186141,0.14073024102596302,0.5317915919213437,False,5.09530451613313
source_5,JUMPCPE-20210709-Run08_20210711_195507,9,AMG900,scaled,0.58,False,0.8776234080156164,0.05557889998339254,0.983182983418176,True,72.97790592787973
source_5,JUMPCPE-20210709-Run08_20210711_195507,9,dexamethasone,scaled,0.58,False,0.8214685124028351,0.22281225001780222,0.9080649454917309,True,10.075527071258172
source_5,JUMPCPE-20210709-Run08_20210711_195507,9,FK-866,scaled,0.58,False,0.802204413886162,0.19878458201673796,0.9644689272083163,True,31.353459201542687
source_5,JUMPCPE-20210709-Run08_20210711_195507,9,LY2109761,scaled,0.58,False,0.8517308403747516,0.24769216674959,0.9883472935936282,True,30.81418495010876
source_5,JUMPCPE-20210709-Run08_20210711_195507,9,NVS-PAK1-1,scaled,0.58,False,0.6523705479541276,0.16648638394458073,0.9696445742464397,True,33.06846413007192
source_5,JUMPCPE-20210709-Run08_20210711_195507,9,quinidine,scaled,0.58,False,0.4172072054340711,0.16052456448663519,0.40654255878182355,True,4.455533413179629
source_5,JUMPCPE-20210709-Run08_20210711_195507,9,TC-S-7004,scaled,0.58,False,0.5105552116640488,0.13336422479633242,0.9518331710563204,True,23.114401945945218
source_5,JUMPCPE-20210709-Run08_20210711_195507,9,aloxistatin,scaled,0.58,False,0.46851193540953817,0.1861940946390385,0.5529231206840285,True,5.107260438518175
source_5,JUMPCPE-20210712-Run09_20210713_003159,10,AMG900,scaled,0.88,False,0.8865303287712175,0.05977244669057345,0.9770158839278673,True,66.01700170062347
source_5,JUMPCPE-20210712-Run09_20210713_003159,10,dexamethasone,scaled,0.88,False,0.8660690372733051,0.2385910325878493,0.9087072991963338,True,10.542408984188127
source_5,JUMPCPE-20210712-Run09_20210713_003159,10,FK-866,scaled,0.88,False,0.8146401383119256,0.22676966407251833,0.965693061892668,True,28.119966191102172
source_5,JUMPCPE-20210712-Run09_20210713_003159,10,LY2109761,scaled,0.88,False,0.8726539535466866,0.2734103163688895,0.9702230627838013,True,29.957377187526276
source_5,JUMPCPE-20210712-Run09_20210713_003159,10,NVS-PAK1-1,scaled,0.88,False,0.7223387062439451,0.19336738407968318,0.9537348453436342,True,30.8321910896397
source_5,JUMPCPE-20210712-Run09_20210713_003159,10,quinidine,scaled,0.88,False,0.5400623714558133,0.2689780749273158,0.4138492063990097,True,4.341073565048897
source_5,JUMPCPE-20210712-Run09_20210713_003159,10,TC-S-7004,scaled,0.88,False,0.6132718015433387,0.15840483659511,0.947231550953566,True,20.193531988013007
source_5,JUMPCPE-20210712-Run09_20210713_003159,10,aloxistatin,scaled,0.88,False,0.4696798077714266,0.19508605712995836,0.4863147801128444,True,5.176687562422918
source_5,JUMPCPE-20210715-Run10_20210715_223420,11,AMG900,scaled,0.77,False,0.8913337269872141,0.05102000505211609,0.9796381023428568,True,69.40139832867439
source_5,JUMPCPE-20210715-Run10_20210715_223420,11,dexamethasone,scaled,0.77,False,0.8875762957318432,0.21008353670405047,0.9518806425669784,True,10.113106008636684
source_5,JUMPCPE-20210715-Run10_20210715_223420,11,FK-866,scaled,0.77,False,0.8170874018824092,0.16431219187946583,0.9406633261003058,True,28.352748666709328
source_5,JUMPCPE-20210715-Run10_20210715_223420,11,LY2109761,scaled,0.77,False,0.8722255404265279,0.2588280344166202,0.9780534580161506,True,29.30662039525792
source_5,JUMPCPE-20210715-Run10_20210715_223420,11,NVS-PAK1-1,scaled,0.77,False,0.7201465434006825,0.17527249614334015,0.9473737258981271,True,28.677369727428186
source_5,JUMPCPE-20210715-Run10_20210715_223420,11,quinidine,scaled,0.77,False,0.6155747743089521,0.297143098336372,0.5967460053557402,True,3.8115420766636725
source_5,JUMPCPE-20210715-Run10_20210715_223420,11,TC-S-7004,scaled,0.77,False,0.5230281687789656,0.10855182981070614,0.8775503275226122,True,14.756744222085674
source_5,JUMPCPE-20210715-Run10_20210715_223420,11,aloxistatin,scaled,0.77,False,0.4688467616266624,0.20289631515805004,0.533510638578282,True,4.432735517394965
source_5,JUMPCPE-20210716-Run11_20210717_192647,12,AMG900,scaled,1.07,False,0.8844578992108086,0.07718953022089972,0.9753303318019552,True,70.56045804717466
source_5,JUMPCPE-20210716-Run11_20210717_192647,12,dexamethasone,scaled,1.07,False,0.8932861245913084,0.16909542855419638,0.9436073566273998,True,10.34904203571892
source_5,JUMPCPE-20210716-Run11_20210717_192647,12,FK-866,scaled,1.07,False,0.7976571107630985,0.17932706777651117,0.9389177713004901,True,33.56486162659968
source_5,JUMPCPE-20210716-Run11_20210717_192647,12,LY2109761,scaled,1.07,False,0.8832623259713284,0.24348287382676073,0.9734292153628616,True,32.690831046827114
source_5,JUMPCPE-20210716-Run11_20210717_192647,12,NVS-PAK1-1,scaled,1.07,False,0.7200419143219083,0.2089382425499033,0.9250469745479479,True,29.628841274404127
source_5,JUMPCPE-20210716-Run11_20210717_192647,12,quinidine,scaled,1.07,False,0.6108693150057791,0.17521852418692369,0.5410773994586762,True,4.186557761607531
source_5,JUMPCPE-20210716-Run11_20210717_192647,12,TC-S-7004,scaled,1.07,False,0.5715655258515023,0.1679747782836327,0.9575251095809076,True,23.99198668097613
source_5,JUMPCPE-20210716-Run11_20210717_192647,12,aloxistatin,scaled,1.07,False,0.43671765176155175,0.08593176957142455,0.5486939571512472,True,2.7773765248551485
source_5,JUMPCPE-20210716-Run12_20210719_162047,13,AMG900,scaled,0.94,False,0.8769768741944322,0.07039698742326862,0.9749206078355431,True,69.91441655373573
source_5,JUMPCPE-20210716-Run12_20210719_162047,13,dexamethasone,scaled,0.94,False,0.8721647271535791,0.1557532434251556,0.9195649116468343,True,10.504268429918566
source_5,JUMPCPE-20210716-Run12_20210719_162047,13,FK-866,scaled,0.94,False,0.7838069369447965,0.20383835022589997,0.9424498318539422,True,34.07229260863982
source_5,JUMPCPE-20210716-Run12_20210719_162047,13,LY2109761,scaled,0.94,False,0.8579756253149017,0.26518186815550066,0.9833862554277324,True,33.73661352649769
source_5,JUMPCPE-20210716-Run12_20210719_162047,13,NVS-PAK1-1,scaled,0.94,False,0.6969574853344251,0.2109582080964265,0.9579177297173606,True,32.11347559930202
source_5,JUMPCPE-20210716-Run12_20210719_162047,13,quinidine,scaled,0.94,False,0.5564288522640085,0.16958697380869614,0.5631241172066844,True,4.4079520244050805
source_5,JUMPCPE-20210716-Run12_20210719_162047,13,TC-S-7004,scaled,0.94,False,0.5176023243659127,0.13992413666425035,0.9293840668134297,True,19.8471742649377
source_5,JUMPCPE-20210716-Run12_20210719_162047,13,aloxistatin,scaled,0.94,False,0.4373589228105296,0.11308683126402949,0.7052522067215138,True,4.0947229084531465
source_5,JUMPCPE-20210719-Run13_20210721_131445,14,AMG900,scaled,1.15,False,0.8884465696770228,0.07400502122794284,0.9797317042998681,True,72.3536822676964
source_5,JUMPCPE-20210719-Run13_20210721_131445,14,dexamethasone,scaled,1.15,False,0.8678120328978622,0.19930093555123454,0.9290725397837445,True,10.552511970756191
source_5,JUMPCPE-20210719-Run13_20210721_131445,14,FK-866,scaled,1.15,False,0.819472295868624,0.17968917408478305,0.9557547194056484,True,29.836194766322237
source_5,JUMPCPE-20210719-Run13_20210721_131445,14,LY2109761,scaled,1.15,False,0.871380053831246,0.254109657257717,0.9759882349276725,True,33.33383487478599
source_5,JUMPCPE-20210719-Run13_20210721_131445,14,NVS-PAK1-1,scaled,1.15,False,0.7330386476156124,0.2025388785132153,0.9372124534835484,True,30.2733894630073
source_5,JUMPCPE-20210719-Run13_20210721_131445,14,quinidine,scaled,1.15,False,0.6638920127741827,0.24659842966594084,0.49147689993264104,True,3.9753502714422266
source_5,JUMPCPE-20210719-Run13_20210721_131445,14,TC-S-7004,scaled,1.15,False,0.5626892949190456,0.11145356759953644,0.9164154583608958,True,15.726963612887943
source_5,JUMPCPE-20210719-Run13_20210721_131445,14,aloxistatin,scaled,1.15,False,0.44826651941050055,0.18428738943284537,0.5701307177528818,True,3.3035485400678644
source_5,JUMPCPE-20210730-Run14_20210731_000211,15,AMG900,scaled,0.9,False,0.8813551358470695,0.08084768595735141,0.9751911907550708,True,67.99095250711723
source_5,JUMPCPE-20210730-Run14_20210731_000211,15,dexamethasone,scaled,0.9,False,0.8852263814849097,0.2247847383208493,0.9432309460309266,True,10.07087775928215
source_5,JUMPCPE-20210730-Run14_20210731_000211,15,FK-866,scaled,0.9,False,0.793119183344234,0.19501308173160092,0.9429227793997703,True,30.41151699405729
source_5,JUMPCPE-20210730-Run14_20210731_000211,15,LY2109761,scaled,0.9,False,0.8565863254125331,0.24005561812758433,0.9771622878878606,True,31.45300062066771
source_5,JUMPCPE-20210730-Run14_20210731_000211,15,NVS-PAK1-1,scaled,0.9,False,0.6907361917807802,0.2089938662706004,0.9475338517684606,True,30.160258597302406
source_5,JUMPCPE-20210730-Run14_20210731_000211,15,quinidine,scaled,0.9,False,0.6618631245660838,0.2499290147527833,0.6225208599346972,True,4.482942095845584
source_5,JUMPCPE-20210730-Run14_20210731_000211,15,TC-S-7004,scaled,0.9,False,0.5933761905615837,0.16406864929842574,0.9589365462178512,True,24.364546796765215
source_5,JUMPCPE-20210730-Run14_20210731_000211,15,aloxistatin,scaled,0.9,False,0.5002325114179904,0.2011578256251898,0.5288336600052835,True,3.4157775978988676
source_5,JUMPCPE-20210730-Run15_20210801_205335,16,AMG900,scaled,1.36,False,0.8808329015761069,0.09835012332057814,0.9651449772360963,True,64.76777523924245
source_5,JUMPCPE-20210730-Run15_20210801_205335,16,dexamethasone,scaled,1.36,False,0.8925060094567999,0.22445215752518496,0.9343999994959837,True,10.700572715605192
source_5,JUMPCPE-20210730-Run15_20210801_205335,16,FK-866,scaled,1.36,False,0.7607393996851805,0.2636968384132085,0.9128904667421565,True,30.876505256158893
source_5,JUMPCPE-20210730-Run15_20210801_205335,16,LY2109761,scaled,1.36,False,0.8423582740009259,0.26600440993781577,0.9349386337895795,True,33.58665832265316
source_5,JUMPCPE-20210730-Run15_20210801_205335,16,NVS-PAK1-1,scaled,1.36,False,0.7277423788547466,0.22597512865769911,0.9177602467154697,True,32.73434354357939
source_5,JUMPCPE-20210730-Run15_20210801_205335,16,quinidine,scaled,1.36,False,0.5927759274356434,0.29427150644740674,0.5340380498262043,True,5.177677498482359
source_5,JUMPCPE-20210730-Run15_20210801_205335,16,TC-S-7004,scaled,1.36,False,0.6588827926421906,0.1797169392871897,0.9254588790049982,True,23.332639126213547
source_5,JUMPCPE-20210730-Run15_20210801_205335,16,aloxistatin,scaled,1.36,False,0.4179386713111228,0.17887748304112452,0.5314276519634507,False,5.502398161410787
source_5,JUMPCPE-20210730-Run16_20210803_174908,17,AMG900,scaled,1.21,False,0.8787149816683373,0.07179181399525206,0.9765702978918065,True,68.28397297649998
source_5,JUMPCPE-20210730-Run16_20210803_174908,17,dexamethasone,scaled,1.21,False,0.863961675912869,0.1856196803361925,0.9253458118566973,True,9.779798010913586
source_5,JUMPCPE-20210730-Run16_20210803_174908,17,FK-866,scaled,1.21,False,0.7960424573973374,0.17345913687103207,0.913245939687682,True,28.247779499607528
source_5,JUMPCPE-20210730-Run16_20210803_174908,17,LY2109761,scaled,1.21,False,0.8422530981500312,0.23376032310215233,0.9744197486385189,True,30.217447129593197
source_5,JUMPCPE-20210730-Run16_20210803_174908,17,NVS-PAK1-1,scaled,1.21,False,0.6814210492795872,0.18500055947684582,0.9503675496542273,True,29.625345677193337
source_5,JUMPCPE-20210730-Run16_20210803_174908,17,quinidine,scaled,1.21,False,0.5804650465994625,0.24947246109302137,0.5476493646275857,True,3.678645391451768
source_5,JUMPCPE-20210730-Run16_20210803_174908,17,TC-S-7004,scaled,1.21,False,0.5701891035885593,0.12088802507256,0.9486380134709322,True,19.14107703995584
source_5,JUMPCPE-20210730-Run16_20210803_174908,17,aloxistatin,scaled,1.21,False,0.4707258843011819,0.16677532826558714,0.5418516616222997,True,3.4677886376465366
source_5,JUMPCPE-20210806-Run17_20210807_000211,18,AMG900,scaled,1.56,False,0.8764326313233037,0.09776508053363916,0.9487371581065395,True,64.0662886978367
source_5,JUMPCPE-20210806-Run17_20210807_000211,18,dexamethasone,scaled,1.56,False,0.8545477478308787,0.13085769094867813,0.900030021988782,True,10.211998244868733
source_5,JUMPCPE-20210806-Run17_20210807_000211,18,FK-866,scaled,1.56,False,0.7536551584776939,0.19769733168408016,0.9103469982629514,True,33.565692409154714
source_5,JUMPCPE-20210806-Run17_20210807_000211,18,LY2109761,scaled,1.56,False,0.8602387640703881,0.22619270322523607,0.9402720302570552,True,33.40556097171664
source_5,JUMPCPE-20210806-Run17_20210807_000211,18,NVS-PAK1-1,scaled,1.56,False,0.7209342090703257,0.20741208519355184,0.8817421527009084,True,28.184624720586537
source_5,JUMPCPE-20210806-Run17_20210807_000211,18,quinidine,scaled,1.56,False,0.6706226709514387,0.17701279039821977,0.5052740228022314,True,4.192207128254452
source_5,JUMPCPE-20210806-Run17_20210807_000211,18,TC-S-7004,scaled,1.56,False,0.5311345566045468,0.17732607530112254,0.8805637097351002,True,16.604592576240087
source_5,JUMPCPE-20210806-Run17_20210807_000211,18,aloxistatin,scaled,1.56,False,0.5446682479082937,0.04160022350596902,0.42249949247208407,True,3.115445644824938
source_5,JUMPCPE-20210806-Run18_20210808_210526,19,AMG900,scaled,1.49,False,0.8807974047447793,0.07792831478148918,0.9699921440490187,True,60.740602896640816
source_5,JUMPCPE-20210806-Run18_20210808_210526,19,dexamethasone,scaled,1.49,False,0.823345127294481,0.22102020441778775,0.8919991481747274,True,10.157330283430719
source_5,JUMPCPE-20210806-Run18_20210808_210526,19,FK-866,scaled,1.49,False,0.755997457550861,0.2569404940359104,0.9189212520946607,True,29.754697017528958
source_5,JUMPCPE-20210806-Run18_20210808_210526,19,LY2109761,scaled,1.49,False,0.8076490465192795,0.2481477045947102,0.9120617259443589,True,29.75053090161278
source_5,JUMPCPE-20210806-Run18_20210808_210526,19,NVS-PAK1-1,scaled,1.49,False,0.7038061354718679,0.17554341672831295,0.9403763788175342,True,28.62864180209688
source_5,JUMPCPE-20210806-Run18_20210808_210526,19,quinidine,scaled,1.49,False,0.49220540010554753,0.22011058124325875,0.45733001913842064,True,5.171724595448606
source_5,JUMPCPE-20210806-Run18_20210808_210526,19,TC-S-7004,scaled,1.49,False,0.6044909484452189,0.1315923801860493,0.8795759012082882,True,14.08610569098689
source_5,JUMPCPE-20210806-Run18_20210808_210526,19,aloxistatin,scaled,1.49,False,0.4335648487992274,0.05734526564843443,0.4275648699716921,True,3.9538910949782
source_5,JUMPCPE-20210811-Run18_20210811_182136,20,AMG900,scaled,1.37,False,0.8615603035489479,0.07148324015742029,0.9661859041691592,True,62.27952850505102
source_5,JUMPCPE-20210811-Run18_20210811_182136,20,dexamethasone,scaled,1.37,False,0.7670801124794104,0.10702001411541803,0.8622539634830381,True,10.571847765790224
source_5,JUMPCPE-20210811-Run18_20210811_182136,20,FK-866,scaled,1.37,False,0.755773675886867,0.23141314306469932,0.92153493409412,True,28.67118800420527
source_5,JUMPCPE-20210811-Run18_20210811_182136,20,LY2109761,scaled,1.37,False,0.795848029237741,0.22852942020506362,0.9241776639728232,True,28.463278481869242
source_5,JUMPCPE-20210811-Run18_20210811_182136,20,NVS-PAK1-1,scaled,1.37,False,0.706576015127327,0.16854819177799546,0.9218458323415533,True,27.279508601632735
source_5,JUMPCPE-20210811-Run18_20210811_182136,20,quinidine,scaled,1.37,False,0.46594999251119196,0.13088247676888737,0.46009528647508596,True,4.719200128834012
source_5,JUMPCPE-20210811-Run18_20210811_182136,20,TC-S-7004,scaled,1.37,False,0.4844881109678238,0.11848892332950516,0.7422770716315097,True,10.026496763575183
source_5,JUMPCPE-20210811-Run18_20210811_182136,20,aloxistatin,scaled,1.37,False,0.3121735758239452,0.013920470068614686,0.397711904350719,True,4.981007122654732
source_5,JUMPCPE-20210812-Run20_20210815_062625,21,AMG900,scaled,1.15,False,0.8896409596396309,0.08151517974687517,0.9755070586998491,True,66.38342314208954
source_5,JUMPCPE-20210812-Run20_20210815_062625,21,dexamethasone,scaled,1.15,False,0.8522054534712626,0.20353035359348953,0.9121100464859629,True,10.469425192582559
source_5,JUMPCPE-20210812-Run20_20210815_062625,21,FK-866,scaled,1.15,False,0.798924684965857,0.20734944432983246,0.9255390244884109,True,30.263305462068278
source_5,JUMPCPE-20210812-Run20_20210815_062625,21,LY2109761,scaled,1.15,False,0.8438979254030994,0.24337457342546417,0.9669136166984854,True,28.902487944590558
source_5,JUMPCPE-20210812-Run20_20210815_062625,21,NVS-PAK1-1,scaled,1.15,False,0.6720480001597251,0.19666756112229208,0.9167561468457637,True,26.577144652534393
source_5,JUMPCPE-20210812-Run20_20210815_062625,21,quinidine,scaled,1.15,False,0.5938981436080473,0.2664668828789047,0.5810324488281949,True,3.9810979206640194
source_5,JUMPCPE-20210812-Run20_20210815_062625,21,TC-S-7004,scaled,1.15,False,0.3969516049037837,0.1662136202790705,0.5697058851783948,True,8.172724490671749
source_5,JUMPCPE-20210812-Run20_20210815_062625,21,aloxistatin,scaled,1.15,False,0.5378494431628187,0.19480509845461474,0.5823900624172934,True,4.614567969522508
source_5,JUMPCPE-20210813-Run21_20210817_031500,22,AMG900,scaled,1.18,False,0.8745560778922294,0.07976900864501903,0.9683623257174513,True,64.47471281415416
source_5,JUMPCPE-20210813-Run21_20210817_031500,22,dexamethasone,scaled,1.18,False,0.8352886695684769,0.23584288270589474,0.9250859211432427,True,10.638403403716353
source_5,JUMPCPE-20210813-Run21_20210817_031500,22,FK-866,scaled,1.18,False,0.8142649429274265,0.23433175284086416,0.9304046998532768,True,28.42862836694873
source_5,JUMPCPE-20210813-Run21_20210817_031500,22,LY2109761,scaled,1.18,False,0.8404468386257119,0.24103936908843585,0.9654858476845202,True,30.2574786181991
source_5,JUMPCPE-20210813-Run21_20210817_031500,22,NVS-PAK1-1,scaled,1.18,False,0.728848966380861,0.1949782814584726,0.9091732574057259,True,27.629640150807514
source_5,JUMPCPE-20210813-Run21_20210817_031500,22,quinidine,scaled,1.18,False,0.5786754713617281,0.27451589654809894,0.4401222371726932,False,4.950499600260538
source_5,JUMPCPE-20210813-Run21_20210817_031500,22,TC-S-7004,scaled,1.18,False,0.37179756278081577,0.2052786424660615,0.5335940092778241,True,9.327022794752388
source_5,JUMPCPE-20210813-Run21_20210817_031500,22,aloxistatin,scaled,1.18,False,0.4487949109361569,0.19143097933031514,0.5571594782071514,False,5.651036188719829
source_5,JUMPCPE-20210820-Run22_20210821_180957,23,AMG900,scaled,0.95,False,0.871650986168145,0.08846235070067292,0.9715407884602137,True,68.88037171112921
source_5,JUMPCPE-20210820-Run22_20210821_180957,23,dexamethasone,scaled,0.95,False,0.8726935242565242,0.18863559300382296,0.9273681288866675,True,11.046924609116894
source_5,JUMPCPE-20210820-Run22_20210821_180957,23,FK-866,scaled,0.95,False,0.785617133256904,0.22149340350090924,0.9374912708396073,True,30.94185188634032
source_5,JUMPCPE-20210820-Run22_20210821_180957,23,LY2109761,scaled,0.95,False,0.8302404567381803,0.2293856653652661,0.9721444609592064,True,32.07128596506144
source_5,JUMPCPE-20210820-Run22_20210821_180957,23,NVS-PAK1-1,scaled,0.95,False,0.6422254443975989,0.21851253224746908,0.9369308574655575,True,30.740310597307236
source_5,JUMPCPE-20210820-Run22_20210821_180957,23,quinidine,scaled,0.95,False,0.639461245153752,0.2182261614529255,0.5325154054147688,True,3.8498371947957173
source_5,JUMPCPE-20210820-Run22_20210821_180957,23,TC-S-7004,scaled,0.95,False,0.3559425897199355,0.14874608945983003,0.7128709620863305,True,12.465715432092036
source_5,JUMPCPE-20210820-Run22_20210821_180957,23,aloxistatin,scaled,0.95,False,0.48221872246812103,0.11934295617626269,0.44395998168087936,True,3.108073954363067
source_5,JUMPCPE-20210820-Run23_20210823_145853,24,AMG900,scaled,1.12,False,0.8715610398221774,0.07315575264060761,0.9716140331379476,True,64.50815561067061
source_5,JUMPCPE-20210820-Run23_20210823_145853,24,dexamethasone,scaled,1.12,False,0.8166778260135403,0.23771566674359762,0.9174090419123,True,9.931797866044517
source_5,JUMPCPE-20210820-Run23_20210823_145853,24,FK-866,scaled,1.12,False,0.8302560594550987,0.22410824360888687,0.9298057743990593,True,28.471863600800397
source_5,JUMPCPE-20210820-Run23_20210823_145853,24,LY2109761,scaled,1.12,False,0.8503945117908511,0.2389449316131848,0.9717817307852276,True,29.940722385853707
source_5,JUMPCPE-20210820-Run23_20210823_145853,24,NVS-PAK1-1,scaled,1.12,False,0.7230534762983433,0.20952518506860376,0.90434561077934,True,27.560017405911896
source_5,JUMPCPE-20210820-Run23_20210823_145853,24,quinidine,scaled,1.12,False,0.5492676351296661,0.30720102848632386,0.4393756185243859,False,5.234121842132429
source_5,JUMPCPE-20210820-Run23_20210823_145853,24,TC-S-7004,scaled,1.12,False,0.396420168334101,0.1649631173575107,0.5420889379701826,True,12.532017458430392
source_5,JUMPCPE-20210820-Run23_20210823_145853,24,aloxistatin,scaled,1.12,False,0.496500933638484,0.2247623943985105,0.5658390295020166,True,5.35045610417869
source_5,JUMPCPE-20210902-Run26_20210903_010341,25,AMG900,scaled,1.25,False,0.871652900180593,0.06682234368126591,0.9625210249157545,True,63.898651744969605
source_5,JUMPCPE-20210902-Run26_20210903_010341,25,dexamethasone,scaled,1.25,False,0.8383756588087881,0.15105208859375832,0.9223745308339575,True,9.92803953512873
source_5,JUMPCPE-20210902-Run26_20210903_010341,25,FK-866,scaled,1.25,False,0.7776344036702805,0.1960793180890321,0.9651321425978683,True,30.35540689934709
source_5,JUMPCPE-20210902-Run26_20210903_010341,25,LY2109761,scaled,1.25,False,0.8435193032319044,0.22870165368227655,0.9567338700638587,True,30.809446725276892
source_5,JUMPCPE-20210902-Run26_20210903_010341,25,NVS-PAK1-1,scaled,1.25,False,0.7348334089515874,0.17351584098957043,0.9239813489340163,True,26.927601991707963
source_5,JUMPCPE-20210902-Run26_20210903_010341,25,quinidine,scaled,1.25,False,0.5872825107916846,0.22063820881525859,0.48953458129409316,True,4.825397504538497
source_5,JUMPCPE-20210902-Run26_20210903_010341,25,TC-S-7004,scaled,1.25,False,0.4695680401289283,0.14020076469504764,0.7952743306749956,True,10.482676955778294
source_5,JUMPCPE-20210902-Run26_20210903_010341,25,aloxistatin,scaled,1.25,False,0.27195006512618947,-0.016110656221378566,0.32543572103527807,True,3.154935765193388
source_5,JUMPCPE-20210903-Run27_20210904_215148,26,AMG900,scaled,1.33,False,0.8832387395025583,0.07215749792470215,0.9660503764962635,True,64.83486137341733
source_5,JUMPCPE-20210903-Run27_20210904_215148,26,dexamethasone,scaled,1.33,False,0.8217152087029158,0.10815242772765128,0.8859012586339845,True,9.986927982318782
source_5,JUMPCPE-20210903-Run27_20210904_215148,26,FK-866,scaled,1.33,False,0.8114213339632222,0.18911465046940812,0.9450316080026926,True,31.657136660621504
source_5,JUMPCPE-20210903-Run27_20210904_215148,26,LY2109761,scaled,1.33,False,0.8697141438906701,0.22309278449655018,0.9519637512264086,True,29.949192941102872
source_5,JUMPCPE-20210903-Run27_20210904_215148,26,NVS-PAK1-1,scaled,1.33,False,0.7756960257383062,0.1833575157150688,0.8747863653844901,True,25.81229006200569
source_5,JUMPCPE-20210903-Run27_20210904_215148,26,quinidine,scaled,1.33,False,0.5628119286772525,0.1697097558299218,0.5404133112111216,True,3.5281475035014855
source_5,JUMPCPE-20210903-Run27_20210904_215148,26,TC-S-7004,scaled,1.33,False,0.4610338274094835,0.13619524806439592,0.7363823490250061,True,12.238996617772873
source_5,JUMPCPE-20210903-Run27_20210904_215148,26,aloxistatin,scaled,1.33,False,0.3967260165910884,-0.02320154860182731,0.18668646568264713,True,2.869589956766616
source_5,JUMPCPE-20210908-Run28_20210909_072022,27,AMG900,scaled,0.89,False,0.8726089297525057,0.0765258487877682,0.9690292782162591,True,69.17917898026857
source_5,JUMPCPE-20210908-Run28_20210909_072022,27,dexamethasone,scaled,0.89,False,0.8640898508255543,0.1555160765692039,0.9305737795134472,True,10.392418054016318
source_5,JUMPCPE-20210908-Run28_20210909_072022,27,FK-866,scaled,0.89,False,0.7527445503688601,0.19475179449001598,0.9455688446253417,True,33.454103962359426
source_5,JUMPCPE-20210908-Run28_20210909_072022,27,LY2109761,scaled,0.89,False,0.8334338064423741,0.21416072738906408,0.963610663161241,True,30.515102370952434
source_5,JUMPCPE-20210908-Run28_20210909_072022,27,NVS-PAK1-1,scaled,0.89,False,0.6477038172917036,0.18942095576738935,0.942790970134077,True,29.72792428671786
source_5,JUMPCPE-20210908-Run28_20210909_072022,27,quinidine,scaled,0.89,False,0.6653796183817418,0.1699867612892951,0.5055382116465991,True,4.226554385460659
source_5,JUMPCPE-20210908-Run28_20210909_072022,27,TC-S-7004,scaled,0.89,False,0.3951759180773844,0.09669721653743188,0.8274859648363617,True,12.021337758381991
source_5,JUMPCPE-20210908-Run28_20210909_072022,27,aloxistatin,scaled,0.89,False,0.3944127309751878,0.05147813409313894,0.5370009467761698,True,3.40763514725786
source_5,JUMPCPE-20210909-Run29_20210910_234236,28,AMG900,scaled,1.03,False,0.8744539892263556,0.07641892400563376,0.971785803516253,True,63.89122888902184
source_5,JUMPCPE-20210909-Run29_20210910_234236,28,dexamethasone,scaled,1.03,False,0.8400977124051799,0.1308057101895157,0.8885507830545898,True,10.506633375117296
source_5,JUMPCPE-20210909-Run29_20210910_234236,28,FK-866,scaled,1.03,False,0.8138536837656396,0.21604803774667533,0.94236557003795,True,29.6624852901986
source_5,JUMPCPE-20210909-Run29_20210910_234236,28,LY2109761,scaled,1.03,False,0.8577056140750071,0.24998739462482683,0.9733544823584355,True,29.531754058563134
source_5,JUMPCPE-20210909-Run29_20210910_234236,28,NVS-PAK1-1,scaled,1.03,False,0.6902433175172831,0.18753908835907745,0.9514652753169293,True,27.39656440993625
source_5,JUMPCPE-20210909-Run29_20210910_234236,28,quinidine,scaled,1.03,False,0.7317794905774798,0.22871519594284884,0.5748016520946149,True,3.8629437404405653
source_5,JUMPCPE-20210909-Run29_20210910_234236,28,TC-S-7004,scaled,1.03,False,0.5513411281528415,0.14625340304204565,0.9482091487433036,True,16.305000766347842
source_5,JUMPCPE-20210909-Run29_20210910_234236,28,aloxistatin,scaled,1.03,False,0.2841009003750492,0.007223116868423614,0.4569440718624196,True,3.9381485826656397
source_5,JUMPCPE-20210910-Run30_20210912_203428,29,AMG900,scaled,1.58,False,0.8897474936228991,0.08394992677841041,0.9555676208067605,True,60.40892216631343
source_5,JUMPCPE-20210910-Run30_20210912_203428,29,dexamethasone,scaled,1.58,False,0.8466812295678082,0.13718720893541395,0.914106123545103,True,9.575854144029442
source_5,JUMPCPE-20210910-Run30_20210912_203428,29,FK-866,scaled,1.58,False,0.7784597563603786,0.2020495349632006,0.9038240959714554,True,31.150359342139126
source_5,JUMPCPE-20210910-Run30_20210912_203428,29,LY2109761,scaled,1.58,False,0.862921110824148,0.21718894070051675,0.9480286614327521,True,29.03409542811893
source_5,JUMPCPE-20210910-Run30_20210912_203428,29,NVS-PAK1-1,scaled,1.58,False,0.7838232430531924,0.19233676514001624,0.8563405630261205,True,24.64536501756918
source_5,JUMPCPE-20210910-Run30_20210912_203428,29,quinidine,scaled,1.58,False,0.6772531778406875,0.28470820037077105,0.5337549162031909,True,3.4997566429007527
source_5,JUMPCPE-20210910-Run30_20210912_203428,29,TC-S-7004,scaled,1.58,False,0.5183288071940582,0.11222493043882145,0.8738764335335748,True,12.810870627875904
source_5,JUMPCPE-20210910-Run30_20210912_203428,29,aloxistatin,scaled,1.58,False,0.22963843872090156,-0.007583308756402281,0.30611128011801947,True,3.1163271001459965
source_5,JUMPCPE-20211001-Run33_20211001_152017,30,AMG900,scaled,1.82,False,0.9056580669551083,0.07651479655067099,0.9422949965073921,True,60.98483596940358
source_5,JUMPCPE-20211001-Run33_20211001_152017,30,dexamethasone,scaled,1.82,False,0.8642376702957015,0.14017489761109095,0.9087256438643189,True,11.850799274896634
source_5,JUMPCPE-20211001-Run33_20211001_152017,30,FK-866,scaled,1.82,False,0.7611528867239796,0.20207727020246477,0.9025688460303857,True,33.51692160677757
source_5,JUMPCPE-20211001-Run33_20211001_152017,30,LY2109761,scaled,1.82,False,0.8363169875482209,0.2614881292380173,0.853693385748315,True,36.31485930170248
source_5,JUMPCPE-20211001-Run33_20211001_152017,30,NVS-PAK1-1,scaled,1.82,False,0.7656302806337301,0.18472806272289355,0.8698516764497154,True,28.862268873046062
source_5,JUMPCPE-20211001-Run33_20211001_152017,30,quinidine,scaled,1.82,False,0.7574401074484667,0.23847201833032114,0.5456770822683905,True,6.550126496174493
source_5,JUMPCPE-20211001-Run33_20211001_152017,30,TC-S-7004,scaled,1.82,False,0.4357988837654666,0.21812868373551456,0.6448911363874621,True,9.629317691978416
source_5,JUMPCPE-20211001-Run33_20211001_152017,30,aloxistatin,scaled,1.82,False,0.5404817603352688,0.18143740104117081,0.5007059110196074,True,5.223287390638029
source_5,JUMPCPE-20211001-Run34_20211003_121618,31,AMG900,scaled,1.3,False,0.8875070367763656,0.08297764442243331,0.9640005838994135,True,63.96351230344747
source_5,JUMPCPE-20211001-Run34_20211003_121618,31,dexamethasone,scaled,1.3,False,0.8728487716492862,0.1974728738833324,0.9240381787115095,True,10.967709281931763
source_5,JUMPCPE-20211001-Run34_20211003_121618,31,FK-866,scaled,1.3,False,0.7149680503803267,0.17995823177995757,0.8982847124872224,True,31.510289099970326
source_5,JUMPCPE-20211001-Run34_20211003_121618,31,LY2109761,scaled,1.3,False,0.8731523044346264,0.2628383985979372,0.9546579487339376,True,32.774956818339625
source_5,JUMPCPE-20211001-Run34_20211003_121618,31,NVS-PAK1-1,scaled,1.3,False,0.6760012194351196,0.18938805291289032,0.9441456187477871,True,31.5161503144372
source_5,JUMPCPE-20211001-Run34_20211003_121618,31,quinidine,scaled,1.3,False,0.7471815401288427,0.24947903415143546,0.5452904951168787,True,6.945118214139124
source_5,JUMPCPE-20211001-Run34_20211003_121618,31,TC-S-7004,scaled,1.3,False,0.3642040925139605,0.15642637811053262,0.5667164437291987,True,8.423554559751476
source_5,JUMPCPE-20211001-Run34_20211003_121618,31,aloxistatin,scaled,1.3,False,0.6304114725561545,0.1919350595889611,0.5289841129071481,True,5.0263561205629825
source_5,JUMPCPE-20211007-Run35_20211007_235529,32,AMG900,scaled,1.31,False,0.8802836869656138,0.0622504850860534,0.9630873956607324,True,64.69456091866275
source_5,JUMPCPE-20211007-Run35_20211007_235529,32,dexamethasone,scaled,1.31,False,0.838393380759417,0.19457283840831469,0.9186639698093355,True,11.142996479785568
source_5,JUMPCPE-20211007-Run35_20211007_235529,32,FK-866,scaled,1.31,False,0.751055237187874,0.17819804656295082,0.9272375842632452,True,28.37217149270451
source_5,JUMPCPE-20211007-Run35_20211007_235529,32,LY2109761,scaled,1.31,False,0.8527940458111163,0.2768696440895022,0.948221228134285,True,30.941540856102343
source_5,JUMPCPE-20211007-Run35_20211007_235529,32,NVS-PAK1-1,scaled,1.31,False,0.624371542068718,0.14942979290638775,0.9365147361933058,True,31.173301657301312
source_5,JUMPCPE-20211007-Run35_20211007_235529,32,quinidine,scaled,1.31,False,0.7477345662050212,0.21134703932441207,0.47024215943925574,True,5.671224115015092
source_5,JUMPCPE-20211007-Run35_20211007_235529,32,TC-S-7004,scaled,1.31,False,0.27685612767454437,0.2149208412441428,0.4840944664278344,False,6.517564321603601
source_5,JUMPCPE-20211007-Run35_20211007_235529,32,aloxistatin,scaled,1.31,False,0.5746492608316385,0.1761333829209716,0.6096681340542855,True,5.185869356670822
source_5,JUMPCPE-20211014-Run36_20211014_223431,33,AMG900,scaled,1.29,False,0.8884118654826614,0.055624835797225436,0.9613925633801823,True,67.25476499778284
source_5,JUMPCPE-20211014-Run36_20211014_223431,33,dexamethasone,scaled,1.29,False,0.8467613656493688,0.18755184351960638,0.9053697804452854,True,11.037064604877655
source_5,JUMPCPE-20211014-Run36_20211014_223431,33,FK-866,scaled,1.29,False,0.7471518540439677,0.1628352668586608,0.9268716299291956,True,28.882591559180014
source_5,JUMPCPE-20211014-Run36_20211014_223431,33,LY2109761,scaled,1.29,False,0.8760659643168449,0.2649371598875863,0.9534275165802343,True,32.233111332240966
source_5,JUMPCPE-20211014-Run36_20211014_223431,33,NVS-PAK1-1,scaled,1.29,False,0.6438798276441693,0.1747141064114535,0.9513552978475912,True,32.030017350949024
source_5,JUMPCPE-20211014-Run36_20211014_223431,33,quinidine,scaled,1.29,False,0.6985943932863407,0.26354024805466886,0.5838201435744201,True,6.262301201240822
source_5,JUMPCPE-20211014-Run36_20211014_223431,33,TC-S-7004,scaled,1.29,False,0.3433345562402076,0.19387149401002096,0.4465612169255363,True,7.834701337221615
source_5,JUMPCPE-20211014-Run36_20211014_223431,33,aloxistatin,scaled,1.29,False,0.5392229033878362,0.2239914140895908,0.48195989465561456,True,6.843185466791187
source_5,JUMPCPE-20210623-Run01_20210624_003152,1,AMG900,field,0.13,False,0.9499547555681315,0.04378697267591164,,True,113.87131967776352
source_5,JUMPCPE-20210623-Run01_20210624_003152,1,dexamethasone,field,0.13,False,0.8969557643540556,0.2693885200358107,,True,15.168834220073009
source_5,JUMPCPE-20210623-Run01_20210624_003152,1,FK-866,field,0.13,False,0.9132282532988283,0.2637530441954997,,True,43.499480413121056
source_5,JUMPCPE-20210623-Run01_20210624_003152,1,LY2109761,field,0.13,False,0.936133848896076,0.30232549579127993,,True,48.53610954671654
source_5,JUMPCPE-20210623-Run01_20210624_003152,1,NVS-PAK1-1,field,0.13,False,0.7967543009590348,0.2776848863101419,,True,48.451134568647454
source_5,JUMPCPE-20210623-Run01_20210624_003152,1,quinidine,field,0.13,False,0.6618314149904749,0.2891984693316152,,True,4.351205638925659
source_5,JUMPCPE-20210623-Run01_20210624_003152,1,TC-S-7004,field,0.13,False,0.8321073640214931,0.21449016501454995,,True,53.81006057164528
source_5,JUMPCPE-20210623-Run01_20210624_003152,1,aloxistatin,field,0.13,False,0.6399223741069482,0.2399250503585413,,True,4.821713941891768
source_5,JUMPCPE-20210623-Run02_20210624_225846,2,AMG900,field,1.04,False,0.9467777560953359,0.06382674621943084,0.9897313668910506,True,105.83522619659612
source_5,JUMPCPE-20210623-Run02_20210624_225846,2,dexamethasone,field,1.04,False,0.8945832015849473,0.3060353920230708,0.9251153559011549,True,17.658976532565756
source_5,JUMPCPE-20210623-Run02_20210624_225846,2,FK-866,field,1.04,False,0.8930024049472387,0.29140962001062887,0.9546153720552779,True,44.46512863910786
source_5,JUMPCPE-20210623-Run02_20210624_225846,2,LY2109761,field,1.04,False,0.933648191529806,0.3301375881224505,0.9747742035089586,True,49.560596105543176
source_5,JUMPCPE-20210623-Run02_20210624_225846,2,NVS-PAK1-1,field,1.04,False,0.8271935010482174,0.287556376981777,0.9720296714176129,True,45.922968729723614
source_5,JUMPCPE-20210623-Run02_20210624_225846,2,quinidine,field,1.04,False,0.5265492502747693,0.317174427165794,0.4975116218511746,True,5.6991877524401975
source_5,JUMPCPE-20210623-Run02_20210624_225846,2,TC-S-7004,field,1.04,False,0.8512857551958366,0.22917561172391104,0.9707893144726133,True,50.61115735628963
source_5,JUMPCPE-20210623-Run02_20210624_225846,2,aloxistatin,field,1.04,False,0.6140698664024237,0.3185309283466674,0.6150256762424604,True,7.586598229280445
source_5,JUMPCPE-20210628-Run02_20210628_170203,3,AMG900,field,0.74,False,0.9541461747294412,0.07085313332388816,0.986626156540401,True,110.47241250547286
source_5,JUMPCPE-20210628-Run02_20210628_170203,3,dexamethasone,field,0.74,False,0.9286251834652801,0.26128496902276327,0.9448934933491545,True,16.089075622363676
source_5,JUMPCPE-20210628-Run02_20210628_170203,3,FK-866,field,0.74,False,0.915527735191196,0.296236874627726,0.958728460621963,True,43.650524253096386
source_5,JUMPCPE-20210628-Run02_20210628_170203,3,LY2109761,field,0.74,False,0.9251866204606884,0.32793536580948796,0.9694283086860106,True,49.2324451287131
source_5,JUMPCPE-20210628-Run02_20210628_170203,3,NVS-PAK1-1,field,0.74,False,0.8228812922902242,0.27586549978963854,0.9777007983924065,True,50.24063197917406
source_5,JUMPCPE-20210628-Run02_20210628_170203,3,quinidine,field,0.74,False,0.7065781016741735,0.41072650195951066,0.6183793186483082,True,6.846800741875172
source_5,JUMPCPE-20210628-Run02_20210628_170203,3,TC-S-7004,field,0.74,False,0.8521324688858141,0.20864105378882525,0.97729001379433,True,46.51544213178107
source_5,JUMPCPE-20210628-Run02_20210628_170203,3,aloxistatin,field,0.74,False,0.5736584573500265,0.28935061603952233,0.6687561462515912,False,8.578408014506241
source_5,JUMPCPE-20210628-Run03_20210629_064133,4,AMG900,field,1.13,False,0.9599664641579542,0.07469808942992984,0.9892445507040789,True,109.38971881199376
source_5,JUMPCPE-20210628-Run03_20210629_064133,4,dexamethasone,field,1.13,False,0.9045518768164797,0.23749071958481663,0.9532294251491559,True,15.139161747280454
source_5,JUMPCPE-20210628-Run03_20210629_064133,4,FK-866,field,1.13,False,0.9233607305763496,0.3054633038098685,0.9597893735927793,True,49.627713912908796
source_5,JUMPCPE-20210628-Run03_20210629_064133,4,LY2109761,field,1.13,False,0.9454813224046117,0.33158883796793054,0.9446602673541766,True,55.81358662546496
source_5,JUMPCPE-20210628-Run03_20210629_064133,4,NVS-PAK1-1,field,1.13,False,0.8697358976673906,0.3109454252770359,0.9505898189763332,True,52.47438975039884
source_5,JUMPCPE-20210628-Run03_20210629_064133,4,quinidine,field,1.13,False,0.7793739678111249,0.38267280551592536,0.6713971034267597,True,5.416854120975329
source_5,JUMPCPE-20210628-Run03_20210629_064133,4,TC-S-7004,field,1.13,False,0.861326129558222,0.27766736202693176,0.9592882962823949,True,58.82936075893142
source_5,JUMPCPE-20210628-Run03_20210629_064133,4,aloxistatin,field,1.13,False,0.5995452589688179,0.27158921749614123,0.7206156780088265,True,5.8474978462673235
source_5,JUMPCPE-20210702-Run04_20210703_060202,5,AMG900,field,1.29,False,0.9527921695594599,0.06093746379423951,0.9854718923764693,True,102.80876973779164
source_5,JUMPCPE-20210702-Run04_20210703_060202,5,dexamethasone,field,1.29,False,0.9273615752117611,0.2998614623965382,0.9491604531541691,True,14.188785510969147
source_5,JUMPCPE-20210702-Run04_20210703_060202,5,FK-866,field,1.29,False,0.9029649785944212,0.27585578316612985,0.9564946844589703,True,43.22555693071393
source_5,JUMPCPE-20210702-Run04_20210703_060202,5,LY2109761,field,1.29,False,0.9439870357491722,0.3164855902938288,0.9629877437644183,True,51.97625330482984
source_5,JUMPCPE-20210702-Run04_20210703_060202,5,NVS-PAK1-1,field,1.29,False,0.8561167908514209,0.2993908012344852,0.9481489764644182,True,45.39351554039084
source_5,JUMPCPE-20210702-Run04_20210703_060202,5,quinidine,field,1.29,False,0.7355420094854148,0.238216665560352,0.5693466873694504,True,3.9893535477711026
source_5,JUMPCPE-20210702-Run04_20210703_060202,5,TC-S-7004,field,1.29,False,0.856941038972316,0.24549545076369533,0.9480839334302597,True,42.50377520888191
source_5,JUMPCPE-20210702-Run04_20210703_060202,5,aloxistatin,field,1.29,False,0.546709806272815,0.22954440878476365,0.6700252919604607,True,4.096131770199205
source_5,JUMPCPE-20210704-Run05_20210705_025956,6,AMG900,field,1.06,False,0.9580769733829264,0.0970554482805868,0.9800070857255879,True,110.2208839359884
source_5,JUMPCPE-20210704-Run05_20210705_025956,6,dexamethasone,field,1.06,False,0.8837531305369727,0.1693012565058057,0.9400987364590667,True,14.049102113036366
source_5,JUMPCPE-20210704-Run05_20210705_025956,6,FK-866,field,1.06,False,0.920409934903007,0.27409469436096867,0.963643615548084,True,47.410460362552264
source_5,JUMPCPE-20210704-Run05_20210705_025956,6,LY2109761,field,1.06,False,0.9523561492987564,0.3089714444026928,0.9674770957647647,True,50.508324924970935
source_5,JUMPCPE-20210704-Run05_20210705_025956,6,NVS-PAK1-1,field,1.06,False,0.8847117283439458,0.28448120481370104,0.9398042216014423,True,38.45751248191848
source_5,JUMPCPE-20210704-Run05_20210705_025956,6,quinidine,field,1.06,False,0.6700063003916346,0.22082844934878815,0.4926987298517743,True,4.832812689139816
source_5,JUMPCPE-20210704-Run05_20210705_025956,6,TC-S-7004,field,1.06,False,0.8413581307558936,0.2712377125970282,0.9750305927151075,True,48.68379541641384
source_5,JUMPCPE-20210704-Run05_20210705_025956,6,aloxistatin,field,1.06,False,0.5828824232012005,0.20587080447838732,0.5803816670771124,True,4.153784773515717
source_5,JUMPCPE-20210706-Run06_20210706_235916,7,AMG900,field,0.86,False,0.9656264157980525,0.07188036414991013,0.9884996813028921,True,114.26055380796976
source_5,JUMPCPE-20210706-Run06_20210706_235916,7,dexamethasone,field,0.86,False,0.890128422092981,0.17425049622637317,0.9292557181920088,True,15.407883744167941
source_5,JUMPCPE-20210706-Run06_20210706_235916,7,FK-866,field,0.86,False,0.9219467180022134,0.27173423788968376,0.976425717571255,True,47.670572570093526
source_5,JUMPCPE-20210706-Run06_20210706_235916,7,LY2109761,field,0.86,False,0.9486424705739659,0.28971327407904895,0.9810122749634927,True,46.33486813219695
source_5,JUMPCPE-20210706-Run06_20210706_235916,7,NVS-PAK1-1,field,0.86,False,0.848235437023239,0.2931218526357936,0.9690120723748219,True,48.82740337103532
source_5,JUMPCPE-20210706-Run06_20210706_235916,7,quinidine,field,0.86,False,0.7412652730482636,0.31830031917438567,0.6648965116539284,True,6.543121746062933
source_5,JUMPCPE-20210706-Run06_20210706_235916,7,TC-S-7004,field,0.86,False,0.838242314149476,0.24675644600224428,0.9835539383063308,True,46.34641719755061
source_5,JUMPCPE-20210706-Run06_20210706_235916,7,aloxistatin,field,0.86,False,0.44190372064054995,0.23659353619879683,0.5114576274952412,False,5.573717698510091
source_5,JUMPCPE-20210709-Run07_20210709_230159,8,AMG900,field,0.94,False,0.9553840500959963,0.05269017330357216,0.9898372614061702,True,110.16362247929239
source_5,JUMPCPE-20210709-Run07_20210709_230159,8,dexamethasone,field,0.94,False,0.9021992276416025,0.264276140141746,0.9544444021241105,True,14.70946842978421
source_5,JUMPCPE-20210709-Run07_20210709_230159,8,FK-866,field,0.94,False,0.9249472783146245,0.253596717358861,0.9622989484612553,True,42.6540160367976
source_5,JUMPCPE-20210709-Run07_20210709_230159,8,LY2109761,field,0.94,False,0.9405687319001692,0.29468153707801975,0.9757879263344569,True,45.327757846600676
source_5,JUMPCPE-20210709-Run07_20210709_230159,8,NVS-PAK1-1,field,0.94,False,0.8640790628762548,0.27548805621552125,0.9582306519684338,True,43.86609811014332
source_5,JUMPCPE-20210709-Run07_20210709_230159,8,quinidine,field,0.94,False,0.6591003963684205,0.3047756663513301,0.5795033071654827,True,6.077648544439921
source_5,JUMPCPE-20210709-Run07_20210709_230159,8,TC-S-7004,field,0.94,False,0.8292587063883907,0.20744819267683137,0.9689368462050146,True,34.01852715188345
source_5,JUMPCPE-20210709-Run07_20210709_230159,8,aloxistatin,field,0.94,False,0.589274270809713,0.2831560616338941,0.6499959084161469,True,6.867913366650605
source_5,JUMPCPE-20210709-Run08_20210711_195507,9,AMG900,field,0.58,False,0.9605438415613218,0.06573296318268387,0.9888284414151426,True,117.41120977600578
source_5,JUMPCPE-20210709-Run08_20210711_195507,9,dexamethasone,field,0.58,False,0.8632827084684859,0.26003044020347593,0.9535749528813691,True,14.600911066781224
source_5,JUMPCPE-20210709-Run08_20210711_195507,9,FK-866,field,0.58,False,0.9156208469258216,0.3057007686550438,0.9732520245280009,True,46.014258876961
source_5,JUMPCPE-20210709-Run08_20210711_195507,9,LY2109761,field,0.58,False,0.9138853133056385,0.2950248997759011,0.9807334275254985,True,43.690234246491784
source_5,JUMPCPE-20210709-Run08_20210711_195507,9,NVS-PAK1-1,field,0.58,False,0.834596211931225,0.2630285096990076,0.9742176085100892,True,49.58791135877558
source_5,JUMPCPE-20210709-Run08_20210711_195507,9,quinidine,field,0.58,False,0.5456386408746321,0.2586023120371855,0.5903634521746765,False,5.623709456732601
source_5,JUMPCPE-20210709-Run08_20210711_195507,9,TC-S-7004,field,0.58,False,0.7854536973777795,0.20025102394912167,0.9711153626690776,True,34.45765475841116
source_5,JUMPCPE-20210709-Run08_20210711_195507,9,aloxistatin,field,0.58,False,0.6744246755273086,0.35087883444611345,0.6728815932904877,True,6.921023869100933
source_5,JUMPCPE-20210712-Run09_20210713_003159,10,AMG900,field,0.88,False,0.9597106209024346,0.07542144537712768,0.9870423842212681,True,111.94410538771459
source_5,JUMPCPE-20210712-Run09_20210713_003159,10,dexamethasone,field,0.88,False,0.9039246441800303,0.27219997835164234,0.9404637378723033,True,16.423590965569932
source_5,JUMPCPE-20210712-Run09_20210713_003159,10,FK-866,field,0.88,False,0.9203611695797929,0.3010423887972445,0.9708264104601967,True,45.0783583254045
source_5,JUMPCPE-20210712-Run09_20210713_003159,10,LY2109761,field,0.88,False,0.9395606714309328,0.3221745988030835,0.9748625522446352,True,46.97785669230745
source_5,JUMPCPE-20210712-Run09_20210713_003159,10,NVS-PAK1-1,field,0.88,False,0.8574398872214918,0.2797556953289538,0.9660871671698491,True,50.31609631214848
source_5,JUMPCPE-20210712-Run09_20210713_003159,10,quinidine,field,0.88,False,0.6893591441581882,0.40394988820609123,0.583590814280373,True,6.230466889475005
source_5,JUMPCPE-20210712-Run09_20210713_003159,10,TC-S-7004,field,0.88,False,0.8320500881124291,0.2223967295138353,0.971242510603199,True,33.97318699566877
source_5,JUMPCPE-20210712-Run09_20210713_003159,10,aloxistatin,field,0.88,False,0.602422755919154,0.33861101396272664,0.6041511561255248,False,7.0927445406341265
source_5,JUMPCPE-20210715-Run10_20210715_223420,11,AMG900,field,0.77,False,0.9654762071822558,0.06615851985722418,0.9919127286889832,True,112.73188869496568
source_5,JUMPCPE-20210715-Run10_20210715_223420,11,dexamethasone,field,0.77,False,0.9285703923090419,0.2642843137794538,0.9677324119323474,True,14.550550185379796
source_5,JUMPCPE-20210715-Run10_20210715_223420,11,FK-866,field,0.77,False,0.9143995769951077,0.25362686559762365,0.9683813166733257,True,44.618894711813084
source_5,JUMPCPE-20210715-Run10_20210715_223420,11,LY2109761,field,0.77,False,0.9378178759781116,0.3081956101119974,0.9822920184193515,True,45.238922018474646
source_5,JUMPCPE-20210715-Run10_20210715_223420,11,NVS-PAK1-1,field,0.77,False,0.8590967716156337,0.28155780408627484,0.9676070371863785,True,45.86515137758462
source_5,JUMPCPE-20210715-Run10_20210715_223420,11,quinidine,field,0.77,False,0.7501484550045304,0.4335732374406514,0.7211167380642286,True,5.740970284957949
source_5,JUMPCPE-20210715-Run10_20210715_223420,11,TC-S-7004,field,0.77,False,0.7859695437773024,0.20395452763575936,0.9212744765079743,True,20.68183811761225
source_5,JUMPCPE-20210715-Run10_20210715_223420,11,aloxistatin,field,0.77,False,0.6223238951556352,0.36011448483599223,0.6549110539696804,True,6.317659602975544
source_5,JUMPCPE-20210716-Run11_20210717_192647,12,AMG900,field,1.07,False,0.9570981018540269,0.06379209372247628,0.9860887901006408,True,113.45547505392506
source_5,JUMPCPE-20210716-Run11_20210717_192647,12,dexamethasone,field,1.07,False,0.9052589505738815,0.15022110720876833,0.9407850741155759,True,14.4385192163761
source_5,JUMPCPE-20210716-Run11_20210717_192647,12,FK-866,field,1.07,False,0.9084992034518147,0.23570523723792938,0.9529625685463458,True,46.71451634909935
source_5,JUMPCPE-20210716-Run11_20210717_192647,12,LY2109761,field,1.07,False,0.9500245054738781,0.28118578615033984,0.9789742274986277,True,48.268139300979186
source_5,JUMPCPE-20210716-Run11_20210717_192647,12,NVS-PAK1-1,field,1.07,False,0.8544215236208706,0.2974094192273922,0.9459040362913341,True,45.723510066377436
source_5,JUMPCPE-20210716-Run11_20210717_192647,12,quinidine,field,1.07,False,0.7218706340362016,0.2398904686474472,0.5454139116910319,True,5.081393325442261
source_5,JUMPCPE-20210716-Run11_20210717_192647,12,TC-S-7004,field,1.07,False,0.8160589904131903,0.22795131957053452,0.9708024486314455,True,35.118421364349544
source_5,JUMPCPE-20210716-Run11_20210717_192647,12,aloxistatin,field,1.07,False,0.5818121538211039,0.142347965254284,0.7162070623131532,True,3.450657438267321
source_5,JUMPCPE-20210716-Run12_20210719_162047,13,AMG900,field,0.94,False,0.9566023799647662,0.052141807222992505,0.9891611635991582,True,117.213515344708
source_5,JUMPCPE-20210716-Run12_20210719_162047,13,dexamethasone,field,0.94,False,0.8945056539409086,0.15941579133966438,0.9439120221068311,True,15.237678796923811
source_5,JUMPCPE-20210716-Run12_20210719_162047,13,FK-866,field,0.94,False,0.907012907605866,0.2938008671759685,0.9437735929920587,True,47.23756457666591
source_5,JUMPCPE-20210716-Run12_20210719_162047,13,LY2109761,field,0.94,False,0.9255635385599115,0.3053106109065093,0.9836271123340272,True,50.47795333394446
source_5,JUMPCPE-20210716-Run12_20210719_162047,13,NVS-PAK1-1,field,0.94,False,0.8569899016931042,0.30339374427513005,0.9703560717741004,True,49.81715665427451
source_5,JUMPCPE-20210716-Run12_20210719_162047,13,quinidine,field,0.94,False,0.7618258679418652,0.2774168232742585,0.659106697296058,True,5.13017197787926
source_5,JUMPCPE-20210716-Run12_20210719_162047,13,TC-S-7004,field,0.94,False,0.7854944957499312,0.2023614202531552,0.9537368158793119,True,27.290799789512718
source_5,JUMPCPE-20210716-Run12_20210719_162047,13,aloxistatin,field,0.94,False,0.5717853178988349,0.2104751276519134,0.8127630995416097,True,5.3453640109784395
source_5,JUMPCPE-20210719-Run13_20210721_131445,14,AMG900,field,1.15,False,0.9612604510002383,0.06061589642281754,0.990864290301092,True,114.74852802429173
source_5,JUMPCPE-20210719-Run13_20210721_131445,14,dexamethasone,field,1.15,False,0.9093551653558811,0.2219879566457111,0.941866555472118,True,14.390039716603345
source_5,JUMPCPE-20210719-Run13_20210721_131445,14,FK-866,field,1.15,False,0.9142878382242523,0.2571606041654795,0.9616596355808201,True,43.345639208666874
source_5,JUMPCPE-20210719-Run13_20210721_131445,14,LY2109761,field,1.15,False,0.9399387018130386,0.3008332674452214,0.9831020320000309,True,47.654065291761235
source_5,JUMPCPE-20210719-Run13_20210721_131445,14,NVS-PAK1-1,field,1.15,False,0.8451947671352462,0.31211572638112806,0.9509763210440099,True,44.44141139106803
source_5,JUMPCPE-20210719-Run13_20210721_131445,14,quinidine,field,1.15,False,0.7933415503738723,0.37729267880279604,0.6676862493913713,True,5.5005969449529974
source_5,JUMPCPE-20210719-Run13_20210721_131445,14,TC-S-7004,field,1.15,False,0.8015099973574211,0.18346504967837857,0.9232246504955216,True,21.997402822600755
source_5,JUMPCPE-20210719-Run13_20210721_131445,14,aloxistatin,field,1.15,False,0.6037031771152246,0.31795905802335683,0.7020732264544223,True,4.521002142268744
source_5,JUMPCPE-20210730-Run14_20210731_000211,15,AMG900,field,0.9,False,0.9520780669198257,0.07945799561228231,0.987720781874775,True,112.53825953723685
source_5,JUMPCPE-20210730-Run14_20210731_000211,15,dexamethasone,field,0.9,False,0.9275581287869438,0.24862953114665776,0.9636186327919412,True,14.762965307643537
source_5,JUMPCPE-20210730-Run14_20210731_000211,15,FK-866,field,0.9,False,0.9077318059824109,0.2582013696052648,0.9585756835375703,True,45.9619390919898
source_5,JUMPCPE-20210730-Run14_20210731_000211,15,LY2109761,field,0.9,False,0.9217815713325681,0.2878778793460367,0.9831654466604871,True,45.53906442033853
source_5,JUMPCPE-20210730-Run14_20210731_000211,15,NVS-PAK1-1,field,0.9,False,0.8427057384704352,0.30125857675241763,0.9652644590742019,True,46.00538524596224
source_5,JUMPCPE-20210730-Run14_20210731_000211,15,quinidine,field,0.9,False,0.8019526251025101,0.35730930949196615,0.6863327049180341,True,5.8830256626609145
source_5,JUMPCPE-20210730-Run14_20210731_000211,15,TC-S-7004,field,0.9,False,0.8096902421078833,0.23256009887448092,0.9764910974186959,True,36.471138366399636
source_5,JUMPCPE-20210730-Run14_20210731_000211,15,aloxistatin,field,0.9,False,0.6391550953772399,0.3093418093269631,0.7002127831595613,True,4.599208077100079
source_5,JUMPCPE-20210730-Run15_20210801_205335,16,AMG900,field,1.36,False,0.9534639215373775,0.10024408562499997,0.9814858085192839,True,107.80844209549083
source_5,JUMPCPE-20210730-Run15_20210801_205335,16,dexamethasone,field,1.36,False,0.9310800599341286,0.266650693857346,0.9491774982033925,True,16.561556001554237
source_5,JUMPCPE-20210730-Run15_20210801_205335,16,FK-866,field,1.36,False,0.8859279245796481,0.35535256060731196,0.9181838551245365,True,47.36319737363653
source_5,JUMPCPE-20210730-Run15_20210801_205335,16,LY2109761,field,1.36,False,0.9108612554705091,0.33668769548290645,0.9603248301581775,True,50.06585019096522
source_5,JUMPCPE-20210730-Run15_20210801_205335,16,NVS-PAK1-1,field,1.36,False,0.8530408236135947,0.3414668609348866,0.928348370028337,True,51.04997028453906
source_5,JUMPCPE-20210730-Run15_20210801_205335,16,quinidine,field,1.36,False,0.7222561286072999,0.422209943982489,0.6898195734075491,True,7.838556349821834
source_5,JUMPCPE-20210730-Run15_20210801_205335,16,TC-S-7004,field,1.36,False,0.8525442856106623,0.24749212020796643,0.9419590205087598,True,38.50268242950569
source_5,JUMPCPE-20210730-Run15_20210801_205335,16,aloxistatin,field,1.36,False,0.5931129169564346,0.3065890274524375,0.6584128091687323,False,8.188880098555446
source_5,JUMPCPE-20210730-Run16_20210803_174908,17,AMG900,field,1.21,False,0.9547075655012139,0.08128938448277337,0.9886423602862293,True,113.72089077966254
source_5,JUMPCPE-20210730-Run16_20210803_174908,17,dexamethasone,field,1.21,False,0.9090268259915063,0.20758813354617914,0.9419046163310798,True,14.586078314297556
source_5,JUMPCPE-20210730-Run16_20210803_174908,17,FK-866,field,1.21,False,0.9063078241693874,0.2453266404175051,0.9464964313035773,True,44.29097915145584
source_5,JUMPCPE-20210730-Run16_20210803_174908,17,LY2109761,field,1.21,False,0.9203519781452292,0.28152589589503224,0.9792814128512084,True,44.90179987536491
source_5,JUMPCPE-20210730-Run16_20210803_174908,17,NVS-PAK1-1,field,1.21,False,0.8409420616759499,0.2799515411916518,0.9667566638480782,True,46.670372323469216
source_5,JUMPCPE-20210730-Run16_20210803_174908,17,quinidine,field,1.21,False,0.7153101267685222,0.3641997317834728,0.6218173966427287,True,5.299502777383251
source_5,JUMPCPE-20210730-Run16_20210803_174908,17,TC-S-7004,field,1.21,False,0.8084027556188489,0.1897914758714058,0.9653350509253812,True,28.260772714730063
source_5,JUMPCPE-20210730-Run16_20210803_174908,17,aloxistatin,field,1.21,False,0.6908206908704857,0.29173284571222957,0.7079483220017535,True,4.941232143904249
source_5,JUMPCPE-20210806-Run17_20210807_000211,18,AMG900,field,1.56,False,0.9445050952086117,0.10292772892458031,0.9665082185242089,True,107.61224500735578
source_5,JUMPCPE-20210806-Run17_20210807_000211,18,dexamethasone,field,1.56,False,0.8726178332599451,0.12034084345966863,0.9065231101712702,True,15.149175500900453
source_5,JUMPCPE-20210806-Run17_20210807_000211,18,FK-866,field,1.56,False,0.8916617574580373,0.24910813764568482,0.928359002803841,True,49.59321000064589
source_5,JUMPCPE-20210806-Run17_20210807_000211,18,LY2109761,field,1.56,False,0.9354015794049524,0.28645696666028403,0.9686297208488792,True,52.17907613551857
source_5,JUMPCPE-20210806-Run17_20210807_000211,18,NVS-PAK1-1,field,1.56,False,0.8604121863425738,0.28953527309263694,0.9184379015656123,True,44.83871341029877
source_5,JUMPCPE-20210806-Run17_20210807_000211,18,quinidine,field,1.56,False,0.7245080437452986,0.21852363355070667,0.5617394409512513,True,5.6460573042811255
source_5,JUMPCPE-20210806-Run17_20210807_000211,18,TC-S-7004,field,1.56,False,0.7638134881203731,0.2526157430362659,0.9214795080811107,True,21.398337218890436
source_5,JUMPCPE-20210806-Run17_20210807_000211,18,aloxistatin,field,1.56,False,0.6648707363138615,0.09243059258740252,0.5742373093784232,True,4.32959076702655
source_5,JUMPCPE-20210806-Run18_20210808_210526,19,AMG900,field,1.49,False,0.9541278340630164,0.07741746384639778,0.9821621489533647,True,106.75560116645792
source_5,JUMPCPE-20210806-Run18_20210808_210526,19,dexamethasone,field,1.49,False,0.8950237071859419,0.2417730104371069,0.9247457852156473,True,15.985803974706869
source_5,JUMPCPE-20210806-Run18_20210808_210526,19,FK-866,field,1.49,False,0.8913653761555183,0.33429615501762006,0.9295864321624057,True,49.71170884444748
source_5,JUMPCPE-20210806-Run18_20210808_210526,19,LY2109761,field,1.49,False,0.8921561534986133,0.2967838618222372,0.9515748120736395,True,44.89367886498154
source_5,JUMPCPE-20210806-Run18_20210808_210526,19,NVS-PAK1-1,field,1.49,False,0.824764188673627,0.28193891858025827,0.9489518491841059,True,46.674167944059306
source_5,JUMPCPE-20210806-Run18_20210808_210526,19,quinidine,field,1.49,False,0.6355901263714576,0.3197926794794509,0.5297710478779823,True,7.500305520009098
source_5,JUMPCPE-20210806-Run18_20210808_210526,19,TC-S-7004,field,1.49,False,0.7899589422074234,0.19690178421366486,0.8734402760857837,True,22.21622109991362
source_5,JUMPCPE-20210806-Run18_20210808_210526,19,aloxistatin,field,1.49,False,0.4982362919407107,0.1616038177592131,0.5704538026501967,True,5.016683439262574
source_5,JUMPCPE-20210811-Run18_20210811_182136,20,AMG900,field,1.37,False,0.9508525112238895,0.07080499427546723,0.9796577751113524,True,110.74140671584546
source_5,JUMPCPE-20210811-Run18_20210811_182136,20,dexamethasone,field,1.37,False,0.8564752905244679,0.13334179415792383,0.924605111282928,True,15.240201069653704
source_5,JUMPCPE-20210811-Run18_20210811_182136,20,FK-866,field,1.37,False,0.8840834086360029,0.3312687810600926,0.9262312307393065,True,49.01425716809339
source_5,JUMPCPE-20210811-Run18_20210811_182136,20,LY2109761,field,1.37,False,0.8817346041454835,0.291288839103366,0.9502450625244587,True,41.09394179822901
source_5,JUMPCPE-20210811-Run18_20210811_182136,20,NVS-PAK1-1,field,1.37,False,0.8509715064825485,0.27139646517858496,0.9492078570890246,True,44.879407017520045
source_5,JUMPCPE-20210811-Run18_20210811_182136,20,quinidine,field,1.37,False,0.6062651541337487,0.24143938942015136,0.6766728441858363,True,5.853407563431755
source_5,JUMPCPE-20210811-Run18_20210811_182136,20,TC-S-7004,field,1.37,False,0.7352601612536795,0.1821800706606858,0.8346554678026963,True,15.604338350528323
source_5,JUMPCPE-20210811-Run18_20210811_182136,20,aloxistatin,field,1.37,False,0.3737442127471565,0.12275947961933746,0.6419551115764295,True,5.822182430190688
source_5,JUMPCPE-20210812-Run20_20210815_062625,21,AMG900,field,1.15,False,0.9605989118502976,0.08769661836214462,0.9832680882901575,True,116.87818903140521
source_5,JUMPCPE-20210812-Run20_20210815_062625,21,dexamethasone,field,1.15,False,0.9081002633353448,0.21021726052670536,0.9258974958043913,True,16.032923346705417
source_5,JUMPCPE-20210812-Run20_20210815_062625,21,FK-866,field,1.15,False,0.9114299444889528,0.2702160333977859,0.94156912205499,True,48.621719926281045
source_5,JUMPCPE-20210812-Run20_20210815_062625,21,LY2109761,field,1.15,False,0.8913694827452051,0.28163718556713524,0.9645703032791813,True,42.11992186944614
source_5,JUMPCPE-20210812-Run20_20210815_062625,21,NVS-PAK1-1,field,1.15,False,0.8315695785482161,0.299177988560836,0.9449091997382142,True,43.43357072722546
source_5,JUMPCPE-20210812-Run20_20210815_062625,21,quinidine,field,1.15,False,0.6936184570117774,0.37999984020708577,0.7171674820420472,False,5.71675655600644
source_5,JUMPCPE-20210812-Run20_20210815_062625,21,TC-S-7004,field,1.15,False,0.5164836925977775,0.26908150860053,0.5159516225918707,True,11.339795904141754
source_5,JUMPCPE-20210812-Run20_20210815_062625,21,aloxistatin,field,1.15,False,0.60166235519607,0.28332027290008216,0.7831818726646216,False,6.963702329603935
source_5,JUMPCPE-20210813-Run21_20210817_031500,22,AMG900,field,1.18,False,0.9530572447814106,0.07807861484233589,0.978448895166874,True,112.56508575758387
source_5,JUMPCPE-20210813-Run21_20210817_031500,22,dexamethasone,field,1.18,False,0.9043585837945842,0.2843138043690359,0.9372067100933745,True,16.140439854048594
source_5,JUMPCPE-20210813-Run21_20210817_031500,22,FK-866,field,1.18,False,0.9118543839270612,0.30326218396732646,0.935204539304562,True,47.76173551061432
source_5,JUMPCPE-20210813-Run21_20210817_031500,22,LY2109761,field,1.18,False,0.9119346546062665,0.29545647177880374,0.9648816774783951,True,44.70300126297493
source_5,JUMPCPE-20210813-Run21_20210817_031500,22,NVS-PAK1-1,field,1.18,False,0.8668855267766266,0.30611232521391163,0.9207481012787901,True,43.29325997790189
source_5,JUMPCPE-20210813-Run21_20210817_031500,22,quinidine,field,1.18,False,0.7117454837105672,0.38428565655414954,0.6772944220484025,True,7.342408526672238
source_5,JUMPCPE-20210813-Run21_20210817_031500,22,TC-S-7004,field,1.18,False,0.5264528792678784,0.315403660934472,0.4887147579112079,True,13.20908056468089
source_5,JUMPCPE-20210813-Run21_20210817_031500,22,aloxistatin,field,1.18,False,0.5144857048428368,0.30651136236293286,0.7040645247465303,False,8.895818876529052
source_5,JUMPCPE-20210820-Run22_20210821_180957,23,AMG900,field,0.95,False,0.957440576260187,0.09281719152275612,0.9815258093139123,True,116.5078139062256
source_5,JUMPCPE-20210820-Run22_20210821_180957,23,dexamethasone,field,0.95,False,0.9090708740620412,0.20487780374273262,0.938288072898871,True,16.491078381221456
source_5,JUMPCPE-20210820-Run22_20210821_180957,23,FK-866,field,0.95,False,0.9215756624588005,0.31185122809773486,0.9530217565892726,True,47.43637169660269
source_5,JUMPCPE-20210820-Run22_20210821_180957,23,LY2109761,field,0.95,False,0.909160359078335,0.2721800571755499,0.9730469921943026,True,45.768553625963946
source_5,JUMPCPE-20210820-Run22_20210821_180957,23,NVS-PAK1-1,field,0.95,False,0.8194982061893791,0.3176129052701408,0.9569015151702938,True,48.73583089788831
source_5,JUMPCPE-20210820-Run22_20210821_180957,23,quinidine,field,0.95,False,0.7712696886912915,0.32084223732084965,0.7289094155647712,True,5.468162173848001
source_5,JUMPCPE-20210820-Run22_20210821_180957,23,TC-S-7004,field,0.95,False,0.5886566430656917,0.2507758591760512,0.6865211519939829,True,15.407088620769278
source_5,JUMPCPE-20210820-Run22_20210821_180957,23,aloxistatin,field,0.95,False,0.5790369775617993,0.23666186353832744,0.6889480211399135,True,4.142573112321696
source_5,JUMPCPE-20210820-Run23_20210823_145853,24,AMG900,field,1.12,False,0.9554638573591557,0.07898525949117467,0.9814670368839553,True,113.67795283794185
source_5,JUMPCPE-20210820-Run23_20210823_145853,24,dexamethasone,field,1.12,False,0.8965594216424521,0.2877933776322882,0.9349117512724889,True,14.823532380046824
source_5,JUMPCPE-20210820-Run23_20210823_145853,24,FK-866,field,1.12,False,0.9203350705786202,0.30029781576314474,0.9470595513108043,True,47.249250288745976
source_5,JUMPCPE-20210820-Run23_20210823_145853,24,LY2109761,field,1.12,False,0.911617120466653,0.3061280531145357,0.9728057909274577,True,42.405455738413565
source_5,JUMPCPE-20210820-Run23_20210823_145853,24,NVS-PAK1-1,field,1.12,False,0.8543261562737663,0.32572107414195717,0.9312167400755148,True,45.911133714832175
source_5,JUMPCPE-20210820-Run23_20210823_145853,24,quinidine,field,1.12,False,0.6951870910476033,0.43251792739252465,0.6459378271352808,True,8.040992530817752
source_5,JUMPCPE-20210820-Run23_20210823_145853,24,TC-S-7004,field,1.12,False,0.5310601528110525,0.25190190977747007,0.5050240766833886,True,17.63592574557683
source_5,JUMPCPE-20210820-Run23_20210823_145853,24,aloxistatin,field,1.12,False,0.5862357032069967,0.34635406220633297,0.729332666182738,False,8.673923765750102
source_5,JUMPCPE-20210902-Run26_20210903_010341,25,AMG900,field,1.25,False,0.9514183480519307,0.07324597108550376,0.9781688622735613,True,111.70637936489834
source_5,JUMPCPE-20210902-Run26_20210903_010341,25,dexamethasone,field,1.25,False,0.8466211749843089,0.1435603520413427,0.9203201779420698,True,14.949785358492084
source_5,JUMPCPE-20210902-Run26_20210903_010341,25,FK-866,field,1.25,False,0.9108941870460592,0.275945725165086,0.9755855997223819,True,47.36923728003757
source_5,JUMPCPE-20210902-Run26_20210903_010341,25,LY2109761,field,1.25,False,0.9153619913847484,0.26584746012026494,0.9604815162483273,True,46.485232671418885
source_5,JUMPCPE-20210902-Run26_20210903_010341,25,NVS-PAK1-1,field,1.25,False,0.8756981560290986,0.2566611203673077,0.9438385625734192,True,44.88391600690946
source_5,JUMPCPE-20210902-Run26_20210903_010341,25,quinidine,field,1.25,False,0.6775471890606868,0.32364129447028567,0.5277552483092216,True,6.15319474404618
source_5,JUMPCPE-20210902-Run26_20210903_010341,25,TC-S-7004,field,1.25,False,0.7029914352368991,0.2300654192500753,0.7954535824488556,True,14.026188186586294
source_5,JUMPCPE-20210902-Run26_20210903_010341,25,aloxistatin,field,1.25,False,0.364746980739732,0.008649487128918372,0.4320028554416184,True,3.8620476503191385
source_5,JUMPCPE-20210903-Run27_20210904_215148,26,AMG900,field,1.33,False,0.9526882436777857,0.06396070638859365,0.9779489800856433,True,111.68782734304047
source_5,JUMPCPE-20210903-Run27_20210904_215148,26,dexamethasone,field,1.33,False,0.8509794347768355,0.0859890228791359,0.8907225013893809,True,14.887072464039631
source_5,JUMPCPE-20210903-Run27_20210904_215148,26,FK-866,field,1.33,False,0.9066602119112795,0.2441227437172875,0.9490676116401835,True,47.51840043916055
source_5,JUMPCPE-20210903-Run27_20210904_215148,26,LY2109761,field,1.33,False,0.9431059809450747,0.2543252786498236,0.9687852794956706,True,45.68648487219412
source_5,JUMPCPE-20210903-Run27_20210904_215148,26,NVS-PAK1-1,field,1.33,False,0.8803219283039374,0.26357182785333505,0.913117591302055,True,41.468447387611306
source_5,JUMPCPE-20210903-Run27_20210904_215148,26,quinidine,field,1.33,False,0.6187701667273258,0.2211785198913359,0.49444393886054205,True,4.768609051810758
source_5,JUMPCPE-20210903-Run27_20210904_215148,26,TC-S-7004,field,1.33,False,0.6309035757405955,0.19838404460294484,0.6643711106423256,True,16.149203931835928
source_5,JUMPCPE-20210903-Run27_20210904_215148,26,aloxistatin,field,1.33,False,0.4925196005946397,0.04156445212264625,0.5058874757838574,True,3.5318144033761576
source_5,JUMPCPE-20210908-Run28_20210909_072022,27,AMG900,field,0.89,False,0.9617746028940486,0.08056857531679273,0.9858714924364045,True,116.0600135428262
source_5,JUMPCPE-20210908-Run28_20210909_072022,27,dexamethasone,field,0.89,False,0.8981714533933324,0.16743513122958534,0.9410948907547286,True,16.178722780136066
source_5,JUMPCPE-20210908-Run28_20210909_072022,27,FK-866,field,0.89,False,0.9109685370486925,0.2849634212499944,0.9673091866602221,True,50.440250765115444
source_5,JUMPCPE-20210908-Run28_20210909_072022,27,LY2109761,field,0.89,False,0.9218285553236711,0.2447530354843576,0.9698340763863558,True,46.46212486164534
source_5,JUMPCPE-20210908-Run28_20210909_072022,27,NVS-PAK1-1,field,0.89,False,0.8422519449440937,0.27936268245418155,0.9689712648331548,True,47.770311708527906
source_5,JUMPCPE-20210908-Run28_20210909_072022,27,quinidine,field,0.89,False,0.7872929973525443,0.26283574477091187,0.6262365962287577,True,5.333813702426698
source_5,JUMPCPE-20210908-Run28_20210909_072022,27,TC-S-7004,field,0.89,False,0.6898904016985269,0.1623574647264598,0.8724462109869305,True,14.632204800635371
source_5,JUMPCPE-20210908-Run28_20210909_072022,27,aloxistatin,field,0.89,False,0.4833907547110708,0.1328056552903139,0.7123708989025298,False,5.079231342263882
source_5,JUMPCPE-20210909-Run29_20210910_234236,28,AMG900,field,1.03,False,0.9561290818917169,0.06989987257415006,0.9843836989853331,True,112.85567600262202
source_5,JUMPCPE-20210909-Run29_20210910_234236,28,dexamethasone,field,1.03,False,0.8865550260087047,0.14010515751048566,0.8980353914415415,True,16.380855184783183
source_5,JUMPCPE-20210909-Run29_20210910_234236,28,FK-866,field,1.03,False,0.9179747623075227,0.28522838975759124,0.947698776332117,True,47.43952724043945
source_5,JUMPCPE-20210909-Run29_20210910_234236,28,LY2109761,field,1.03,False,0.9297964046129981,0.29360384898292163,0.9716886617691474,True,46.31449633782701
source_5,JUMPCPE-20210909-Run29_20210910_234236,28,NVS-PAK1-1,field,1.03,False,0.8413045529251266,0.2900839831172863,0.9547178588468659,True,44.90461796288757
source_5,JUMPCPE-20210909-Run29_20210910_234236,28,quinidine,field,1.03,False,0.853279197384351,0.3424307020844761,0.6844214834718649,True,5.600601462229753
source_5,JUMPCPE-20210909-Run29_20210910_234236,28,TC-S-7004,field,1.03,False,0.8150738140211722,0.2131101912624028,0.9694936521712819,True,25.480408787296973
source_5,JUMPCPE-20210909-Run29_20210910_234236,28,aloxistatin,field,1.03,False,0.3861091995511257,0.12695415762647314,0.6622375929150442,False,6.35859543055442
source_5,JUMPCPE-20210910-Run30_20210912_203428,29,AMG900,field,1.58,False,0.9520508096330893,0.07708938701810479,0.9743553981528198,True,107.42871052103489
source_5,JUMPCPE-20210910-Run30_20210912_203428,29,dexamethasone,field,1.58,False,0.8709335576677454,0.12983278209174973,0.9102095691054017,True,14.90776595553313
source_5,JUMPCPE-20210910-Run30_20210912_203428,29,FK-866,field,1.58,False,0.8909952982759866,0.23808678998042196,0.9245493099689825,True,49.929870687323735
source_5,JUMPCPE-20210910-Run30_20210912_203428,29,LY2109761,field,1.58,False,0.9280737522469757,0.2636010005838607,0.9662894971399218,True,46.85891226797728
source_5,JUMPCPE-20210910-Run30_20210912_203428,29,NVS-PAK1-1,field,1.58,False,0.8852025324985578,0.2780546992577852,0.8982058408710563,True,40.60220370377463
source_5,JUMPCPE-20210910-Run30_20210912_203428,29,quinidine,field,1.58,False,0.8171719465643109,0.36682418084184204,0.6645428776187465,True,5.6109117152898484
source_5,JUMPCPE-20210910-Run30_20210912_203428,29,TC-S-7004,field,1.58,False,0.7470975451685531,0.15699720907803555,0.8838120589882875,True,17.684294626567052
source_5,JUMPCPE-20210910-Run30_20210912_203428,29,aloxistatin,field,1.58,False,0.3159283588847376,0.044836549921971225,0.5099384251889586,False,4.892477011135603
source_5,JUMPCPE-20211001-Run33_20211001_152017,30,AMG900,field,1.82,False,0.9557177439571383,0.09041776691919409,0.9639213003795237,True,105.43406959294227
source_5,JUMPCPE-20211001-Run33_20211001_152017,30,dexamethasone,field,1.82,False,0.9012650430600143,0.1379043206286787,0.8910649946150422,True,18.34796429051338
source_5,JUMPCPE-20211001-Run33_20211001_152017,30,FK-866,field,1.82,False,0.8945023050691323,0.2841892681724202,0.9224906804057351,True,50.24022465034721
source_5,JUMPCPE-20211001-Run33_20211001_152017,30,LY2109761,field,1.82,False,0.9379510865226011,0.3208026274721453,0.9119097054463673,True,57.68598942811952
source_5,JUMPCPE-20211001-Run33_20211001_152017,30,NVS-PAK1-1,field,1.82,False,0.8553065539759154,0.3101040423853241,0.9050182234281594,True,45.95111082869932
source_5,JUMPCPE-20211001-Run33_20211001_152017,30,quinidine,field,1.82,False,0.7818191170640562,0.3276945275977031,0.7005815900470411,True,9.504312173500596
source_5,JUMPCPE-20211001-Run33_20211001_152017,30,TC-S-7004,field,1.82,False,0.5468816641900108,0.3769252025285115,0.5798197597054837,True,12.698288119383786
source_5,JUMPCPE-20211001-Run33_20211001_152017,30,aloxistatin,field,1.82,False,0.63261491658428,0.2773451865544656,0.6747589365931392,True,7.889532126069012
source_5,JUMPCPE-20211001-Run34_20211003_121618,31,AMG900,field,1.3,False,0.9502363539089849,0.08150191151289163,0.9824428809523973,True,106.3713835008159
source_5,JUMPCPE-20211001-Run34_20211003_121618,31,dexamethasone,field,1.3,False,0.9211754242092178,0.20292407458286418,0.9314228499213807,True,16.452804480173665
source_5,JUMPCPE-20211001-Run34_20211003_121618,31,FK-866,field,1.3,False,0.8759062013428758,0.22859066193754676,0.9318555585083166,True,46.08300091604758
source_5,JUMPCPE-20211001-Run34_20211003_121618,31,LY2109761,field,1.3,False,0.9411609893137557,0.29729048990604523,0.9677665610205701,True,52.50912276528568
source_5,JUMPCPE-20211001-Run34_20211003_121618,31,NVS-PAK1-1,field,1.3,False,0.8425410833289245,0.27137401091681795,0.9678278301605989,True,51.132929796669416
source_5,JUMPCPE-20211001-Run34_20211003_121618,31,quinidine,field,1.3,False,0.8112386663585671,0.33728168926987756,0.6515875668542295,True,10.156127893352732
source_5,JUMPCPE-20211001-Run34_20211003_121618,31,TC-S-7004,field,1.3,False,0.4278397326650952,0.2704491342776592,0.43651744861758957,True,10.755254495567938
source_5,JUMPCPE-20211001-Run34_20211003_121618,31,aloxistatin,field,1.3,False,0.6557693084953117,0.29468059715314415,0.7526541615643754,False,6.929975443558638
source_5,JUMPCPE-20211007-Run35_20211007_235529,32,AMG900,field,1.31,False,0.9543002297622618,0.0828664910100072,0.9829965155413796,True,112.39791602633966
source_5,JUMPCPE-20211007-Run35_20211007_235529,32,dexamethasone,field,1.31,False,0.9126720768087112,0.19469383794538578,0.9104321678318176,True,17.463912101867695
source_5,JUMPCPE-20211007-Run35_20211007_235529,32,FK-866,field,1.31,False,0.8909424939189083,0.24006467058246844,0.9525302005525571,True,45.19208916246594
source_5,JUMPCPE-20211007-Run35_20211007_235529,32,LY2109761,field,1.31,False,0.9175665540936955,0.3099118090687399,0.9546576579527146,True,50.12041609233582
source_5,JUMPCPE-20211007-Run35_20211007_235529,32,NVS-PAK1-1,field,1.31,False,0.8134494954275298,0.24877884107912454,0.9675023401367299,True,52.90815971748771
source_5,JUMPCPE-20211007-Run35_20211007_235529,32,quinidine,field,1.31,False,0.8173729085683293,0.3044534903376133,0.6489850178783967,True,8.349452320565552
source_5,JUMPCPE-20211007-Run35_20211007_235529,32,TC-S-7004,field,1.31,False,0.35856215388071544,0.3269907080824246,0.37880804047094996,False,9.171293249925599
source_5,JUMPCPE-20211007-Run35_20211007_235529,32,aloxistatin,field,1.31,False,0.6166598502886372,0.2434089031314882,0.7442354026465237,False,9.026113381243533
source_5,JUMPCPE-20211014-Run36_20211014_223431,33,AMG900,field,1.29,False,0.9568993394267338,0.06501718244230902,0.9838086003103341,True,111.84797985968116
source_5,JUMPCPE-20211014-Run36_20211014_223431,33,dexamethasone,field,1.29,False,0.9094789433351818,0.19715485003255503,0.9172863969528442,True,17.484473358312375
source_5,JUMPCPE-20211014-Run36_20211014_223431,33,FK-866,field,1.29,False,0.888712566012386,0.2258051258682994,0.9530666606280374,True,43.42358350482849
source_5,JUMPCPE-20211014-Run36_20211014_223431,33,LY2109761,field,1.29,False,0.9509543430542624,0.30106888568452017,0.9685135930196573,True,51.476776862335605
source_5,JUMPCPE-20211014-Run36_20211014_223431,33,NVS-PAK1-1,field,1.29,False,0.8237763278264303,0.2561824325745511,0.9673412385732293,True,51.259002451687564
source_5,JUMPCPE-20211014-Run36_20211014_223431,33,quinidine,field,1.29,False,0.7820047465195549,0.3478786465122377,0.6776484248628312,True,9.007375089051255
source_5,JUMPCPE-20211014-Run36_20211014_223431,33,TC-S-7004,field,1.29,False,0.35704576368761065,0.30369112460804065,0.26705094926966483,False,10.733257723410203
source_5,JUMPCPE-20211014-Run36_20211014_223431,33,aloxistatin,field,1.29,False,0.6917519447297836,0.30320567373832386,0.6874770795662222,True,9.756711157677842
source_6,p210824CPU2OS48hw384exp022JUMP,1,AMG900,raw,0.29,False,0.9308338205289962,0.13637201838936722,,True,59.24995452160108
source_6,p210824CPU2OS48hw384exp022JUMP,1,dexamethasone,raw,0.29,False,0.8543058748642076,0.2267253253974555,,True,9.633284099295663
source_6,p210824CPU2OS48hw384exp022JUMP,1,FK-866,raw,0.29,False,0.8807115725904165,0.33200411855152945,,True,30.883762275660448
source_6,p210824CPU2OS48hw384exp022JUMP,1,LY2109761,raw,0.29,False,0.8380812595590206,0.25406846928332466,,True,22.26060757381589
source_6,p210824CPU2OS48hw384exp022JUMP,1,NVS-PAK1-1,raw,0.29,False,0.81807388095212,0.11399644526655398,,True,24.390414317851103
source_6,p210824CPU2OS48hw384exp022JUMP,1,quinidine,raw,0.29,False,0.6561426824003991,0.2034578052479823,,True,3.465642974563284
source_6,p210824CPU2OS48hw384exp022JUMP,1,TC-S-7004,raw,0.29,False,0.3801675387532912,-0.010025158214606287,,True,4.115303319708749
source_6,p210824CPU2OS48hw384exp022JUMP,1,aloxistatin,raw,0.29,False,0.189600415989991,0.014618378956141004,,False,1.8170301399005384
source_6,p210830CPU2OS48hw384exp023JUMP,2,AMG900,raw,0.55,False,0.9283314194580807,0.1418889432586433,0.9982737005397564,True,58.85671345618176
source_6,p210830CPU2OS48hw384exp023JUMP,2,dexamethasone,raw,0.55,False,0.8741334287678617,0.24363814511700685,0.981054945360246,True,9.808240801227171
source_6,p210830CPU2OS48hw384exp023JUMP,2,FK-866,raw,0.55,False,0.8821399268725156,0.30467298087416167,0.9744775339471013,True,28.278530421778846
source_6,p210830CPU2OS48hw384exp023JUMP,2,LY2109761,raw,0.55,False,0.8383627576252617,0.24091175111243354,0.9944217176380606,True,22.541705422503693
source_6,p210830CPU2OS48hw384exp023JUMP,2,NVS-PAK1-1,raw,0.55,False,0.7905982385258221,0.09794389657567994,0.9926893005272532,True,23.696509833689863
source_6,p210830CPU2OS48hw384exp023JUMP,2,quinidine,raw,0.55,False,0.6634396783484868,0.21168344646155818,0.9062494787006341,True,4.696777789787638
source_6,p210830CPU2OS48hw384exp023JUMP,2,TC-S-7004,raw,0.55,False,0.39552818941035023,0.002071029618307415,0.9101653751624781,True,4.375237427495433
source_6,p210830CPU2OS48hw384exp023JUMP,2,aloxistatin,raw,0.55,False,0.2326395482355202,0.171119253709018,0.5769313429801142,False,2.575530387974353
source_6,p210831CPU2OS48hw384exp024JUMP,3,AMG900,raw,1.05,False,0.930283323932042,0.11670722094960428,0.9904779925571934,True,61.31517313269056
source_6,p210831CPU2OS48hw384exp024JUMP,3,dexamethasone,raw,1.05,False,0.8606761423998892,0.21307498705451827,0.9617803994017967,True,9.67696233929376
source_6,p210831CPU2OS48hw384exp024JUMP,3,FK-866,raw,1.05,False,0.8628073941497039,0.2852340206978468,0.9537217277090082,True,26.53502268258708
source_6,p210831CPU2OS48hw384exp024JUMP,3,LY2109761,raw,1.05,False,0.7858660526422415,0.21269305425210858,0.963917777700344,True,21.133157413839047
source_6,p210831CPU2OS48hw384exp024JUMP,3,NVS-PAK1-1,raw,1.05,False,0.7455089065118601,0.09130323418135008,0.9041653005366925,True,20.097656429026475
source_6,p210831CPU2OS48hw384exp024JUMP,3,quinidine,raw,1.05,False,0.5618747748362616,0.10969705093339742,0.799038939692192,True,4.082778268057097
source_6,p210831CPU2OS48hw384exp024JUMP,3,TC-S-7004,raw,1.05,False,0.2714378287863871,-0.12236805914547447,0.8269115505148912,True,3.7972131428174154
source_6,p210831CPU2OS48hw384exp024JUMP,3,aloxistatin,raw,1.05,False,0.2502995983546945,0.18604065394653982,0.3874473518173017,False,2.137430888639822
source_6,p210906CPU2OS48hw384exp025JUMP,4,AMG900,raw,1.03,False,0.9257942434775955,0.13439403500017072,0.9942984203689236,True,58.48563370495241
source_6,p210906CPU2OS48hw384exp025JUMP,4,dexamethasone,raw,1.03,False,0.8233799488944892,0.20649605714060776,0.9717432398104695,True,9.801260245663775
source_6,p210906CPU2OS48hw384exp025JUMP,4,FK-866,raw,1.03,False,0.856011549674108,0.2837564313721007,0.9776677218658665,True,26.574684705020676
source_6,p210906CPU2OS48hw384exp025JUMP,4,LY2109761,raw,1.03,False,0.8207126928811443,0.21768954248036224,0.983333509694595,True,19.812401147433743
source_6,p210906CPU2OS48hw384exp025JUMP,4,NVS-PAK1-1,raw,1.03,False,0.7758223395537418,0.09369044420394881,0.9642290835621459,True,19.46109861633249
source_6,p210906CPU2OS48hw384exp025JUMP,4,quinidine,raw,1.03,False,0.4947281285289822,0.09749720813001092,0.7409885660840084,True,3.5026945037532
source_6,p210906CPU2OS48hw384exp025JUMP,4,TC-S-7004,raw,1.03,False,0.13645537505284652,-0.08439992409180276,0.7649809790424036,True,4.852126791716936
source_6,p210906CPU2OS48hw384exp025JUMP,4,aloxistatin,raw,1.03,False,0.3766143104052394,0.1916322389701009,0.6616851163758992,False,2.410476780267726
source_6,p210914CPU2OS48hw384exp027JUMP,5,AMG900,raw,1.04,False,0.9272886311978382,0.15377894047066598,0.9948107845279105,True,59.78997985604354
source_6,p210914CPU2OS48hw384exp027JUMP,5,dexamethasone,raw,1.04,False,0.850718894884583,0.21732737524928883,0.9745926296747752,True,8.6613610259514
source_6,p210914CPU2OS48hw384exp027JUMP,5,FK-866,raw,1.04,False,0.8717075223230999,0.29814553812982153,0.97602535032361,True,28.240532047408035
source_6,p210914CPU2OS48hw384exp027JUMP,5,LY2109761,raw,1.04,False,0.8371579922856759,0.24732082655293003,0.9826838410485476,True,19.890171783974008
source_6,p210914CPU2OS48hw384exp027JUMP,5,NVS-PAK1-1,raw,1.04,False,0.8092645843140183,0.11191396469963555,0.9807638597033318,True,21.885488530385377
source_6,p210914CPU2OS48hw384exp027JUMP,5,quinidine,raw,1.04,False,0.4692609815226253,0.16108106719802878,0.7637194994152744,True,4.158803579610233
source_6,p210914CPU2OS48hw384exp027JUMP,5,TC-S-7004,raw,1.04,False,0.3831486076265479,-0.04128352613407788,0.8131984320308275,False,4.262496082346717
source_6,p210914CPU2OS48hw384exp027JUMP,5,aloxistatin,raw,1.04,False,-0.21176404534044765,-0.03677228888759559,0.3425876291357314,False,3.5571514377390248
source_6,p210920CPU2OS48hw384exp028JUMP,6,AMG900,raw,1.21,False,0.9255024625362455,0.11763098699402097,0.9885034531519962,True,60.87251225197404
source_6,p210920CPU2OS48hw384exp028JUMP,6,dexamethasone,raw,1.21,False,0.8169084483810808,0.23803905732403954,0.9507360734982673,True,8.355603723417174
source_6,p210920CPU2OS48hw384exp028JUMP,6,FK-866,raw,1.21,False,0.8615043260241606,0.28487997629616296,0.9606428881920086,True,28.727232308067745
source_6,p210920CPU2OS48hw384exp028JUMP,6,LY2109761,raw,1.21,False,0.7705802313591948,0.20748517556599838,0.9510704386387783,True,19.49191196639743
source_6,p210920CPU2OS48hw384exp028JUMP,6,NVS-PAK1-1,raw,1.21,False,0.6829917348413527,0.022489697373370632,0.879663232732025,True,19.73207431858401
source_6,p210920CPU2OS48hw384exp028JUMP,6,quinidine,raw,1.21,False,0.5369260043160106,0.1360702464379767,0.8001491951888855,True,3.7074072034513534
source_6,p210920CPU2OS48hw384exp028JUMP,6,TC-S-7004,raw,1.21,False,0.3579056231730473,-0.12814589472400756,0.6853532901525592,True,4.320418851581168
source_6,p210920CPU2OS48hw384exp028JUMP,6,aloxistatin,raw,1.21,False,0.18482870767153559,0.05304677877290428,0.3495548212502848,False,1.985852378556753
source_6,p210927CPU2OS48hw384exp029JUMP,7,AMG900,raw,1.22,False,0.9224843394234683,0.1571027677226064,0.9929529237217778,True,57.00026293285829
source_6,p210927CPU2OS48hw384exp029JUMP,7,dexamethasone,raw,1.22,False,0.7755178711187977,0.25681719641545997,0.9464707384870228,True,7.568718040499295
source_6,p210927CPU2OS48hw384exp029JUMP,7,FK-866,raw,1.22,False,0.8738226405447743,0.3170855910640458,0.9688652763233686,True,27.751340255658622
source_6,p210927CPU2OS48hw384exp029JUMP,7,LY2109761,raw,1.22,False,0.8395723409704208,0.23273598361111253,0.9822735033743603,True,18.234780820396505
source_6,p210927CPU2OS48hw384exp029JUMP,7,NVS-PAK1-1,raw,1.22,False,0.7587733992475691,0.0984958352834947,0.951032754171149,True,19.21640998382884
source_6,p210927CPU2OS48hw384exp029JUMP,7,quinidine,raw,1.22,False,0.4945910453806072,0.21090399676113325,0.7405573497545537,True,3.154352595154649
source_6,p210927CPU2OS48hw384exp029JUMP,7,TC-S-7004,raw,1.22,False,0.47071920354583296,-0.049955326502878004,0.828794182475846,False,3.908294919749863
source_6,p210927CPU2OS48hw384exp029JUMP,7,aloxistatin,raw,1.22,False,0.2097257460659183,0.13986570373423013,0.4630245988221827,False,1.9666293386923084
source_6,p210928CPU2OS48hw384exp030JUMP,8,AMG900,raw,1.51,False,0.9290480058876814,0.13027441923556518,0.9833945669132786,True,63.3636557836851
source_6,p210928CPU2OS48hw384exp030JUMP,8,dexamethasone,raw,1.51,False,0.8175905372765543,0.2514317616888286,0.943320849494143,True,8.410004269945604
source_6,p210928CPU2OS48hw384exp030JUMP,8,FK-866,raw,1.51,False,0.859241402812912,0.3040700299402034,0.9525037039169347,True,30.86442167013392
source_6,p210928CPU2OS48hw384exp030JUMP,8,LY2109761,raw,1.51,False,0.760195944013881,0.22088401732188626,0.9236496116822693,True,19.45559843499467
source_6,p210928CPU2OS48hw384exp030JUMP,8,NVS-PAK1-1,raw,1.51,False,0.6797743784165017,0.014874765510008289,0.8546802809402816,True,21.901076082123332
source_6,p210928CPU2OS48hw384exp030JUMP,8,quinidine,raw,1.51,False,0.5418269193133376,0.11472981590829619,0.807246133012643,True,3.657297295542791
source_6,p210928CPU2OS48hw384exp030JUMP,8,TC-S-7004,raw,1.51,False,0.33536170836582113,-0.14039791271567734,0.7932186838720963,True,4.154979099073134
source_6,p210928CPU2OS48hw384exp030JUMP,8,aloxistatin,raw,1.51,False,-0.007113089834266159,0.06209956341194401,0.30036006260877235,False,2.309346110501164
source_6,p211004CPU2OS48hw384exp031JUMP,9,AMG900,raw,1.63,False,0.9171907495964304,0.17060836572384602,0.9915404481261306,True,60.116216665824155
source_6,p211004CPU2OS48hw384exp031JUMP,9,dexamethasone,raw,1.63,False,0.8029061104384367,0.22555813292239482,0.951787648600603,True,7.526667966736412
source_6,p211004CPU2OS48hw384exp031JUMP,9,FK-866,raw,1.63,False,0.870583016213748,0.3334596185334104,0.9790778986535215,True,30.333709786398277
source_6,p211004CPU2OS48hw384exp031JUMP,9,LY2109761,raw,1.63,False,0.843049731239802,0.21931193111097097,0.9576448766156938,True,19.952562215102585
source_6,p211004CPU2OS48hw384exp031JUMP,9,NVS-PAK1-1,raw,1.63,False,0.7918092687011815,0.12252832167728393,0.9628955193469243,True,23.726924131839983
source_6,p211004CPU2OS48hw384exp031JUMP,9,quinidine,raw,1.63,False,0.574735928589906,0.2047064907184322,0.7141137508640908,True,2.833427388553725
source_6,p211004CPU2OS48hw384exp031JUMP,9,TC-S-7004,raw,1.63,False,0.49024082579070116,0.03270379960124235,0.8081027987896141,True,4.495804241129888
source_6,p211004CPU2OS48hw384exp031JUMP,9,aloxistatin,raw,1.63,False,0.01500926625100385,0.10762136162331763,0.3100621858583364,False,2.3297648920442087
source_6,p211012CPU2OS48hw384exp033JUMP,10,AMG900,raw,1.36,False,0.9272130153157742,0.14330601021402828,0.9899767388765504,True,62.07420197047695
source_6,p211012CPU2OS48hw384exp033JUMP,10,dexamethasone,raw,1.36,False,0.8113219770872425,0.2548029515298664,0.9389609750469534,True,8.180712040231143
source_6,p211012CPU2OS48hw384exp033JUMP,10,FK-866,raw,1.36,False,0.8681820879576112,0.2783400467534321,0.9542761937858779,True,28.38681197643662
source_6,p211012CPU2OS48hw384exp033JUMP,10,LY2109761,raw,1.36,False,0.7605479874280987,0.2334930795599088,0.9253106801077975,True,19.171238569919737
source_6,p211012CPU2OS48hw384exp033JUMP,10,NVS-PAK1-1,raw,1.36,False,0.7218526474945104,0.08725805664428056,0.8658267124925121,True,20.56564968487252
source_6,p211012CPU2OS48hw384exp033JUMP,10,quinidine,raw,1.36,False,0.5858327037873944,0.17778320721312438,0.7838405234223671,True,3.492287121462195
source_6,p211012CPU2OS48hw384exp033JUMP,10,TC-S-7004,raw,1.36,False,0.3967835372855735,-0.01937429554990504,0.7617585889415608,False,5.078051846835046
source_6,p211012CPU2OS48hw384exp033JUMP,10,aloxistatin,raw,1.36,False,0.16332037434330549,0.15629397919307775,0.121444491006484,False,2.423648338519503
source_6,p211102CPU2OS48hw384exp034JUMP,11,AMG900,raw,1.02,False,0.9316403075688808,0.15781732768296966,0.9959355585417107,True,58.189898915255164
source_6,p211102CPU2OS48hw384exp034JUMP,11,dexamethasone,raw,1.02,False,0.8578473245905087,0.23524770985561852,0.9615089259870494,True,9.067663940191702
source_6,p211102CPU2OS48hw384exp034JUMP,11,FK-866,raw,1.02,False,0.8860165629000243,0.31505457924136654,0.9906897937393397,True,28.525278310636768
source_6,p211102CPU2OS48hw384exp034JUMP,11,LY2109761,raw,1.02,False,0.8723099473863026,0.26840153044108944,0.9861625949860001,True,20.243474264671356
source_6,p211102CPU2OS48hw384exp034JUMP,11,NVS-PAK1-1,raw,1.02,False,0.8365996543325656,0.15106591419333074,0.9876324686032212,True,23.173680330735156
source_6,p211102CPU2OS48hw384exp034JUMP,11,quinidine,raw,1.02,False,0.6102894208071652,0.16429404955952992,0.7981854209541785,True,4.3097139727625855
source_6,p211102CPU2OS48hw384exp034JUMP,11,TC-S-7004,raw,1.02,False,0.40335210298504837,0.07318747321259425,0.8392046191898819,True,3.7826031656700914
source_6,p211102CPU2OS48hw384exp034JUMP,11,aloxistatin,raw,1.02,False,0.1991724394222122,0.11182558881719638,0.46179426528869394,False,1.961699792635173
source_6,p211109CPU2OS48hw384exp035JUMP,12,AMG900,raw,1.33,False,0.9220620395790553,0.17641854905937845,0.9937176346742937,True,60.89854556006538
source_6,p211109CPU2OS48hw384exp035JUMP,12,dexamethasone,raw,1.33,False,0.8768525417938005,0.24502216229716628,0.9730865716239985,True,9.07753971355005
source_6,p211109CPU2OS48hw384exp035JUMP,12,FK-866,raw,1.33,False,0.8858741692979046,0.34385113856460936,0.9874426507858818,True,32.59176850781261
source_6,p211109CPU2OS48hw384exp035JUMP,12,LY2109761,raw,1.33,False,0.8414686378051265,0.246304541645201,0.9893931523601257,True,21.97956197590984
source_6,p211109CPU2OS48hw384exp035JUMP,12,NVS-PAK1-1,raw,1.33,False,0.8056639212484233,0.12471121694972835,0.9823453931325743,True,25.60261413233973
source_6,p211109CPU2OS48hw384exp035JUMP,12,quinidine,raw,1.33,False,0.5825424195277255,0.24892871336296923,0.6879203084217131,True,2.917449367839443
source_6,p211109CPU2OS48hw384exp035JUMP,12,TC-S-7004,raw,1.33,False,0.49487607720291094,0.08644630103749142,0.8427127416283158,True,5.2587657582556435
source_6,p211109CPU2OS48hw384exp035JUMP,12,aloxistatin,raw,1.33,False,0.32272494751232556,0.08745987674794513,0.5109727190407297,True,2.1591119371650747
source_6,p211123CPU2OS48hw384exp036JUMP,13,AMG900,raw,1.84,False,0.9234508323831909,0.12593872794282832,0.9758998702644424,True,65.85871093963478
source_6,p211123CPU2OS48hw384exp036JUMP,13,dexamethasone,raw,1.84,False,0.8472320424662636,0.23540607032101452,0.940737748556157,True,8.915259496570826
source_6,p211123CPU2OS48hw384exp036JUMP,13,FK-866,raw,1.84,False,0.825469262729994,0.287884155428682,0.9164694205793092,True,31.065066113382965
source_6,p211123CPU2OS48hw384exp036JUMP,13,LY2109761,raw,1.84,False,0.7259644302078323,0.21284639383004972,0.8812707803656641,True,21.783646247147608
source_6,p211123CPU2OS48hw384exp036JUMP,13,NVS-PAK1-1,raw,1.84,False,0.6696903590233396,0.06465399327564973,0.7895655258289618,True,25.384770809170803
source_6,p211123CPU2OS48hw384exp036JUMP,13,quinidine,raw,1.84,False,0.48934042547655177,0.15637908340936274,0.6674780311669161,True,3.3354056209960814
source_6,p211123CPU2OS48hw384exp036JUMP,13,TC-S-7004,raw,1.84,False,0.32871525814907143,-0.09669297900298812,0.6513047971837528,True,5.81046768761871
source_6,p211123CPU2OS48hw384exp036JUMP,13,aloxistatin,raw,1.84,False,0.015903963269407073,0.059156311775691986,0.3583047508931654,False,2.367236590885117
source_6,p210824CPU2OS48hw384exp022JUMP,1,AMG900,own,0.29,False,0.9425797099629103,0.025841968377730024,,True,365.895541088083
source_6,p210824CPU2OS48hw384exp022JUMP,1,dexamethasone,own,0.29,False,0.8815548400652669,0.2102981761290222,,True,56.0347935137049
source_6,p210824CPU2OS48hw384exp022JUMP,1,FK-866,own,0.29,False,0.8557797248526573,0.30137227618091583,,True,167.81818567672462
source_6,p210824CPU2OS48hw384exp022JUMP,1,LY2109761,own,0.29,False,0.8435177005104024,0.25166903630580073,,True,120.35417979754958
source_6,p210824CPU2OS48hw384exp022JUMP,1,NVS-PAK1-1,own,0.29,False,0.8510286468701669,0.07916754857082244,,True,143.29494548402178
source_6,p210824CPU2OS48hw384exp022JUMP,1,quinidine,own,0.29,False,0.7474156493801971,0.268879716579611,,True,15.309516980295005
source_6,p210824CPU2OS48hw384exp022JUMP,1,TC-S-7004,own,0.29,False,0.38739966003600645,0.03240845618599696,,True,25.188515436087176
source_6,p210824CPU2OS48hw384exp022JUMP,1,aloxistatin,own,0.29,False,0.3790974950141358,0.09187294386160878,,True,9.610494697240846
source_6,p210830CPU2OS48hw384exp023JUMP,2,AMG900,own,0.55,False,0.9387666584351184,0.009394125366192416,0.9963194779095721,True,347.62603569705306
source_6,p210830CPU2OS48hw384exp023JUMP,2,dexamethasone,own,0.55,False,0.890599665661115,0.224589047416999,0.987933248395753,True,56.20206734866423
source_6,p210830CPU2OS48hw384exp023JUMP,2,FK-866,own,0.55,False,0.8532350090498115,0.25692189048184855,0.9697405700444545,True,146.3180577075409
source_6,p210830CPU2OS48hw384exp023JUMP,2,LY2109761,own,0.55,False,0.829438884782523,0.2339814263497811,0.9849754886013105,True,119.1058445596447
source_6,p210830CPU2OS48hw384exp023JUMP,2,NVS-PAK1-1,own,0.55,False,0.8083892974795877,0.039635913122650544,0.9776929817685563,True,130.6935537210993
source_6,p210830CPU2OS48hw384exp023JUMP,2,quinidine,own,0.55,False,0.7361095180183388,0.24720585341951384,0.8795769463968353,True,20.113498957219694
source_6,p210830CPU2OS48hw384exp023JUMP,2,TC-S-7004,own,0.55,False,0.34806291526045674,0.01902629545110698,0.9524653167903742,True,24.7010431018533
source_6,p210830CPU2OS48hw384exp023JUMP,2,aloxistatin,own,0.55,False,0.34333913555432444,0.16854882020819587,0.7599551037747122,False,14.340704829410779
source_6,p210831CPU2OS48hw384exp024JUMP,3,AMG900,own,1.05,False,0.9389052736175673,0.01524238585785683,0.9942266234520957,True,388.98056959158805
source_6,p210831CPU2OS48hw384exp024JUMP,3,dexamethasone,own,1.05,False,0.8842903530532111,0.20500405504840588,0.9694710355269341,True,56.374696257569575
source_6,p210831CPU2OS48hw384exp024JUMP,3,FK-866,own,1.05,False,0.8473068531688508,0.25889994940327193,0.9504160238917281,True,150.63267937820123
source_6,p210831CPU2OS48hw384exp024JUMP,3,LY2109761,own,1.05,False,0.8054923684310848,0.22275488309448252,0.9676615377723006,True,112.80891957768564
source_6,p210831CPU2OS48hw384exp024JUMP,3,NVS-PAK1-1,own,1.05,False,0.8111281981697536,0.07088691349203662,0.9497784869992822,True,122.46617842638065
source_6,p210831CPU2OS48hw384exp024JUMP,3,quinidine,own,1.05,False,0.6013100315716667,0.13614724570350598,0.750635444160058,True,19.515468972230295
source_6,p210831CPU2OS48hw384exp024JUMP,3,TC-S-7004,own,1.05,False,0.32901979705231577,-0.07715852066519986,0.8715857210919443,True,24.482154251342177
source_6,p210831CPU2OS48hw384exp024JUMP,3,aloxistatin,own,1.05,False,0.24685045371081044,0.1900062634304775,0.5209166932457796,False,12.404775143367567
source_6,p210906CPU2OS48hw384exp025JUMP,4,AMG900,own,1.03,False,0.9400023911278985,-0.004726427809432947,0.9896340651121618,True,343.1456645497456
source_6,p210906CPU2OS48hw384exp025JUMP,4,dexamethasone,own,1.03,False,0.8552926629909081,0.1961187094193135,0.9733047731610895,True,56.19991712801604
source_6,p210906CPU2OS48hw384exp025JUMP,4,FK-866,own,1.03,False,0.8154007223910263,0.2287614084814913,0.9685115142687752,True,138.15299796001136
source_6,p210906CPU2OS48hw384exp025JUMP,4,LY2109761,own,1.03,False,0.8174569144681083,0.2231154227050693,0.9750721998342213,True,103.58024764591478
source_6,p210906CPU2OS48hw384exp025JUMP,4,NVS-PAK1-1,own,1.03,False,0.8061885531282148,0.029605070192852904,0.9553535327040408,True,106.8712040654295
source_6,p210906CPU2OS48hw384exp025JUMP,4,quinidine,own,1.03,False,0.5665630660268048,0.12329945892088348,0.759689703126775,True,16.717413044653476
source_6,p210906CPU2OS48hw384exp025JUMP,4,TC-S-7004,own,1.03,False,0.1280372348600928,-0.018673196958602475,0.8204630376387532,True,28.202746685638786
source_6,p210906CPU2OS48hw384exp025JUMP,4,aloxistatin,own,1.03,False,0.48555636574599853,0.22620488945889092,0.769318023155884,False,12.614197735820575
source_6,p210914CPU2OS48hw384exp027JUMP,5,AMG900,own,1.04,False,0.9369383111879177,0.04296011721768821,0.991593659362138,True,369.65427907887556
source_6,p210914CPU2OS48hw384exp027JUMP,5,dexamethasone,own,1.04,False,0.8831819566649391,0.20921249887494983,0.9721044572415509,True,49.432498738047634
source_6,p210914CPU2OS48hw384exp027JUMP,5,FK-866,own,1.04,False,0.8538599910820006,0.26873976228405677,0.9757341343679782,True,147.3353041238813
source_6,p210914CPU2OS48hw384exp027JUMP,5,LY2109761,own,1.04,False,0.8517701642241031,0.26519453898568773,0.9844458339425114,True,108.96440214820095
source_6,p210914CPU2OS48hw384exp027JUMP,5,NVS-PAK1-1,own,1.04,False,0.8534866220774916,0.09265797990824239,0.9843263035831423,True,133.18314914842622
source_6,p210914CPU2OS48hw384exp027JUMP,5,quinidine,own,1.04,False,0.49515669215903124,0.19523283248590412,0.6539672467771059,True,15.901681055412045
source_6,p210914CPU2OS48hw384exp027JUMP,5,TC-S-7004,own,1.04,False,0.44699584844312573,-0.01889637189381376,0.8546017100446923,True,24.582936973475235
source_6,p210914CPU2OS48hw384exp027JUMP,5,aloxistatin,own,1.04,False,-0.20748801302131625,0.007104050638483068,0.3186559978013993,False,23.12603428467236
source_6,p210920CPU2OS48hw384exp028JUMP,6,AMG900,own,1.21,False,0.9354064932089764,0.010231724576586942,0.9911560143145004,True,369.43620445126953
source_6,p210920CPU2OS48hw384exp028JUMP,6,dexamethasone,own,1.21,False,0.8645660422264831,0.2259437323254969,0.9669642795102161,True,46.634450986467144
source_6,p210920CPU2OS48hw384exp028JUMP,6,FK-866,own,1.21,False,0.8383799195970403,0.2581459665440313,0.9615635313828585,True,148.07518712294143
source_6,p210920CPU2OS48hw384exp028JUMP,6,LY2109761,own,1.21,False,0.7889774278782746,0.2201740209901502,0.9522252733939041,True,99.95270025942982
source_6,p210920CPU2OS48hw384exp028JUMP,6,NVS-PAK1-1,own,1.21,False,0.7464411058120244,-0.00191929697845481,0.9197599082509844,True,114.19301284937282
source_6,p210920CPU2OS48hw384exp028JUMP,6,quinidine,own,1.21,False,0.6215885247616921,0.17442138943118968,0.7589031536134067,True,14.262345948214946
source_6,p210920CPU2OS48hw384exp028JUMP,6,TC-S-7004,own,1.21,False,0.4032706768311229,-0.09809957507893564,0.778708337970515,True,22.403817841604784
source_6,p210920CPU2OS48hw384exp028JUMP,6,aloxistatin,own,1.21,False,0.3252324788897726,0.09270081202934437,0.5223132103120078,True,10.782240247522333
source_6,p210927CPU2OS48hw384exp029JUMP,7,AMG900,own,1.22,False,0.9342538456334181,0.04115919078460723,0.9893624232018283,True,325.8706831355412
source_6,p210927CPU2OS48hw384exp029JUMP,7,dexamethasone,own,1.22,False,0.8353518596310818,0.2352227102183529,0.9575665540700934,True,38.68005367760867
source_6,p210927CPU2OS48hw384exp029JUMP,7,FK-866,own,1.22,False,0.8447202223072678,0.27089491242661506,0.9609100449424369,True,134.68975133525447
source_6,p210927CPU2OS48hw384exp029JUMP,7,LY2109761,own,1.22,False,0.8544703756641728,0.2452784000264004,0.9790052376967397,True,88.17365055592671
source_6,p210927CPU2OS48hw384exp029JUMP,7,NVS-PAK1-1,own,1.22,False,0.8115240958958625,0.0798999564129088,0.9506952977809704,True,100.2224811700635
source_6,p210927CPU2OS48hw384exp029JUMP,7,quinidine,own,1.22,False,0.5599091969195337,0.27464927904232395,0.6225256250690976,True,10.874423202207465
source_6,p210927CPU2OS48hw384exp029JUMP,7,TC-S-7004,own,1.22,False,0.5058512025007033,-0.03741050536073646,0.8097334754843823,True,20.47132974303874
source_6,p210927CPU2OS48hw384exp029JUMP,7,aloxistatin,own,1.22,False,0.35200649423310204,0.18256486783289597,0.6753297482508763,False,9.269529471592522
source_6,p210928CPU2OS48hw384exp030JUMP,8,AMG900,own,1.51,False,0.9425175371745544,0.036581042066545735,0.9859449646354281,True,386.1238615148238
source_6,p210928CPU2OS48hw384exp030JUMP,8,dexamethasone,own,1.51,False,0.8814128387755129,0.23584339448080943,0.9548432077770623,True,44.43494615897173
source_6,p210928CPU2OS48hw384exp030JUMP,8,FK-866,own,1.51,False,0.8366506152741137,0.28002549227376483,0.9465403605159886,True,163.04478334831163
source_6,p210928CPU2OS48hw384exp030JUMP,8,LY2109761,own,1.51,False,0.8088885741962625,0.24533650861417547,0.9344020092236811,True,91.69792603322725
source_6,p210928CPU2OS48hw384exp030JUMP,8,NVS-PAK1-1,own,1.51,False,0.7708444285201383,0.006173038052523915,0.9149569311864141,True,121.80890102655565
source_6,p210928CPU2OS48hw384exp030JUMP,8,quinidine,own,1.51,False,0.6469169583736977,0.17667232704125993,0.7750399331141282,True,14.124493059198183
source_6,p210928CPU2OS48hw384exp030JUMP,8,TC-S-7004,own,1.51,False,0.3817129142152752,-0.09716373156707817,0.8270352486439327,True,23.030132207352004
source_6,p210928CPU2OS48hw384exp030JUMP,8,aloxistatin,own,1.51,False,0.06916657372660612,0.10149458992130289,0.46282362976347363,False,11.607471806212413
source_6,p211004CPU2OS48hw384exp031JUMP,9,AMG900,own,1.63,False,0.9271893077759981,0.04759456834545374,0.9879952087105544,True,357.06506414965503
source_6,p211004CPU2OS48hw384exp031JUMP,9,dexamethasone,own,1.63,False,0.854225907950585,0.21751944142274712,0.961918776319216,True,44.70907706723143
source_6,p211004CPU2OS48hw384exp031JUMP,9,FK-866,own,1.63,False,0.846174325538015,0.30000419782125637,0.9783192853602902,True,155.84527339481178
source_6,p211004CPU2OS48hw384exp031JUMP,9,LY2109761,own,1.63,False,0.8802040591156215,0.24868376773717152,0.9621507888329401,True,104.1420343865988
source_6,p211004CPU2OS48hw384exp031JUMP,9,NVS-PAK1-1,own,1.63,False,0.8220290935666277,0.07913681649468754,0.9670460990798548,True,136.21956091556194
source_6,p211004CPU2OS48hw384exp031JUMP,9,quinidine,own,1.63,False,0.6299624932305742,0.2185307231593369,0.747735034839018,True,13.179047665732636
source_6,p211004CPU2OS48hw384exp031JUMP,9,TC-S-7004,own,1.63,False,0.46553876918951276,0.0590001825315367,0.8711882700980453,True,25.343368406759392
source_6,p211004CPU2OS48hw384exp031JUMP,9,aloxistatin,own,1.63,False,0.018026011163095965,0.1176021212604772,0.48113435540536315,False,13.221230092268302
source_6,p211012CPU2OS48hw384exp033JUMP,10,AMG900,own,1.36,False,0.9416598007851236,0.035932879236866756,0.9921727622730577,True,361.2024987248978
source_6,p211012CPU2OS48hw384exp033JUMP,10,dexamethasone,own,1.36,False,0.8791377037501172,0.2411958055313089,0.961752947249143,True,41.94836550660893
source_6,p211012CPU2OS48hw384exp033JUMP,10,FK-866,own,1.36,False,0.8510662300270506,0.2496357761603325,0.9539213939029151,True,136.50212172060225
source_6,p211012CPU2OS48hw384exp033JUMP,10,LY2109761,own,1.36,False,0.8134385092310248,0.26386306830462913,0.9470276818958364,True,86.94478676782312
source_6,p211012CPU2OS48hw384exp033JUMP,10,NVS-PAK1-1,own,1.36,False,0.7944044206665946,0.055701775584908485,0.9203252803369943,True,109.96794907862463
source_6,p211012CPU2OS48hw384exp033JUMP,10,quinidine,own,1.36,False,0.6712906596415238,0.2346808212284544,0.7582246653879735,True,12.718467475320365
source_6,p211012CPU2OS48hw384exp033JUMP,10,TC-S-7004,own,1.36,False,0.4751989853198741,-0.004492010961298428,0.8399740975553927,True,25.421333802207045
source_6,p211012CPU2OS48hw384exp033JUMP,10,aloxistatin,own,1.36,False,0.28913396182869483,0.20538520853605732,0.32841531475918373,False,11.01606060357028
source_6,p211102CPU2OS48hw384exp034JUMP,11,AMG900,own,1.02,False,0.9461221760626642,0.037038449962304494,0.993841561785177,True,340.22305584848164
source_6,p211102CPU2OS48hw384exp034JUMP,11,dexamethasone,own,1.02,False,0.9036310576124892,0.22193478688463206,0.9694056347232196,True,47.64555337982424
source_6,p211102CPU2OS48hw384exp034JUMP,11,FK-866,own,1.02,False,0.8641499427478645,0.2780250759698213,0.9884623906423781,True,140.30666352170982
source_6,p211102CPU2OS48hw384exp034JUMP,11,LY2109761,own,1.02,False,0.8869821438739626,0.2778043215371379,0.9812169895880225,True,100.37473026399657
source_6,p211102CPU2OS48hw384exp034JUMP,11,NVS-PAK1-1,own,1.02,False,0.8764529277026827,0.1105764352275208,0.984133002839817,True,124.73201385002653
source_6,p211102CPU2OS48hw384exp034JUMP,11,quinidine,own,1.02,False,0.6281332402315384,0.20550385250935818,0.6566021877278773,True,16.478969026527167
source_6,p211102CPU2OS48hw384exp034JUMP,11,TC-S-7004,own,1.02,False,0.44214645440653366,0.08178785650054936,0.8660746985413497,True,19.91798196549052
source_6,p211102CPU2OS48hw384exp034JUMP,11,aloxistatin,own,1.02,False,0.30505755625114256,0.15964219304993124,0.6141581704230004,False,9.013262575062361
source_6,p211109CPU2OS48hw384exp035JUMP,12,AMG900,own,1.33,False,0.9427001197445967,0.049513865599920756,0.9938090755772861,True,342.48540963807983
source_6,p211109CPU2OS48hw384exp035JUMP,12,dexamethasone,own,1.33,False,0.9094513318939814,0.22943896673935496,0.9708584740378909,True,48.3835711099701
source_6,p211109CPU2OS48hw384exp035JUMP,12,FK-866,own,1.33,False,0.8623499643387877,0.30897136175506373,0.985287252120707,True,161.66351879099165
source_6,p211109CPU2OS48hw384exp035JUMP,12,LY2109761,own,1.33,False,0.8603940813570172,0.2610048156451529,0.9882816889721395,True,106.11051644939994
source_6,p211109CPU2OS48hw384exp035JUMP,12,NVS-PAK1-1,own,1.33,False,0.8445859970417866,0.07946036173320224,0.9807970895206981,True,128.41608838260072
source_6,p211109CPU2OS48hw384exp035JUMP,12,quinidine,own,1.33,False,0.6317122230222373,0.2699837910951359,0.6823448019492939,True,13.703401184259365
source_6,p211109CPU2OS48hw384exp035JUMP,12,TC-S-7004,own,1.33,False,0.482707237493464,0.09548857519400299,0.8874558785149469,True,25.114491997688667
source_6,p211109CPU2OS48hw384exp035JUMP,12,aloxistatin,own,1.33,False,0.48599933573055887,0.12322541903674614,0.7318760012471377,True,10.225625875772
source_6,p211123CPU2OS48hw384exp036JUMP,13,AMG900,own,1.84,False,0.9441623672235664,0.034985293281292205,0.9835164776730088,True,387.6145637939895
source_6,p211123CPU2OS48hw384exp036JUMP,13,dexamethasone,own,1.84,False,0.8972112392320372,0.22214554614087684,0.9517390434044504,True,46.08124873589026
source_6,p211123CPU2OS48hw384exp036JUMP,13,FK-866,own,1.84,False,0.7952787955117357,0.2766874833374344,0.9050612930389061,True,157.99170638813507
source_6,p211123CPU2OS48hw384exp036JUMP,13,LY2109761,own,1.84,False,0.787894706446671,0.23737059541965383,0.9145447867128661,True,97.2269382269528
source_6,p211123CPU2OS48hw384exp036JUMP,13,NVS-PAK1-1,own,1.84,False,0.7740929993251217,0.04527797701312638,0.8788463260707984,True,136.0006989925994
source_6,p211123CPU2OS48hw384exp036JUMP,13,quinidine,own,1.84,False,0.5464542341738161,0.20030210563162806,0.6541587062509668,True,13.371109266725695
source_6,p211123CPU2OS48hw384exp036JUMP,13,TC-S-7004,own,1.84,False,0.4308648062708573,-0.0797863643041602,0.7304287511659389,True,28.21178978095315
source_6,p211123CPU2OS48hw384exp036JUMP,13,aloxistatin,own,1.84,False,0.05390751847209206,0.09067968549271145,0.5059049730875975,False,11.739371351601818
source_6,p210824CPU2OS48hw384exp022JUMP,1,AMG900,scaled,0.29,False,0.9010658803701428,0.10509269282916067,,True,64.45433555932661
source_6,p210824CPU2OS48hw384exp022JUMP,1,dexamethasone,scaled,0.29,False,0.8559051373483985,0.2163767405255917,,True,12.086984111075916
source_6,p210824CPU2OS48hw384exp022JUMP,1,FK-866,scaled,0.29,False,0.8520969456914818,0.2359813477298541,,True,39.38353338038127
source_6,p210824CPU2OS48hw384exp022JUMP,1,LY2109761,scaled,0.29,False,0.828078776137169,0.2087905945893914,,True,27.633204145829875
source_6,p210824CPU2OS48hw384exp022JUMP,1,NVS-PAK1-1,scaled,0.29,False,0.7578648798460952,0.014164731740001432,,True,27.124871580131632
source_6,p210824CPU2OS48hw384exp022JUMP,1,quinidine,scaled,0.29,False,0.5749376864241361,0.14125531170260755,,True,4.600111817189344
source_6,p210824CPU2OS48hw384exp022JUMP,1,TC-S-7004,scaled,0.29,False,0.1998053829523542,-0.06780779985911406,,False,4.544460763176313
source_6,p210824CPU2OS48hw384exp022JUMP,1,aloxistatin,scaled,0.29,False,0.1876310348348076,-0.006847496807972586,,True,2.331345120281834
source_6,p210830CPU2OS48hw384exp023JUMP,2,AMG900,scaled,0.55,False,0.8911540072848738,0.09207954424755947,0.9907008318898273,True,60.9114636223351
source_6,p210830CPU2OS48hw384exp023JUMP,2,dexamethasone,scaled,0.55,False,0.8767345791053944,0.21853650617444192,0.9766702856948528,True,11.66576361615211
source_6,p210830CPU2OS48hw384exp023JUMP,2,FK-866,scaled,0.55,False,0.8645763245345301,0.19115708202819887,0.9720622565489769,True,34.43148711661518
source_6,p210830CPU2OS48hw384exp023JUMP,2,LY2109761,scaled,0.55,False,0.8216789573035681,0.2001861767470196,0.990327646954693,True,26.281318716737577
source_6,p210830CPU2OS48hw384exp023JUMP,2,NVS-PAK1-1,scaled,0.55,False,0.7308739750958507,-0.00260864148985562,0.9816625715245104,True,25.057394862583646
source_6,p210830CPU2OS48hw384exp023JUMP,2,quinidine,scaled,0.55,False,0.608086868604554,0.15965540862990238,0.8909954742734041,True,5.9515012506630605
source_6,p210830CPU2OS48hw384exp023JUMP,2,TC-S-7004,scaled,0.55,False,0.1524645755370762,-0.06650898825584131,0.8641096538962761,False,4.754751009817283
source_6,p210830CPU2OS48hw384exp023JUMP,2,aloxistatin,scaled,0.55,False,0.2379466394629872,0.14905443047800704,0.49075226496977037,False,3.0575747588089555
source_6,p210831CPU2OS48hw384exp024JUMP,3,AMG900,scaled,1.05,False,0.8951477954883318,0.11050789927209294,0.9842368629921525,True,70.28609097480035
source_6,p210831CPU2OS48hw384exp024JUMP,3,dexamethasone,scaled,1.05,False,0.8758350313160509,0.20372793541148784,0.9630492664285182,True,12.779937927781738
source_6,p210831CPU2OS48hw384exp024JUMP,3,FK-866,scaled,1.05,False,0.839050398877612,0.2131991161066764,0.9554163693769183,True,34.735482686979005
source_6,p210831CPU2OS48hw384exp024JUMP,3,LY2109761,scaled,1.05,False,0.7877705806933701,0.18703502874369318,0.9658885389205695,True,27.656734248148624
source_6,p210831CPU2OS48hw384exp024JUMP,3,NVS-PAK1-1,scaled,1.05,False,0.6942582610127592,0.022812323830527538,0.8945695207125969,True,22.936989705193074
source_6,p210831CPU2OS48hw384exp024JUMP,3,quinidine,scaled,1.05,False,0.5467620026014872,0.11766140726983744,0.8197016084433939,True,5.784372663268169
source_6,p210831CPU2OS48hw384exp024JUMP,3,TC-S-7004,scaled,1.05,False,0.11756793276291068,-0.1258322314102298,0.8213381287751611,True,4.630925580333703
source_6,p210831CPU2OS48hw384exp024JUMP,3,aloxistatin,scaled,1.05,False,0.2187879896859613,0.13267692357203986,0.34244731478279355,False,2.9823266944018814
source_6,p210906CPU2OS48hw384exp025JUMP,4,AMG900,scaled,1.03,False,0.8754802337627989,0.07966100404345895,0.9794778989715284,True,59.01447639265144
source_6,p210906CPU2OS48hw384exp025JUMP,4,dexamethasone,scaled,1.03,False,0.8173177732935388,0.18975116426994715,0.9632422957152328,True,11.376362244785259
source_6,p210906CPU2OS48hw384exp025JUMP,4,FK-866,scaled,1.03,False,0.8145409380819577,0.16758374247237515,0.9582929257037962,True,32.36114368680693
source_6,p210906CPU2OS48hw384exp025JUMP,4,LY2109761,scaled,1.03,False,0.7929179885610285,0.16461008191743723,0.9706438813270011,True,23.222734652961947
source_6,p210906CPU2OS48hw384exp025JUMP,4,NVS-PAK1-1,scaled,1.03,False,0.707389941172584,-0.008246744521552014,0.9374292946903794,True,20.11580169633365
source_6,p210906CPU2OS48hw384exp025JUMP,4,quinidine,scaled,1.03,False,0.46028034069392043,0.06297471136339462,0.7454046744184916,True,4.330667485060565
source_6,p210906CPU2OS48hw384exp025JUMP,4,TC-S-7004,scaled,1.03,False,0.025490028277310575,-0.0885873441270987,0.7316424222949338,False,5.2312045315606435
source_6,p210906CPU2OS48hw384exp025JUMP,4,aloxistatin,scaled,1.03,False,0.299871952848342,0.1312027182988142,0.586217495147632,False,2.763270771608043
source_6,p210914CPU2OS48hw384exp027JUMP,5,AMG900,scaled,1.04,False,0.8745299244214751,0.13091273872128956,0.9833784216326571,True,61.49381173988825
source_6,p210914CPU2OS48hw384exp027JUMP,5,dexamethasone,scaled,1.04,False,0.8638948586265714,0.20705240812977502,0.9628325782667625,True,10.405788609097726
source_6,p210914CPU2OS48hw384exp027JUMP,5,FK-866,scaled,1.04,False,0.8456969749327576,0.20385575502309142,0.9637408506823989,True,34.181158502041825
source_6,p210914CPU2OS48hw384exp027JUMP,5,LY2109761,scaled,1.04,False,0.8318942546694914,0.20488038261041774,0.9748962870630076,True,23.761497848939026
source_6,p210914CPU2OS48hw384exp027JUMP,5,NVS-PAK1-1,scaled,1.04,False,0.7476621894008004,0.02600408291175238,0.9667091714682532,True,23.355254955386048
source_6,p210914CPU2OS48hw384exp027JUMP,5,quinidine,scaled,1.04,False,0.4958407707557335,0.09425601809696325,0.8198462110590792,True,5.810704277365045
source_6,p210914CPU2OS48hw384exp027JUMP,5,TC-S-7004,scaled,1.04,False,0.22055426472651957,-0.051527272316970255,0.8000198874011886,False,4.677699635304455
source_6,p210914CPU2OS48hw384exp027JUMP,5,aloxistatin,scaled,1.04,False,-0.03607970426485521,0.00956230841594266,0.32313696949085896,False,3.3747827590744612
source_6,p210920CPU2OS48hw384exp028JUMP,6,AMG900,scaled,1.21,False,0.8872689454461309,0.10523636530320825,0.9787269379578457,True,63.70155811034369
source_6,p210920CPU2OS48hw384exp028JUMP,6,dexamethasone,scaled,1.21,False,0.8249891936490797,0.2213275058317111,0.9437720317749464,True,10.123694478430286
source_6,p210920CPU2OS48hw384exp028JUMP,6,FK-866,scaled,1.21,False,0.8387721544295716,0.2027435720677697,0.9591105185937508,True,35.25934490299791
source_6,p210920CPU2OS48hw384exp028JUMP,6,LY2109761,scaled,1.21,False,0.777761140265198,0.17740804659140977,0.9552501764660072,True,23.693117453244614
source_6,p210920CPU2OS48hw384exp028JUMP,6,NVS-PAK1-1,scaled,1.21,False,0.6576029270615195,-0.021435381357102174,0.8504239037519268,True,21.4633967787049
source_6,p210920CPU2OS48hw384exp028JUMP,6,quinidine,scaled,1.21,False,0.5154699036534024,0.0978011546410436,0.8125101596229198,True,4.94377001373378
source_6,p210920CPU2OS48hw384exp028JUMP,6,TC-S-7004,scaled,1.21,False,0.1547617673006803,-0.1527599755055393,0.6530085365968689,False,4.7462434125120545
source_6,p210920CPU2OS48hw384exp028JUMP,6,aloxistatin,scaled,1.21,False,0.28319271426719983,0.04489835478687517,0.28858408706373845,True,2.4169366698539303
source_6,p210927CPU2OS48hw384exp029JUMP,7,AMG900,scaled,1.22,False,0.8773571023031569,0.10819948144745158,0.9814918466745438,True,58.60259720827367
source_6,p210927CPU2OS48hw384exp029JUMP,7,dexamethasone,scaled,1.22,False,0.7705132375455337,0.22356007940076478,0.9455378615943144,True,9.03528038049105
source_6,p210927CPU2OS48hw384exp029JUMP,7,FK-866,scaled,1.22,False,0.8346336211038359,0.20786468853039658,0.9638674054670988,True,33.777603149424806
source_6,p210927CPU2OS48hw384exp029JUMP,7,LY2109761,scaled,1.22,False,0.8161073040012291,0.1755001342111854,0.9738976243950256,True,21.937831071874825
source_6,p210927CPU2OS48hw384exp029JUMP,7,NVS-PAK1-1,scaled,1.22,False,0.6934870373558211,-0.0009772157477959953,0.9187383613496856,True,20.94720078082234
source_6,p210927CPU2OS48hw384exp029JUMP,7,quinidine,scaled,1.22,False,0.44729442738612124,0.11252326644672898,0.7755565687704263,True,4.263181482168735
source_6,p210927CPU2OS48hw384exp029JUMP,7,TC-S-7004,scaled,1.22,False,0.26070986242116007,-0.11330370261038307,0.8165761189523492,False,4.229503302354883
source_6,p210927CPU2OS48hw384exp029JUMP,7,aloxistatin,scaled,1.22,False,0.28327020628249366,0.06101641703586672,0.5125141094637581,False,2.4066773503988586
source_6,p210928CPU2OS48hw384exp030JUMP,8,AMG900,scaled,1.51,False,0.8777694752401176,0.10441123507396342,0.9693825927725277,True,61.12274577622922
source_6,p210928CPU2OS48hw384exp030JUMP,8,dexamethasone,scaled,1.51,False,0.8156751216336642,0.2150362980204892,0.9318931128282776,True,9.689279149683484
source_6,p210928CPU2OS48hw384exp030JUMP,8,FK-866,scaled,1.51,False,0.8219916716723796,0.1970259488555648,0.944377162782686,True,36.063638067958216
source_6,p210928CPU2OS48hw384exp030JUMP,8,LY2109761,scaled,1.51,False,0.7648489318810454,0.17523362166267303,0.9237704435813625,True,23.260218728468622
source_6,p210928CPU2OS48hw384exp030JUMP,8,NVS-PAK1-1,scaled,1.51,False,0.6229191988065392,-0.03138081146671518,0.8292605362719068,True,21.601988776053485
source_6,p210928CPU2OS48hw384exp030JUMP,8,quinidine,scaled,1.51,False,0.5046536202245039,0.07411005872796239,0.8115895721703708,True,4.871773036036775
source_6,p210928CPU2OS48hw384exp030JUMP,8,TC-S-7004,scaled,1.51,False,0.14763053396486836,-0.14984509713140734,0.7462784611844974,False,4.518403938461384
source_6,p210928CPU2OS48hw384exp030JUMP,8,aloxistatin,scaled,1.51,False,0.16082801718780684,0.060572563488504594,0.30334853411555035,False,2.5433522872764383
source_6,p211004CPU2OS48hw384exp031JUMP,9,AMG900,scaled,1.63,False,0.8758300056792572,0.13162102137342893,0.9805045944832551,True,62.219798246408054
source_6,p211004CPU2OS48hw384exp031JUMP,9,dexamethasone,scaled,1.63,False,0.7929297754488753,0.21491967363618672,0.9318340599991711,True,9.061960415612697
source_6,p211004CPU2OS48hw384exp031JUMP,9,FK-866,scaled,1.63,False,0.8363842171934849,0.22160059735008425,0.9649727582695078,True,37.252478355216084
source_6,p211004CPU2OS48hw384exp031JUMP,9,LY2109761,scaled,1.63,False,0.838761461679995,0.1702863174923516,0.9471284287479091,True,24.230290933864236
source_6,p211004CPU2OS48hw384exp031JUMP,9,NVS-PAK1-1,scaled,1.63,False,0.7141524143132119,0.02939140016372593,0.9368367544186652,True,25.797934407095212
source_6,p211004CPU2OS48hw384exp031JUMP,9,quinidine,scaled,1.63,False,0.5795202910010991,0.14706914150387537,0.7210743110020492,True,3.857497479601145
source_6,p211004CPU2OS48hw384exp031JUMP,9,TC-S-7004,scaled,1.63,False,0.23324602731093455,-0.03284415102022058,0.7651646759745423,False,5.093017465104425
source_6,p211004CPU2OS48hw384exp031JUMP,9,aloxistatin,scaled,1.63,False,0.15198716522895817,0.08476321427623121,0.3079000693726682,False,2.8268792386260855
source_6,p211012CPU2OS48hw384exp033JUMP,10,AMG900,scaled,1.36,False,0.8801135175794433,0.11243611577427447,0.9825274460788954,True,59.494012449966334
source_6,p211012CPU2OS48hw384exp033JUMP,10,dexamethasone,scaled,1.36,False,0.8190731244473611,0.21384132799769093,0.9404459242355196,True,9.440380343294414
source_6,p211012CPU2OS48hw384exp033JUMP,10,FK-866,scaled,1.36,False,0.8307246465133571,0.18898922647711025,0.9529736708434211,True,32.400712023402846
source_6,p211012CPU2OS48hw384exp033JUMP,10,LY2109761,scaled,1.36,False,0.7556834963202855,0.17945248979785472,0.9319502948856568,True,22.16498122895692
source_6,p211012CPU2OS48hw384exp033JUMP,10,NVS-PAK1-1,scaled,1.36,False,0.6458371424926507,0.01905886421891619,0.8485362206750433,True,19.6704780145382
source_6,p211012CPU2OS48hw384exp033JUMP,10,quinidine,scaled,1.36,False,0.5653918153285831,0.10971122962660178,0.7932556649980916,True,4.478624982402639
source_6,p211012CPU2OS48hw384exp033JUMP,10,TC-S-7004,scaled,1.36,False,0.10851675229983958,-0.0667422773628045,0.7402831331837345,False,4.985935910605131
source_6,p211012CPU2OS48hw384exp033JUMP,10,aloxistatin,scaled,1.36,False,0.25318491363994416,0.07515760189829669,0.19272710560150708,False,2.5673932971422473
source_6,p211102CPU2OS48hw384exp034JUMP,11,AMG900,scaled,1.02,False,0.9038857163957379,0.11848512915674667,0.9904780840086239,True,56.43336583283938
source_6,p211102CPU2OS48hw384exp034JUMP,11,dexamethasone,scaled,1.02,False,0.8339421691607758,0.2038285370506631,0.9577345120379139,True,10.19657377684313
source_6,p211102CPU2OS48hw384exp034JUMP,11,FK-866,scaled,1.02,False,0.8459194205480488,0.20892576731003334,0.9812185470692625,True,32.29923471324305
source_6,p211102CPU2OS48hw384exp034JUMP,11,LY2109761,scaled,1.02,False,0.8603302295087889,0.2090266670549825,0.9823956880981236,True,22.413909561964942
source_6,p211102CPU2OS48hw384exp034JUMP,11,NVS-PAK1-1,scaled,1.02,False,0.7882071519010072,0.049555672970947665,0.9749601459171954,True,22.710174661637705
source_6,p211102CPU2OS48hw384exp034JUMP,11,quinidine,scaled,1.02,False,0.5596708723316315,0.07856449373573463,0.7728704045081399,True,5.349016357939526
source_6,p211102CPU2OS48hw384exp034JUMP,11,TC-S-7004,scaled,1.02,False,0.19431787264823705,0.014924293972524946,0.789073478608751,False,4.002229348007614
source_6,p211102CPU2OS48hw384exp034JUMP,11,aloxistatin,scaled,1.02,False,0.1922472083906939,0.08712366417563651,0.4571087164531823,False,2.3395824004770067
source_6,p211109CPU2OS48hw384exp035JUMP,12,AMG900,scaled,1.33,False,0.8773804342740691,0.11796326223071392,0.9836372554391606,True,56.91466670509819
source_6,p211109CPU2OS48hw384exp035JUMP,12,dexamethasone,scaled,1.33,False,0.8746942192817222,0.19296276631721668,0.9679568845053418,True,10.215936831827443
source_6,p211109CPU2OS48hw384exp035JUMP,12,FK-866,scaled,1.33,False,0.8403895716723899,0.2117538993129153,0.9717230874316364,True,35.68149937549681
source_6,p211109CPU2OS48hw384exp035JUMP,12,LY2109761,scaled,1.33,False,0.8219674701091948,0.19817055256329,0.983561966294294,True,23.980784817975614
source_6,p211109CPU2OS48hw384exp035JUMP,12,NVS-PAK1-1,scaled,1.33,False,0.7418238401071773,0.024778370299254487,0.9661861033708337,True,25.159374240590928
source_6,p211109CPU2OS48hw384exp035JUMP,12,quinidine,scaled,1.33,False,0.5304101411090494,0.13155188245148072,0.6963199683226475,True,3.308740298882708
source_6,p211109CPU2OS48hw384exp035JUMP,12,TC-S-7004,scaled,1.33,False,0.19719979854581526,-0.00026520052348605924,0.7924778996811253,False,4.91594304971312
source_6,p211109CPU2OS48hw384exp035JUMP,12,aloxistatin,scaled,1.33,False,0.4268119060238319,0.07941481703337154,0.4767462790065047,True,2.4742002504426455
source_6,p211123CPU2OS48hw384exp036JUMP,13,AMG900,scaled,1.84,False,0.8665230658823478,0.08376647087841564,0.962666816412832,True,61.335876524811795
source_6,p211123CPU2OS48hw384exp036JUMP,13,dexamethasone,scaled,1.84,False,0.840396358885294,0.18253734184817363,0.9319899173894218,True,9.962467619918037
source_6,p211123CPU2OS48hw384exp036JUMP,13,FK-866,scaled,1.84,False,0.7879017270521778,0.16721242795179533,0.9110679118015357,True,34.00143567057439
source_6,p211123CPU2OS48hw384exp036JUMP,13,LY2109761,scaled,1.84,False,0.7325261588095457,0.1556820096441288,0.8910905396475712,True,24.498681503284654
source_6,p211123CPU2OS48hw384exp036JUMP,13,NVS-PAK1-1,scaled,1.84,False,0.5800695512270595,0.006034792792495787,0.7626772633149461,True,22.865909913867288
source_6,p211123CPU2OS48hw384exp036JUMP,13,quinidine,scaled,1.84,False,0.5237169578974891,0.09426494062825916,0.7268860604868717,True,4.015182804915392
source_6,p211123CPU2OS48hw384exp036JUMP,13,TC-S-7004,scaled,1.84,False,0.02458217563695908,-0.11188033100590362,0.6490626695882618,False,5.442933473360963
source_6,p211123CPU2OS48hw384exp036JUMP,13,aloxistatin,scaled,1.84,False,0.18324189427876073,0.034560628095432554,0.37233680134670954,False,2.3781917202590264
source_6,p210824CPU2OS48hw384exp022JUMP,1,AMG900,field,0.29,False,0.9545446444240441,0.086515419183222,,True,118.58327258471762
source_6,p210824CPU2OS48hw384exp022JUMP,1,dexamethasone,field,0.29,False,0.864938270343174,0.21961602611756406,,True,16.9033554381876
source_6,p210824CPU2OS48hw384exp022JUMP,1,FK-866,field,0.29,False,0.8801083381169562,0.325320989103035,,True,55.96629612028635
source_6,p210824CPU2OS48hw384exp022JUMP,1,LY2109761,field,0.29,False,0.868070136084022,0.2541409885045924,,True,37.010874546761535
source_6,p210824CPU2OS48hw384exp022JUMP,1,NVS-PAK1-1,field,0.29,False,0.8481933612694466,0.10162774101715792,,True,47.566727266674896
source_6,p210824CPU2OS48hw384exp022JUMP,1,quinidine,field,0.29,False,0.7378067444556067,0.2660499697746291,,True,4.93047087220367
source_6,p210824CPU2OS48hw384exp022JUMP,1,TC-S-7004,field,0.29,False,0.4176430440095554,0.017026640342300507,,True,7.108049628513195
source_6,p210824CPU2OS48hw384exp022JUMP,1,aloxistatin,field,0.29,False,0.2784781657201354,0.0492424546917331,,True,3.024436160785687
source_6,p210830CPU2OS48hw384exp023JUMP,2,AMG900,field,0.55,False,0.951778420493058,0.07094467579046422,0.9944546554269348,True,114.09640619648242
source_6,p210830CPU2OS48hw384exp023JUMP,2,dexamethasone,field,0.55,False,0.8980973611770244,0.23776899572471183,0.9719501149719443,True,15.952450886844916
source_6,p210830CPU2OS48hw384exp023JUMP,2,FK-866,field,0.55,False,0.8908504983249846,0.2753983556010469,0.9696313999248456,True,48.816505772500214
source_6,p210830CPU2OS48hw384exp023JUMP,2,LY2109761,field,0.55,False,0.8638256229294767,0.22985502371363578,0.9818579509948705,True,35.04228494907993
source_6,p210830CPU2OS48hw384exp023JUMP,2,NVS-PAK1-1,field,0.55,False,0.82457367623468,0.06063403581929564,0.9734624038779055,True,41.253155974412564
source_6,p210830CPU2OS48hw384exp023JUMP,2,quinidine,field,0.55,False,0.7360238698776311,0.23874313337707337,0.8476328643339675,True,6.779801427557221
source_6,p210830CPU2OS48hw384exp023JUMP,2,TC-S-7004,field,0.55,False,0.383590688580632,-0.029358058712677965,0.9060577649739083,True,6.982853702266956
source_6,p210830CPU2OS48hw384exp023JUMP,2,aloxistatin,field,0.55,False,0.2739303027361434,0.14714023212573846,0.6928666747226009,False,4.425524883746582
source_6,p210831CPU2OS48hw384exp024JUMP,3,AMG900,field,1.05,False,0.9560000032093885,0.07005123001010581,0.9950527032839267,True,120.2256915505353
source_6,p210831CPU2OS48hw384exp024JUMP,3,dexamethasone,field,1.05,False,0.8793614625974456,0.20033729733130293,0.9587501935084349,True,16.716472522455284
source_6,p210831CPU2OS48hw384exp024JUMP,3,FK-866,field,1.05,False,0.8678086990737601,0.2813274630907912,0.9558424345131142,True,48.37116645688849
source_6,p210831CPU2OS48hw384exp024JUMP,3,LY2109761,field,1.05,False,0.8291790832002077,0.21070630632889037,0.9554891654720485,True,32.658368727473
source_6,p210831CPU2OS48hw384exp024JUMP,3,NVS-PAK1-1,field,1.05,False,0.8271418860326227,0.07240642871916766,0.9528742332214986,True,37.36363097373243
source_6,p210831CPU2OS48hw384exp024JUMP,3,quinidine,field,1.05,False,0.6220095097079303,0.138760179177376,0.7142171705114678,True,6.05841132300841
source_6,p210831CPU2OS48hw384exp024JUMP,3,TC-S-7004,field,1.05,False,0.3060593986363862,-0.11790368157029671,0.8273763839469015,True,6.6191400688277495
source_6,p210831CPU2OS48hw384exp024JUMP,3,aloxistatin,field,1.05,False,0.2998652748565477,0.19104213330957867,0.4542964473691616,False,3.58301526748153
source_6,p210906CPU2OS48hw384exp025JUMP,4,AMG900,field,1.03,False,0.9536234541858768,0.06626991769021177,0.9904459945014757,True,113.27841035724589
source_6,p210906CPU2OS48hw384exp025JUMP,4,dexamethasone,field,1.03,False,0.853604191843636,0.22056141666172954,0.9673993179531988,True,16.32927860917988
source_6,p210906CPU2OS48hw384exp025JUMP,4,FK-866,field,1.03,False,0.8601486363524037,0.25925313496958174,0.9627721272746316,True,47.798995615976
source_6,p210906CPU2OS48hw384exp025JUMP,4,LY2109761,field,1.03,False,0.8406078216869495,0.2050286578768004,0.9711995628059646,True,31.694021539339438
source_6,p210906CPU2OS48hw384exp025JUMP,4,NVS-PAK1-1,field,1.03,False,0.802066756694576,0.02540416105115678,0.9381554547758086,True,33.97724876837522
source_6,p210906CPU2OS48hw384exp025JUMP,4,quinidine,field,1.03,False,0.5798343598313423,0.11730116211910666,0.7555087039115504,True,5.089730245236141
source_6,p210906CPU2OS48hw384exp025JUMP,4,TC-S-7004,field,1.03,False,0.15171120496309254,-0.09994006938694329,0.8118533081492987,True,7.66756025171209
source_6,p210906CPU2OS48hw384exp025JUMP,4,aloxistatin,field,1.03,False,0.46608467365168604,0.18875909247641928,0.7116152809502448,False,3.617866201906101
source_6,p210914CPU2OS48hw384exp027JUMP,5,AMG900,field,1.04,False,0.9448096987382631,0.08580955399870868,0.9926988155449447,True,120.17093288081225
source_6,p210914CPU2OS48hw384exp027JUMP,5,dexamethasone,field,1.04,False,0.8561586867347304,0.20583751484199228,0.968804447004909,True,14.986191591215409
source_6,p210914CPU2OS48hw384exp027JUMP,5,FK-866,field,1.04,False,0.8831287559115557,0.2828079978144,0.9694153877792262,True,50.00968167358625
source_6,p210914CPU2OS48hw384exp027JUMP,5,LY2109761,field,1.04,False,0.866988360056219,0.23844343766380868,0.9663774852019348,True,32.56033923001793
source_6,p210914CPU2OS48hw384exp027JUMP,5,NVS-PAK1-1,field,1.04,False,0.8416768304639907,0.08100689958403794,0.9821280553426409,True,42.07379809846628
source_6,p210914CPU2OS48hw384exp027JUMP,5,quinidine,field,1.04,False,0.46112259752682627,0.16519292426293355,0.7039668293154692,True,5.43072998247367
source_6,p210914CPU2OS48hw384exp027JUMP,5,TC-S-7004,field,1.04,False,0.46006943897452585,-0.05530899701458105,0.8211975397771222,False,7.025366929342091
source_6,p210914CPU2OS48hw384exp027JUMP,5,aloxistatin,field,1.04,False,-0.2759797563455571,-0.07668935032688039,0.316609964692262,False,6.097864244607351
source_6,p210920CPU2OS48hw384exp028JUMP,6,AMG900,field,1.21,False,0.9523510717315173,0.07274908255276946,0.9915174781052856,True,120.22707055757857
source_6,p210920CPU2OS48hw384exp028JUMP,6,dexamethasone,field,1.21,False,0.85502504441575,0.2398565482960074,0.9521979072573739,True,13.896628697422155
source_6,p210920CPU2OS48hw384exp028JUMP,6,FK-866,field,1.21,False,0.8518326584472888,0.2807998908749682,0.9560908556126702,True,51.78340711367902
source_6,p210920CPU2OS48hw384exp028JUMP,6,LY2109761,field,1.21,False,0.8285091222136065,0.21196765714406665,0.948603989252123,True,30.24268541526864
source_6,p210920CPU2OS48hw384exp028JUMP,6,NVS-PAK1-1,field,1.21,False,0.7733465515526119,0.0056800305715464395,0.9174080077514482,True,36.60223407544524
source_6,p210920CPU2OS48hw384exp028JUMP,6,quinidine,field,1.21,False,0.6100585036957997,0.17527942586359097,0.7681432280910024,True,4.98372120900373
source_6,p210920CPU2OS48hw384exp028JUMP,6,TC-S-7004,field,1.21,False,0.425103788365453,-0.14894435991838414,0.7454001622793383,False,6.902676015511297
source_6,p210920CPU2OS48hw384exp028JUMP,6,aloxistatin,field,1.21,False,0.24456773930457046,0.052999007020968665,0.5069570428959488,True,3.3607297728126877
source_6,p210927CPU2OS48hw384exp029JUMP,7,AMG900,field,1.22,False,0.9443564780992217,0.08855592559377505,0.9942393812027488,True,112.5486267099491
source_6,p210927CPU2OS48hw384exp029JUMP,7,dexamethasone,field,1.22,False,0.7864778281372364,0.24360297417856702,0.9349620284427781,True,12.51119234261927
source_6,p210927CPU2OS48hw384exp029JUMP,7,FK-866,field,1.22,False,0.8873331741894476,0.3013528398784057,0.9718652137825996,True,48.672467263849924
source_6,p210927CPU2OS48hw384exp029JUMP,7,LY2109761,field,1.22,False,0.8632827154959009,0.2168673407174216,0.9689757533940947,True,28.687107684100642
source_6,p210927CPU2OS48hw384exp029JUMP,7,NVS-PAK1-1,field,1.22,False,0.806641962372945,0.05693597041462162,0.954290584944208,True,34.44922123620754
source_6,p210927CPU2OS48hw384exp029JUMP,7,quinidine,field,1.22,False,0.48618382016592443,0.23136016298322346,0.6372151642261653,True,3.9864823174161397
source_6,p210927CPU2OS48hw384exp029JUMP,7,TC-S-7004,field,1.22,False,0.5094070970571799,-0.06521157650322262,0.8418231093313038,False,6.797958645490866
source_6,p210927CPU2OS48hw384exp029JUMP,7,aloxistatin,field,1.22,False,0.12300551314544755,0.126628824797988,0.47663712010958104,False,2.94746554057507
source_6,p210928CPU2OS48hw384exp030JUMP,8,AMG900,field,1.51,False,0.9517887699134335,0.08970872522070746,0.9916930120155101,True,126.82082238964175
source_6,p210928CPU2OS48hw384exp030JUMP,8,dexamethasone,field,1.51,False,0.8603837778945127,0.2513763956358474,0.9428846630510349,True,13.487681366516915
source_6,p210928CPU2OS48hw384exp030JUMP,8,FK-866,field,1.51,False,0.8506659208398295,0.29142105103404065,0.9507012787685278,True,56.534319660062756
source_6,p210928CPU2OS48hw384exp030JUMP,8,LY2109761,field,1.51,False,0.819644089552699,0.2324471760018413,0.9281118650348519,True,28.52943437004919
source_6,p210928CPU2OS48hw384exp030JUMP,8,NVS-PAK1-1,field,1.51,False,0.780806109459069,-0.00170239870905556,0.911344231022952,True,40.34633588551322
source_6,p210928CPU2OS48hw384exp030JUMP,8,quinidine,field,1.51,False,0.6311069653643943,0.1528619024826662,0.7976392946998447,True,4.916428714834971
source_6,p210928CPU2OS48hw384exp030JUMP,8,TC-S-7004,field,1.51,False,0.3791224390115657,-0.15957987336425636,0.7865250069352786,True,7.164325289960922
source_6,p210928CPU2OS48hw384exp030JUMP,8,aloxistatin,field,1.51,False,-0.0664128786297421,0.017829842792436,0.4181984914928848,False,3.6695274671243148
source_6,p211004CPU2OS48hw384exp031JUMP,9,AMG900,field,1.63,False,0.9390050847983601,0.11263881445484922,0.990886439593017,True,118.72966616653332
source_6,p211004CPU2OS48hw384exp031JUMP,9,dexamethasone,field,1.63,False,0.8330329891228092,0.21507197132289965,0.9400928782605207,True,12.036645621938215
source_6,p211004CPU2OS48hw384exp031JUMP,9,FK-866,field,1.63,False,0.8797136894639559,0.2998065480569609,0.9647954497339912,True,52.74035684859967
source_6,p211004CPU2OS48hw384exp031JUMP,9,LY2109761,field,1.63,False,0.8929037807779927,0.20278793102595655,0.9519709504076324,True,30.535827957875245
source_6,p211004CPU2OS48hw384exp031JUMP,9,NVS-PAK1-1,field,1.63,False,0.8347912427418542,0.09046543188726694,0.9717839132642615,True,44.688895533092186
source_6,p211004CPU2OS48hw384exp031JUMP,9,quinidine,field,1.63,False,0.5657581979378392,0.19384758904022428,0.7033769647133904,True,3.9912145509120918
source_6,p211004CPU2OS48hw384exp031JUMP,9,TC-S-7004,field,1.63,False,0.548501003688158,0.01263882458105737,0.8387518402165698,True,7.468964630076991
source_6,p211004CPU2OS48hw384exp031JUMP,9,aloxistatin,field,1.63,False,0.023388937939748583,0.06265955566523407,0.44948479030648825,False,3.613172260791412
source_6,p211012CPU2OS48hw384exp033JUMP,10,AMG900,field,1.36,False,0.950761937741398,0.09509275377955673,0.9952286033891087,True,121.71276361663898
source_6,p211012CPU2OS48hw384exp033JUMP,10,dexamethasone,field,1.36,False,0.8388838088196938,0.25097680564869235,0.9511588187422331,True,12.911299869204539
source_6,p211012CPU2OS48hw384exp033JUMP,10,FK-866,field,1.36,False,0.8753452036513931,0.26882388866572643,0.9609338949857055,True,49.613958284817954
source_6,p211012CPU2OS48hw384exp033JUMP,10,LY2109761,field,1.36,False,0.839770689474203,0.23191071015893946,0.9529958065165685,True,27.6729687944815
source_6,p211012CPU2OS48hw384exp033JUMP,10,NVS-PAK1-1,field,1.36,False,0.8070797842922348,0.05281826788584702,0.9258112503701995,True,38.43053259706984
source_6,p211012CPU2OS48hw384exp033JUMP,10,quinidine,field,1.36,False,0.6437077111250817,0.2060559988554734,0.790067552796816,True,4.568582078409722
source_6,p211012CPU2OS48hw384exp033JUMP,10,TC-S-7004,field,1.36,False,0.48120195421924505,-0.049868647708220415,0.800475211924182,False,7.703073055193381
source_6,p211012CPU2OS48hw384exp033JUMP,10,aloxistatin,field,1.36,False,0.19691150746533914,0.14504416680635007,0.3547299652017565,False,3.3299966969808006
source_6,p211102CPU2OS48hw384exp034JUMP,11,AMG900,field,1.02,False,0.9543624181507959,0.10137351044476263,0.9950034280992854,True,115.34379694897837
source_6,p211102CPU2OS48hw384exp034JUMP,11,dexamethasone,field,1.02,False,0.8639841400098307,0.22165637117005516,0.9536772260176959,True,14.356973049553972
source_6,p211102CPU2OS48hw384exp034JUMP,11,FK-866,field,1.02,False,0.8889836319586125,0.29316919487640664,0.9790013141135534,True,50.73065865474433
source_6,p211102CPU2OS48hw384exp034JUMP,11,LY2109761,field,1.02,False,0.8970647827714413,0.2543787158268048,0.9745417000846262,True,32.925151746717056
source_6,p211102CPU2OS48hw384exp034JUMP,11,NVS-PAK1-1,field,1.02,False,0.8816379442115911,0.1329920148398185,0.9844563657317621,True,42.25833736341607
source_6,p211102CPU2OS48hw384exp034JUMP,11,quinidine,field,1.02,False,0.6258257837533309,0.19824018893892784,0.7526841870838711,True,5.358985264930715
source_6,p211102CPU2OS48hw384exp034JUMP,11,TC-S-7004,field,1.02,False,0.4504278074255428,0.08858194581586956,0.8594542976358213,True,6.044322350998495
source_6,p211102CPU2OS48hw384exp034JUMP,11,aloxistatin,field,1.02,False,0.3015562597437328,0.11196463019458304,0.5872373344195229,False,2.963786046905234
source_6,p211109CPU2OS48hw384exp035JUMP,12,AMG900,field,1.33,False,0.94646429704401,0.11555706642958212,0.9936900912988313,True,120.4700480255051
source_6,p211109CPU2OS48hw384exp035JUMP,12,dexamethasone,field,1.33,False,0.8996765426728708,0.2259984547404996,0.9696161593036676,True,14.61253024288625
source_6,p211109CPU2OS48hw384exp035JUMP,12,FK-866,field,1.33,False,0.8865128091330792,0.32160693338250196,0.9804168026063298,True,56.84985748529801
source_6,p211109CPU2OS48hw384exp035JUMP,12,LY2109761,field,1.33,False,0.894534922907729,0.24688400779088313,0.9840583253649827,True,33.16045792054447
source_6,p211109CPU2OS48hw384exp035JUMP,12,NVS-PAK1-1,field,1.33,False,0.8595242236676355,0.09871661941115599,0.9823286209982544,True,47.509012879413625
source_6,p211109CPU2OS48hw384exp035JUMP,12,quinidine,field,1.33,False,0.5612221693616668,0.24712981159051256,0.6873050939482762,True,4.336539586234052
source_6,p211109CPU2OS48hw384exp035JUMP,12,TC-S-7004,field,1.33,False,0.55566807283193,0.06571336150453914,0.8518850081247342,True,8.055805962321283
source_6,p211109CPU2OS48hw384exp035JUMP,12,aloxistatin,field,1.33,False,0.3502291366230118,0.08343876902545917,0.6423479457510133,True,3.4995506713165074
source_6,p211123CPU2OS48hw384exp036JUMP,13,AMG900,field,1.84,False,0.9516877322015179,0.09085040079411645,0.9903679312908807,True,129.5386070514232
source_6,p211123CPU2OS48hw384exp036JUMP,13,dexamethasone,field,1.84,False,0.8827573042818472,0.23024720311660188,0.9497762267869747,True,14.856964248198617
source_6,p211123CPU2OS48hw384exp036JUMP,13,FK-866,field,1.84,False,0.8228096090327881,0.2921610065500352,0.9246667190946756,True,55.52372046270564
source_6,p211123CPU2OS48hw384exp036JUMP,13,LY2109761,field,1.84,False,0.816152956144688,0.2193027503067504,0.9111834458466694,True,32.33795673975216
source_6,p211123CPU2OS48hw384exp036JUMP,13,NVS-PAK1-1,field,1.84,False,0.7932631011469877,0.048220854874133,0.893217091912086,True,45.05799634039399
source_6,p211123CPU2OS48hw384exp036JUMP,13,quinidine,field,1.84,False,0.5420147972418001,0.19631558107307476,0.6844356565212811,True,4.594926214569839
source_6,p211123CPU2OS48hw384exp036JUMP,13,TC-S-7004,field,1.84,False,0.43608356255387026,-0.13254842958207466,0.6739242529366856,True,7.973488918678006
source_6,p211123CPU2OS48hw384exp036JUMP,13,aloxistatin,field,1.84,False,-0.00017364212175154797,0.03452617580861835,0.48353647380724174,False,3.486877316997811
source_7,20210719_Run1,1,AMG900,raw,0.67,False,0.5988761690371587,0.16660531570382614,,True,44.549571964064285
source_7,20210719_Run1,1,dexamethasone,raw,0.67,False,0.755303788858759,0.17734045611045382,,True,7.651222171035697
source_7,20210719_Run1,1,FK-866,raw,0.67,False,0.7515959813359441,0.34947415389170905,,True,26.564896039380713
source_7,20210719_Run1,1,LY2109761,raw,0.67,False,0.7791392522337883,0.21967540870010469,,True,20.933333280945263
source_7,20210719_Run1,1,NVS-PAK1-1,raw,0.67,False,0.5217562263959239,0.20552427385967365,,True,23.265915542944285
source_7,20210719_Run1,1,quinidine,raw,0.67,False,0.6177786571998791,0.30961030779915977,,False,6.436777986983595
source_7,20210719_Run1,1,TC-S-7004,raw,0.67,False,0.32568733971144714,0.2709850846763418,,False,59.704940649263875
source_7,20210719_Run1,1,aloxistatin,raw,0.67,False,0.6150612077722581,0.1740210075283532,,True,7.696262415411895
source_7,20210723_Run2,2,AMG900,raw,1.53,False,0.5877697004830862,0.137868085477912,0.9864224401715116,True,47.703303645902174
source_7,20210723_Run2,2,dexamethasone,raw,1.53,False,0.7767613138732006,0.17749034092926905,0.9065170333157313,True,8.612009828436554
source_7,20210723_Run2,2,FK-866,raw,1.53,False,0.7693457168051916,0.33835734452051075,0.9847759783238865,True,24.844693096863942
source_7,20210723_Run2,2,LY2109761,raw,1.53,False,0.755557840448952,0.21620140237346108,0.9709674572678832,True,22.538517314271363
source_7,20210723_Run2,2,NVS-PAK1-1,raw,1.53,False,0.5188010555118606,0.20290127543129932,0.9696609359312373,True,25.077490547428273
source_7,20210723_Run2,2,quinidine,raw,1.53,False,0.6057236611360848,0.28686862597648055,0.9497719002737026,False,6.090413741397637
source_7,20210723_Run2,2,TC-S-7004,raw,1.53,False,0.33297938914055064,0.25269410691832167,0.9878192309161614,False,60.886038398957716
source_7,20210723_Run2,2,aloxistatin,raw,1.53,False,0.6721379495260511,0.20589943805299787,0.9587810541264769,True,7.381269146415113
source_7,20210727_Run3,3,AMG900,raw,1.64,False,0.5768437125894907,0.14552081570506287,0.9817198234034749,True,47.08081504924259
source_7,20210727_Run3,3,dexamethasone,raw,1.64,False,0.8167170172292968,0.17780528634866943,0.9371905353102326,True,8.096857315044005
source_7,20210727_Run3,3,FK-866,raw,1.64,False,0.7239868210935602,0.3458768818750459,0.9827207906202539,True,27.22792211246992
source_7,20210727_Run3,3,LY2109761,raw,1.64,False,0.7965641696096344,0.22929471711174804,0.9830623383520445,True,20.758510947990995
source_7,20210727_Run3,3,NVS-PAK1-1,raw,1.64,False,0.5218866101424002,0.21978180467868597,0.9640547569840179,True,23.597811025138665
source_7,20210727_Run3,3,quinidine,raw,1.64,False,0.6637365818938776,0.3222917331800013,0.9055064122806284,False,6.581317515706665
source_7,20210727_Run3,3,TC-S-7004,raw,1.64,False,0.28911672924734944,0.25076246569443406,0.9826634043455189,False,58.68222809307126
source_7,20210727_Run3,3,aloxistatin,raw,1.64,False,0.6743238894047805,0.19091603994431622,0.9560325804581248,True,8.294227167917564
source_7,20210731_Run4,4,AMG900,raw,1.69,False,0.5634723836630449,0.15221902136945836,0.9747906882875675,True,46.017979426641745
source_7,20210731_Run4,4,dexamethasone,raw,1.69,False,0.7316902641178269,0.1810179579473718,0.8837445130882601,True,8.6997899060497
source_7,20210731_Run4,4,FK-866,raw,1.69,False,0.6947732240970707,0.32946868635984367,0.9780563296977454,True,27.255892162990026
source_7,20210731_Run4,4,LY2109761,raw,1.69,False,0.7466223180595672,0.21284259129490185,0.9828458325121463,True,21.241942179026033
source_7,20210731_Run4,4,NVS-PAK1-1,raw,1.69,False,0.48411922318160694,0.19663532588601237,0.974069749609408,True,25.199577287444985
source_7,20210731_Run4,4,quinidine,raw,1.69,False,0.5844139605184737,0.26842968078369,0.9363135440618697,False,7.082119702166622
source_7,20210731_Run4,4,TC-S-7004,raw,1.69,False,0.3154937704707122,0.244910754585225,0.9859816185110748,False,56.681276909085916
source_7,20210731_Run4,4,aloxistatin,raw,1.69,False,0.6247069142730253,0.1892278283117418,0.9419240065983093,True,8.11390148347688
source_7,20210803_Run5,5,AMG900,raw,1.53,False,0.5095400751644843,0.14369231630147566,0.9699685009845983,True,45.55365700307024
source_7,20210803_Run5,5,dexamethasone,raw,1.53,False,0.6960104795015971,0.1390106201313472,0.9400445315102608,True,7.711599584950123
source_7,20210803_Run5,5,FK-866,raw,1.53,False,0.6073321347513698,0.31660359229213425,0.9384007226628912,True,32.41062788891363
source_7,20210803_Run5,5,LY2109761,raw,1.53,False,0.7771808916429896,0.23522838762772605,0.9660273156335883,True,19.097544509363633
source_7,20210803_Run5,5,NVS-PAK1-1,raw,1.53,False,0.456720693458643,0.19477641381411873,0.9612954375383238,True,22.95437257166297
source_7,20210803_Run5,5,quinidine,raw,1.53,False,0.6113790840486506,0.3227451177465649,0.8894750087833329,False,6.894308520794864
source_7,20210803_Run5,5,TC-S-7004,raw,1.53,False,0.2332508387043047,0.22385182500791484,0.9592768406417592,False,61.09437940023388
source_7,20210803_Run5,5,aloxistatin,raw,1.53,False,0.5917864207242556,0.15029226630522313,0.9622102286737746,True,8.467934592736224
source_7,20211121_Run6,6,AMG900,raw,1.88,False,0.5687603419694601,0.16267070124060495,0.9669105600250737,True,48.50224704399513
source_7,20211121_Run6,6,dexamethasone,raw,1.88,False,0.7065331642437772,0.13887297316231378,0.6095839741495034,True,8.772855012608627
source_7,20211121_Run6,6,FK-866,raw,1.88,False,0.5938638816983872,0.334904266571253,0.8890173687513118,True,33.61202520672587
source_7,20211121_Run6,6,LY2109761,raw,1.88,False,0.7560838630615405,0.23247710725591617,0.9032634085691773,True,24.084978825898506
source_7,20211121_Run6,6,NVS-PAK1-1,raw,1.88,False,0.4593655415448816,0.22095025742598873,0.9293579331682265,True,27.404874331869618
source_7,20211121_Run6,6,quinidine,raw,1.88,False,0.5967689070648569,0.27275369616756046,0.6126898043169862,True,8.121809893621604
source_7,20211121_Run6,6,TC-S-7004,raw,1.88,False,0.3172930887950153,0.25127529600609727,0.9703001630877552,True,59.73731125879594
source_7,20211121_Run6,6,aloxistatin,raw,1.88,False,0.5568175992821542,0.293933444923749,0.7313947418125858,True,9.623745452990159
source_7,20211126_Run7,7,AMG900,raw,2.21,False,0.5828794102321975,0.13329125219039334,0.9653008484772988,True,46.93434589476849
source_7,20211126_Run7,7,dexamethasone,raw,2.21,False,0.6791106633071974,0.1998973433919062,0.7239730402609257,True,7.435985386088999
source_7,20211126_Run7,7,FK-866,raw,2.21,False,0.7894459134591677,0.33454404955528483,0.945278186260712,True,24.505356588063574
source_7,20211126_Run7,7,LY2109761,raw,2.21,False,0.7267377756550517,0.19206433528699315,0.894491884016318,True,22.039163373256116
source_7,20211126_Run7,7,NVS-PAK1-1,raw,2.21,False,0.5597579603214631,0.17743508788314233,0.9004906142811453,True,24.693955409328506
source_7,20211126_Run7,7,quinidine,raw,2.21,False,0.5827905332607927,0.22101941304724507,0.5468087611416551,True,5.999911867363115
source_7,20211126_Run7,7,TC-S-7004,raw,2.21,False,0.3599177033942912,0.24240425889297243,0.9662538624775971,True,57.362480989212955
source_7,20211126_Run7,7,aloxistatin,raw,2.21,False,0.36348756098331886,0.24468634239805878,0.5728749435900151,True,7.436713908273547
source_7,20211211_Run9M,8,AMG900,raw,2.71,False,0.5375922678955315,0.12072445998225492,0.9542531156126977,True,52.963194194364185
source_7,20211211_Run9M,8,dexamethasone,raw,2.71,False,0.7490361823775513,0.17797375211490968,0.7969725613665395,True,8.156376062703712
source_7,20211211_Run9M,8,FK-866,raw,2.71,False,0.6695929571830201,0.3110817196395583,0.8953841016988358,True,35.756709445646194
source_7,20211211_Run9M,8,LY2109761,raw,2.71,False,0.7949070393218728,0.22834124470395148,0.9033172726372726,True,24.2352166405591
source_7,20211211_Run9M,8,NVS-PAK1-1,raw,2.71,False,0.47490014588337726,0.19882133451391865,0.9243412828393343,True,26.87606907696003
source_7,20211211_Run9M,8,quinidine,raw,2.71,False,0.5475731470126848,0.2760600982216884,0.6577530433378763,False,9.033187218037195
source_7,20211211_Run9M,8,TC-S-7004,raw,2.71,False,0.3044234191518306,0.22065793227110952,0.9571938667860436,False,66.9491371730716
source_7,20211211_Run9M,8,aloxistatin,raw,2.71,False,0.436969958583774,0.19005377150989572,0.5984726007973489,True,7.030956833818049
source_7,20210719_Run1,1,AMG900,own,0.67,False,0.6037738970549549,0.10355308617622534,,True,150.6592075399226
source_7,20210719_Run1,1,dexamethasone,own,0.67,False,0.7526611861410377,0.1724801994722799,,True,29.526043109380552
source_7,20210719_Run1,1,FK-866,own,0.67,False,0.7139032082124704,0.2989928556252616,,True,96.32211820992012
source_7,20210719_Run1,1,LY2109761,own,0.67,False,0.7761908209233457,0.20951886518769736,,True,82.43581603920778
source_7,20210719_Run1,1,NVS-PAK1-1,own,0.67,False,0.4514009096848042,0.1804335261416421,,True,92.88216454108286
source_7,20210719_Run1,1,quinidine,own,0.67,False,0.5563844358683647,0.2875013213197128,,False,24.292364384904047
source_7,20210719_Run1,1,TC-S-7004,own,0.67,False,0.28798585407266664,0.2462506480865665,,False,214.8654411144657
source_7,20210719_Run1,1,aloxistatin,own,0.67,False,0.6239176183978787,0.16252415251766691,,True,28.53802556242592
source_7,20210723_Run2,2,AMG900,own,1.53,False,0.5803252759517892,0.08412747445203761,0.9581948939930118,True,180.1729626360434
source_7,20210723_Run2,2,dexamethasone,own,1.53,False,0.7576577018354335,0.1757534912117921,0.9680602092302071,True,39.02952182839938
source_7,20210723_Run2,2,FK-866,own,1.53,False,0.7385408890330294,0.300388525167521,0.983877826003701,True,99.65606319945256
source_7,20210723_Run2,2,LY2109761,own,1.53,False,0.7760484978609807,0.22007447592002535,0.9829342991939485,True,95.82190527908347
source_7,20210723_Run2,2,NVS-PAK1-1,own,1.53,False,0.48665369857341595,0.2327957166807571,0.9401985159025286,True,87.1582004204404
source_7,20210723_Run2,2,quinidine,own,1.53,False,0.5181606955073711,0.25450249902507205,0.9679376418910843,False,27.941191448091985
source_7,20210723_Run2,2,TC-S-7004,own,1.53,False,0.29086064817279367,0.2333697357089976,0.9404908841059161,False,249.3551087485336
source_7,20210723_Run2,2,aloxistatin,own,1.53,False,0.6651803309718962,0.17410120818875072,0.9429266615377142,True,34.10387717075497
source_7,20210727_Run3,3,AMG900,own,1.64,False,0.5726153351186565,0.07859047931460947,0.9437907978102682,True,180.10536744943943
source_7,20210727_Run3,3,dexamethasone,own,1.64,False,0.8000751575441458,0.17659754098186808,0.9527863137794477,True,34.3624518930488
source_7,20210727_Run3,3,FK-866,own,1.64,False,0.7064486632387126,0.2972249103870143,0.9711312157902503,True,105.40818198322592
source_7,20210727_Run3,3,LY2109761,own,1.64,False,0.80191006638903,0.22694624447279743,0.976045294984817,True,86.65532722269282
source_7,20210727_Run3,3,NVS-PAK1-1,own,1.64,False,0.5029047359142613,0.24596251849870612,0.9072520629852778,True,79.62677308413996
source_7,20210727_Run3,3,quinidine,own,1.64,False,0.6217638956513034,0.29495963843453665,0.947640256392825,False,27.76495672289671
source_7,20210727_Run3,3,TC-S-7004,own,1.64,False,0.21816984252747984,0.21592994938110727,0.9126169615817205,False,241.74508433454977
source_7,20210727_Run3,3,aloxistatin,own,1.64,False,0.7030197115919102,0.16948418223302694,0.9511663620364792,True,36.01478514224863
source_7,20210731_Run4,4,AMG900,own,1.69,False,0.6305082359417306,0.06438932755701635,0.9217957567568325,True,139.4110563461099
source_7,20210731_Run4,4,dexamethasone,own,1.69,False,0.6291880336624045,0.172656980444692,0.8792354423152318,True,24.725278854116606
source_7,20210731_Run4,4,FK-866,own,1.69,False,0.655637010547837,0.28907748022967944,0.9431899528324363,True,69.94209330193506
source_7,20210731_Run4,4,LY2109761,own,1.69,False,0.7141304181458055,0.19401138771281165,0.9398888314718774,True,60.945274873578555
source_7,20210731_Run4,4,NVS-PAK1-1,own,1.69,False,0.49699422503714663,0.18486361034834192,0.939932527884493,True,65.42837786658778
source_7,20210731_Run4,4,quinidine,own,1.69,False,0.500839380054163,0.24617965743261636,0.8941706427859274,False,19.925510844385457
source_7,20210731_Run4,4,TC-S-7004,own,1.69,False,0.2959690516714802,0.1719611764683509,0.9025654572150915,False,158.74854524134628
source_7,20210731_Run4,4,aloxistatin,own,1.69,False,0.6341599283976875,0.17921688430027355,0.884234423580861,True,23.551898101490252
source_7,20210803_Run5,5,AMG900,own,1.53,False,0.5161550483823951,0.10232461927975312,0.9310004517601987,True,141.08747077913122
source_7,20210803_Run5,5,dexamethasone,own,1.53,False,0.6283990410099107,0.13370136993041695,0.9499051219050261,True,29.368243098127728
source_7,20210803_Run5,5,FK-866,own,1.53,False,0.6311254343911099,0.2902806646670135,0.9441518199215593,True,103.48599003818202
source_7,20210803_Run5,5,LY2109761,own,1.53,False,0.7847935734541321,0.23073126560903967,0.9740707059815408,True,70.28429993513453
source_7,20210803_Run5,5,NVS-PAK1-1,own,1.53,False,0.47415478425394175,0.22337038340075324,0.9265578321081688,True,64.85744414985837
source_7,20210803_Run5,5,quinidine,own,1.53,False,0.5447296882589916,0.28673206964121717,0.9693597828624017,False,25.06864405350489
source_7,20210803_Run5,5,TC-S-7004,own,1.53,False,0.19177381763110635,0.21563709726131403,0.8889520514282994,False,195.15000952606323
source_7,20210803_Run5,5,aloxistatin,own,1.53,False,0.5991080963713145,0.11808774653349682,0.9713321685713832,True,32.08276178471047
source_7,20211121_Run6,6,AMG900,own,1.88,False,0.5665258818193595,0.10156754379360941,0.9374073731556741,True,224.45389854465074
source_7,20211121_Run6,6,dexamethasone,own,1.88,False,0.8329272783800091,0.18532443515974956,0.7209063465392127,True,39.198609239005755
source_7,20211121_Run6,6,FK-866,own,1.88,False,0.5978685273183028,0.314866928151539,0.8999164271267502,True,149.47343760415038
source_7,20211121_Run6,6,LY2109761,own,1.88,False,0.8265837273486651,0.23671055232125182,0.9216677560210247,True,123.5908273005571
source_7,20211121_Run6,6,NVS-PAK1-1,own,1.88,False,0.4261161208167959,0.2587311508512637,0.8502626997973659,False,113.05761569712863
source_7,20211121_Run6,6,quinidine,own,1.88,False,0.7553805715857933,0.27305548651254086,0.5364664041246061,True,36.486027204904715
source_7,20211121_Run6,6,TC-S-7004,own,1.88,False,0.2449798857905197,0.2432939195273732,0.9138882567928157,False,291.224555513522
source_7,20211121_Run6,6,aloxistatin,own,1.88,False,0.6315125850063971,0.28955356350963896,0.6677346428974495,True,46.1488529098034
source_7,20211126_Run7,7,AMG900,own,2.21,False,0.6487913519418649,0.08980203819122275,0.9086519398540595,True,203.90982371838763
source_7,20211126_Run7,7,dexamethasone,own,2.21,False,0.6995084264222824,0.2199257389162297,0.7713479148683801,True,32.255735046391024
source_7,20211126_Run7,7,FK-866,own,2.21,False,0.7623978715106849,0.3012503334715491,0.9305420400745081,True,108.88556698581677
source_7,20211126_Run7,7,LY2109761,own,2.21,False,0.7961766314447511,0.2009164991412453,0.9142947149704508,True,102.95285576071075
source_7,20211126_Run7,7,NVS-PAK1-1,own,2.21,False,0.6211265964238247,0.20143531184918498,0.8087079576450827,True,94.05897425436468
source_7,20211126_Run7,7,quinidine,own,2.21,False,0.7404927500498272,0.27643443169572773,0.5700637715109713,True,21.867738700886715
source_7,20211126_Run7,7,TC-S-7004,own,2.21,False,0.3602345066726339,0.24925390618379908,0.8699558842485562,False,241.7814527291122
source_7,20211126_Run7,7,aloxistatin,own,2.21,False,0.40422188000517223,0.2230189263065713,0.6704299513273023,False,34.3651515928942
source_7,20211211_Run9M,8,AMG900,own,2.71,False,0.5961889179914669,0.07541000599833766,0.9305931236275928,True,227.52511268868122
source_7,20211211_Run9M,8,dexamethasone,own,2.71,False,0.8063843125075913,0.15422700266967657,0.8510279541637923,True,35.79422608915652
source_7,20211211_Run9M,8,FK-866,own,2.71,False,0.6917591374160987,0.2800647546543488,0.8808838971901003,True,147.80861130872108
source_7,20211211_Run9M,8,LY2109761,own,2.71,False,0.8180662970005277,0.2410858855971956,0.9439982052757767,True,108.6834347307251
source_7,20211211_Run9M,8,NVS-PAK1-1,own,2.71,False,0.4248349996682058,0.22329970336867147,0.897546825539409,True,105.52597819176368
source_7,20211211_Run9M,8,quinidine,own,2.71,False,0.600762726756092,0.28734926423881724,0.7306362151682417,False,38.72150595661315
source_7,20211211_Run9M,8,TC-S-7004,own,2.71,False,0.2774539929231168,0.21455437244133505,0.8938721892515804,False,282.1044883662563
source_7,20211211_Run9M,8,aloxistatin,own,2.71,False,0.5443955340948528,0.1925615275166546,0.7274721372131672,True,25.966381623443638
source_7,20210719_Run1,1,AMG900,scaled,0.67,False,0.6245814995052852,0.05828339214648471,,True,34.55890337100624
source_7,20210719_Run1,1,dexamethasone,scaled,0.67,False,0.721027427161788,0.15003286999118054,,True,5.704866208624389
source_7,20210719_Run1,1,FK-866,scaled,0.67,False,0.7026649712721684,0.22852479003687096,,True,20.63396262332322
source_7,20210719_Run1,1,LY2109761,scaled,0.67,False,0.7548555849664318,0.143108209135427,,True,17.178987668311372
source_7,20210719_Run1,1,NVS-PAK1-1,scaled,0.67,False,0.5094992711619752,0.11498886097876242,,True,18.455014657040728
source_7,20210719_Run1,1,quinidine,scaled,0.67,False,0.5418666583856817,0.2616997642569681,,False,4.6099991393621
source_7,20210719_Run1,1,TC-S-7004,scaled,0.67,False,0.3094214878496893,0.16581983574580358,,False,41.43939466343003
source_7,20210719_Run1,1,aloxistatin,scaled,0.67,False,0.5391193900807092,0.10564439756712476,,True,5.98767517147856
source_7,20210723_Run2,2,AMG900,scaled,1.53,False,0.6032135642676522,0.05952882965319632,0.9616043531242497,True,36.597222573326995
source_7,20210723_Run2,2,dexamethasone,scaled,1.53,False,0.7486534477172563,0.1607066555136136,0.9259253515536339,True,6.574146946513587
source_7,20210723_Run2,2,FK-866,scaled,1.53,False,0.7242501983971886,0.23913994387736498,0.9564667364746706,True,19.08367445259534
source_7,20210723_Run2,2,LY2109761,scaled,1.53,False,0.741932437351399,0.14598114389669722,0.9505011161788529,True,18.31066910531024
source_7,20210723_Run2,2,NVS-PAK1-1,scaled,1.53,False,0.5629105079410921,0.12493258070132875,0.945772647137323,True,18.96442706530055
source_7,20210723_Run2,2,quinidine,scaled,1.53,False,0.5567910897044697,0.24973602827430122,0.8956445636117336,False,4.56466656376829
source_7,20210723_Run2,2,TC-S-7004,scaled,1.53,False,0.3179239653488021,0.15902395610457726,0.9467541520352849,False,43.64745650802189
source_7,20210723_Run2,2,aloxistatin,scaled,1.53,False,0.6121288777547296,0.15643141160337676,0.9151022308842787,True,5.6063319734265304
source_7,20210727_Run3,3,AMG900,scaled,1.64,False,0.6181179022632822,0.052003911543457494,0.9578423229084296,True,37.10042509324961
source_7,20210727_Run3,3,dexamethasone,scaled,1.64,False,0.7649747413298726,0.15616364869212207,0.9142999416052244,True,6.1235843285314795
source_7,20210727_Run3,3,FK-866,scaled,1.64,False,0.6588436734154501,0.2384376113368418,0.9491660845612133,True,21.291015015293436
source_7,20210727_Run3,3,LY2109761,scaled,1.64,False,0.7762836614890029,0.16137231150160833,0.954776021390663,True,16.62754829974722
source_7,20210727_Run3,3,NVS-PAK1-1,scaled,1.64,False,0.5535941409915991,0.1343091952686944,0.9255181368303096,True,17.702001298147746
source_7,20210727_Run3,3,quinidine,scaled,1.64,False,0.5839145558926805,0.2833044705666565,0.9110267049377774,False,4.875579551003734
source_7,20210727_Run3,3,TC-S-7004,scaled,1.64,False,0.2921591461130537,0.15847920144956862,0.9372256657810407,False,41.98950317394195
source_7,20210727_Run3,3,aloxistatin,scaled,1.64,False,0.5932968305979568,0.12145444738004638,0.925044305821764,True,6.578348304013596
source_7,20210731_Run4,4,AMG900,scaled,1.69,False,0.6182996881329584,0.01475983861986547,0.9294598159799645,True,28.065821070189045
source_7,20210731_Run4,4,dexamethasone,scaled,1.69,False,0.6862764432765162,0.15077323890336894,0.8751051172978837,True,5.003647170863703
source_7,20210731_Run4,4,FK-866,scaled,1.69,False,0.6397035914977828,0.20066604705233687,0.9337542036080012,True,14.893979958705987
source_7,20210731_Run4,4,LY2109761,scaled,1.69,False,0.6916506579451869,0.09457463901852048,0.9492020514229711,True,13.82557006552339
source_7,20210731_Run4,4,NVS-PAK1-1,scaled,1.69,False,0.4997331413176917,0.08707136512094425,0.9369422143611827,True,14.134683811081757
source_7,20210731_Run4,4,quinidine,scaled,1.69,False,0.5035959799992014,0.21333222437119911,0.8532280730797163,False,3.827171125149627
source_7,20210731_Run4,4,TC-S-7004,scaled,1.69,False,0.3093958786922869,0.10175444006400222,0.9294436229037293,False,29.358513682987834
source_7,20210731_Run4,4,aloxistatin,scaled,1.69,False,0.4975397166485309,0.10531692461390081,0.9060071341971041,True,5.1293222781737935
source_7,20210803_Run5,5,AMG900,scaled,1.53,False,0.5832630610772368,0.05360733617057301,0.9596638692111596,True,30.519302659046954
source_7,20210803_Run5,5,dexamethasone,scaled,1.53,False,0.693438697058913,0.14582738150435828,0.9065818297412674,True,5.29532092711608
source_7,20210803_Run5,5,FK-866,scaled,1.53,False,0.5305395485687755,0.22621387476805083,0.9005123401572561,True,21.52372484676351
source_7,20210803_Run5,5,LY2109761,scaled,1.53,False,0.7814751104368762,0.17949958515813197,0.9533679364822141,True,13.710287217194338
source_7,20210803_Run5,5,NVS-PAK1-1,scaled,1.53,False,0.5006818408392131,0.11688514631008241,0.9529583899455291,True,15.824951076522092
source_7,20210803_Run5,5,quinidine,scaled,1.53,False,0.5382676283550474,0.28002522106059724,0.8625257196398566,False,4.544412250403313
source_7,20210803_Run5,5,TC-S-7004,scaled,1.53,False,0.27733497389271583,0.13063358274452613,0.9165180651659882,False,36.67453814123931
source_7,20210803_Run5,5,aloxistatin,scaled,1.53,False,0.5223643043232695,0.0890999905734661,0.9374162462840014,True,6.419463011016691
source_7,20211121_Run6,6,AMG900,scaled,1.88,False,0.5970185492572494,0.061934279762946874,0.9533664981408909,True,45.00376091549199
source_7,20211121_Run6,6,dexamethasone,scaled,1.88,False,0.6938320421233055,0.12607447198478305,0.6156160395628454,True,8.616318053136771
source_7,20211121_Run6,6,FK-866,scaled,1.88,False,0.5346847900772151,0.21123466106284422,0.8742209188745688,True,31.91156204025586
source_7,20211121_Run6,6,LY2109761,scaled,1.88,False,0.7481239400225244,0.1694590703871335,0.9075607358571263,True,22.93657438137395
source_7,20211121_Run6,6,NVS-PAK1-1,scaled,1.88,False,0.5131350305017177,0.1276085052775434,0.9296948206473312,True,25.820132065455144
source_7,20211121_Run6,6,quinidine,scaled,1.88,False,0.46123756444617275,0.21484657350258826,0.5913117380986915,True,8.071166843351744
source_7,20211121_Run6,6,TC-S-7004,scaled,1.88,False,0.31923018787288376,0.14475004446785905,0.9444613313117081,False,51.76428228273989
source_7,20211121_Run6,6,aloxistatin,scaled,1.88,False,0.45095570112665734,0.19474372528713063,0.7132452840193244,True,9.741683657089727
source_7,20211126_Run7,7,AMG900,scaled,2.21,False,0.641414607259408,0.07435289306371594,0.9366636048116592,True,42.435664267447734
source_7,20211126_Run7,7,dexamethasone,scaled,2.21,False,0.7515845774094034,0.19535340879124763,0.758899345580321,True,6.835800791424626
source_7,20211126_Run7,7,FK-866,scaled,2.21,False,0.7491295170569543,0.23612469293963484,0.8804695968867174,True,24.230833785215218
source_7,20211126_Run7,7,LY2109761,scaled,2.21,False,0.7704198088396517,0.16717337016825753,0.9004224234010894,True,21.175015826655194
source_7,20211126_Run7,7,NVS-PAK1-1,scaled,2.21,False,0.5508452710848137,0.13853740734554532,0.8562833019802074,True,21.45127824522483
source_7,20211126_Run7,7,quinidine,scaled,2.21,False,0.6575572080585961,0.23617457546271425,0.6222043083120947,True,5.105402337802096
source_7,20211126_Run7,7,TC-S-7004,scaled,2.21,False,0.36168289507809676,0.17347405725417672,0.9332540205360372,False,47.17381534150841
source_7,20211126_Run7,7,aloxistatin,scaled,2.21,False,0.43864250767150914,0.21062892003208697,0.692347728254368,True,5.9665761084552935
source_7,20211211_Run9M,8,AMG900,scaled,2.71,False,0.5637488306943528,0.03519110949118642,0.9162386297939864,True,42.51110240076264
source_7,20211211_Run9M,8,dexamethasone,scaled,2.71,False,0.7301150968987453,0.13063176443759295,0.7510080018143002,True,6.874316419041087
source_7,20211211_Run9M,8,FK-866,scaled,2.71,False,0.6032895018718039,0.22368705048577758,0.8370302232635191,True,27.64813859193388
source_7,20211211_Run9M,8,LY2109761,scaled,2.71,False,0.7317030008437498,0.14402637435390275,0.9001636077475943,True,20.429308466284933
source_7,20211211_Run9M,8,NVS-PAK1-1,scaled,2.71,False,0.5427589230949104,0.1170923693854196,0.9044642911615695,True,20.964333031333123
source_7,20211211_Run9M,8,quinidine,scaled,2.71,False,0.5187457621040137,0.229663154497908,0.5860919367588419,True,7.13194574595705
source_7,20211211_Run9M,8,TC-S-7004,scaled,2.71,False,0.32073939677493646,0.12166391178188128,0.9257636120322079,False,49.544122071641866
source_7,20211211_Run9M,8,aloxistatin,scaled,2.71,False,0.4150077002649276,0.18760265788332256,0.5166283732530731,True,4.903977454762607
source_7,20210719_Run1,1,AMG900,field,0.67,False,0.7427917802246808,0.06634759655164345,,True,54.82376203144651
source_7,20210719_Run1,1,dexamethasone,field,0.67,False,0.7581197290880858,0.14430286238636045,,True,12.068613297207781
source_7,20210719_Run1,1,FK-866,field,0.67,False,0.827914440225403,0.30559726048796026,,True,36.845215898405804
source_7,20210719_Run1,1,LY2109761,field,0.67,False,0.817468560958168,0.19141421096665795,,True,31.665388859638032
source_7,20210719_Run1,1,NVS-PAK1-1,field,0.67,False,0.6004877913525726,0.1909192806846767,,True,35.534699836922314
source_7,20210719_Run1,1,quinidine,field,0.67,False,0.6163366912089304,0.2847283101186983,,False,9.545243185480636
source_7,20210719_Run1,1,TC-S-7004,field,0.67,False,0.4573142968735576,0.2432103262213234,,True,71.32758427525691
source_7,20210719_Run1,1,aloxistatin,field,0.67,False,0.6524633004312921,0.14528230086140015,,True,12.679918859218448
source_7,20210723_Run2,2,AMG900,field,1.53,False,0.6697379304577686,0.062342323775094924,0.9460275003197,True,61.90061921810862
source_7,20210723_Run2,2,dexamethasone,field,1.53,False,0.7844941478110867,0.14543645860986534,0.9634159248245565,True,13.570669137522357
source_7,20210723_Run2,2,FK-866,field,1.53,False,0.8377625108256546,0.28134229497177327,0.9682004613415748,True,38.08748652311176
source_7,20210723_Run2,2,LY2109761,field,1.53,False,0.7907000327415956,0.20192159243787286,0.9693170481641753,True,32.84979973623239
source_7,20210723_Run2,2,NVS-PAK1-1,field,1.53,False,0.5966883285744953,0.22055170524030482,0.9646730841656612,True,34.351506756070414
source_7,20210723_Run2,2,quinidine,field,1.53,False,0.5778476550247393,0.2626339090636172,0.9649581238595576,False,9.463644470996584
source_7,20210723_Run2,2,TC-S-7004,field,1.53,False,0.37387879555119596,0.22726825056432415,0.9270352850424647,False,81.61256864702422
source_7,20210723_Run2,2,aloxistatin,field,1.53,False,0.6785676361592192,0.1767848551796771,0.9475197491140768,True,12.23467605802986
source_7,20210727_Run3,3,AMG900,field,1.64,False,0.6578728618876195,0.05736731604839501,0.9376395205744315,True,66.05674474292215
source_7,20210727_Run3,3,dexamethasone,field,1.64,False,0.8023074225674091,0.12761934448530599,0.9514030177022299,True,11.87384351898197
source_7,20210727_Run3,3,FK-866,field,1.64,False,0.7873756770210767,0.28289659959249686,0.9442784972948137,True,40.55899066665041
source_7,20210727_Run3,3,LY2109761,field,1.64,False,0.829734351999145,0.2163136514275574,0.9593737789315055,True,28.77420659556065
source_7,20210727_Run3,3,NVS-PAK1-1,field,1.64,False,0.6100074995933241,0.23154822635072073,0.9386838520117649,True,32.093140822978114
source_7,20210727_Run3,3,quinidine,field,1.64,False,0.6632394910362249,0.29578728059992143,0.9514545762755582,False,9.400247337881797
source_7,20210727_Run3,3,TC-S-7004,field,1.64,False,0.3417836932232222,0.2007541323291866,0.9047833599220703,False,84.00630944924335
source_7,20210727_Run3,3,aloxistatin,field,1.64,False,0.6530313864671735,0.14103076748648843,0.954677479606839,True,12.633948718901769
source_7,20210731_Run4,4,AMG900,field,1.69,False,0.6927278090664629,0.0347372668149454,0.9384453742614476,True,63.48788078129866
source_7,20210731_Run4,4,dexamethasone,field,1.69,False,0.7032504673672964,0.1165181023669571,0.90117024612978,True,12.15938795492223
source_7,20210731_Run4,4,FK-866,field,1.69,False,0.7724247028127258,0.26037691214823366,0.9193923141161365,True,35.00026822987586
source_7,20210731_Run4,4,LY2109761,field,1.69,False,0.771042935746014,0.18630996780531064,0.9579225603641304,True,30.92152610907328
source_7,20210731_Run4,4,NVS-PAK1-1,field,1.69,False,0.5875895753748908,0.18224143413073568,0.9735334786154922,True,33.207286460787834
source_7,20210731_Run4,4,quinidine,field,1.69,False,0.5534424003769247,0.2194640006770899,0.9175676180370869,False,9.437101312820266
source_7,20210731_Run4,4,TC-S-7004,field,1.69,False,0.36552625633954544,0.17578650142663957,0.8924329886782039,True,71.01911176841038
source_7,20210731_Run4,4,aloxistatin,field,1.69,False,0.5525343808451624,0.12073627501071806,0.8910787022468679,True,12.265995475472565
source_7,20210803_Run5,5,AMG900,field,1.53,False,0.6395465569302807,0.06491481830012549,0.9395520147374725,True,51.6145515883456
source_7,20210803_Run5,5,dexamethasone,field,1.53,False,0.6913883501956057,0.10193997884966917,0.9518720269770768,True,12.524931857414549
source_7,20210803_Run5,5,FK-866,field,1.53,False,0.7281123702503614,0.30084845239519276,0.927735284896303,True,39.41199984050207
source_7,20210803_Run5,5,LY2109761,field,1.53,False,0.7974815347007531,0.21076066115661649,0.9603299430041788,True,28.396373127034245
source_7,20210803_Run5,5,NVS-PAK1-1,field,1.53,False,0.5745042744126809,0.1899342036236383,0.9629131297159728,True,29.289469539453865
source_7,20210803_Run5,5,quinidine,field,1.53,False,0.635213947547602,0.2858438858166949,0.959560003822215,False,10.223592816102055
source_7,20210803_Run5,5,TC-S-7004,field,1.53,False,0.3362703387238616,0.1994842665209788,0.9068560446203352,False,65.36144985747205
source_7,20210803_Run5,5,aloxistatin,field,1.53,False,0.5723318409643245,0.10429134108953995,0.9573025148845917,True,13.25127833660638
source_7,20211121_Run6,6,AMG900,field,1.88,False,0.6417457874474639,0.03862583777767958,0.8979161824715576,True,70.3885085782567
source_7,20211121_Run6,6,dexamethasone,field,1.88,False,0.7695668664495809,0.12858277396252868,0.7570208490213001,True,13.698672265994782
source_7,20211121_Run6,6,FK-866,field,1.88,False,0.6177625398635824,0.29450239421817315,0.8152856170387033,True,44.077223342111125
source_7,20211121_Run6,6,LY2109761,field,1.88,False,0.8284999364727152,0.20796112088616217,0.8810967068690595,True,43.21295912998857
source_7,20211121_Run6,6,NVS-PAK1-1,field,1.88,False,0.46957216418394304,0.2214623599303281,0.8765158365175084,True,43.647129150346686
source_7,20211121_Run6,6,quinidine,field,1.88,False,0.6125271758008767,0.24437590274376622,0.5616188909372297,True,11.167438023109124
source_7,20211121_Run6,6,TC-S-7004,field,1.88,False,0.31632874941998773,0.18426914617396137,0.8792719982307107,True,82.80205344989258
source_7,20211121_Run6,6,aloxistatin,field,1.88,False,0.6170953196801231,0.24781968844985944,0.753555830668541,True,16.078308419742363
source_7,20211126_Run7,7,AMG900,field,2.21,False,0.649708499641255,0.05019757691964771,0.8983116514257401,True,72.35745531897294
source_7,20211126_Run7,7,dexamethasone,field,2.21,False,0.7622903439854678,0.2091935056965851,0.8136512178135734,True,12.456782154175944
source_7,20211126_Run7,7,FK-866,field,2.21,False,0.8035583893807965,0.3018604952201744,0.9267737372937612,True,40.59549721223741
source_7,20211126_Run7,7,LY2109761,field,2.21,False,0.8092534869488635,0.19272070761592072,0.9111610451062229,True,36.645842915267046
source_7,20211126_Run7,7,NVS-PAK1-1,field,2.21,False,0.6315140732026505,0.20295117936114945,0.8879757089306128,True,35.53696016684797
source_7,20211126_Run7,7,quinidine,field,2.21,False,0.7576780222775281,0.27377770082257513,0.6066547810639904,True,8.32596685779298
source_7,20211126_Run7,7,TC-S-7004,field,2.21,False,0.39735629673727446,0.21962054443130005,0.9085186868080009,True,85.70900770879335
source_7,20211126_Run7,7,aloxistatin,field,2.21,False,0.5040893584896577,0.2439909426520124,0.7387595323745961,True,12.811570518123718
source_7,20211211_Run9M,8,AMG900,field,2.71,False,0.6082057487428749,0.022681915016124553,0.9122844454769851,True,84.05716000734108
source_7,20211211_Run9M,8,dexamethasone,field,2.71,False,0.8344743131936505,0.17447524099289713,0.8161656044152742,True,12.935529370289856
source_7,20211211_Run9M,8,FK-866,field,2.71,False,0.7388506616986577,0.28554914216315813,0.8628083182919337,True,55.250315827243575
source_7,20211211_Run9M,8,LY2109761,field,2.71,False,0.8245519298414062,0.21406514225901777,0.9306271412348784,True,40.49383110833213
source_7,20211211_Run9M,8,NVS-PAK1-1,field,2.71,False,0.4915813241866179,0.20378191999513046,0.9025010988006955,True,39.960812709363694
source_7,20211211_Run9M,8,quinidine,field,2.71,False,0.5887920956525441,0.27578365071747424,0.7023420936747666,False,13.961311696102007
source_7,20211211_Run9M,8,TC-S-7004,field,2.71,False,0.3393744819944277,0.18537945106239181,0.901291194854389,False,100.63189909289332
source_7,20211211_Run9M,8,aloxistatin,field,2.71,False,0.555151892184521,0.22444909892620743,0.6605498809379526,True,9.661125382228418
source_8,J1,1,AMG900,raw,0.97,False,0.9434246625020051,0.21194183617638637,,True,53.55100459041351
source_8,J1,1,dexamethasone,raw,0.97,False,0.8179736071696934,0.38695555582475955,,True,10.421787073526959
source_8,J1,1,FK-866,raw,0.97,False,0.8363320541913483,0.43794610612139623,,True,22.276912794316956
source_8,J1,1,LY2109761,raw,0.97,False,0.8620426911453677,0.39165908507949926,,True,40.52594697177442
source_8,J1,1,NVS-PAK1-1,raw,0.97,False,0.8912360102008278,0.2691750240434607,,True,33.000278682782515
source_8,J1,1,quinidine,raw,0.97,False,0.7705494388767203,0.3758829534888276,,True,5.534674187059305
source_8,J1,1,TC-S-7004,raw,0.97,False,0.9132986852571554,0.1934542780186637,,True,75.70729550003824
source_8,J1,1,aloxistatin,raw,0.97,False,0.4101894336808054,0.38712536605896003,,False,7.134346317657408
source_8,J2,2,AMG900,raw,1.25,False,0.9406925278908993,0.21171620369274238,0.9964018089211012,True,51.87556810457651
source_8,J2,2,dexamethasone,raw,1.25,False,0.8185769739828606,0.3825397251621846,0.9927881817767589,True,10.081986698353086
source_8,J2,2,FK-866,raw,1.25,False,0.811008370597878,0.4465733534274151,0.9887454655959242,True,23.571308970650996
source_8,J2,2,LY2109761,raw,1.25,False,0.8514187743342856,0.37956438308517865,0.9957897820723228,True,40.51262285682943
source_8,J2,2,NVS-PAK1-1,raw,1.25,False,0.8598617508127918,0.2528391079592066,0.9886044730736313,True,32.82451074606815
source_8,J2,2,quinidine,raw,1.25,False,0.7685525723821851,0.3750092030445162,0.981744140344443,True,5.029981687773398
source_8,J2,2,TC-S-7004,raw,1.25,False,0.9052093373193906,0.17696838106244664,0.9971005996076445,True,71.5037851602757
source_8,J2,2,aloxistatin,raw,1.25,False,0.4345263056198088,0.35371002898034415,0.9687396343924748,False,6.716307766736139
source_8,J3,3,AMG900,raw,1.75,False,0.9420182416531233,0.18997671732521715,0.9863140795278178,True,48.733089483167014
source_8,J3,3,dexamethasone,raw,1.75,False,0.8025301588389504,0.3787948814924421,0.973684526391075,True,9.992816972609551
source_8,J3,3,FK-866,raw,1.75,False,0.8030466588632024,0.44093291934052886,0.9577749273550407,True,24.624664394017955
source_8,J3,3,LY2109761,raw,1.75,False,0.8446165649499446,0.38179770529773205,0.9867166878337077,True,36.53468406057278
source_8,J3,3,NVS-PAK1-1,raw,1.75,False,0.8333229992302386,0.2180148227699495,0.9508951870968185,True,31.571822440534955
source_8,J3,3,quinidine,raw,1.75,False,0.761832902221002,0.4206898050220014,0.9456969209208365,True,5.150655321930358
source_8,J3,3,TC-S-7004,raw,1.75,False,0.8848601655611784,0.14443720267581764,0.9824925337540521,True,67.14242254119122
source_8,J3,3,aloxistatin,raw,1.75,False,0.41850937727367543,0.34828616359918113,0.9453657763342417,False,7.757298076729776
source_8,J4,4,AMG900,raw,1.43,False,0.9539803832562829,0.1865205481716106,0.9907411561730737,True,50.289910554500416
source_8,J4,4,dexamethasone,raw,1.43,False,0.8356175433763161,0.37693872516079796,0.9811198390132546,True,9.913157801648182
source_8,J4,4,FK-866,raw,1.43,False,0.8514758898776007,0.4252671043606298,0.9847037162903824,True,21.96006487580035
source_8,J4,4,LY2109761,raw,1.43,False,0.8505442521037283,0.38951514116119956,0.9925329592136907,True,39.786642922050106
source_8,J4,4,NVS-PAK1-1,raw,1.43,False,0.8699728233671706,0.2471267882687724,0.9822765798503293,True,28.83812951269749
source_8,J4,4,quinidine,raw,1.43,False,0.8095557301867763,0.42243301588036924,0.9639525319777665,True,5.168610514384051
source_8,J4,4,TC-S-7004,raw,1.43,False,0.9102715756770425,0.17158818568622686,0.9929866978002873,True,65.38641720486547
source_8,J4,4,aloxistatin,raw,1.43,False,0.5025770104708809,0.4364520054546593,0.950026765216956,False,6.362551190883731
source_8,J1,1,AMG900,own,0.97,False,0.9568744082000782,0.07138518064574295,,True,278.0946945193263
source_8,J1,1,dexamethasone,own,0.97,False,0.840746361603967,0.3142891549705382,,True,38.1367305486116
source_8,J1,1,FK-866,own,0.97,False,0.844317157375334,0.3777180223181045,,True,85.4077166625925
source_8,J1,1,LY2109761,own,0.97,False,0.8964976273343062,0.27834981551807286,,True,154.25964638789316
source_8,J1,1,NVS-PAK1-1,own,0.97,False,0.8907728644271993,0.19436317704444211,,True,120.86318334808134
source_8,J1,1,quinidine,own,0.97,False,0.7785113610284624,0.34024620670202516,,True,18.31801580687633
source_8,J1,1,TC-S-7004,own,0.97,False,0.8780460618200803,0.14272345436212522,,True,332.45970554227193
source_8,J1,1,aloxistatin,own,0.97,False,0.43059948042398055,0.3276596978823917,,False,23.713635195849363
source_8,J2,2,AMG900,own,1.25,False,0.9507813915277686,0.07394854680103734,0.9980761276212666,True,267.596471766793
source_8,J2,2,dexamethasone,own,1.25,False,0.8238996900057399,0.3053126070629307,0.9889915006305572,True,35.817178153736144
source_8,J2,2,FK-866,own,1.25,False,0.822264709158848,0.3872197152824824,0.9874888403568931,True,87.07705728280905
source_8,J2,2,LY2109761,own,1.25,False,0.8759233323207948,0.25747871337245465,0.9955651388392679,True,149.23224602089897
source_8,J2,2,NVS-PAK1-1,own,1.25,False,0.8565798954451531,0.18404997266007742,0.9892645018816781,True,115.14024439484459
source_8,J2,2,quinidine,own,1.25,False,0.7764807481164389,0.3489350066466058,0.9784117489770933,True,15.404880965363885
source_8,J2,2,TC-S-7004,own,1.25,False,0.8661006348556357,0.14041717395979056,0.9936635279751702,True,306.25369383643596
source_8,J2,2,aloxistatin,own,1.25,False,0.44125278276459223,0.2951280097625825,0.9626680895546647,False,21.440683695059274
source_8,J3,3,AMG900,own,1.75,False,0.9465372670727568,0.04190780028595764,0.9937813267147719,True,262.07217824848095
source_8,J3,3,dexamethasone,own,1.75,False,0.8385420508751036,0.3046525766894878,0.9710124921913099,True,36.000362170807215
source_8,J3,3,FK-866,own,1.75,False,0.8094754623551904,0.3728427584305432,0.9607411903102219,True,90.76187227245545
source_8,J3,3,LY2109761,own,1.75,False,0.8720826026048962,0.24835855278915364,0.983814146926989,True,134.81450035741491
source_8,J3,3,NVS-PAK1-1,own,1.75,False,0.8307607061278713,0.13337552946819226,0.9531470470224142,True,104.12169720425467
source_8,J3,3,quinidine,own,1.75,False,0.7988109563139006,0.37793617190125667,0.9351799371316116,True,16.262853678555082
source_8,J3,3,TC-S-7004,own,1.75,False,0.8208784982120397,0.09237711980960747,0.9524485236864662,True,291.940116659706
source_8,J3,3,aloxistatin,own,1.75,False,0.4312393017800157,0.28082630158675953,0.9227618955392283,False,23.99164807711916
source_8,J4,4,AMG900,own,1.43,False,0.9527925746695416,0.043869342447912775,0.9948049752603174,True,259.28133634184655
source_8,J4,4,dexamethasone,own,1.43,False,0.8564933767164988,0.3132077546496942,0.9814894317530087,True,34.94535047268269
source_8,J4,4,FK-866,own,1.43,False,0.8431184086115111,0.35901087370350016,0.9894882913681803,True,80.41806002231789
source_8,J4,4,LY2109761,own,1.43,False,0.8889030296586473,0.2609782565887944,0.9927039753580498,True,143.22720589184584
source_8,J4,4,NVS-PAK1-1,own,1.43,False,0.8795409574122661,0.16330593107555202,0.9845849389621734,True,94.66549873756964
source_8,J4,4,quinidine,own,1.43,False,0.8246357429789567,0.36709764283271185,0.9564995046541223,True,16.939236316071582
source_8,J4,4,TC-S-7004,own,1.43,False,0.8750530575817553,0.11595057345068753,0.975279558687565,True,249.56041118259617
source_8,J4,4,aloxistatin,own,1.43,False,0.5497494772498037,0.35504068815069706,0.9528362035961804,False,20.564552625078264
source_8,J1,1,AMG900,scaled,0.97,False,0.8795157015220315,0.08872970625851738,,True,39.61616840035243
source_8,J1,1,dexamethasone,scaled,0.97,False,0.8123954807037532,0.24559950328137534,,True,8.048069561834259
source_8,J1,1,FK-866,scaled,0.97,False,0.8365571590004112,0.2339298347338906,,True,16.44447232262136
source_8,J1,1,LY2109761,scaled,0.97,False,0.7222626953282097,0.298730110880021,,True,25.874901116029843
source_8,J1,1,NVS-PAK1-1,scaled,0.97,False,0.7622719409677392,0.1113233395148183,,True,22.383119846745313
source_8,J1,1,quinidine,scaled,0.97,False,0.7085402563585275,0.25268758077380016,,True,3.722756022279019
source_8,J1,1,TC-S-7004,scaled,0.97,False,0.7890085730640727,0.07730970144390471,,True,49.133259933358026
source_8,J1,1,aloxistatin,scaled,0.97,False,0.3716559207585487,0.2053780785601568,,False,4.245758159191217
source_8,J2,2,AMG900,scaled,1.25,False,0.8689564567627563,0.08160908997303931,0.993569311097263,True,36.252819262188204
source_8,J2,2,dexamethasone,scaled,1.25,False,0.8118081115651451,0.24671037951808866,0.9829037952373241,True,7.304139549622729
source_8,J2,2,FK-866,scaled,1.25,False,0.8134563808697994,0.2467015900752523,0.9788415917103301,True,15.674621484314839
source_8,J2,2,LY2109761,scaled,1.25,False,0.6924381390992294,0.2855280467007838,0.986657229016781,True,24.366756315917247
source_8,J2,2,NVS-PAK1-1,scaled,1.25,False,0.7130796245654125,0.09104020656356246,0.9790612043354581,True,21.722258214666926
source_8,J2,2,quinidine,scaled,1.25,False,0.7284043656374952,0.25720363050754863,0.957230742067589,True,3.2326302249119343
source_8,J2,2,TC-S-7004,scaled,1.25,False,0.7665384906908815,0.06292150827910642,0.9939293006160439,True,44.02914111759505
source_8,J2,2,aloxistatin,scaled,1.25,False,0.4554109298767487,0.19493037213944733,0.9274641267948982,True,3.608447331628011
source_8,J3,3,AMG900,scaled,1.75,False,0.8664576000534736,0.06187199809785623,0.9748486932041568,True,33.35505862466287
source_8,J3,3,dexamethasone,scaled,1.75,False,0.7924533239908071,0.2450942964455402,0.941614967550484,True,7.095750561621017
source_8,J3,3,FK-866,scaled,1.75,False,0.7893902568230581,0.24029352058965125,0.9137257093281836,True,16.128617095765122
source_8,J3,3,LY2109761,scaled,1.75,False,0.6735882189734796,0.2869266528828797,0.9694532244748552,True,22.424069104352984
source_8,J3,3,NVS-PAK1-1,scaled,1.75,False,0.6697280228833045,0.05687292943412405,0.9251077858859003,True,21.252069439599993
source_8,J3,3,quinidine,scaled,1.75,False,0.679900428222686,0.28698952636373587,0.8784273695463112,True,3.181384606217117
source_8,J3,3,TC-S-7004,scaled,1.75,False,0.7374372247087739,0.03946680135598536,0.9686123161952888,True,42.155832259616155
source_8,J3,3,aloxistatin,scaled,1.75,False,0.38835431779813745,0.15912704111146803,0.8400036492779905,False,4.28911439383389
source_8,J4,4,AMG900,scaled,1.43,False,0.8946662943065904,0.06466527062552707,0.9845562679465762,True,36.40593090662227
source_8,J4,4,dexamethasone,scaled,1.43,False,0.8188941386462387,0.2359150523114289,0.967267501285074,True,7.505798561968325
source_8,J4,4,FK-866,scaled,1.43,False,0.8479762917477831,0.2275557456081628,0.97459898300767,True,15.25645549580993
source_8,J4,4,LY2109761,scaled,1.43,False,0.7099111294656242,0.29791511479378224,0.9780605194632175,True,24.565482390237737
source_8,J4,4,NVS-PAK1-1,scaled,1.43,False,0.717529268837805,0.07760947375793177,0.9722653343780281,True,19.31416026737932
source_8,J4,4,quinidine,scaled,1.43,False,0.7281992715114628,0.27722227553970197,0.9491954284216421,True,3.4228428530772086
source_8,J4,4,TC-S-7004,scaled,1.43,False,0.7837805638867926,0.053538301582147355,0.9818903232022453,True,40.097537933033124
source_8,J4,4,aloxistatin,scaled,1.43,False,0.4387572126269294,0.22628304079820863,0.9118289120515685,True,3.8248253435429804
source_8,J1,1,AMG900,field,0.97,False,0.9726148626306655,0.10475897807803014,,True,100.77724330448478
source_8,J1,1,dexamethasone,field,0.97,False,0.8563450711230254,0.2859165584016698,,True,14.420696628193296
source_8,J1,1,FK-866,field,0.97,False,0.8799269045063449,0.3630835462465131,,True,31.496791630829932
source_8,J1,1,LY2109761,field,0.97,False,0.8905805305150125,0.2585234390872373,,True,60.033486729742684
source_8,J1,1,NVS-PAK1-1,field,0.97,False,0.9044552663772343,0.1700153382370478,,True,50.28570955787154
source_8,J1,1,quinidine,field,0.97,False,0.7602641980253302,0.3003870297238941,,True,6.8796768835049145
source_8,J1,1,TC-S-7004,field,0.97,False,0.9380028173575441,0.12344199025925293,,True,124.78527562566774
source_8,J1,1,aloxistatin,field,0.97,False,0.32777424058167987,0.3252421189765907,,False,8.829668863890632
source_8,J2,2,AMG900,field,1.25,False,0.9694964077440679,0.09626108648990395,0.9969215519136647,True,96.36854350220958
source_8,J2,2,dexamethasone,field,1.25,False,0.8530269024382469,0.27807495832773643,0.988841201013143,True,14.136854541450504
source_8,J2,2,FK-866,field,1.25,False,0.8564014395326849,0.3763675165165126,0.9833897687097661,True,31.879560876939664
source_8,J2,2,LY2109761,field,1.25,False,0.8886125147635053,0.2339477145303115,0.9930447221129117,True,58.684935494489224
source_8,J2,2,NVS-PAK1-1,field,1.25,False,0.8730082912078165,0.13290424405749995,0.988878019651386,True,47.38560569674684
source_8,J2,2,quinidine,field,1.25,False,0.766891826533808,0.30501449154354227,0.9766274810837094,True,5.89111574364033
source_8,J2,2,TC-S-7004,field,1.25,False,0.924421281009829,0.09376737212477564,0.9915865191575461,True,111.17099862917722
source_8,J2,2,aloxistatin,field,1.25,False,0.3769905559394069,0.30765132673282747,0.9610424637082456,False,8.003413871640054
source_8,J3,3,AMG900,field,1.75,False,0.9670144372362512,0.061635163852298995,0.9912328360899919,True,90.6216103615998
source_8,J3,3,dexamethasone,field,1.75,False,0.8755555340854293,0.2966812186529639,0.970114325154999,True,13.549002181445063
source_8,J3,3,FK-866,field,1.75,False,0.8380951053999919,0.3360690034370378,0.9396055484392403,True,32.04367162845091
source_8,J3,3,LY2109761,field,1.75,False,0.8894290768313599,0.21982648977681404,0.9775165163776498,True,50.621518739833085
source_8,J3,3,NVS-PAK1-1,field,1.75,False,0.8393480236857045,0.06919865184540604,0.9538600414513744,True,40.901817572521914
source_8,J3,3,quinidine,field,1.75,False,0.7898624496259332,0.3626825647617176,0.9298186535332398,True,5.814872487291731
source_8,J3,3,TC-S-7004,field,1.75,False,0.8781519909066812,0.03326588385578306,0.9528738315184697,True,104.17839992191493
source_8,J3,3,aloxistatin,field,1.75,False,0.36235423670055933,0.28985829621265147,0.938132676160292,False,8.900956568098119
source_8,J4,4,AMG900,field,1.43,False,0.9678881909461703,0.06035936180612351,0.9890509770935282,True,93.76896058511372
source_8,J4,4,dexamethasone,field,1.43,False,0.8875644614465199,0.27489379479667225,0.978467351854254,True,13.895741312571689
source_8,J4,4,FK-866,field,1.43,False,0.8704278552319076,0.31811426973162027,0.9746421608450413,True,29.34407601977836
source_8,J4,4,LY2109761,field,1.43,False,0.9049536034744512,0.22379647262838917,0.989293971493835,True,56.12983894290792
source_8,J4,4,NVS-PAK1-1,field,1.43,False,0.8776105141012596,0.10290649765489504,0.9760424264730846,True,38.908701662372216
source_8,J4,4,quinidine,field,1.43,False,0.8154941234808291,0.33760688911011555,0.9588715599845637,True,6.159184387620405
source_8,J4,4,TC-S-7004,field,1.43,False,0.9139450272868319,0.06426600711974342,0.973082986505285,True,94.89845451084643
source_8,J4,4,aloxistatin,field,1.43,False,0.4221336779841093,0.3484210013218961,0.9571363529560588,False,7.63500669040147
source_9,20210824-Run5,1,AMG900,raw,0.32,False,0.8416953145773587,0.1402179769318845,,True,63.57529182596425
source_9,20210824-Run5,1,dexamethasone,raw,0.32,False,0.8006921576145565,0.2916880329573038,,True,5.543075858781094
source_9,20210824-Run5,1,FK-866,raw,0.32,False,0.5962847508525618,0.16159961218104396,,True,24.075815310087172
source_9,20210824-Run5,1,NVS-PAK1-1,raw,0.32,False,0.6564377919847352,0.09795532413818504,,True,28.365487337775527
source_9,20210824-Run5,1,quinidine,raw,0.32,False,0.5833250072859031,0.08224117594086831,,True,2.7266215071412474
source_9,20210824-Run5,1,TC-S-7004,raw,0.32,False,0.34082103639984257,0.009267343951036507,,True,11.161038032810081
source_9,20210824-Run5,1,aloxistatin,raw,0.32,False,0.39856376676374505,0.28986504437522626,,False,3.6222511882467003
source_9,20210825_Run6,2,AMG900,raw,1.7,False,0.8436458863010671,0.08518619548402931,0.9875271153377961,True,64.47340965362538
source_9,20210825_Run6,2,dexamethasone,raw,1.7,False,0.7850791311352578,0.26275261089351576,0.9458340444531104,True,6.678885602665084
source_9,20210825_Run6,2,FK-866,raw,1.7,False,0.45146848944395057,0.14863970026404555,0.8807597530479043,True,28.95409118247874
source_9,20210825_Run6,2,NVS-PAK1-1,raw,1.7,False,0.5660320309823497,0.08019265184626304,0.9649293310435823,True,31.347868517561576
source_9,20210825_Run6,2,quinidine,raw,1.7,False,0.5275158907685455,0.16440746590610503,0.5639526374615538,True,3.3359334273432615
source_9,20210825_Run6,2,TC-S-7004,raw,1.7,False,0.2740226822324922,0.06358976462605954,0.9405727984721288,False,14.091250226293436
source_9,20210825_Run6,2,aloxistatin,raw,1.7,False,0.4540932785886327,0.14001381071807648,0.7155627594139458,True,3.394750317795121
source_9,20210831-Run7,3,AMG900,raw,1.26,False,0.8562908687107768,0.11632127820586671,0.9934631451336609,True,58.54701928754939
source_9,20210831-Run7,3,dexamethasone,raw,1.26,False,0.8383471374272277,0.2310523630431968,0.9173654756691568,True,6.558252215215038
source_9,20210831-Run7,3,FK-866,raw,1.26,False,0.45550457839253616,0.11978969300262857,0.9431934423217594,True,24.404091627173717
source_9,20210831-Run7,3,NVS-PAK1-1,raw,1.26,False,0.6571636328492928,0.09230587672358943,0.9809036544110044,True,24.7589566254073
source_9,20210831-Run7,3,quinidine,raw,1.26,False,0.7154926882105601,0.17053554971323145,0.812188510212646,True,3.277643679686724
source_9,20210831-Run7,3,TC-S-7004,raw,1.26,False,0.6918654673467712,0.17466871336788783,0.7616853596983715,True,58.261603451523335
source_9,20210831-Run7,3,aloxistatin,raw,1.26,False,0.5311588600270981,0.209433153706796,0.8271893235200005,True,3.9198601017776475
source_9,20210901_Run8,4,AMG900,raw,2.42,False,0.8163450479397392,0.03181858739211376,0.9588271560968626,True,64.4870875967657
source_9,20210901_Run8,4,dexamethasone,raw,2.42,False,0.6965337979854924,0.179657212580238,0.903494273489209,True,5.572729457888179
source_9,20210901_Run8,4,FK-866,raw,2.42,False,0.42766777579397725,0.011078593499087453,0.9032843795043333,True,24.907243902748395
source_9,20210901_Run8,4,NVS-PAK1-1,raw,2.42,False,0.4048556737370403,-0.04056123388906666,0.8811761116312046,True,30.028589150964592
source_9,20210901_Run8,4,quinidine,raw,2.42,False,0.565926634578181,0.09566105539348722,0.7692295635228976,True,2.262288759346252
source_9,20210901_Run8,4,TC-S-7004,raw,2.42,False,0.6375531487924259,0.10265602772535061,0.787437762016767,True,87.0550573427505
source_9,20210901_Run8,4,aloxistatin,raw,2.42,False,0.30554623769211287,0.13498272859038501,0.8247059873599478,True,3.568671294461756
source_9,20210914-Run9,5,AMG900,raw,1.93,False,0.8437872774702244,0.0674873290064508,0.9739760658831117,True,59.05495696707484
source_9,20210914-Run9,5,dexamethasone,raw,1.93,False,0.7862438524622664,0.2780112079296457,0.8373136914400118,True,5.862361824951381
source_9,20210914-Run9,5,FK-866,raw,1.93,False,0.43373873868410534,0.08802049194724958,0.8996579246507888,True,20.140992152715217
source_9,20210914-Run9,5,NVS-PAK1-1,raw,1.93,False,0.6469461931408207,0.07099650740352327,0.88255900633916,True,72.29467749041906
source_9,20210914-Run9,5,quinidine,raw,1.93,False,0.4232004232742001,0.06293473867453879,0.47837878245391663,True,2.7075943154979645
source_9,20210914-Run9,5,TC-S-7004,raw,1.93,False,0.5912999487802191,0.14859172852976035,0.7894741492751927,False,50.0127671391248
source_9,20210914-Run9,5,aloxistatin,raw,1.93,False,0.45318504150872585,0.15208506564002014,0.5106182396785027,True,3.0821831253782124
source_9,20210915-Run10,6,AMG900,raw,1.64,False,0.8508610248665707,0.07014176583119658,0.9800981944280456,True,56.55486866904007
source_9,20210915-Run10,6,dexamethasone,raw,1.64,False,0.8491130116791263,0.23397614674096037,0.893956314674853,True,6.249738745852224
source_9,20210915-Run10,6,FK-866,raw,1.64,False,0.4470290692298569,0.06915470538474441,0.9335221512423879,True,20.77591236729986
source_9,20210915-Run10,6,NVS-PAK1-1,raw,1.64,False,0.6185732417797756,0.07061176037958646,0.9703280319944262,True,27.65624318729355
source_9,20210915-Run10,6,quinidine,raw,1.64,False,0.5083471316382355,0.12614757769573887,0.495576035035058,True,3.9550410865359393
source_9,20210915-Run10,6,TC-S-7004,raw,1.64,False,0.3633682838111696,0.09761191708695709,0.904999358216053,False,21.188622847766464
source_9,20210915-Run10,6,aloxistatin,raw,1.64,False,0.6063300268295087,0.1653348344043099,0.4395324938168058,True,2.7435704218221377
source_9,20210918-Run11,7,AMG900,raw,1.55,False,0.8495751636630862,0.11724449503059045,0.9910495541249862,True,55.98307262481362
source_9,20210918-Run11,7,dexamethasone,raw,1.55,False,0.8368939409527163,0.23793386414156442,0.9178253162185535,True,6.510812408216152
source_9,20210918-Run11,7,FK-866,raw,1.55,False,0.4988729967030344,0.04091008078228829,0.9401644188814117,True,18.687918690313047
source_9,20210918-Run11,7,NVS-PAK1-1,raw,1.55,False,0.6917383346424332,0.1492370652213435,0.9770407364565675,True,31.61165247568421
source_9,20210918-Run11,7,quinidine,raw,1.55,False,0.5964204293832374,0.2079922022859939,0.5432566078299997,True,5.217540944629772
source_9,20210918-Run11,7,TC-S-7004,raw,1.55,False,0.7110254141361072,0.1908248384023848,0.7289106993231044,True,56.25846798872944
source_9,20210918-Run11,7,aloxistatin,raw,1.55,False,0.41226249744144816,0.2767628810927386,0.8444162361023662,True,5.204137476205283
source_9,20210918-Run12,8,AMG900,raw,1.63,False,0.874302817568898,0.08869664119514985,0.9763307859298409,True,55.170787203408196
source_9,20210918-Run12,8,dexamethasone,raw,1.63,False,0.8064249335188444,0.21460423104015675,0.806677193334498,True,5.560729401615767
source_9,20210918-Run12,8,FK-866,raw,1.63,False,0.4653439731035845,0.08857467407303383,0.9050909737417401,True,15.872129871524514
source_9,20210918-Run12,8,NVS-PAK1-1,raw,1.63,False,0.702283368072038,0.09542718080569704,0.9300756007082842,True,54.21082430243144
source_9,20210918-Run12,8,quinidine,raw,1.63,False,0.4231436632163258,0.17166423427701974,0.26505279336218723,True,5.621372339917676
source_9,20210918-Run12,8,TC-S-7004,raw,1.63,False,0.6437507445309472,0.15497949724931442,0.7521251676840559,False,55.482953972344816
source_9,20210918-Run12,8,aloxistatin,raw,1.63,False,0.4775970093274025,0.25076209436162333,0.6211622017315739,True,4.1354999602903755
source_9,20211013-Run14,9,AMG900,raw,1.69,False,0.8324523207397372,0.08802227002128979,0.9837431698122617,True,58.90973445827277
source_9,20211013-Run14,9,dexamethasone,raw,1.69,False,0.8629625126459555,0.23357718631303717,0.9311170743422552,True,6.39765972468231
source_9,20211013-Run14,9,FK-866,raw,1.69,False,0.49636410002307463,0.00775154074878881,0.8833281883700075,True,17.102760448119355
source_9,20211013-Run14,9,NVS-PAK1-1,raw,1.69,False,0.5599940383288247,0.050460636712984605,0.9593503235749075,True,27.809816320642383
source_9,20211013-Run14,9,quinidine,raw,1.69,False,0.6912658392148872,0.27980751689911937,0.5386103577602406,False,5.041922097211715
source_9,20211013-Run14,9,TC-S-7004,raw,1.69,False,0.5816876827279758,0.1236934480261197,0.7955514826200815,True,33.800554611903486
source_9,20211013-Run14,9,aloxistatin,raw,1.69,False,0.3484363559953856,0.09672132534484208,0.6004568963380014,True,2.5122987689986176
source_9,20211102-Run15,10,AMG900,raw,2.37,False,0.8884237722299303,0.0930178876328739,0.9743177032161416,True,55.462952949093754
source_9,20211102-Run15,10,dexamethasone,raw,2.37,False,0.833716195227715,0.2903983388756098,0.8842558556137593,True,5.169793131143975
source_9,20211102-Run15,10,FK-866,raw,2.37,False,0.48595052051768994,0.11464945177565213,0.9123543233056881,True,20.335160920499487
source_9,20211102-Run15,10,NVS-PAK1-1,raw,2.37,False,0.7551211327042051,0.1259944436193237,0.9379378886801262,True,25.655024840814555
source_9,20211102-Run15,10,quinidine,raw,2.37,False,0.7691602731250904,0.23018270972671034,0.7465131458630311,True,6.55564158946282
source_9,20211102-Run15,10,TC-S-7004,raw,2.37,False,0.8016500352002015,0.18335061017785886,0.582549030227943,True,85.39812042279884
source_9,20211102-Run15,10,aloxistatin,raw,2.37,False,0.634895159995387,0.22149953066671044,0.5892946829260786,True,3.9227039412572333
source_9,20211103-Run16,11,AMG900,raw,1.77,False,0.8743284411754408,0.11277970765290694,0.9877284195306968,True,56.85817789224665
source_9,20211103-Run16,11,dexamethasone,raw,1.77,False,0.7930495886466676,0.15102025637411817,0.798760550840971,True,5.934732405603995
source_9,20211103-Run16,11,FK-866,raw,1.77,False,0.6324635258129075,0.15350194246512308,0.9655962697098615,True,18.012230346778917
source_9,20211103-Run16,11,NVS-PAK1-1,raw,1.77,False,0.7300753510335931,0.14533571465530853,0.93399993138383,True,37.154076312433205
source_9,20211103-Run16,11,quinidine,raw,1.77,False,0.645504849762147,0.1720781151916764,0.7074603621090362,True,4.222935716860613
source_9,20211103-Run16,11,TC-S-7004,raw,1.77,False,0.7448113673352204,0.20564519682382437,0.6314963267275053,True,73.34781093248692
source_9,20211103-Run16,11,aloxistatin,raw,1.77,False,0.4028045798028832,0.2544868979004477,0.7027321038371691,False,5.399773962059259
source_9,20210824-Run5,1,AMG900,own,0.32,False,0.7760425873220682,0.09858578234479866,,True,292.23458806484706
source_9,20210824-Run5,1,dexamethasone,own,0.32,False,0.7649061548420879,0.21341752946930384,,True,22.10347975953473
source_9,20210824-Run5,1,FK-866,own,0.32,False,0.6123658588299367,0.11652697368127281,,True,91.8353349197025
source_9,20210824-Run5,1,NVS-PAK1-1,own,0.32,False,0.7355981329989031,0.07837940788229451,,True,139.1272247759856
source_9,20210824-Run5,1,quinidine,own,0.32,False,0.5861703313246998,0.09205429732060266,,True,11.612211675818095
source_9,20210824-Run5,1,TC-S-7004,own,0.32,False,0.3846313292503849,-0.00408855309533183,,True,41.55455728161545
source_9,20210824-Run5,1,aloxistatin,own,0.32,False,0.49609694299757273,0.27402564932814044,,True,13.795275313786318
source_9,20210825_Run6,2,AMG900,own,1.7,False,0.799429315653092,0.03312324929770638,0.9758223950363919,True,272.9969725399918
source_9,20210825_Run6,2,dexamethasone,own,1.7,False,0.8416770898123409,0.2286477601266177,0.9175316908419178,True,22.3022402983658
source_9,20210825_Run6,2,FK-866,own,1.7,False,0.513393605135705,0.1685994271898137,0.7964477938580173,True,101.19704477665705
source_9,20210825_Run6,2,NVS-PAK1-1,own,1.7,False,0.631068910599609,0.040992057504655524,0.9402724722987057,True,133.07097184725916
source_9,20210825_Run6,2,quinidine,own,1.7,False,0.6057062766459798,0.1731752560989239,0.6607184096671772,True,10.871704920169933
source_9,20210825_Run6,2,TC-S-7004,own,1.7,False,0.29154568131606184,0.02651420623896586,0.8902229661492826,False,45.85419874308244
source_9,20210825_Run6,2,aloxistatin,own,1.7,False,0.5921647009474663,0.1360827769027308,0.6713336433176951,True,11.457935463876002
source_9,20210831-Run7,3,AMG900,own,1.26,False,0.7543926131102976,0.10778444040545739,0.9914751467684944,True,275.05314501755095
source_9,20210831-Run7,3,dexamethasone,own,1.26,False,0.8242831340378021,0.19659231913876854,0.9254124920183273,True,23.692037348052818
source_9,20210831-Run7,3,FK-866,own,1.26,False,0.5313948795837755,0.1302177132186113,0.9298013511749014,True,89.06472860557372
source_9,20210831-Run7,3,NVS-PAK1-1,own,1.26,False,0.7449955843208265,0.10076787013388075,0.9867704636180978,True,120.6147154747794
source_9,20210831-Run7,3,quinidine,own,1.26,False,0.6934375223758958,0.17036122626194988,0.8298774685789747,True,12.356215963417746
source_9,20210831-Run7,3,TC-S-7004,own,1.26,False,0.7664144937032146,0.1894200604959854,0.7019529402936828,True,325.6057003980947
source_9,20210831-Run7,3,aloxistatin,own,1.26,False,0.6482660640026056,0.20892514786433394,0.8385632079540326,True,16.8447876062645
source_9,20210901_Run8,4,AMG900,own,2.42,False,0.7265105384739874,0.04320240442851305,0.9690393808217846,True,283.51824175601166
source_9,20210901_Run8,4,dexamethasone,own,2.42,False,0.6987408210028632,0.11817960579983369,0.9068072907285725,True,18.379110014666768
source_9,20210901_Run8,4,FK-866,own,2.42,False,0.4955287882269708,-0.006996980727501855,0.8646650990194593,True,80.44009194481815
source_9,20210901_Run8,4,NVS-PAK1-1,own,2.42,False,0.49068051547799163,-0.018252857918023273,0.9016803030173248,True,131.60205584885514
source_9,20210901_Run8,4,quinidine,own,2.42,False,0.5039234608624079,0.075144508975546,0.7157138573060637,True,7.951135876680306
source_9,20210901_Run8,4,TC-S-7004,own,2.42,False,0.7199998361372296,0.14798025273852936,0.6884626258056235,True,523.27356206846
source_9,20210901_Run8,4,aloxistatin,own,2.42,False,0.432305940193569,0.11716889474294694,0.7548893708122729,True,13.487654643936118
source_9,20210914-Run9,5,AMG900,own,1.93,False,0.7726809846361533,0.031994006781001755,0.9726292165271829,True,246.6714004451912
source_9,20210914-Run9,5,dexamethasone,own,1.93,False,0.7959931956211507,0.2933335045987938,0.8114589311361443,True,21.401509404838094
source_9,20210914-Run9,5,FK-866,own,1.93,False,0.5075671980566105,0.05982144670015231,0.8626877988922435,True,70.26426967427525
source_9,20210914-Run9,5,NVS-PAK1-1,own,1.93,False,0.636002516420181,0.05611759367007475,0.9087544149183052,True,437.48493706991775
source_9,20210914-Run9,5,quinidine,own,1.93,False,0.43214041254047053,0.10249029151647836,0.48519342474662785,True,10.098915684191107
source_9,20210914-Run9,5,TC-S-7004,own,1.93,False,0.7180621153982485,0.12820983158875138,0.7847028879519368,True,211.41813639522312
source_9,20210914-Run9,5,aloxistatin,own,1.93,False,0.47048347102518484,0.17169740529092373,0.4710983312229431,True,14.980367877863191
source_9,20210915-Run10,6,AMG900,own,1.64,False,0.7729428586364033,0.0983215195142328,0.9680535458414073,True,260.09339986400545
source_9,20210915-Run10,6,dexamethasone,own,1.64,False,0.800111897377947,0.19862171027496303,0.8802953289652486,True,24.073958889262
source_9,20210915-Run10,6,FK-866,own,1.64,False,0.5301429107126416,0.09362260091426156,0.9111864235564976,True,75.66739737583418
source_9,20210915-Run10,6,NVS-PAK1-1,own,1.64,False,0.7325429168144045,0.11816559468929196,0.9491779246526819,True,125.65097844374964
source_9,20210915-Run10,6,quinidine,own,1.64,False,0.49766069771436766,0.1542181510569824,0.5390872121341505,True,13.529946677825082
source_9,20210915-Run10,6,TC-S-7004,own,1.64,False,0.43353808939168004,0.15579217623309977,0.8343794395704087,False,88.72123703219762
source_9,20210915-Run10,6,aloxistatin,own,1.64,False,0.6645118593190745,0.18236132320173778,0.5558115381797872,True,12.577039543915436
source_9,20210918-Run11,7,AMG900,own,1.55,False,0.789444204768877,0.040449636613428215,0.9808847869377557,True,203.4435146319309
source_9,20210918-Run11,7,dexamethasone,own,1.55,False,0.8400996307067861,0.1804561714901956,0.9248511755728642,True,20.896522549981874
source_9,20210918-Run11,7,FK-866,own,1.55,False,0.5455750570951955,0.0118754885181896,0.9503345867677573,True,59.58695803549632
source_9,20210918-Run11,7,NVS-PAK1-1,own,1.55,False,0.7515831459751025,0.08026874337772964,0.9784590716821189,True,117.122632912841
source_9,20210918-Run11,7,quinidine,own,1.55,False,0.6057682903335475,0.21000751375418542,0.6107940234601128,True,15.973764811532995
source_9,20210918-Run11,7,TC-S-7004,own,1.55,False,0.7447143515210461,0.1274573927295987,0.7595931224744459,True,215.4360907520155
source_9,20210918-Run11,7,aloxistatin,own,1.55,False,0.4634980468769593,0.24488485389353493,0.8368358937455909,True,17.238868948078288
source_9,20210918-Run12,8,AMG900,own,1.63,False,0.8214763097913067,-0.005159866925590637,0.9315350423021569,True,169.3354921024084
source_9,20210918-Run12,8,dexamethasone,own,1.63,False,0.7945262766676697,0.16550765002794027,0.8291531135377583,True,17.023586866301663
source_9,20210918-Run12,8,FK-866,own,1.63,False,0.5191351133265727,0.05288152477115156,0.8510023326634351,True,47.72306879410714
source_9,20210918-Run12,8,NVS-PAK1-1,own,1.63,False,0.6552340297386724,0.024129258514226714,0.8967649085680414,True,209.48603440119396
source_9,20210918-Run12,8,quinidine,own,1.63,False,0.462123402329229,0.14905152016342105,0.3595201425864332,True,11.936371801667661
source_9,20210918-Run12,8,TC-S-7004,own,1.63,False,0.6547080713130771,0.07128104064896525,0.7845422566824961,True,166.52767828315467
source_9,20210918-Run12,8,aloxistatin,own,1.63,False,0.5392233992976337,0.2556260125887809,0.6166278070189555,True,10.441098310184008
source_9,20211013-Run14,9,AMG900,own,1.69,False,0.8133290720281421,0.06364302015219682,0.9694787990326104,True,206.06978104491154
source_9,20211013-Run14,9,dexamethasone,own,1.69,False,0.8663725468211695,0.20012248890789655,0.8992919491990563,True,18.397467047710876
source_9,20211013-Run14,9,FK-866,own,1.69,False,0.5396584719464804,-0.00723653045287683,0.8537371944570641,True,49.83875679664088
source_9,20211013-Run14,9,NVS-PAK1-1,own,1.69,False,0.6656942526337601,0.051971330002060744,0.9705347213689458,True,99.58427813159807
source_9,20211013-Run14,9,quinidine,own,1.69,False,0.718684943209563,0.29245234401761516,0.5433437872163462,False,14.969747641553067
source_9,20211013-Run14,9,TC-S-7004,own,1.69,False,0.703856662897197,0.18135403720688498,0.7870375395784743,True,128.19434911366704
source_9,20211013-Run14,9,aloxistatin,own,1.69,False,0.47273155227572466,0.11784190534844781,0.5540169019051159,True,7.906997933338934
source_9,20211102-Run15,10,AMG900,own,2.37,False,0.8381870345285432,0.04656240938272754,0.9733379543389875,True,236.26612333586417
source_9,20211102-Run15,10,dexamethasone,own,2.37,False,0.8034490341186409,0.23968642852660818,0.8812600512669262,True,20.10585203552298
source_9,20211102-Run15,10,FK-866,own,2.37,False,0.5490926051270422,0.1058449921056429,0.8853871321630424,True,68.58284986898171
source_9,20211102-Run15,10,NVS-PAK1-1,own,2.37,False,0.8222423001890069,0.1151418943848088,0.9530724246594341,True,111.04208915124373
source_9,20211102-Run15,10,quinidine,own,2.37,False,0.7070649920802893,0.21636407447491557,0.7685874052703012,False,24.590322166052424
source_9,20211102-Run15,10,TC-S-7004,own,2.37,False,0.8084402910456895,0.1523631935870246,0.5416792006070965,True,493.296172615799
source_9,20211102-Run15,10,aloxistatin,own,2.37,False,0.6609782959697398,0.19235633037689315,0.6066824341923618,True,18.296094697905037
source_9,20211103-Run16,11,AMG900,own,1.77,False,0.8653122990166111,0.10339894191536494,0.955859789212105,True,124.7564302929871
source_9,20211103-Run16,11,dexamethasone,own,1.77,False,0.725530110827481,0.11580560118154339,0.688205234020342,True,10.464496135164536
source_9,20211103-Run16,11,FK-866,own,1.77,False,0.6464762188885654,0.11899019343367465,0.932473535275428,True,41.446568625515866
source_9,20211103-Run16,11,NVS-PAK1-1,own,1.77,False,0.8177514901202921,0.15889022229764752,0.9255948803847021,True,87.50282589289861
source_9,20211103-Run16,11,quinidine,own,1.77,False,0.6457203763125677,0.16343275145382927,0.7003278847993417,True,8.602365869663418
source_9,20211103-Run16,11,TC-S-7004,own,1.77,False,0.8450778890374095,0.23512354894214313,0.6226352714617776,True,175.79324365239236
source_9,20211103-Run16,11,aloxistatin,own,1.77,False,0.5005128096577083,0.2472863708799638,0.6757272598442045,True,12.199144513609303
source_9,20210824-Run5,1,AMG900,scaled,0.32,False,0.7287061064567097,0.033977576551489315,,True,46.381950580140895
source_9,20210824-Run5,1,dexamethasone,scaled,0.32,False,0.7914755004884355,0.20389413573185408,,True,4.4124195875218275
source_9,20210824-Run5,1,FK-866,scaled,0.32,False,0.6383797470305985,0.09466118347908672,,True,21.701492369002604
source_9,20210824-Run5,1,NVS-PAK1-1,scaled,0.32,False,0.509350734428065,0.06154857013465899,,True,18.504361967468306
source_9,20210824-Run5,1,quinidine,scaled,0.32,False,0.5174909298172113,0.13285598478076896,,True,2.176182935086418
source_9,20210824-Run5,1,TC-S-7004,scaled,0.32,False,0.07413395306800989,0.006074008766043046,,False,7.126381552301943
source_9,20210824-Run5,1,aloxistatin,scaled,0.32,False,0.3798448960732081,0.15461157246849608,,True,2.4659537080250074
source_9,20210825_Run6,2,AMG900,scaled,1.7,False,0.6953982562487322,-0.03037312789172328,0.9589786163818813,True,43.84117939798802
source_9,20210825_Run6,2,dexamethasone,scaled,1.7,False,0.7965683085149069,0.18895810797378348,0.9183911935063005,True,5.142078548588153
source_9,20210825_Run6,2,FK-866,scaled,1.7,False,0.4864205439812602,0.06987105929879009,0.8718713031297673,True,23.661209263819604
source_9,20210825_Run6,2,NVS-PAK1-1,scaled,1.7,False,0.3523162511357602,0.03393780431983703,0.8908546540043053,True,19.112759688628323
source_9,20210825_Run6,2,quinidine,scaled,1.7,False,0.5410170122633455,0.1269381672200436,0.6266855250969836,True,2.2641446006573367
source_9,20210825_Run6,2,TC-S-7004,scaled,1.7,False,0.027984609487411494,0.004787212215905941,0.8709683971085325,False,7.860305412425716
source_9,20210825_Run6,2,aloxistatin,scaled,1.7,False,0.49320808651518583,0.013310302672385347,0.6594884250109644,True,2.4357880635580775
source_9,20210831-Run7,3,AMG900,scaled,1.26,False,0.7572732289416593,0.030034215885240547,0.9794945928950063,True,44.197490683343865
source_9,20210831-Run7,3,dexamethasone,scaled,1.26,False,0.8459157361412531,0.16689736626958457,0.8938413999638908,True,5.64554148562126
source_9,20210831-Run7,3,FK-866,scaled,1.26,False,0.5241096404694614,0.09533518132703038,0.9357200508391861,True,21.890148999181616
source_9,20210831-Run7,3,NVS-PAK1-1,scaled,1.26,False,0.502304220504069,0.06268814916617296,0.9627556232670011,True,17.524027946266514
source_9,20210831-Run7,3,quinidine,scaled,1.26,False,0.6332179778643183,0.1525707997329512,0.7125737946235,False,2.7086177774478384
source_9,20210831-Run7,3,TC-S-7004,scaled,1.26,False,0.4770869261482279,0.11465400153009755,0.5317062877371445,True,39.46547060834452
source_9,20210831-Run7,3,aloxistatin,scaled,1.26,False,0.4907112986880475,0.07838196433443959,0.7830920967555549,True,3.288362676081011
source_9,20210901_Run8,4,AMG900,scaled,2.42,False,0.7141748978657484,-0.023345057305369572,0.9338774744308673,True,44.75293694970751
source_9,20210901_Run8,4,dexamethasone,scaled,2.42,False,0.6831070287260133,0.13795949264666169,0.8544981001035385,True,4.413233317180563
source_9,20210901_Run8,4,FK-866,scaled,2.42,False,0.5018419395153444,0.02034832274491431,0.910149976128825,True,21.371127650943958
source_9,20210901_Run8,4,NVS-PAK1-1,scaled,2.42,False,0.2502040990173428,-0.0002952819575872658,0.8036488082331019,True,18.822077764872432
source_9,20210901_Run8,4,quinidine,scaled,2.42,False,0.5632645559074688,0.11931263359957346,0.6792768222900576,True,1.7845238313142258
source_9,20210901_Run8,4,TC-S-7004,scaled,2.42,False,0.4382531096663276,0.08942297387214031,0.5582872703851652,True,58.18935864385532
source_9,20210901_Run8,4,aloxistatin,scaled,2.42,False,0.38839753427401724,0.025056180114842067,0.7091524155826896,True,3.020569241302843
source_9,20210914-Run9,5,AMG900,scaled,1.93,False,0.7211065765090686,-0.04493086878773963,0.9359133267258442,True,42.27297995181077
source_9,20210914-Run9,5,dexamethasone,scaled,1.93,False,0.72902888986689,0.15457433018960012,0.755625302170541,True,5.064652315267293
source_9,20210914-Run9,5,FK-866,scaled,1.93,False,0.4254729445201293,0.06096634262351684,0.8244690600317972,True,16.486677023460317
source_9,20210914-Run9,5,NVS-PAK1-1,scaled,1.93,False,0.48514708175110965,0.038480884833409945,0.7992489897014745,True,44.76644260687761
source_9,20210914-Run9,5,quinidine,scaled,1.93,False,0.41560092018887085,0.03312224608648593,0.4663357572872415,True,2.085957070780652
source_9,20210914-Run9,5,TC-S-7004,scaled,1.93,False,0.37971227098753,0.06358380909580043,0.4755718109228076,False,30.327696011583292
source_9,20210914-Run9,5,aloxistatin,scaled,1.93,False,0.45971784598573756,0.0455091662650886,0.5930233738564263,True,2.568116196373241
source_9,20210915-Run10,6,AMG900,scaled,1.64,False,0.7701989599678257,-0.0024189190985759346,0.9608535954738809,True,44.15072239641628
source_9,20210915-Run10,6,dexamethasone,scaled,1.64,False,0.8188245584959589,0.1846543231664235,0.884365986257071,True,5.083663462941726
source_9,20210915-Run10,6,FK-866,scaled,1.64,False,0.48120252211257813,0.0445678717404096,0.9186513210854421,True,19.746160051706664
source_9,20210915-Run10,6,NVS-PAK1-1,scaled,1.64,False,0.4697052847604243,0.06397266895540696,0.9216182541369973,True,20.584197376166863
source_9,20210915-Run10,6,quinidine,scaled,1.64,False,0.5224734311987391,0.08969239651079874,0.5656352316653395,True,3.2582288115313167
source_9,20210915-Run10,6,TC-S-7004,scaled,1.64,False,0.09164586131011335,0.06209673628306205,0.7416904967269744,False,14.019777338658457
source_9,20210915-Run10,6,aloxistatin,scaled,1.64,False,0.6142903352632831,0.05664036897291074,0.517405631826056,True,2.4376598235277966
source_9,20210918-Run11,7,AMG900,scaled,1.55,False,0.7377987750956291,-0.0006334244880295607,0.9574868054005834,True,33.29171487462442
source_9,20210918-Run11,7,dexamethasone,scaled,1.55,False,0.8483659079830661,0.20888982114666788,0.9097603399723311,True,4.503250629935782
source_9,20210918-Run11,7,FK-866,scaled,1.55,False,0.5703194459017841,0.029829609431166408,0.9398403233237842,True,14.492125704294255
source_9,20210918-Run11,7,NVS-PAK1-1,scaled,1.55,False,0.4836252125121987,0.03408614962483971,0.9279912535717726,True,16.716857423563095
source_9,20210918-Run11,7,quinidine,scaled,1.55,False,0.6044262148396262,0.11892594175289926,0.564239594131606,True,3.2259773322122256
source_9,20210918-Run11,7,TC-S-7004,scaled,1.55,False,0.46560432353962644,0.07458750515016185,0.43334396398981057,True,29.6980639724427
source_9,20210918-Run11,7,aloxistatin,scaled,1.55,False,0.3964747433966283,0.09862476881125534,0.7633790021103679,True,3.46849327070595
source_9,20210918-Run12,8,AMG900,scaled,1.63,False,0.7605741932107405,-0.025622805653170527,0.9128270845677956,True,27.274549566850503
source_9,20210918-Run12,8,dexamethasone,scaled,1.63,False,0.6591256227879375,0.12251726092866479,0.6406384650201675,True,3.3501289067505526
source_9,20210918-Run12,8,FK-866,scaled,1.63,False,0.425667954672869,0.07930735518595923,0.8004065062847068,True,9.847305947697294
source_9,20210918-Run12,8,NVS-PAK1-1,scaled,1.63,False,0.510550600894907,0.00925914213609411,0.8220446263848443,True,23.00993554008172
source_9,20210918-Run12,8,quinidine,scaled,1.63,False,0.4137940533886152,0.09730461634315261,0.20166760893459137,False,2.6383742020972334
source_9,20210918-Run12,8,TC-S-7004,scaled,1.63,False,0.36763808583375157,0.05549278010204016,0.41181438461708886,False,24.245300138224636
source_9,20210918-Run12,8,aloxistatin,scaled,1.63,False,0.44994129167482094,0.12473281962536957,0.6216268708309871,True,2.1141297254285174
source_9,20211013-Run14,9,AMG900,scaled,1.69,False,0.7213785493754576,0.017280096924176886,0.9419353661131141,True,36.906953833378644
source_9,20211013-Run14,9,dexamethasone,scaled,1.69,False,0.8286173810040008,0.1861710885391336,0.9109485439130921,True,4.340506686231949
source_9,20211013-Run14,9,FK-866,scaled,1.69,False,0.5316856000921983,0.03934863471885407,0.907190788595361,True,13.835941889329204
source_9,20211013-Run14,9,NVS-PAK1-1,scaled,1.69,False,0.39469288865515884,0.05046719515937071,0.9084818657649305,True,15.574035018685391
source_9,20211013-Run14,9,quinidine,scaled,1.69,False,0.646269586635349,0.2054828004881049,0.4562526972512507,False,3.37797488321181
source_9,20211013-Run14,9,TC-S-7004,scaled,1.69,False,0.2819989609288217,0.08533650179190608,0.6174641855067755,False,18.711724954318523
source_9,20211013-Run14,9,aloxistatin,scaled,1.69,False,0.35727203339796,-0.011416045600998835,0.6126208705391762,True,1.975455353583118
source_9,20211102-Run15,10,AMG900,scaled,2.37,False,0.7894212023707117,-0.03819187529782168,0.9486868007421099,True,39.24025953140829
source_9,20211102-Run15,10,dexamethasone,scaled,2.37,False,0.8204675941558093,0.21899491350576256,0.864970773031137,True,4.1045255107816825
source_9,20211102-Run15,10,FK-866,scaled,2.37,False,0.514503348460524,0.05781401377362716,0.8909675810982182,True,16.973793813271385
source_9,20211102-Run15,10,NVS-PAK1-1,scaled,2.37,False,0.5806329045730648,0.04997139575766618,0.8696899830942765,True,15.455051843680744
source_9,20211102-Run15,10,quinidine,scaled,2.37,False,0.7241008120370899,0.20486108710834167,0.5620141751811023,False,5.115388845868981
source_9,20211102-Run15,10,TC-S-7004,scaled,2.37,False,0.6345071155099795,0.10157291005791616,0.3876030899454417,True,54.95831505417423
source_9,20211102-Run15,10,aloxistatin,scaled,2.37,False,0.5488391942703057,0.06255328542833176,0.5574217245973154,True,3.195625580488837
source_9,20211103-Run16,11,AMG900,scaled,1.77,False,0.7503636683262004,-0.004265814179609043,0.9143596952565596,True,26.366410326292833
source_9,20211103-Run16,11,dexamethasone,scaled,1.77,False,0.8124986815997355,0.102710509077832,0.7907299357020261,True,3.7026134340871444
source_9,20211103-Run16,11,FK-866,scaled,1.77,False,0.6368372227363692,0.05926823130824256,0.9064847438918491,True,13.027796198870185
source_9,20211103-Run16,11,NVS-PAK1-1,scaled,1.77,False,0.4566924830666902,0.05350657003971355,0.7798124922610575,True,14.185527005554126
source_9,20211103-Run16,11,quinidine,scaled,1.77,False,0.6179084072121543,0.13062278665492139,0.6349929275876318,True,2.141418385987726
source_9,20211103-Run16,11,TC-S-7004,scaled,1.77,False,0.47620791292676395,0.11438567714555817,0.3471325514927409,True,29.978638507335937
source_9,20211103-Run16,11,aloxistatin,scaled,1.77,False,0.3716366356987394,0.07874438362551017,0.6172960097737181,True,2.81797761528867
source_9,20210824-Run5,1,AMG900,field,0.32,False,0.8710188153791303,0.10894749678825276,,True,102.14473966569994
source_9,20210824-Run5,1,dexamethasone,field,0.32,False,0.8353692540142921,0.2521995096501873,,True,8.991632816728732
source_9,20210824-Run5,1,FK-866,field,0.32,False,0.5680213410918639,0.19245522267706175,,True,33.98825187498096
source_9,20210824-Run5,1,NVS-PAK1-1,field,0.32,False,0.7048265388663568,0.056278182510024526,,True,42.84474225973445
source_9,20210824-Run5,1,quinidine,field,0.32,False,0.7009950062460364,0.1316520806251276,,True,4.484157728958732
source_9,20210824-Run5,1,TC-S-7004,field,0.32,False,0.3880692818653776,-0.011543425330958255,,True,13.301566832064394
source_9,20210824-Run5,1,aloxistatin,field,0.32,False,0.5270816208160529,0.2849667418298606,,False,5.030093237927444
source_9,20210825_Run6,2,AMG900,field,1.7,False,0.8775569124818949,0.057490361139826064,0.9799517020570971,True,104.44708785627542
source_9,20210825_Run6,2,dexamethasone,field,1.7,False,0.8713109432293552,0.2559232820781801,0.9316575100497568,True,9.792218667506045
source_9,20210825_Run6,2,FK-866,field,1.7,False,0.3638218257564118,0.210930982177254,0.790289562593608,False,37.612744006102325
source_9,20210825_Run6,2,NVS-PAK1-1,field,1.7,False,0.6572467123594661,0.04122692082950915,0.9532462700454736,True,47.27262666134993
source_9,20210825_Run6,2,quinidine,field,1.7,False,0.6975654924047758,0.20910381182590917,0.792229930162743,True,4.352945246466242
source_9,20210825_Run6,2,TC-S-7004,field,1.7,False,0.3646682663447793,0.0372956995208668,0.9020025054567428,False,15.643974258786006
source_9,20210825_Run6,2,aloxistatin,field,1.7,False,0.632751149949629,0.1779842647581875,0.7527979155410414,True,4.676779202252494
source_9,20210831-Run7,3,AMG900,field,1.26,False,0.8850805177540312,0.09653051835936134,0.99350120865589,True,96.88051408212407
source_9,20210831-Run7,3,dexamethasone,field,1.26,False,0.8770827962433875,0.22862726145128925,0.9301136763355254,True,10.177447152509094
source_9,20210831-Run7,3,FK-866,field,1.26,False,0.41691553336278003,0.15346234243158774,0.9217574203261549,True,31.51927321801267
source_9,20210831-Run7,3,NVS-PAK1-1,field,1.26,False,0.7368597813100393,0.06461640914493652,0.9785696853856104,True,37.790076940630875
source_9,20210831-Run7,3,quinidine,field,1.26,False,0.7646385129846283,0.18334602228269933,0.8580710460080011,True,5.315711797089452
source_9,20210831-Run7,3,TC-S-7004,field,1.26,False,0.7646364085513425,0.1592711863117985,0.7060969581805987,True,97.53003087334591
source_9,20210831-Run7,3,aloxistatin,field,1.26,False,0.6577106385129807,0.2099742809402739,0.8271000491219117,True,5.931457678895243
source_9,20210901_Run8,4,AMG900,field,2.42,False,0.8544115376546169,0.02658500637673577,0.9675973533249936,True,99.83550191958241
source_9,20210901_Run8,4,dexamethasone,field,2.42,False,0.7658914606601703,0.15304517583715088,0.8972864388478542,True,8.793781671097275
source_9,20210901_Run8,4,FK-866,field,2.42,False,0.36594453766703794,0.024125930097043075,0.8801291192629287,True,30.490953686404332
source_9,20210901_Run8,4,NVS-PAK1-1,field,2.42,False,0.483164165936964,-0.06944211931241806,0.895311517809329,True,44.37420687429617
source_9,20210901_Run8,4,quinidine,field,2.42,False,0.6101364936049409,0.08546533411151953,0.7886003052751966,True,3.631369777709412
source_9,20210901_Run8,4,TC-S-7004,field,2.42,False,0.7296996108089322,0.11043532341597569,0.6826072487640495,True,147.42069820279596
source_9,20210901_Run8,4,aloxistatin,field,2.42,False,0.4509763755200766,0.12660481485637182,0.7884566466876841,True,4.766687825712761
source_9,20210914-Run9,5,AMG900,field,1.93,False,0.8565544002404206,0.02838354469265469,0.9680799218340055,True,87.00400800375947
source_9,20210914-Run9,5,dexamethasone,field,1.93,False,0.8461013588014596,0.2417445846024826,0.8480019699294455,True,8.995573872963334
source_9,20210914-Run9,5,FK-866,field,1.93,False,0.4190144365401606,0.09070092613317542,0.8596087342298964,True,25.373121930666574
source_9,20210914-Run9,5,NVS-PAK1-1,field,1.93,False,0.6344083481074776,0.03501847073610433,0.8920545951021265,True,128.68926758434313
source_9,20210914-Run9,5,quinidine,field,1.93,False,0.45132070433164295,0.052191508313677415,0.5866861743909917,True,4.3661956289770005
source_9,20210914-Run9,5,TC-S-7004,field,1.93,False,0.6830670577732699,0.11615837903263415,0.7678640642559911,True,72.5939654742168
source_9,20210914-Run9,5,aloxistatin,field,1.93,False,0.48651465561040924,0.1113221965983121,0.4429732661712341,True,5.342765587236248
source_9,20210915-Run10,6,AMG900,field,1.64,False,0.8865785335847294,0.0650475280503645,0.984636563696558,True,95.13285552760915
source_9,20210915-Run10,6,dexamethasone,field,1.64,False,0.8764438766163318,0.23146303900221749,0.9146653123620041,True,10.818457612850537
source_9,20210915-Run10,6,FK-866,field,1.64,False,0.4639669646823515,0.12688734969376467,0.917449576225274,True,28.840626272636577
source_9,20210915-Run10,6,NVS-PAK1-1,field,1.64,False,0.7230277119068252,0.07257165778955905,0.9690422295587562,True,43.119752458451565
source_9,20210915-Run10,6,quinidine,field,1.64,False,0.6053857828269149,0.1525939087072154,0.732635278081581,True,5.592736007328159
source_9,20210915-Run10,6,TC-S-7004,field,1.64,False,0.46373989976198504,0.12429478986326196,0.8821615977229045,False,27.933539876560772
source_9,20210915-Run10,6,aloxistatin,field,1.64,False,0.6950762965167746,0.18190378848353525,0.5844399410551665,True,4.519252325346959
source_9,20210918-Run11,7,AMG900,field,1.55,False,0.8528963791625864,0.05810419731404796,0.9646015393278456,True,74.19872127037353
source_9,20210918-Run11,7,dexamethasone,field,1.55,False,0.895505102264899,0.2651813972349147,0.9308445500422251,True,9.379238926481229
source_9,20210918-Run11,7,FK-866,field,1.55,False,0.5303679777605663,0.09801666316254003,0.9425297606965632,True,23.159691792980315
source_9,20210918-Run11,7,NVS-PAK1-1,field,1.55,False,0.7438592934474517,0.08698682912396971,0.9737702989814946,True,42.76719088903302
source_9,20210918-Run11,7,quinidine,field,1.55,False,0.6853063917121097,0.20357927225952183,0.7456839251542227,True,7.50068228304081
source_9,20210918-Run11,7,TC-S-7004,field,1.55,False,0.7683500881301728,0.15882161463032135,0.7071557471647929,True,72.71232260202379
source_9,20210918-Run11,7,aloxistatin,field,1.55,False,0.6261062515211562,0.29029738364855273,0.8737144506938315,True,6.162165628085565
source_9,20210918-Run12,8,AMG900,field,1.63,False,0.8820342233539578,-0.02664671805838486,0.926264538865448,True,70.41260428240011
source_9,20210918-Run12,8,dexamethasone,field,1.63,False,0.836805162868915,0.1422004438661024,0.822086170086268,True,8.084984288802403
source_9,20210918-Run12,8,FK-866,field,1.63,False,0.43863992723205003,0.08705417919626622,0.8427620388795063,True,20.784294069603423
source_9,20210918-Run12,8,NVS-PAK1-1,field,1.63,False,0.6908675587240634,0.015773607275061743,0.8995921162308043,True,75.60896259632302
source_9,20210918-Run12,8,quinidine,field,1.63,False,0.5059944256827505,0.12047291068097762,0.575033447313376,True,5.9201590479673545
source_9,20210918-Run12,8,TC-S-7004,field,1.63,False,0.6413793215372348,0.07698264094451164,0.71717803824213,False,57.63025613262603
source_9,20210918-Run12,8,aloxistatin,field,1.63,False,0.5495616025503228,0.1725754460135837,0.5854344202922501,True,4.616802363837956
source_9,20211013-Run14,9,AMG900,field,1.69,False,0.8940621634473029,0.07207080307377389,0.9790801676746033,True,91.12086841213203
source_9,20211013-Run14,9,dexamethasone,field,1.69,False,0.9091708931479487,0.22222020451508853,0.9193938407283088,True,9.770650653352874
source_9,20211013-Run14,9,FK-866,field,1.69,False,0.4504183513147183,0.03568262667765871,0.7991529712958012,True,21.318570779704377
source_9,20211013-Run14,9,NVS-PAK1-1,field,1.69,False,0.6444831316170594,0.012745492627153665,0.9571277051777974,True,39.67810185491183
source_9,20211013-Run14,9,quinidine,field,1.69,False,0.7419406894597295,0.27146902730872846,0.6488283036636955,False,7.812363290175977
source_9,20211013-Run14,9,TC-S-7004,field,1.69,False,0.6682043144228966,0.1333709489246743,0.7319363352847186,True,47.56740494221017
source_9,20211013-Run14,9,aloxistatin,field,1.69,False,0.48613045167963076,0.11428211001541752,0.5683886895943471,True,3.3709215567494897
source_9,20211102-Run15,10,AMG900,field,2.37,False,0.9169672193808827,0.04299921295354048,0.9682853833569408,True,89.68432688412473
source_9,20211102-Run15,10,dexamethasone,field,2.37,False,0.8598450658175754,0.267851333920926,0.8824054282230969,True,8.020303757498956
source_9,20211102-Run15,10,FK-866,field,2.37,False,0.4846407670748629,0.12297331403594887,0.8667090358351947,True,24.226307183990315
source_9,20211102-Run15,10,NVS-PAK1-1,field,2.37,False,0.7986013404879391,0.08300290193077334,0.9262574570143228,True,38.55001062308682
source_9,20211102-Run15,10,quinidine,field,2.37,False,0.7856138086955842,0.2261544770974326,0.816591674533258,True,10.140676857514308
source_9,20211102-Run15,10,TC-S-7004,field,2.37,False,0.8346320110497064,0.14366678521078483,0.5567815908779609,True,152.06570092365467
source_9,20211102-Run15,10,aloxistatin,field,2.37,False,0.6808379153072626,0.18633272854727131,0.5164290809289922,True,6.132165271095277
source_9,20211103-Run16,11,AMG900,field,1.77,False,0.936099412502809,0.05535852534834757,0.9300830888873519,True,69.22778275126383
source_9,20211103-Run16,11,dexamethasone,field,1.77,False,0.8546908241299991,0.17589442719518653,0.839046528246909,True,8.207025827037516
source_9,20211103-Run16,11,FK-866,field,1.77,False,0.6359660322361709,0.21218533623964975,0.9200185133665978,True,25.29323931112508
source_9,20211103-Run16,11,NVS-PAK1-1,field,1.77,False,0.8133342496538212,0.15902931612500332,0.8569951905144055,True,37.84756514025767
source_9,20211103-Run16,11,quinidine,field,1.77,False,0.736226925865241,0.1943386723530187,0.8453004869566881,True,5.737957194703532
source_9,20211103-Run16,11,TC-S-7004,field,1.77,False,0.808120881850646,0.2501251170419211,0.4779206598220286,True,71.63540917648308
source_9,20211103-Run16,11,aloxistatin,field,1.77,False,0.5586062775845796,0.20000043056006417,0.6000022700701075,True,6.768265062327398
