lab,batch,run,compound,method,drift,outside,agree_field,agree_wrong,agree_own,matched,size
source_1,Batch1_20221004,1,AMG900,raw,0.69,False,0.9315524122515432,0.06256057925838499,,True,63.95992071770224
source_1,Batch1_20221004,1,dexamethasone,raw,0.69,False,0.7301007829997018,0.10362878660165088,,True,12.731182015836477
source_1,Batch1_20221004,1,FK-866,raw,0.69,False,0.6073686763116306,0.10884710795676145,,True,38.88773164079882
source_1,Batch1_20221004,1,LY2109761,raw,0.69,False,0.8234170995551433,0.2538867438925024,,True,37.979978357658666
source_1,Batch1_20221004,1,NVS-PAK1-1,raw,0.69,False,0.8106491771655226,0.12449226675008028,,True,38.38995034044323
source_1,Batch1_20221004,1,quinidine,raw,0.69,False,0.6077208900768934,0.2372812927616996,,True,4.198235338131054
source_1,Batch1_20221004,1,TC-S-7004,raw,0.69,False,0.6484576367391433,-0.03716565826802546,,True,16.503489948408678
source_1,Batch1_20221004,1,aloxistatin,raw,0.69,False,0.39144944279023475,0.0721712008493419,,True,5.536117455382401
source_1,Batch2_20221006,2,AMG900,raw,1.86,False,0.9208909952127662,0.058156159072503426,0.9858997667022922,True,62.43389273725336
source_1,Batch2_20221006,2,dexamethasone,raw,1.86,False,0.8448574699611937,0.16747836045485212,0.8629891606651733,True,10.225508408951969
source_1,Batch2_20221006,2,FK-866,raw,1.86,False,0.68824978971753,0.19380829581522688,0.8921903789785169,True,32.55296287209091
source_1,Batch2_20221006,2,LY2109761,raw,1.86,False,0.8060054319667714,0.2578389617739848,0.9821757800121835,True,38.26336501693773
source_1,Batch2_20221006,2,NVS-PAK1-1,raw,1.86,False,0.8012032771648079,0.1500124259241331,0.9628109143339405,True,37.68864744491049
source_1,Batch2_20221006,2,quinidine,raw,1.86,False,0.6436801329662661,0.28322427614931855,0.662345613429047,True,3.58673060598174
source_1,Batch2_20221006,2,TC-S-7004,raw,1.86,False,0.6345665744811482,0.03383610882127213,0.9489137061975577,True,14.529334987915844
source_1,Batch2_20221006,2,aloxistatin,raw,1.86,False,0.4379783266634595,0.14537694639959486,0.699641090533928,True,4.445707826971457
source_1,Batch3_20221010,3,AMG900,raw,1.8,False,0.9263116735343866,0.05532448892958928,0.9832634385142598,True,62.500706821951326
source_1,Batch3_20221010,3,dexamethasone,raw,1.8,False,0.798954383245893,0.14998957506251695,0.9658881971959801,True,12.140774303406568
source_1,Batch3_20221010,3,FK-866,raw,1.8,False,0.625242295637239,0.14684134962678344,0.9706456732487958,True,34.82568537699334
source_1,Batch3_20221010,3,LY2109761,raw,1.8,False,0.8368915306104108,0.25276717858210757,0.987942374954863,True,33.8703202739603
source_1,Batch3_20221010,3,NVS-PAK1-1,raw,1.8,False,0.7918589268917713,0.12942235735495802,0.9645254448606977,True,40.15348171851227
source_1,Batch3_20221010,3,quinidine,raw,1.8,False,0.6553750152954521,0.27892375733852576,0.7219695197772122,True,4.394614775062698
source_1,Batch3_20221010,3,TC-S-7004,raw,1.8,False,0.6818068128270796,0.025944874960316517,0.8822776766185707,True,10.178656905665871
source_1,Batch3_20221010,3,aloxistatin,raw,1.8,False,0.4432889681558062,0.20507385051752827,0.5627638601768064,True,4.458160134222507
source_1,Batch4_20221012,4,AMG900,raw,3.01,False,0.9106667465392836,0.07465814039365916,0.9529080191609525,True,59.7814486609273
source_1,Batch4_20221012,4,dexamethasone,raw,3.01,False,0.7684386412998305,0.13378346495662088,0.9263192016020441,True,11.370705408169869
source_1,Batch4_20221012,4,FK-866,raw,3.01,False,0.5096192045900456,0.1686264312713183,0.8090021576870109,True,39.0703345710607
source_1,Batch4_20221012,4,LY2109761,raw,3.01,False,0.8447530729971967,0.24896360335758536,0.9734195385400741,True,31.601346964669553
source_1,Batch4_20221012,4,NVS-PAK1-1,raw,3.01,False,0.7301097014847397,0.15346053014009176,0.8901599432540872,True,44.793885603744634
source_1,Batch4_20221012,4,quinidine,raw,3.01,False,0.5384798709516714,0.23336819239899181,0.6571432424162282,True,4.56094715445705
source_1,Batch4_20221012,4,TC-S-7004,raw,3.01,False,0.6698677390742289,0.010470587326340847,0.8607979090313768,True,11.157170701860917
source_1,Batch4_20221012,4,aloxistatin,raw,3.01,False,0.22877761213216807,0.1592850455659498,0.4523288853592865,False,6.513948009068322
source_1,Batch5_20221030,5,AMG900,raw,2.93,False,0.9144718762961724,0.06531753541630829,0.9676359173007275,True,60.97683283520866
source_1,Batch5_20221030,5,dexamethasone,raw,2.93,False,0.8381353761680665,0.14013229701163424,0.8600844437697936,True,9.7102647290116
source_1,Batch5_20221030,5,FK-866,raw,2.93,False,0.6698750569575203,0.16937390837569177,0.9000308681446644,True,29.268704863340535
source_1,Batch5_20221030,5,LY2109761,raw,2.93,False,0.8106110208892473,0.24982109661831764,0.9652886127698017,True,33.1331778197497
source_1,Batch5_20221030,5,NVS-PAK1-1,raw,2.93,False,0.780121999533983,0.12479124216798188,0.9458538392317886,True,40.20392909366554
source_1,Batch5_20221030,5,quinidine,raw,2.93,False,0.5569393524084574,0.18613720066936548,0.5640119664872987,True,3.0872633372454397
source_1,Batch5_20221030,5,TC-S-7004,raw,2.93,False,0.6316259648595667,0.033596929436881535,0.6641834794049222,True,7.011586528229482
source_1,Batch5_20221030,5,aloxistatin,raw,2.93,False,0.39853456747596233,0.17065088517658583,0.42345903388441625,True,3.595201393552469
source_1,Batch6_20221102,6,AMG900,raw,3.1,False,0.9043232071404441,0.08347198536122188,0.9648081342942771,True,34.573080942109385
source_1,Batch6_20221102,6,dexamethasone,raw,3.1,False,0.343958174722464,0.21149110367640178,0.300232629292485,False,11.29295465242069
source_1,Batch6_20221102,6,FK-866,raw,3.1,False,0.7645006845507405,0.2141689834504339,0.8160478850941688,True,15.597094851929102
source_1,Batch6_20221102,6,LY2109761,raw,3.1,False,0.7867592603072137,0.2714238656679669,0.9384820003459929,True,21.45698497387752
source_1,Batch6_20221102,6,NVS-PAK1-1,raw,3.1,False,0.8214481998597956,0.0960312189030279,0.889550678971591,True,21.075584046930253
source_1,Batch6_20221102,6,quinidine,raw,3.1,False,0.4410162493902374,0.31323947445123873,0.41204358203215463,False,6.722362659433371
source_1,Batch6_20221102,6,TC-S-7004,raw,3.1,False,0.27246219942719196,0.009624715881946569,0.35446316000913447,False,4.09991366207028
source_1,Batch6_20221102,6,aloxistatin,raw,3.1,False,0.19204396252888783,0.23662296951574452,0.10425768212648069,False,7.455880962781713
source_1,Batch1_20221004,1,AMG900,own,0.69,False,0.914836290258481,0.016311221816834635,,True,242.61078656827016
source_1,Batch1_20221004,1,dexamethasone,own,0.69,False,0.8273838342696276,0.14124355847665634,,True,31.775917805003132
source_1,Batch1_20221004,1,FK-866,own,0.69,False,0.6916055142466577,0.10273388456695784,,True,114.04178236059302
source_1,Batch1_20221004,1,LY2109761,own,0.69,False,0.8066927238728943,0.2243079612148808,,True,119.45562799002758
source_1,Batch1_20221004,1,NVS-PAK1-1,own,0.69,False,0.8381453164755138,0.09419021707218429,,True,126.6872721033622
source_1,Batch1_20221004,1,quinidine,own,0.69,False,0.6285437007157361,0.2439660549910609,,True,11.149413427937002
source_1,Batch1_20221004,1,TC-S-7004,own,0.69,False,0.61719686067391,-0.01734430348131063,,True,48.62668313057775
source_1,Batch1_20221004,1,aloxistatin,own,0.69,False,0.6487900447250243,0.14262932797804587,,True,14.195325933851953
source_1,Batch2_20221006,2,AMG900,own,1.86,False,0.9157157273525218,0.011440822671597236,0.9861914310569001,True,234.1760412010613
source_1,Batch2_20221006,2,dexamethasone,own,1.86,False,0.8240650920413317,0.1622635567553374,0.9113341053870573,True,29.439538416374504
source_1,Batch2_20221006,2,FK-866,own,1.86,False,0.6065151845715575,0.10690840754372428,0.942080487434237,True,133.99076363537782
source_1,Batch2_20221006,2,LY2109761,own,1.86,False,0.7858793256784045,0.22423049233152,0.9834896631427417,True,123.61266153588583
source_1,Batch2_20221006,2,NVS-PAK1-1,own,1.86,False,0.8322294840679937,0.10092343110281451,0.9792152951567674,True,136.3257419657006
source_1,Batch2_20221006,2,quinidine,own,1.86,False,0.5799017246538121,0.2705881810620231,0.5756185524962554,True,10.416302364746533
source_1,Batch2_20221006,2,TC-S-7004,own,1.86,False,0.6181559828625437,0.04852957676656413,0.9575916515344217,True,47.8643404565109
source_1,Batch2_20221006,2,aloxistatin,own,1.86,False,0.5372309811848109,0.13112073753035794,0.7874096174956308,True,14.761972369916547
source_1,Batch3_20221010,3,AMG900,own,1.8,False,0.9301910547074588,0.014846309936229813,0.9714348238508888,True,176.12742553156198
source_1,Batch3_20221010,3,dexamethasone,own,1.8,False,0.8786633912704451,0.18539863614484423,0.9300212085985438,True,25.117912489218565
source_1,Batch3_20221010,3,FK-866,own,1.8,False,0.7858942973018481,0.18823416125158038,0.9282836813029547,True,77.2251723751844
source_1,Batch3_20221010,3,LY2109761,own,1.8,False,0.8515004792637187,0.2559590853423572,0.9649189129312445,True,86.20962762612409
source_1,Batch3_20221010,3,NVS-PAK1-1,own,1.8,False,0.8459113639716235,0.13551885123487367,0.966522699066917,True,104.49425809445921
source_1,Batch3_20221010,3,quinidine,own,1.8,False,0.6410366347386813,0.31829884222707605,0.5738268196127952,True,10.335270630141759
source_1,Batch3_20221010,3,TC-S-7004,own,1.8,False,0.6884433668256775,0.04369083981763659,0.905053198662052,True,26.49603577502728
source_1,Batch3_20221010,3,aloxistatin,own,1.8,False,0.5963596101094617,0.2567883610133717,0.6538242057715469,True,9.862078053078076
source_1,Batch4_20221012,4,AMG900,own,3.01,False,0.8651298947485921,-0.0031598648740544443,0.8904963456301538,True,87.68444405685776
source_1,Batch4_20221012,4,dexamethasone,own,3.01,False,0.8269972698916119,0.14500422411728192,0.9132424146241486,True,15.075707142367303
source_1,Batch4_20221012,4,FK-866,own,3.01,False,0.6553583933564899,0.17544942303783362,0.8463343976090183,True,49.630507492895035
source_1,Batch4_20221012,4,LY2109761,own,3.01,False,0.8555125829318309,0.22217288231911608,0.9256059115265558,True,46.02420922315997
source_1,Batch4_20221012,4,NVS-PAK1-1,own,3.01,False,0.7588107295867255,0.11495567810829477,0.8906982754646936,True,58.49617971247004
source_1,Batch4_20221012,4,quinidine,own,3.01,False,0.5337089825410348,0.2296543298612202,0.5804314447247503,True,5.869711062496299
source_1,Batch4_20221012,4,TC-S-7004,own,3.01,False,0.6604642205679185,0.003448146826007226,0.9102211272556395,True,15.397764173767452
source_1,Batch4_20221012,4,aloxistatin,own,3.01,False,0.38509027297034976,0.18051798272853148,0.48777245351495496,True,8.469006016468578
source_1,Batch5_20221030,5,AMG900,own,2.93,False,0.8810110626174484,0.03245728663208253,0.9435186505831072,True,169.2310005955817
source_1,Batch5_20221030,5,dexamethasone,own,2.93,False,0.8660045062514425,0.1544155399677228,0.836088767160404,True,19.618993948291937
source_1,Batch5_20221030,5,FK-866,own,2.93,False,0.726850301447762,0.17665919358226323,0.8416752075280403,True,73.67423215735076
source_1,Batch5_20221030,5,LY2109761,own,2.93,False,0.7978910245247602,0.2025281186569042,0.9396587167729863,True,87.28821498299976
source_1,Batch5_20221030,5,NVS-PAK1-1,own,2.93,False,0.8281654334647512,0.13983461020998308,0.9303122849794376,True,91.27237740635503
source_1,Batch5_20221030,5,quinidine,own,2.93,False,0.5459522186552194,0.2081985114629933,0.5009131749689301,True,6.713310136674222
source_1,Batch5_20221030,5,TC-S-7004,own,2.93,False,0.6930057239456237,0.048117480619889394,0.7474809330397056,False,15.508500540580261
source_1,Batch5_20221030,5,aloxistatin,own,2.93,False,0.5861418935158984,0.18038024888169701,0.6472437705780804,True,7.399019803382746
source_1,Batch6_20221102,6,AMG900,own,3.1,False,0.8497166042944078,0.08143146193422925,0.9222152233299066,True,42.98300647145884
source_1,Batch6_20221102,6,dexamethasone,own,3.1,False,0.3230498764090741,0.18782653147916087,0.3262718657719093,False,14.359504891654362
source_1,Batch6_20221102,6,FK-866,own,3.1,False,0.773561336802137,0.21925478031631723,0.8454427068685357,True,21.408247631620036
source_1,Batch6_20221102,6,LY2109761,own,3.1,False,0.7380597016893887,0.26293565697410076,0.9051344087787082,True,31.792986482797527
source_1,Batch6_20221102,6,NVS-PAK1-1,own,3.1,False,0.8322457013185982,0.14020572619559438,0.8450011891680489,True,29.854246171293248
source_1,Batch6_20221102,6,quinidine,own,3.1,False,0.3794958731354061,0.29588228762939944,0.35943481528404153,False,9.05236187434475
source_1,Batch6_20221102,6,TC-S-7004,own,3.1,False,0.360265530785038,0.027113828278648465,0.33356055666011963,False,5.255379084272103
source_1,Batch6_20221102,6,aloxistatin,own,3.1,False,0.29702082092022397,0.20110427145977927,0.15481939843607462,False,8.854634260153206
source_1,Batch1_20221004,1,AMG900,scaled,0.69,False,0.7969790575755686,-0.023463553167922344,,True,42.80606229169606
source_1,Batch1_20221004,1,dexamethasone,scaled,0.69,False,0.7134277949336065,0.12861155665338148,,True,8.433441706820155
source_1,Batch1_20221004,1,FK-866,scaled,0.69,False,0.5968447528463052,0.1050271434174984,,True,25.352017165154326
source_1,Batch1_20221004,1,LY2109761,scaled,0.69,False,0.5233782643976393,0.12050832006182013,,True,26.49458694208245
source_1,Batch1_20221004,1,NVS-PAK1-1,scaled,0.69,False,0.5799086626753446,0.028012896615233034,,True,25.164719499313463
source_1,Batch1_20221004,1,quinidine,scaled,0.69,False,0.44079416266457483,0.1138364523790139,,True,3.5071574792639266
source_1,Batch1_20221004,1,TC-S-7004,scaled,0.69,False,0.3324898734138946,-0.0782466153600188,,True,11.293815893599573
source_1,Batch1_20221004,1,aloxistatin,scaled,0.69,False,0.3223453547336708,0.11933834659584666,,False,2.8804308360124256
source_1,Batch2_20221006,2,AMG900,scaled,1.86,False,0.8035377880294915,-0.012287638751697876,0.9573904681680017,True,46.81387854942556
source_1,Batch2_20221006,2,dexamethasone,scaled,1.86,False,0.7159863020301673,0.12296173177236838,0.8676223175329891,True,8.91312752766269
source_1,Batch2_20221006,2,FK-866,scaled,1.86,False,0.6254917263487357,0.11130739373828247,0.9102244688006453,True,27.03774720187772
source_1,Batch2_20221006,2,LY2109761,scaled,1.86,False,0.5362701631246949,0.13663870248535026,0.9483315083654258,True,27.429453606180754
source_1,Batch2_20221006,2,NVS-PAK1-1,scaled,1.86,False,0.5760639745546358,0.05114409353440711,0.9264770846957283,True,29.261495408104732
source_1,Batch2_20221006,2,quinidine,scaled,1.86,False,0.4797746846665787,0.16846365308273642,0.6211683510107262,True,3.214247041451093
source_1,Batch2_20221006,2,TC-S-7004,scaled,1.86,False,0.3306382426746347,-0.013889432803132207,0.895256512328001,True,11.14291478318561
source_1,Batch2_20221006,2,aloxistatin,scaled,1.86,False,0.19885003586865263,0.07093181894983329,0.5815180551736026,False,3.8277081785576152
source_1,Batch3_20221010,3,AMG900,scaled,1.8,False,0.7899594442982899,-0.012914087220670143,0.9574280006582595,True,36.528238291444445
source_1,Batch3_20221010,3,dexamethasone,scaled,1.8,False,0.7479004151947141,0.13615179220143675,0.9385968046624387,True,7.275652554940454
source_1,Batch3_20221010,3,FK-866,scaled,1.8,False,0.5834172838688938,0.1080808194206321,0.9514828168149305,True,20.066918236682586
source_1,Batch3_20221010,3,LY2109761,scaled,1.8,False,0.5248844246468031,0.11065839141170482,0.952497466642582,True,19.76013151725638
source_1,Batch3_20221010,3,NVS-PAK1-1,scaled,1.8,False,0.5625873941990251,0.02449454325813678,0.9101323450586366,True,21.379409498305364
source_1,Batch3_20221010,3,quinidine,scaled,1.8,False,0.534139342336394,0.1589170770593839,0.712492164462206,True,2.93172251012595
source_1,Batch3_20221010,3,TC-S-7004,scaled,1.8,False,0.38160757084077945,-0.009672353252795947,0.8208854658118587,True,6.0626652909692895
source_1,Batch3_20221010,3,aloxistatin,scaled,1.8,False,0.24440646089377227,0.09807741331116025,0.500647855097835,False,2.6731769463472217
source_1,Batch4_20221012,4,AMG900,scaled,3.01,False,0.7560527293569526,-0.00033035441844214204,0.8574041021844125,True,19.864855328223015
source_1,Batch4_20221012,4,dexamethasone,scaled,3.01,False,0.7237208145710962,0.11434617407882619,0.8734080787750709,True,4.227273897990089
source_1,Batch4_20221012,4,FK-866,scaled,3.01,False,0.47936898846903536,0.09137487198669639,0.7579826300179142,True,14.751227557450946
source_1,Batch4_20221012,4,LY2109761,scaled,3.01,False,0.5753472261309679,0.1363683749071592,0.9202436125422637,True,11.801464659459041
source_1,Batch4_20221012,4,NVS-PAK1-1,scaled,3.01,False,0.4190265505422413,0.06161986507919971,0.7104397058940998,True,15.829713576684096
source_1,Batch4_20221012,4,quinidine,scaled,3.01,False,0.4472933205008933,0.14876215247034508,0.5282438524061077,True,1.8749163491515823
source_1,Batch4_20221012,4,TC-S-7004,scaled,3.01,False,0.3863629178711151,-0.027700744793765355,0.7590739103251819,True,3.8731936272959633
source_1,Batch4_20221012,4,aloxistatin,scaled,3.01,False,0.21099398058415053,0.07914368194388965,0.3033142245447476,False,2.3002430020232976
source_1,Batch5_20221030,5,AMG900,scaled,2.93,False,0.757458837143405,-0.01890749236248443,0.9230470527295529,True,37.02182465798576
source_1,Batch5_20221030,5,dexamethasone,scaled,2.93,False,0.7788501706605024,0.14085736730073933,0.8703676979982422,True,6.446447834690051
source_1,Batch5_20221030,5,FK-866,scaled,2.93,False,0.6289145981509124,0.1172197546359028,0.8700412248895667,True,17.953020120775257
source_1,Batch5_20221030,5,LY2109761,scaled,2.93,False,0.5033948728471838,0.07787602142164372,0.8953477844856748,True,19.016208312995445
source_1,Batch5_20221030,5,NVS-PAK1-1,scaled,2.93,False,0.5069206781196841,0.007566748440840287,0.837288786213661,True,21.47135685112476
source_1,Batch5_20221030,5,quinidine,scaled,2.93,False,0.4607128391562587,0.13220085927113243,0.5477655154910057,True,2.2069624217017387
source_1,Batch5_20221030,5,TC-S-7004,scaled,2.93,False,0.3597599346950556,-0.016086195796227595,0.642087206030733,True,3.925950053006206
source_1,Batch5_20221030,5,aloxistatin,scaled,2.93,False,0.2017138243858343,0.10255155717831055,0.4377988812091441,False,2.0196696933018417
source_1,Batch6_20221102,6,AMG900,scaled,3.1,False,0.7655066121008196,-0.0037587697993127895,0.9095689953296188,True,12.447372364712068
source_1,Batch6_20221102,6,dexamethasone,scaled,3.1,False,0.24779526987974781,0.11735923653060265,0.3098187802902362,False,4.502563064506125
source_1,Batch6_20221102,6,FK-866,scaled,3.1,False,0.6176139156738281,0.10181491968415347,0.7756993410265272,True,5.809967156245472
source_1,Batch6_20221102,6,LY2109761,scaled,3.1,False,0.5529072024522157,0.12440422146220272,0.8924342518604722,True,7.9145428169367005
source_1,Batch6_20221102,6,NVS-PAK1-1,scaled,3.1,False,0.5950235828505469,-0.007787968128161927,0.7825294225823898,True,7.325432998532397
source_1,Batch6_20221102,6,quinidine,scaled,3.1,False,0.3102375534518751,0.16949530017033151,0.39026284854362525,True,2.5432105376426657
source_1,Batch6_20221102,6,TC-S-7004,scaled,3.1,False,0.13183424785529002,0.0005856364782950033,0.19520392081348759,False,1.7359846282904574
source_1,Batch6_20221102,6,aloxistatin,scaled,3.1,False,0.13513525230557222,0.12022888602095498,0.09588199409136214,False,3.019773404760331
source_1,Batch1_20221004,1,AMG900,field,0.69,False,0.9445006240119143,0.030103975439319686,,True,76.50981706251827
source_1,Batch1_20221004,1,dexamethasone,field,0.69,False,0.7667157579127213,0.15072483680209042,,True,12.312392091822698
source_1,Batch1_20221004,1,FK-866,field,0.69,False,0.6363218593067013,0.10730372572739995,,True,46.55991795404101
source_1,Batch1_20221004,1,LY2109761,field,0.69,False,0.8258053476211107,0.2661585354354578,,True,33.46829651659713
source_1,Batch1_20221004,1,NVS-PAK1-1,field,0.69,False,0.8543281732255708,0.10807447629947878,,True,39.298288083371276
source_1,Batch1_20221004,1,quinidine,field,0.69,False,0.6279218568488877,0.24908889710054588,,True,4.032320902845793
source_1,Batch1_20221004,1,TC-S-7004,field,0.69,False,0.6228153204951141,-0.06805887331868356,,True,15.914825206411045
source_1,Batch1_20221004,1,aloxistatin,field,0.69,False,0.4648880544077092,0.07163054050870825,,True,5.73859979663134
source_1,Batch2_20221006,2,AMG900,field,1.86,False,0.9361974787196756,0.047733531385641494,0.9869065785292708,True,74.61542273810122
source_1,Batch2_20221006,2,dexamethasone,field,1.86,False,0.8744153058233568,0.20988859573880345,0.8689116679312308,True,9.383886421551528
source_1,Batch2_20221006,2,FK-866,field,1.86,False,0.7105210176876526,0.1847151169223964,0.9238287932384327,True,39.28948077453462
source_1,Batch2_20221006,2,LY2109761,field,1.86,False,0.8155603596497684,0.26893383036596824,0.9744613332000983,True,32.63955271981452
source_1,Batch2_20221006,2,NVS-PAK1-1,field,1.86,False,0.8462720661915817,0.13284753338002733,0.9784343676889866,True,40.37972299989107
source_1,Batch2_20221006,2,quinidine,field,1.86,False,0.6801615271370076,0.29104726076533166,0.6356248732965519,True,3.515366034589295
source_1,Batch2_20221006,2,TC-S-7004,field,1.86,False,0.6468405885073021,0.03181648678642366,0.9502320496884802,True,14.158315067726948
source_1,Batch2_20221006,2,aloxistatin,field,1.86,False,0.5073475790332533,0.12354949527456105,0.7870560430597212,True,4.2249397291332365
source_1,Batch3_20221010,3,AMG900,field,1.8,False,0.939820301846263,0.04954094227009007,0.9822792234553678,True,69.47218379480236
source_1,Batch3_20221010,3,dexamethasone,field,1.8,False,0.8343392394383735,0.20202920357590098,0.957558691272346,True,11.469239729480242
source_1,Batch3_20221010,3,FK-866,field,1.8,False,0.7347844493542695,0.1841371883242986,0.9668698914821153,True,37.895869077085436
source_1,Batch3_20221010,3,LY2109761,field,1.8,False,0.8561601174823811,0.25464179820655247,0.9596345059935897,True,29.02545137121934
source_1,Batch3_20221010,3,NVS-PAK1-1,field,1.8,False,0.8395203518783813,0.11677437898957561,0.9785685241745952,True,40.637174136901024
source_1,Batch3_20221010,3,quinidine,field,1.8,False,0.6491621320017399,0.27867799600107457,0.6914772670839302,True,4.190760266440616
source_1,Batch3_20221010,3,TC-S-7004,field,1.8,False,0.6927576432741651,-0.011230144541042613,0.8980060061674138,True,9.688212245462013
source_1,Batch3_20221010,3,aloxistatin,field,1.8,False,0.5669508217514352,0.22752850673141964,0.6083133704585004,True,4.113282521300265
source_1,Batch4_20221012,4,AMG900,field,3.01,False,0.9047637166951266,0.01128428733632319,0.9017943884846668,True,52.66208276964268
source_1,Batch4_20221012,4,dexamethasone,field,3.01,False,0.8130881217435572,0.2128997599751127,0.9301664382638245,True,10.159241799536606
source_1,Batch4_20221012,4,FK-866,field,3.01,False,0.6948748088413088,0.17872986236507787,0.8677931726888818,True,31.882528128552458
source_1,Batch4_20221012,4,LY2109761,field,3.01,False,0.8475483380955822,0.23435257301197637,0.9578827957305581,True,27.051847661652115
source_1,Batch4_20221012,4,NVS-PAK1-1,field,3.01,False,0.7760478354516274,0.10682893706986467,0.8883085450097968,True,35.6481976116942
source_1,Batch4_20221012,4,quinidine,field,3.01,False,0.5692793977078722,0.24221721884667316,0.6978654305004862,True,4.179620059052001
source_1,Batch4_20221012,4,TC-S-7004,field,3.01,False,0.6012178370806261,-0.06565234924572186,0.8873844546868407,True,8.465406072964575
source_1,Batch4_20221012,4,aloxistatin,field,3.01,False,0.38469039421081713,0.16600613473903625,0.5185175711230003,True,4.931819617029187
source_1,Batch5_20221030,5,AMG900,field,2.93,False,0.9325758544967746,0.04680088491213119,0.9660383236176684,True,58.94192964613313
source_1,Batch5_20221030,5,dexamethasone,field,2.93,False,0.8968179153345879,0.19628862879831338,0.7966517247546372,True,9.222917422779522
source_1,Batch5_20221030,5,FK-866,field,2.93,False,0.7509462268102833,0.2236413098677461,0.889322802651128,True,29.791146469266717
source_1,Batch5_20221030,5,LY2109761,field,2.93,False,0.8250916144949975,0.2514260592920597,0.9469371870341959,True,28.65932155599281
source_1,Batch5_20221030,5,NVS-PAK1-1,field,2.93,False,0.8283728729099942,0.10367594521702803,0.9559455950991951,True,35.75704098767236
source_1,Batch5_20221030,5,quinidine,field,2.93,False,0.6312987363106523,0.20318120711887006,0.6227923498636414,True,3.0396744267180433
source_1,Batch5_20221030,5,TC-S-7004,field,2.93,False,0.6259619673585876,-0.026255075592124314,0.6902840728457416,True,5.886646624076851
source_1,Batch5_20221030,5,aloxistatin,field,2.93,False,0.5272293852935876,0.1901992879241681,0.43650844337838945,True,3.201909855957039
source_1,Batch6_20221102,6,AMG900,field,3.1,False,0.8856608796667654,0.03348575903599862,0.88626520982011,True,18.94869223107652
source_1,Batch6_20221102,6,dexamethasone,field,3.1,False,0.3711162520512944,0.17157318120146758,0.46860116707117094,False,6.612373898188981
source_1,Batch6_20221102,6,FK-866,field,3.1,False,0.7425919464279607,0.18423190796867112,0.8185280336936163,True,12.946943281350642
source_1,Batch6_20221102,6,LY2109761,field,3.1,False,0.8464746623819004,0.24041956841044593,0.9238700929953811,True,17.890668169395838
source_1,Batch6_20221102,6,NVS-PAK1-1,field,3.1,False,0.8423614872957238,0.10124942360949708,0.9011002202632032,True,16.487111761159746
source_1,Batch6_20221102,6,quinidine,field,3.1,False,0.3964619751895292,0.27149443856724054,0.5018434376615233,False,6.099818821055861
source_1,Batch6_20221102,6,TC-S-7004,field,3.1,False,0.36538985768575316,0.009176423673301739,0.3769906688174075,True,2.971599410209865
source_1,Batch6_20221102,6,aloxistatin,field,3.1,False,0.31320707789514124,0.20408688305298694,0.09734139564375437,False,4.03096653499946
source_10,2021_05_31_U2OS_48_hr_run1,1,AMG900,raw,0.65,False,0.8925231657282354,0.12014951532801955,,True,51.940932524878754
source_10,2021_05_31_U2OS_48_hr_run1,1,dexamethasone,raw,0.65,False,0.8692921887726379,0.29417432484367445,,True,8.760606076544798
source_10,2021_05_31_U2OS_48_hr_run1,1,FK-866,raw,0.65,False,0.8304428309138976,0.3331396620685102,,True,23.436270860278164
source_10,2021_05_31_U2OS_48_hr_run1,1,LY2109761,raw,0.65,False,0.8792907752741612,0.3363440446817041,,True,37.85662530358135
source_10,2021_05_31_U2OS_48_hr_run1,1,NVS-PAK1-1,raw,0.65,False,0.8562154982365258,0.26851184140676315,,True,23.954171409733032
source_10,2021_05_31_U2OS_48_hr_run1,1,quinidine,raw,0.65,False,0.6045681587162872,0.18265726101908128,,True,6.382638833412738
source_10,2021_05_31_U2OS_48_hr_run1,1,TC-S-7004,raw,0.65,False,0.8243053826603631,0.27287274493005925,,True,46.80075879555503
source_10,2021_05_31_U2OS_48_hr_run1,1,aloxistatin,raw,0.65,False,0.43075300120384985,0.13172888871063565,,True,4.639777351630224
source_10,2021_06_01_U2OS_48_hr_run2,2,AMG900,raw,1.53,False,0.8947834758319655,0.09403979621876413,0.9782489931261081,True,46.701859101659295
source_10,2021_06_01_U2OS_48_hr_run2,2,dexamethasone,raw,1.53,False,0.8690495412544353,0.3334018531858466,0.9338446538878131,True,8.003463785487918
source_10,2021_06_01_U2OS_48_hr_run2,2,FK-866,raw,1.53,False,0.8362699385106147,0.3456463773194211,0.9429834347176931,True,23.227557251527234
source_10,2021_06_01_U2OS_48_hr_run2,2,LY2109761,raw,1.53,False,0.9046125464691046,0.3019832088719375,0.9572561275985889,True,32.68513118536985
source_10,2021_06_01_U2OS_48_hr_run2,2,NVS-PAK1-1,raw,1.53,False,0.870864582407472,0.25343572714393325,0.9525146740161016,True,19.734245132493797
source_10,2021_06_01_U2OS_48_hr_run2,2,quinidine,raw,1.53,False,0.651073470202126,0.2508917444449432,0.7340433476872087,True,5.974128915075508
source_10,2021_06_01_U2OS_48_hr_run2,2,TC-S-7004,raw,1.53,False,0.8162272330602518,0.30134178189466637,0.9685732012731051,True,44.93795280107009
source_10,2021_06_01_U2OS_48_hr_run2,2,aloxistatin,raw,1.53,False,0.459239272190231,0.294811104982419,0.5955145093408729,False,5.223044106513533
source_10,2021_06_07_U2OS_48_hr_run3,3,AMG900,raw,1.51,False,0.8846426876015653,0.1366497432604844,0.9819149348609577,True,47.182475754571584
source_10,2021_06_07_U2OS_48_hr_run3,3,dexamethasone,raw,1.51,False,0.8294520577957839,0.3806280778275526,0.9380175484793148,True,9.097252924780754
source_10,2021_06_07_U2OS_48_hr_run3,3,FK-866,raw,1.51,False,0.8239289016411107,0.40854467224425717,0.9293165246773931,True,25.140859359572463
source_10,2021_06_07_U2OS_48_hr_run3,3,LY2109761,raw,1.51,False,0.8809539298690885,0.3401303487114878,0.9526720398156515,True,35.36672480197542
source_10,2021_06_07_U2OS_48_hr_run3,3,NVS-PAK1-1,raw,1.51,False,0.6710479956529474,0.4778200739942761,0.7128187888138848,True,23.7164658301124
source_10,2021_06_07_U2OS_48_hr_run3,3,quinidine,raw,1.51,False,0.5997287043418194,0.33544453747541614,0.31271789015101137,False,14.998809946915
source_10,2021_06_07_U2OS_48_hr_run3,3,TC-S-7004,raw,1.51,False,0.7788521639948638,0.34560147101065436,0.928141287614161,True,39.956528402898584
source_10,2021_06_07_U2OS_48_hr_run3,3,aloxistatin,raw,1.51,False,0.7083911107994577,0.3704875564131646,0.5932717427257334,True,3.7771667114480194
source_10,2021_06_08_U2OS_48_hr_run4,4,AMG900,raw,1.35,False,0.8819116984224049,0.127182787304092,0.9828160331673372,True,47.52540129594361
source_10,2021_06_08_U2OS_48_hr_run4,4,dexamethasone,raw,1.35,False,0.8555436580557934,0.3707584498149368,0.9187058007661393,True,9.346202963939424
source_10,2021_06_08_U2OS_48_hr_run4,4,FK-866,raw,1.35,False,0.8128436976905873,0.34399088974877123,0.9548881029745201,True,27.341772098871886
source_10,2021_06_08_U2OS_48_hr_run4,4,LY2109761,raw,1.35,False,0.8224508902752761,0.39442611056765614,0.9034710185265472,True,34.745352909477084
source_10,2021_06_08_U2OS_48_hr_run4,4,NVS-PAK1-1,raw,1.35,False,0.8709009172616007,0.29272553050985234,0.9434019857580376,True,24.27790264277174
source_10,2021_06_08_U2OS_48_hr_run4,4,quinidine,raw,1.35,False,0.6850504959894261,0.3242829478456191,0.8053083165068065,True,6.863696727251164
source_10,2021_06_08_U2OS_48_hr_run4,4,TC-S-7004,raw,1.35,False,0.8091780245990791,0.31232421061164234,0.9235483565514018,True,46.4352980561135
source_10,2021_06_08_U2OS_48_hr_run4,4,aloxistatin,raw,1.35,False,0.6237245650901815,0.3731287060023541,0.579257399194932,True,8.75093175042393
source_10,2021_06_14_U2OS_48_hr_run5,5,AMG900,raw,1.47,False,0.8820951060038971,0.11226575597242053,0.9786984586582593,True,48.42857432654758
source_10,2021_06_14_U2OS_48_hr_run5,5,dexamethasone,raw,1.47,False,0.8218652387634623,0.32123793031413417,0.8421666314191457,True,9.02565726694122
source_10,2021_06_14_U2OS_48_hr_run5,5,FK-866,raw,1.47,False,0.793210007694959,0.3179157525587338,0.9440156987717528,True,26.458581403655767
source_10,2021_06_14_U2OS_48_hr_run5,5,LY2109761,raw,1.47,False,0.8878822022983411,0.3139621012673914,0.9700786128549954,True,33.75571274967248
source_10,2021_06_14_U2OS_48_hr_run5,5,NVS-PAK1-1,raw,1.47,False,0.8586138397823051,0.2774837663971636,0.9319781517499949,True,22.592986577687004
source_10,2021_06_14_U2OS_48_hr_run5,5,quinidine,raw,1.47,False,0.5269223797970927,0.18530532741107095,0.694838678084075,True,9.569922533971035
source_10,2021_06_14_U2OS_48_hr_run5,5,TC-S-7004,raw,1.47,False,0.8086295289247065,0.2852516623543145,0.9410822638854708,True,41.05562631800903
source_10,2021_06_14_U2OS_48_hr_run5,5,aloxistatin,raw,1.47,False,0.3726167192448976,0.21581574190887107,0.18068154114697202,False,8.440804238269067
source_10,2021_06_15_U2OS_48_hr_run6,6,AMG900,raw,1.8,False,0.8924288288568007,0.1272441126683105,0.9752503611765396,True,47.85418498304034
source_10,2021_06_15_U2OS_48_hr_run6,6,dexamethasone,raw,1.8,False,0.8884828898878274,0.19778778404364786,0.8145238299719699,True,9.032771580028815
source_10,2021_06_15_U2OS_48_hr_run6,6,FK-866,raw,1.8,False,0.8143446117432346,0.2532013067070576,0.9288435089841702,True,25.932907933186254
source_10,2021_06_15_U2OS_48_hr_run6,6,LY2109761,raw,1.8,False,0.9085511520551794,0.3391626827420903,0.9637468563128505,True,34.815506535415366
source_10,2021_06_15_U2OS_48_hr_run6,6,NVS-PAK1-1,raw,1.8,False,0.8346515914009425,0.318912540554667,0.9022223004633165,True,22.793792007250403
source_10,2021_06_15_U2OS_48_hr_run6,6,quinidine,raw,1.8,False,0.659582353359674,0.1748969332394618,0.6074978274429561,True,7.334725847653895
source_10,2021_06_15_U2OS_48_hr_run6,6,TC-S-7004,raw,1.8,False,0.8342893434261315,0.3076687407172968,0.8984239916419096,True,47.85932004858559
source_10,2021_06_15_U2OS_48_hr_run6,6,aloxistatin,raw,1.8,False,0.4009627663331856,0.19130405857310726,0.15439864405605974,True,17.256914170493687
source_10,2021_06_21_U2OS_48_hr_run7,7,AMG900,raw,1.54,False,0.8945994304355415,0.16482088686451526,0.9838014006425547,True,49.045234652478086
source_10,2021_06_21_U2OS_48_hr_run7,7,dexamethasone,raw,1.54,False,0.890016412594415,0.35953257304073777,0.9533934927566977,True,8.930311183347513
source_10,2021_06_21_U2OS_48_hr_run7,7,FK-866,raw,1.54,False,0.7931524030516102,0.3577811806631099,0.9480435535968363,True,28.318955168062402
source_10,2021_06_21_U2OS_48_hr_run7,7,LY2109761,raw,1.54,False,0.8810053649346792,0.3548181086612327,0.9889826522919699,True,37.810208528999404
source_10,2021_06_21_U2OS_48_hr_run7,7,NVS-PAK1-1,raw,1.54,False,0.8652917536221132,0.29871476483121145,0.9536235733863966,True,25.98044199233102
source_10,2021_06_21_U2OS_48_hr_run7,7,quinidine,raw,1.54,False,0.6297407474676998,0.212243713507087,0.9093186236962831,True,6.994177606096935
source_10,2021_06_21_U2OS_48_hr_run7,7,TC-S-7004,raw,1.54,False,0.8373412843918804,0.31768272678677517,0.9783042327281022,True,45.35782760963091
source_10,2021_06_21_U2OS_48_hr_run7,7,aloxistatin,raw,1.54,False,0.5833329467329479,0.36301536065005824,0.6213836239259997,True,4.895078670004239
source_10,2021_06_22_U2OS_48_hr_run8,8,AMG900,raw,1.72,False,0.8610501326596282,0.18375867584836758,0.9669003561020874,True,47.69748374466768
source_10,2021_06_22_U2OS_48_hr_run8,8,dexamethasone,raw,1.72,False,0.8100954998080656,0.35145079042832744,0.9219503922736877,False,8.851611049301672
source_10,2021_06_22_U2OS_48_hr_run8,8,FK-866,raw,1.72,False,0.726646120869687,0.3817876743338896,0.8855330510947501,True,28.905460272579262
source_10,2021_06_22_U2OS_48_hr_run8,8,LY2109761,raw,1.72,False,0.8597499946923314,0.34892208199948743,0.9813145389728278,True,35.62387199423076
source_10,2021_06_22_U2OS_48_hr_run8,8,NVS-PAK1-1,raw,1.72,False,0.8354312476769391,0.30846685927676015,0.9232443137067636,True,25.621342479744076
source_10,2021_06_22_U2OS_48_hr_run8,8,quinidine,raw,1.72,False,0.5613962066715111,0.20003714757130045,0.8374930701044445,True,10.036987897811112
source_10,2021_06_22_U2OS_48_hr_run8,8,TC-S-7004,raw,1.72,False,0.7811637566256338,0.3280379808985492,0.9132700483451013,True,48.79822371592227
source_10,2021_07_05_U2OS_48_hr_run10,9,AMG900,raw,1.81,False,0.886391147069596,0.12225605676539174,0.9702980482912827,True,44.66436096016106
source_10,2021_07_05_U2OS_48_hr_run10,9,dexamethasone,raw,1.81,False,0.8525463915093396,0.33331208930574113,0.9604040144705075,True,8.167808063208065
source_10,2021_07_05_U2OS_48_hr_run10,9,FK-866,raw,1.81,False,0.7916813390611755,0.32297712478285817,0.9193587502371054,True,21.525494998306478
source_10,2021_07_05_U2OS_48_hr_run10,9,LY2109761,raw,1.81,False,0.8820754511217761,0.33578231978827916,0.9748254769669873,True,34.16161437336743
source_10,2021_07_05_U2OS_48_hr_run10,9,NVS-PAK1-1,raw,1.81,False,0.8755693104971989,0.2730389888079671,0.920888880763782,True,22.049092271810164
source_10,2021_07_05_U2OS_48_hr_run10,9,quinidine,raw,1.81,False,0.5371200008589501,0.16180388791318215,0.8523259399690747,True,8.255872602321718
source_10,2021_07_05_U2OS_48_hr_run10,9,TC-S-7004,raw,1.81,False,0.8041631122485247,0.30229840137704495,0.9506487507318798,True,38.89831094186898
source_10,2021_07_05_U2OS_48_hr_run10,9,aloxistatin,raw,1.81,False,0.5970922937457257,0.30929512032237266,0.6387439100157449,True,6.330219308782494
source_10,2021_07_07_U2OS_48_hr_run11,10,AMG900,raw,1.65,False,0.8706907962592424,0.12057679051096223,0.9680296402747528,True,45.12969010888359
source_10,2021_07_07_U2OS_48_hr_run11,10,dexamethasone,raw,1.65,False,0.8547467777844489,0.29503487754647306,0.9165685545929091,True,8.93807951518807
source_10,2021_07_07_U2OS_48_hr_run11,10,FK-866,raw,1.65,False,0.721171084048846,0.3468596820802284,0.8775984450155514,True,27.293235997232326
source_10,2021_07_07_U2OS_48_hr_run11,10,LY2109761,raw,1.65,False,0.8711425705869288,0.33070874608484324,0.9745934049534117,True,33.958772885102945
source_10,2021_07_07_U2OS_48_hr_run11,10,NVS-PAK1-1,raw,1.65,False,0.8527015054343554,0.23226319175629767,0.9367113621242593,True,22.231837239987843
source_10,2021_07_07_U2OS_48_hr_run11,10,quinidine,raw,1.65,False,0.6092100667012081,0.23504730668721976,0.7060208141328077,True,14.715797279281627
source_10,2021_07_07_U2OS_48_hr_run11,10,TC-S-7004,raw,1.65,False,0.7731029533048777,0.28967623070622706,0.930308022241292,True,44.84728231025055
source_10,2021_08_03_U2OS_48_hr_run12,11,AMG900,raw,1.9,False,0.8754428239506322,0.14171019812368987,0.9732446677114486,True,44.634595987694105
source_10,2021_08_03_U2OS_48_hr_run12,11,dexamethasone,raw,1.9,False,0.8672208968273937,0.30477424975538797,0.9365668645397944,True,8.054452175429425
source_10,2021_08_03_U2OS_48_hr_run12,11,FK-866,raw,1.9,False,0.7783440802358637,0.3644077958527661,0.9196787363552024,True,27.967048513450994
source_10,2021_08_03_U2OS_48_hr_run12,11,LY2109761,raw,1.9,False,0.8780526570304218,0.3372228136726644,0.9755836552815691,True,35.346350005187816
source_10,2021_08_03_U2OS_48_hr_run12,11,NVS-PAK1-1,raw,1.9,False,0.845685745353605,0.2739986119186167,0.9085519156575907,True,24.155541373803842
source_10,2021_08_03_U2OS_48_hr_run12,11,quinidine,raw,1.9,False,0.6911695767596742,0.35351210899011837,0.7727759764400945,True,5.132900320174489
source_10,2021_08_03_U2OS_48_hr_run12,11,TC-S-7004,raw,1.9,False,0.787586257178297,0.3073728909261845,0.8753788137892984,True,47.80070838637919
source_10,2021_08_09_U2OS_48_hr_run13,12,AMG900,raw,2.0,False,0.8724861228751183,0.12530829993167839,0.9678915122917667,True,45.445863756876854
source_10,2021_08_09_U2OS_48_hr_run13,12,dexamethasone,raw,2.0,False,0.8204177246290248,0.34712024851127626,0.9374795366243242,True,8.479214690655844
source_10,2021_08_09_U2OS_48_hr_run13,12,FK-866,raw,2.0,False,0.7259834772396649,0.3282062963615453,0.9022490279034691,True,27.564267431760044
source_10,2021_08_09_U2OS_48_hr_run13,12,LY2109761,raw,2.0,False,0.8738082666161966,0.33504862112053424,0.9626942241948221,True,34.1771264061123
source_10,2021_08_09_U2OS_48_hr_run13,12,NVS-PAK1-1,raw,2.0,False,0.8092394923724069,0.2717922453696763,0.8681256764720489,True,25.032443444362464
source_10,2021_08_09_U2OS_48_hr_run13,12,quinidine,raw,2.0,False,0.7112559845325898,0.32528238320799646,0.8139101831399262,True,7.357520461341328
source_10,2021_08_09_U2OS_48_hr_run13,12,TC-S-7004,raw,2.0,False,0.7779360074836175,0.30830661605035375,0.9068539607341994,True,43.227268967274135
source_10,2021_08_09_U2OS_48_hr_run13,12,aloxistatin,raw,2.0,False,0.6373307626313731,0.38666067989313735,0.41519906913203386,True,7.121275931013235
source_10,2021_08_12_U2OS_48_hr_run15,13,AMG900,raw,2.02,False,0.8874532865935977,0.2162993682416051,0.8821769796790813,True,49.71961567545651
source_10,2021_08_12_U2OS_48_hr_run15,13,dexamethasone,raw,2.02,False,0.6172981550894847,0.2759865723861476,0.5658648478214587,False,21.982637917229063
source_10,2021_08_12_U2OS_48_hr_run15,13,FK-866,raw,2.02,False,0.792493327526631,0.3002212702586702,0.9135811355105545,True,26.77217594744111
source_10,2021_08_12_U2OS_48_hr_run15,13,LY2109761,raw,2.02,False,0.8850453400455272,0.3131403926782313,0.9123464778964745,True,36.95401032260993
source_10,2021_08_12_U2OS_48_hr_run15,13,NVS-PAK1-1,raw,2.02,False,0.8697032919212948,0.3279499139941363,0.9460327907875706,True,27.368381868088104
source_10,2021_08_12_U2OS_48_hr_run15,13,quinidine,raw,2.02,False,0.7041814919704593,0.305285165155837,0.8740575327995639,True,6.165235457892818
source_10,2021_08_12_U2OS_48_hr_run15,13,TC-S-7004,raw,2.02,False,0.8465189741016614,0.3433700977097133,0.8966652022112438,True,53.00690899441279
source_10,2021_08_17_U2OS_48_hr_run16,14,AMG900,raw,2.59,False,0.8626329860550259,0.17670264098073135,0.930323446584549,True,47.346405255066976
source_10,2021_08_17_U2OS_48_hr_run16,14,dexamethasone,raw,2.59,False,0.8188281602289629,0.13789838710545826,0.8452979313016511,True,8.081235759218712
source_10,2021_08_17_U2OS_48_hr_run16,14,FK-866,raw,2.59,False,0.7147671913131798,0.2670047423920926,0.8752807140212417,True,25.684353343204815
source_10,2021_08_17_U2OS_48_hr_run16,14,LY2109761,raw,2.59,False,0.8373563240850607,0.3047481159229048,0.9114436102815257,True,33.46050375774408
source_10,2021_08_17_U2OS_48_hr_run16,14,NVS-PAK1-1,raw,2.59,False,0.8134345039040352,0.31936986562546404,0.8901421317438702,True,22.416491800644632
source_10,2021_08_17_U2OS_48_hr_run16,14,quinidine,raw,2.59,False,0.4994745104586305,0.16365670124766898,0.5825578951417067,False,4.560455506676658
source_10,2021_08_17_U2OS_48_hr_run16,14,TC-S-7004,raw,2.59,False,0.7596424385708849,0.32755364153990574,0.8601606718181662,True,44.92284909422086
source_10,2021_08_20_U2OS_48_hr_run17,15,AMG900,raw,2.94,False,0.8715196886549,0.15350670893498486,0.9347920740413828,True,41.83614823550336
source_10,2021_08_20_U2OS_48_hr_run17,15,dexamethasone,raw,2.94,False,0.6976164516699824,0.30401690982409285,0.8600145500790766,True,7.197151701216788
source_10,2021_08_20_U2OS_48_hr_run17,15,FK-866,raw,2.94,False,0.7257546307954572,0.31399565698652104,0.8644406539266284,True,28.112405294647967
source_10,2021_08_20_U2OS_48_hr_run17,15,LY2109761,raw,2.94,False,0.8696202102348931,0.3301043585203161,0.9470026434461992,True,32.06152746909175
source_10,2021_08_20_U2OS_48_hr_run17,15,NVS-PAK1-1,raw,2.94,False,0.8183910158876622,0.275627414800693,0.8347802427293707,True,21.37859124010764
source_10,2021_08_20_U2OS_48_hr_run17,15,quinidine,raw,2.94,False,0.6492122984770218,0.3748889954700794,0.5366829842352384,True,7.7903727853323295
source_10,2021_08_20_U2OS_48_hr_run17,15,TC-S-7004,raw,2.94,False,0.7494436711786245,0.312145020352061,0.8114110800070324,True,45.67302220477436
source_10,2021_08_23_U2OS_48_hr_run18,16,AMG900,raw,1.73,False,0.9072140869424106,0.1239115948320262,0.9669292268358318,True,47.82013972570435
source_10,2021_08_23_U2OS_48_hr_run18,16,dexamethasone,raw,1.73,False,0.8001912311726918,0.1776384376097129,0.6775388799215942,True,8.266259051794282
source_10,2021_08_23_U2OS_48_hr_run18,16,FK-866,raw,1.73,False,0.8079771494356971,0.34877272395937675,0.9243425891429983,True,27.284166549324855
source_10,2021_08_23_U2OS_48_hr_run18,16,LY2109761,raw,1.73,False,0.9228251374394428,0.3082597215227382,0.9177082580649935,True,32.234565264332495
source_10,2021_08_23_U2OS_48_hr_run18,16,NVS-PAK1-1,raw,1.73,False,0.8482262478815694,0.32737409134505385,0.8598801899555889,True,20.9740931105026
source_10,2021_08_23_U2OS_48_hr_run18,16,quinidine,raw,1.73,False,0.563118427014333,0.21333910327705174,0.47517444762077166,True,10.640796851866474
source_10,2021_08_23_U2OS_48_hr_run18,16,TC-S-7004,raw,1.73,False,0.8179864528583538,0.34736004047440955,0.926186465708792,True,43.75086854213628
source_10,2021_08_23_U2OS_48_hr_run18,16,aloxistatin,raw,1.73,False,0.3807344473241294,0.068832046735067,0.10007795642169605,True,7.964802205808432
source_10,2021_08_23_U2OS_48_hr_run19,17,AMG900,raw,1.78,False,0.8899807745812194,0.15915106342712654,0.9548970175617393,True,47.276407534245756
source_10,2021_08_23_U2OS_48_hr_run19,17,dexamethasone,raw,1.78,False,0.7770980937014694,0.1581244667224586,0.7051935841292466,True,9.04517380853803
source_10,2021_08_23_U2OS_48_hr_run19,17,FK-866,raw,1.78,False,0.7192000455469819,0.3629919083746112,0.8826828446027076,True,25.57943612444665
source_10,2021_08_23_U2OS_48_hr_run19,17,LY2109761,raw,1.78,False,0.8444196895256059,0.331092730318953,0.8081166626888869,True,32.278798776341375
source_10,2021_08_23_U2OS_48_hr_run19,17,NVS-PAK1-1,raw,1.78,False,0.43299834090590805,0.46291042592320303,0.4774324724401981,False,24.870177190770935
source_10,2021_08_23_U2OS_48_hr_run19,17,quinidine,raw,1.78,False,0.608968116738193,0.24418454843579848,0.23517345502022985,False,15.804389941385775
source_10,2021_08_23_U2OS_48_hr_run19,17,TC-S-7004,raw,1.78,False,0.7389829959089398,0.3640450725781454,0.8405203575618236,True,51.08657541713014
source_10,2021_08_23_U2OS_48_hr_run19,17,aloxistatin,raw,1.78,False,0.30399735345117745,0.04240916373664495,0.14341892290824665,False,16.6763022073546
source_10,2021_05_31_U2OS_48_hr_run1,1,AMG900,own,0.65,False,0.9411664448104905,0.04763557059275664,,True,231.73256673873752
source_10,2021_05_31_U2OS_48_hr_run1,1,dexamethasone,own,0.65,False,0.8690903239598813,0.3142053973500203,,True,25.366356810820935
source_10,2021_05_31_U2OS_48_hr_run1,1,FK-866,own,0.65,False,0.8305216196414873,0.30548740842386773,,True,80.07104122678352
source_10,2021_05_31_U2OS_48_hr_run1,1,LY2109761,own,0.65,False,0.8924002797921872,0.28431085061584693,,True,122.2937531734095
source_10,2021_05_31_U2OS_48_hr_run1,1,NVS-PAK1-1,own,0.65,False,0.867775088939298,0.22192909396617758,,True,76.16476788603049
source_10,2021_05_31_U2OS_48_hr_run1,1,quinidine,own,0.65,False,0.5532818521121642,0.1591173818847327,,True,20.423595482443325
source_10,2021_05_31_U2OS_48_hr_run1,1,TC-S-7004,own,0.65,False,0.7995606538630049,0.23902607059246717,,True,174.41291984427713
source_10,2021_05_31_U2OS_48_hr_run1,1,aloxistatin,own,0.65,False,0.5476947615873391,0.16840070519142958,,True,13.687344240671143
source_10,2021_06_01_U2OS_48_hr_run2,2,AMG900,own,1.53,False,0.9443720051159974,0.020227680257709286,0.9853714952062173,True,211.76816823268757
source_10,2021_06_01_U2OS_48_hr_run2,2,dexamethasone,own,1.53,False,0.8734942586256078,0.3343421432551069,0.9446213026436159,True,23.844142910981237
source_10,2021_06_01_U2OS_48_hr_run2,2,FK-866,own,1.53,False,0.8487565173942359,0.3006865613782455,0.9403030001192055,True,76.4871407686367
source_10,2021_06_01_U2OS_48_hr_run2,2,LY2109761,own,1.53,False,0.9273588868263122,0.2721808292574406,0.9420949380303083,True,110.42076969111024
source_10,2021_06_01_U2OS_48_hr_run2,2,NVS-PAK1-1,own,1.53,False,0.9103240103264514,0.2023596869787987,0.9235196430735101,True,66.99408515618283
source_10,2021_06_01_U2OS_48_hr_run2,2,quinidine,own,1.53,False,0.7128072189956871,0.3019568531021525,0.5978986849976822,True,16.083868926088957
source_10,2021_06_01_U2OS_48_hr_run2,2,TC-S-7004,own,1.53,False,0.8141560924470637,0.24179228075109735,0.9575341255960134,True,158.1436645632865
source_10,2021_06_01_U2OS_48_hr_run2,2,aloxistatin,own,1.53,False,0.5315056384692561,0.27560094724803746,0.6849988507662601,False,20.636511696126146
source_10,2021_06_07_U2OS_48_hr_run3,3,AMG900,own,1.51,False,0.9320110317716289,0.03774096831782938,0.9813206076450409,True,200.18296002390343
source_10,2021_06_07_U2OS_48_hr_run3,3,dexamethasone,own,1.51,False,0.8450697957822499,0.36750818787477524,0.9436165742687992,True,24.05704428110125
source_10,2021_06_07_U2OS_48_hr_run3,3,FK-866,own,1.51,False,0.8565803878690563,0.35917084836021196,0.8955759062424171,True,71.57850246991532
source_10,2021_06_07_U2OS_48_hr_run3,3,LY2109761,own,1.51,False,0.912374063340999,0.2794978421980418,0.9336696169451022,True,108.53784083763883
source_10,2021_06_07_U2OS_48_hr_run3,3,NVS-PAK1-1,own,1.51,False,0.6924622216019062,0.45198366815319535,0.6567470390721031,True,61.23512092998963
source_10,2021_06_07_U2OS_48_hr_run3,3,quinidine,own,1.51,False,0.6106537894517288,0.32523588294674804,0.1016365207848888,False,42.91190944284882
source_10,2021_06_07_U2OS_48_hr_run3,3,TC-S-7004,own,1.51,False,0.7722428815792792,0.27880445490581435,0.9027623347013974,True,116.93163127048874
source_10,2021_06_07_U2OS_48_hr_run3,3,aloxistatin,own,1.51,False,0.7734288569078777,0.3395205224893921,0.6923550064831239,True,11.995354012376332
source_10,2021_06_08_U2OS_48_hr_run4,4,AMG900,own,1.35,False,0.9385228729836255,0.04557856137666521,0.9845132537088266,True,208.5068455054921
source_10,2021_06_08_U2OS_48_hr_run4,4,dexamethasone,own,1.35,False,0.8577884446621514,0.35861451920777226,0.9248941872578819,True,25.426982849857133
source_10,2021_06_08_U2OS_48_hr_run4,4,FK-866,own,1.35,False,0.842584954390722,0.3180971929466603,0.9434153205345186,True,81.43176263923235
source_10,2021_06_08_U2OS_48_hr_run4,4,LY2109761,own,1.35,False,0.8424542798991408,0.36820641282723,0.8695900457445037,True,101.54618802488186
source_10,2021_06_08_U2OS_48_hr_run4,4,NVS-PAK1-1,own,1.35,False,0.878959795949583,0.26440755112948094,0.9350184409334351,True,72.62694804378512
source_10,2021_06_08_U2OS_48_hr_run4,4,quinidine,own,1.35,False,0.7293624894161286,0.3605530071325562,0.7323559004795381,True,17.920943813592142
source_10,2021_06_08_U2OS_48_hr_run4,4,TC-S-7004,own,1.35,False,0.817155815650171,0.2724702799171847,0.8824504591766549,True,156.652369142005
source_10,2021_06_08_U2OS_48_hr_run4,4,aloxistatin,own,1.35,False,0.720164353120185,0.3484426964537735,0.6615923386637826,True,25.953939398893965
source_10,2021_06_14_U2OS_48_hr_run5,5,AMG900,own,1.47,False,0.9108760172559891,0.05659200780164131,0.9694285900420148,True,211.67419199884358
source_10,2021_06_14_U2OS_48_hr_run5,5,dexamethasone,own,1.47,False,0.788296799369931,0.2980658748726363,0.826309288126398,True,26.469762474040653
source_10,2021_06_14_U2OS_48_hr_run5,5,FK-866,own,1.47,False,0.8255276695326657,0.2770703392233786,0.896579583760684,True,89.1992649139807
source_10,2021_06_14_U2OS_48_hr_run5,5,LY2109761,own,1.47,False,0.9283506362141392,0.280139708170774,0.9487414115422528,True,103.15647908426828
source_10,2021_06_14_U2OS_48_hr_run5,5,NVS-PAK1-1,own,1.47,False,0.8588229494693473,0.2669476208275234,0.9165920634922499,True,69.82377090321714
source_10,2021_06_14_U2OS_48_hr_run5,5,quinidine,own,1.47,False,0.5621807037976503,0.18780695992141896,0.6915241199441834,True,25.521604950943914
source_10,2021_06_14_U2OS_48_hr_run5,5,TC-S-7004,own,1.47,False,0.7772539380778438,0.25339480251755253,0.9282641925908255,True,144.58603913836302
source_10,2021_06_14_U2OS_48_hr_run5,5,aloxistatin,own,1.47,False,0.4135269429704288,0.23847397164510145,0.3868138899023035,False,28.614510105312764
source_10,2021_06_15_U2OS_48_hr_run6,6,AMG900,own,1.8,False,0.9193174855391463,0.05003247678654159,0.9650190566683136,True,209.7602554269743
source_10,2021_06_15_U2OS_48_hr_run6,6,dexamethasone,own,1.8,False,0.8923027673669662,0.19445224841695088,0.7741059345211484,True,26.923218461671215
source_10,2021_06_15_U2OS_48_hr_run6,6,FK-866,own,1.8,False,0.834097284239774,0.21041405305940228,0.8694030012519817,True,89.11652491177772
source_10,2021_06_15_U2OS_48_hr_run6,6,LY2109761,own,1.8,False,0.9355630380852737,0.2925388938316824,0.9354532200007941,True,106.81871219186384
source_10,2021_06_15_U2OS_48_hr_run6,6,NVS-PAK1-1,own,1.8,False,0.7775891870114331,0.27778740123852713,0.8575992023521368,True,74.6094433421327
source_10,2021_06_15_U2OS_48_hr_run6,6,quinidine,own,1.8,False,0.626057260924015,0.18700758543799828,0.5078069687100837,False,20.955986596348442
source_10,2021_06_15_U2OS_48_hr_run6,6,TC-S-7004,own,1.8,False,0.7962129287450969,0.2584810650844964,0.8662176000177565,True,177.8626596246538
source_10,2021_06_15_U2OS_48_hr_run6,6,aloxistatin,own,1.8,False,0.47460256292675085,0.21927824297357076,0.30541758856229895,True,55.6555201682113
source_10,2021_06_21_U2OS_48_hr_run7,7,AMG900,own,1.54,False,0.9378637419635684,0.06646231263869291,0.9853869958870045,True,216.00106219819753
source_10,2021_06_21_U2OS_48_hr_run7,7,dexamethasone,own,1.54,False,0.8939314529763529,0.35869920746667877,0.9558558568950465,True,26.489509469351113
source_10,2021_06_21_U2OS_48_hr_run7,7,FK-866,own,1.54,False,0.8520179560666886,0.3302714605100428,0.9293378773186176,True,89.8960289663634
source_10,2021_06_21_U2OS_48_hr_run7,7,LY2109761,own,1.54,False,0.9161216889621264,0.29866739092629707,0.9749363287878647,True,123.40875769574936
source_10,2021_06_21_U2OS_48_hr_run7,7,NVS-PAK1-1,own,1.54,False,0.9081023131567629,0.2522693921070091,0.930753779558579,True,78.30476859044738
source_10,2021_06_21_U2OS_48_hr_run7,7,quinidine,own,1.54,False,0.6251219311232872,0.1912276914139073,0.8976871691646778,True,20.549924398021215
source_10,2021_06_21_U2OS_48_hr_run7,7,TC-S-7004,own,1.54,False,0.8080635257319526,0.27440522039609144,0.9607544390140568,True,160.424176176224
source_10,2021_06_21_U2OS_48_hr_run7,7,aloxistatin,own,1.54,False,0.6363595618451657,0.3640135411404245,0.6718948755137013,True,13.850680288442446
source_10,2021_06_22_U2OS_48_hr_run8,8,AMG900,own,1.72,False,0.9268144881600248,0.08211667148839286,0.9768042672336673,True,213.9520802028961
source_10,2021_06_22_U2OS_48_hr_run8,8,dexamethasone,own,1.72,False,0.7959614732423324,0.35853494323899326,0.9037729817652689,False,23.746834458761054
source_10,2021_06_22_U2OS_48_hr_run8,8,FK-866,own,1.72,False,0.7692488145585562,0.3663155816996225,0.8641138109920526,True,83.57030200211078
source_10,2021_06_22_U2OS_48_hr_run8,8,LY2109761,own,1.72,False,0.8748925969804874,0.2738289535397877,0.9468134423751031,True,112.79510257397916
source_10,2021_06_22_U2OS_48_hr_run8,8,NVS-PAK1-1,own,1.72,False,0.8711956404070083,0.2626734021635161,0.8811270297050147,True,77.86156772169579
source_10,2021_06_22_U2OS_48_hr_run8,8,quinidine,own,1.72,False,0.592595339532437,0.2329302001858329,0.7588945601969288,True,23.48025898151837
source_10,2021_06_22_U2OS_48_hr_run8,8,TC-S-7004,own,1.72,False,0.7981104561288511,0.27282562513474873,0.9170566583072135,True,171.31025059776366
source_10,2021_07_05_U2OS_48_hr_run10,9,AMG900,own,1.81,False,0.9346480644626608,0.045783314666932806,0.9792014503703848,True,191.97877874023987
source_10,2021_07_05_U2OS_48_hr_run10,9,dexamethasone,own,1.81,False,0.8518447560379848,0.3334042737712601,0.9455596382270681,True,21.741144707421313
source_10,2021_07_05_U2OS_48_hr_run10,9,FK-866,own,1.81,False,0.8410209771414914,0.28944363545308927,0.8730654317605535,True,64.44918179190958
source_10,2021_07_05_U2OS_48_hr_run10,9,LY2109761,own,1.81,False,0.89957137424482,0.26707929214102877,0.9460683550766305,True,108.22446039264008
source_10,2021_07_05_U2OS_48_hr_run10,9,NVS-PAK1-1,own,1.81,False,0.9068646241753164,0.22822501362927122,0.880702738593317,True,69.62321381286148
source_10,2021_07_05_U2OS_48_hr_run10,9,quinidine,own,1.81,False,0.4902407687705551,0.16798932838722322,0.8699942405563994,True,22.420921017628576
source_10,2021_07_05_U2OS_48_hr_run10,9,TC-S-7004,own,1.81,False,0.8048542119525013,0.25770652651034376,0.9253651836668839,True,127.61458266495927
source_10,2021_07_05_U2OS_48_hr_run10,9,aloxistatin,own,1.81,False,0.674097483387228,0.27218389640571855,0.6843603224883021,True,23.08534685730649
source_10,2021_07_07_U2OS_48_hr_run11,10,AMG900,own,1.65,False,0.9303085260732387,0.03766205488026016,0.9732787848574811,True,225.91790533960793
source_10,2021_07_07_U2OS_48_hr_run11,10,dexamethasone,own,1.65,False,0.9037653131107617,0.2999644205021171,0.9035503889537009,True,29.390342828049672
source_10,2021_07_07_U2OS_48_hr_run11,10,FK-866,own,1.65,False,0.7833018088038601,0.32048890061672664,0.8538300565116814,True,101.11470155321206
source_10,2021_07_07_U2OS_48_hr_run11,10,LY2109761,own,1.65,False,0.898713086766177,0.27732268791640674,0.9460495555667908,True,135.29691158371963
source_10,2021_07_07_U2OS_48_hr_run11,10,NVS-PAK1-1,own,1.65,False,0.8949682807553556,0.16496189914032122,0.8864270181162308,True,88.43723142133366
source_10,2021_07_07_U2OS_48_hr_run11,10,quinidine,own,1.65,False,0.5873848895018219,0.22331641383776943,0.7164985550336483,True,50.768444337855634
source_10,2021_07_07_U2OS_48_hr_run11,10,TC-S-7004,own,1.65,False,0.7943462345705306,0.22812977416325178,0.893428403945451,True,186.81501171827966
source_10,2021_08_03_U2OS_48_hr_run12,11,AMG900,own,1.9,False,0.9302447062953358,0.05115995366672204,0.9753506538061953,True,206.1420205554085
source_10,2021_08_03_U2OS_48_hr_run12,11,dexamethasone,own,1.9,False,0.79303951463077,0.27761932176209675,0.9244178432134565,True,26.81526405193305
source_10,2021_08_03_U2OS_48_hr_run12,11,FK-866,own,1.9,False,0.8237672394533339,0.31575508934245355,0.9034463871064888,True,95.11545018321537
source_10,2021_08_03_U2OS_48_hr_run12,11,LY2109761,own,1.9,False,0.8990995231048362,0.27034189021346966,0.9569809848975438,True,130.12213443428223
source_10,2021_08_03_U2OS_48_hr_run12,11,NVS-PAK1-1,own,1.9,False,0.893432939631605,0.20444105944378915,0.881622171414947,True,83.84489745164788
source_10,2021_08_03_U2OS_48_hr_run12,11,quinidine,own,1.9,False,0.6449247454539242,0.3168099839619161,0.8087959349013127,True,16.201655466283334
source_10,2021_08_03_U2OS_48_hr_run12,11,TC-S-7004,own,1.9,False,0.7712924948733246,0.2318890136931882,0.7871767625060018,True,194.82680103134325
source_10,2021_08_09_U2OS_48_hr_run13,12,AMG900,own,2.0,False,0.9318119982869575,0.04453244964520768,0.9714192389220013,True,196.37525849168887
source_10,2021_08_09_U2OS_48_hr_run13,12,dexamethasone,own,2.0,False,0.8344051157136445,0.35135089708501394,0.9172229375362544,True,20.648507874371575
source_10,2021_08_09_U2OS_48_hr_run13,12,FK-866,own,2.0,False,0.7739765300273412,0.2993149099719838,0.8672527858475485,True,76.62950172377137
source_10,2021_08_09_U2OS_48_hr_run13,12,LY2109761,own,2.0,False,0.8931051621917842,0.26867144520302183,0.9372252864404208,True,103.598833910829
source_10,2021_08_09_U2OS_48_hr_run13,12,NVS-PAK1-1,own,2.0,False,0.8345871982504296,0.21932054937944878,0.815912063758477,True,77.23976019333075
source_10,2021_08_09_U2OS_48_hr_run13,12,quinidine,own,2.0,False,0.7409492104793789,0.3768259253987802,0.6751720454144454,True,16.441534644845774
source_10,2021_08_09_U2OS_48_hr_run13,12,TC-S-7004,own,2.0,False,0.7977640948485873,0.26215126663081206,0.8677036865352193,True,139.52252844094406
source_10,2021_08_09_U2OS_48_hr_run13,12,aloxistatin,own,2.0,False,0.727497478101212,0.39321375189098334,0.488652203618692,True,19.28486460360787
source_10,2021_08_12_U2OS_48_hr_run15,13,AMG900,own,2.02,False,0.9169628532845354,0.11072064557872423,0.9369150935418451,True,220.5275195895483
source_10,2021_08_12_U2OS_48_hr_run15,13,dexamethasone,own,2.02,False,0.6264523111537084,0.23730348344836524,0.5541415506593943,False,76.29541584359174
source_10,2021_08_12_U2OS_48_hr_run15,13,FK-866,own,2.02,False,0.8084493655904255,0.2468257035932823,0.8556087717006255,True,96.64639056605843
source_10,2021_08_12_U2OS_48_hr_run15,13,LY2109761,own,2.02,False,0.8919528771402062,0.2684354152333513,0.8952095819183234,True,132.1475218657747
source_10,2021_08_12_U2OS_48_hr_run15,13,NVS-PAK1-1,own,2.02,False,0.9000886490191087,0.2581993603768124,0.9063511643616796,True,97.43834532123802
source_10,2021_08_12_U2OS_48_hr_run15,13,quinidine,own,2.02,False,0.7176648167661602,0.32532597360722754,0.787025451336271,True,17.984332831644704
source_10,2021_08_12_U2OS_48_hr_run15,13,TC-S-7004,own,2.02,False,0.8399150619586984,0.2932742815336721,0.8604929748626449,True,207.24037075198382
source_10,2021_08_17_U2OS_48_hr_run16,14,AMG900,own,2.59,False,0.9154262314850095,0.0876463491554733,0.9602523344015941,True,198.40244699940388
source_10,2021_08_17_U2OS_48_hr_run16,14,dexamethasone,own,2.59,False,0.8738618786572514,0.1412724388953682,0.7912343424955872,True,21.679316342155094
source_10,2021_08_17_U2OS_48_hr_run16,14,FK-866,own,2.59,False,0.7563774437750268,0.23597802346455504,0.8122662468654773,True,82.02343636532242
source_10,2021_08_17_U2OS_48_hr_run16,14,LY2109761,own,2.59,False,0.831666543222848,0.2432357715919949,0.8707594847863949,True,111.21043414209349
source_10,2021_08_17_U2OS_48_hr_run16,14,NVS-PAK1-1,own,2.59,False,0.8504495836336113,0.2813108646766764,0.824634900900877,True,71.03153247573431
source_10,2021_08_17_U2OS_48_hr_run16,14,quinidine,own,2.59,False,0.49715010781039704,0.1979083971897464,0.38526075089151657,False,12.195846529201166
source_10,2021_08_17_U2OS_48_hr_run16,14,TC-S-7004,own,2.59,False,0.769620482894243,0.2939982028157915,0.8488896834739994,True,156.66624735530155
source_10,2021_08_20_U2OS_48_hr_run17,15,AMG900,own,2.94,False,0.9052444406037733,0.06131896521426115,0.9573606420761958,True,164.3422626057391
source_10,2021_08_20_U2OS_48_hr_run17,15,dexamethasone,own,2.94,False,0.7218165722288677,0.33395765767750235,0.8492131459890011,False,16.37197003382918
source_10,2021_08_20_U2OS_48_hr_run17,15,FK-866,own,2.94,False,0.7939095070113468,0.2869729242568953,0.8364263488251,True,73.60476638720517
source_10,2021_08_20_U2OS_48_hr_run17,15,LY2109761,own,2.94,False,0.8621450677902218,0.24948822679462532,0.9301436018634457,True,92.7257070996601
source_10,2021_08_20_U2OS_48_hr_run17,15,NVS-PAK1-1,own,2.94,False,0.8561100312562168,0.22807052257593363,0.7905065825158263,True,61.372328470334345
source_10,2021_08_20_U2OS_48_hr_run17,15,quinidine,own,2.94,False,0.5930882364340253,0.3965339259398301,0.3235654902220603,False,18.117064387800024
source_10,2021_08_20_U2OS_48_hr_run17,15,TC-S-7004,own,2.94,False,0.7865419751080063,0.269604820435242,0.7605803532758941,True,136.00007311845695
source_10,2021_08_23_U2OS_48_hr_run18,16,AMG900,own,1.73,False,0.935950491789866,0.05003358720509556,0.9798881473321268,True,228.31936730160217
source_10,2021_08_23_U2OS_48_hr_run18,16,dexamethasone,own,1.73,False,0.7639079332655472,0.12799014593476377,0.6497571733421939,True,30.108836427764576
source_10,2021_08_23_U2OS_48_hr_run18,16,FK-866,own,1.73,False,0.7978343698338475,0.26679941747667163,0.8923915716977664,True,100.91961072350567
source_10,2021_08_23_U2OS_48_hr_run18,16,LY2109761,own,1.73,False,0.9315819542162891,0.2900613683046781,0.90225405695404,True,111.45480584933688
source_10,2021_08_23_U2OS_48_hr_run18,16,NVS-PAK1-1,own,1.73,False,0.8343196091937877,0.2964469742807343,0.8693768398698367,True,74.16871396522762
source_10,2021_08_23_U2OS_48_hr_run18,16,quinidine,own,1.73,False,0.6080984919359436,0.21327539490343786,0.3305381090271222,True,32.45146636042112
source_10,2021_08_23_U2OS_48_hr_run18,16,TC-S-7004,own,1.73,False,0.8337245874675536,0.29318438898790744,0.9402186103035787,True,173.01439053581313
source_10,2021_08_23_U2OS_48_hr_run18,16,aloxistatin,own,1.73,False,0.4314048780875255,0.0908559996160102,0.339975478681203,True,30.749340788520797
source_10,2021_08_23_U2OS_48_hr_run19,17,AMG900,own,1.78,False,0.9298499733120458,0.061890825840800065,0.9712084024984092,True,208.5856978205621
source_10,2021_08_23_U2OS_48_hr_run19,17,dexamethasone,own,1.78,False,0.7279394607485696,0.12368681863273503,0.6524242283493377,True,30.411323529336094
source_10,2021_08_23_U2OS_48_hr_run19,17,FK-866,own,1.78,False,0.7346775596491134,0.26751087579395627,0.8617986267689934,True,90.4591233017423
source_10,2021_08_23_U2OS_48_hr_run19,17,LY2109761,own,1.78,False,0.8462013289421727,0.32017102958028404,0.7810568589662752,True,103.5741052067599
source_10,2021_08_23_U2OS_48_hr_run19,17,NVS-PAK1-1,own,1.78,False,0.3519373558614979,0.4188609665377171,0.43462383263435084,False,81.12660620784116
source_10,2021_08_23_U2OS_48_hr_run19,17,quinidine,own,1.78,False,0.5678043135235822,0.2129382302309881,-0.025502323813277706,False,51.26875939220079
source_10,2021_08_23_U2OS_48_hr_run19,17,TC-S-7004,own,1.78,False,0.7805032700553859,0.3052682724609696,0.8346895111134327,True,189.25674338353105
source_10,2021_08_23_U2OS_48_hr_run19,17,aloxistatin,own,1.78,False,0.3847073751495437,0.06877222180360522,0.39061973930051375,False,57.67308248803147
source_10,2021_05_31_U2OS_48_hr_run1,1,AMG900,scaled,0.65,False,0.7537295288414874,0.026635853495238726,,True,43.845354950997574
source_10,2021_05_31_U2OS_48_hr_run1,1,dexamethasone,scaled,0.65,False,0.7448391542339017,0.1738157445756819,,True,7.66553393441971
source_10,2021_05_31_U2OS_48_hr_run1,1,FK-866,scaled,0.65,False,0.7423858693652576,0.1791266417338144,,True,20.287208832667783
source_10,2021_05_31_U2OS_48_hr_run1,1,LY2109761,scaled,0.65,False,0.743103507213857,0.16766425755081613,,True,29.579331963421144
source_10,2021_05_31_U2OS_48_hr_run1,1,NVS-PAK1-1,scaled,0.65,False,0.6395881299293099,0.09867227039918813,,True,19.114220145989208
source_10,2021_05_31_U2OS_48_hr_run1,1,quinidine,scaled,0.65,False,0.5540952486277527,0.09768988462746535,,True,5.747677544301255
source_10,2021_05_31_U2OS_48_hr_run1,1,TC-S-7004,scaled,0.65,False,0.6877446276324893,0.12359457734185293,,True,39.80641338701318
source_10,2021_05_31_U2OS_48_hr_run1,1,aloxistatin,scaled,0.65,False,0.20129295712027098,0.07078209153040421,,False,4.003394516092039
source_10,2021_06_01_U2OS_48_hr_run2,2,AMG900,scaled,1.53,False,0.769696264939597,0.006501137947540786,0.944828534455719,True,40.75764555867354
source_10,2021_06_01_U2OS_48_hr_run2,2,dexamethasone,scaled,1.53,False,0.7745753505804314,0.20324550576946526,0.887223996964964,True,7.228924595127414
source_10,2021_06_01_U2OS_48_hr_run2,2,FK-866,scaled,1.53,False,0.7446413951924509,0.20474430127666118,0.8948113739590107,True,19.50929820622044
source_10,2021_06_01_U2OS_48_hr_run2,2,LY2109761,scaled,1.53,False,0.8115376680885159,0.17979016854813373,0.9124264339197208,True,26.055922950622154
source_10,2021_06_01_U2OS_48_hr_run2,2,NVS-PAK1-1,scaled,1.53,False,0.7102603849519138,0.09630741906657135,0.8898485696210281,True,16.48613166231218
source_10,2021_06_01_U2OS_48_hr_run2,2,quinidine,scaled,1.53,False,0.5801309048742991,0.12457129247127716,0.7263096347749332,True,6.4195679469655405
source_10,2021_06_01_U2OS_48_hr_run2,2,TC-S-7004,scaled,1.53,False,0.693334799949632,0.14643311825371982,0.9287465315727566,True,38.22699577093827
source_10,2021_06_01_U2OS_48_hr_run2,2,aloxistatin,scaled,1.53,False,0.32719344472582945,0.15373892298148828,0.4245667413384979,True,4.451422682851052
source_10,2021_06_07_U2OS_48_hr_run3,3,AMG900,scaled,1.51,False,0.777758244492879,0.023929997953855343,0.9402298782210533,True,37.606019503296416
source_10,2021_06_07_U2OS_48_hr_run3,3,dexamethasone,scaled,1.51,False,0.7148364996923425,0.21696412029395878,0.890674654922406,True,7.459244947127068
source_10,2021_06_07_U2OS_48_hr_run3,3,FK-866,scaled,1.51,False,0.7270818916511606,0.23957897679879644,0.8665797891947178,True,18.29903432998683
source_10,2021_06_07_U2OS_48_hr_run3,3,LY2109761,scaled,1.51,False,0.7955738030037898,0.19011893792895695,0.8984369079911543,True,25.082719648421925
source_10,2021_06_07_U2OS_48_hr_run3,3,NVS-PAK1-1,scaled,1.51,False,0.574843446163714,0.25060535620098234,0.6683490925876956,True,16.851034438255407
source_10,2021_06_07_U2OS_48_hr_run3,3,quinidine,scaled,1.51,False,0.5317743715584977,0.2316294141522899,0.3603202906785149,False,12.024362982129444
source_10,2021_06_07_U2OS_48_hr_run3,3,TC-S-7004,scaled,1.51,False,0.6702089960432227,0.16582795938778577,0.8666517124582742,True,30.77179631357913
source_10,2021_06_07_U2OS_48_hr_run3,3,aloxistatin,scaled,1.51,False,0.3788799525651215,0.16099939441389033,0.3761401101097368,True,3.2522720638767173
source_10,2021_06_08_U2OS_48_hr_run4,4,AMG900,scaled,1.35,False,0.7762039257945651,0.03364556316910896,0.9533870576951873,True,39.198792320537464
source_10,2021_06_08_U2OS_48_hr_run4,4,dexamethasone,scaled,1.35,False,0.7262552187489666,0.21188760863648587,0.9036713398223055,True,7.881445518709917
source_10,2021_06_08_U2OS_48_hr_run4,4,FK-866,scaled,1.35,False,0.7361168119550798,0.19387596631834267,0.9090785614744903,True,21.98426648197429
source_10,2021_06_08_U2OS_48_hr_run4,4,LY2109761,scaled,1.35,False,0.7099416838525378,0.2429492588747459,0.8351827477326041,True,25.45844983382763
source_10,2021_06_08_U2OS_48_hr_run4,4,NVS-PAK1-1,scaled,1.35,False,0.7181570688653881,0.12585705052290969,0.8715142223503248,True,18.31098190302767
source_10,2021_06_08_U2OS_48_hr_run4,4,quinidine,scaled,1.35,False,0.5771501783822042,0.16990276000327892,0.7630613786008291,True,6.03551353861859
source_10,2021_06_08_U2OS_48_hr_run4,4,TC-S-7004,scaled,1.35,False,0.7117751690021148,0.14890975718013827,0.8643521212391069,True,38.13240558684726
source_10,2021_06_08_U2OS_48_hr_run4,4,aloxistatin,scaled,1.35,False,0.37649103463421213,0.17114411661385334,0.4021908113585948,True,7.1743381319608055
source_10,2021_06_14_U2OS_48_hr_run5,5,AMG900,scaled,1.47,False,0.7800641904964006,0.0276448958778017,0.9522245348396473,True,36.98003730980337
source_10,2021_06_14_U2OS_48_hr_run5,5,dexamethasone,scaled,1.47,False,0.7762200034329882,0.19985540607345378,0.788331088604013,True,7.152726375061696
source_10,2021_06_14_U2OS_48_hr_run5,5,FK-866,scaled,1.47,False,0.702287314168555,0.1729584170212705,0.8855819551134985,True,21.1715293674434
source_10,2021_06_14_U2OS_48_hr_run5,5,LY2109761,scaled,1.47,False,0.7880893153006006,0.15773762107555003,0.9292749878454476,True,23.809349264778998
source_10,2021_06_14_U2OS_48_hr_run5,5,NVS-PAK1-1,scaled,1.47,False,0.6742580411191614,0.0836471272685023,0.8779020073276396,True,16.659612979117725
source_10,2021_06_14_U2OS_48_hr_run5,5,quinidine,scaled,1.47,False,0.5234457613614893,0.11732565736101329,0.6564817349839966,True,7.676865647045556
source_10,2021_06_14_U2OS_48_hr_run5,5,TC-S-7004,scaled,1.47,False,0.7094376807820176,0.11106993776168517,0.8815199297831289,True,32.79629269159275
source_10,2021_06_14_U2OS_48_hr_run5,5,aloxistatin,scaled,1.47,False,0.2812755829467012,0.1272067913148467,0.002904706483937685,True,6.480759112042762
source_10,2021_06_15_U2OS_48_hr_run6,6,AMG900,scaled,1.8,False,0.7966943994040971,0.03559996093397792,0.9373413074528706,True,36.11891022784608
source_10,2021_06_15_U2OS_48_hr_run6,6,dexamethasone,scaled,1.8,False,0.7925410996470665,0.1420567454793667,0.7539549501780197,True,7.322768779572542
source_10,2021_06_15_U2OS_48_hr_run6,6,FK-866,scaled,1.8,False,0.7553970689024012,0.16515053297577362,0.8834470833544535,True,18.909828109224506
source_10,2021_06_15_U2OS_48_hr_run6,6,LY2109761,scaled,1.8,False,0.8181169976238143,0.17993388979997468,0.9014784583460475,True,22.86565012453039
source_10,2021_06_15_U2OS_48_hr_run6,6,NVS-PAK1-1,scaled,1.8,False,0.6498435484098908,0.12369388749671519,0.8185537118868363,True,16.7344596429273
source_10,2021_06_15_U2OS_48_hr_run6,6,quinidine,scaled,1.8,False,0.6659472046340585,0.15063208482044407,0.4819336057286598,True,5.756996619114777
source_10,2021_06_15_U2OS_48_hr_run6,6,TC-S-7004,scaled,1.8,False,0.742765437510227,0.11322798153121093,0.772073245167191,True,38.29710618095796
source_10,2021_06_15_U2OS_48_hr_run6,6,aloxistatin,scaled,1.8,False,0.35233786416470786,0.11434736861224369,0.013471601173262758,True,12.457200333233288
source_10,2021_06_21_U2OS_48_hr_run7,7,AMG900,scaled,1.54,False,0.7776292224955661,0.04439877391605018,0.9610669660779099,True,40.255150250272436
source_10,2021_06_21_U2OS_48_hr_run7,7,dexamethasone,scaled,1.54,False,0.7895203905597891,0.2118153323090646,0.9107817629604822,True,7.5398483671062655
source_10,2021_06_21_U2OS_48_hr_run7,7,FK-866,scaled,1.54,False,0.718801785149149,0.18459965935965195,0.8969511759371769,True,23.822623500619773
source_10,2021_06_21_U2OS_48_hr_run7,7,LY2109761,scaled,1.54,False,0.7861281671013647,0.1772640968707099,0.9588013810289407,True,27.19998460681684
source_10,2021_06_21_U2OS_48_hr_run7,7,NVS-PAK1-1,scaled,1.54,False,0.6980012189795284,0.09734990898826866,0.9223180213742588,True,19.229507915410327
source_10,2021_06_21_U2OS_48_hr_run7,7,quinidine,scaled,1.54,False,0.5821420839894664,0.12865155268648815,0.8361237572149467,True,6.356341154999757
source_10,2021_06_21_U2OS_48_hr_run7,7,TC-S-7004,scaled,1.54,False,0.7159377343271147,0.13784360117351907,0.9578433502836141,True,36.32089275172842
source_10,2021_06_21_U2OS_48_hr_run7,7,aloxistatin,scaled,1.54,False,0.31011978339427815,0.17565814050873815,0.45599711820727173,True,3.8535303200363464
source_10,2021_06_22_U2OS_48_hr_run8,8,AMG900,scaled,1.72,False,0.7156134851186392,0.058133150071556575,0.933424312808147,True,39.666824637281294
source_10,2021_06_22_U2OS_48_hr_run8,8,dexamethasone,scaled,1.72,False,0.7205177764331426,0.2160612451995898,0.8618125839735107,True,7.2293311373693525
source_10,2021_06_22_U2OS_48_hr_run8,8,FK-866,scaled,1.72,False,0.6357757066193719,0.18772426738071915,0.8348010799587653,True,24.49909767435916
source_10,2021_06_22_U2OS_48_hr_run8,8,LY2109761,scaled,1.72,False,0.7519314045124763,0.1979783554199896,0.9281168133218518,True,25.353003505141288
source_10,2021_06_22_U2OS_48_hr_run8,8,NVS-PAK1-1,scaled,1.72,False,0.700875238560229,0.10446689082768278,0.86857669949883,True,19.561198271881388
source_10,2021_06_22_U2OS_48_hr_run8,8,quinidine,scaled,1.72,False,0.5036753036154816,0.1130034675865924,0.8076999830835077,True,8.679871498803838
source_10,2021_06_22_U2OS_48_hr_run8,8,TC-S-7004,scaled,1.72,False,0.662208161404112,0.16651000704266586,0.8747723951890141,True,38.96103370590382
source_10,2021_07_05_U2OS_48_hr_run10,9,AMG900,scaled,1.81,False,0.781174642455322,0.023215031595811484,0.9322246599760555,True,35.3285703607024
source_10,2021_07_05_U2OS_48_hr_run10,9,dexamethasone,scaled,1.81,False,0.7788345457865431,0.19800316919362645,0.9176871040516881,True,6.411005608413268
source_10,2021_07_05_U2OS_48_hr_run10,9,FK-866,scaled,1.81,False,0.7070073097970845,0.17922303242990179,0.8514872703864529,True,16.896414415718823
source_10,2021_07_05_U2OS_48_hr_run10,9,LY2109761,scaled,1.81,False,0.7955599235083514,0.18161925817101107,0.9055951341429456,True,23.57513970261036
source_10,2021_07_05_U2OS_48_hr_run10,9,NVS-PAK1-1,scaled,1.81,False,0.7318528469769344,0.09030005337518361,0.8092053007709786,True,16.089066750568502
source_10,2021_07_05_U2OS_48_hr_run10,9,quinidine,scaled,1.81,False,0.5545364744047194,0.11038680418609036,0.7976008727216068,True,5.98325172464334
source_10,2021_07_05_U2OS_48_hr_run10,9,TC-S-7004,scaled,1.81,False,0.6890294463327519,0.1462352731409555,0.8868073194425719,True,29.81744619518212
source_10,2021_07_05_U2OS_48_hr_run10,9,aloxistatin,scaled,1.81,False,0.4051908566634335,0.1388473080742712,0.4439502510061901,True,5.15397075780663
source_10,2021_07_07_U2OS_48_hr_run11,10,AMG900,scaled,1.65,False,0.7718243826220665,0.039045664393504445,0.9311354841419416,True,42.73988331071788
source_10,2021_07_07_U2OS_48_hr_run11,10,dexamethasone,scaled,1.65,False,0.7445820020404992,0.16963154722898557,0.8398648352941253,True,8.912360655292222
source_10,2021_07_07_U2OS_48_hr_run11,10,FK-866,scaled,1.65,False,0.6385742647728025,0.18902852807522477,0.8112693546727943,True,25.897326738369923
source_10,2021_07_07_U2OS_48_hr_run11,10,LY2109761,scaled,1.65,False,0.7955971076845731,0.1868059509393638,0.8978103248015487,True,28.756095713819526
source_10,2021_07_07_U2OS_48_hr_run11,10,NVS-PAK1-1,scaled,1.65,False,0.7427244773779429,0.07953505149256698,0.8642512247570675,True,19.596628494102
source_10,2021_07_07_U2OS_48_hr_run11,10,quinidine,scaled,1.65,False,0.5332918316886938,0.14759644742663847,0.6586235495584882,True,13.792558751847084
source_10,2021_07_07_U2OS_48_hr_run11,10,TC-S-7004,scaled,1.65,False,0.6669700497916116,0.14714376408907287,0.8844202792941562,True,42.793311004660524
source_10,2021_08_03_U2OS_48_hr_run12,11,AMG900,scaled,1.9,False,0.7808046607267141,0.03880972264137091,0.936318093719966,True,38.89825255774492
source_10,2021_08_03_U2OS_48_hr_run12,11,dexamethasone,scaled,1.9,False,0.8188876603602483,0.18911782869861107,0.8789623908312751,True,7.038232939060495
source_10,2021_08_03_U2OS_48_hr_run12,11,FK-866,scaled,1.9,False,0.7055598183940557,0.19773050132488906,0.8545229416018232,True,23.781024159139214
source_10,2021_08_03_U2OS_48_hr_run12,11,LY2109761,scaled,1.9,False,0.7891166997676891,0.17847434141462268,0.9025284980863633,True,26.915156934343244
source_10,2021_08_03_U2OS_48_hr_run12,11,NVS-PAK1-1,scaled,1.9,False,0.7108546796869946,0.09440095734380718,0.8137352997995214,True,19.662735911468317
source_10,2021_08_03_U2OS_48_hr_run12,11,quinidine,scaled,1.9,False,0.6203595930089143,0.19830660786973114,0.7258956371716062,True,4.447094261663289
source_10,2021_08_03_U2OS_48_hr_run12,11,TC-S-7004,scaled,1.9,False,0.6839627718212807,0.1372209203926383,0.7986472295953222,True,42.30271658231407
source_10,2021_08_09_U2OS_48_hr_run13,12,AMG900,scaled,2.0,False,0.7656786984500799,0.0246448660100069,0.9225823191589373,True,36.574402294826335
source_10,2021_08_09_U2OS_48_hr_run13,12,dexamethasone,scaled,2.0,False,0.6939587389273953,0.2005068346789967,0.8939918993425651,True,6.8763767168566545
source_10,2021_08_09_U2OS_48_hr_run13,12,FK-866,scaled,2.0,False,0.6448255768845086,0.16409241794409785,0.8169763207942647,True,22.314727466134936
source_10,2021_08_09_U2OS_48_hr_run13,12,LY2109761,scaled,2.0,False,0.7661415838700918,0.18411128801269844,0.8855478207548945,True,24.221888783906806
source_10,2021_08_09_U2OS_48_hr_run13,12,NVS-PAK1-1,scaled,2.0,False,0.6874637419005384,0.07850483950967824,0.7674950720996182,True,18.641376896982333
source_10,2021_08_09_U2OS_48_hr_run13,12,quinidine,scaled,2.0,False,0.5881114837258837,0.17066980740200952,0.7448999932957237,True,6.2247130689711065
source_10,2021_08_09_U2OS_48_hr_run13,12,TC-S-7004,scaled,2.0,False,0.6744101569497919,0.13636741228854282,0.8382601738455208,True,34.496408179532736
source_10,2021_08_09_U2OS_48_hr_run13,12,aloxistatin,scaled,2.0,False,0.37265176719645665,0.22032357635183378,0.3234303398668852,True,4.929706566349801
source_10,2021_08_12_U2OS_48_hr_run15,13,AMG900,scaled,2.02,False,0.7791127516737087,0.08854628666075538,0.8281893607296271,True,41.50662124456155
source_10,2021_08_12_U2OS_48_hr_run15,13,dexamethasone,scaled,2.02,False,0.3503440926406846,0.23018925906906437,0.32377228938110314,False,19.868210636858564
source_10,2021_08_12_U2OS_48_hr_run15,13,FK-866,scaled,2.02,False,0.7510663635866626,0.1691637073815613,0.8546185752943072,True,24.98974105023844
source_10,2021_08_12_U2OS_48_hr_run15,13,LY2109761,scaled,2.02,False,0.7646217219781093,0.18444023491051945,0.8546335206133768,True,31.51308842028222
source_10,2021_08_12_U2OS_48_hr_run15,13,NVS-PAK1-1,scaled,2.02,False,0.6900287648043422,0.12579765765504705,0.8760488193981961,True,22.762340026533817
source_10,2021_08_12_U2OS_48_hr_run15,13,quinidine,scaled,2.02,False,0.6146268629266058,0.17173578600033684,0.817705930585776,True,6.254681594798228
source_10,2021_08_12_U2OS_48_hr_run15,13,TC-S-7004,scaled,2.02,False,0.740587684976364,0.1529595733001228,0.8362055895529261,True,47.79792029429988
source_10,2021_08_17_U2OS_48_hr_run16,14,AMG900,scaled,2.59,False,0.7453249964941544,0.044949165368803376,0.8713381372669909,True,37.19860931091976
source_10,2021_08_17_U2OS_48_hr_run16,14,dexamethasone,scaled,2.59,False,0.719815955947422,0.11993635706000393,0.7856999250098955,True,6.515864585050498
source_10,2021_08_17_U2OS_48_hr_run16,14,FK-866,scaled,2.59,False,0.6995252438377847,0.1303057490864379,0.8165479410136964,True,21.81530315299867
source_10,2021_08_17_U2OS_48_hr_run16,14,LY2109761,scaled,2.59,False,0.6640055998943435,0.1709093522452915,0.8024406983190933,True,24.51236501111442
source_10,2021_08_17_U2OS_48_hr_run16,14,NVS-PAK1-1,scaled,2.59,False,0.6854442728184116,0.10311270209936148,0.8129672450816995,True,16.758957673511382
source_10,2021_08_17_U2OS_48_hr_run16,14,quinidine,scaled,2.59,False,0.45212833222212195,0.12880543990715115,0.5219993002615713,True,3.658034202116189
source_10,2021_08_17_U2OS_48_hr_run16,14,TC-S-7004,scaled,2.59,False,0.6567802496826578,0.13544457021531112,0.7893848809863914,True,35.687311085815814
source_10,2021_08_20_U2OS_48_hr_run17,15,AMG900,scaled,2.94,False,0.7720662642273876,0.060096738519061665,0.8555691896084553,True,28.3557507521996
source_10,2021_08_20_U2OS_48_hr_run17,15,dexamethasone,scaled,2.94,False,0.5965987288440455,0.16820353782417014,0.8337094778831601,True,5.399878457828721
source_10,2021_08_20_U2OS_48_hr_run17,15,FK-866,scaled,2.94,False,0.6325271914697166,0.14848401148163312,0.7675219585772096,True,20.65832354382554
source_10,2021_08_20_U2OS_48_hr_run17,15,LY2109761,scaled,2.94,False,0.7310825879338394,0.2089329261763638,0.8069497898393061,True,19.777514787647792
source_10,2021_08_20_U2OS_48_hr_run17,15,NVS-PAK1-1,scaled,2.94,False,0.7171307698844336,0.07810091713843696,0.6687678419721329,True,14.556353332422097
source_10,2021_08_20_U2OS_48_hr_run17,15,quinidine,scaled,2.94,False,0.5440299724881398,0.22015555036517487,0.5445134165576908,True,5.056551433906654
source_10,2021_08_20_U2OS_48_hr_run17,15,TC-S-7004,scaled,2.94,False,0.6567273987279547,0.14064352193889704,0.6841028254431548,True,32.93372581140663
source_10,2021_08_23_U2OS_48_hr_run18,16,AMG900,scaled,1.73,False,0.8024682172292035,0.0393876388115016,0.9312072594939005,True,43.2101231455231
source_10,2021_08_23_U2OS_48_hr_run18,16,dexamethasone,scaled,1.73,False,0.7658199757186128,0.14802298912668846,0.6154284663356938,True,7.549214878059623
source_10,2021_08_23_U2OS_48_hr_run18,16,FK-866,scaled,1.73,False,0.7410430579961945,0.1964268907395402,0.8377640597439002,True,25.371882891331303
source_10,2021_08_23_U2OS_48_hr_run18,16,LY2109761,scaled,1.73,False,0.8159224699108074,0.18956969212810523,0.8809775512426177,True,27.071052447056022
source_10,2021_08_23_U2OS_48_hr_run18,16,NVS-PAK1-1,scaled,1.73,False,0.7217297871852799,0.12446143513165307,0.8045378972026489,True,19.131363820093313
source_10,2021_08_23_U2OS_48_hr_run18,16,quinidine,scaled,1.73,False,0.5127635277828988,0.11620728521118459,0.4834002108193137,True,11.62698367093452
source_10,2021_08_23_U2OS_48_hr_run18,16,TC-S-7004,scaled,1.73,False,0.7029297993558732,0.1757899801264297,0.850278306412492,True,42.91901418058
source_10,2021_08_23_U2OS_48_hr_run18,16,aloxistatin,scaled,1.73,False,0.3048760313219314,0.03260061639600871,-0.08507545063222356,True,6.496305395231597
source_10,2021_08_23_U2OS_48_hr_run19,17,AMG900,scaled,1.78,False,0.7468497605558233,0.047427640479252665,0.9151730933995972,True,39.71813787227585
source_10,2021_08_23_U2OS_48_hr_run19,17,dexamethasone,scaled,1.78,False,0.7387043894171498,0.1307162787743033,0.6591037209002226,True,8.297903573532997
source_10,2021_08_23_U2OS_48_hr_run19,17,FK-866,scaled,1.78,False,0.6425094679923933,0.2228811088717904,0.7840049849551085,True,21.1293504056845
source_10,2021_08_23_U2OS_48_hr_run19,17,LY2109761,scaled,1.78,False,0.7265021181476949,0.20863815580171444,0.7796627567302019,True,26.108910539099284
source_10,2021_08_23_U2OS_48_hr_run19,17,NVS-PAK1-1,scaled,1.78,False,0.4005478908677417,0.23785071259272242,0.5075379273150471,False,20.77793411250352
source_10,2021_08_23_U2OS_48_hr_run19,17,quinidine,scaled,1.78,False,0.5689002764820729,0.1796024999163275,0.3036935958729829,True,14.82567810832167
source_10,2021_08_23_U2OS_48_hr_run19,17,TC-S-7004,scaled,1.78,False,0.5984071526500526,0.16971514792383144,0.7577491843168553,True,47.1020305349333
source_10,2021_08_23_U2OS_48_hr_run19,17,aloxistatin,scaled,1.78,False,0.211902354631181,0.04785577896537344,-0.09518847397084852,False,11.519575429829361
source_10,2021_05_31_U2OS_48_hr_run1,1,AMG900,field,0.65,False,0.908457868588111,0.060864577555255484,,True,63.568824640186975
source_10,2021_05_31_U2OS_48_hr_run1,1,dexamethasone,field,0.65,False,0.8795210514345342,0.2833077297730899,,True,9.900618187038702
source_10,2021_05_31_U2OS_48_hr_run1,1,FK-866,field,0.65,False,0.8118386491449702,0.2861434370759306,,True,27.089645132141992
source_10,2021_05_31_U2OS_48_hr_run1,1,LY2109761,field,0.65,False,0.8931290339911211,0.3165651163162687,,True,42.69447523577325
source_10,2021_05_31_U2OS_48_hr_run1,1,NVS-PAK1-1,field,0.65,False,0.8798087755926783,0.249623404740925,,True,25.142455476001153
source_10,2021_05_31_U2OS_48_hr_run1,1,quinidine,field,0.65,False,0.6288593750831051,0.1682484569339251,,True,6.8408279396815646
source_10,2021_05_31_U2OS_48_hr_run1,1,TC-S-7004,field,0.65,False,0.8305358215874739,0.2527201509638339,,True,53.78899392829376
source_10,2021_05_31_U2OS_48_hr_run1,1,aloxistatin,field,0.65,False,0.4548764670420282,0.11827184111560851,,True,4.945862811932772
source_10,2021_06_01_U2OS_48_hr_run2,2,AMG900,field,1.53,False,0.9028783944865908,0.0316924628797241,0.9802993360435696,True,56.574779993915556
source_10,2021_06_01_U2OS_48_hr_run2,2,dexamethasone,field,1.53,False,0.8949551242457293,0.3015069364256523,0.922579600124382,True,8.87282931448333
source_10,2021_06_01_U2OS_48_hr_run2,2,FK-866,field,1.53,False,0.8415424630178252,0.2892274904072019,0.9393001025765969,True,25.049263290385277
source_10,2021_06_01_U2OS_48_hr_run2,2,LY2109761,field,1.53,False,0.9280678423512236,0.28707435740319254,0.9432074344392065,True,36.44937884641095
source_10,2021_06_01_U2OS_48_hr_run2,2,NVS-PAK1-1,field,1.53,False,0.9038762193068985,0.20379513071410454,0.9275471105814326,True,20.91775342876902
source_10,2021_06_01_U2OS_48_hr_run2,2,quinidine,field,1.53,False,0.6808822972545391,0.23929123217553258,0.7015291220574907,True,5.9258155355528634
source_10,2021_06_01_U2OS_48_hr_run2,2,TC-S-7004,field,1.53,False,0.8375096213086153,0.2574397989877738,0.9689487222011,True,48.62977602602194
source_10,2021_06_01_U2OS_48_hr_run2,2,aloxistatin,field,1.53,False,0.46739032939120473,0.2755236738055803,0.6307335064126025,False,5.487986915723381
source_10,2021_06_07_U2OS_48_hr_run3,3,AMG900,field,1.51,False,0.9000254155349035,0.041305411916261435,0.9796054604275329,True,57.02183881503231
source_10,2021_06_07_U2OS_48_hr_run3,3,dexamethasone,field,1.51,False,0.8669311998600967,0.33438289124187,0.9361517024383451,True,9.359051548565533
source_10,2021_06_07_U2OS_48_hr_run3,3,FK-866,field,1.51,False,0.8389207824605521,0.3345991725787618,0.9011448656089484,True,25.071767580239783
source_10,2021_06_07_U2OS_48_hr_run3,3,LY2109761,field,1.51,False,0.9095133406248508,0.28002045713834384,0.9268555602606866,True,38.06870990263383
source_10,2021_06_07_U2OS_48_hr_run3,3,NVS-PAK1-1,field,1.51,False,0.6483927017841002,0.4546661785816305,0.6291872798159361,True,19.9591923756707
source_10,2021_06_07_U2OS_48_hr_run3,3,quinidine,field,1.51,False,0.5620589907757125,0.2689160499851012,0.2563892623871172,False,15.575821752714809
source_10,2021_06_07_U2OS_48_hr_run3,3,TC-S-7004,field,1.51,False,0.7751790830640579,0.2815390565606269,0.9353296854880456,True,36.7402606778903
source_10,2021_06_07_U2OS_48_hr_run3,3,aloxistatin,field,1.51,False,0.7376036589429593,0.3221021606965394,0.6371097160735771,True,3.7409259840541855
source_10,2021_06_08_U2OS_48_hr_run4,4,AMG900,field,1.35,False,0.9029704394178445,0.06434938310654492,0.9846125130421608,True,59.502246563794095
source_10,2021_06_08_U2OS_48_hr_run4,4,dexamethasone,field,1.35,False,0.8769115765800296,0.3292126290534104,0.9223526959624556,True,9.531489100743624
source_10,2021_06_08_U2OS_48_hr_run4,4,FK-866,field,1.35,False,0.8007472983769197,0.28617679966794,0.9287691258365263,True,27.635857385718555
source_10,2021_06_08_U2OS_48_hr_run4,4,LY2109761,field,1.35,False,0.8359443329608097,0.35573744705079824,0.8862478972836757,True,34.45618696356012
source_10,2021_06_08_U2OS_48_hr_run4,4,NVS-PAK1-1,field,1.35,False,0.8849782384838268,0.2613935406906018,0.936746080412273,True,25.169902373758383
source_10,2021_06_08_U2OS_48_hr_run4,4,quinidine,field,1.35,False,0.7052710442262693,0.2952411235519333,0.8061352916467793,True,6.448901815317361
source_10,2021_06_08_U2OS_48_hr_run4,4,TC-S-7004,field,1.35,False,0.8180866555877847,0.269465319083989,0.9263058801486755,True,52.32530403889691
source_10,2021_06_08_U2OS_48_hr_run4,4,aloxistatin,field,1.35,False,0.6252602969050053,0.3730415899185423,0.6017477229594578,True,7.620972677698741
source_10,2021_06_14_U2OS_48_hr_run5,5,AMG900,field,1.47,False,0.8881900170979867,0.05367245970247038,0.9777366043452952,True,59.60807367405019
source_10,2021_06_14_U2OS_48_hr_run5,5,dexamethasone,field,1.47,False,0.8445696204994902,0.3134262360443354,0.8396926305431158,True,9.531613017070827
source_10,2021_06_14_U2OS_48_hr_run5,5,FK-866,field,1.47,False,0.7773875652967306,0.2660171527732969,0.9209838936299029,True,28.934860980020183
source_10,2021_06_14_U2OS_48_hr_run5,5,LY2109761,field,1.47,False,0.9106842598292256,0.2775300310592649,0.9599036016924464,True,36.5545261948482
source_10,2021_06_14_U2OS_48_hr_run5,5,NVS-PAK1-1,field,1.47,False,0.8952118697950466,0.24493332914662705,0.9394385838985196,True,22.274918221711168
source_10,2021_06_14_U2OS_48_hr_run5,5,quinidine,field,1.47,False,0.5860507430291082,0.20254656812419716,0.6911382521475586,True,8.625736742310792
source_10,2021_06_14_U2OS_48_hr_run5,5,TC-S-7004,field,1.47,False,0.7966754758923964,0.2529942100236697,0.9458039557507567,True,44.43844197057997
source_10,2021_06_14_U2OS_48_hr_run5,5,aloxistatin,field,1.47,False,0.35830669245774727,0.2092979731460996,0.2913827177481146,False,8.455083275914818
source_10,2021_06_15_U2OS_48_hr_run6,6,AMG900,field,1.8,False,0.8933190394260094,0.06164429254212357,0.9746247727337478,True,60.109668544373854
source_10,2021_06_15_U2OS_48_hr_run6,6,dexamethasone,field,1.8,False,0.9021957811748876,0.17092612621341585,0.8180472048713543,True,10.070762138605478
source_10,2021_06_15_U2OS_48_hr_run6,6,FK-866,field,1.8,False,0.8041414695771647,0.21375863396306474,0.9165219822848858,True,29.11117879163353
source_10,2021_06_15_U2OS_48_hr_run6,6,LY2109761,field,1.8,False,0.926636532104256,0.29764547687579773,0.9508042842505237,True,37.570669197317045
source_10,2021_06_15_U2OS_48_hr_run6,6,NVS-PAK1-1,field,1.8,False,0.8427065832143865,0.25911745556192217,0.8998443540623742,True,24.38712981059073
source_10,2021_06_15_U2OS_48_hr_run6,6,quinidine,field,1.8,False,0.6737070513785554,0.1617058004271946,0.6148517549155743,True,7.410121163573411
source_10,2021_06_15_U2OS_48_hr_run6,6,TC-S-7004,field,1.8,False,0.8346949351596211,0.25884249192406933,0.9178972387139177,True,56.55140214578187
source_10,2021_06_15_U2OS_48_hr_run6,6,aloxistatin,field,1.8,False,0.2995757642790358,0.15877089575284406,0.20428010175788688,True,16.028637481190387
source_10,2021_06_21_U2OS_48_hr_run7,7,AMG900,field,1.54,False,0.9024148551695288,0.07462485102779336,0.9834021612048415,True,59.95614258354712
source_10,2021_06_21_U2OS_48_hr_run7,7,dexamethasone,field,1.54,False,0.9176416722617285,0.32939989749360027,0.9462940122258515,True,9.31721434466954
source_10,2021_06_21_U2OS_48_hr_run7,7,FK-866,field,1.54,False,0.7867958612650623,0.2884769394391356,0.9369850021691091,True,29.957878509895785
source_10,2021_06_21_U2OS_48_hr_run7,7,LY2109761,field,1.54,False,0.906129031637432,0.30551018829516485,0.9823164318276418,True,39.8974459575497
source_10,2021_06_21_U2OS_48_hr_run7,7,NVS-PAK1-1,field,1.54,False,0.8952910414988652,0.23874341234100974,0.9314567189203915,True,25.40255184774788
source_10,2021_06_21_U2OS_48_hr_run7,7,quinidine,field,1.54,False,0.6473335042157696,0.18207619807599557,0.9116715953861003,True,6.765088144559581
source_10,2021_06_21_U2OS_48_hr_run7,7,TC-S-7004,field,1.54,False,0.8117639539374659,0.2674333980649686,0.9764705762867616,True,48.363108655487515
source_10,2021_06_21_U2OS_48_hr_run7,7,aloxistatin,field,1.54,False,0.5785930358240037,0.30680675898617027,0.6935519569725077,True,4.618299312599477
source_10,2021_06_22_U2OS_48_hr_run8,8,AMG900,field,1.72,False,0.8914876167079377,0.09635688486282468,0.9764336709251203,True,57.85050791220012
source_10,2021_06_22_U2OS_48_hr_run8,8,dexamethasone,field,1.72,False,0.8401357223719248,0.3363079751272152,0.9256657289819805,False,9.031469767550563
source_10,2021_06_22_U2OS_48_hr_run8,8,FK-866,field,1.72,False,0.7300536473062281,0.319501818022744,0.8607448765627506,True,28.168097017625453
source_10,2021_06_22_U2OS_48_hr_run8,8,LY2109761,field,1.72,False,0.8786876200101079,0.2981460892239677,0.9612117904075995,True,37.8273901280719
source_10,2021_06_22_U2OS_48_hr_run8,8,NVS-PAK1-1,field,1.72,False,0.8776975181797985,0.2534950915291096,0.9025661396310716,True,24.604764111721153
source_10,2021_06_22_U2OS_48_hr_run8,8,quinidine,field,1.72,False,0.6177254815885084,0.22737611155543508,0.8021269132818069,True,9.428962042331406
source_10,2021_06_22_U2OS_48_hr_run8,8,TC-S-7004,field,1.72,False,0.8066993429805898,0.28651320963690824,0.9209671449125181,True,52.08577049929689
source_10,2021_07_05_U2OS_48_hr_run10,9,AMG900,field,1.81,False,0.910713833837172,0.056164339423151154,0.9727811179608706,True,54.84899820938956
source_10,2021_07_05_U2OS_48_hr_run10,9,dexamethasone,field,1.81,False,0.8862677353389696,0.29007429206830004,0.9596447056816579,True,8.603832133845323
source_10,2021_07_05_U2OS_48_hr_run10,9,FK-866,field,1.81,False,0.7766317756840088,0.24026799899482665,0.882326917599001,True,21.704904872238576
source_10,2021_07_05_U2OS_48_hr_run10,9,LY2109761,field,1.81,False,0.9053853988140147,0.27452245602932807,0.9641811881351228,True,35.597424682692825
source_10,2021_07_05_U2OS_48_hr_run10,9,NVS-PAK1-1,field,1.81,False,0.8979682419317743,0.2245312863024346,0.9056589336181453,True,22.10439562713677
source_10,2021_07_05_U2OS_48_hr_run10,9,quinidine,field,1.81,False,0.5573680626465711,0.16306262652834497,0.8634467505717642,True,7.821661251472761
source_10,2021_07_05_U2OS_48_hr_run10,9,TC-S-7004,field,1.81,False,0.8250924095077383,0.2725315007142122,0.956261201931031,True,39.52824406445249
source_10,2021_07_05_U2OS_48_hr_run10,9,aloxistatin,field,1.81,False,0.5741477086864817,0.24548171464721627,0.6923270426536676,True,5.960255273374762
source_10,2021_07_07_U2OS_48_hr_run11,10,AMG900,field,1.65,False,0.8852595094040228,0.05997993857874806,0.9708205762868143,True,58.078143175396335
source_10,2021_07_07_U2OS_48_hr_run11,10,dexamethasone,field,1.65,False,0.8656262345700543,0.2563773342900773,0.9129803368051935,True,10.113112736574385
source_10,2021_07_07_U2OS_48_hr_run11,10,FK-866,field,1.65,False,0.7108754531847832,0.2822729627754887,0.8521606465564335,True,30.21438938390086
source_10,2021_07_07_U2OS_48_hr_run11,10,LY2109761,field,1.65,False,0.8935305279074958,0.2876702128005532,0.965440977421359,True,37.674573487333184
source_10,2021_07_07_U2OS_48_hr_run11,10,NVS-PAK1-1,field,1.65,False,0.8709212318193187,0.17256244446462427,0.904151534257917,True,24.80242488238972
source_10,2021_07_07_U2OS_48_hr_run11,10,quinidine,field,1.65,False,0.6128121699494337,0.2158116805327516,0.6768044180829627,True,14.699218860399833
source_10,2021_07_07_U2OS_48_hr_run11,10,TC-S-7004,field,1.65,False,0.79701071814039,0.24719010148645643,0.9240949642201918,True,51.00187330354047
source_10,2021_08_03_U2OS_48_hr_run12,11,AMG900,field,1.9,False,0.8975091119647952,0.06034750208763395,0.9762264430758022,True,55.152736399012326
source_10,2021_08_03_U2OS_48_hr_run12,11,dexamethasone,field,1.9,False,0.8756274650594202,0.2583311590077851,0.9241457404179408,True,8.11089929297881
source_10,2021_08_03_U2OS_48_hr_run12,11,FK-866,field,1.9,False,0.7666419431257564,0.2666021941342379,0.91789865991317,True,27.707005046337322
source_10,2021_08_03_U2OS_48_hr_run12,11,LY2109761,field,1.9,False,0.9018447842985429,0.26734052603281866,0.9630599723813433,True,36.23925800691686
source_10,2021_08_03_U2OS_48_hr_run12,11,NVS-PAK1-1,field,1.9,False,0.8752279377838088,0.2189594835482685,0.8904227077727552,True,22.779370072455386
source_10,2021_08_03_U2OS_48_hr_run12,11,quinidine,field,1.9,False,0.7007533391940723,0.2803281962407874,0.8048073453755997,True,4.588203262183552
source_10,2021_08_03_U2OS_48_hr_run12,11,TC-S-7004,field,1.9,False,0.7887330002932055,0.24403180603902927,0.8682879382104409,True,49.6990267722987
source_10,2021_08_09_U2OS_48_hr_run13,12,AMG900,field,2.0,False,0.8948201212510766,0.04679026515218069,0.9730116709275695,True,55.86519338801295
source_10,2021_08_09_U2OS_48_hr_run13,12,dexamethasone,field,2.0,False,0.8614692859827523,0.3077004253087861,0.9352905750730185,True,8.709362343877281
source_10,2021_08_09_U2OS_48_hr_run13,12,FK-866,field,2.0,False,0.6911079114256351,0.25438158891829066,0.8560517777614923,True,28.125541539416684
source_10,2021_08_09_U2OS_48_hr_run13,12,LY2109761,field,2.0,False,0.9039764797131882,0.27023483073634696,0.9594230917581513,True,35.24330958244106
source_10,2021_08_09_U2OS_48_hr_run13,12,NVS-PAK1-1,field,2.0,False,0.8359824500307296,0.21726382449827647,0.8460031237224694,True,23.72821142450363
source_10,2021_08_09_U2OS_48_hr_run13,12,quinidine,field,2.0,False,0.7706367796266189,0.31920189094980833,0.798376036362803,True,6.32007258781904
source_10,2021_08_09_U2OS_48_hr_run13,12,TC-S-7004,field,2.0,False,0.7791232486930009,0.2654325442083451,0.9009809876361068,True,45.336935063826886
source_10,2021_08_09_U2OS_48_hr_run13,12,aloxistatin,field,2.0,False,0.6278787762128515,0.3849746832527207,0.4328939371089696,True,5.509218132273923
source_10,2021_08_12_U2OS_48_hr_run15,13,AMG900,field,2.02,False,0.8957367147273145,0.13182988838263035,0.919101536449061,True,61.514219979043325
source_10,2021_08_12_U2OS_48_hr_run15,13,dexamethasone,field,2.02,False,0.5953557396661389,0.2334494578809687,0.5373386960155049,False,25.446013845663977
source_10,2021_08_12_U2OS_48_hr_run15,13,FK-866,field,2.02,False,0.7832103080891968,0.255451181206479,0.9093553045212158,True,30.967298227735657
source_10,2021_08_12_U2OS_48_hr_run15,13,LY2109761,field,2.02,False,0.9096510512622256,0.30956124503726345,0.9272662890245645,True,41.093054876624365
source_10,2021_08_12_U2OS_48_hr_run15,13,NVS-PAK1-1,field,2.02,False,0.8912766455598615,0.2985923674118043,0.929932378821484,True,29.818305595998545
source_10,2021_08_12_U2OS_48_hr_run15,13,quinidine,field,2.02,False,0.7404603123444511,0.2882592655262749,0.8705904937182718,True,6.406411320176057
source_10,2021_08_12_U2OS_48_hr_run15,13,TC-S-7004,field,2.02,False,0.8559529359065357,0.3095215789316466,0.8835745976577744,True,61.47220438992498
source_10,2021_08_17_U2OS_48_hr_run16,14,AMG900,field,2.59,False,0.8845752965738902,0.09918490486510119,0.9421033675453234,True,58.06569182977849
source_10,2021_08_17_U2OS_48_hr_run16,14,dexamethasone,field,2.59,False,0.8696414136793437,0.13942767022930594,0.8644022346940154,True,8.5129967699776
source_10,2021_08_17_U2OS_48_hr_run16,14,FK-866,field,2.59,False,0.6889315596153479,0.21443000183936503,0.854547315070188,True,27.134167875279378
source_10,2021_08_17_U2OS_48_hr_run16,14,LY2109761,field,2.59,False,0.8603734186366652,0.2812638564868171,0.9357919630418696,True,35.420660705323286
source_10,2021_08_17_U2OS_48_hr_run16,14,NVS-PAK1-1,field,2.59,False,0.8420639008398529,0.2922608739074751,0.8710567550333608,True,22.55830184068397
source_10,2021_08_17_U2OS_48_hr_run16,14,quinidine,field,2.59,False,0.5124155859366666,0.1316946695495243,0.6011852093910457,False,5.005409816945493
source_10,2021_08_17_U2OS_48_hr_run16,14,TC-S-7004,field,2.59,False,0.7743492902117168,0.3062761528727755,0.8512030715061609,True,48.154707361155175
source_10,2021_08_20_U2OS_48_hr_run17,15,AMG900,field,2.94,False,0.901187996041605,0.08146142203193456,0.9529160774629621,True,51.91041235608157
source_10,2021_08_20_U2OS_48_hr_run17,15,dexamethasone,field,2.94,False,0.7715891586355045,0.2925131023308574,0.8579183439909835,True,7.163578144403504
source_10,2021_08_20_U2OS_48_hr_run17,15,FK-866,field,2.94,False,0.7255768884016589,0.2547093326182395,0.8279982089595441,True,27.48537699846108
source_10,2021_08_20_U2OS_48_hr_run17,15,LY2109761,field,2.94,False,0.885538399321179,0.2777950632530412,0.9513987880348104,True,34.535806923216555
source_10,2021_08_20_U2OS_48_hr_run17,15,NVS-PAK1-1,field,2.94,False,0.8456549708882363,0.2302098314304589,0.8004533051924889,True,21.66932666813718
source_10,2021_08_20_U2OS_48_hr_run17,15,quinidine,field,2.94,False,0.6491316874898032,0.3251004207445448,0.529976517051475,True,7.710049799194168
source_10,2021_08_20_U2OS_48_hr_run17,15,TC-S-7004,field,2.94,False,0.7750603623634646,0.3054709260462099,0.7675322158006856,True,45.62624083539732
source_10,2021_08_23_U2OS_48_hr_run18,16,AMG900,field,1.73,False,0.918093119095243,0.057616066942817054,0.9792845107373283,True,60.75676880318777
source_10,2021_08_23_U2OS_48_hr_run18,16,dexamethasone,field,1.73,False,0.8220514999938864,0.1573330700842199,0.7213947364093168,True,9.096810214640909
source_10,2021_08_23_U2OS_48_hr_run18,16,FK-866,field,1.73,False,0.7965288183089965,0.28970365759948047,0.9348619107484304,True,29.93661433522176
source_10,2021_08_23_U2OS_48_hr_run18,16,LY2109761,field,1.73,False,0.9432492236606675,0.2932330485336561,0.9356715278659911,True,35.29000706728826
source_10,2021_08_23_U2OS_48_hr_run18,16,NVS-PAK1-1,field,1.73,False,0.8855889220446005,0.28257303614729695,0.8974586097731237,True,22.769907115611844
source_10,2021_08_23_U2OS_48_hr_run18,16,quinidine,field,1.73,False,0.6039095036225488,0.2054210985029858,0.45452621335600746,True,9.831381475612389
source_10,2021_08_23_U2OS_48_hr_run18,16,TC-S-7004,field,1.73,False,0.8495896574092505,0.3109428421658858,0.9324284997976604,True,50.78871468303219
source_10,2021_08_23_U2OS_48_hr_run18,16,aloxistatin,field,1.73,False,0.3011793192494773,0.02987737732266049,0.24071609471253497,False,7.57855183592876
source_10,2021_08_23_U2OS_48_hr_run19,17,AMG900,field,1.78,False,0.905157118363904,0.0643218304276675,0.9599310752252627,True,55.655296139897516
source_10,2021_08_23_U2OS_48_hr_run19,17,dexamethasone,field,1.78,False,0.8153722756442221,0.13387418942103077,0.7524206367451707,True,9.960059129916166
source_10,2021_08_23_U2OS_48_hr_run19,17,FK-866,field,1.78,False,0.7206452144922534,0.27741745375372356,0.900682658652014,True,26.539295241195962
source_10,2021_08_23_U2OS_48_hr_run19,17,LY2109761,field,1.78,False,0.8692660797288885,0.31368958967045113,0.8259466296458016,True,32.780846212807226
source_10,2021_08_23_U2OS_48_hr_run19,17,NVS-PAK1-1,field,1.78,False,0.36481184078298323,0.43255087633943134,0.4010665637386139,False,23.51321992792903
source_10,2021_08_23_U2OS_48_hr_run19,17,quinidine,field,1.78,False,0.5969599525820652,0.2031108590145932,0.1949869835097089,False,15.722700461188209
source_10,2021_08_23_U2OS_48_hr_run19,17,TC-S-7004,field,1.78,False,0.7634431079715542,0.32690156533334974,0.8285410680982807,True,53.57814651240066
source_10,2021_08_23_U2OS_48_hr_run19,17,aloxistatin,field,1.78,False,0.22806130095439964,0.026042115160047126,0.293173738669409,False,15.801485577187279
source_11,Batch1,1,AMG900,raw,0.75,False,0.8935833690389745,0.14487186409026012,,True,48.35087942675906
source_11,Batch1,1,dexamethasone,raw,0.75,False,0.7642407361402492,0.08707912999056767,,True,7.399173154960569
source_11,Batch1,1,FK-866,raw,0.75,False,0.7943687128954982,0.24245582214791397,,True,24.53135480036708
source_11,Batch1,1,LY2109761,raw,0.75,False,0.7699665477352613,0.19070503220049437,,True,24.306641445481027
source_11,Batch1,1,NVS-PAK1-1,raw,0.75,False,0.6923247612817369,0.28288073330957336,,True,15.22668906004258
source_11,Batch1,1,quinidine,raw,0.75,False,0.8169583307377697,0.2969229068351277,,True,8.853662648421807
source_11,Batch1,1,TC-S-7004,raw,0.75,False,0.15718520241477696,0.43694113846338895,,False,9.622695979128837
source_11,Batch1,1,aloxistatin,raw,0.75,False,0.40227797338079063,0.05039249452217847,,False,3.950339320989821
source_11,Batch2,2,AMG900,raw,2.48,False,0.9264981437271536,0.12925872326441853,0.9586281846834345,True,51.4707515406048
source_11,Batch2,2,dexamethasone,raw,2.48,False,0.8090764536521919,0.16309038102701923,0.9200854200007033,True,6.349719494873613
source_11,Batch2,2,FK-866,raw,2.48,False,0.7350566372025135,0.25601072829465493,0.9099029089253964,True,22.31962884329542
source_11,Batch2,2,LY2109761,raw,2.48,False,0.7922202205542901,0.27852890137999,0.9383433567181648,True,24.653666948945624
source_11,Batch2,2,NVS-PAK1-1,raw,2.48,False,0.7521553988605554,0.2370445378912215,0.7573259295726635,True,20.590599369883318
source_11,Batch2,2,quinidine,raw,2.48,False,0.8173768460063996,0.3492465007967536,0.9058672808702952,True,8.37494658803127
source_11,Batch2,2,TC-S-7004,raw,2.48,False,0.17713347535038348,0.423887509441907,0.9311528872123063,False,8.332554398423063
source_11,Batch2,2,aloxistatin,raw,2.48,False,0.49364121163361563,0.23813770513957186,0.8058234143353009,False,3.8731081279644815
source_11,Batch3,3,AMG900,raw,2.96,True,0.9302112158086407,0.12947581778306802,0.9458836673545703,True,54.23315427555195
source_11,Batch3,3,dexamethasone,raw,2.96,True,0.7805096333344855,0.10443534550968474,0.905676743530646,True,6.874920455981019
source_11,Batch3,3,FK-866,raw,2.96,True,0.7347279775028767,0.22083481990724088,0.9325208589272451,True,23.42003049921604
source_11,Batch3,3,LY2109761,raw,2.96,True,0.8157534228647894,0.2256611340732638,0.9534150338411544,True,25.520967122421343
source_11,Batch3,3,NVS-PAK1-1,raw,2.96,True,0.7340168116421962,0.22672573301078833,0.9088273885906328,True,20.650949995046865
source_11,Batch3,3,quinidine,raw,2.96,True,0.7893885251242228,0.25989715377002326,0.9182056852711544,True,6.469319405454252
source_11,Batch3,3,TC-S-7004,raw,2.96,True,0.020312397633330218,0.3768110008579562,0.9028036928847362,False,6.865859179321465
source_11,Batch3,3,aloxistatin,raw,2.96,True,0.5500421516286919,0.19877412842107087,0.8033149953400478,True,2.834011943923786
source_11,Batch4,4,AMG900,raw,2.67,False,0.9318302037467353,0.1372909649668037,0.9418239146783908,True,56.30541327371898
source_11,Batch4,4,dexamethasone,raw,2.67,False,0.8074726996982631,0.15201040587908685,0.8647096739347813,True,6.9998668295463355
source_11,Batch4,4,FK-866,raw,2.67,False,0.7877015847603617,0.2792670868098496,0.9404716308270064,True,24.019794423145996
source_11,Batch4,4,LY2109761,raw,2.67,False,0.8277223286127596,0.25046525039827017,0.9380502003341898,True,26.88402746262423
source_11,Batch4,4,NVS-PAK1-1,raw,2.67,False,0.7549699468471491,0.26053130770418165,0.9095824563611148,True,22.536973116759416
source_11,Batch4,4,quinidine,raw,2.67,False,0.7687415982491159,0.298462382768105,0.884296492987602,False,6.709526141297238
source_11,Batch4,4,TC-S-7004,raw,2.67,False,0.11167480923508899,0.44553637306441757,0.856013756778718,False,7.348435138901493
source_11,Batch4,4,aloxistatin,raw,2.67,False,0.6078069466717064,0.22715344996434803,0.7706719874829652,True,3.6012466924275714
source_11,Batch5,5,AMG900,raw,2.67,False,0.9190618466388897,0.16697262693213308,0.9571722256363422,True,51.434020780792224
source_11,Batch5,5,dexamethasone,raw,2.67,False,0.7861973678014084,0.26365420452423444,0.7414358648665103,True,6.999282904001921
source_11,Batch5,5,FK-866,raw,2.67,False,0.7753409707824817,0.23755328623404545,0.9363506399731197,True,22.394127034176684
source_11,Batch5,5,LY2109761,raw,2.67,False,0.7840304825719662,0.2171389545815638,0.9440926250717042,True,24.05908934360198
source_11,Batch5,5,NVS-PAK1-1,raw,2.67,False,0.7491812815160244,0.2524518091744668,0.9266357671535771,True,18.728852171145224
source_11,Batch5,5,quinidine,raw,2.67,False,0.7775376930069435,0.37592823324340435,0.8236959060646587,True,8.80232130161752
source_11,Batch5,5,TC-S-7004,raw,2.67,False,0.19736195064536116,0.4469914045382094,0.8728406034106373,False,8.996903560364046
source_11,Batch5,5,aloxistatin,raw,2.67,False,0.5288017554005757,0.18861884819412936,0.650740861566777,True,4.210853260880764
source_11,Batch1,1,AMG900,own,0.75,False,0.8852859830846196,0.07979396360751345,,True,197.6177634646718
source_11,Batch1,1,dexamethasone,own,0.75,False,0.6394124484318197,0.09080290982990905,,True,22.87780227113248
source_11,Batch1,1,FK-866,own,0.75,False,0.7843312231401787,0.20257352756896288,,True,78.97906246842116
source_11,Batch1,1,LY2109761,own,0.75,False,0.7791762872679305,0.16595388136705624,,True,80.01303498414609
source_11,Batch1,1,NVS-PAK1-1,own,0.75,False,0.7087203105553348,0.20203650954021876,,True,56.00733811909529
source_11,Batch1,1,quinidine,own,0.75,False,0.7685987525988621,0.31501290556603667,,True,27.788738654396713
source_11,Batch1,1,TC-S-7004,own,0.75,False,0.26509304889776586,0.4308126700995359,,False,30.088058808902694
source_11,Batch1,1,aloxistatin,own,0.75,False,0.48692586546863215,0.0347637134407144,,True,15.044193390758462
source_11,Batch2,2,AMG900,own,2.48,False,0.8972903545661887,0.07441639365731154,0.9195027767605917,True,161.0413478360692
source_11,Batch2,2,dexamethasone,own,2.48,False,0.7740525201088542,0.20666267732637505,0.8439776812498256,True,17.718017978226907
source_11,Batch2,2,FK-866,own,2.48,False,0.723545997021001,0.22052306243680622,0.8851938799375949,True,68.2873307170172
source_11,Batch2,2,LY2109761,own,2.48,False,0.808935858780083,0.27090636194464235,0.8865316255673756,True,69.0421212847163
source_11,Batch2,2,NVS-PAK1-1,own,2.48,False,0.7616045169675958,0.19799739660722995,0.7484983262731907,True,62.8243236386874
source_11,Batch2,2,quinidine,own,2.48,False,0.8354781700343177,0.3347818545361601,0.8474884498060404,True,27.351745036759574
source_11,Batch2,2,TC-S-7004,own,2.48,False,0.26342354439327187,0.41071660248842395,0.8753772509357292,False,26.12662014827481
source_11,Batch2,2,aloxistatin,own,2.48,False,0.4997457969992755,0.22474666015302067,0.7724549336424584,False,11.982081847064803
source_11,Batch3,3,AMG900,own,2.96,True,0.9413320219313098,0.04248791560791533,0.9297744929449875,True,258.5828081021467
source_11,Batch3,3,dexamethasone,own,2.96,True,0.7788813729962825,0.14176747629194295,0.8386175974508016,True,26.45518065721228
source_11,Batch3,3,FK-866,own,2.96,True,0.6987042087091175,0.1849901730478704,0.8827836071348079,True,85.47426159226065
source_11,Batch3,3,LY2109761,own,2.96,True,0.8312616934478976,0.19590279858317633,0.9254445198908621,True,102.32932426586255
source_11,Batch3,3,NVS-PAK1-1,own,2.96,True,0.7725299268173711,0.14197492711035178,0.9092406053893757,True,87.97392023361012
source_11,Batch3,3,quinidine,own,2.96,True,0.7964366309815067,0.2746025685258809,0.8669824647435838,True,25.220436279879973
source_11,Batch3,3,TC-S-7004,own,2.96,True,0.047840107953369244,0.38583788340583014,0.8551268156593382,False,26.6899259379119
source_11,Batch3,3,aloxistatin,own,2.96,True,0.5779046740576201,0.16852884646455202,0.8114828194351698,True,12.77843696086672
source_11,Batch4,4,AMG900,own,2.67,False,0.9316651951632662,0.05596120228463071,0.91356291055451,True,255.51574111582227
source_11,Batch4,4,dexamethasone,own,2.67,False,0.7911631832008545,0.181448033029478,0.7930309681129554,True,26.680338125559967
source_11,Batch4,4,FK-866,own,2.67,False,0.7704766308901259,0.2600123089126327,0.8946627191978382,True,86.97805671050237
source_11,Batch4,4,LY2109761,own,2.67,False,0.8424521696254594,0.22239965607680542,0.930894152763764,True,106.07289201079453
source_11,Batch4,4,NVS-PAK1-1,own,2.67,False,0.7858357454559821,0.16765991406438988,0.9204593420039778,True,94.09407746445694
source_11,Batch4,4,quinidine,own,2.67,False,0.7779123476276797,0.31106915581348477,0.8254168425728741,True,25.322783324509373
source_11,Batch4,4,TC-S-7004,own,2.67,False,0.1143099174489853,0.44947445492593147,0.829239789174927,False,28.35296323094093
source_11,Batch4,4,aloxistatin,own,2.67,False,0.6209774834692527,0.2086299162760508,0.7901231709768082,True,15.189457019564788
source_11,Batch5,5,AMG900,own,2.67,False,0.8876315021505554,0.06340701696874343,0.908346008566108,True,146.25732456827978
source_11,Batch5,5,dexamethasone,own,2.67,False,0.7997675178565664,0.23842854561574647,0.6257572698402112,True,18.757070108772865
source_11,Batch5,5,FK-866,own,2.67,False,0.7581987246963593,0.16792874073662825,0.872915940708223,True,57.66254116881735
source_11,Batch5,5,LY2109761,own,2.67,False,0.789986372026477,0.18143196628420824,0.914086090721488,True,68.25190168193328
source_11,Batch5,5,NVS-PAK1-1,own,2.67,False,0.7626837757820686,0.1182348718375049,0.828514307717952,True,62.98589369941969
source_11,Batch5,5,quinidine,own,2.67,False,0.8339988827247345,0.35499517732452807,0.7507888130700017,True,22.745969585292116
source_11,Batch5,5,TC-S-7004,own,2.67,False,0.16574754920470453,0.44261577615009806,0.8137239226171329,False,22.875381608257687
source_11,Batch5,5,aloxistatin,own,2.67,False,0.48865224483330405,0.1459201611030454,0.6969946173090682,True,14.798311897110054
source_11,Batch1,1,AMG900,scaled,0.75,False,0.6241151656391595,0.0031657409977168855,,True,39.29500664429915
source_11,Batch1,1,dexamethasone,scaled,0.75,False,0.679361764748872,0.06873185191156876,,True,6.647566934532348
source_11,Batch1,1,FK-866,scaled,0.75,False,0.5585308809645735,0.09311846262559412,,True,23.727937559849273
source_11,Batch1,1,LY2109761,scaled,0.75,False,0.4920906333104478,0.10089291408012095,,True,19.018186043020023
source_11,Batch1,1,NVS-PAK1-1,scaled,0.75,False,0.50057125545712,0.07914809325827965,,True,15.770687840833672
source_11,Batch1,1,quinidine,scaled,0.75,False,0.5516902430423042,0.14341384250211298,,False,8.164529446550015
source_11,Batch1,1,TC-S-7004,scaled,0.75,False,-0.03941114926736267,0.23467968321619495,,False,9.018022696027927
source_11,Batch1,1,aloxistatin,scaled,0.75,False,0.4612485441349445,0.06085185476883744,,True,3.752653773384576
source_11,Batch2,2,AMG900,scaled,2.48,False,0.6636994206066349,0.03153026722334896,0.8175050247305489,True,37.06098338226849
source_11,Batch2,2,dexamethasone,scaled,2.48,False,0.6979606811063019,0.10999881983450306,0.8685422079997294,True,6.001890106045873
source_11,Batch2,2,FK-866,scaled,2.48,False,0.5247954208915502,0.0988959788288424,0.873986634740982,True,23.028622257097208
source_11,Batch2,2,LY2109761,scaled,2.48,False,0.5537281392895416,0.15494224562824324,0.8382799029427367,True,20.600044424919467
source_11,Batch2,2,NVS-PAK1-1,scaled,2.48,False,0.47044947458667624,0.049187563317048315,0.7199706012861365,True,18.276336654088226
source_11,Batch2,2,quinidine,scaled,2.48,False,0.5242494998273272,0.18198394208913604,0.8047850818700355,False,7.68431920652075
source_11,Batch2,2,TC-S-7004,scaled,2.48,False,0.01598911594150225,0.26018312858765297,0.831559027380459,False,7.928830535985519
source_11,Batch2,2,aloxistatin,scaled,2.48,False,0.4981618127078412,0.13772780793992656,0.7288853252833251,True,3.681156707975493
source_11,Batch3,3,AMG900,scaled,2.96,True,0.755003510921864,0.01872680869835531,0.8266541547917281,True,50.75926302962266
source_11,Batch3,3,dexamethasone,scaled,2.96,True,0.7190860933084924,0.08070900503463695,0.8635294376085941,True,7.393495001249179
source_11,Batch3,3,FK-866,scaled,2.96,True,0.5960869676423968,0.11648677696193165,0.886267966339439,True,28.09123113234833
source_11,Batch3,3,LY2109761,scaled,2.96,True,0.6656847703711266,0.1528888811553719,0.870059764236327,True,25.918960439161992
source_11,Batch3,3,NVS-PAK1-1,scaled,2.96,True,0.5612430335282785,0.07288725062344928,0.8806106398159279,True,23.442313605062303
source_11,Batch3,3,quinidine,scaled,2.96,True,0.5745853817081479,0.1573678768011291,0.8023284604888101,False,6.920686583927595
source_11,Batch3,3,TC-S-7004,scaled,2.96,True,-0.09081805325057729,0.25491788419220285,0.7889054501464274,False,7.50731507269285
source_11,Batch3,3,aloxistatin,scaled,2.96,True,0.5381131195727491,0.10226975200134504,0.7526778582843273,True,3.1895362224399735
source_11,Batch4,4,AMG900,scaled,2.67,False,0.7621146527769223,0.014211069764716833,0.8309962521125578,True,52.51409502096099
source_11,Batch4,4,dexamethasone,scaled,2.67,False,0.7329821074323705,0.08495128706404219,0.8168518927570859,True,7.512112035268272
source_11,Batch4,4,FK-866,scaled,2.67,False,0.6643043326519562,0.12281948549227595,0.8721983649835685,True,28.08652000512407
source_11,Batch4,4,LY2109761,scaled,2.67,False,0.6622515308987754,0.15562169196672837,0.8420544894183122,True,27.055690611365755
source_11,Batch4,4,NVS-PAK1-1,scaled,2.67,False,0.5879545932430938,0.08720637752292461,0.8540588812501587,True,25.18934190818115
source_11,Batch4,4,quinidine,scaled,2.67,False,0.51910044910696,0.16462691410747804,0.7495175993602461,False,7.554164308723329
source_11,Batch4,4,TC-S-7004,scaled,2.67,False,-0.04268096503307468,0.26300275894023645,0.7144537834609241,False,8.081674070890147
source_11,Batch4,4,aloxistatin,scaled,2.67,False,0.5732680592305017,0.121106842888748,0.7319598956721528,True,4.0903998451881725
source_11,Batch5,5,AMG900,scaled,2.67,False,0.724631208147535,0.05944066723523806,0.8478950857773149,True,33.11121796971612
source_11,Batch5,5,dexamethasone,scaled,2.67,False,0.668234609737381,0.13094161429369744,0.701742654153581,True,5.531020139520072
source_11,Batch5,5,FK-866,scaled,2.67,False,0.593665978479099,0.11325995067838303,0.8319986375869868,True,17.49197917581048
source_11,Batch5,5,LY2109761,scaled,2.67,False,0.6218850058862353,0.15781317272691714,0.8167945088015192,True,17.299197614913787
source_11,Batch5,5,NVS-PAK1-1,scaled,2.67,False,0.5916991722090834,0.09610783558807066,0.8662421070374229,True,15.236047233972572
source_11,Batch5,5,quinidine,scaled,2.67,False,0.5135448453955279,0.21378145930236547,0.7328773086962457,False,6.608742625965915
source_11,Batch5,5,TC-S-7004,scaled,2.67,False,0.031128324839807646,0.2697082833936522,0.7543468908694085,False,7.010405721530456
source_11,Batch5,5,aloxistatin,scaled,2.67,False,0.4910273396904536,0.11214337260945531,0.6408606377986849,True,3.6335975996864303
source_11,Batch1,1,AMG900,field,0.75,False,0.911918869911785,0.10494688055538981,,True,56.63852085338329
source_11,Batch1,1,dexamethasone,field,0.75,False,0.7976009941530293,0.09495393317032928,,True,8.917278703680825
source_11,Batch1,1,FK-866,field,0.75,False,0.8157531452679041,0.23953291641241906,,True,28.439035927597605
source_11,Batch1,1,LY2109761,field,0.75,False,0.7894317673916407,0.17488678159375826,,True,27.832756372970028
source_11,Batch1,1,NVS-PAK1-1,field,0.75,False,0.7107773170716336,0.2640159355905392,,True,17.351277848616398
source_11,Batch1,1,quinidine,field,0.75,False,0.8435003865361815,0.29958959174354494,,True,10.471839514468222
source_11,Batch1,1,TC-S-7004,field,0.75,False,0.15364506622256716,0.44134068268469256,,False,11.253534493189164
source_11,Batch1,1,aloxistatin,field,0.75,False,0.4276613238230399,0.05998000717528302,,False,4.658468173240247
source_11,Batch2,2,AMG900,field,2.48,False,0.9377858073210248,0.10699334106937652,0.9617160924556609,True,55.68069894731223
source_11,Batch2,2,dexamethasone,field,2.48,False,0.8428591006056587,0.1675298263378405,0.9137956858052114,True,7.4789197133367615
source_11,Batch2,2,FK-866,field,2.48,False,0.772006402540042,0.24423591039301357,0.9041347245058606,True,24.78485586980442
source_11,Batch2,2,LY2109761,field,2.48,False,0.8369018892645924,0.28160145676805654,0.9207205143887957,True,26.896655780382464
source_11,Batch2,2,NVS-PAK1-1,field,2.48,False,0.8077312755961004,0.1971573962699085,0.7655717022190609,True,22.312551308473733
source_11,Batch2,2,quinidine,field,2.48,False,0.8607107141306889,0.3371130189907737,0.9085927991351165,True,9.879462606690309
source_11,Batch2,2,TC-S-7004,field,2.48,False,0.1540807760680125,0.42200466437702344,0.9300128319930356,False,9.682105216198666
source_11,Batch2,2,aloxistatin,field,2.48,False,0.5331981137206673,0.23282222674671008,0.8263052203665233,False,4.4920216660117465
source_11,Batch3,3,AMG900,field,2.96,True,0.9441743329154937,0.0903433519544178,0.9468898144279856,True,69.66766039759432
source_11,Batch3,3,dexamethasone,field,2.96,True,0.8172307987125211,0.1268503437434221,0.9043037339741662,True,8.589524663174279
source_11,Batch3,3,FK-866,field,2.96,True,0.7457186549393446,0.2275975570252679,0.9118019826327016,True,27.552680890837067
source_11,Batch3,3,LY2109761,field,2.96,True,0.8517270436383244,0.22611584739840307,0.937357954034572,True,30.34434899781333
source_11,Batch3,3,NVS-PAK1-1,field,2.96,True,0.7721257978305908,0.22299014787165228,0.9254709000713263,True,24.46652944567241
source_11,Batch3,3,quinidine,field,2.96,True,0.8272389194229093,0.27291041098295604,0.9226587616588224,True,7.972760904349189
source_11,Batch3,3,TC-S-7004,field,2.96,True,0.014757356122912447,0.3922591089567669,0.9078327016558378,False,8.402207659471651
source_11,Batch3,3,aloxistatin,field,2.96,True,0.5887242157080994,0.20776769734667874,0.8083051915008301,True,3.4870281941812875
source_11,Batch4,4,AMG900,field,2.67,False,0.9472845010278858,0.10939428317270258,0.9442918179903108,True,72.41102678174519
source_11,Batch4,4,dexamethasone,field,2.67,False,0.8349472375575736,0.16191391555609408,0.8832335187074316,True,8.467888880623057
source_11,Batch4,4,FK-866,field,2.67,False,0.8082469023638428,0.27606557269520665,0.9318659444530053,True,28.39299739132617
source_11,Batch4,4,LY2109761,field,2.67,False,0.85277983146543,0.2527506637316254,0.9341790235392807,True,31.57859461416596
source_11,Batch4,4,NVS-PAK1-1,field,2.67,False,0.7846656249634345,0.2521465501943189,0.9190744166654202,True,26.68381855907244
source_11,Batch4,4,quinidine,field,2.67,False,0.7964880064773703,0.3108680266945672,0.8836323404322924,False,7.966446073936934
source_11,Batch4,4,TC-S-7004,field,2.67,False,0.10681378346361563,0.45975250402018164,0.879374497775745,False,8.646201301065572
source_11,Batch4,4,aloxistatin,field,2.67,False,0.6314132579838757,0.24228111314237896,0.7716812757425476,True,4.347138920201055
source_11,Batch5,5,AMG900,field,2.67,False,0.9355761212037419,0.10011240385793442,0.950096420785913,True,59.627008301450836
source_11,Batch5,5,dexamethasone,field,2.67,False,0.867973313011128,0.24170720914586957,0.8339750012793667,True,7.544858346101277
source_11,Batch5,5,FK-866,field,2.67,False,0.7708550174413615,0.16644785697020772,0.9210479267957048,True,24.69392672875583
source_11,Batch5,5,LY2109761,field,2.67,False,0.8103951709508463,0.1936302795849616,0.954624765396678,True,25.38451502232732
source_11,Batch5,5,NVS-PAK1-1,field,2.67,False,0.7816747881297077,0.17993090380651502,0.9130630627530552,True,18.139665944531163
source_11,Batch5,5,quinidine,field,2.67,False,0.848512723864477,0.35914187399616815,0.8820341851641109,True,9.158110919903818
source_11,Batch5,5,TC-S-7004,field,2.67,False,0.08805317876847199,0.45699376527886254,0.9264951226340591,False,9.14805620153201
source_11,Batch5,5,aloxistatin,field,2.67,False,0.5932749763050306,0.18693234426322833,0.7814259919002648,True,4.524303623787003
source_15,2021_12_03_Batch1,1,AMG900,raw,0.8,False,0.8512624605803544,0.15251200309962268,,True,63.70012871583207
source_15,2021_12_03_Batch1,1,dexamethasone,raw,0.8,False,0.5976598520451318,0.13048964130840865,,True,9.90352075083069
source_15,2021_12_03_Batch1,1,FK-866,raw,0.8,False,0.7539203198541236,0.3912342117124613,,True,25.028838827711933
source_15,2021_12_03_Batch1,1,LY2109761,raw,0.8,False,0.6378743201461681,0.1345639565513885,,True,25.00539737094561
source_15,2021_12_03_Batch1,1,NVS-PAK1-1,raw,0.8,False,0.6802402467780855,0.2462816041722459,,True,26.45822596430815
source_15,2021_12_03_Batch1,1,quinidine,raw,0.8,False,0.3646070077824545,0.21201439318106555,,False,4.5303202788848695
source_15,2021_12_03_Batch1,1,TC-S-7004,raw,0.8,False,0.7171467960846203,0.2157255085434415,,False,76.07329685349364
source_15,2021_12_03_Batch1,1,aloxistatin,raw,0.8,False,0.32034412623611597,0.14177718390159585,,False,8.071129323049767
source_15,2021_12_17_Batch1,2,AMG900,raw,2.95,False,0.8439931687226712,0.1641502494398877,0.9756519518489115,True,62.255724608252194
source_15,2021_12_17_Batch1,2,dexamethasone,raw,2.95,False,0.1279711075034908,0.3198742490286447,0.14096107916069037,False,28.778254659593465
source_15,2021_12_17_Batch1,2,FK-866,raw,2.95,False,0.818909506063049,0.3948530477502599,0.8970054271979602,True,24.96612637740122
source_15,2021_12_17_Batch1,2,LY2109761,raw,2.95,False,0.6192133811739546,0.175324034307189,0.8241907211342316,True,26.46315488920495
source_15,2021_12_17_Batch1,2,NVS-PAK1-1,raw,2.95,False,0.7822990827033178,0.2772594945359584,0.8723165545262233,True,24.393143497451167
source_15,2021_12_17_Batch1,2,quinidine,raw,2.95,False,0.37522713905625055,0.23490696285085017,0.6262428811951606,False,9.227849414857559
source_15,2021_12_17_Batch1,2,TC-S-7004,raw,2.95,False,0.7183041247127719,0.21427408801404715,0.9763975292294866,False,71.9799280429611
source_15,2021_12_17_Batch1,2,aloxistatin,raw,2.95,False,0.18938233621417666,0.03550281792530653,0.6384968181125278,False,9.925968374784732
source_15,2022_02_17_Batch1,3,AMG900,raw,1.5,False,0.8507685451878694,0.17770217032228935,0.9839158219545233,True,69.59435417035992
source_15,2022_02_17_Batch1,3,dexamethasone,raw,1.5,False,0.5991661442400126,0.12650367229199624,0.9582302848149342,True,13.484941817864193
source_15,2022_02_17_Batch1,3,FK-866,raw,1.5,False,0.8092145646620721,0.33151512132006344,0.8489379452064629,True,25.324937198095906
source_15,2022_02_17_Batch1,3,LY2109761,raw,1.5,False,0.6419683615761472,0.11263443598472879,0.9652628191455108,True,33.38799023869424
source_15,2022_02_17_Batch1,3,NVS-PAK1-1,raw,1.5,False,0.7278991457236816,0.28847142106687956,0.9521233050254241,True,30.093533299862898
source_15,2022_02_17_Batch1,3,quinidine,raw,1.5,False,0.26886452865023197,0.18327748129230595,0.9434338399364086,False,7.179517209024477
source_15,2022_02_17_Batch1,3,TC-S-7004,raw,1.5,False,0.7384469777108253,0.2334496927027991,0.9747982672087695,True,85.32021356319203
source_15,2022_02_17_Batch1,3,aloxistatin,raw,1.5,False,0.2949323956569108,0.10493849506511375,0.9408494012981017,False,9.104389234307218
source_15,2022_02_22_Batch1,4,AMG900,raw,1.59,False,0.8563014995811422,0.17353957071042708,0.9848219199390199,True,69.91787990451408
source_15,2022_02_22_Batch1,4,dexamethasone,raw,1.59,False,0.627170584032777,0.12399853895972197,0.959690941116414,True,12.524344431680746
source_15,2022_02_22_Batch1,4,FK-866,raw,1.59,False,0.826370967581272,0.34128267874471657,0.8834657564985766,True,25.17079185181269
source_15,2022_02_22_Batch1,4,LY2109761,raw,1.59,False,0.6500675326043154,0.12158530830381249,0.9611832261575917,True,32.47922665892021
source_15,2022_02_22_Batch1,4,NVS-PAK1-1,raw,1.59,False,0.7443976622465529,0.2883784592089495,0.9524083270041126,True,30.36120606565718
source_15,2022_02_22_Batch1,4,quinidine,raw,1.59,False,0.24692474814043142,0.1696231831671076,0.9292295008512549,False,6.561373477232441
source_15,2022_02_22_Batch1,4,TC-S-7004,raw,1.59,False,0.7296397489550711,0.22032229178668722,0.9744286927116077,True,87.40048240107635
source_15,2022_02_22_Batch1,4,aloxistatin,raw,1.59,False,0.3357322175710658,0.11401504817449919,0.9317145396036244,False,8.539805355613716
source_15,2022_02_28_Batch1,5,AMG900,raw,1.72,False,0.8632800081688375,0.12758279608280818,0.9869908836634234,True,63.09050746171207
source_15,2022_02_28_Batch1,5,dexamethasone,raw,1.72,False,0.5808440490853517,0.1605657426822262,0.8533310028955503,True,8.026796201075529
source_15,2022_02_28_Batch1,5,FK-866,raw,1.72,False,0.8217183073059058,0.31358100331966343,0.8484146710883476,True,21.878981423966536
source_15,2022_02_28_Batch1,5,LY2109761,raw,1.72,False,0.6045318184508381,0.14177521322154993,0.9790739537170119,True,24.360221630712385
source_15,2022_02_28_Batch1,5,NVS-PAK1-1,raw,1.72,False,0.6401328922055057,0.2209544610754461,0.9595958436340866,True,24.480958034587903
source_15,2022_02_28_Batch1,5,quinidine,raw,1.72,False,0.39956304438718654,0.25397321916605897,0.6571657113255243,True,4.361847384118421
source_15,2022_02_28_Batch1,5,TC-S-7004,raw,1.72,False,0.7593944000703973,0.24844293211247168,0.9842331294817221,True,76.9113586259504
source_15,2022_02_28_Batch1,5,aloxistatin,raw,1.72,False,0.346470364010858,0.20606487400242243,0.7989734669415093,False,5.640512467244043
source_15,2022_03_23_Batch1,6,AMG900,raw,1.97,False,0.8404556479885525,0.13300047326904704,0.9715007480875615,True,60.087217774695006
source_15,2022_03_23_Batch1,6,dexamethasone,raw,1.97,False,0.49308808690900163,0.2647880770618127,0.7890945878074793,True,11.109021485864455
source_15,2022_03_23_Batch1,6,FK-866,raw,1.97,False,0.7710667439280385,0.35016580558030075,0.898751779543272,True,25.385848139979135
source_15,2022_03_23_Batch1,6,LY2109761,raw,1.97,False,0.6446319943245391,0.13500768753671885,0.9702510300600117,True,22.7691578150375
source_15,2022_03_23_Batch1,6,NVS-PAK1-1,raw,1.97,False,0.5839894034109995,0.15813119295328493,0.8899959728281164,True,24.04628535196889
source_15,2022_03_23_Batch1,6,quinidine,raw,1.97,False,0.27246237425628794,0.14603024874756115,0.7857678213216347,False,7.065953736023358
source_15,2022_03_23_Batch1,6,TC-S-7004,raw,1.97,False,0.721536730980133,0.22943794383308339,0.9765603504377315,True,77.58073919539584
source_15,2022_03_23_Batch1,6,aloxistatin,raw,1.97,False,0.29922944618063446,0.08694511888314517,0.8852699395891258,False,8.133667222034894
source_15,2021_12_03_Batch1,1,AMG900,own,0.8,False,0.8329977055816027,0.1058273342738747,,True,277.3651918926707
source_15,2021_12_03_Batch1,1,dexamethasone,own,0.8,False,0.6903652459713179,0.13926901912621603,,True,29.244548585366925
source_15,2021_12_03_Batch1,1,FK-866,own,0.8,False,0.6464850594665763,0.34570541153876,,True,94.77827079084018
source_15,2021_12_03_Batch1,1,LY2109761,own,0.8,False,0.6872764714036345,0.14277931922337858,,True,81.9953810450472
source_15,2021_12_03_Batch1,1,NVS-PAK1-1,own,0.8,False,0.7478452248911427,0.17647931323101496,,True,105.59928491446394
source_15,2021_12_03_Batch1,1,quinidine,own,0.8,False,0.4376223816028547,0.23761723987185482,,False,12.579741827736196
source_15,2021_12_03_Batch1,1,TC-S-7004,own,0.8,False,0.6494607536028072,0.2004033963477267,,False,434.20432574759093
source_15,2021_12_03_Batch1,1,aloxistatin,own,0.8,False,0.4100681370380599,0.1752517802532185,,False,21.862721628801133
source_15,2021_12_17_Batch1,2,AMG900,own,2.95,False,0.7694120031999725,0.1032126230796273,0.9295159432233935,True,128.1108066958113
source_15,2021_12_17_Batch1,2,dexamethasone,own,2.95,False,0.05555109955775808,0.2680640736269582,0.07077322752493148,False,52.52118544683252
source_15,2021_12_17_Batch1,2,FK-866,own,2.95,False,0.7943794573985459,0.3409441242422156,0.846526739929462,True,52.099418529904746
source_15,2021_12_17_Batch1,2,LY2109761,own,2.95,False,0.6984825482377557,0.15704482578946674,0.8967653724375467,True,54.39464382911577
source_15,2021_12_17_Batch1,2,NVS-PAK1-1,own,2.95,False,0.7850093829254379,0.17879654137516607,0.9177131759710913,True,60.604331861610376
source_15,2021_12_17_Batch1,2,quinidine,own,2.95,False,0.47168453489630724,0.2729493315784527,0.7763821816178795,False,12.599371515869251
source_15,2021_12_17_Batch1,2,TC-S-7004,own,2.95,False,0.5757891593288139,0.15709185225005587,0.9551453728724673,False,308.9120824913706
source_15,2021_12_17_Batch1,2,aloxistatin,own,2.95,False,0.30989456212468797,0.04726943362844762,0.8101492752856677,False,14.61477766530447
source_15,2022_02_17_Batch1,3,AMG900,own,1.5,False,0.8484427323074017,0.07754189600267804,0.9673722089394274,True,386.8419694160995
source_15,2022_02_17_Batch1,3,dexamethasone,own,1.5,False,0.7251892951872476,0.13472526840691473,0.9150625380458439,True,50.25852887701807
source_15,2022_02_17_Batch1,3,FK-866,own,1.5,False,0.7975821134704884,0.27390734258659977,0.7174262800684581,True,112.43747312200851
source_15,2022_02_17_Batch1,3,LY2109761,own,1.5,False,0.7039672992369832,0.11733633243387417,0.9376033949642015,True,147.13448330529218
source_15,2022_02_17_Batch1,3,NVS-PAK1-1,own,1.5,False,0.7585454846100241,0.19185358148180415,0.9469584160161381,True,143.79701414537644
source_15,2022_02_17_Batch1,3,quinidine,own,1.5,False,0.38093100845029615,0.2104971336550878,0.9105476974535089,False,25.684415877674375
source_15,2022_02_17_Batch1,3,TC-S-7004,own,1.5,False,0.6650555817503834,0.1835499665207859,0.9752851124436241,False,527.6702114350749
source_15,2022_02_17_Batch1,3,aloxistatin,own,1.5,False,0.4060126956937101,0.12767510172789145,0.91839319220128,False,33.48822241059937
source_15,2022_02_22_Batch1,4,AMG900,own,1.59,False,0.8492198705829468,0.07949280997145847,0.9622040621829812,True,371.5419017152689
source_15,2022_02_22_Batch1,4,dexamethasone,own,1.59,False,0.7393286117185618,0.11813667256693515,0.9339266338790243,True,46.48824853714185
source_15,2022_02_22_Batch1,4,FK-866,own,1.59,False,0.8160489361024732,0.2735189046048864,0.7603143528259795,True,110.10524190394229
source_15,2022_02_22_Batch1,4,LY2109761,own,1.59,False,0.700221420350047,0.1030667523008498,0.9178527659442867,True,134.68655917751195
source_15,2022_02_22_Batch1,4,NVS-PAK1-1,own,1.59,False,0.7767662752090688,0.18104242821520106,0.9474680150706505,True,146.63285251482736
source_15,2022_02_22_Batch1,4,quinidine,own,1.59,False,0.3421684328428094,0.1863779874277312,0.8865105732635392,False,22.143018609255044
source_15,2022_02_22_Batch1,4,TC-S-7004,own,1.59,False,0.6124386947507898,0.1671620125019244,0.9633425710778578,False,572.9415689775731
source_15,2022_02_22_Batch1,4,aloxistatin,own,1.59,False,0.4225653404490184,0.1401348447382669,0.9201374862333733,False,29.387945623617547
source_15,2022_02_28_Batch1,5,AMG900,own,1.72,False,0.7948386720158238,0.08708517501355025,0.9403599856763128,True,138.68830917839608
source_15,2022_02_28_Batch1,5,dexamethasone,own,1.72,False,0.6142041636802689,0.16958866584317625,0.775324093055199,True,14.320027484408607
source_15,2022_02_28_Batch1,5,FK-866,own,1.72,False,0.8031831973844209,0.2756033868370404,0.7688716293506158,True,45.05756570385369
source_15,2022_02_28_Batch1,5,LY2109761,own,1.72,False,0.6307948459470061,0.15303023397796484,0.9437580285884211,True,48.136766784306054
source_15,2022_02_28_Batch1,5,NVS-PAK1-1,own,1.72,False,0.6640103653834204,0.1676613375444226,0.9073404318246437,True,48.05644887988138
source_15,2022_02_28_Batch1,5,quinidine,own,1.72,False,0.3691675230942756,0.2285316981391343,0.701799072832324,True,9.878428497270933
source_15,2022_02_28_Batch1,5,TC-S-7004,own,1.72,False,0.6602945661248714,0.23820454443212988,0.8897057283845641,False,219.77794181318072
source_15,2022_02_28_Batch1,5,aloxistatin,own,1.72,False,0.33273762937249546,0.19619035538512555,0.7970128343232943,False,10.504349646163305
source_15,2022_03_23_Batch1,6,AMG900,own,1.97,False,0.7925352225760265,0.08832011271928597,0.8979612237132814,True,84.7900028962194
source_15,2022_03_23_Batch1,6,dexamethasone,own,1.97,False,0.4897212625806469,0.26416901068147375,0.7504873157887196,False,16.36204773069625
source_15,2022_03_23_Batch1,6,FK-866,own,1.97,False,0.7162349062509512,0.3044874826836111,0.8157574506334306,True,39.67269712315535
source_15,2022_03_23_Batch1,6,LY2109761,own,1.97,False,0.6458551988218848,0.1408381851762706,0.934964718213465,True,37.4093680719203
source_15,2022_03_23_Batch1,6,NVS-PAK1-1,own,1.97,False,0.6005335401099797,0.08829351159812829,0.8081870239338301,True,35.40414286682257
source_15,2022_03_23_Batch1,6,quinidine,own,1.97,False,0.2745466302120917,0.12762263467764595,0.7539025625833566,False,11.541221663665004
source_15,2022_03_23_Batch1,6,TC-S-7004,own,1.97,False,0.6506051351303472,0.20373735818652453,0.8201162377981275,True,163.80449969003655
source_15,2022_03_23_Batch1,6,aloxistatin,own,1.97,False,0.29116052812418847,0.1391230462482285,0.8310156513178446,False,12.295692699364746
source_15,2021_12_03_Batch1,1,AMG900,scaled,0.8,False,0.6054381737713939,0.04496039140490995,,True,56.88277733095944
source_15,2021_12_03_Batch1,1,dexamethasone,scaled,0.8,False,0.5724811336425715,0.06904506363875544,,True,7.7891668874336455
source_15,2021_12_03_Batch1,1,FK-866,scaled,0.8,False,0.6225733193818431,0.13686612846690693,,True,24.75851054987634
source_15,2021_12_03_Batch1,1,LY2109761,scaled,0.8,False,0.5217788358281688,0.043709020565563104,,True,23.612128864993103
source_15,2021_12_03_Batch1,1,NVS-PAK1-1,scaled,0.8,False,0.4876632365932303,0.08873979248157104,,True,26.152852543457204
source_15,2021_12_03_Batch1,1,quinidine,scaled,0.8,False,0.3047194820452054,0.1359003763317849,,False,3.5861886887744387
source_15,2021_12_03_Batch1,1,TC-S-7004,scaled,0.8,False,0.5826719417922732,0.08287422570981846,,True,70.93320145953003
source_15,2021_12_03_Batch1,1,aloxistatin,scaled,0.8,False,0.09258234161790141,0.05557446081051511,,False,6.430704579751763
source_15,2021_12_17_Batch1,2,AMG900,scaled,2.95,False,0.5900442945199402,0.058487142547706886,0.9245479615170468,True,30.345209246705938
source_15,2021_12_17_Batch1,2,dexamethasone,scaled,2.95,False,0.08845546097373301,0.16954006502301744,-0.0034151006407948294,False,14.047579524035628
source_15,2021_12_17_Batch1,2,FK-866,scaled,2.95,False,0.6308933495327159,0.15696029589079563,0.8304716541301479,True,13.401923990919686
source_15,2021_12_17_Batch1,2,LY2109761,scaled,2.95,False,0.4725003296588699,0.09022244898469045,0.787539589439144,True,13.487569296393453
source_15,2021_12_17_Batch1,2,NVS-PAK1-1,scaled,2.95,False,0.5490978533743792,0.12691208306984053,0.8234795156048016,True,13.474821059492385
source_15,2021_12_17_Batch1,2,quinidine,scaled,2.95,False,0.15325469178804466,0.12678493103434374,0.3515590713900513,False,4.309155603867428
source_15,2021_12_17_Batch1,2,TC-S-7004,scaled,2.95,False,0.6218606808026523,0.12153969789053683,0.9209689910866804,True,35.251740621837364
source_15,2021_12_17_Batch1,2,aloxistatin,scaled,2.95,False,0.05804746290004051,-0.04128387196346132,0.42375228615863525,True,4.704465504467866
source_15,2022_02_17_Batch1,3,AMG900,scaled,1.5,False,0.6155241032543743,0.057067746732152744,0.9531724678062516,True,88.36012051066346
source_15,2022_02_17_Batch1,3,dexamethasone,scaled,1.5,False,0.5841739681988569,0.06558817201426095,0.9038298061312003,True,15.313814963658665
source_15,2022_02_17_Batch1,3,FK-866,scaled,1.5,False,0.6510275762547211,0.10663871372118454,0.844140355379486,True,33.389611500505055
source_15,2022_02_17_Batch1,3,LY2109761,scaled,1.5,False,0.4941660169254626,0.03786188143051371,0.9291000829374527,True,45.4784835495739
source_15,2022_02_17_Batch1,3,NVS-PAK1-1,scaled,1.5,False,0.5308559481446071,0.09951200037145398,0.9077986015740739,True,39.01992631742393
source_15,2022_02_17_Batch1,3,quinidine,scaled,1.5,False,0.24321013636848365,0.09440892544303334,0.7980734776140289,False,7.29511641220636
source_15,2022_02_17_Batch1,3,TC-S-7004,scaled,1.5,False,0.6207883229294043,0.0733169186016698,0.9420934080342281,True,105.33893801267703
source_15,2022_02_17_Batch1,3,aloxistatin,scaled,1.5,False,0.0393255360831084,0.0312938894638517,0.8094028482526042,False,9.057363331627238
source_15,2022_02_22_Batch1,4,AMG900,scaled,1.59,False,0.621733184964459,0.06730122183776008,0.9553345566815143,True,85.07178269731303
source_15,2022_02_22_Batch1,4,dexamethasone,scaled,1.59,False,0.6154925336446856,0.06587896490415657,0.9069101076713288,True,13.745180764213206
source_15,2022_02_22_Batch1,4,FK-866,scaled,1.59,False,0.6705900700821762,0.11100505511651063,0.8641034724089409,True,32.73504368419821
source_15,2022_02_22_Batch1,4,LY2109761,scaled,1.59,False,0.4807431176275333,0.04255493461554977,0.9235395374938646,True,42.32771935960822
source_15,2022_02_22_Batch1,4,NVS-PAK1-1,scaled,1.59,False,0.5507349452140236,0.10367015724698772,0.9086747450998544,True,38.74229843269025
source_15,2022_02_22_Batch1,4,quinidine,scaled,1.59,False,0.24015233535551572,0.08179255093144655,0.8162309388584283,False,6.204211482023714
source_15,2022_02_22_Batch1,4,TC-S-7004,scaled,1.59,False,0.6281122575153264,0.07910029007033588,0.9465266526623849,True,103.79832982103171
source_15,2022_02_22_Batch1,4,aloxistatin,scaled,1.59,False,0.12673037991739144,0.03471950864470005,0.8061835302834999,False,8.038701471609986
source_15,2022_02_28_Batch1,5,AMG900,scaled,1.72,False,0.5848121510088162,0.0063884206593616665,0.9321756712050632,True,35.41675710832133
source_15,2022_02_28_Batch1,5,dexamethasone,scaled,1.72,False,0.5739885839562165,0.09202036963825268,0.8310334756841748,True,4.8563370059107696
source_15,2022_02_28_Batch1,5,FK-866,scaled,1.72,False,0.6005923726526783,0.11117124340514703,0.8163630925252083,True,12.751141280503836
source_15,2022_02_28_Batch1,5,LY2109761,scaled,1.72,False,0.4831834052027725,0.04813910969093952,0.9291372928289462,True,15.09053328552294
source_15,2022_02_28_Batch1,5,NVS-PAK1-1,scaled,1.72,False,0.3842945947284535,0.03585567211766522,0.8972791147685825,True,14.245783340719568
source_15,2022_02_28_Batch1,5,quinidine,scaled,1.72,False,0.22850064799615025,0.11117520071852638,0.6146298927627167,False,2.629438664021997
source_15,2022_02_28_Batch1,5,TC-S-7004,scaled,1.72,False,0.5579344440909313,0.07663819501772148,0.8946690172798006,True,40.05076927758822
source_15,2022_02_28_Batch1,5,aloxistatin,scaled,1.72,False,0.14701828430937616,0.041740159314548754,0.7455758790922247,False,3.4287326107404126
source_15,2022_03_23_Batch1,6,AMG900,scaled,1.97,False,0.5526516529939867,0.018049196493090898,0.8962125169001349,True,24.05161854340417
source_15,2022_03_23_Batch1,6,dexamethasone,scaled,1.97,False,0.3467396363001584,0.12100802647522292,0.5662911947912994,True,5.01001885107495
source_15,2022_03_23_Batch1,6,FK-866,scaled,1.97,False,0.5593698979787852,0.10549186192355876,0.8169480848981128,True,11.576644131000988
source_15,2022_03_23_Batch1,6,LY2109761,scaled,1.97,False,0.48704907357907956,0.028895811703098257,0.8916692689431962,True,10.91664442940987
source_15,2022_03_23_Batch1,6,NVS-PAK1-1,scaled,1.97,False,0.34710148255599416,0.02790234538413238,0.8139213002460765,True,10.168081604444753
source_15,2022_03_23_Batch1,6,quinidine,scaled,1.97,False,0.1204325861464737,0.04605775403249811,0.4921133537751624,False,2.800536022568227
source_15,2022_03_23_Batch1,6,TC-S-7004,scaled,1.97,False,0.5283838192716228,0.06779294642889047,0.8563352331394775,True,32.33245053436636
source_15,2022_03_23_Batch1,6,aloxistatin,scaled,1.97,False,0.1316760924000729,0.005076139385086678,0.7585412131703492,False,3.2656177050733484
source_15,2021_12_03_Batch1,1,AMG900,field,0.8,False,0.8743262783823378,0.1397401985048896,,True,82.23829509855163
source_15,2021_12_03_Batch1,1,dexamethasone,field,0.8,False,0.7081561466542439,0.15568099777414185,,True,9.452086659440942
source_15,2021_12_03_Batch1,1,FK-866,field,0.8,False,0.7717912630975072,0.4057457643331514,,True,31.587042408834762
source_15,2021_12_03_Batch1,1,LY2109761,field,0.8,False,0.6768084578923608,0.17311482857968144,,True,24.004186727455796
source_15,2021_12_03_Batch1,1,NVS-PAK1-1,field,0.8,False,0.7624885796947534,0.27934324081684664,,True,30.66329456712917
source_15,2021_12_03_Batch1,1,quinidine,field,0.8,False,0.5392705118217346,0.24062863234896828,,False,4.308479082468212
source_15,2021_12_03_Batch1,1,TC-S-7004,field,0.8,False,0.7434492812689039,0.2248263767699051,,False,97.46268496342896
source_15,2021_12_03_Batch1,1,aloxistatin,field,0.8,False,0.4290906565249122,0.18030830410513965,,False,7.041399948991119
source_15,2021_12_17_Batch1,2,AMG900,field,2.95,False,0.7602948144538466,0.12273328286928117,0.8645879588198861,True,44.63346322347326
source_15,2021_12_17_Batch1,2,dexamethasone,field,2.95,False,0.13758433501437223,0.34703348643986515,0.14472283789671656,False,14.71799740946669
source_15,2021_12_17_Batch1,2,FK-866,field,2.95,False,0.860738191904292,0.36778371856477005,0.9088022211314897,True,25.12718851634617
source_15,2021_12_17_Batch1,2,LY2109761,field,2.95,False,0.7455925845630973,0.18568872244821816,0.9053490365675373,True,23.306700910951445
source_15,2021_12_17_Batch1,2,NVS-PAK1-1,field,2.95,False,0.8513454845990447,0.2760764533908438,0.9228107684316054,True,26.147854316637154
source_15,2021_12_17_Batch1,2,quinidine,field,2.95,False,0.62825551118946,0.31100589890993163,0.7874634145799841,False,6.2765706569310895
source_15,2021_12_17_Batch1,2,TC-S-7004,field,2.95,False,0.7142834298577042,0.19629441688866844,0.9739761603312089,False,86.43338660708604
source_15,2021_12_17_Batch1,2,aloxistatin,field,2.95,False,0.3783041541734825,0.05616635469687074,0.8296047081146363,False,6.00938732037334
source_15,2022_02_17_Batch1,3,AMG900,field,1.5,False,0.8667302040398333,0.15789973411017427,0.9859925315218641,True,91.34405602971788
source_15,2022_02_17_Batch1,3,dexamethasone,field,1.5,False,0.6655458715059474,0.13993555479346806,0.9314088899983298,True,13.732108185953662
source_15,2022_02_17_Batch1,3,FK-866,field,1.5,False,0.839375692610523,0.33815113457183826,0.8580072151306047,True,31.16924959371969
source_15,2022_02_17_Batch1,3,LY2109761,field,1.5,False,0.6762290387683619,0.13712277498488218,0.9393646694726763,True,37.68863060296279
source_15,2022_02_17_Batch1,3,NVS-PAK1-1,field,1.5,False,0.778479198686304,0.3025639017743679,0.9591794690585431,True,36.40543528330379
source_15,2022_02_17_Batch1,3,quinidine,field,1.5,False,0.41065278558320917,0.21033770286300385,0.9022739578472492,False,7.034398365862866
source_15,2022_02_17_Batch1,3,TC-S-7004,field,1.5,False,0.7404474297455081,0.22462829412572272,0.9757272701468891,True,112.18262204584472
source_15,2022_02_17_Batch1,3,aloxistatin,field,1.5,False,0.3751008230878154,0.12925283929140385,0.9153340749649168,False,9.04887619843318
source_15,2022_02_22_Batch1,4,AMG900,field,1.59,False,0.8739479328820817,0.14709429281945272,0.9852319159918715,True,91.06877615276045
source_15,2022_02_22_Batch1,4,dexamethasone,field,1.59,False,0.7133878945100177,0.13259102016180985,0.956459408653928,True,12.487537574316129
source_15,2022_02_22_Batch1,4,FK-866,field,1.59,False,0.8579774362621629,0.3496153767773112,0.8938235970585768,True,30.93440357953794
source_15,2022_02_22_Batch1,4,LY2109761,field,1.59,False,0.6755589667435784,0.12542332491080993,0.9323443317222511,True,33.82234578154782
source_15,2022_02_22_Batch1,4,NVS-PAK1-1,field,1.59,False,0.7961960224091114,0.2967708763773647,0.9636722058867289,True,36.69969815844504
source_15,2022_02_22_Batch1,4,quinidine,field,1.59,False,0.37483705741127515,0.18306646255403342,0.8944564817928743,False,6.452385478102382
source_15,2022_02_22_Batch1,4,TC-S-7004,field,1.59,False,0.7249979765529826,0.20936109052192964,0.9704847356006461,False,113.36612720795726
source_15,2022_02_22_Batch1,4,aloxistatin,field,1.59,False,0.3924517705320465,0.13220831202465236,0.9159172424697601,False,8.32345952322137
source_15,2022_02_28_Batch1,5,AMG900,field,1.72,False,0.8937342243513943,0.09377930852945002,0.9751898643635665,True,73.03493826343355
source_15,2022_02_28_Batch1,5,dexamethasone,field,1.72,False,0.7471736007768142,0.17049983628394985,0.8606571607275606,True,7.557989894284087
source_15,2022_02_28_Batch1,5,FK-866,field,1.72,False,0.878182820838553,0.3125427742561286,0.8418326219096961,True,23.887129821123857
source_15,2022_02_28_Batch1,5,LY2109761,field,1.72,False,0.6247958240711191,0.14765415064046117,0.9594875549469926,True,22.87820618391029
source_15,2022_02_28_Batch1,5,NVS-PAK1-1,field,1.72,False,0.6971769446501679,0.2297790171482977,0.8972107492851911,True,21.789261734472266
source_15,2022_02_28_Batch1,5,quinidine,field,1.72,False,0.5250044971550943,0.25182850713562815,0.8300273930075802,True,4.184324360811072
source_15,2022_02_28_Batch1,5,TC-S-7004,field,1.72,False,0.7655833772543844,0.30402575565149464,0.90895999282199,False,66.938298609312
source_15,2022_02_28_Batch1,5,aloxistatin,field,1.72,False,0.42979152556429334,0.2239781228312466,0.779811245483802,True,5.0130364124286855
source_15,2022_03_23_Batch1,6,AMG900,field,1.97,False,0.7463296939361754,0.09865166333459366,0.8377981408264126,True,40.78065587837842
source_15,2022_03_23_Batch1,6,dexamethasone,field,1.97,False,0.6111161752976733,0.3288034803075381,0.8024963830209797,True,8.866224148250975
source_15,2022_03_23_Batch1,6,FK-866,field,1.97,False,0.7986995618594177,0.323467798339978,0.8727713485718421,True,27.994478135893054
source_15,2022_03_23_Batch1,6,LY2109761,field,1.97,False,0.6939748425883618,0.19046933035751637,0.9241545138070619,True,20.739099860024517
source_15,2022_03_23_Batch1,6,NVS-PAK1-1,field,1.97,False,0.5808218211352989,0.15178428859631696,0.7993332256524603,True,20.954440968989072
source_15,2022_03_23_Batch1,6,quinidine,field,1.97,False,0.37514447028947506,0.20475817688940454,0.795877802735793,False,5.72737443326243
source_15,2022_03_23_Batch1,6,TC-S-7004,field,1.97,False,0.6981591186584344,0.26476944732685,0.8595774724131646,True,57.16195521157906
source_15,2022_03_23_Batch1,6,aloxistatin,field,1.97,False,0.41828747735945043,0.13111918833099928,0.879551234073079,True,6.714076377091782
source_2,20210607_Batch_2,1,AMG900,raw,0.4,False,0.8841358195453094,0.09911269892751748,,True,53.60141276371755
source_2,20210607_Batch_2,1,dexamethasone,raw,0.4,False,0.8342621431738569,0.30956567466949864,,True,8.750640066794645
source_2,20210607_Batch_2,1,FK-866,raw,0.4,False,0.8106017005908859,0.2782798233112926,,True,26.65888734814863
source_2,20210607_Batch_2,1,LY2109761,raw,0.4,False,0.897735793081742,0.3098176561770138,,True,31.472886790511673
source_2,20210607_Batch_2,1,NVS-PAK1-1,raw,0.4,False,0.8410169218844585,0.2721276574324483,,True,26.2070746618222
source_2,20210607_Batch_2,1,quinidine,raw,0.4,False,0.6137349487328476,0.35594789175876335,,True,5.7037570678670555
source_2,20210607_Batch_2,1,TC-S-7004,raw,0.4,False,0.7578377576557815,0.22457897428873586,,True,41.43055199603637
source_2,20210607_Batch_2,1,aloxistatin,raw,0.4,False,0.28011464721310175,0.11623594452228372,,False,4.410610675458859
source_2,20210614_Batch_1,2,AMG900,raw,1.02,False,0.8773750279990089,0.1024025324085839,0.9927953000916352,True,52.769256142878326
source_2,20210614_Batch_1,2,dexamethasone,raw,1.02,False,0.7013696057271126,0.23244462776268712,0.8965739274497095,True,11.25617809651959
source_2,20210614_Batch_1,2,FK-866,raw,1.02,False,0.7483036949453357,0.2571797377375129,0.9643670195462445,True,28.193109731608622
source_2,20210614_Batch_1,2,LY2109761,raw,1.02,False,0.890997254216624,0.3044058474327323,0.990031643998728,True,31.299055041179045
source_2,20210614_Batch_1,2,NVS-PAK1-1,raw,1.02,False,0.8082151889084188,0.25315559919265695,0.9822710075321865,True,25.28700324797878
source_2,20210614_Batch_1,2,quinidine,raw,1.02,False,0.37913102848355196,0.1959906361910211,0.7896460779184067,True,6.102882912146449
source_2,20210614_Batch_1,2,TC-S-7004,raw,1.02,False,0.7398288057394391,0.19985312173538047,0.9898946550056924,True,40.25773330229443
source_2,20210614_Batch_1,2,aloxistatin,raw,1.02,False,0.1544414138149418,0.07782503448606772,0.8115590633702595,False,8.404323486326323
source_2,20210621_Batch_3,3,AMG900,raw,6.5,False,0.7836322934085784,0.12780912638061362,0.8657354787360555,True,41.58048545900943
source_2,20210621_Batch_3,3,dexamethasone,raw,6.5,False,0.6563555776269208,0.2683199852822957,0.7630184953110859,True,12.91675482164605
source_2,20210621_Batch_3,3,FK-866,raw,6.5,False,0.6490503171443994,0.24542611371316772,0.7771029873256693,True,25.43607291234066
source_2,20210621_Batch_3,3,LY2109761,raw,6.5,False,0.8391484782309382,0.23475577042416873,0.9184027816423873,True,28.70040419087703
source_2,20210621_Batch_3,3,NVS-PAK1-1,raw,6.5,False,0.753180086980423,0.16766773720018652,0.8610216331593625,True,24.57399968517702
source_2,20210621_Batch_3,3,quinidine,raw,6.5,False,0.34010773060368304,0.23437943812875112,0.5823710085645127,False,6.884542230882787
source_2,20210621_Batch_3,3,TC-S-7004,raw,6.5,False,0.6022440049106237,0.2212698469794563,0.7962653213888561,True,35.80168508218814
source_2,20210621_Batch_3,3,aloxistatin,raw,6.5,False,0.24385401804507234,0.09101528812243827,0.6426888610943602,False,7.75729923119541
source_2,20210712_Batch_5,4,AMG900,raw,1.73,False,0.8763728153135338,0.11289981123672532,0.9810537677542158,True,51.47827836802592
source_2,20210712_Batch_5,4,dexamethasone,raw,1.73,False,0.876375028726972,0.24184960787304585,0.8703397020000601,True,10.489490676181177
source_2,20210712_Batch_5,4,FK-866,raw,1.73,False,0.8400938135481905,0.25826540190283215,0.9467695994190758,True,24.53747712660739
source_2,20210712_Batch_5,4,LY2109761,raw,1.73,False,0.893747782188922,0.2816561392652895,0.9808897977915931,True,32.678943734480725
source_2,20210712_Batch_5,4,NVS-PAK1-1,raw,1.73,False,0.8633147400650673,0.2636384292107542,0.9768686695770753,True,26.61626865993436
source_2,20210712_Batch_5,4,quinidine,raw,1.73,False,0.6939456502379481,0.344603966813052,0.6002318126293973,True,5.709599449945879
source_2,20210712_Batch_5,4,TC-S-7004,raw,1.73,False,0.6208813492884631,0.3548418793561924,0.8196133573122993,False,14.415442585672062
source_2,20210712_Batch_5,4,aloxistatin,raw,1.73,False,0.4047144435117628,0.12718970975235486,0.5443350636241214,True,5.304297666587459
source_2,20210719_Batch_6,5,AMG900,raw,1.94,False,0.8560428342976331,0.13345415521756496,0.9697924886366831,True,50.00634648128277
source_2,20210719_Batch_6,5,dexamethasone,raw,1.94,False,0.8574579496774946,0.333069262532259,0.8733502694515334,True,12.295191153223412
source_2,20210719_Batch_6,5,FK-866,raw,1.94,False,0.8115441344229766,0.25794209980065,0.9280620711864362,True,25.44340106272046
source_2,20210719_Batch_6,5,LY2109761,raw,1.94,False,0.9006524284464523,0.310663035704685,0.9795762508719791,True,31.73914165336652
source_2,20210719_Batch_6,5,NVS-PAK1-1,raw,1.94,False,0.8556068626687905,0.24650501035281128,0.9500653912397786,True,27.446011175728216
source_2,20210719_Batch_6,5,quinidine,raw,1.94,False,0.6739752697243493,0.32860511496425626,0.6771042583172726,True,5.271283327928798
source_2,20210719_Batch_6,5,TC-S-7004,raw,1.94,False,0.736848844187892,0.29762890467806,0.8921622106866275,True,46.16195497119758
source_2,20210719_Batch_6,5,aloxistatin,raw,1.94,False,0.40577818035137,0.18145642909052642,0.5366356350788605,True,5.036862442423642
source_2,20210726_Batch_7,6,AMG900,raw,3.28,False,0.8970960436279218,0.14139783830527228,0.972905682063961,True,51.02825445739583
source_2,20210726_Batch_7,6,dexamethasone,raw,3.28,False,0.8713429189325556,0.3405789241246702,0.8381958906259672,True,11.526296902173435
source_2,20210726_Batch_7,6,FK-866,raw,3.28,False,0.80513797570436,0.3053269660265267,0.8762195770682206,True,25.297094474854035
source_2,20210726_Batch_7,6,LY2109761,raw,3.28,False,0.8992486973641712,0.34383294917040763,0.9761659417337057,True,32.809153887161
source_2,20210726_Batch_7,6,NVS-PAK1-1,raw,3.28,False,0.8512160281791977,0.26355237954845895,0.9592272210259121,True,28.403066722498558
source_2,20210726_Batch_7,6,quinidine,raw,3.28,False,0.6773163797736736,0.328626911071635,0.6415506517040308,True,6.303407249202967
source_2,20210726_Batch_7,6,TC-S-7004,raw,3.28,False,0.7722766950643637,0.32223903665262704,0.8742832794421788,True,49.13275114609907
source_2,20210726_Batch_7,6,aloxistatin,raw,3.28,False,0.3050661231111944,0.21231609828898043,0.25574929756826703,False,6.815814379127899
source_2,20210802_Batch_8,7,AMG900,raw,3.04,False,0.9041986516681249,0.0962856219955559,0.9801987993848436,True,54.38344898309751
source_2,20210802_Batch_8,7,dexamethasone,raw,3.04,False,0.7758949196609255,0.33503404792068503,0.8083854347858233,True,9.95449925610023
source_2,20210802_Batch_8,7,FK-866,raw,3.04,False,0.8055559359781578,0.2656120896150029,0.8980518159115669,True,27.013068489667248
source_2,20210802_Batch_8,7,LY2109761,raw,3.04,False,0.9098099903626007,0.31948319447290857,0.9822503651517898,True,31.910923666911714
source_2,20210802_Batch_8,7,NVS-PAK1-1,raw,3.04,False,0.8352643007498975,0.2682635059677686,0.9548253752053811,True,25.713596227263032
source_2,20210802_Batch_8,7,quinidine,raw,3.04,False,0.4688509777210005,0.2686781114300504,0.5146579140954131,True,7.015205718583821
source_2,20210802_Batch_8,7,TC-S-7004,raw,3.04,False,0.779653620941226,0.22433118769063812,0.9466216871720224,True,46.65672446991617
source_2,20210802_Batch_8,7,aloxistatin,raw,3.04,False,0.3099036359231592,0.11111240920286698,0.4299203671777297,False,5.613827026492693
source_2,20210808_Batch_4,8,AMG900,raw,3.17,False,0.9059645541946704,0.12751939225356615,0.9768367703020202,True,55.008322167291844
source_2,20210808_Batch_4,8,dexamethasone,raw,3.17,False,0.43365433668445585,0.28713675293393165,0.44816721677534616,False,16.019352108814527
source_2,20210808_Batch_4,8,FK-866,raw,3.17,False,0.790156333477632,0.31721841663596023,0.8732575096703536,True,29.631405255698624
source_2,20210808_Batch_4,8,LY2109761,raw,3.17,False,0.9009120555946913,0.3294023339569908,0.9765707665587136,True,32.953851515782056
source_2,20210808_Batch_4,8,NVS-PAK1-1,raw,3.17,False,0.8298162517754883,0.2901397340381389,0.9648838411555082,True,25.851384928134603
source_2,20210808_Batch_4,8,quinidine,raw,3.17,False,0.5347609597721532,0.32319258822394775,0.6248457350113292,True,6.501456384611817
source_2,20210808_Batch_4,8,TC-S-7004,raw,3.17,False,0.7779446148904079,0.22758173128349674,0.9426202384497062,True,46.25149335007961
source_2,20210808_Batch_4,8,aloxistatin,raw,3.17,False,0.323479392986341,0.1684893596854286,0.42854386137780665,True,5.442566660768789
source_2,20210816_Batch_9,9,AMG900,raw,2.77,False,0.866224915449368,0.1180441338393053,0.9758219547722145,True,52.36117726053601
source_2,20210816_Batch_9,9,dexamethasone,raw,2.77,False,0.36651918682811413,0.2339468556890921,0.4245221137914546,False,18.387224266618553
source_2,20210816_Batch_9,9,FK-866,raw,2.77,False,0.7498714409827365,0.2561405861600715,0.8633517551071487,True,30.765401352274793
source_2,20210816_Batch_9,9,LY2109761,raw,2.77,False,0.8895073134985074,0.2963227783893627,0.9720981443567009,True,30.582809770726083
source_2,20210816_Batch_9,9,NVS-PAK1-1,raw,2.77,False,0.8299332407012061,0.2599772013162282,0.9480965269703032,True,22.312491997460786
source_2,20210816_Batch_9,9,quinidine,raw,2.77,False,0.5208361269888316,0.26231573652448525,0.639559119780267,True,6.035370457904278
source_2,20210816_Batch_9,9,TC-S-7004,raw,2.77,False,0.7090401265611179,0.18202362432485733,0.9092288027890905,True,43.36810080014661
source_2,20210816_Batch_9,9,aloxistatin,raw,2.77,False,0.20548117278428396,0.026911481982303788,0.5770676890944038,True,4.896571382297574
source_2,20210823_Batch_10,10,AMG900,raw,2.22,False,0.8689153924668436,0.11170374932891287,0.9775562523701045,True,53.813366114785865
source_2,20210823_Batch_10,10,dexamethasone,raw,2.22,False,0.2819600115792114,0.2195334101117777,0.3425879209064391,False,20.948607668977964
source_2,20210823_Batch_10,10,FK-866,raw,2.22,False,0.7894274310156983,0.2605016947052338,0.9027768219694456,True,29.397827893159388
source_2,20210823_Batch_10,10,LY2109761,raw,2.22,False,0.8951131978436674,0.2899643663357856,0.9790910590432316,True,29.78049329951721
source_2,20210823_Batch_10,10,NVS-PAK1-1,raw,2.22,False,0.8376997001614279,0.25024267247401366,0.9607982982006501,True,23.008613139723586
source_2,20210823_Batch_10,10,quinidine,raw,2.22,False,0.5458632615778455,0.29074869311656565,0.7067173619764677,True,5.25659938230348
source_2,20210823_Batch_10,10,TC-S-7004,raw,2.22,False,0.7111168030328755,0.18930163408631903,0.9296904542870594,True,45.04411708565938
source_2,20210823_Batch_10,10,aloxistatin,raw,2.22,False,0.30863086720914634,0.11874138991667978,0.7291106611292117,False,4.416725719520768
source_2,20210830_Batch_11,11,AMG900,raw,12.96,True,0.8364281683345702,0.12194037768418935,0.8058498058786336,True,56.20877667702673
source_2,20210830_Batch_11,11,dexamethasone,raw,12.96,True,0.5817885626452639,0.16727293122455675,0.5220481178137495,True,11.408738037211707
source_2,20210830_Batch_11,11,FK-866,raw,12.96,True,0.7244106374815883,0.17091013416744547,0.6532349867551451,True,30.867436974687468
source_2,20210830_Batch_11,11,LY2109761,raw,12.96,True,0.8277869749758181,0.24373779750509458,0.8156227959826736,True,33.489252158370554
source_2,20210830_Batch_11,11,NVS-PAK1-1,raw,12.96,True,0.7539070346201654,0.24377333110139723,0.7081058719488594,True,29.64000486268211
source_2,20210830_Batch_11,11,quinidine,raw,12.96,True,0.33627020026822585,0.1656478153055037,0.37431101096264446,True,5.954450434884545
source_2,20210830_Batch_11,11,TC-S-7004,raw,12.96,True,0.6714065822712434,0.1786617249368718,0.7274857696402123,True,53.47498994575756
source_2,20210830_Batch_11,11,aloxistatin,raw,12.96,True,0.04606151677809869,-0.11399284962133392,0.10883201792112428,False,7.199036341373577
source_2,20210920_Batch_12,12,AMG900,raw,9.11,True,0.8924139668295705,0.1301237124536701,0.859209447568527,True,61.671558708603456
source_2,20210920_Batch_12,12,dexamethasone,raw,9.11,True,0.5241976718832079,0.26508665947941884,0.46786100563442745,True,14.270576076022524
source_2,20210920_Batch_12,12,FK-866,raw,9.11,True,0.6770128072475339,0.2441233015501605,0.6152950514518318,True,31.15762682172028
source_2,20210920_Batch_12,12,LY2109761,raw,9.11,True,0.8706224164217153,0.3269747328767972,0.8471697128817965,True,35.152683420178754
source_2,20210920_Batch_12,12,NVS-PAK1-1,raw,9.11,True,0.844376813180468,0.29674016207396636,0.7653354846781706,True,28.158479462912393
source_2,20210920_Batch_12,12,quinidine,raw,9.11,True,0.37861574778517815,0.2906859321886757,0.4927880842218229,False,7.857076986958116
source_2,20210920_Batch_12,12,TC-S-7004,raw,9.11,True,0.7277482664692683,0.21483031859026233,0.750795940501523,True,58.98298661501121
source_2,20210920_Batch_12,12,aloxistatin,raw,9.11,True,0.25163266336350537,0.12628926247168712,0.18695418126797586,False,7.081644914144345
source_2,20211003_Batch_13,13,AMG900,raw,8.11,True,0.8870185243644672,0.11622485371933713,0.8708103643356576,True,56.343555586529284
source_2,20211003_Batch_13,13,dexamethasone,raw,8.11,True,0.7037680989072137,0.21187263206539253,0.6598441137566828,True,10.444904017485598
source_2,20211003_Batch_13,13,FK-866,raw,8.11,True,0.8057584379247399,0.23474201313968893,0.7658665355240557,True,30.65148280480855
source_2,20211003_Batch_13,13,LY2109761,raw,8.11,True,0.8864696294622947,0.29092159903211917,0.8870592189369781,True,31.43851210875003
source_2,20211003_Batch_13,13,NVS-PAK1-1,raw,8.11,True,0.865480616937325,0.262702597941787,0.76599901505646,True,28.516838102258824
source_2,20211003_Batch_13,13,quinidine,raw,8.11,True,0.39002379988934094,0.190111342203032,0.4781229324505924,True,5.689072765792454
source_2,20211003_Batch_13,13,TC-S-7004,raw,8.11,True,0.7090820352204776,0.19867306522030712,0.7847682943284622,True,51.42256439343457
source_2,20211003_Batch_13,13,aloxistatin,raw,8.11,True,0.17188974904348492,0.05751531017158356,0.2260660654847997,True,5.6631748024230255
source_2,20210607_Batch_2,1,AMG900,own,0.4,False,0.8601840529286434,-0.018675236886770853,,True,284.55330008262337
source_2,20210607_Batch_2,1,dexamethasone,own,0.4,False,0.8525217659777395,0.24704470609048945,,True,43.973954981551664
source_2,20210607_Batch_2,1,FK-866,own,0.4,False,0.7885075822284802,0.2121629391763542,,True,120.54606261580862
source_2,20210607_Batch_2,1,LY2109761,own,0.4,False,0.9117041365713019,0.29758249750710547,,True,144.29198043105612
source_2,20210607_Batch_2,1,NVS-PAK1-1,own,0.4,False,0.8363990834725534,0.23160439423523735,,True,108.22991736636128
source_2,20210607_Batch_2,1,quinidine,own,0.4,False,0.5839625218190558,0.31505142664001806,,True,22.24176524844893
source_2,20210607_Batch_2,1,TC-S-7004,own,0.4,False,0.721769080516322,0.13338732721554106,,True,183.50994222663994
source_2,20210607_Batch_2,1,aloxistatin,own,0.4,False,0.2405701475589791,0.15366657644702528,,False,19.323420459357486
source_2,20210614_Batch_1,2,AMG900,own,1.02,False,0.870562744799784,-0.00022021034674356486,0.9853056863150159,True,239.32321041413158
source_2,20210614_Batch_1,2,dexamethasone,own,1.02,False,0.7704982527709889,0.1882156209915387,0.9562326012593091,True,48.537193337097406
source_2,20210614_Batch_1,2,FK-866,own,1.02,False,0.7587288577121342,0.17805731071917782,0.9691999883724243,True,120.62669198309604
source_2,20210614_Batch_1,2,LY2109761,own,1.02,False,0.91124375955844,0.29993068694322916,0.9864837120498522,True,120.79187624243879
source_2,20210614_Batch_1,2,NVS-PAK1-1,own,1.02,False,0.8222239085551268,0.23329276473072436,0.988798678987571,True,94.0874834347693
source_2,20210614_Batch_1,2,quinidine,own,1.02,False,0.3926799251340913,0.18760964550703402,0.8962879652667692,False,21.91718805175937
source_2,20210614_Batch_1,2,TC-S-7004,own,1.02,False,0.7037686041508057,0.12452111073237478,0.9877747974371776,True,166.20070903050603
source_2,20210614_Batch_1,2,aloxistatin,own,1.02,False,0.15095195451785734,0.13364499536700253,0.8625071268384221,False,26.84424573352953
source_2,20210621_Batch_3,3,AMG900,own,6.5,False,0.8244125191421773,0.041613295876189386,0.8815790270381997,True,163.83773736781572
source_2,20210621_Batch_3,3,dexamethasone,own,6.5,False,0.8005857668957106,0.22404634794475325,0.9044230739067739,True,49.4102433815161
source_2,20210621_Batch_3,3,FK-866,own,6.5,False,0.7408488999853478,0.1883736381477966,0.8310550534761233,True,99.48463095514826
source_2,20210621_Batch_3,3,LY2109761,own,6.5,False,0.8579397111516784,0.2341760271070543,0.9360945894497328,True,115.8161878667109
source_2,20210621_Batch_3,3,NVS-PAK1-1,own,6.5,False,0.83064468802534,0.14341718434483255,0.9195407013164252,True,79.33245019897
source_2,20210621_Batch_3,3,quinidine,own,6.5,False,0.4512181453828285,0.22949898779535324,0.7321279655029307,False,21.562207098595778
source_2,20210621_Batch_3,3,TC-S-7004,own,6.5,False,0.6132328972555603,0.14221130368877405,0.8475694028537287,True,123.44611146978905
source_2,20210621_Batch_3,3,aloxistatin,own,6.5,False,0.2702503872330074,0.12500421451736046,0.7285153016307269,False,27.27284119831031
source_2,20210712_Batch_5,4,AMG900,own,1.73,False,0.8694810080759261,-9.267316808150453e-06,0.9711785936747898,True,239.28075691418337
source_2,20210712_Batch_5,4,dexamethasone,own,1.73,False,0.9216188875460276,0.23899087274871406,0.8513659117822345,True,40.145421938413456
source_2,20210712_Batch_5,4,FK-866,own,1.73,False,0.8352752202524145,0.20805424690364954,0.9423679352640715,True,91.1549373917342
source_2,20210712_Batch_5,4,LY2109761,own,1.73,False,0.907534725746886,0.2772297929404949,0.9768204298564942,True,116.34427955166093
source_2,20210712_Batch_5,4,NVS-PAK1-1,own,1.73,False,0.871554311170508,0.21728008847731825,0.9592162326157964,True,83.61413120538793
source_2,20210712_Batch_5,4,quinidine,own,1.73,False,0.7733728575283105,0.36069667347077167,0.5990687322650469,True,19.054375015050937
source_2,20210712_Batch_5,4,TC-S-7004,own,1.73,False,0.5979967815207046,0.3109280338761997,0.7870738147897186,True,44.84888333798398
source_2,20210712_Batch_5,4,aloxistatin,own,1.73,False,0.5448190132858882,0.18134450867431595,0.5052950405704528,True,18.09812731014813
source_2,20210719_Batch_6,5,AMG900,own,1.94,False,0.8764197871516569,0.020695475993961876,0.962770717321859,True,245.37649354920086
source_2,20210719_Batch_6,5,dexamethasone,own,1.94,False,0.924337676721801,0.29431295966530985,0.8971789781785091,True,49.18875553650376
source_2,20210719_Batch_6,5,FK-866,own,1.94,False,0.8249014181626103,0.18995606459494502,0.93998777288352,True,103.86014539285738
source_2,20210719_Batch_6,5,LY2109761,own,1.94,False,0.9168974119212757,0.28936270538959175,0.9804141397137542,True,126.22328398720914
source_2,20210719_Batch_6,5,NVS-PAK1-1,own,1.94,False,0.8746832266182061,0.1849033888818983,0.9334226817976448,True,100.46429190443583
source_2,20210719_Batch_6,5,quinidine,own,1.94,False,0.7884397092648672,0.35207764075421416,0.7012605110372478,True,17.607552046262626
source_2,20210719_Batch_6,5,TC-S-7004,own,1.94,False,0.7245605653162898,0.20873843800613387,0.9071212006433691,True,187.76358682794333
source_2,20210719_Batch_6,5,aloxistatin,own,1.94,False,0.5842060648042532,0.2491882604088813,0.5405836912717217,True,16.649911634789866
source_2,20210726_Batch_7,6,AMG900,own,3.28,False,0.9004080006086831,0.015527072165133493,0.9658186103660593,True,262.97321736520576
source_2,20210726_Batch_7,6,dexamethasone,own,3.28,False,0.9103657687527078,0.31059087635407706,0.8522846752965312,True,48.87430216993292
source_2,20210726_Batch_7,6,FK-866,own,3.28,False,0.7993569866219633,0.2134165105619093,0.9043079496879062,True,110.99453731520858
source_2,20210726_Batch_7,6,LY2109761,own,3.28,False,0.91161315507138,0.3120260417217775,0.9768504479889062,True,134.78449696694642
source_2,20210726_Batch_7,6,NVS-PAK1-1,own,3.28,False,0.8518348991890022,0.20512042155858648,0.938932125767858,True,106.64013099452426
source_2,20210726_Batch_7,6,quinidine,own,3.28,False,0.7454738589491647,0.3255417598430491,0.6200699173503315,True,22.833385770960348
source_2,20210726_Batch_7,6,TC-S-7004,own,3.28,False,0.7668420052458658,0.23940869309801677,0.8600678185193337,True,217.05682184957004
source_2,20210726_Batch_7,6,aloxistatin,own,3.28,False,0.4018747115641405,0.26284654744578284,0.27127309951568584,False,23.90134499377213
source_2,20210802_Batch_8,7,AMG900,own,3.04,False,0.9032763943589914,0.002315647737335183,0.9713020131028054,True,264.06959028402656
source_2,20210802_Batch_8,7,dexamethasone,own,3.04,False,0.7703526022908282,0.27276899399057547,0.815024235090452,True,41.462719950188095
source_2,20210802_Batch_8,7,FK-866,own,3.04,False,0.8152548569676857,0.18679423960279687,0.9133108461595352,True,111.57918457067444
source_2,20210802_Batch_8,7,LY2109761,own,3.04,False,0.9222208337164979,0.3002570005206083,0.9790906058551727,True,120.90483743919808
source_2,20210802_Batch_8,7,NVS-PAK1-1,own,3.04,False,0.8415761330469681,0.2293581028248012,0.9408403086981612,True,96.34998507899665
source_2,20210802_Batch_8,7,quinidine,own,3.04,False,0.5115273615584172,0.27460939642733984,0.6392468169648398,True,24.30203746242142
source_2,20210802_Batch_8,7,TC-S-7004,own,3.04,False,0.7720661569249125,0.16566902791308258,0.9504876929606484,True,188.00578211578363
source_2,20210802_Batch_8,7,aloxistatin,own,3.04,False,0.43313921622058715,0.18419038370727928,0.38669802408419446,True,17.78012535109691
source_2,20210808_Batch_4,8,AMG900,own,3.17,False,0.9099652247644605,0.004999526623657961,0.9721787224211135,True,273.1380319425129
source_2,20210808_Batch_4,8,dexamethasone,own,3.17,False,0.41131699390751547,0.2705573507363688,0.4412010264490598,False,61.92989498429469
source_2,20210808_Batch_4,8,FK-866,own,3.17,False,0.8210982026558111,0.2518133968164064,0.903794582112027,True,119.56520842121049
source_2,20210808_Batch_4,8,LY2109761,own,3.17,False,0.9153097031553242,0.30354515042126773,0.9751725102839937,True,142.69412596407324
source_2,20210808_Batch_4,8,NVS-PAK1-1,own,3.17,False,0.8430272684597284,0.23692064629681636,0.962077102228074,True,97.61744181928886
source_2,20210808_Batch_4,8,quinidine,own,3.17,False,0.6290379935657477,0.32736578065252736,0.7493391158294309,True,23.445520659857486
source_2,20210808_Batch_4,8,TC-S-7004,own,3.17,False,0.7601557548210988,0.14368789789498795,0.9454858977071544,True,200.4109044423197
source_2,20210808_Batch_4,8,aloxistatin,own,3.17,False,0.43787590366810686,0.2369567346129411,0.4273154657151368,True,17.597688366377394
source_2,20210816_Batch_9,9,AMG900,own,2.77,False,0.8747703312020365,0.004280884512850005,0.9683080319450011,True,251.29207742209184
source_2,20210816_Batch_9,9,dexamethasone,own,2.77,False,0.3572562651877694,0.21367320163361112,0.43273677395725924,False,69.59819250234739
source_2,20210816_Batch_9,9,FK-866,own,2.77,False,0.7942834806832066,0.18399932106128333,0.9177924060333116,True,121.24115824721093
source_2,20210816_Batch_9,9,LY2109761,own,2.77,False,0.9022325759001196,0.2729650268405089,0.9711194578393201,True,124.97789189083868
source_2,20210816_Batch_9,9,NVS-PAK1-1,own,2.77,False,0.8436664346477369,0.20138545342038502,0.933873128677808,True,82.44635311161247
source_2,20210816_Batch_9,9,quinidine,own,2.77,False,0.5302539759230934,0.24279228113891477,0.7120874934233751,False,22.203189758461114
source_2,20210816_Batch_9,9,TC-S-7004,own,2.77,False,0.6778716741997166,0.09124446933678168,0.9391315301483888,True,170.63262593153377
source_2,20210816_Batch_9,9,aloxistatin,own,2.77,False,0.2862545448665298,0.11154155687112961,0.5987129518903502,True,14.505611448360257
source_2,20210823_Batch_10,10,AMG900,own,2.22,False,0.8764121518321519,0.0011123412460442691,0.9800713127846464,True,241.43511469546868
source_2,20210823_Batch_10,10,dexamethasone,own,2.22,False,0.24941436625010943,0.20340534612446848,0.3374076971641598,False,70.91191616023434
source_2,20210823_Batch_10,10,FK-866,own,2.22,False,0.794673066581844,0.17601649663254207,0.9280273510804786,True,114.9001168429997
source_2,20210823_Batch_10,10,LY2109761,own,2.22,False,0.9075556622295928,0.2683877368609424,0.9789083895015402,True,113.49366067006005
source_2,20210823_Batch_10,10,NVS-PAK1-1,own,2.22,False,0.8547093363899814,0.19636744106237553,0.9441859385328744,True,82.06021653880049
source_2,20210823_Batch_10,10,quinidine,own,2.22,False,0.4834022847502243,0.22492552523546536,0.7409664446099677,False,19.388908947054304
source_2,20210823_Batch_10,10,TC-S-7004,own,2.22,False,0.6734787383346099,0.09049124024736843,0.9478143699322301,True,169.49070241323008
source_2,20210823_Batch_10,10,aloxistatin,own,2.22,False,0.3530413960869569,0.2005813546323246,0.7652363535048093,False,14.01944066528153
source_2,20210830_Batch_11,11,AMG900,own,12.96,True,0.8440175238848424,0.030938775024788392,0.7550556397893384,True,335.91760854302623
source_2,20210830_Batch_11,11,dexamethasone,own,12.96,True,0.6309905073044051,0.18791977939030252,0.6011315696393551,True,50.37849296787101
source_2,20210830_Batch_11,11,FK-866,own,12.96,True,0.7431356856359489,0.15491523577000468,0.6498664122385518,True,143.63121529990048
source_2,20210830_Batch_11,11,LY2109761,own,12.96,True,0.8575596810278924,0.2167014185877673,0.8660338947195375,True,145.08768417518354
source_2,20210830_Batch_11,11,NVS-PAK1-1,own,12.96,True,0.7817509728224392,0.202854887183667,0.8018002554424563,True,112.35022750679101
source_2,20210830_Batch_11,11,quinidine,own,12.96,True,0.3670778695816737,0.15352080560188516,0.49938181099080087,True,23.474773570678572
source_2,20210830_Batch_11,11,TC-S-7004,own,12.96,True,0.5828639361124488,0.10483856594130715,0.6803216034837658,True,278.22258893210335
source_2,20210830_Batch_11,11,aloxistatin,own,12.96,True,0.1312432578345165,-0.08991347402038126,0.13989907105525035,False,30.413092987643083
source_2,20210920_Batch_12,12,AMG900,own,9.11,True,0.9036961685485749,0.038798282881765504,0.8135831767970482,True,324.9435996957769
source_2,20210920_Batch_12,12,dexamethasone,own,9.11,True,0.5318425438386299,0.23786572081210441,0.5271788669675228,True,58.10393022724432
source_2,20210920_Batch_12,12,FK-866,own,9.11,True,0.7106066447355797,0.21508652114080867,0.6547094437646416,True,130.55443977692786
source_2,20210920_Batch_12,12,LY2109761,own,9.11,True,0.8719660570774477,0.2880687879746455,0.8586106589779081,True,141.85685982087747
source_2,20210920_Batch_12,12,NVS-PAK1-1,own,9.11,True,0.8528491639568619,0.25146288662803135,0.800909774487937,True,110.58526756764472
source_2,20210920_Batch_12,12,quinidine,own,9.11,True,0.4157787402681383,0.24521363223533,0.5565973535511997,True,32.4369893908113
source_2,20210920_Batch_12,12,TC-S-7004,own,9.11,True,0.7526169615914132,0.14784770458532123,0.7950429044021814,True,249.86302190232115
source_2,20210920_Batch_12,12,aloxistatin,own,9.11,True,0.2414313226782837,0.10619881623410975,0.21374702248024469,True,31.366189124867862
source_2,20211003_Batch_13,13,AMG900,own,8.11,True,0.8852045152792167,0.038574104299329635,0.8052617697049219,True,302.77134291651146
source_2,20211003_Batch_13,13,dexamethasone,own,8.11,True,0.7371914479153817,0.1929063551744687,0.7013350720361508,True,41.129246593733136
source_2,20211003_Batch_13,13,FK-866,own,8.11,True,0.8165854873117175,0.1989924437430334,0.7609576859417873,True,127.21569408311426
source_2,20211003_Batch_13,13,LY2109761,own,8.11,True,0.8710833967701026,0.26170283727752874,0.8858840090129425,True,122.79616633889921
source_2,20211003_Batch_13,13,NVS-PAK1-1,own,8.11,True,0.8703862853346734,0.22626579898987823,0.7939450078880141,True,111.355786605563
source_2,20211003_Batch_13,13,quinidine,own,8.11,True,0.34215679188067655,0.14665653798585315,0.47949965812860795,True,23.890319410614907
source_2,20211003_Batch_13,13,TC-S-7004,own,8.11,True,0.6987689973933735,0.14594134030802888,0.8042454852820575,True,213.60229944775867
source_2,20211003_Batch_13,13,aloxistatin,own,8.11,True,0.1974283581270204,0.054472766362849576,0.2173429360961014,False,26.641057027495062
source_2,20210607_Batch_2,1,AMG900,scaled,0.4,False,0.7746356944402162,0.0063015566627295004,,True,53.11665157340813
source_2,20210607_Batch_2,1,dexamethasone,scaled,0.4,False,0.7554845077923775,0.20626307340485503,,True,8.87111329204061
source_2,20210607_Batch_2,1,FK-866,scaled,0.4,False,0.6976204361305951,0.11503383513866935,,True,27.504183067987498
source_2,20210607_Batch_2,1,LY2109761,scaled,0.4,False,0.7905666297483749,0.20168957894619366,,True,28.392401726986325
source_2,20210607_Batch_2,1,NVS-PAK1-1,scaled,0.4,False,0.712703807577311,0.12324509501435488,,True,23.21726883789852
source_2,20210607_Batch_2,1,quinidine,scaled,0.4,False,0.5276633663941213,0.2041910844035609,,True,5.426550300145328
source_2,20210607_Batch_2,1,TC-S-7004,scaled,0.4,False,0.5321869505153648,0.08746521761122836,,True,36.59963193882465
source_2,20210607_Batch_2,1,aloxistatin,scaled,0.4,False,0.22693425582388854,0.08885399282453195,,True,4.883832481727351
source_2,20210614_Batch_1,2,AMG900,scaled,1.02,False,0.7551433890154163,0.01874911946089009,0.9770023037430471,True,44.37020061763557
source_2,20210614_Batch_1,2,dexamethasone,scaled,1.02,False,0.5851851174931015,0.1504938531117575,0.8748319057146257,True,9.59991364917182
source_2,20210614_Batch_1,2,FK-866,scaled,1.02,False,0.6415300068981521,0.10052509893758269,0.9587442952242202,True,26.20077851435946
source_2,20210614_Batch_1,2,LY2109761,scaled,1.02,False,0.7789951762907376,0.19165715281426704,0.9739532994372941,True,25.116512816941537
source_2,20210614_Batch_1,2,NVS-PAK1-1,scaled,1.02,False,0.6771722137296607,0.10972595428690987,0.9651461079663859,True,20.84322459395812
source_2,20210614_Batch_1,2,quinidine,scaled,1.02,False,0.25945069174441204,0.09667097612234334,0.7345590906226498,True,5.433846964422161
source_2,20210614_Batch_1,2,TC-S-7004,scaled,1.02,False,0.5008975974463374,0.07721515763699296,0.9776126626730437,True,31.82705292268908
source_2,20210614_Batch_1,2,aloxistatin,scaled,1.02,False,0.04101811120385332,0.048993734810109525,0.7843601773337527,False,7.858246147314111
source_2,20210621_Batch_3,3,AMG900,scaled,6.5,False,0.5957481732135215,0.06560590179191071,0.7552582987252402,True,32.095650954527656
source_2,20210621_Batch_3,3,dexamethasone,scaled,6.5,False,0.5240646203197117,0.1850453767649932,0.6937054809934463,True,9.906442979116925
source_2,20210621_Batch_3,3,FK-866,scaled,6.5,False,0.4955665979775728,0.12482845861244125,0.742940573589763,True,20.737050010084914
source_2,20210621_Batch_3,3,LY2109761,scaled,6.5,False,0.7216645107050288,0.14455954137035246,0.8798967571550875,True,22.791571280040102
source_2,20210621_Batch_3,3,NVS-PAK1-1,scaled,6.5,False,0.6250509591464275,0.06560031536319245,0.8280139926505969,True,17.486593973023883
source_2,20210621_Batch_3,3,quinidine,scaled,6.5,False,0.2358139267442294,0.1266054726677951,0.5194418144043971,False,5.470381936928403
source_2,20210621_Batch_3,3,TC-S-7004,scaled,6.5,False,0.4643664837566311,0.12180449619564969,0.7592520801090019,True,26.924510753333262
source_2,20210621_Batch_3,3,aloxistatin,scaled,6.5,False,0.19476532435150223,0.06200186523422555,0.631291232830939,False,6.37374309872638
source_2,20210712_Batch_5,4,AMG900,scaled,1.73,False,0.7710142602665851,0.019091009878558256,0.9482969384251652,True,44.0749489813803
source_2,20210712_Batch_5,4,dexamethasone,scaled,1.73,False,0.7879241812615073,0.17920256369701162,0.8340734929920999,True,8.744149207342694
source_2,20210712_Batch_5,4,FK-866,scaled,1.73,False,0.7450736208925244,0.11683044453880867,0.9064294120756548,True,21.986405456966555
source_2,20210712_Batch_5,4,LY2109761,scaled,1.73,False,0.7498182330183605,0.16348730396196107,0.9549706278084354,True,24.179671508701865
source_2,20210712_Batch_5,4,NVS-PAK1-1,scaled,1.73,False,0.7383235209571115,0.09511997106413439,0.9352549468863693,True,19.84562469249103
source_2,20210712_Batch_5,4,quinidine,scaled,1.73,False,0.5951035239645692,0.21551513071959677,0.5212131403352779,True,4.7902757568776
source_2,20210712_Batch_5,4,TC-S-7004,scaled,1.73,False,0.23222073236325552,0.19850237007638324,0.6652806039995951,False,10.070902078839659
source_2,20210712_Batch_5,4,aloxistatin,scaled,1.73,False,0.42629258685701354,0.11898201259220574,0.5888244819672533,True,5.100370880636655
source_2,20210719_Batch_6,5,AMG900,scaled,1.94,False,0.7504302860905105,0.03503228393082746,0.93717799691639,True,42.67217194068621
source_2,20210719_Batch_6,5,dexamethasone,scaled,1.94,False,0.7535898635671103,0.21965272153063328,0.8233974560602026,True,9.871547475295957
source_2,20210719_Batch_6,5,FK-866,scaled,1.94,False,0.7281023153541102,0.09002779278464515,0.8937604408436781,True,22.844257906068037
source_2,20210719_Batch_6,5,LY2109761,scaled,1.94,False,0.7939594836843755,0.18675744173564282,0.9608467383216848,True,24.545473368304616
source_2,20210719_Batch_6,5,NVS-PAK1-1,scaled,1.94,False,0.7364723276241458,0.08946786830824228,0.886642400739899,True,21.05454697546627
source_2,20210719_Batch_6,5,quinidine,scaled,1.94,False,0.5439470228691128,0.2063547715765696,0.6145448730109637,True,4.1778449382434415
source_2,20210719_Batch_6,5,TC-S-7004,scaled,1.94,False,0.5599180216530448,0.14790916643604107,0.7742564183457289,True,37.289658204386775
source_2,20210719_Batch_6,5,aloxistatin,scaled,1.94,False,0.36728750905540175,0.10569146619195305,0.5455182393887077,True,5.063778351580624
source_2,20210726_Batch_7,6,AMG900,scaled,3.28,False,0.7959445429089743,0.0365258409898876,0.926401581331493,True,46.4289679946084
source_2,20210726_Batch_7,6,dexamethasone,scaled,3.28,False,0.7891194836368228,0.22772863131012672,0.7871850486199315,True,10.314636936949293
source_2,20210726_Batch_7,6,FK-866,scaled,3.28,False,0.7331995463194749,0.10864223950503474,0.8516293757002587,True,24.88037057296954
source_2,20210726_Batch_7,6,LY2109761,scaled,3.28,False,0.7849376518147912,0.19477668910056442,0.9556191970277617,True,27.389782186331296
source_2,20210726_Batch_7,6,NVS-PAK1-1,scaled,3.28,False,0.7313481288023514,0.0877671632138433,0.9091739500320841,True,23.543580869988066
source_2,20210726_Batch_7,6,quinidine,scaled,3.28,False,0.5648569068780476,0.21603097911041882,0.5211754116030218,True,5.367193193046551
source_2,20210726_Batch_7,6,TC-S-7004,scaled,3.28,False,0.6155225773669257,0.16220697344637763,0.7564238246374388,True,42.9616410201924
source_2,20210726_Batch_7,6,aloxistatin,scaled,3.28,False,0.2986948419165372,0.14465941085349193,0.31595923980853186,True,6.769587739218849
source_2,20210802_Batch_8,7,AMG900,scaled,3.04,False,0.7932348654209553,0.03139021245118151,0.9294051809079923,True,46.140798533325885
source_2,20210802_Batch_8,7,dexamethasone,scaled,3.04,False,0.6997985274847829,0.226152709785774,0.7630621299824871,True,8.197849615283554
source_2,20210802_Batch_8,7,FK-866,scaled,3.04,False,0.732946637614356,0.09791923034789894,0.8612597403724299,True,24.731069128338703
source_2,20210802_Batch_8,7,LY2109761,scaled,3.04,False,0.7999120289335508,0.20308862379171386,0.9572361461511818,True,24.944084301236565
source_2,20210802_Batch_8,7,NVS-PAK1-1,scaled,3.04,False,0.7368550374156693,0.10481334052893192,0.8973376346111321,True,21.6976466680903
source_2,20210802_Batch_8,7,quinidine,scaled,3.04,False,0.4267267688938961,0.1702005949531651,0.4423799289163377,True,5.541071376780052
source_2,20210802_Batch_8,7,TC-S-7004,scaled,3.04,False,0.5936538785812897,0.10817355407944604,0.8622099726458557,True,37.73705019706782
source_2,20210802_Batch_8,7,aloxistatin,scaled,3.04,False,0.37293367015178963,0.0999631519781479,0.47190478367105687,True,5.59665422270312
source_2,20210808_Batch_4,8,AMG900,scaled,3.17,False,0.8124193181367854,0.05095249327220584,0.9241126237932287,True,48.164582603303856
source_2,20210808_Batch_4,8,dexamethasone,scaled,3.17,False,0.393861175772943,0.17157787886507112,0.4240424279366526,False,14.497449845289273
source_2,20210808_Batch_4,8,FK-866,scaled,3.17,False,0.7269816226187281,0.13966307863298325,0.8449187483599541,True,27.145398725582755
source_2,20210808_Batch_4,8,LY2109761,scaled,3.17,False,0.7958321128776794,0.21225335798675227,0.9497794896820548,True,28.3000425675645
source_2,20210808_Batch_4,8,NVS-PAK1-1,scaled,3.17,False,0.7571514342097423,0.12535275303129761,0.9116722725210207,True,22.278249583318544
source_2,20210808_Batch_4,8,quinidine,scaled,3.17,False,0.47789267514351236,0.2164779376326996,0.563347481418383,True,5.175187429038952
source_2,20210808_Batch_4,8,TC-S-7004,scaled,3.17,False,0.6119705756611895,0.10468781159050788,0.8483401070817741,True,38.653395881284126
source_2,20210808_Batch_4,8,aloxistatin,scaled,3.17,False,0.3646522189085562,0.11941893043125118,0.4826325574391444,True,5.646167096133506
source_2,20210816_Batch_9,9,AMG900,scaled,2.77,False,0.7627977937400454,0.020862054517405994,0.9472750294101704,True,43.24922089894267
source_2,20210816_Batch_9,9,dexamethasone,scaled,2.77,False,0.2864727829558362,0.11126807902725658,0.38050326415489916,False,15.816140685606166
source_2,20210816_Batch_9,9,FK-866,scaled,2.77,False,0.6796181482545038,0.09223272416308952,0.8528202204289922,True,25.56447821929874
source_2,20210816_Batch_9,9,LY2109761,scaled,2.77,False,0.791487209291355,0.17232494078860597,0.945124579900433,True,23.499099238511562
source_2,20210816_Batch_9,9,NVS-PAK1-1,scaled,2.77,False,0.756882047689009,0.1012372618157886,0.8931268200245919,True,18.080541500951952
source_2,20210816_Batch_9,9,quinidine,scaled,2.77,False,0.4494866281770076,0.13892366797682132,0.6211040967454494,True,4.55091275297039
source_2,20210816_Batch_9,9,TC-S-7004,scaled,2.77,False,0.4982277376683642,0.06782141312164405,0.8193074208441781,True,34.215165750281386
source_2,20210816_Batch_9,9,aloxistatin,scaled,2.77,False,0.24924289769774843,0.04466636448923826,0.5982633742653782,True,4.950475590401717
source_2,20210823_Batch_10,10,AMG900,scaled,2.22,False,0.7441515143408388,0.012473240279794436,0.9545557952548631,True,44.96085270902643
source_2,20210823_Batch_10,10,dexamethasone,scaled,2.22,False,0.22602649224080307,0.09560996397476886,0.3188506374120618,False,18.45127869888903
source_2,20210823_Batch_10,10,FK-866,scaled,2.22,False,0.6894245402157553,0.08936656570404108,0.8804245045884775,True,23.970089979288343
source_2,20210823_Batch_10,10,LY2109761,scaled,2.22,False,0.8038817871733026,0.16694281337662245,0.9560506648237723,True,23.199447817145465
source_2,20210823_Batch_10,10,NVS-PAK1-1,scaled,2.22,False,0.7325126209114385,0.08304688749435009,0.9065571482828765,True,18.11284750355891
source_2,20210823_Batch_10,10,quinidine,scaled,2.22,False,0.48146348280664386,0.13138115570945486,0.6405544642204097,True,4.138526547985831
source_2,20210823_Batch_10,10,TC-S-7004,scaled,2.22,False,0.45775501105089134,0.06955326407738366,0.8370272894506425,True,33.631321621384515
source_2,20210823_Batch_10,10,aloxistatin,scaled,2.22,False,0.2924604473909336,0.06956378497671721,0.7274682701279548,True,4.710494823862407
source_2,20210830_Batch_11,11,AMG900,scaled,12.96,True,0.7475683182410345,0.023795078597665182,0.7241562932346645,True,57.23074138197372
source_2,20210830_Batch_11,11,dexamethasone,scaled,12.96,True,0.4898745211033694,0.12102775258100094,0.49588740049579055,True,11.749094509761589
source_2,20210830_Batch_11,11,FK-866,scaled,12.96,True,0.6358606412243941,0.06929292289638422,0.640478174979666,True,28.619986169017515
source_2,20210830_Batch_11,11,LY2109761,scaled,12.96,True,0.6172507332337045,0.13028704504826827,0.625635623769261,True,29.972601283118433
source_2,20210830_Batch_11,11,NVS-PAK1-1,scaled,12.96,True,0.530721922806427,0.07992372510431701,0.4551431360844582,True,26.741669084940494
source_2,20210830_Batch_11,11,quinidine,scaled,12.96,True,0.26984439736860244,0.07486820589562226,0.24567455222147633,True,6.2557157395579095
source_2,20210830_Batch_11,11,TC-S-7004,scaled,12.96,True,0.5679580434801137,0.047857864996738726,0.5626964323695345,True,42.50553225162388
source_2,20210830_Batch_11,11,aloxistatin,scaled,12.96,True,0.11521109119744767,-0.056936649740209476,0.0983246236481143,True,7.935480316092364
source_2,20210920_Batch_12,12,AMG900,scaled,9.11,True,0.7570321780712836,0.008783075996613258,0.7494006250215358,True,58.54604530718365
source_2,20210920_Batch_12,12,dexamethasone,scaled,9.11,True,0.4802486444709717,0.13662118094415696,0.47812685709679253,True,14.013402210440056
source_2,20210920_Batch_12,12,FK-866,scaled,9.11,True,0.618994179724482,0.07349291905056578,0.6908967523320715,True,29.943958334789517
source_2,20210920_Batch_12,12,LY2109761,scaled,9.11,True,0.643417801393485,0.1394713304080303,0.6287978364569928,True,32.429423860132765
source_2,20210920_Batch_12,12,NVS-PAK1-1,scaled,9.11,True,0.5603337517895899,0.06636932210260625,0.5431613606010538,True,23.65990406386744
source_2,20210920_Batch_12,12,quinidine,scaled,9.11,True,0.22172665365818933,0.11309095777543655,0.3060922190949188,False,7.027453164582504
source_2,20210920_Batch_12,12,TC-S-7004,scaled,9.11,True,0.5585473277176578,0.06280308397009861,0.5802335543185784,True,46.24639739129301
source_2,20210920_Batch_12,12,aloxistatin,scaled,9.11,True,0.12234314132385445,0.006565765940791025,0.13532730914290092,True,7.957712058877075
source_2,20211003_Batch_13,13,AMG900,scaled,8.11,True,0.7520044426246375,0.01738630609016098,0.7712244120034593,True,55.60928361820418
source_2,20211003_Batch_13,13,dexamethasone,scaled,8.11,True,0.6085971602993481,0.11658638633571838,0.6192301104775091,True,9.947780267477707
source_2,20211003_Batch_13,13,FK-866,scaled,8.11,True,0.6963209594680035,0.0724430596389274,0.7630329370049435,True,28.32435509740359
source_2,20211003_Batch_13,13,LY2109761,scaled,8.11,True,0.6802627342129095,0.13377240680886898,0.7095373282477431,True,27.790664011700017
source_2,20211003_Batch_13,13,NVS-PAK1-1,scaled,8.11,True,0.6225593156897649,0.05469966590143553,0.5886406739598187,True,23.20430837906894
source_2,20211003_Batch_13,13,quinidine,scaled,8.11,True,0.32178189637074833,0.07533798182411057,0.2946045641349596,True,5.544121004382611
source_2,20211003_Batch_13,13,TC-S-7004,scaled,8.11,True,0.5665525404005248,0.05656818739234026,0.6418428295048398,True,40.426190154497874
source_2,20211003_Batch_13,13,aloxistatin,scaled,8.11,True,0.15333498532886272,-0.004873026981969725,0.20474416096770254,True,5.95918090329096
source_2,20210607_Batch_2,1,AMG900,field,0.4,False,0.9192944602965687,0.06238422565651854,,True,67.75311462051391
source_2,20210607_Batch_2,1,dexamethasone,field,0.4,False,0.8604081771513687,0.29678757886514057,,True,10.333279129171215
source_2,20210607_Batch_2,1,FK-866,field,0.4,False,0.8541095435207362,0.31333536362792247,,True,26.48323405268844
source_2,20210607_Batch_2,1,LY2109761,field,0.4,False,0.9245887550898398,0.3036324874146068,,True,37.20701094317472
source_2,20210607_Batch_2,1,NVS-PAK1-1,field,0.4,False,0.8655428789928796,0.25867144153066796,,True,30.99351349811545
source_2,20210607_Batch_2,1,quinidine,field,0.4,False,0.6674148948677905,0.3841772087129987,,True,5.898745624979916
source_2,20210607_Batch_2,1,TC-S-7004,field,0.4,False,0.8037128680361729,0.20563315938701973,,True,48.472184203990956
source_2,20210607_Batch_2,1,aloxistatin,field,0.4,False,0.34215072662998414,0.15968139277977528,,False,4.283319878577747
source_2,20210614_Batch_1,2,AMG900,field,1.02,False,0.9176241621572272,0.08150139493669509,0.9888353062568134,True,64.86402254864247
source_2,20210614_Batch_1,2,dexamethasone,field,1.02,False,0.7988693658025555,0.24530761037797102,0.9519742563880866,True,12.00869169497896
source_2,20210614_Batch_1,2,FK-866,field,1.02,False,0.8272382571021909,0.28127712285976825,0.9646724327264258,True,32.24869092351913
source_2,20210614_Batch_1,2,LY2109761,field,1.02,False,0.9172521339737869,0.3117632009734241,0.9891500150574076,True,34.493160681192556
source_2,20210614_Batch_1,2,NVS-PAK1-1,field,1.02,False,0.849613495861864,0.24096708090283883,0.9886793307137599,True,29.160164714082516
source_2,20210614_Batch_1,2,quinidine,field,1.02,False,0.5283052010070407,0.2652095180690388,0.866204333891759,True,4.897368435087386
source_2,20210614_Batch_1,2,TC-S-7004,field,1.02,False,0.7960560178302787,0.1945326990306381,0.9905256104454375,True,45.36226041512539
source_2,20210614_Batch_1,2,aloxistatin,field,1.02,False,0.2595335939514789,0.11971239933684696,0.8396478045233371,False,5.778009472291443
source_2,20210621_Batch_3,3,AMG900,field,6.5,False,0.8741592655199499,0.09521357332432731,0.9173177441009855,True,49.40172627773998
source_2,20210621_Batch_3,3,dexamethasone,field,6.5,False,0.7756313753099539,0.2812869785293133,0.8517354448975021,True,13.570365800240939
source_2,20210621_Batch_3,3,FK-866,field,6.5,False,0.7426618437737948,0.26740354067922195,0.7834035360379112,True,27.736317786383655
source_2,20210621_Batch_3,3,LY2109761,field,6.5,False,0.8912372884156509,0.2274886841675508,0.9406245457231919,True,30.66346242535372
source_2,20210621_Batch_3,3,NVS-PAK1-1,field,6.5,False,0.8312452838726341,0.14316894425838095,0.8821007506464076,True,25.7243387547922
source_2,20210621_Batch_3,3,quinidine,field,6.5,False,0.5020115958142581,0.2921998045049183,0.7017606798469656,True,5.63763460746747
source_2,20210621_Batch_3,3,TC-S-7004,field,6.5,False,0.6602368960576932,0.22937447653461573,0.8172913873648913,True,38.142835067358355
source_2,20210621_Batch_3,3,aloxistatin,field,6.5,False,0.31123227043499785,0.09535005208682068,0.7312929351509232,False,6.370906149104441
source_2,20210712_Batch_5,4,AMG900,field,1.73,False,0.9114311490444047,0.08565579171018507,0.9873646851416282,True,64.3421947380658
source_2,20210712_Batch_5,4,dexamethasone,field,1.73,False,0.9077298618400352,0.22967955157224312,0.8956547372848365,True,11.528867810324641
source_2,20210712_Batch_5,4,FK-866,field,1.73,False,0.8566211544609239,0.25074695139928094,0.9365889988315891,True,29.563076160554722
source_2,20210712_Batch_5,4,LY2109761,field,1.73,False,0.9195987400966994,0.2668759736736053,0.9782533258013111,True,35.69421651781619
source_2,20210712_Batch_5,4,NVS-PAK1-1,field,1.73,False,0.8932620231679056,0.24643828661968864,0.9813996023184037,True,30.690113675096548
source_2,20210712_Batch_5,4,quinidine,field,1.73,False,0.730226325493926,0.35915942246436217,0.7237001389244031,True,5.676544925012611
source_2,20210712_Batch_5,4,TC-S-7004,field,1.73,False,0.6766591812126409,0.33409233521731585,0.843296078570702,True,15.765435470031129
source_2,20210712_Batch_5,4,aloxistatin,field,1.73,False,0.4484394563190617,0.14159089016981893,0.6084614757540132,True,5.196043763138376
source_2,20210719_Batch_6,5,AMG900,field,1.94,False,0.9084369599338408,0.11737212958983512,0.97829316914671,True,60.61921863033136
source_2,20210719_Batch_6,5,dexamethasone,field,1.94,False,0.9055571972122237,0.3226767396798311,0.9103754771072878,True,13.352286167162045
source_2,20210719_Batch_6,5,FK-866,field,1.94,False,0.8379753214295285,0.25389821033409926,0.921214970134828,True,29.696772157501115
source_2,20210719_Batch_6,5,LY2109761,field,1.94,False,0.9266765776443785,0.2942199631947263,0.9805305704152543,True,35.6978914531142
source_2,20210719_Batch_6,5,NVS-PAK1-1,field,1.94,False,0.8897903035035917,0.2108956599843737,0.9551536217914642,True,31.130518550915316
source_2,20210719_Batch_6,5,quinidine,field,1.94,False,0.7479852770679224,0.36838335954301876,0.775719082242057,True,4.7237266681076795
source_2,20210719_Batch_6,5,TC-S-7004,field,1.94,False,0.7649308294098811,0.2777979116570927,0.8978090379678286,True,54.22527624613138
source_2,20210719_Batch_6,5,aloxistatin,field,1.94,False,0.4635511595184796,0.20246154812302225,0.6521932625007351,True,4.54386660483722
source_2,20210726_Batch_7,6,AMG900,field,3.28,False,0.9286143678815187,0.11015651687980979,0.9732693093204468,True,64.52090194003262
source_2,20210726_Batch_7,6,dexamethasone,field,3.28,False,0.9236999163580369,0.32188316251804705,0.8895762972079964,True,12.697541881659717
source_2,20210726_Batch_7,6,FK-866,field,3.28,False,0.8421756746896989,0.29496853100226655,0.9007368478930844,True,29.32078309967139
source_2,20210726_Batch_7,6,LY2109761,field,3.28,False,0.9260939491456168,0.31109003175294775,0.9824649868909593,True,36.05654747757085
source_2,20210726_Batch_7,6,NVS-PAK1-1,field,3.28,False,0.8783062549307499,0.2249215829806332,0.9587125309305111,True,32.12132650192878
source_2,20210726_Batch_7,6,quinidine,field,3.28,False,0.7664958078345633,0.3476164492197475,0.728068766146946,True,5.8050646853214225
source_2,20210726_Batch_7,6,TC-S-7004,field,3.28,False,0.796517369880054,0.2920613142483826,0.8814091641373052,True,58.84687243842693
source_2,20210726_Batch_7,6,aloxistatin,field,3.28,False,0.34777977021895934,0.2415792878893604,0.3840076819509594,False,5.251585569816606
source_2,20210802_Batch_8,7,AMG900,field,3.04,False,0.9352013355609003,0.07620680174805973,0.9817467119235481,True,68.04250820404002
source_2,20210802_Batch_8,7,dexamethasone,field,3.04,False,0.7986823417163771,0.33021540691315815,0.8564590194935727,True,11.18556330723694
source_2,20210802_Batch_8,7,FK-866,field,3.04,False,0.8422909397835999,0.26997154574855603,0.902788374872961,True,31.521521206453254
source_2,20210802_Batch_8,7,LY2109761,field,3.04,False,0.9391453790065445,0.31089132195484126,0.9862450430190541,True,35.79998616906948
source_2,20210802_Batch_8,7,NVS-PAK1-1,field,3.04,False,0.8652257293862656,0.24641917733647367,0.964453929902784,True,29.758956105899095
source_2,20210802_Batch_8,7,quinidine,field,3.04,False,0.5845042871286209,0.3295251934013836,0.7257580319575123,True,5.866285517849793
source_2,20210802_Batch_8,7,TC-S-7004,field,3.04,False,0.8116303216154834,0.20962802512436302,0.9553805224581395,True,55.23814490836973
source_2,20210802_Batch_8,7,aloxistatin,field,3.04,False,0.34994680939662154,0.1336852154123294,0.554602142069316,False,4.6919599127170075
source_2,20210808_Batch_4,8,AMG900,field,3.17,False,0.9395050333225552,0.08985155040028772,0.9803420337783328,True,68.80419988276364
source_2,20210808_Batch_4,8,dexamethasone,field,3.17,False,0.42188705447273217,0.27669464623466095,0.44729859363334995,False,17.947248187751395
source_2,20210808_Batch_4,8,FK-866,field,3.17,False,0.8392800819501889,0.31415492547361124,0.906151461322864,True,32.97032179740455
source_2,20210808_Batch_4,8,LY2109761,field,3.17,False,0.9277266377609156,0.31239417031990363,0.9836045899145118,True,38.07896834603225
source_2,20210808_Batch_4,8,NVS-PAK1-1,field,3.17,False,0.8567620652066832,0.25533530188208353,0.9769436833504502,True,28.94647124514358
source_2,20210808_Batch_4,8,quinidine,field,3.17,False,0.6389638904588884,0.3594570789388989,0.8084016442045845,True,5.794931084284744
source_2,20210808_Batch_4,8,TC-S-7004,field,3.17,False,0.8106527979695054,0.19512822898858495,0.9527903532452806,True,53.48976454682827
source_2,20210808_Batch_4,8,aloxistatin,field,3.17,False,0.37317921242507807,0.2010605020057327,0.5278109424030739,True,4.514535523074228
source_2,20210816_Batch_9,9,AMG900,field,2.77,False,0.9093758149702823,0.09520405751291384,0.980307732665347,True,64.96190634173165
source_2,20210816_Batch_9,9,dexamethasone,field,2.77,False,0.3995440173408804,0.25778725831203386,0.4520328400769642,False,20.689921532987626
source_2,20210816_Batch_9,9,FK-866,field,2.77,False,0.8199386298690874,0.261834771738371,0.902220752682455,True,34.753565379497324
source_2,20210816_Batch_9,9,LY2109761,field,2.77,False,0.9148507698720467,0.28622929852598267,0.9716793499225973,True,35.425070477213026
source_2,20210816_Batch_9,9,NVS-PAK1-1,field,2.77,False,0.8582817983104803,0.2305539943982981,0.9554504263494041,True,25.312323170069202
source_2,20210816_Batch_9,9,quinidine,field,2.77,False,0.6035448541667814,0.2905796305913529,0.6978522210920765,True,5.927137776293627
source_2,20210816_Batch_9,9,TC-S-7004,field,2.77,False,0.7520079395223684,0.16783833370902798,0.9301205924946804,True,48.11703776370492
source_2,20210816_Batch_9,9,aloxistatin,field,2.77,False,0.31983214322231646,0.06698259885788431,0.6464906872124434,True,4.0989899450192935
source_2,20210823_Batch_10,10,AMG900,field,2.22,False,0.9153141458645264,0.09330987355798749,0.98588451643919,True,64.93411310868977
source_2,20210823_Batch_10,10,dexamethasone,field,2.22,False,0.31798068405638324,0.23967018929743827,0.3640141937334199,False,22.640518830802034
source_2,20210823_Batch_10,10,FK-866,field,2.22,False,0.8379600356229818,0.26470113729774714,0.9127848866624728,True,34.45898811820043
source_2,20210823_Batch_10,10,LY2109761,field,2.22,False,0.9238488675384906,0.28384749571657225,0.978079257700768,True,34.218078470675344
source_2,20210823_Batch_10,10,NVS-PAK1-1,field,2.22,False,0.8686213071409657,0.222229907709154,0.9628424084436111,True,26.178324021050603
source_2,20210823_Batch_10,10,quinidine,field,2.22,False,0.5817288514549517,0.3010817313500059,0.751053391147463,True,5.3054372267759575
source_2,20210823_Batch_10,10,TC-S-7004,field,2.22,False,0.7658492444155767,0.1777055932126446,0.9498160697298812,True,49.531367435925986
source_2,20210823_Batch_10,10,aloxistatin,field,2.22,False,0.3515699696253629,0.16431055102444878,0.7903723085906508,False,3.9029884272324797
source_2,20210830_Batch_11,11,AMG900,field,12.96,True,0.8757251055466367,0.08273346173932183,0.8509065387533148,True,71.37136070496975
source_2,20210830_Batch_11,11,dexamethasone,field,12.96,True,0.6048363668712932,0.17724581350508622,0.5780383862594849,True,12.904912580344435
source_2,20210830_Batch_11,11,FK-866,field,12.96,True,0.7601623667812476,0.18988038587682388,0.6668833767521756,True,37.52546726473129
source_2,20210830_Batch_11,11,LY2109761,field,12.96,True,0.8624751131043327,0.20310524895486787,0.8750692653464319,True,37.257134713967034
source_2,20210830_Batch_11,11,NVS-PAK1-1,field,12.96,True,0.8061995154526036,0.21433497171438934,0.8281909799593445,True,31.00359456114709
source_2,20210830_Batch_11,11,quinidine,field,12.96,True,0.3591610613963584,0.17624601473422302,0.5120183112600009,True,6.094047589533799
source_2,20210830_Batch_11,11,TC-S-7004,field,12.96,True,0.6958839806196409,0.15410223522504157,0.7585829085020215,True,66.26799012241156
source_2,20210830_Batch_11,11,aloxistatin,field,12.96,True,0.050163764835138305,-0.1055378087216794,0.1558316169865851,False,6.572427328669634
source_2,20210920_Batch_12,12,AMG900,field,9.11,True,0.9176480776390674,0.11155884535857288,0.8846364148176835,True,80.05504796642947
source_2,20210920_Batch_12,12,dexamethasone,field,9.11,True,0.5328711134612949,0.26500966286422745,0.5012215366866879,True,17.40194870641745
source_2,20210920_Batch_12,12,FK-866,field,9.11,True,0.7006664432712422,0.2658778454591623,0.6334429811794149,True,38.282567269899616
source_2,20210920_Batch_12,12,LY2109761,field,9.11,True,0.9034535223466177,0.317632690729332,0.8858310427746074,True,38.96012589232206
source_2,20210920_Batch_12,12,NVS-PAK1-1,field,9.11,True,0.8546472833776255,0.2677105718082588,0.8036964546390264,True,33.15531338041563
source_2,20210920_Batch_12,12,quinidine,field,9.11,True,0.394215088267468,0.28491300401096925,0.5780998184149468,False,9.171437774656871
source_2,20210920_Batch_12,12,TC-S-7004,field,9.11,True,0.7521250864189128,0.19138245292964234,0.7784875053906997,True,71.58490851555189
source_2,20210920_Batch_12,12,aloxistatin,field,9.11,True,0.24367466683623595,0.1274330448297941,0.26977967609796866,False,8.028228016170145
source_2,20211003_Batch_13,13,AMG900,field,8.11,True,0.9122614965776507,0.09433679999135199,0.8936522190898635,True,72.14201120009486
source_2,20211003_Batch_13,13,dexamethasone,field,8.11,True,0.7373662039269226,0.21556527518456273,0.6964561028450676,True,12.405611222040314
source_2,20211003_Batch_13,13,FK-866,field,8.11,True,0.8366508063050052,0.24696565480846258,0.7817927989420221,True,37.09371068285413
source_2,20211003_Batch_13,13,LY2109761,field,8.11,True,0.9195843991857942,0.26776829093366145,0.924634111536219,True,35.14877688827282
source_2,20211003_Batch_13,13,NVS-PAK1-1,field,8.11,True,0.8815723618468103,0.22613071043838345,0.7965908058428641,True,32.542230003096705
source_2,20211003_Batch_13,13,quinidine,field,8.11,True,0.39715999131012514,0.19379428285848718,0.5602224111189228,True,6.079221134834136
source_2,20211003_Batch_13,13,TC-S-7004,field,8.11,True,0.7392204558300104,0.16365250914775661,0.8118398868583123,True,61.845989567403386
source_2,20211003_Batch_13,13,aloxistatin,field,8.11,True,0.15665324676619485,0.06919619659842584,0.312740112332123,False,6.184090447498043
source_3,CP59,12,AMG900,raw,1.38,False,0.9142717586246802,0.14764437021078394,0.9821350720674213,True,57.47578585565473
source_3,CP59,12,dexamethasone,raw,1.38,False,0.7983235808675428,0.16970507330679083,0.9313756581397339,True,7.128674642969306
source_3,CP59,12,FK-866,raw,1.38,False,0.8091669123267534,0.17278156442757645,0.9664325196381588,True,27.53772564212803
source_3,CP59,12,LY2109761,raw,1.38,False,0.8157710469369066,0.1307047293142459,0.9677063307413528,True,22.644375812119417
source_3,CP59,12,NVS-PAK1-1,raw,1.38,False,0.8054415779939625,0.1755725680619482,0.941688141561732,True,25.53664798163371
source_3,CP59,12,quinidine,raw,1.38,False,0.38419539036028305,0.2304524820191136,0.7101812709408905,False,4.245595664160391
source_3,CP59,12,TC-S-7004,raw,1.38,False,0.840808626580619,0.2437921676105664,0.9350689557984871,True,33.91704069366008
source_3,CP59,12,aloxistatin,raw,1.38,False,0.14102952916038253,0.015311567621789717,0.5338203643465771,False,2.4352382716319587
source_3,CP60,13,AMG900,raw,1.27,False,0.9181279882975215,0.1617528585333459,0.9828925993957559,True,56.63013739924852
source_3,CP60,13,dexamethasone,raw,1.27,False,0.8160653426783747,0.1581608989274989,0.9186935245422303,True,6.829802526650316
source_3,CP60,13,FK-866,raw,1.27,False,0.8635879260064099,0.26277258327553826,0.9664632762840273,True,29.583035688136597
source_3,CP60,13,LY2109761,raw,1.27,False,0.8516329439975101,0.16156390615628272,0.9730709159894071,True,22.624445517067016
source_3,CP60,13,NVS-PAK1-1,raw,1.27,False,0.8067513896159609,0.1859699244336219,0.9397512622698398,True,26.20516347330748
source_3,CP60,13,quinidine,raw,1.27,False,0.42238423590300733,0.15827128209272814,0.8088652996783308,True,4.0557530639736985
source_3,CP60,13,TC-S-7004,raw,1.27,False,0.7853507250656625,0.28220890315216557,0.8869617144469162,True,24.80582034223168
source_3,CP60,13,aloxistatin,raw,1.27,False,0.014929941782651474,-0.03793420079951894,0.5780055158497498,False,3.329383165652563
source_3,CP_25_all_Phenix1,1,AMG900,raw,0.63,False,0.9372114665787021,0.1417128536046198,,True,54.36769321782749
source_3,CP_25_all_Phenix1,1,dexamethasone,raw,0.63,False,0.8096649696864757,0.19902215715536556,,True,7.6140166094753114
source_3,CP_25_all_Phenix1,1,FK-866,raw,0.63,False,0.8240593136914582,0.183189472728945,,True,29.158521347712544
source_3,CP_25_all_Phenix1,1,LY2109761,raw,0.63,False,0.8405260972656172,0.14764830227547376,,True,22.417276454841055
source_3,CP_25_all_Phenix1,1,NVS-PAK1-1,raw,0.63,False,0.8522247756503476,0.179556373704169,,True,23.80073334087505
source_3,CP_25_all_Phenix1,1,quinidine,raw,0.63,False,0.5290236235059038,0.15413076273508858,,True,4.515875817455323
source_3,CP_25_all_Phenix1,1,TC-S-7004,raw,0.63,False,0.8791983213327302,0.240093572800344,,True,52.33418395470978
source_3,CP_25_all_Phenix1,1,aloxistatin,raw,0.63,False,0.44696130865751793,0.1362262539253743,,True,3.373481088229981
source_3,CP_26_all_Phenix1,2,AMG900,raw,2.13,False,0.9139212805657078,0.13595330068322767,0.9701773213242146,True,46.459100391185224
source_3,CP_26_all_Phenix1,2,dexamethasone,raw,2.13,False,0.8755918369405183,0.18967176466182814,0.9273720957394356,True,7.806732289681181
source_3,CP_26_all_Phenix1,2,FK-866,raw,2.13,False,0.862456912994007,0.22327810815754598,0.9593986250825005,True,28.724427707493973
source_3,CP_26_all_Phenix1,2,LY2109761,raw,2.13,False,0.8167510306285086,0.14744836868828567,0.9558741183322288,True,20.913412053538245
source_3,CP_26_all_Phenix1,2,NVS-PAK1-1,raw,2.13,False,0.7755075911668343,0.1942407682443991,0.8766071799676275,True,20.46167199072328
source_3,CP_26_all_Phenix1,2,quinidine,raw,2.13,False,0.6065832939884629,0.28563584684940796,0.7192485984735643,True,4.026178914021608
source_3,CP_26_all_Phenix1,2,TC-S-7004,raw,2.13,False,0.849053430047491,0.1635437854007318,0.9248231203090045,True,60.74346801923938
source_3,CP_26_all_Phenix1,2,aloxistatin,raw,2.13,False,0.6592787896252452,0.300620645579956,0.6708705691935529,True,3.746654180112205
source_3,CP_27_all_Phenix1,3,AMG900,raw,1.87,False,0.9015604222887391,0.14974786161855477,0.9683969004094832,True,53.85317094941302
source_3,CP_27_all_Phenix1,3,dexamethasone,raw,1.87,False,0.8681507187576453,0.17973367531257659,0.9355119489523659,True,7.932453460920743
source_3,CP_27_all_Phenix1,3,FK-866,raw,1.87,False,0.8485625312448064,0.21448559311646465,0.9545338653224135,True,30.308710758962746
source_3,CP_27_all_Phenix1,3,LY2109761,raw,1.87,False,0.8407768595646072,0.1657236688395984,0.9552868886935924,True,22.617729983190735
source_3,CP_27_all_Phenix1,3,NVS-PAK1-1,raw,1.87,False,0.7814531305157025,0.2027464577908377,0.8799539526995793,True,26.571469913687086
source_3,CP_27_all_Phenix1,3,quinidine,raw,1.87,False,0.5340327123049738,0.20706413031532098,0.6255477813402409,False,3.618427013422669
source_3,CP_27_all_Phenix1,3,TC-S-7004,raw,1.87,False,0.8512930221095132,0.1641838170993771,0.9376794381021418,True,69.61637605779477
source_3,CP_27_all_Phenix1,3,aloxistatin,raw,1.87,False,0.5447037376211129,0.16494661964727422,0.7160258993688473,False,3.531477715111063
source_3,CP_28_all_Phenix1,4,AMG900,raw,2.06,False,0.9267787641918709,0.14185606611727591,0.9835413392949853,True,54.165950160846826
source_3,CP_28_all_Phenix1,4,dexamethasone,raw,2.06,False,0.8921715895283293,0.2012965812491046,0.9480455528839278,True,8.522903611239498
source_3,CP_28_all_Phenix1,4,FK-866,raw,2.06,False,0.8623886737655366,0.2072646038737611,0.9708206364119714,True,26.569350546502026
source_3,CP_28_all_Phenix1,4,LY2109761,raw,2.06,False,0.8722165956247827,0.19210966942657745,0.9707739894965034,True,22.586437509238838
source_3,CP_28_all_Phenix1,4,NVS-PAK1-1,raw,2.06,False,0.8230449446835606,0.22328940405097475,0.9315831776176314,True,21.016629207589165
source_3,CP_28_all_Phenix1,4,quinidine,raw,2.06,False,0.611521885482601,0.20494867330022037,0.6939196458894954,False,3.723001495047133
source_3,CP_28_all_Phenix1,4,TC-S-7004,raw,2.06,False,0.8856425869374264,0.19494030089755135,0.9442815214983635,True,61.297991484247056
source_3,CP_28_all_Phenix1,4,aloxistatin,raw,2.06,False,0.4917889661451765,0.11652515982798492,0.6245136784576928,False,3.7467302757789716
source_3,CP_29_all_Phenix1,5,AMG900,raw,1.5,False,0.9189136060225193,0.13329224924015814,0.9820879161345515,True,51.09852540695114
source_3,CP_29_all_Phenix1,5,dexamethasone,raw,1.5,False,0.8568810978541808,0.17623789586706526,0.9477226279668495,True,7.840007566885255
source_3,CP_29_all_Phenix1,5,FK-866,raw,1.5,False,0.8428776283199053,0.22250084013276286,0.9653996043337006,True,26.140990702760313
source_3,CP_29_all_Phenix1,5,LY2109761,raw,1.5,False,0.8406387053905173,0.15950072500627188,0.9711814682271978,True,21.781258503980364
source_3,CP_29_all_Phenix1,5,NVS-PAK1-1,raw,1.5,False,0.7812033744588163,0.15979612856008624,0.9386695226532337,True,23.295007165279582
source_3,CP_29_all_Phenix1,5,quinidine,raw,1.5,False,0.6774992168105968,0.26437017356345544,0.7207050070135976,True,3.5881874811067993
source_3,CP_29_all_Phenix1,5,TC-S-7004,raw,1.5,False,0.8753875653164696,0.16530044106867742,0.952545246799486,True,68.26742793435648
source_3,CP_29_all_Phenix1,5,aloxistatin,raw,1.5,False,0.6423802177521409,0.20474790796915351,0.6440132357510397,True,3.4728878926971194
source_3,CP_31_all_Phenix1,6,AMG900,raw,2.02,False,0.8984127283289579,0.13495697621742933,0.9707272754913939,True,48.870164990871025
source_3,CP_31_all_Phenix1,6,dexamethasone,raw,2.02,False,0.8211337035615514,0.1848519731502874,0.8726298845753042,True,7.17218657159953
source_3,CP_31_all_Phenix1,6,FK-866,raw,2.02,False,0.7968994185317448,0.134521362003414,0.9575313861895722,True,23.564496267509494
source_3,CP_31_all_Phenix1,6,LY2109761,raw,2.02,False,0.8146113364361957,0.1349653297215198,0.9622287947706538,True,21.66625201116711
source_3,CP_31_all_Phenix1,6,NVS-PAK1-1,raw,2.02,False,0.728546515458492,0.1950786491220118,0.869396597051028,True,24.211132857329904
source_3,CP_31_all_Phenix1,6,quinidine,raw,2.02,False,0.5068008850621114,0.17078280682565453,0.6237344518924506,False,4.224930423976005
source_3,CP_31_all_Phenix1,6,TC-S-7004,raw,2.02,False,0.8706715253790694,0.19667463055649698,0.9536910997741501,True,56.608424470483165
source_3,CP_31_all_Phenix1,6,aloxistatin,raw,2.02,False,0.6344196066085865,0.22333181788922643,0.6149528391245556,False,3.7196272356080686
source_3,CP_32_all_Phenix1,7,AMG900,raw,3.02,True,0.9245492807366325,0.12541884461847327,0.9626936658223295,True,48.413940801124234
source_3,CP_32_all_Phenix1,7,dexamethasone,raw,3.02,True,0.8002524338210448,0.09253409321016072,0.8447466329510691,True,6.289136086040585
source_3,CP_32_all_Phenix1,7,FK-866,raw,3.02,True,0.8289572832764476,0.192593639931306,0.851137990185836,True,21.040667747361013
source_3,CP_32_all_Phenix1,7,LY2109761,raw,3.02,True,0.81629154858952,0.1339809602577171,0.9058941701324947,True,17.16766465037563
source_3,CP_32_all_Phenix1,7,NVS-PAK1-1,raw,3.02,True,0.7480942390600982,0.16568168652315876,0.8611499748147099,True,20.60076203545298
source_3,CP_32_all_Phenix1,7,quinidine,raw,3.02,True,0.4514068839067792,0.06489274690255628,0.6941694031101591,True,3.283799904006922
source_3,CP_32_all_Phenix1,7,TC-S-7004,raw,3.02,True,0.8649141913703687,0.14925956636397494,0.9216483193959962,True,44.11972244562361
source_3,CP_32_all_Phenix1,7,aloxistatin,raw,3.02,True,0.13356821831963991,0.01134391185327342,0.3387724167113473,False,2.5407848504862365
source_3,CP59,12,AMG900,own,1.38,False,0.8957759090166282,0.04082726282513487,0.9770846040931843,True,350.47391335040277
source_3,CP59,12,dexamethasone,own,1.38,False,0.823654270497908,0.16618387254360864,0.8746185715061935,True,36.10198054396028
source_3,CP59,12,FK-866,own,1.38,False,0.8217515536519147,0.15298481305166797,0.9359331544905238,True,116.13059099946904
source_3,CP59,12,LY2109761,own,1.38,False,0.8934372138585409,0.15325539912026995,0.9544646126861294,True,109.06577962959321
source_3,CP59,12,NVS-PAK1-1,own,1.38,False,0.8293938850610123,0.11252272457028042,0.9168768352786202,True,133.25770655753408
source_3,CP59,12,quinidine,own,1.38,False,0.24301369331242884,0.1427850910657346,0.7506995300503911,False,25.217174037539966
source_3,CP59,12,TC-S-7004,own,1.38,False,0.8444091877739444,0.15809950099217168,0.9209181752918828,True,168.58838455378674
source_3,CP59,12,aloxistatin,own,1.38,False,0.0695634224509337,0.02161684988523212,0.37861297606803734,False,12.290729890038703
source_3,CP60,13,AMG900,own,1.27,False,0.9116168609678067,0.07252590907080465,0.9731630500674526,True,281.28287212788894
source_3,CP60,13,dexamethasone,own,1.27,False,0.8284526336307848,0.15759700502744156,0.8609659667443587,True,27.343532615164484
source_3,CP60,13,FK-866,own,1.27,False,0.8926515674320379,0.2797432031953968,0.9443642518645825,True,106.95807351380577
source_3,CP60,13,LY2109761,own,1.27,False,0.9039718003132411,0.1767915200229868,0.9666777985419116,True,89.3951505969998
source_3,CP60,13,NVS-PAK1-1,own,1.27,False,0.8349753377219763,0.1423150633996582,0.9095391265919073,True,111.43767431709163
source_3,CP60,13,quinidine,own,1.27,False,0.32183815375054414,0.11149646530303252,0.7785726023020534,True,17.968773084235867
source_3,CP60,13,TC-S-7004,own,1.27,False,0.790820104696286,0.24058441762130783,0.8222583579528275,True,99.77842572432898
source_3,CP60,13,aloxistatin,own,1.27,False,0.03753280204298151,-0.03188308166397455,0.5478366414145857,False,14.127179356707716
source_3,CP_25_all_Phenix1,1,AMG900,own,0.63,False,0.9017155861684518,0.08338484187387796,,True,298.3798181252039
source_3,CP_25_all_Phenix1,1,dexamethasone,own,0.63,False,0.8427137748193472,0.24724121564788262,,True,33.47700887562146
source_3,CP_25_all_Phenix1,1,FK-866,own,0.63,False,0.8868179810445245,0.23318444895142035,,True,108.21023922879317
source_3,CP_25_all_Phenix1,1,LY2109761,own,0.63,False,0.9160234955126063,0.20441612136530926,,True,100.94705798519028
source_3,CP_25_all_Phenix1,1,NVS-PAK1-1,own,0.63,False,0.8522336465658709,0.16981021910556454,,True,127.50179822892542
source_3,CP_25_all_Phenix1,1,quinidine,own,0.63,False,0.43908853785367985,0.15383915333108633,,True,20.456787248028007
source_3,CP_25_all_Phenix1,1,TC-S-7004,own,0.63,False,0.8659280937363083,0.20054426217133617,,True,325.81601121877407
source_3,CP_25_all_Phenix1,1,aloxistatin,own,0.63,False,0.4577351730562999,0.14248849762010635,,True,16.810014218292192
source_3,CP_26_all_Phenix1,2,AMG900,own,2.13,False,0.9117403338254074,0.02219639741277942,0.9489104887001393,True,262.8042574203541
source_3,CP_26_all_Phenix1,2,dexamethasone,own,2.13,False,0.9006178403269198,0.20401095457516946,0.9145305251238955,True,36.38150639812466
source_3,CP_26_all_Phenix1,2,FK-866,own,2.13,False,0.8728569596567682,0.2126496583856894,0.9271696876968085,True,116.64935592647417
source_3,CP_26_all_Phenix1,2,LY2109761,own,2.13,False,0.8804624133636008,0.16438962785183645,0.9202363710937234,True,98.58198799420933
source_3,CP_26_all_Phenix1,2,NVS-PAK1-1,own,2.13,False,0.7785360382486797,0.13944668286622625,0.8282423132026957,True,82.72740578324569
source_3,CP_26_all_Phenix1,2,quinidine,own,2.13,False,0.6186143039979404,0.2503629850786131,0.7530899535059143,True,17.170949445605807
source_3,CP_26_all_Phenix1,2,TC-S-7004,own,2.13,False,0.7871093388233499,0.07623591149043217,0.8443579295169781,True,340.5659226851253
source_3,CP_26_all_Phenix1,2,aloxistatin,own,2.13,False,0.7369569260292225,0.2926107654013864,0.5083953744980151,True,18.008830696683795
source_3,CP_27_all_Phenix1,3,AMG900,own,1.87,False,0.9092645380723879,0.039210526462100916,0.9682395486916724,True,319.99849961735816
source_3,CP_27_all_Phenix1,3,dexamethasone,own,1.87,False,0.896074958079166,0.202625350572139,0.9336954490880925,True,42.19454071135796
source_3,CP_27_all_Phenix1,3,FK-866,own,1.87,False,0.859321087839707,0.1866428624158924,0.9176003453749266,True,142.1606276134388
source_3,CP_27_all_Phenix1,3,LY2109761,own,1.87,False,0.9113037166924274,0.19214725807518707,0.9455337345422152,True,116.73887184370794
source_3,CP_27_all_Phenix1,3,NVS-PAK1-1,own,1.87,False,0.8177293191980854,0.14261684182509216,0.8955976366422864,True,129.9166129124727
source_3,CP_27_all_Phenix1,3,quinidine,own,1.87,False,0.5501855158208804,0.1995763529865147,0.7552513794864191,False,19.20867061978874
source_3,CP_27_all_Phenix1,3,TC-S-7004,own,1.87,False,0.8165499174536908,0.08857727937718861,0.8840912428278944,True,434.05836672369946
source_3,CP_27_all_Phenix1,3,aloxistatin,own,1.87,False,0.7026973929975742,0.19245047605134674,0.5601364248119611,True,17.332494919633852
source_3,CP_28_all_Phenix1,4,AMG900,own,2.06,False,0.8817526644141682,0.0348294635319116,0.9449906470313818,True,211.868880073141
source_3,CP_28_all_Phenix1,4,dexamethasone,own,2.06,False,0.8996754681492163,0.21329522188982988,0.9042227535263652,True,28.365070866538684
source_3,CP_28_all_Phenix1,4,FK-866,own,2.06,False,0.8612733400129845,0.19102195771759187,0.9312874958691754,True,80.24276728152398
source_3,CP_28_all_Phenix1,4,LY2109761,own,2.06,False,0.894691749996096,0.20075031403325516,0.9350687158100244,True,73.37166938076575
source_3,CP_28_all_Phenix1,4,NVS-PAK1-1,own,2.06,False,0.821472352521764,0.1529836858009512,0.8880084751103975,True,60.968188760416815
source_3,CP_28_all_Phenix1,4,quinidine,own,2.06,False,0.6607017226172923,0.21070957413989877,0.6415838109777203,False,11.865862612938109
source_3,CP_28_all_Phenix1,4,TC-S-7004,own,2.06,False,0.8232754046516877,0.12004697369665648,0.845017659243325,True,236.1116807619471
source_3,CP_28_all_Phenix1,4,aloxistatin,own,2.06,False,0.5730007555833105,0.15357757981362047,0.4930174671087285,False,12.017096212234478
source_3,CP_29_all_Phenix1,5,AMG900,own,1.5,False,0.9094329073265716,0.05020502780684534,0.9680531452243857,True,302.4562603367984
source_3,CP_29_all_Phenix1,5,dexamethasone,own,1.5,False,0.8844390934032109,0.201710408575345,0.9259226135577276,True,38.884016303783845
source_3,CP_29_all_Phenix1,5,FK-866,own,1.5,False,0.8578907278897276,0.21437578816026473,0.9344255714127815,True,116.96905290360407
source_3,CP_29_all_Phenix1,5,LY2109761,own,1.5,False,0.9034700931512459,0.196527717372249,0.9507365608927758,True,108.65365808173789
source_3,CP_29_all_Phenix1,5,NVS-PAK1-1,own,1.5,False,0.8206207381677117,0.13671139825663015,0.9164961346084525,True,120.72733547386446
source_3,CP_29_all_Phenix1,5,quinidine,own,1.5,False,0.6236647436076048,0.23546171325144488,0.7892008856516718,True,19.829456267686826
source_3,CP_29_all_Phenix1,5,TC-S-7004,own,1.5,False,0.8264955371826848,0.09988031210784103,0.8991762729524067,True,426.76580312010077
source_3,CP_29_all_Phenix1,5,aloxistatin,own,1.5,False,0.7443584465072568,0.21953640133211763,0.5203036400738851,True,17.960638063790018
source_3,CP_31_all_Phenix1,6,AMG900,own,2.02,False,0.8906978502222109,0.014766353259561698,0.9508373953028897,True,282.31800083785737
source_3,CP_31_all_Phenix1,6,dexamethasone,own,2.02,False,0.836444384743511,0.20520255862969536,0.8743588805029957,True,33.78445119501159
source_3,CP_31_all_Phenix1,6,FK-866,own,2.02,False,0.8320381640009399,0.13940536378816476,0.9035115585674587,True,95.00496795734803
source_3,CP_31_all_Phenix1,6,LY2109761,own,2.02,False,0.8910487572479305,0.15836764169986348,0.9214139293729708,True,103.86627273195299
source_3,CP_31_all_Phenix1,6,NVS-PAK1-1,own,2.02,False,0.734648257306542,0.1183338957759478,0.8279724564226534,True,105.70708811003104
source_3,CP_31_all_Phenix1,6,quinidine,own,2.02,False,0.48996353085842287,0.16111184320254143,0.7157363957128349,True,20.042018003395135
source_3,CP_31_all_Phenix1,6,TC-S-7004,own,2.02,False,0.8094412535498806,0.08489651884245608,0.8576286561631733,True,308.47211378318644
source_3,CP_31_all_Phenix1,6,aloxistatin,own,2.02,False,0.7109004424260522,0.23135134840671842,0.4316640633807751,True,18.616111760364213
source_3,CP_32_all_Phenix1,7,AMG900,own,3.02,True,0.9121651002494662,0.04506489892843806,0.9430526313855658,True,184.8059762091994
source_3,CP_32_all_Phenix1,7,dexamethasone,own,3.02,True,0.8227427660496813,0.11509848900123447,0.7882722587148039,True,20.60997211474589
source_3,CP_32_all_Phenix1,7,FK-866,own,3.02,True,0.8188299411367543,0.14819117360058393,0.8847937751948574,True,67.77064837481653
source_3,CP_32_all_Phenix1,7,LY2109761,own,3.02,True,0.8678011779144101,0.15728998613067516,0.8985553373613372,True,58.911182836202265
source_3,CP_32_all_Phenix1,7,NVS-PAK1-1,own,3.02,True,0.7535467721628653,0.11558676177614731,0.8268155535815064,True,69.39339977599366
source_3,CP_32_all_Phenix1,7,quinidine,own,3.02,True,0.38416976157029664,0.06669844596690767,0.6585748737505273,True,10.863456767070852
source_3,CP_32_all_Phenix1,7,TC-S-7004,own,3.02,True,0.8379105058189666,0.0932427011078404,0.7984125585096034,True,175.13407430580708
source_3,CP_32_all_Phenix1,7,aloxistatin,own,3.02,True,0.04484573731558797,0.011004497648390168,0.20768499513333524,False,9.617034444445423
source_3,CP59,12,AMG900,scaled,1.38,False,0.7601466099206422,0.0467375765484754,0.9142589116558484,True,58.171941129901136
source_3,CP59,12,dexamethasone,scaled,1.38,False,0.7315149262140589,0.10877651922659708,0.9147256778346295,True,9.579228258157281
source_3,CP59,12,FK-866,scaled,1.38,False,0.7288428733301817,0.1104915057382699,0.9374564983098673,True,34.973467001164195
source_3,CP59,12,LY2109761,scaled,1.38,False,0.6221885775277554,0.05293059464369011,0.9081173514509615,True,24.5945839926491
source_3,CP59,12,NVS-PAK1-1,scaled,1.38,False,0.631917824778713,0.022126651681787953,0.8364045111486824,True,27.935385631491222
source_3,CP59,12,quinidine,scaled,1.38,False,0.3977597278983488,0.13525249363500152,0.6983193699377984,True,5.421597693723516
source_3,CP59,12,TC-S-7004,scaled,1.38,False,0.6899775845561372,0.10047037463450811,0.8235244233656835,True,37.22284334321561
source_3,CP59,12,aloxistatin,scaled,1.38,False,0.28389979121195574,0.015432741874627143,0.5440644505249654,True,3.494758735141336
source_3,CP60,13,AMG900,scaled,1.27,False,0.7271921143936546,0.04483320796446809,0.9097746059410176,True,48.23554222372833
source_3,CP60,13,dexamethasone,scaled,1.27,False,0.7430317577462989,0.1038483382718604,0.9151208594706597,True,7.9851535269845755
source_3,CP60,13,FK-866,scaled,1.27,False,0.7490638590643409,0.14029932113868426,0.9416698075865142,True,31.926856269110562
source_3,CP60,13,LY2109761,scaled,1.27,False,0.627495942062953,0.06948292608147834,0.9130626751857938,True,21.21458886707694
source_3,CP60,13,NVS-PAK1-1,scaled,1.27,False,0.5888057768078492,0.005826898257725867,0.8340579000528112,True,24.69514239935358
source_3,CP60,13,quinidine,scaled,1.27,False,0.46981596705494233,0.11675958411784207,0.7813416983669135,True,4.703918592471973
source_3,CP60,13,TC-S-7004,scaled,1.27,False,0.5883230075146014,0.11617430807721933,0.7446726724848648,True,23.923737598866857
source_3,CP60,13,aloxistatin,scaled,1.27,False,0.22225086386219156,0.019966574751621332,0.6127878108358769,True,3.715542432484494
source_3,CP_25_all_Phenix1,1,AMG900,scaled,0.63,False,0.7956355371081532,0.03699436225824511,,True,50.778578371669454
source_3,CP_25_all_Phenix1,1,dexamethasone,scaled,0.63,False,0.7433882537393394,0.09885876337857324,,True,9.832798949676064
source_3,CP_25_all_Phenix1,1,FK-866,scaled,0.63,False,0.7537954819245187,0.12472582160643246,,True,34.401977009520934
source_3,CP_25_all_Phenix1,1,LY2109761,scaled,0.63,False,0.6528226498255773,0.07856573391854156,,True,24.109675455682382
source_3,CP_25_all_Phenix1,1,NVS-PAK1-1,scaled,0.63,False,0.623161919721011,0.009433254561820672,,True,23.412949402713686
source_3,CP_25_all_Phenix1,1,quinidine,scaled,0.63,False,0.5300012683368276,0.08095264935516407,,True,5.4608230302295055
source_3,CP_25_all_Phenix1,1,TC-S-7004,scaled,0.63,False,0.724582103895539,0.12943381817167868,,True,50.19854590202832
source_3,CP_25_all_Phenix1,1,aloxistatin,scaled,0.63,False,0.4904823507079787,0.0485836787922569,,True,3.849292257176607
source_3,CP_26_all_Phenix1,2,AMG900,scaled,2.13,False,0.7762550603874917,0.03631641149805191,0.9069041934858753,True,45.361773251211666
source_3,CP_26_all_Phenix1,2,dexamethasone,scaled,2.13,False,0.7769925527961242,0.1210986770618101,0.8646210816324682,True,8.56277647530378
source_3,CP_26_all_Phenix1,2,FK-866,scaled,2.13,False,0.7734819375270999,0.11810642511718568,0.9197387254367151,True,33.471246052656255
source_3,CP_26_all_Phenix1,2,LY2109761,scaled,2.13,False,0.6196875095314791,0.04635948825862012,0.8650155525431098,True,22.639089682144103
source_3,CP_26_all_Phenix1,2,NVS-PAK1-1,scaled,2.13,False,0.6299593783979833,0.02346689525307244,0.7860528103147183,True,21.429170196847153
source_3,CP_26_all_Phenix1,2,quinidine,scaled,2.13,False,0.4645577187085851,0.16222906331146175,0.708009158706552,False,4.809729323050275
source_3,CP_26_all_Phenix1,2,TC-S-7004,scaled,2.13,False,0.7479271343157163,0.08979745288781092,0.8589009614117165,True,60.73118470159239
source_3,CP_26_all_Phenix1,2,aloxistatin,scaled,2.13,False,0.5168097882129812,0.13776081091471393,0.710795405974348,True,4.343038582338297
source_3,CP_27_all_Phenix1,3,AMG900,scaled,1.87,False,0.7588935733163739,0.037009185595998695,0.8793384894452783,True,58.059075757118705
source_3,CP_27_all_Phenix1,3,dexamethasone,scaled,1.87,False,0.7871922031628789,0.1164202126835354,0.8932435462125703,True,9.879588628856714
source_3,CP_27_all_Phenix1,3,FK-866,scaled,1.87,False,0.748954541170063,0.1000453704715074,0.9173742251086322,True,38.77977727329652
source_3,CP_27_all_Phenix1,3,LY2109761,scaled,1.87,False,0.6584506248068465,0.05980500644126759,0.865841882357473,True,25.792702685071706
source_3,CP_27_all_Phenix1,3,NVS-PAK1-1,scaled,1.87,False,0.6099670430944586,0.023942261007640582,0.7253851276587964,True,29.42235571573401
source_3,CP_27_all_Phenix1,3,quinidine,scaled,1.87,False,0.4608242973302388,0.14457471651191045,0.6537330391249778,False,4.999556914928504
source_3,CP_27_all_Phenix1,3,TC-S-7004,scaled,1.87,False,0.765502235281206,0.0683970958804505,0.8483059308289038,True,78.00538294719419
source_3,CP_27_all_Phenix1,3,aloxistatin,scaled,1.87,False,0.4141003144370302,0.07977030486941873,0.7504406375735004,True,4.761448007389603
source_3,CP_28_all_Phenix1,4,AMG900,scaled,2.06,False,0.7605507883948412,0.015452127670684197,0.8945861760332738,True,37.621024394947995
source_3,CP_28_all_Phenix1,4,dexamethasone,scaled,2.06,False,0.7916715158516056,0.12515775793367584,0.9023078325831032,True,7.637226680005135
source_3,CP_28_all_Phenix1,4,FK-866,scaled,2.06,False,0.7765041426177601,0.13147173155809114,0.9146766513816379,True,23.9241275902148
source_3,CP_28_all_Phenix1,4,LY2109761,scaled,2.06,False,0.690347701604146,0.08419372652321942,0.8976473703143079,True,17.810828188992033
source_3,CP_28_all_Phenix1,4,NVS-PAK1-1,scaled,2.06,False,0.6079939530711066,0.027393239519841746,0.8242372055175635,True,16.104663506548686
source_3,CP_28_all_Phenix1,4,quinidine,scaled,2.06,False,0.49321896345730737,0.1386099061787301,0.690994290545075,False,3.5931255210736963
source_3,CP_28_all_Phenix1,4,TC-S-7004,scaled,2.06,False,0.7908217018821193,0.11281549986698572,0.8369905740326475,True,42.82951722291098
source_3,CP_28_all_Phenix1,4,aloxistatin,scaled,2.06,False,0.47418635426759165,0.10062964704960327,0.6897972884658046,True,3.381570944740602
source_3,CP_29_all_Phenix1,5,AMG900,scaled,1.5,False,0.7644207654660407,0.020331350497914857,0.938810781344074,True,54.31118230081001
source_3,CP_29_all_Phenix1,5,dexamethasone,scaled,1.5,False,0.7855115814973201,0.11834961634426697,0.9173504946177041,True,9.735704803470911
source_3,CP_29_all_Phenix1,5,FK-866,scaled,1.5,False,0.7390318319311507,0.1145132321450373,0.9332186874959101,True,33.05923642243902
source_3,CP_29_all_Phenix1,5,LY2109761,scaled,1.5,False,0.642288408799175,0.06063214772469483,0.9278101662178126,True,24.890582186746983
source_3,CP_29_all_Phenix1,5,NVS-PAK1-1,scaled,1.5,False,0.5488793879192224,-0.020517821337068913,0.8536842473504136,True,25.671658236245275
source_3,CP_29_all_Phenix1,5,quinidine,scaled,1.5,False,0.5717203878651724,0.15900314453418804,0.7483958242331846,True,4.8603172002726485
source_3,CP_29_all_Phenix1,5,TC-S-7004,scaled,1.5,False,0.7618136597315763,0.06546644916175756,0.906987334442154,True,75.74241045185956
source_3,CP_29_all_Phenix1,5,aloxistatin,scaled,1.5,False,0.5419700272441088,0.1289015615620166,0.6484237366817016,True,4.3375994663965125
source_3,CP_31_all_Phenix1,6,AMG900,scaled,2.02,False,0.7255365253321255,0.03213730545910999,0.8656592065406951,True,44.940359191249776
source_3,CP_31_all_Phenix1,6,dexamethasone,scaled,2.02,False,0.7390063977363035,0.12144859847621932,0.8222885272786498,True,7.758933224823756
source_3,CP_31_all_Phenix1,6,FK-866,scaled,2.02,False,0.7163738772708651,0.07157013712073239,0.9128746908945831,True,25.839740441552326
source_3,CP_31_all_Phenix1,6,LY2109761,scaled,2.02,False,0.6206041929053416,0.0391357048993047,0.899747971880126,True,20.586119465963236
source_3,CP_31_all_Phenix1,6,NVS-PAK1-1,scaled,2.02,False,0.5541852442918576,0.0242312847649544,0.7371905598547289,True,23.067542320949336
source_3,CP_31_all_Phenix1,6,quinidine,scaled,2.02,False,0.47982343409315187,0.11279432955922089,0.6150161801673233,True,4.592261613688132
source_3,CP_31_all_Phenix1,6,TC-S-7004,scaled,2.02,False,0.789344701329663,0.1106561406566183,0.8613468661739203,True,52.105906381934965
source_3,CP_31_all_Phenix1,6,aloxistatin,scaled,2.02,False,0.42551423275339373,0.09879120213909214,0.6312148175531683,True,4.446877273471126
source_3,CP_32_all_Phenix1,7,AMG900,scaled,3.02,True,0.7476744384407135,0.01914474069712941,0.8039291956700705,True,31.24378394656186
source_3,CP_32_all_Phenix1,7,dexamethasone,scaled,3.02,True,0.7371163678868435,0.07578582384777634,0.773781395431389,True,6.000013252183049
source_3,CP_32_all_Phenix1,7,FK-866,scaled,3.02,True,0.7240630817513194,0.06952454488748257,0.7290883404819315,True,22.380445261094195
source_3,CP_32_all_Phenix1,7,LY2109761,scaled,3.02,True,0.6456803941713406,0.055449320126227664,0.7632841792767364,True,14.954092910463034
source_3,CP_32_all_Phenix1,7,NVS-PAK1-1,scaled,3.02,True,0.49338841016029084,0.013914220863202697,0.6320350228500453,True,18.61672248915868
source_3,CP_32_all_Phenix1,7,quinidine,scaled,3.02,True,0.36455750226873757,0.04302730590214243,0.6455727119500609,True,3.652767250617389
source_3,CP_32_all_Phenix1,7,TC-S-7004,scaled,3.02,True,0.7362149499098336,0.06874367904983779,0.7268011949099047,True,34.71734784023898
source_3,CP_32_all_Phenix1,7,aloxistatin,scaled,3.02,True,0.20303837553662404,0.03764461711611506,0.4403256653566996,False,2.9513320756757095
source_3,CP59,12,AMG900,field,1.38,False,0.9246424743932928,0.10237485116862112,0.9863636209174755,True,74.68400972387212
source_3,CP59,12,dexamethasone,field,1.38,False,0.8205992387436631,0.16842356959867882,0.9412226372003916,True,8.926876099438044
source_3,CP59,12,FK-866,field,1.38,False,0.838236029688473,0.1794069617706699,0.9641771137944786,True,31.535841072270433
source_3,CP59,12,LY2109761,field,1.38,False,0.8445960705592751,0.12404147177812574,0.9714829144135024,True,26.95877874769005
source_3,CP59,12,NVS-PAK1-1,field,1.38,False,0.8265244835128344,0.15473367208345556,0.9484925069695471,True,30.13416720293117
source_3,CP59,12,quinidine,field,1.38,False,0.32396159218746384,0.20202097679270684,0.7686129075842567,False,5.322353543133081
source_3,CP59,12,TC-S-7004,field,1.38,False,0.8630235130683175,0.2063471193080653,0.9468101914939377,True,41.12520043678668
source_3,CP59,12,aloxistatin,field,1.38,False,0.13143670739922067,-5.5634393037807497e-05,0.48622419206186784,False,2.8128331522315553
source_3,CP60,13,AMG900,field,1.27,False,0.9376369368967106,0.11901997385019954,0.9838283455517554,True,72.39144788808255
source_3,CP60,13,dexamethasone,field,1.27,False,0.8325492199378434,0.16196262660717728,0.9310854478798141,True,8.416188116952275
source_3,CP60,13,FK-866,field,1.27,False,0.8980817521597835,0.2880424093558661,0.9584380646743645,True,32.629116787261985
source_3,CP60,13,LY2109761,field,1.27,False,0.8735201494519031,0.1600747220816158,0.9775770796363001,True,26.261721760381256
source_3,CP60,13,NVS-PAK1-1,field,1.27,False,0.8296501548217452,0.16335076543191016,0.9441241976266376,True,30.644895141855432
source_3,CP60,13,quinidine,field,1.27,False,0.3834892247656797,0.1387674894435414,0.8395313769253985,True,5.109114949567034
source_3,CP60,13,TC-S-7004,field,1.27,False,0.8087802139696995,0.2546154715467372,0.8733413781629933,True,28.814873118767558
source_3,CP60,13,aloxistatin,field,1.27,False,0.029671378214232796,-0.047537234084171584,0.5551032545039682,False,3.666657928332314
source_3,CP_25_all_Phenix1,1,AMG900,field,0.63,False,0.9434227394427726,0.10654671951105783,,True,72.59845479811801
source_3,CP_25_all_Phenix1,1,dexamethasone,field,0.63,False,0.8414508096018796,0.21592682139619795,,True,9.407244800726685
source_3,CP_25_all_Phenix1,1,FK-866,field,0.63,False,0.8717083036000819,0.22102852026502764,,True,32.338310573133974
source_3,CP_25_all_Phenix1,1,LY2109761,field,0.63,False,0.8845566470318925,0.15642919714815715,,True,27.185046941671516
source_3,CP_25_all_Phenix1,1,NVS-PAK1-1,field,0.63,False,0.861092067514655,0.17013245166606902,,True,30.388513125922124
source_3,CP_25_all_Phenix1,1,quinidine,field,0.63,False,0.5009015375326138,0.15917800995208023,,True,5.1716261837620685
source_3,CP_25_all_Phenix1,1,TC-S-7004,field,0.63,False,0.8863202308967288,0.21581997419999896,,True,70.8351519805297
source_3,CP_25_all_Phenix1,1,aloxistatin,field,0.63,False,0.4489124427893821,0.12653888056575624,,True,4.203506540310466
source_3,CP_26_all_Phenix1,2,AMG900,field,2.13,False,0.9320494180057984,0.08492837852600646,0.9749884707596426,True,61.41727585512518
source_3,CP_26_all_Phenix1,2,dexamethasone,field,2.13,False,0.8880688016105279,0.18470993322523288,0.9377403126793146,True,9.76250601098117
source_3,CP_26_all_Phenix1,2,FK-866,field,2.13,False,0.8821439945458552,0.22228412668510658,0.9371052105956782,True,32.44752077373965
source_3,CP_26_all_Phenix1,2,LY2109761,field,2.13,False,0.8416215070762888,0.13195372900162197,0.9639016540988119,True,25.267989579921824
source_3,CP_26_all_Phenix1,2,NVS-PAK1-1,field,2.13,False,0.7978719243742924,0.17492462594916752,0.880206054607633,True,23.369057887589896
source_3,CP_26_all_Phenix1,2,quinidine,field,2.13,False,0.6325920481029008,0.2750012975250981,0.7868114764853014,True,4.515486824153875
source_3,CP_26_all_Phenix1,2,TC-S-7004,field,2.13,False,0.8592810827279834,0.12787161004934972,0.9198199730088952,True,79.07197941356688
source_3,CP_26_all_Phenix1,2,aloxistatin,field,2.13,False,0.7408222318170171,0.301511904533597,0.6384073177922245,True,4.306458600499579
source_3,CP_27_all_Phenix1,3,AMG900,field,1.87,False,0.9205090852910194,0.09414137144353561,0.9782951679264721,True,70.47531892497257
source_3,CP_27_all_Phenix1,3,dexamethasone,field,1.87,False,0.88558115048105,0.18514383218941607,0.9513831672835712,True,9.899061122608833
source_3,CP_27_all_Phenix1,3,FK-866,field,1.87,False,0.8845847502106685,0.2172441353329196,0.9369720246308197,True,34.819265715009934
source_3,CP_27_all_Phenix1,3,LY2109761,field,1.87,False,0.8559545011555094,0.14343001375534434,0.9653842678046396,True,27.56796955324264
source_3,CP_27_all_Phenix1,3,NVS-PAK1-1,field,1.87,False,0.8042529834733931,0.17903633650789344,0.9080581572394446,True,30.101551177396704
source_3,CP_27_all_Phenix1,3,quinidine,field,1.87,False,0.5693223613882721,0.20275972946266738,0.7079414983921475,False,4.190344110889985
source_3,CP_27_all_Phenix1,3,TC-S-7004,field,1.87,False,0.8577060438459256,0.12912790764626586,0.937362094067312,True,89.13718517307997
source_3,CP_27_all_Phenix1,3,aloxistatin,field,1.87,False,0.6445586623273085,0.18027060814562446,0.6886081244199498,True,3.99876228464469
source_3,CP_28_all_Phenix1,4,AMG900,field,2.06,False,0.9400799039149671,0.08936984258757198,0.9831230719661992,True,69.80514560467039
source_3,CP_28_all_Phenix1,4,dexamethasone,field,2.06,False,0.9037891107676002,0.19637233837043036,0.9578174151822679,True,10.366235542039163
source_3,CP_28_all_Phenix1,4,FK-866,field,2.06,False,0.8810087298048109,0.2041229083144345,0.9409754531077538,True,29.991445698591253
source_3,CP_28_all_Phenix1,4,LY2109761,field,2.06,False,0.886721556280097,0.1778635810346842,0.9790295718609398,True,26.747829629857236
source_3,CP_28_all_Phenix1,4,NVS-PAK1-1,field,2.06,False,0.8412707328624878,0.20133574779521282,0.9449330840313547,True,23.717197857909543
source_3,CP_28_all_Phenix1,4,quinidine,field,2.06,False,0.6456140797395924,0.19912932256711405,0.7376021881344172,True,4.266544207741453
source_3,CP_28_all_Phenix1,4,TC-S-7004,field,2.06,False,0.9014351092383555,0.16282906846247336,0.9311560489305108,True,75.32133203908876
source_3,CP_28_all_Phenix1,4,aloxistatin,field,2.06,False,0.5904786809134738,0.13243843831646757,0.5636590165067838,False,4.243983868425581
source_3,CP_29_all_Phenix1,5,AMG900,field,1.5,False,0.9284537990524346,0.08504114880877318,0.9828769554110669,True,67.23192867600298
source_3,CP_29_all_Phenix1,5,dexamethasone,field,1.5,False,0.8747894965809477,0.1853845490876344,0.9472365162028606,True,9.839261834318389
source_3,CP_29_all_Phenix1,5,FK-866,field,1.5,False,0.8648781264094134,0.22442686771996964,0.946382239355873,True,30.461031686902427
source_3,CP_29_all_Phenix1,5,LY2109761,field,1.5,False,0.8615937134362062,0.15693400892047918,0.9768989598193031,True,26.752789449422394
source_3,CP_29_all_Phenix1,5,NVS-PAK1-1,field,1.5,False,0.8016321099482919,0.14841761081281227,0.9412774561283292,True,27.748043866479208
source_3,CP_29_all_Phenix1,5,quinidine,field,1.5,False,0.6825985794599475,0.25845890517026804,0.7391957066284117,True,4.270642336077221
source_3,CP_29_all_Phenix1,5,TC-S-7004,field,1.5,False,0.8795324383296332,0.13151526238870412,0.9437602851940605,True,90.06819851250478
source_3,CP_29_all_Phenix1,5,aloxistatin,field,1.5,False,0.7111505462542819,0.21459627315874255,0.6200446848466359,True,4.116249918488992
source_3,CP_31_all_Phenix1,6,AMG900,field,2.02,False,0.9190027603149209,0.07824441424834441,0.9741856329445503,True,62.73192255190571
source_3,CP_31_all_Phenix1,6,dexamethasone,field,2.02,False,0.8407084129854473,0.19913085709373404,0.9020582471979961,True,8.669313030938566
source_3,CP_31_all_Phenix1,6,FK-866,field,2.02,False,0.8356923460051499,0.14636368276170622,0.9425058364773615,True,24.874797958202386
source_3,CP_31_all_Phenix1,6,LY2109761,field,2.02,False,0.831444756744389,0.12297704545310187,0.9618734459486489,True,26.226770154637663
source_3,CP_31_all_Phenix1,6,NVS-PAK1-1,field,2.02,False,0.7455686414013709,0.17810661186138504,0.8750984917845528,True,26.18702584694893
source_3,CP_31_all_Phenix1,6,quinidine,field,2.02,False,0.5176794557696924,0.17240598704863133,0.6790288690620363,False,4.878471412374079
source_3,CP_31_all_Phenix1,6,TC-S-7004,field,2.02,False,0.8782022502584199,0.1528650263473095,0.9452683463821316,True,69.37228823161978
source_3,CP_31_all_Phenix1,6,aloxistatin,field,2.02,False,0.7227528703928623,0.2582133342926625,0.5817308044098887,True,4.181847392606226
source_3,CP_32_all_Phenix1,7,AMG900,field,3.02,True,0.9247193594615812,0.08446415678198496,0.9624879870902125,True,57.19702116066852
source_3,CP_32_all_Phenix1,7,dexamethasone,field,3.02,True,0.8455526684434539,0.11028073699267447,0.865175259675529,True,7.5961366409802125
source_3,CP_32_all_Phenix1,7,FK-866,field,3.02,True,0.8368075586260443,0.17451703782146577,0.8787308632658084,True,24.47254408744324
source_3,CP_32_all_Phenix1,7,LY2109761,field,3.02,True,0.8621229829435575,0.13679171660624448,0.9472487425267696,True,20.42999186488411
source_3,CP_32_all_Phenix1,7,NVS-PAK1-1,field,3.02,True,0.7808883388757525,0.1354175408598916,0.8929835818259708,True,23.230222880335166
source_3,CP_32_all_Phenix1,7,quinidine,field,3.02,True,0.45532725770932625,0.06345868792581509,0.6815747615594342,True,3.9216532382656655
source_3,CP_32_all_Phenix1,7,TC-S-7004,field,3.02,True,0.870768836276631,0.10159565081694055,0.8987115308488248,True,54.20397538603132
source_3,CP_32_all_Phenix1,7,aloxistatin,field,3.02,True,0.08757689161040728,-0.013098848375844812,0.3199386982090192,False,2.9990257248297736
source_5,JUMPCPE-20210623-Run01_20210624_003152,1,AMG900,raw,0.13,False,0.913412709967798,0.08819149422430964,,True,61.31977126833297
source_5,JUMPCPE-20210623-Run01_20210624_003152,1,dexamethasone,raw,0.13,False,0.8997784651099765,0.28053776870898717,,True,8.468171701457473
source_5,JUMPCPE-20210623-Run01_20210624_003152,1,FK-866,raw,0.13,False,0.8505930176452605,0.28130989302031156,,True,23.082487578785955
source_5,JUMPCPE-20210623-Run01_20210624_003152,1,LY2109761,raw,0.13,False,0.9186519802716078,0.31154363549738245,,True,28.250847089230064
source_5,JUMPCPE-20210623-Run01_20210624_003152,1,NVS-PAK1-1,raw,0.13,False,0.7161710978145035,0.2613658234719591,,True,28.803347148245646
source_5,JUMPCPE-20210623-Run01_20210624_003152,1,quinidine,raw,0.13,False,0.5160402116222277,0.23606209459456332,,True,3.0067331617891506
source_5,JUMPCPE-20210623-Run01_20210624_003152,1,TC-S-7004,raw,0.13,False,0.7646634086048579,0.2305498500370382,,True,30.622280237720926
source_5,JUMPCPE-20210623-Run01_20210624_003152,1,aloxistatin,raw,0.13,False,0.5486681914065802,0.2155625380951561,,True,2.9931760933651947
source_5,JUMPCPE-20210623-Run02_20210624_225846,2,AMG900,raw,1.04,False,0.9168453325785269,0.12378918208274034,0.9865618210133771,True,57.08633436914329
source_5,JUMPCPE-20210623-Run02_20210624_225846,2,dexamethasone,raw,1.04,False,0.8750624477782339,0.32653013343511245,0.8876239624487644,True,9.841890709508448
source_5,JUMPCPE-20210623-Run02_20210624_225846,2,FK-866,raw,1.04,False,0.8641286966798585,0.33221854610090024,0.9311387623633525,True,23.401068033913496
source_5,JUMPCPE-20210623-Run02_20210624_225846,2,LY2109761,raw,1.04,False,0.9269494624839933,0.3415387230348953,0.9578452017389116,True,29.75657265780143
source_5,JUMPCPE-20210623-Run02_20210624_225846,2,NVS-PAK1-1,raw,1.04,False,0.7688680176680922,0.2926757283426197,0.9643174218787474,True,27.59411161021439
source_5,JUMPCPE-20210623-Run02_20210624_225846,2,quinidine,raw,1.04,False,0.4680882437603918,0.2834922476873157,0.4381861899864539,True,3.8184873275443767
source_5,JUMPCPE-20210623-Run02_20210624_225846,2,TC-S-7004,raw,1.04,False,0.8174389879331047,0.26068708544530067,0.9562727917114471,True,29.344509937498536
source_5,JUMPCPE-20210623-Run02_20210624_225846,2,aloxistatin,raw,1.04,False,0.5493135643519277,0.2893166505343116,0.5047940183182749,True,4.771872403001018
source_5,JUMPCPE-20210628-Run02_20210628_170203,3,AMG900,raw,0.74,False,0.9196959018524277,0.11723970787325542,0.9927567836391238,True,58.75206567041952
source_5,JUMPCPE-20210628-Run02_20210628_170203,3,dexamethasone,raw,0.74,False,0.8916399099083709,0.289935798006801,0.9052494424199933,True,9.610494684231144
source_5,JUMPCPE-20210628-Run02_20210628_170203,3,FK-866,raw,0.74,False,0.8823813636671733,0.33746311125555545,0.9480899118824389,True,23.764000602088686
source_5,JUMPCPE-20210628-Run02_20210628_170203,3,LY2109761,raw,0.74,False,0.9291465888643682,0.3416848349943867,0.9670101054405107,True,31.76617969625451
source_5,JUMPCPE-20210628-Run02_20210628_170203,3,NVS-PAK1-1,raw,0.74,False,0.7822435631879373,0.298858490470804,0.9735094589066061,True,29.6187495892114
source_5,JUMPCPE-20210628-Run02_20210628_170203,3,quinidine,raw,0.74,False,0.622331524054906,0.3707338174398873,0.5111848330288594,True,4.372002733718746
source_5,JUMPCPE-20210628-Run02_20210628_170203,3,TC-S-7004,raw,0.74,False,0.7939275989476828,0.24716316034523342,0.9728559195401049,True,26.96127741594986
source_5,JUMPCPE-20210628-Run02_20210628_170203,3,aloxistatin,raw,0.74,False,0.5190382997537185,0.23938028279477014,0.6268889207447883,False,6.137337562739585
source_5,JUMPCPE-20210628-Run03_20210629_064133,4,AMG900,raw,1.13,False,0.9228849353840038,0.15109779289950492,0.9844051070515265,True,59.56325976094843
source_5,JUMPCPE-20210628-Run03_20210629_064133,4,dexamethasone,raw,1.13,False,0.9193354031499414,0.27587275465862554,0.9624517820889196,True,9.082490576884647
source_5,JUMPCPE-20210628-Run03_20210629_064133,4,FK-866,raw,1.13,False,0.8815222166282722,0.3518642934810569,0.9497660966804009,True,27.580144516502465
source_5,JUMPCPE-20210628-Run03_20210629_064133,4,LY2109761,raw,1.13,False,0.9419684843223892,0.3587450902775603,0.9532274607244082,True,34.195728946940186
source_5,JUMPCPE-20210628-Run03_20210629_064133,4,NVS-PAK1-1,raw,1.13,False,0.8420585013251156,0.3419521441687899,0.9297785731220384,True,30.24559016580509
source_5,JUMPCPE-20210628-Run03_20210629_064133,4,quinidine,raw,1.13,False,0.7371272674183392,0.3735576543457221,0.5118854798813477,True,3.185102145060809
source_5,JUMPCPE-20210628-Run03_20210629_064133,4,TC-S-7004,raw,1.13,False,0.8171223597788337,0.3175211325432298,0.9398028381847576,True,33.67343576648734
source_5,JUMPCPE-20210628-Run03_20210629_064133,4,aloxistatin,raw,1.13,False,0.5398342418028849,0.24597860881117467,0.6414770269046408,True,3.855106701275905
source_5,JUMPCPE-20210702-Run04_20210703_060202,5,AMG900,raw,1.29,False,0.9203734323989017,0.14176644768579194,0.9821536390691316,True,56.05563446949162
source_5,JUMPCPE-20210702-Run04_20210703_060202,5,dexamethasone,raw,1.29,False,0.9388581549796658,0.33252709766916894,0.9370598405758354,True,8.415557028433247
source_5,JUMPCPE-20210702-Run04_20210703_060202,5,FK-866,raw,1.29,False,0.8487262305677437,0.3255964604743477,0.9467351656395416,True,24.735861313223417
source_5,JUMPCPE-20210702-Run04_20210703_060202,5,LY2109761,raw,1.29,False,0.9307603131835358,0.35068608254330186,0.947227076362716,True,31.838251864486892
source_5,JUMPCPE-20210702-Run04_20210703_060202,5,NVS-PAK1-1,raw,1.29,False,0.8104400195062521,0.3351690493712218,0.9334980359623088,True,28.934001359357257
source_5,JUMPCPE-20210702-Run04_20210703_060202,5,quinidine,raw,1.29,False,0.6640146426087579,0.2431535166383709,0.5023878026656744,True,2.5057771624024103
source_5,JUMPCPE-20210702-Run04_20210703_060202,5,TC-S-7004,raw,1.29,False,0.813764537460368,0.2965799927354607,0.9321206710834269,True,25.773714081850432
source_5,JUMPCPE-20210702-Run04_20210703_060202,5,aloxistatin,raw,1.29,False,0.49510130105355543,0.17564787070631713,0.5509199446103268,True,2.8958267665652233
source_5,JUMPCPE-20210704-Run05_20210705_025956,6,AMG900,raw,1.06,False,0.923580162258274,0.14745836326191702,0.9816129546989592,True,60.42074454094317
source_5,JUMPCPE-20210704-Run05_20210705_025956,6,dexamethasone,raw,1.06,False,0.8947365319596956,0.20977326434688942,0.9585319197265985,True,8.586682652886234
source_5,JUMPCPE-20210704-Run05_20210705_025956,6,FK-866,raw,1.06,False,0.8710858833248578,0.31495518438230274,0.9580138956494523,True,27.436710460536776
source_5,JUMPCPE-20210704-Run05_20210705_025956,6,LY2109761,raw,1.06,False,0.9416081169494182,0.3241532812656514,0.9803169858056471,True,31.417122882855654
source_5,JUMPCPE-20210704-Run05_20210705_025956,6,NVS-PAK1-1,raw,1.06,False,0.8272380069614227,0.31871400406529976,0.9241020801181806,True,22.540926815171847
source_5,JUMPCPE-20210704-Run05_20210705_025956,6,quinidine,raw,1.06,False,0.5936967900831915,0.22233736008439423,0.5522586020670732,True,3.211307716396762
source_5,JUMPCPE-20210704-Run05_20210705_025956,6,TC-S-7004,raw,1.06,False,0.7797944593285255,0.3094890173019504,0.9666119613762979,True,28.432524870084013
source_5,JUMPCPE-20210704-Run05_20210705_025956,6,aloxistatin,raw,1.06,False,0.4719930165738057,0.18927325697280342,0.5260083571432826,True,2.8980587082826816
source_5,JUMPCPE-20210706-Run06_20210706_235916,7,AMG900,raw,0.86,False,0.9291342246159444,0.1252992873460817,0.9880917280199172,True,60.57617364341153
source_5,JUMPCPE-20210706-Run06_20210706_235916,7,dexamethasone,raw,0.86,False,0.870785533049304,0.19578847765433322,0.8902574871631379,True,9.295210773904694
source_5,JUMPCPE-20210706-Run06_20210706_235916,7,FK-866,raw,0.86,False,0.8836185272742314,0.3089875240531719,0.9661460169260832,True,26.71601405714555
source_5,JUMPCPE-20210706-Run06_20210706_235916,7,LY2109761,raw,0.86,False,0.9431621988525201,0.31233717156278384,0.9810129559267301,True,29.42253998732839
source_5,JUMPCPE-20210706-Run06_20210706_235916,7,NVS-PAK1-1,raw,0.86,False,0.8086524905951182,0.31879951545967417,0.956269231506709,True,27.95063048545539
source_5,JUMPCPE-20210706-Run06_20210706_235916,7,quinidine,raw,0.86,False,0.6668481216424216,0.28698683034360234,0.483750340313751,True,4.388555010307078
source_5,JUMPCPE-20210706-Run06_20210706_235916,7,TC-S-7004,raw,0.86,False,0.7859769380326134,0.27617215038382986,0.9744666884048412,True,26.38640673077727
source_5,JUMPCPE-20210706-Run06_20210706_235916,7,aloxistatin,raw,0.86,False,0.46709781823060703,0.2420809553433753,0.4409446924289848,False,3.8242066143485323
source_5,JUMPCPE-20210709-Run07_20210709_230159,8,AMG900,raw,0.94,False,0.9244743572439469,0.12017705905733438,0.9882879773479414,True,58.79237437575935
source_5,JUMPCPE-20210709-Run07_20210709_230159,8,dexamethasone,raw,0.94,False,0.8949900371886792,0.30063050040604267,0.9272723445802127,True,8.931384132670974
source_5,JUMPCPE-20210709-Run07_20210709_230159,8,FK-866,raw,0.94,False,0.8913502457099147,0.3022075779720618,0.9569923842534455,True,23.625492180746573
source_5,JUMPCPE-20210709-Run07_20210709_230159,8,LY2109761,raw,0.94,False,0.9348193365057896,0.3154187265486898,0.9775147012038616,True,28.6466176495602
source_5,JUMPCPE-20210709-Run07_20210709_230159,8,NVS-PAK1-1,raw,0.94,False,0.8081082452447084,0.30917863981744187,0.9528984902995163,True,25.50966052129326
source_5,JUMPCPE-20210709-Run07_20210709_230159,8,quinidine,raw,0.94,False,0.5499490054630043,0.25416041866608274,0.41222663987316166,True,4.283042170763194
source_5,JUMPCPE-20210709-Run07_20210709_230159,8,TC-S-7004,raw,0.94,False,0.7652424396381872,0.23837057611262072,0.9637071386425884,True,20.031824230258056
source_5,JUMPCPE-20210709-Run07_20210709_230159,8,aloxistatin,raw,0.94,False,0.5250203208234216,0.2189878177338127,0.6244051404451318,False,4.850489764835563
source_5,JUMPCPE-20210709-Run08_20210711_195507,9,AMG900,raw,0.58,False,0.9234541800893343,0.09503077116410794,0.9929618862512718,True,62.956653892041736
source_5,JUMPCPE-20210709-Run08_20210711_195507,9,dexamethasone,raw,0.58,False,0.857820758122759,0.27356165478585376,0.9174012526378557,True,8.634491239651542
source_5,JUMPCPE-20210709-Run08_20210711_195507,9,FK-866,raw,0.58,False,0.8722681721923529,0.31589312595760444,0.9766817662810855,True,24.62740592050162
source_5,JUMPCPE-20210709-Run08_20210711_195507,9,LY2109761,raw,0.58,False,0.9155407471411622,0.30260009081583755,0.991499022694279,True,27.005067450253627
source_5,JUMPCPE-20210709-Run08_20210711_195507,9,NVS-PAK1-1,raw,0.58,False,0.7507503660202637,0.2572183633768792,0.9810029046354425,True,28.807240020721114
source_5,JUMPCPE-20210709-Run08_20210711_195507,9,quinidine,raw,0.58,False,0.4702268461331452,0.2279003279234067,0.4547729447630632,False,3.783573671273604
source_5,JUMPCPE-20210709-Run08_20210711_195507,9,TC-S-7004,raw,0.58,False,0.6867302304670397,0.2022946234400842,0.9679283702319811,True,20.306537598915586
source_5,JUMPCPE-20210709-Run08_20210711_195507,9,aloxistatin,raw,0.58,False,0.6178174716924625,0.29812895867070255,0.5488075063024181,True,4.413127837907535
source_5,JUMPCPE-20210712-Run09_20210713_003159,10,AMG900,raw,0.88,False,0.9302047010508102,0.12924591525613915,0.9895186535471834,True,60.54650766434712
source_5,JUMPCPE-20210712-Run09_20210713_003159,10,dexamethasone,raw,0.88,False,0.903582437380832,0.3073801182397678,0.9098305122400658,True,9.644024837861032
source_5,JUMPCPE-20210712-Run09_20210713_003159,10,FK-866,raw,0.88,False,0.8760137997679305,0.35307628021856363,0.9607391639683922,True,25.490726018903306
source_5,JUMPCPE-20210712-Run09_20210713_003159,10,LY2109761,raw,0.88,False,0.9385689267841624,0.34980614921927217,0.974035078868742,True,29.74572231887303
source_5,JUMPCPE-20210712-Run09_20210713_003159,10,NVS-PAK1-1,raw,0.88,False,0.8140513692507874,0.3256942565024251,0.9517997453862721,True,29.63009045355445
source_5,JUMPCPE-20210712-Run09_20210713_003159,10,quinidine,raw,0.88,False,0.6394281848641832,0.39090134672898724,0.4332541052049288,True,4.018566888023455
source_5,JUMPCPE-20210712-Run09_20210713_003159,10,TC-S-7004,raw,0.88,False,0.7714130026370614,0.2616258954898116,0.9542546179434114,True,20.289934094349466
source_5,JUMPCPE-20210712-Run09_20210713_003159,10,aloxistatin,raw,0.88,False,0.5709725353746143,0.3024018590217799,0.5563067910392018,False,4.940056149882622
source_5,JUMPCPE-20210715-Run10_20210715_223420,11,AMG900,raw,0.77,False,0.9279849634190684,0.11142098863786427,0.9921533671697551,True,60.527731808445644
source_5,JUMPCPE-20210715-Run10_20210715_223420,11,dexamethasone,raw,0.77,False,0.9196270191797955,0.29024896210304924,0.9547758168015243,True,8.769121032487309
source_5,JUMPCPE-20210715-Run10_20210715_223420,11,FK-866,raw,0.77,False,0.8779298497561346,0.27471644573364384,0.9592750454827688,True,24.33420234564765
source_5,JUMPCPE-20210715-Run10_20210715_223420,11,LY2109761,raw,0.77,False,0.9393125062125184,0.32905237246067387,0.9844161794025221,True,28.344466205304123
source_5,JUMPCPE-20210715-Run10_20210715_223420,11,NVS-PAK1-1,raw,0.77,False,0.8023760019502619,0.298183007611829,0.9584149796294076,True,26.011094754113046
source_5,JUMPCPE-20210715-Run10_20210715_223420,11,quinidine,raw,0.77,False,0.7031399867743116,0.41354120121029186,0.6028718943361476,True,3.532998133837383
source_5,JUMPCPE-20210715-Run10_20210715_223420,11,TC-S-7004,raw,0.77,False,0.6571995373879662,0.1894753510031331,0.8863817206560101,True,12.879516595094714
source_5,JUMPCPE-20210715-Run10_20210715_223420,11,aloxistatin,raw,0.77,False,0.5959185548805713,0.3150674141025026,0.6006570582591719,False,4.138472794524305
source_5,JUMPCPE-20210716-Run11_20210717_192647,12,AMG900,raw,1.07,False,0.9213378474362381,0.1327948291327982,0.9838229626446668,True,60.54059413523392
source_5,JUMPCPE-20210716-Run11_20210717_192647,12,dexamethasone,raw,1.07,False,0.8991938836727333,0.19124202519427494,0.9506157980785825,True,8.746881190408184
source_5,JUMPCPE-20210716-Run11_20210717_192647,12,FK-866,raw,1.07,False,0.8630750748121325,0.2800819644433386,0.945149281503314,True,27.066238579469918
source_5,JUMPCPE-20210716-Run11_20210717_192647,12,LY2109761,raw,1.07,False,0.9366057429691318,0.2983211743261544,0.98370149660025,True,29.894896147920818
source_5,JUMPCPE-20210716-Run11_20210717_192647,12,NVS-PAK1-1,raw,1.07,False,0.7949858462251315,0.3292368470147986,0.9294266833041244,True,26.34734220536826
source_5,JUMPCPE-20210716-Run11_20210717_192647,12,quinidine,raw,1.07,False,0.6319227333686096,0.23099146696023323,0.5312038962384554,True,3.327310992054014
source_5,JUMPCPE-20210716-Run11_20210717_192647,12,TC-S-7004,raw,1.07,False,0.7169328443997917,0.2558075496262664,0.9611821989599988,True,21.182405013574314
source_5,JUMPCPE-20210716-Run11_20210717_192647,12,aloxistatin,raw,1.07,False,0.47306957132786953,0.12973491951113839,0.5310562734978647,True,2.4522805019345393
source_5,JUMPCPE-20210716-Run12_20210719_162047,13,AMG900,raw,0.94,False,0.9206601688461691,0.11731805171310268,0.9896054185421006,True,62.015516080843554
source_5,JUMPCPE-20210716-Run12_20210719_162047,13,dexamethasone,raw,0.94,False,0.8811427170553157,0.1810274444766942,0.9325225626467416,True,8.948907672443081
source_5,JUMPCPE-20210716-Run12_20210719_162047,13,FK-866,raw,0.94,False,0.8480856222152344,0.3090335661687821,0.9632934177529,True,27.781697904772905
source_5,JUMPCPE-20210716-Run12_20210719_162047,13,LY2109761,raw,0.94,False,0.9203183880163901,0.32050678482930894,0.991432734597149,True,30.192662725947265
source_5,JUMPCPE-20210716-Run12_20210719_162047,13,NVS-PAK1-1,raw,0.94,False,0.7835958946523137,0.3121727888956153,0.9672574069495403,True,29.140512113563396
source_5,JUMPCPE-20210716-Run12_20210719_162047,13,quinidine,raw,0.94,False,0.6251559897354242,0.26752440833063496,0.5720501300803917,True,3.513371594778057
source_5,JUMPCPE-20210716-Run12_20210719_162047,13,TC-S-7004,raw,0.94,False,0.6684143931289087,0.20557951289666312,0.951676624768731,True,17.632299712798655
source_5,JUMPCPE-20210716-Run12_20210719_162047,13,aloxistatin,raw,0.94,False,0.5198692260279432,0.17138136725257658,0.7598430104629397,True,3.841837379818184
source_5,JUMPCPE-20210719-Run13_20210721_131445,14,AMG900,raw,1.15,False,0.9284613355045146,0.12851872331987238,0.988247497442507,True,60.698891930208056
source_5,JUMPCPE-20210719-Run13_20210721_131445,14,dexamethasone,raw,1.15,False,0.8954317983816219,0.2445896657306801,0.9232183493299748,True,8.719769693258538
source_5,JUMPCPE-20210719-Run13_20210721_131445,14,FK-866,raw,1.15,False,0.8817682910774527,0.29176773269725426,0.9558181520831086,True,23.846253437109972
source_5,JUMPCPE-20210719-Run13_20210721_131445,14,LY2109761,raw,1.15,False,0.9322562006724928,0.3204284944941282,0.9805941057554435,True,29.699162753313527
source_5,JUMPCPE-20210719-Run13_20210721_131445,14,NVS-PAK1-1,raw,1.15,False,0.80008671039357,0.3361354574819371,0.9389381295758714,True,26.001067708478338
source_5,JUMPCPE-20210719-Run13_20210721_131445,14,quinidine,raw,1.15,False,0.766952019386975,0.3869151969316817,0.5330897488368287,True,3.246796061043077
source_5,JUMPCPE-20210719-Run13_20210721_131445,14,TC-S-7004,raw,1.15,False,0.7127435911631446,0.2063019506088555,0.9238850506763243,True,13.161357265368
source_5,JUMPCPE-20210719-Run13_20210721_131445,14,aloxistatin,raw,1.15,False,0.5877183215289161,0.2966822207558953,0.606402227893498,False,2.8838065241602395
source_5,JUMPCPE-20210730-Run14_20210731_000211,15,AMG900,raw,0.9,False,0.9149765698682832,0.12889868556743297,0.9860836192627493,True,59.95768366072667
source_5,JUMPCPE-20210730-Run14_20210731_000211,15,dexamethasone,raw,0.9,False,0.9110106665507577,0.26551304525868186,0.9446657965666345,True,8.968133805949059
source_5,JUMPCPE-20210730-Run14_20210731_000211,15,FK-866,raw,0.9,False,0.8622173845916838,0.2926418866599196,0.9471716732162647,True,25.534606070429184
source_5,JUMPCPE-20210730-Run14_20210731_000211,15,LY2109761,raw,0.9,False,0.9167562860107519,0.2998387252252858,0.9864504398698619,True,28.599507141616442
source_5,JUMPCPE-20210730-Run14_20210731_000211,15,NVS-PAK1-1,raw,0.9,False,0.7683988374444083,0.30817128090834134,0.9569210740837124,True,27.375033831666702
source_5,JUMPCPE-20210730-Run14_20210731_000211,15,quinidine,raw,0.9,False,0.7323376226910132,0.34522576698042357,0.6343722377276861,True,3.70623387416646
source_5,JUMPCPE-20210730-Run14_20210731_000211,15,TC-S-7004,raw,0.9,False,0.7182517433676949,0.24180259710438787,0.9649021065297478,True,21.888347874744422
source_5,JUMPCPE-20210730-Run14_20210731_000211,15,aloxistatin,raw,0.9,False,0.6076165734067078,0.2861749327629187,0.5813330261993339,True,3.1080222417551417
source_5,JUMPCPE-20210730-Run15_20210801_205335,16,AMG900,raw,1.36,False,0.9253966694476209,0.17187242724314156,0.9744261124037491,True,58.35629511046373
source_5,JUMPCPE-20210730-Run15_20210801_205335,16,dexamethasone,raw,1.36,False,0.9313003211650022,0.2839819751231259,0.9271450349655661,True,9.695134603418357
source_5,JUMPCPE-20210730-Run15_20210801_205335,16,FK-866,raw,1.36,False,0.8388548530432547,0.3966004506826957,0.904193184839774,True,27.24082184754236
source_5,JUMPCPE-20210730-Run15_20210801_205335,16,LY2109761,raw,1.36,False,0.9135521547347852,0.3522000107806024,0.9473517885668229,True,32.34895813699217
source_5,JUMPCPE-20210730-Run15_20210801_205335,16,NVS-PAK1-1,raw,1.36,False,0.8082693791755248,0.3645886720369696,0.9103154637539399,True,30.862290803739068
source_5,JUMPCPE-20210730-Run15_20210801_205335,16,quinidine,raw,1.36,False,0.6978410882367274,0.42505826187288154,0.5500804485261097,True,4.762701756871824
source_5,JUMPCPE-20210730-Run15_20210801_205335,16,TC-S-7004,raw,1.36,False,0.7928660720691224,0.28898516081789366,0.9188681117770221,True,22.86391016863601
source_5,JUMPCPE-20210730-Run15_20210801_205335,16,aloxistatin,raw,1.36,False,0.5691341604091429,0.28661221522701064,0.5608124011484629,False,5.170770061802255
source_5,JUMPCPE-20210730-Run16_20210803_174908,17,AMG900,raw,1.21,False,0.9136823953374298,0.11765366262319023,0.9906063056010579,True,60.796513353002844
source_5,JUMPCPE-20210730-Run16_20210803_174908,17,dexamethasone,raw,1.21,False,0.8895377555422532,0.2254654574544408,0.9161258139455741,True,8.536228887553758
source_5,JUMPCPE-20210730-Run16_20210803_174908,17,FK-866,raw,1.21,False,0.8568647173360318,0.2669542516025672,0.9392094524158825,True,24.433466450923284
source_5,JUMPCPE-20210730-Run16_20210803_174908,17,LY2109761,raw,1.21,False,0.9128988355092836,0.3022865525864277,0.9880742247412875,True,27.57594303923269
source_5,JUMPCPE-20210730-Run16_20210803_174908,17,NVS-PAK1-1,raw,1.21,False,0.7625516456353997,0.2937884778444489,0.9598741983143328,True,26.909937055814
source_5,JUMPCPE-20210730-Run16_20210803_174908,17,quinidine,raw,1.21,False,0.6653816856053044,0.343763210730529,0.5688389628486261,True,3.26761885759522
source_5,JUMPCPE-20210730-Run16_20210803_174908,17,TC-S-7004,raw,1.21,False,0.6980789265136566,0.1875431256291679,0.9540655387209054,True,17.064006328801458
source_5,JUMPCPE-20210730-Run16_20210803_174908,17,aloxistatin,raw,1.21,False,0.578675235239073,0.23678091559248413,0.571761189809173,True,3.2953587434029283
source_5,JUMPCPE-20210806-Run17_20210807_000211,18,AMG900,raw,1.56,False,0.906778269741134,0.1600878953310391,0.9623865157934919,True,57.5594187297645
source_5,JUMPCPE-20210806-Run17_20210807_000211,18,dexamethasone,raw,1.56,False,0.8744496977334024,0.1502022991582473,0.9007501979479733,True,9.078414658350333
source_5,JUMPCPE-20210806-Run17_20210807_000211,18,FK-866,raw,1.56,False,0.8396106120885484,0.30319003379159076,0.9236545082745442,True,29.16013866175383
source_5,JUMPCPE-20210806-Run17_20210807_000211,18,LY2109761,raw,1.56,False,0.9202736380426206,0.29982227562744157,0.9659287387198107,True,32.366209353630595
source_5,JUMPCPE-20210806-Run17_20210807_000211,18,NVS-PAK1-1,raw,1.56,False,0.8027325801386036,0.32350367944811836,0.8924805454262619,True,26.911993264569723
source_5,JUMPCPE-20210806-Run17_20210807_000211,18,quinidine,raw,1.56,False,0.6841646540439885,0.23047235864494103,0.5344044995099295,True,3.695143989259257
source_5,JUMPCPE-20210806-Run17_20210807_000211,18,TC-S-7004,raw,1.56,False,0.6547755858868054,0.26856192963993897,0.8970153328896693,True,15.172824221098308
source_5,JUMPCPE-20210806-Run17_20210807_000211,18,aloxistatin,raw,1.56,False,0.6308015087312266,0.11658505812870941,0.5270049169867325,True,2.7103032821208775
source_5,JUMPCPE-20210806-Run18_20210808_210526,19,AMG900,raw,1.49,False,0.9204915291066476,0.14295933728545984,0.9773949190611639,True,57.80936852624852
source_5,JUMPCPE-20210806-Run18_20210808_210526,19,dexamethasone,raw,1.49,False,0.8528858701459742,0.2719197672375963,0.8704603562365782,True,9.71593826743961
source_5,JUMPCPE-20210806-Run18_20210808_210526,19,FK-866,raw,1.49,False,0.8386654654474373,0.3647186319785231,0.9248259774511092,True,28.131302717400548
source_5,JUMPCPE-20210806-Run18_20210808_210526,19,LY2109761,raw,1.49,False,0.8993050938855152,0.33260692880462855,0.9336554571902093,True,30.252613374654022
source_5,JUMPCPE-20210806-Run18_20210808_210526,19,NVS-PAK1-1,raw,1.49,False,0.7823158835631416,0.30249603081762666,0.9410440881216849,True,28.503809585117967
source_5,JUMPCPE-20210806-Run18_20210808_210526,19,quinidine,raw,1.49,False,0.5772497152076066,0.3092415734222299,0.4556571216356853,True,4.902889720006334
source_5,JUMPCPE-20210806-Run18_20210808_210526,19,TC-S-7004,raw,1.49,False,0.7276076865568774,0.21594060032878262,0.8884604864965359,True,13.964794401150936
source_5,JUMPCPE-20210806-Run18_20210808_210526,19,aloxistatin,raw,1.49,False,0.4433258987983568,0.14653802130913388,0.47258981391893073,True,3.710572766398988
source_5,JUMPCPE-20210811-Run18_20210811_182136,20,AMG900,raw,1.37,False,0.9273670091983568,0.14725763742444048,0.9799268627226219,True,60.315375991771745
source_5,JUMPCPE-20210811-Run18_20210811_182136,20,dexamethasone,raw,1.37,False,0.8061452094717712,0.1611542126826911,0.8657407220580919,True,9.66190615454219
source_5,JUMPCPE-20210811-Run18_20210811_182136,20,FK-866,raw,1.37,False,0.8457315130634389,0.36748834773185557,0.9226336219723099,True,27.8760458957068
source_5,JUMPCPE-20210811-Run18_20210811_182136,20,LY2109761,raw,1.37,False,0.9043018902702362,0.3235466873956504,0.9483022945568857,True,30.194341521519906
source_5,JUMPCPE-20210811-Run18_20210811_182136,20,NVS-PAK1-1,raw,1.37,False,0.8138816669530624,0.31041035371518294,0.9386713052639647,True,27.93581208614557
source_5,JUMPCPE-20210811-Run18_20210811_182136,20,quinidine,raw,1.37,False,0.5526250298049742,0.2463006302264268,0.5218839647590818,True,4.166796112600856
source_5,JUMPCPE-20210811-Run18_20210811_182136,20,TC-S-7004,raw,1.37,False,0.6684583081678461,0.23580053002249457,0.7978417272742685,True,10.614194771181092
source_5,JUMPCPE-20210811-Run18_20210811_182136,20,aloxistatin,raw,1.37,False,0.396835380768751,0.12487620423837498,0.5395210908381239,True,4.525490469121617
source_5,JUMPCPE-20210812-Run20_20210815_062625,21,AMG900,raw,1.15,False,0.9248629802141194,0.12720106180666368,0.9878458143850969,True,61.585616810242335
source_5,JUMPCPE-20210812-Run20_20210815_062625,21,dexamethasone,raw,1.15,False,0.8829340742636959,0.24272136361250657,0.9005254475294763,True,10.010305944047294
source_5,JUMPCPE-20210812-Run20_20210815_062625,21,FK-866,raw,1.15,False,0.8751234594838929,0.3052478586082486,0.9284964155613107,True,27.528633818649055
source_5,JUMPCPE-20210812-Run20_20210815_062625,21,LY2109761,raw,1.15,False,0.905787606301946,0.30364524469494836,0.9798124913784367,True,28.27844617691217
source_5,JUMPCPE-20210812-Run20_20210815_062625,21,NVS-PAK1-1,raw,1.15,False,0.7609437409292067,0.301115505551333,0.9395286025774485,True,25.118829921939803
source_5,JUMPCPE-20210812-Run20_20210815_062625,21,quinidine,raw,1.15,False,0.6331296739837029,0.33948294372840204,0.6150477312146067,False,4.050300859162187
source_5,JUMPCPE-20210812-Run20_20210815_062625,21,TC-S-7004,raw,1.15,False,0.36965006323340943,0.20413216076362997,0.4332542159404553,True,7.948829643123327
source_5,JUMPCPE-20210812-Run20_20210815_062625,21,aloxistatin,raw,1.15,False,0.5667474715978762,0.2438107767314285,0.638625542190315,False,4.947391192391674
source_5,JUMPCPE-20210813-Run21_20210817_031500,22,AMG900,raw,1.18,False,0.9297637779349901,0.14871507920912902,0.9795678781962067,True,60.443371644958816
source_5,JUMPCPE-20210813-Run21_20210817_031500,22,dexamethasone,raw,1.18,False,0.8836903743242192,0.30796373515573183,0.9054574654647087,True,10.114048144029415
source_5,JUMPCPE-20210813-Run21_20210817_031500,22,FK-866,raw,1.18,False,0.8833373146434839,0.35804066841752935,0.9244097427387687,True,26.45771300387346
source_5,JUMPCPE-20210813-Run21_20210817_031500,22,LY2109761,raw,1.18,False,0.9206936374327856,0.31921188126878935,0.974340725666169,True,30.770690758408822
source_5,JUMPCPE-20210813-Run21_20210817_031500,22,NVS-PAK1-1,raw,1.18,False,0.8101381745215637,0.33680733641528393,0.9181089632757451,True,26.941455388945613
source_5,JUMPCPE-20210813-Run21_20210817_031500,22,quinidine,raw,1.18,False,0.6744969947348824,0.38620254991906994,0.5204173858216696,False,4.743364063557251
source_5,JUMPCPE-20210813-Run21_20210817_031500,22,TC-S-7004,raw,1.18,False,0.39744538508893035,0.2915717870155566,0.41150530950163955,False,9.517704426531857
source_5,JUMPCPE-20210813-Run21_20210817_031500,22,aloxistatin,raw,1.18,False,0.5343438409487117,0.26953583150161375,0.6242093843702129,False,6.086270925915898
source_5,JUMPCPE-20210820-Run22_20210821_180957,23,AMG900,raw,0.95,False,0.9186965771644987,0.13799229520813647,0.9860933352196205,True,62.185822950555306
source_5,JUMPCPE-20210820-Run22_20210821_180957,23,dexamethasone,raw,0.95,False,0.890901285541739,0.21979586652434088,0.9174393854995876,True,9.966716128554173
source_5,JUMPCPE-20210820-Run22_20210821_180957,23,FK-866,raw,0.95,False,0.8564178098608507,0.32962836260149075,0.956382456702752,True,26.94605986224729
source_5,JUMPCPE-20210820-Run22_20210821_180957,23,LY2109761,raw,0.95,False,0.8950770063701599,0.27241697365005874,0.9847839425094631,True,30.071511894022674
source_5,JUMPCPE-20210820-Run22_20210821_180957,23,NVS-PAK1-1,raw,0.95,False,0.728065570780632,0.31419567191252845,0.9590970325530254,True,29.192738282924758
source_5,JUMPCPE-20210820-Run22_20210821_180957,23,quinidine,raw,0.95,False,0.6923937035849329,0.29256195404932656,0.5858936270940989,True,3.5165265868243933
source_5,JUMPCPE-20210820-Run22_20210821_180957,23,TC-S-7004,raw,0.95,False,0.4303949143121959,0.19351824872354648,0.6686825525770712,True,11.591259428333975
source_5,JUMPCPE-20210820-Run22_20210821_180957,23,aloxistatin,raw,0.95,False,0.5391283239595505,0.20568322036086797,0.4990443481435113,True,2.8926144345552185
source_5,JUMPCPE-20210820-Run23_20210823_145853,24,AMG900,raw,1.12,False,0.9259580316632233,0.12605227555139994,0.9862125270783697,True,60.983124780977526
source_5,JUMPCPE-20210820-Run23_20210823_145853,24,dexamethasone,raw,1.12,False,0.8584430489824165,0.2968885901606593,0.8914865399360925,True,9.487356562831504
source_5,JUMPCPE-20210820-Run23_20210823_145853,24,FK-866,raw,1.12,False,0.8962818881223225,0.33623915214745176,0.9328737982054972,True,25.78286116582238
source_5,JUMPCPE-20210820-Run23_20210823_145853,24,LY2109761,raw,1.12,False,0.9158470106759765,0.29442981883097874,0.9762267906286581,True,30.10801532814111
source_5,JUMPCPE-20210820-Run23_20210823_145853,24,NVS-PAK1-1,raw,1.12,False,0.8059641499206265,0.3381434868541455,0.9184635008682382,True,26.31287922233639
source_5,JUMPCPE-20210820-Run23_20210823_145853,24,quinidine,raw,1.12,False,0.6047292560832506,0.3839344222487394,0.47196576840312165,False,5.597255845936053
source_5,JUMPCPE-20210820-Run23_20210823_145853,24,TC-S-7004,raw,1.12,False,0.40836242846714155,0.2324686848437543,0.4304746660008576,True,11.309248895958183
source_5,JUMPCPE-20210820-Run23_20210823_145853,24,aloxistatin,raw,1.12,False,0.5793312990023353,0.2957764667362129,0.6476422187318338,False,5.820933659144003
source_5,JUMPCPE-20210902-Run26_20210903_010341,25,AMG900,raw,1.25,False,0.9223076103282584,0.13609679834726382,0.9764928490706652,True,59.447987017192645
source_5,JUMPCPE-20210902-Run26_20210903_010341,25,dexamethasone,raw,1.25,False,0.8581641770319699,0.1827621081933952,0.932976548399663,True,8.827191711252306
source_5,JUMPCPE-20210902-Run26_20210903_010341,25,FK-866,raw,1.25,False,0.8526221069275213,0.3196757220346059,0.9713767476068472,True,26.857152352229956
source_5,JUMPCPE-20210902-Run26_20210903_010341,25,LY2109761,raw,1.25,False,0.9178669246711944,0.2994410763754324,0.9799481602635293,True,30.40534619862048
source_5,JUMPCPE-20210902-Run26_20210903_010341,25,NVS-PAK1-1,raw,1.25,False,0.8020467853156722,0.2864952790170744,0.9392692247692989,True,27.550881257225672
source_5,JUMPCPE-20210902-Run26_20210903_010341,25,quinidine,raw,1.25,False,0.5942879457363552,0.3147304700482429,0.47348502012704,True,4.321749659868205
source_5,JUMPCPE-20210902-Run26_20210903_010341,25,TC-S-7004,raw,1.25,False,0.56827099321546,0.22389194443289065,0.7720775352380034,True,10.343712691979876
source_5,JUMPCPE-20210902-Run26_20210903_010341,25,aloxistatin,raw,1.25,False,0.26007777560890044,-0.0030669190922913902,0.3026855222129094,True,3.0373800857313853
source_5,JUMPCPE-20210903-Run27_20210904_215148,26,AMG900,raw,1.33,False,0.9210907791389701,0.1360885973199473,0.9755216648833704,True,59.22245275456404
source_5,JUMPCPE-20210903-Run27_20210904_215148,26,dexamethasone,raw,1.33,False,0.827556109336242,0.10107335469182822,0.8630603550933571,True,8.857424500671069
source_5,JUMPCPE-20210903-Run27_20210904_215148,26,FK-866,raw,1.33,False,0.8747404856032035,0.30599290314097555,0.9437792464447264,True,27.465524672872746
source_5,JUMPCPE-20210903-Run27_20210904_215148,26,LY2109761,raw,1.33,False,0.9267174333888939,0.2864227614162746,0.9684396589665789,True,30.197474090135263
source_5,JUMPCPE-20210903-Run27_20210904_215148,26,NVS-PAK1-1,raw,1.33,False,0.8376223862274365,0.31744991246630605,0.8835753862776563,True,25.49752917097631
source_5,JUMPCPE-20210903-Run27_20210904_215148,26,quinidine,raw,1.33,False,0.5643017015591785,0.22338672443486424,0.44836015677373997,True,3.064254217371123
source_5,JUMPCPE-20210903-Run27_20210904_215148,26,TC-S-7004,raw,1.33,False,0.5301766446211851,0.20212473164312703,0.6712124732379476,True,11.185177253047543
source_5,JUMPCPE-20210903-Run27_20210904_215148,26,aloxistatin,raw,1.33,False,0.3765097909227546,0.024585171964955965,0.2346145611211506,True,2.566957978753643
source_5,JUMPCPE-20210908-Run28_20210909_072022,27,AMG900,raw,0.89,False,0.91775468052167,0.12899984882420193,0.9865266536662771,True,63.34989916548727
source_5,JUMPCPE-20210908-Run28_20210909_072022,27,dexamethasone,raw,0.89,False,0.8828490469897379,0.19415794183628407,0.939201710760315,True,9.34817427507954
source_5,JUMPCPE-20210908-Run28_20210909_072022,27,FK-866,raw,0.89,False,0.8234737126952258,0.2968763956161054,0.9661993948170687,True,29.673169410300414
source_5,JUMPCPE-20210908-Run28_20210909_072022,27,LY2109761,raw,0.89,False,0.8848134744167937,0.26296226223331015,0.9781897663523129,True,28.847127502161147
source_5,JUMPCPE-20210908-Run28_20210909_072022,27,NVS-PAK1-1,raw,0.89,False,0.7319503719177871,0.2680109524250078,0.9634298482863315,True,28.883622491402697
source_5,JUMPCPE-20210908-Run28_20210909_072022,27,quinidine,raw,0.89,False,0.707830130139165,0.24751848558720502,0.5557782294484206,True,3.348865609369166
source_5,JUMPCPE-20210908-Run28_20210909_072022,27,TC-S-7004,raw,0.89,False,0.5091589157333517,0.12853619139550362,0.8464498662584947,True,11.439763098130985
source_5,JUMPCPE-20210908-Run28_20210909_072022,27,aloxistatin,raw,0.89,False,0.463021030742502,0.11337332589090772,0.6231500793323117,True,3.4870560628973895
source_5,JUMPCPE-20210909-Run29_20210910_234236,28,AMG900,raw,1.03,False,0.9248000918493858,0.13439785673603163,0.9857522937155356,True,60.592975528277385
source_5,JUMPCPE-20210909-Run29_20210910_234236,28,dexamethasone,raw,1.03,False,0.8691322770879412,0.15563468444247178,0.8850279861523536,True,9.617780988328574
source_5,JUMPCPE-20210909-Run29_20210910_234236,28,FK-866,raw,1.03,False,0.8692313370870021,0.32556575353363676,0.9573078506926391,True,27.148767705094915
source_5,JUMPCPE-20210909-Run29_20210910_234236,28,LY2109761,raw,1.03,False,0.9265784317025061,0.310629146775228,0.9854422964621732,True,29.754361304099692
source_5,JUMPCPE-20210909-Run29_20210910_234236,28,NVS-PAK1-1,raw,1.03,False,0.7788137815619257,0.30616186826894815,0.9602356446268547,True,26.83471012351568
source_5,JUMPCPE-20210909-Run29_20210910_234236,28,quinidine,raw,1.03,False,0.8051423829844165,0.352677717528619,0.6277603686606315,True,3.4566642895161483
source_5,JUMPCPE-20210909-Run29_20210910_234236,28,TC-S-7004,raw,1.03,False,0.7108486470451945,0.23614598446191098,0.9663526563305342,True,16.486050990411453
source_5,JUMPCPE-20210909-Run29_20210910_234236,28,aloxistatin,raw,1.03,False,0.3226359436651085,0.07901574421387089,0.5473935531513998,True,4.296962206151914
source_5,JUMPCPE-20210910-Run30_20210912_203428,29,AMG900,raw,1.58,False,0.9156588328873226,0.14403222465488205,0.9679756083795862,True,58.084096568264
source_5,JUMPCPE-20210910-Run30_20210912_203428,29,dexamethasone,raw,1.58,False,0.8679975020734687,0.16174830128129208,0.9114716185206081,True,8.988712962655951
source_5,JUMPCPE-20210910-Run30_20210912_203428,29,FK-866,raw,1.58,False,0.8519004795923784,0.3081548408150208,0.9149980990128387,True,29.344488271243332
source_5,JUMPCPE-20210910-Run30_20210912_203428,29,LY2109761,raw,1.58,False,0.9161420439179817,0.2891967133245732,0.9695819183717688,True,29.80925331364717
source_5,JUMPCPE-20210910-Run30_20210912_203428,29,NVS-PAK1-1,raw,1.58,False,0.8318157381994734,0.3269629744588878,0.8622617856349586,True,25.476868824705868
source_5,JUMPCPE-20210910-Run30_20210912_203428,29,quinidine,raw,1.58,False,0.7549363947459271,0.37831966600770756,0.6328243043714317,True,3.730942629056631
source_5,JUMPCPE-20210910-Run30_20210912_203428,29,TC-S-7004,raw,1.58,False,0.6678421500658425,0.20656538271765937,0.8992312346231325,True,12.157723392646304
source_5,JUMPCPE-20210910-Run30_20210912_203428,29,aloxistatin,raw,1.58,False,0.26118521757695756,0.02982382008686794,0.36820262684153743,False,3.2590974068824674
source_5,JUMPCPE-20211001-Run33_20211001_152017,30,AMG900,raw,1.82,False,0.9235170717160585,0.1649982278306549,0.9577994779833618,True,56.66172404025822
source_5,JUMPCPE-20211001-Run33_20211001_152017,30,dexamethasone,raw,1.82,False,0.8931229519999291,0.1739487248902492,0.9012679381087639,True,11.282319749472967
source_5,JUMPCPE-20211001-Run33_20211001_152017,30,FK-866,raw,1.82,False,0.8466723007370065,0.3224797907202405,0.9165814013535384,True,29.6883762700463
source_5,JUMPCPE-20211001-Run33_20211001_152017,30,LY2109761,raw,1.82,False,0.9213491559600093,0.35744865831155515,0.9112947121420484,True,38.33095147580679
source_5,JUMPCPE-20211001-Run33_20211001_152017,30,NVS-PAK1-1,raw,1.82,False,0.8428592050794013,0.3478245986502734,0.8562625271246909,True,28.638178246150407
source_5,JUMPCPE-20211001-Run33_20211001_152017,30,quinidine,raw,1.82,False,0.7992984747532578,0.35983376788393523,0.5991483720740347,True,6.198284358081105
source_5,JUMPCPE-20211001-Run33_20211001_152017,30,TC-S-7004,raw,1.82,False,0.5267482471306681,0.36677855275145965,0.6302900822710682,True,8.924747388312836
source_5,JUMPCPE-20211001-Run33_20211001_152017,30,aloxistatin,raw,1.82,False,0.675533416785993,0.28984370087527495,0.5636799635666903,True,5.4401746698705935
source_5,JUMPCPE-20211001-Run34_20211003_121618,31,AMG900,raw,1.3,False,0.9052699694073744,0.137374057361838,0.9765497454492986,True,57.81468678550145
source_5,JUMPCPE-20211001-Run34_20211003_121618,31,dexamethasone,raw,1.3,False,0.9078147820599324,0.24477904287308613,0.9425274266925681,True,10.51400346835043
source_5,JUMPCPE-20211001-Run34_20211003_121618,31,FK-866,raw,1.3,False,0.8120841596859701,0.27857848182782324,0.928626653376247,True,27.50932441025336
source_5,JUMPCPE-20211001-Run34_20211003_121618,31,LY2109761,raw,1.3,False,0.9161766570654022,0.3244796191404275,0.9730976912199312,True,32.11739976581695
source_5,JUMPCPE-20211001-Run34_20211003_121618,31,NVS-PAK1-1,raw,1.3,False,0.7719872834156463,0.28670263050329386,0.9563611193481061,True,30.124052732140616
source_5,JUMPCPE-20211001-Run34_20211003_121618,31,quinidine,raw,1.3,False,0.8124153563603365,0.35571624391324846,0.5837483638693421,True,6.602395278442049
source_5,JUMPCPE-20211001-Run34_20211003_121618,31,TC-S-7004,raw,1.3,False,0.3807357716308051,0.25679265393692985,0.510973139730681,True,7.27003112483768
source_5,JUMPCPE-20211001-Run34_20211003_121618,31,aloxistatin,raw,1.3,False,0.6556756935005075,0.2921976833203291,0.6112837112991403,False,5.012945124237191
source_5,JUMPCPE-20211007-Run35_20211007_235529,32,AMG900,raw,1.31,False,0.9087616737756126,0.11118540659421497,0.9827429222028325,True,60.99242966273419
source_5,JUMPCPE-20211007-Run35_20211007_235529,32,dexamethasone,raw,1.31,False,0.8730491380333718,0.23005026273461987,0.9179054204455572,True,11.134468536264103
source_5,JUMPCPE-20211007-Run35_20211007_235529,32,FK-866,raw,1.31,False,0.8306955637512559,0.26788101580698703,0.9484740842119179,True,26.180263039791193
source_5,JUMPCPE-20211007-Run35_20211007_235529,32,LY2109761,raw,1.31,False,0.8955400497571693,0.3336708028917584,0.9618277087436886,True,31.3756785375346
source_5,JUMPCPE-20211007-Run35_20211007_235529,32,NVS-PAK1-1,raw,1.31,False,0.7328402963426169,0.23873233288985393,0.9546366087520728,True,30.64731852859511
source_5,JUMPCPE-20211007-Run35_20211007_235529,32,quinidine,raw,1.31,False,0.7716933185635575,0.3037204084086285,0.5318478011296086,True,5.413162385908796
source_5,JUMPCPE-20211007-Run35_20211007_235529,32,TC-S-7004,raw,1.31,False,0.28809161276806783,0.300360709320797,0.42780849450705527,False,6.232938218007543
source_5,JUMPCPE-20211007-Run35_20211007_235529,32,aloxistatin,raw,1.31,False,0.6724058530407833,0.24520882936375643,0.6579289602508567,True,6.026016918057072
source_5,JUMPCPE-20211014-Run36_20211014_223431,33,AMG900,raw,1.29,False,0.9188174727483172,0.11186784918126712,0.9835243497259267,True,59.89395930472343
source_5,JUMPCPE-20211014-Run36_20211014_223431,33,dexamethasone,raw,1.29,False,0.8847698964428258,0.22200216789866367,0.9071546405423998,True,10.330353357766594
source_5,JUMPCPE-20211014-Run36_20211014_223431,33,FK-866,raw,1.29,False,0.8296863798356195,0.2578399234283676,0.9494433916274004,True,25.08994811875616
source_5,JUMPCPE-20211014-Run36_20211014_223431,33,LY2109761,raw,1.29,False,0.9257562375525346,0.3233281939530671,0.9677535142032785,True,30.64694183401839
source_5,JUMPCPE-20211014-Run36_20211014_223431,33,NVS-PAK1-1,raw,1.29,False,0.7607423965826658,0.2769221227683941,0.9580234304186368,True,29.375369928395504
source_5,JUMPCPE-20211014-Run36_20211014_223431,33,quinidine,raw,1.29,False,0.7483715277196463,0.3497334430822026,0.6220017536992204,True,5.662460074681979
source_5,JUMPCPE-20211014-Run36_20211014_223431,33,TC-S-7004,raw,1.29,False,0.3094111157660735,0.288998342533202,0.3594534582831811,False,6.932554601888854
source_5,JUMPCPE-20211014-Run36_20211014_223431,33,aloxistatin,raw,1.29,False,0.6907128708523806,0.30882497344416765,0.5729246706897442,True,6.543283236904309
source_5,JUMPCPE-20210623-Run01_20210624_003152,1,AMG900,own,0.13,False,0.9211884812326492,-0.020077958751746523,,True,435.0154134903245
source_5,JUMPCPE-20210623-Run01_20210624_003152,1,dexamethasone,own,0.13,False,0.9123671347098226,0.27537772732222826,,True,54.88533569965371
source_5,JUMPCPE-20210623-Run01_20210624_003152,1,FK-866,own,0.13,False,0.826958590436681,0.21499518072349622,,True,155.15235407831628
source_5,JUMPCPE-20210623-Run01_20210624_003152,1,LY2109761,own,0.13,False,0.9210088742228174,0.315852207300289,,True,186.74506421129772
source_5,JUMPCPE-20210623-Run01_20210624_003152,1,NVS-PAK1-1,own,0.13,False,0.7759014544302841,0.21429103544193234,,True,188.1700943034522
source_5,JUMPCPE-20210623-Run01_20210624_003152,1,quinidine,own,0.13,False,0.712368471045506,0.3314288580992499,,True,16.575994545127358
source_5,JUMPCPE-20210623-Run01_20210624_003152,1,TC-S-7004,own,0.13,False,0.7600863621311674,0.19207678375323042,,True,211.21074676833402
source_5,JUMPCPE-20210623-Run01_20210624_003152,1,aloxistatin,own,0.13,False,0.6575700726787741,0.21433511900839947,,True,19.813534276980025
source_5,JUMPCPE-20210623-Run02_20210624_225846,2,AMG900,own,1.04,False,0.9272581954415592,0.014451441195644859,0.989402187285762,True,386.83391877691565
source_5,JUMPCPE-20210623-Run02_20210624_225846,2,dexamethasone,own,1.04,False,0.8912601609427088,0.3018024551123902,0.9480082941357133,True,62.84471025663451
source_5,JUMPCPE-20210623-Run02_20210624_225846,2,FK-866,own,1.04,False,0.8368088086696499,0.27296034128988544,0.942904602620077,True,149.2117851719076
source_5,JUMPCPE-20210623-Run02_20210624_225846,2,LY2109761,own,1.04,False,0.91473428519688,0.32831518290341005,0.9826990162602596,True,186.09829232414498
source_5,JUMPCPE-20210623-Run02_20210624_225846,2,NVS-PAK1-1,own,1.04,False,0.8111074955153363,0.23139427916676483,0.9745034498370289,True,168.9507215287402
source_5,JUMPCPE-20210623-Run02_20210624_225846,2,quinidine,own,1.04,False,0.5449682795477945,0.3555190843572653,0.5793996187030982,True,22.324175589185813
source_5,JUMPCPE-20210623-Run02_20210624_225846,2,TC-S-7004,own,1.04,False,0.7818091976605578,0.2077254938744019,0.9668671880787958,True,188.33135148653568
source_5,JUMPCPE-20210623-Run02_20210624_225846,2,aloxistatin,own,1.04,False,0.6716596562572481,0.32505692529661473,0.6698349833174763,True,29.436783403955893
source_5,JUMPCPE-20210628-Run02_20210628_170203,3,AMG900,own,0.74,False,0.928760867219433,0.003759485543786701,0.9932120133447404,True,387.64059429520825
source_5,JUMPCPE-20210628-Run02_20210628_170203,3,dexamethasone,own,0.74,False,0.9232464898162052,0.2939203294972805,0.9587288534160513,True,58.11763380324042
source_5,JUMPCPE-20210628-Run02_20210628_170203,3,FK-866,own,0.74,False,0.8568124483509257,0.26311189088053505,0.9550964259169732,True,144.39465991344443
source_5,JUMPCPE-20210628-Run02_20210628_170203,3,LY2109761,own,0.74,False,0.9141085526297548,0.3279453271708296,0.9831261845713359,True,185.72591023905858
source_5,JUMPCPE-20210628-Run02_20210628_170203,3,NVS-PAK1-1,own,0.74,False,0.8037728798716809,0.22714233832656644,0.9828786863219071,True,176.09437776749
source_5,JUMPCPE-20210628-Run02_20210628_170203,3,quinidine,own,0.74,False,0.7447060485868116,0.3959864630589565,0.7464078868205202,True,24.082648632545574
source_5,JUMPCPE-20210628-Run02_20210628_170203,3,TC-S-7004,own,0.74,False,0.7741842984799988,0.1933520709949082,0.9812154994649168,True,163.90881372471475
source_5,JUMPCPE-20210628-Run02_20210628_170203,3,aloxistatin,own,0.74,False,0.6498399034083597,0.30507172981935077,0.7294692119915283,False,33.25520520638107
source_5,JUMPCPE-20210628-Run03_20210629_064133,4,AMG900,own,1.13,False,0.9343851146468536,0.03306707866068702,0.9871532856563576,True,396.871987650198
source_5,JUMPCPE-20210628-Run03_20210629_064133,4,dexamethasone,own,1.13,False,0.9218141758874561,0.2571596036761144,0.9712126925794142,True,55.13751436937311
source_5,JUMPCPE-20210628-Run03_20210629_064133,4,FK-866,own,1.13,False,0.8684641661891359,0.29228087853007995,0.9525149938126489,True,164.448903702554
source_5,JUMPCPE-20210628-Run03_20210629_064133,4,LY2109761,own,1.13,False,0.918631495159322,0.34194814076804647,0.9721074856775462,True,213.74960993601007
source_5,JUMPCPE-20210628-Run03_20210629_064133,4,NVS-PAK1-1,own,1.13,False,0.8450606555581959,0.2789563639806602,0.9494575884427864,True,184.16766488470097
source_5,JUMPCPE-20210628-Run03_20210629_064133,4,quinidine,own,1.13,False,0.8155255827860729,0.39436447569210603,0.7911322053105398,True,18.700635914231498
source_5,JUMPCPE-20210628-Run03_20210629_064133,4,TC-S-7004,own,1.13,False,0.7900059641498609,0.26573075711722305,0.9611061497088504,True,212.6667434270174
source_5,JUMPCPE-20210628-Run03_20210629_064133,4,aloxistatin,own,1.13,False,0.6316062855241384,0.2557448838283666,0.7397630043669108,True,21.022646136375005
source_5,JUMPCPE-20210702-Run04_20210703_060202,5,AMG900,own,1.29,False,0.9328315397052255,0.023764080540163917,0.9802009776302973,True,350.6514225944678
source_5,JUMPCPE-20210702-Run04_20210703_060202,5,dexamethasone,own,1.29,False,0.9386563510766026,0.30961447759859345,0.964002210706054,True,46.482037716818695
source_5,JUMPCPE-20210702-Run04_20210703_060202,5,FK-866,own,1.29,False,0.8556683391158438,0.2712664108969913,0.9552110342489741,True,131.90654199111037
source_5,JUMPCPE-20210702-Run04_20210703_060202,5,LY2109761,own,1.29,False,0.9219598646981593,0.33473413099014643,0.9688368110806671,True,178.78532150195124
source_5,JUMPCPE-20210702-Run04_20210703_060202,5,NVS-PAK1-1,own,1.29,False,0.8374465776390947,0.2759830489990839,0.9443492667665399,True,153.27112248810732
source_5,JUMPCPE-20210702-Run04_20210703_060202,5,quinidine,own,1.29,False,0.7210070754688312,0.2623995606232696,0.7075752480073886,True,12.68826161896549
source_5,JUMPCPE-20210702-Run04_20210703_060202,5,TC-S-7004,own,1.29,False,0.7861075740299769,0.25254311683637937,0.9488295423960059,True,144.07579009048598
source_5,JUMPCPE-20210702-Run04_20210703_060202,5,aloxistatin,own,1.29,False,0.6016100291814245,0.20256480403391794,0.7733384833927157,True,15.824166565152568
source_5,JUMPCPE-20210704-Run05_20210705_025956,6,AMG900,own,1.06,False,0.9383110599577088,0.0495732347988227,0.9714026222617675,True,379.18128658958875
source_5,JUMPCPE-20210704-Run05_20210705_025956,6,dexamethasone,own,1.06,False,0.9039044590378204,0.20937612486747842,0.9548822169329058,True,46.424045316676256
source_5,JUMPCPE-20210704-Run05_20210705_025956,6,FK-866,own,1.06,False,0.8718368817203502,0.2644790899912074,0.956918993098967,True,146.07579407092015
source_5,JUMPCPE-20210704-Run05_20210705_025956,6,LY2109761,own,1.06,False,0.9230191829301075,0.3189313122797571,0.982820241942868,True,177.39072653850909
source_5,JUMPCPE-20210704-Run05_20210705_025956,6,NVS-PAK1-1,own,1.06,False,0.8515248414823113,0.26666462525158446,0.9315620779642795,True,130.6330728340185
source_5,JUMPCPE-20210704-Run05_20210705_025956,6,quinidine,own,1.06,False,0.6141593606740483,0.2409757685054221,0.5321754810297763,True,17.197591003124565
source_5,JUMPCPE-20210704-Run05_20210705_025956,6,TC-S-7004,own,1.06,False,0.7622796019081974,0.2699360815397135,0.9674039454159633,True,174.353563512852
source_5,JUMPCPE-20210704-Run05_20210705_025956,6,aloxistatin,own,1.06,False,0.6252152074238229,0.1789610277280684,0.5631102983744481,True,14.360390910679007
source_5,JUMPCPE-20210706-Run06_20210706_235916,7,AMG900,own,0.86,False,0.9398041311939481,0.02380512619052114,0.9823512366615055,True,401.20891140437504
source_5,JUMPCPE-20210706-Run06_20210706_235916,7,dexamethasone,own,0.86,False,0.8851394190706979,0.19297667506969723,0.9447146238159607,True,52.82872097501034
source_5,JUMPCPE-20210706-Run06_20210706_235916,7,FK-866,own,0.86,False,0.8637933541341547,0.2337189703705473,0.9692909038329534,True,156.54234302444988
source_5,JUMPCPE-20210706-Run06_20210706_235916,7,LY2109761,own,0.86,False,0.9258937309096954,0.3086335433265783,0.9864590285244819,True,168.35843999050897
source_5,JUMPCPE-20210706-Run06_20210706_235916,7,NVS-PAK1-1,own,0.86,False,0.8320135360356087,0.25441043462925583,0.9679497316790413,True,165.8903288908929
source_5,JUMPCPE-20210706-Run06_20210706_235916,7,quinidine,own,0.86,False,0.7604876143903171,0.34533957728710407,0.7580668654074407,True,23.310605505868505
source_5,JUMPCPE-20210706-Run06_20210706_235916,7,TC-S-7004,own,0.86,False,0.7704047848146917,0.2331295880137097,0.981793392851068,True,163.12772768411526
source_5,JUMPCPE-20210706-Run06_20210706_235916,7,aloxistatin,own,0.86,False,0.6306018052582683,0.2969237989083063,0.675991882640709,True,21.19900984353691
source_5,JUMPCPE-20210709-Run07_20210709_230159,8,AMG900,own,0.94,False,0.9357268689823621,0.007669905780394194,0.9869460245081558,True,381.1959337775323
source_5,JUMPCPE-20210709-Run07_20210709_230159,8,dexamethasone,own,0.94,False,0.9129872946887927,0.27907712849418875,0.973691001127234,True,51.102299920425516
source_5,JUMPCPE-20210709-Run07_20210709_230159,8,FK-866,own,0.94,False,0.8714401075072711,0.23204038215798678,0.9554996634871074,True,135.32033160237847
source_5,JUMPCPE-20210709-Run07_20210709_230159,8,LY2109761,own,0.94,False,0.9184491253306731,0.3075699957952786,0.9846596658814066,True,164.21106505434665
source_5,JUMPCPE-20210709-Run07_20210709_230159,8,NVS-PAK1-1,own,0.94,False,0.8366911121588438,0.23953069122834014,0.9573300660848517,True,147.66498483626623
source_5,JUMPCPE-20210709-Run07_20210709_230159,8,quinidine,own,0.94,False,0.7021638542740354,0.3223523174882456,0.6869636824872629,True,21.315526017957463
source_5,JUMPCPE-20210709-Run07_20210709_230159,8,TC-S-7004,own,0.94,False,0.7572479018605404,0.2107369287170769,0.9712344600849007,True,118.57574868022591
source_5,JUMPCPE-20210709-Run07_20210709_230159,8,aloxistatin,own,0.94,False,0.6549910003927071,0.24206726114045415,0.703911020820803,True,25.378986672567066
source_5,JUMPCPE-20210709-Run08_20210711_195507,9,AMG900,own,0.58,False,0.9341079993855502,0.011194974355698039,0.990645191801853,True,432.14931447682403
source_5,JUMPCPE-20210709-Run08_20210711_195507,9,dexamethasone,own,0.58,False,0.8496355544632646,0.27505397081967947,0.9482894627338337,True,51.244778085491944
source_5,JUMPCPE-20210709-Run08_20210711_195507,9,FK-866,own,0.58,False,0.8554712025292948,0.26420997982729116,0.9767951747543919,True,152.51442100820964
source_5,JUMPCPE-20210709-Run08_20210711_195507,9,LY2109761,own,0.58,False,0.9054824950987848,0.30508179466378194,0.9889940948230538,True,163.60132651408816
source_5,JUMPCPE-20210709-Run08_20210711_195507,9,NVS-PAK1-1,own,0.58,False,0.8108830768203397,0.21536808545256197,0.9848837464371707,True,187.03421496136744
source_5,JUMPCPE-20210709-Run08_20210711_195507,9,quinidine,own,0.58,False,0.5310153724475586,0.2712219301737003,0.5735945094912835,False,22.777754999324532
source_5,JUMPCPE-20210709-Run08_20210711_195507,9,TC-S-7004,own,0.58,False,0.7090292237084546,0.1949468680502716,0.9813778817886714,True,137.09573580760897
source_5,JUMPCPE-20210709-Run08_20210711_195507,9,aloxistatin,own,0.58,False,0.7166471778992665,0.3142746858310245,0.7193440171053866,True,26.619852573533358
source_5,JUMPCPE-20210712-Run09_20210713_003159,10,AMG900,own,0.88,False,0.9406809989282222,0.031650303370393,0.9805012431368614,True,383.30247320029827
source_5,JUMPCPE-20210712-Run09_20210713_003159,10,dexamethasone,own,0.88,False,0.9139263483670055,0.3075618404371866,0.9495673808053421,True,52.79505303041859
source_5,JUMPCPE-20210712-Run09_20210713_003159,10,FK-866,own,0.88,False,0.8585313908435739,0.28750998357488006,0.9668777491098094,True,141.3498820026057
source_5,JUMPCPE-20210712-Run09_20210713_003159,10,LY2109761,own,0.88,False,0.9221564680368192,0.33505448283074113,0.9811191152980903,True,163.61568900680348
source_5,JUMPCPE-20210712-Run09_20210713_003159,10,NVS-PAK1-1,own,0.88,False,0.8315889766310622,0.25379995966073265,0.9688031739038825,True,169.5031436622565
source_5,JUMPCPE-20210712-Run09_20210713_003159,10,quinidine,own,0.88,False,0.6582062482841687,0.39114544565108816,0.65331945763297,True,22.03801866965023
source_5,JUMPCPE-20210712-Run09_20210713_003159,10,TC-S-7004,own,0.88,False,0.7596332957921473,0.22241098756507552,0.9657281305310992,True,120.90332453108844
source_5,JUMPCPE-20210712-Run09_20210713_003159,10,aloxistatin,own,0.88,False,0.6776793872453871,0.321954722165216,0.6404125933604137,True,25.263473969685364
source_5,JUMPCPE-20210715-Run10_20210715_223420,11,AMG900,own,0.77,False,0.9375041075530826,0.011095945142181015,0.9882208858152657,True,394.84539056685304
source_5,JUMPCPE-20210715-Run10_20210715_223420,11,dexamethasone,own,0.77,False,0.9190070483923427,0.28428466555331494,0.9750064746235205,True,51.097767677546834
source_5,JUMPCPE-20210715-Run10_20210715_223420,11,FK-866,own,0.77,False,0.8608993576575327,0.21385471625818114,0.9598796389098722,True,146.6961938414551
source_5,JUMPCPE-20210715-Run10_20210715_223420,11,LY2109761,own,0.77,False,0.9110504483454553,0.32593739691066226,0.9877262082469954,True,167.8166895652311
source_5,JUMPCPE-20210715-Run10_20210715_223420,11,NVS-PAK1-1,own,0.77,False,0.842712443572281,0.24660220110606684,0.963544602964902,True,156.14091372270684
source_5,JUMPCPE-20210715-Run10_20210715_223420,11,quinidine,own,0.77,False,0.7500273287837296,0.4192730303016024,0.8038414038168256,True,21.571868987564716
source_5,JUMPCPE-20210715-Run10_20210715_223420,11,TC-S-7004,own,0.77,False,0.7140055692859986,0.193050276286173,0.94238979698504,True,78.22118764222093
source_5,JUMPCPE-20210715-Run10_20210715_223420,11,aloxistatin,own,0.77,False,0.6812106554307237,0.36777579111552583,0.7097684892421524,True,24.3695404544649
source_5,JUMPCPE-20210716-Run11_20210717_192647,12,AMG900,own,1.07,False,0.9357751103007885,0.024319231481274538,0.9812034860452011,True,401.3315892327894
source_5,JUMPCPE-20210716-Run11_20210717_192647,12,dexamethasone,own,1.07,False,0.9079830290721651,0.18091064297845,0.9608841134333705,True,52.18876689050518
source_5,JUMPCPE-20210716-Run11_20210717_192647,12,FK-866,own,1.07,False,0.8624776364481728,0.22026345565111413,0.9449273276739085,True,157.8647481993307
source_5,JUMPCPE-20210716-Run11_20210717_192647,12,LY2109761,own,1.07,False,0.9139622766406917,0.30175070699323403,0.9876179145634744,True,182.69864375249375
source_5,JUMPCPE-20210716-Run11_20210717_192647,12,NVS-PAK1-1,own,1.07,False,0.8208042109389144,0.27750296847496964,0.9334034968637319,True,163.2431243534594
source_5,JUMPCPE-20210716-Run11_20210717_192647,12,quinidine,own,1.07,False,0.6429405767293481,0.2509321513650381,0.5856715433058962,True,18.103233623466256
source_5,JUMPCPE-20210716-Run11_20210717_192647,12,TC-S-7004,own,1.07,False,0.7282356061490536,0.2302298863204182,0.9649364824739681,True,138.59639844549534
source_5,JUMPCPE-20210716-Run11_20210717_192647,12,aloxistatin,own,1.07,False,0.62317940762932,0.1234955904628345,0.7580531069064358,True,12.549972066970847
source_5,JUMPCPE-20210716-Run12_20210719_162047,13,AMG900,own,0.94,False,0.9341656727335611,0.003936661147620967,0.9872341549109167,True,417.94610063384806
source_5,JUMPCPE-20210716-Run12_20210719_162047,13,dexamethasone,own,0.94,False,0.9132592880645324,0.18388631128287597,0.9549203986398075,True,51.341477389698895
source_5,JUMPCPE-20210716-Run12_20210719_162047,13,FK-866,own,0.94,False,0.8632208122294645,0.2634266202243169,0.9482376993713955,True,153.638311009728
source_5,JUMPCPE-20210716-Run12_20210719_162047,13,LY2109761,own,0.94,False,0.9061671321200767,0.3214327373183048,0.9890792120741668,True,184.5145718396255
source_5,JUMPCPE-20210716-Run12_20210719_162047,13,NVS-PAK1-1,own,0.94,False,0.8203583585588485,0.26358186651762033,0.9650239831274181,True,180.53915143070415
source_5,JUMPCPE-20210716-Run12_20210719_162047,13,quinidine,own,0.94,False,0.7353730998737372,0.3166325242260274,0.7778441318416411,True,18.894915326121634
source_5,JUMPCPE-20210716-Run12_20210719_162047,13,TC-S-7004,own,0.94,False,0.7060676184774255,0.20164559709088606,0.9593754557708081,True,108.316362049942
source_5,JUMPCPE-20210716-Run12_20210719_162047,13,aloxistatin,own,0.94,False,0.6477898975222498,0.21052558193582446,0.8504573831161069,True,19.961273844730112
source_5,JUMPCPE-20210719-Run13_20210721_131445,14,AMG900,own,1.15,False,0.9381041530034198,0.014986796831046131,0.9889623678238552,True,409.6209020647544
source_5,JUMPCPE-20210719-Run13_20210721_131445,14,dexamethasone,own,1.15,False,0.9044719840345983,0.22556433565073924,0.9523328138559972,True,54.559994678486085
source_5,JUMPCPE-20210719-Run13_20210721_131445,14,FK-866,own,1.15,False,0.8574159647684567,0.2207530040853735,0.9559943974182259,True,147.4337317506859
source_5,JUMPCPE-20210719-Run13_20210721_131445,14,LY2109761,own,1.15,False,0.913293569512232,0.3064260949464633,0.9863251454117788,True,185.07616453446002
source_5,JUMPCPE-20210719-Run13_20210721_131445,14,NVS-PAK1-1,own,1.15,False,0.8190324867230503,0.2807747829750995,0.9470452370981648,True,159.02287820448572
source_5,JUMPCPE-20210719-Run13_20210721_131445,14,quinidine,own,1.15,False,0.7763205111301577,0.3764995895247515,0.781586061234961,True,20.226866069142126
source_5,JUMPCPE-20210719-Run13_20210721_131445,14,TC-S-7004,own,1.15,False,0.722433373419623,0.1837889575750631,0.9357881640054264,True,86.11622630818654
source_5,JUMPCPE-20210719-Run13_20210721_131445,14,aloxistatin,own,1.15,False,0.6521682680329393,0.30566342712964867,0.777560509943449,True,19.27845936758551
source_5,JUMPCPE-20210730-Run14_20210731_000211,15,AMG900,own,0.9,False,0.9346912181209087,0.03421149319223691,0.9786383838047614,True,393.90699187644753
source_5,JUMPCPE-20210730-Run14_20210731_000211,15,dexamethasone,own,0.9,False,0.9298153200262178,0.266972082957709,0.9738924872241923,True,52.74144269873896
source_5,JUMPCPE-20210730-Run14_20210731_000211,15,FK-866,own,0.9,False,0.8579112047983406,0.23748968988792393,0.9446473184149816,True,152.10708851297485
source_5,JUMPCPE-20210730-Run14_20210731_000211,15,LY2109761,own,0.9,False,0.9027863081552578,0.3039946749249432,0.9850415812447367,True,169.0281350898797
source_5,JUMPCPE-20210730-Run14_20210731_000211,15,NVS-PAK1-1,own,0.9,False,0.8123676900453989,0.2617240689757169,0.9550986721498533,True,168.54587306719068
source_5,JUMPCPE-20210730-Run14_20210731_000211,15,quinidine,own,0.9,False,0.7341846257528948,0.3401384788270838,0.7315302005842819,True,22.610533622538895
source_5,JUMPCPE-20210730-Run14_20210731_000211,15,TC-S-7004,own,0.9,False,0.7323789097043982,0.23446408955999593,0.9713528682257437,True,142.36389884518863
source_5,JUMPCPE-20210730-Run14_20210731_000211,15,aloxistatin,own,0.9,False,0.6910733920334282,0.3169231744984646,0.7360423863753662,True,18.898737183866793
source_5,JUMPCPE-20210730-Run15_20210801_205335,16,AMG900,own,1.36,False,0.9351312952234019,0.04990486247438427,0.9757365315077869,True,382.4903527534714
source_5,JUMPCPE-20210730-Run15_20210801_205335,16,dexamethasone,own,1.36,False,0.9266878582384457,0.26683326479781366,0.95593099285191,True,58.46789276202344
source_5,JUMPCPE-20210730-Run15_20210801_205335,16,FK-866,own,1.36,False,0.8263268670734645,0.34389396777452325,0.8982434017127949,True,156.15681129484355
source_5,JUMPCPE-20210730-Run15_20210801_205335,16,LY2109761,own,1.36,False,0.8867033774478945,0.34319926345555635,0.9617662853193519,True,193.26672925581624
source_5,JUMPCPE-20210730-Run15_20210801_205335,16,NVS-PAK1-1,own,1.36,False,0.824250462381652,0.3065340498717788,0.915073490251292,True,181.6695663297906
source_5,JUMPCPE-20210730-Run15_20210801_205335,16,quinidine,own,1.36,False,0.732267404594654,0.41545625690763394,0.7471617509344082,True,28.99481275264024
source_5,JUMPCPE-20210730-Run15_20210801_205335,16,TC-S-7004,own,1.36,False,0.7852286590744098,0.24757392896219602,0.9327594111587799,True,143.575670666566
source_5,JUMPCPE-20210730-Run15_20210801_205335,16,aloxistatin,own,1.36,False,0.6523464557206476,0.3128650772892689,0.7042718582060308,True,31.9030833464474
source_5,JUMPCPE-20210730-Run16_20210803_174908,17,AMG900,own,1.21,False,0.9265301582169958,0.004783615250830113,0.9888358433509983,True,394.1605321038577
source_5,JUMPCPE-20210730-Run16_20210803_174908,17,dexamethasone,own,1.21,False,0.9058232609327543,0.2147274768385028,0.958591947671913,True,51.41678214905986
source_5,JUMPCPE-20210730-Run16_20210803_174908,17,FK-866,own,1.21,False,0.8564068511485614,0.21270761372352223,0.9386642064863063,True,144.4805976132572
source_5,JUMPCPE-20210730-Run16_20210803_174908,17,LY2109761,own,1.21,False,0.9009681865157686,0.3001470392233876,0.9853616673764609,True,165.22013639082203
source_5,JUMPCPE-20210730-Run16_20210803_174908,17,NVS-PAK1-1,own,1.21,False,0.8133519481331475,0.25005132649767553,0.960950929960592,True,162.0157377185297
source_5,JUMPCPE-20210730-Run16_20210803_174908,17,quinidine,own,1.21,False,0.6887233614760679,0.33437666685614903,0.6988997886774827,True,19.640795496164294
source_5,JUMPCPE-20210730-Run16_20210803_174908,17,TC-S-7004,own,1.21,False,0.7194835342021305,0.18465427175831234,0.9666190998993873,True,106.87982341568136
source_5,JUMPCPE-20210730-Run16_20210803_174908,17,aloxistatin,own,1.21,False,0.6943177421476019,0.25161910931321174,0.7428733935846921,True,19.130679641152756
source_5,JUMPCPE-20210806-Run17_20210807_000211,18,AMG900,own,1.56,False,0.9181472108768713,0.06275113141477216,0.9424327151523044,True,359.94093799680775
source_5,JUMPCPE-20210806-Run17_20210807_000211,18,dexamethasone,own,1.56,False,0.8815660030281982,0.13912765560378237,0.9114534902300981,True,47.12885377027021
source_5,JUMPCPE-20210806-Run17_20210807_000211,18,FK-866,own,1.56,False,0.8590926674950847,0.25985804975667387,0.9092657707590539,True,154.81779499361917
source_5,JUMPCPE-20210806-Run17_20210807_000211,18,LY2109761,own,1.56,False,0.9029211644278405,0.30472185890384046,0.9675628923185823,True,174.77531044955262
source_5,JUMPCPE-20210806-Run17_20210807_000211,18,NVS-PAK1-1,own,1.56,False,0.8218026850770008,0.27422263352182213,0.8977206387479624,True,155.37399750964693
source_5,JUMPCPE-20210806-Run17_20210807_000211,18,quinidine,own,1.56,False,0.7035720729004925,0.25562982883245444,0.647419979722719,True,18.19949755346953
source_5,JUMPCPE-20210806-Run17_20210807_000211,18,TC-S-7004,own,1.56,False,0.6723856070400407,0.27627819735719444,0.909982734194223,True,83.7177741753634
source_5,JUMPCPE-20210806-Run17_20210807_000211,18,aloxistatin,own,1.56,False,0.6809093578115171,0.10327128892909451,0.6937358309046632,True,16.79790640226297
source_5,JUMPCPE-20210806-Run18_20210808_210526,19,AMG900,own,1.49,False,0.9296994601596996,0.027458252035735303,0.9782109275462585,True,369.04497708242997
source_5,JUMPCPE-20210806-Run18_20210808_210526,19,dexamethasone,own,1.49,False,0.8954596709742566,0.2473670959249456,0.9378109870376923,True,55.96015086656438
source_5,JUMPCPE-20210806-Run18_20210808_210526,19,FK-866,own,1.49,False,0.8454135012508146,0.31108370990131384,0.9186854635856091,True,152.404274456303
source_5,JUMPCPE-20210806-Run18_20210808_210526,19,LY2109761,own,1.49,False,0.8897145508255766,0.3266064230856899,0.96329870855914,True,171.03118048127962
source_5,JUMPCPE-20210806-Run18_20210808_210526,19,NVS-PAK1-1,own,1.49,False,0.8213603032880417,0.2451911459894848,0.9521585379339322,True,163.66878066934163
source_5,JUMPCPE-20210806-Run18_20210808_210526,19,quinidine,own,1.49,False,0.5725067083993136,0.33404560576517295,0.5654370096966159,False,27.481692495230146
source_5,JUMPCPE-20210806-Run18_20210808_210526,19,TC-S-7004,own,1.49,False,0.7026236034997364,0.19868963634824816,0.8929710876573371,True,81.5696084822562
source_5,JUMPCPE-20210806-Run18_20210808_210526,19,aloxistatin,own,1.49,False,0.6346888397830801,0.20851591638307923,0.6920872790594058,True,19.254840234585444
source_5,JUMPCPE-20210811-Run18_20210811_182136,20,AMG900,own,1.37,False,0.9310533972120063,0.030094272754726006,0.9798265308860143,True,377.15328918569
source_5,JUMPCPE-20210811-Run18_20210811_182136,20,dexamethasone,own,1.37,False,0.8507725832884026,0.14642626624317362,0.9178494824278082,True,49.875657698347716
source_5,JUMPCPE-20210811-Run18_20210811_182136,20,FK-866,own,1.37,False,0.8334610454638927,0.29261224370219263,0.9094309750508752,True,154.0099715977577
source_5,JUMPCPE-20210811-Run18_20210811_182136,20,LY2109761,own,1.37,False,0.8785813034250848,0.31501686457299105,0.9557614349682136,True,159.57817390141767
source_5,JUMPCPE-20210811-Run18_20210811_182136,20,NVS-PAK1-1,own,1.37,False,0.8463272199827525,0.25044602841618063,0.9489603360070699,True,150.89457018027542
source_5,JUMPCPE-20210811-Run18_20210811_182136,20,quinidine,own,1.37,False,0.6541262547720814,0.32439441289506105,0.7254930328739739,True,21.19069244830644
source_5,JUMPCPE-20210811-Run18_20210811_182136,20,TC-S-7004,own,1.37,False,0.6950573719623647,0.20765961553035828,0.8580961330714801,True,61.25894827123218
source_5,JUMPCPE-20210811-Run18_20210811_182136,20,aloxistatin,own,1.37,False,0.523967269959173,0.15428824573282776,0.7522576243789649,True,24.861761589037705
source_5,JUMPCPE-20210812-Run20_20210815_062625,21,AMG900,own,1.15,False,0.9341301925985279,0.03607167937627847,0.9797038267572458,True,385.55149646916067
source_5,JUMPCPE-20210812-Run20_20210815_062625,21,dexamethasone,own,1.15,False,0.9203896068546775,0.23526433429044527,0.948631727701236,True,54.299376339410145
source_5,JUMPCPE-20210812-Run20_20210815_062625,21,FK-866,own,1.15,False,0.8801905404453365,0.2539616878052788,0.9337817974854026,True,152.08562239610774
source_5,JUMPCPE-20210812-Run20_20210815_062625,21,LY2109761,own,1.15,False,0.8794210020657496,0.3110040245504567,0.9719271959620495,True,154.94719733490044
source_5,JUMPCPE-20210812-Run20_20210815_062625,21,NVS-PAK1-1,own,1.15,False,0.8077284229761336,0.26390923290146945,0.938731127650192,True,148.67481819659398
source_5,JUMPCPE-20210812-Run20_20210815_062625,21,quinidine,own,1.15,False,0.743833999307052,0.3831305486580724,0.7719769471167546,True,22.189646582593348
source_5,JUMPCPE-20210812-Run20_20210815_062625,21,TC-S-7004,own,1.15,False,0.5483493225206151,0.24242175143804606,0.6902881526924856,True,39.39552473911416
source_5,JUMPCPE-20210812-Run20_20210815_062625,21,aloxistatin,own,1.15,False,0.6436373479970239,0.2872686061922166,0.796624295577185,False,26.739159402927285
source_5,JUMPCPE-20210813-Run21_20210817_031500,22,AMG900,own,1.18,False,0.9367764360518557,0.037790378082337255,0.9740875367187314,True,386.39654476880594
source_5,JUMPCPE-20210813-Run21_20210817_031500,22,dexamethasone,own,1.18,False,0.8988015485805252,0.27799457475148615,0.9390498446083272,True,58.06812298302314
source_5,JUMPCPE-20210813-Run21_20210817_031500,22,FK-866,own,1.18,False,0.8571999976981044,0.284962622497275,0.9152337458259384,True,149.1395862887743
source_5,JUMPCPE-20210813-Run21_20210817_031500,22,LY2109761,own,1.18,False,0.8923203799433229,0.32204646083476557,0.9739565154480889,True,173.23989661865104
source_5,JUMPCPE-20210813-Run21_20210817_031500,22,NVS-PAK1-1,own,1.18,False,0.8284575921136674,0.2877159197717365,0.9117308949808438,True,152.24412195630526
source_5,JUMPCPE-20210813-Run21_20210817_031500,22,quinidine,own,1.18,False,0.752402215738547,0.4022744572366551,0.7842208799805369,True,27.421906553661177
source_5,JUMPCPE-20210813-Run21_20210817_031500,22,TC-S-7004,own,1.18,False,0.5592013470580648,0.32103825356578264,0.6276319495242741,False,48.821849430133774
source_5,JUMPCPE-20210813-Run21_20210817_031500,22,aloxistatin,own,1.18,False,0.5812454702727272,0.29738181812333025,0.775376786761563,False,35.8962936635597
source_5,JUMPCPE-20210820-Run22_20210821_180957,23,AMG900,own,0.95,False,0.9349198334489622,0.03781677736195719,0.9799401073384333,True,397.0154245292936
source_5,JUMPCPE-20210820-Run22_20210821_180957,23,dexamethasone,own,0.95,False,0.9138897618744224,0.19637938497062463,0.9462385043836001,True,55.57052557247673
source_5,JUMPCPE-20210820-Run22_20210821_180957,23,FK-866,own,0.95,False,0.8593617021702563,0.2800952845180568,0.9530957136358758,True,149.81698054915952
source_5,JUMPCPE-20210820-Run22_20210821_180957,23,LY2109761,own,0.95,False,0.8888525622417323,0.30323354724742174,0.9826683166678238,True,168.8166215735268
source_5,JUMPCPE-20210820-Run22_20210821_180957,23,NVS-PAK1-1,own,0.95,False,0.7946879676351055,0.2822010328679404,0.9510794081037947,True,171.81816495962397
source_5,JUMPCPE-20210820-Run22_20210821_180957,23,quinidine,own,0.95,False,0.7907820906294598,0.3314194132690357,0.7798265094334822,True,21.524449903353208
source_5,JUMPCPE-20210820-Run22_20210821_180957,23,TC-S-7004,own,0.95,False,0.5750390314154448,0.22019463016272176,0.8131677518161295,False,58.65984970646955
source_5,JUMPCPE-20210820-Run22_20210821_180957,23,aloxistatin,own,0.95,False,0.6289417641314815,0.22027313436772628,0.8162759198581897,True,17.28199404915396
source_5,JUMPCPE-20210820-Run23_20210823_145853,24,AMG900,own,1.12,False,0.9358616306154404,0.024629421870735937,0.9787718424257166,True,382.53987783504397
source_5,JUMPCPE-20210820-Run23_20210823_145853,24,dexamethasone,own,1.12,False,0.8762612920814434,0.2795156276415292,0.9407649470180178,True,52.71353208020408
source_5,JUMPCPE-20210820-Run23_20210823_145853,24,FK-866,own,1.12,False,0.8617509890148584,0.258982232281276,0.930761333819002,True,146.5915595877061
source_5,JUMPCPE-20210820-Run23_20210823_145853,24,LY2109761,own,1.12,False,0.9022056911902243,0.3026528830252774,0.9790499541742995,True,156.4528503323388
source_5,JUMPCPE-20210820-Run23_20210823_145853,24,NVS-PAK1-1,own,1.12,False,0.8167647652981584,0.28547787192443097,0.9226295509350769,True,151.1972032105737
source_5,JUMPCPE-20210820-Run23_20210823_145853,24,quinidine,own,1.12,False,0.7373476343938529,0.40766717771444316,0.776478710971439,True,30.171970521475764
source_5,JUMPCPE-20210820-Run23_20210823_145853,24,TC-S-7004,own,1.12,False,0.5444280049071286,0.2535736196388932,0.6197787009364788,True,58.98536034451722
source_5,JUMPCPE-20210820-Run23_20210823_145853,24,aloxistatin,own,1.12,False,0.6163454347347131,0.31884746038357664,0.7867983787329951,True,34.10883194954575
source_5,JUMPCPE-20210902-Run26_20210903_010341,25,AMG900,own,1.25,False,0.9325035146891669,0.03487110443834673,0.967454993931746,True,377.1170607014747
source_5,JUMPCPE-20210902-Run26_20210903_010341,25,dexamethasone,own,1.25,False,0.8776580536935513,0.16194989740248852,0.917009997095649,True,46.620466219903335
source_5,JUMPCPE-20210902-Run26_20210903_010341,25,FK-866,own,1.25,False,0.8445470103091313,0.25795776787284935,0.9719626555482525,True,142.54562793581036
source_5,JUMPCPE-20210902-Run26_20210903_010341,25,LY2109761,own,1.25,False,0.9074875051994646,0.2998100613812701,0.9710591214414088,True,162.32637818406405
source_5,JUMPCPE-20210902-Run26_20210903_010341,25,NVS-PAK1-1,own,1.25,False,0.8346550964336892,0.2245450110558278,0.9424533171811718,True,153.77092964627101
source_5,JUMPCPE-20210902-Run26_20210903_010341,25,quinidine,own,1.25,False,0.6352865318741683,0.3051342462550734,0.5748947313204029,True,20.12325003391545
source_5,JUMPCPE-20210902-Run26_20210903_010341,25,TC-S-7004,own,1.25,False,0.6105382148636187,0.21269177011046253,0.8202336101750665,False,57.25381336462152
source_5,JUMPCPE-20210902-Run26_20210903_010341,25,aloxistatin,own,1.25,False,0.3926378910291668,-0.005394472354116926,0.5504687776596151,True,14.060463621367468
source_5,JUMPCPE-20210903-Run27_20210904_215148,26,AMG900,own,1.33,False,0.9316798573708069,0.02158330783244596,0.9686073249858679,True,377.54555678561303
source_5,JUMPCPE-20210903-Run27_20210904_215148,26,dexamethasone,own,1.33,False,0.8593499437719948,0.09251696044570687,0.8843575361056872,True,49.81534509066426
source_5,JUMPCPE-20210903-Run27_20210904_215148,26,FK-866,own,1.33,False,0.8684647249301406,0.24330329211771365,0.9379772388296014,True,146.14022122065722
source_5,JUMPCPE-20210903-Run27_20210904_215148,26,LY2109761,own,1.33,False,0.928613606120409,0.2786368569816947,0.975065383083854,True,162.70503926932497
source_5,JUMPCPE-20210903-Run27_20210904_215148,26,NVS-PAK1-1,own,1.33,False,0.8468237593858385,0.25094767292794706,0.9001892797498565,True,138.29618670430966
source_5,JUMPCPE-20210903-Run27_20210904_215148,26,quinidine,own,1.33,False,0.5744782309346443,0.23621772954751505,0.520868605296239,True,16.61032777891412
source_5,JUMPCPE-20210903-Run27_20210904_215148,26,TC-S-7004,own,1.33,False,0.608304623865485,0.1894936480702097,0.7518568313086316,True,62.938650329914616
source_5,JUMPCPE-20210903-Run27_20210904_215148,26,aloxistatin,own,1.33,False,0.5389078177081461,0.05090650897108058,0.6347467986812959,True,12.946246828457936
source_5,JUMPCPE-20210908-Run28_20210909_072022,27,AMG900,own,0.89,False,0.9375349450657766,0.028243035343760853,0.9803139995331773,True,405.1691868535747
source_5,JUMPCPE-20210908-Run28_20210909_072022,27,dexamethasone,own,0.89,False,0.9104908350859501,0.18597846341815452,0.9414453658480102,True,53.92879599904181
source_5,JUMPCPE-20210908-Run28_20210909_072022,27,FK-866,own,0.89,False,0.8429884717806965,0.2508791276210462,0.9703373820725655,True,167.502127897542
source_5,JUMPCPE-20210908-Run28_20210909_072022,27,LY2109761,own,0.89,False,0.9074003009849005,0.2940381387038099,0.9798066573083631,True,157.2732191779897
source_5,JUMPCPE-20210908-Run28_20210909_072022,27,NVS-PAK1-1,own,0.89,False,0.8149969651945707,0.2381773812898482,0.9669957161595751,True,165.68998729137977
source_5,JUMPCPE-20210908-Run28_20210909_072022,27,quinidine,own,0.89,False,0.7429631519015943,0.2661340013977061,0.656547436440058,True,17.676589230331906
source_5,JUMPCPE-20210908-Run28_20210909_072022,27,TC-S-7004,own,0.89,False,0.6043195233740274,0.14994768029360367,0.8768811981763365,True,60.6951209069129
source_5,JUMPCPE-20210908-Run28_20210909_072022,27,aloxistatin,own,0.89,False,0.5165057220101575,0.15235141757133383,0.7861815133876715,True,19.806761329188458
source_5,JUMPCPE-20210909-Run29_20210910_234236,28,AMG900,own,1.03,False,0.9347515308421139,0.013101839658282157,0.9824020075736745,True,378.5455643657862
source_5,JUMPCPE-20210909-Run29_20210910_234236,28,dexamethasone,own,1.03,False,0.8841346994005411,0.13887554098903906,0.8901500029146858,True,56.01558541976555
source_5,JUMPCPE-20210909-Run29_20210910_234236,28,FK-866,own,1.03,False,0.8667804793886417,0.26577156672589897,0.9497737073383872,True,147.78496998834436
source_5,JUMPCPE-20210909-Run29_20210910_234236,28,LY2109761,own,1.03,False,0.9139017156439467,0.31689443928684635,0.9872045880638085,True,164.93885792936294
source_5,JUMPCPE-20210909-Run29_20210910_234236,28,NVS-PAK1-1,own,1.03,False,0.8241907868343389,0.25686596265732164,0.9562567392008032,True,147.71001888498694
source_5,JUMPCPE-20210909-Run29_20210910_234236,28,quinidine,own,1.03,False,0.8544047173602529,0.3483529606827644,0.7622235242972984,True,19.452238791733286
source_5,JUMPCPE-20210909-Run29_20210910_234236,28,TC-S-7004,own,1.03,False,0.7346072765055063,0.219175180103868,0.9691823899765504,True,95.28253682400668
source_5,JUMPCPE-20210909-Run29_20210910_234236,28,aloxistatin,own,1.03,False,0.35427329431632215,0.09994127513097419,0.676108418103787,False,27.997919314288517
source_5,JUMPCPE-20210910-Run30_20210912_203428,29,AMG900,own,1.58,False,0.9275230884850174,0.03989229089012406,0.9585881861978436,True,351.46704478498356
source_5,JUMPCPE-20210910-Run30_20210912_203428,29,dexamethasone,own,1.58,False,0.8884687308161106,0.14708351824522312,0.9010893577027335,True,48.90443980960051
source_5,JUMPCPE-20210910-Run30_20210912_203428,29,FK-866,own,1.58,False,0.8637317415402492,0.24735934086852968,0.9108014947647699,True,152.4712165084152
source_5,JUMPCPE-20210910-Run30_20210912_203428,29,LY2109761,own,1.58,False,0.9147718173136864,0.2906216252099622,0.9749737265626945,True,153.9703681717676
source_5,JUMPCPE-20210910-Run30_20210912_203428,29,NVS-PAK1-1,own,1.58,False,0.8411686462308826,0.281958539232523,0.8744512044955868,True,134.4445123462389
source_5,JUMPCPE-20210910-Run30_20210912_203428,29,quinidine,own,1.58,False,0.8007659817581545,0.3495997422362705,0.7451938389841426,True,20.626167843823602
source_5,JUMPCPE-20210910-Run30_20210912_203428,29,TC-S-7004,own,1.58,False,0.6883452083281226,0.209963357221241,0.8938126240864166,True,66.11967661901376
source_5,JUMPCPE-20210910-Run30_20210912_203428,29,aloxistatin,own,1.58,False,0.29554373589472316,0.0560405545367305,0.5610891008470824,False,20.527097535784
source_5,JUMPCPE-20211001-Run33_20211001_152017,30,AMG900,own,1.82,False,0.931194004004384,0.04808397136294577,0.9506959318548737,True,360.44521422487503
source_5,JUMPCPE-20211001-Run33_20211001_152017,30,dexamethasone,own,1.82,False,0.8917234161572607,0.1587429553618713,0.9101444778181339,True,63.84242768978347
source_5,JUMPCPE-20211001-Run33_20211001_152017,30,FK-866,own,1.82,False,0.864978990689881,0.2696542013602993,0.9019903716464701,True,155.63562672663411
source_5,JUMPCPE-20211001-Run33_20211001_152017,30,LY2109761,own,1.82,False,0.9069977709299382,0.34026963344470423,0.9440153794121414,True,212.7132450796856
source_5,JUMPCPE-20211001-Run33_20211001_152017,30,NVS-PAK1-1,own,1.82,False,0.8358149636783045,0.2898184692413766,0.8873017505418682,True,150.13240394382106
source_5,JUMPCPE-20211001-Run33_20211001_152017,30,quinidine,own,1.82,False,0.740513555865352,0.3389944367109069,0.7546556300373324,True,34.25107603220004
source_5,JUMPCPE-20211001-Run33_20211001_152017,30,TC-S-7004,own,1.82,False,0.5111731490932818,0.335370591768717,0.6414223480483705,True,46.262984327798335
source_5,JUMPCPE-20211001-Run33_20211001_152017,30,aloxistatin,own,1.82,False,0.6439167232149192,0.22430488867999135,0.7509224979660323,True,31.98791322786013
source_5,JUMPCPE-20211001-Run34_20211003_121618,31,AMG900,own,1.3,False,0.9234746687441254,0.03791765892625581,0.9657121102993821,True,368.74934000598284
source_5,JUMPCPE-20211001-Run34_20211003_121618,31,dexamethasone,own,1.3,False,0.9136744951351902,0.22657928322785503,0.9536176032884481,True,60.46948493017924
source_5,JUMPCPE-20211001-Run34_20211003_121618,31,FK-866,own,1.3,False,0.8579789319459021,0.24303217681358236,0.9412957858140598,True,143.3533720421515
source_5,JUMPCPE-20211001-Run34_20211003_121618,31,LY2109761,own,1.3,False,0.8991126034182955,0.3179499994805733,0.9734240542183876,True,192.1853691245204
source_5,JUMPCPE-20211001-Run34_20211003_121618,31,NVS-PAK1-1,own,1.3,False,0.8137980047993665,0.23793011231417097,0.9559374128972891,True,180.58216413562792
source_5,JUMPCPE-20211001-Run34_20211003_121618,31,quinidine,own,1.3,False,0.7840463709204992,0.33195432182079304,0.7530512021487508,True,39.52750681965703
source_5,JUMPCPE-20211001-Run34_20211003_121618,31,TC-S-7004,own,1.3,False,0.39494877109627413,0.26884249850663594,0.4956470333779548,False,39.44960445750863
source_5,JUMPCPE-20211001-Run34_20211003_121618,31,aloxistatin,own,1.3,False,0.6896318760401603,0.2874677516665796,0.7815923882514836,False,29.86512905253423
source_5,JUMPCPE-20211007-Run35_20211007_235529,32,AMG900,own,1.31,False,0.9272094600494147,0.026100856089359994,0.9762962621077247,True,389.9289523675521
source_5,JUMPCPE-20211007-Run35_20211007_235529,32,dexamethasone,own,1.31,False,0.9055091264846711,0.22516129582257968,0.9478447555857163,True,60.599494802342356
source_5,JUMPCPE-20211007-Run35_20211007_235529,32,FK-866,own,1.31,False,0.852319789329656,0.22363444990562975,0.9556610188804775,True,139.4711531241784
source_5,JUMPCPE-20211007-Run35_20211007_235529,32,LY2109761,own,1.31,False,0.8856262789522105,0.32857841329356136,0.9595983821531955,True,178.96090060840382
source_5,JUMPCPE-20211007-Run35_20211007_235529,32,NVS-PAK1-1,own,1.31,False,0.788876577762845,0.19115768430475422,0.9636205503441858,True,184.8621194813058
source_5,JUMPCPE-20211007-Run35_20211007_235529,32,quinidine,own,1.31,False,0.7783051907850433,0.3300227138814173,0.7450594699641144,True,28.462940334164262
source_5,JUMPCPE-20211007-Run35_20211007_235529,32,TC-S-7004,own,1.31,False,0.31864978786558884,0.30498447579688454,0.4364987182567295,False,31.804496743491175
source_5,JUMPCPE-20211007-Run35_20211007_235529,32,aloxistatin,own,1.31,False,0.6867017251646907,0.25764208958651286,0.8146600692275324,True,34.76842501173654
source_5,JUMPCPE-20211014-Run36_20211014_223431,33,AMG900,own,1.29,False,0.9314896593398843,0.009836521054496563,0.9767264112404945,True,398.6505367783431
source_5,JUMPCPE-20211014-Run36_20211014_223431,33,dexamethasone,own,1.29,False,0.9167322251222567,0.22875520999743332,0.9535620408757204,True,60.23728486713028
source_5,JUMPCPE-20211014-Run36_20211014_223431,33,FK-866,own,1.29,False,0.8490545419796303,0.21254093100006738,0.958285695054809,True,139.3361147767087
source_5,JUMPCPE-20211014-Run36_20211014_223431,33,LY2109761,own,1.29,False,0.9131816731655897,0.31456380580032967,0.9741011361865297,True,186.49736556329322
source_5,JUMPCPE-20211014-Run36_20211014_223431,33,NVS-PAK1-1,own,1.29,False,0.7944414774859937,0.21185828576845783,0.9639324465321503,True,178.79712365890526
source_5,JUMPCPE-20211014-Run36_20211014_223431,33,quinidine,own,1.29,False,0.7410286597170401,0.35268317424234796,0.7640504553019104,True,32.31986917323822
source_5,JUMPCPE-20211014-Run36_20211014_223431,33,TC-S-7004,own,1.29,False,0.30568642705758137,0.29539074497413903,0.345732311091276,False,38.083816006364025
source_5,JUMPCPE-20211014-Run36_20211014_223431,33,aloxistatin,own,1.29,False,0.7170121503656228,0.28227147329172625,0.7387175293345505,True,37.30042736870907
source_5,JUMPCPE-20210623-Run01_20210624_003152,1,AMG900,scaled,0.13,False,0.7825257899032857,0.011745446047112864,,True,92.42534938448716
source_5,JUMPCPE-20210623-Run01_20210624_003152,1,dexamethasone,scaled,0.13,False,0.8526424301040727,0.18957790349254883,,True,13.146934033780663
source_5,JUMPCPE-20210623-Run01_20210624_003152,1,FK-866,scaled,0.13,False,0.7203703407333564,0.07970142880289496,,True,36.90346890573863
source_5,JUMPCPE-20210623-Run01_20210624_003152,1,LY2109761,scaled,0.13,False,0.8115037064095035,0.19447407669685898,,True,42.6956030791244
source_5,JUMPCPE-20210623-Run01_20210624_003152,1,NVS-PAK1-1,scaled,0.13,False,0.5240391648988105,0.09056843163030794,,True,42.19770940507971
source_5,JUMPCPE-20210623-Run01_20210624_003152,1,quinidine,scaled,0.13,False,0.3876531999421928,0.1263269104714855,,True,5.193813930585309
source_5,JUMPCPE-20210623-Run01_20210624_003152,1,TC-S-7004,scaled,0.13,False,0.4756882176039597,0.08480539798246947,,True,39.85644772919442
source_5,JUMPCPE-20210623-Run01_20210624_003152,1,aloxistatin,scaled,0.13,False,0.3102315099713268,0.09145202347320744,,True,4.909113541508818
source_5,JUMPCPE-20210623-Run02_20210624_225846,2,AMG900,scaled,1.04,False,0.790871499752672,0.03349990611208632,0.9748185644165975,True,76.66542690924722
source_5,JUMPCPE-20210623-Run02_20210624_225846,2,dexamethasone,scaled,1.04,False,0.8082107321147052,0.21305043898799506,0.8758941495298794,True,13.579989131805483
source_5,JUMPCPE-20210623-Run02_20210624_225846,2,FK-866,scaled,1.04,False,0.7226716762388314,0.1293162647288818,0.9322520121387697,True,31.52697587805679
source_5,JUMPCPE-20210623-Run02_20210624_225846,2,LY2109761,scaled,1.04,False,0.7983710208732953,0.20970745335571697,0.9466984022986585,True,39.557946444982186
source_5,JUMPCPE-20210623-Run02_20210624_225846,2,NVS-PAK1-1,scaled,1.04,False,0.5755648925436179,0.10861060628913084,0.9452087355377982,True,35.89730693694589
source_5,JUMPCPE-20210623-Run02_20210624_225846,2,quinidine,scaled,1.04,False,0.34546293610749823,0.125568817955329,0.4059077889037809,True,6.475726226157835
source_5,JUMPCPE-20210623-Run02_20210624_225846,2,TC-S-7004,scaled,1.04,False,0.5727721891539848,0.11387227593960267,0.9197915898646133,True,33.82222469790307
source_5,JUMPCPE-20210623-Run02_20210624_225846,2,aloxistatin,scaled,1.04,False,0.33829067683184016,0.11871640665071205,0.4344239226312515,True,6.659477232640809
source_5,JUMPCPE-20210628-Run02_20210628_170203,3,AMG900,scaled,0.74,False,0.7894502774645312,0.027067182226900872,0.9821602159566227,True,80.94283696803689
source_5,JUMPCPE-20210628-Run02_20210628_170203,3,dexamethasone,scaled,0.74,False,0.8187812436500397,0.19349193470523093,0.8947299414784806,True,13.800601394786305
source_5,JUMPCPE-20210628-Run02_20210628_170203,3,FK-866,scaled,0.74,False,0.7526233730769826,0.12478860084357694,0.9490086866263616,True,32.99652468674253
source_5,JUMPCPE-20210628-Run02_20210628_170203,3,LY2109761,scaled,0.74,False,0.7885180274205741,0.20786699251055923,0.9586603243271775,True,41.2977840470235
source_5,JUMPCPE-20210628-Run02_20210628_170203,3,NVS-PAK1-1,scaled,0.74,False,0.5740093627614444,0.10154870479088303,0.9627209694323231,True,39.07864017519241
source_5,JUMPCPE-20210628-Run02_20210628_170203,3,quinidine,scaled,0.74,False,0.4498954983595938,0.17096375048064288,0.4175305129088832,True,6.378354078762292
source_5,JUMPCPE-20210628-Run02_20210628_170203,3,TC-S-7004,scaled,0.74,False,0.5168396270866887,0.08447241191816633,0.9446853586666847,True,31.4437000406853
source_5,JUMPCPE-20210628-Run02_20210628_170203,3,aloxistatin,scaled,0.74,False,0.3698136978433835,0.1515409760853695,0.4405569361717661,False,7.32718856581935
source_5,JUMPCPE-20210628-Run03_20210629_064133,4,AMG900,scaled,1.13,False,0.8116859370734749,0.045054731128318655,0.9737423369517257,True,84.93874319993101
source_5,JUMPCPE-20210628-Run03_20210629_064133,4,dexamethasone,scaled,1.13,False,0.8638944600509236,0.18546249068443105,0.9393665130070836,True,13.833110644770242
source_5,JUMPCPE-20210628-Run03_20210629_064133,4,FK-866,scaled,1.13,False,0.7529866987121966,0.13714355506683404,0.9444633913180215,True,41.35914142916757
source_5,JUMPCPE-20210628-Run03_20210629_064133,4,LY2109761,scaled,1.13,False,0.8216933821419805,0.2175629095594939,0.9423099871243535,True,45.70991700784705
source_5,JUMPCPE-20210628-Run03_20210629_064133,4,NVS-PAK1-1,scaled,1.13,False,0.6577475931168378,0.14196986602050585,0.9225931656376944,True,39.64718589723369
source_5,JUMPCPE-20210628-Run03_20210629_064133,4,quinidine,scaled,1.13,False,0.5870245542321645,0.18223676540717598,0.4874428044414536,True,5.2288678777393045
source_5,JUMPCPE-20210628-Run03_20210629_064133,4,TC-S-7004,scaled,1.13,False,0.5634310819125513,0.1533619069609661,0.9263878512669594,True,39.81406875391271
source_5,JUMPCPE-20210628-Run03_20210629_064133,4,aloxistatin,scaled,1.13,False,0.37562887220621805,0.11267198473578821,0.4652182328204016,True,5.218858136083973
source_5,JUMPCPE-20210702-Run04_20210703_060202,5,AMG900,scaled,1.29,False,0.8129668820067468,0.03782502403352041,0.9709928632324475,True,74.43287659066105
source_5,JUMPCPE-20210702-Run04_20210703_060202,5,dexamethasone,scaled,1.29,False,0.8841403611643579,0.20365693879874863,0.9138317691483568,True,11.462938619144031
source_5,JUMPCPE-20210702-Run04_20210703_060202,5,FK-866,scaled,1.29,False,0.7136699820680041,0.10415208239808013,0.9486267486631033,True,34.49603856945475
source_5,JUMPCPE-20210702-Run04_20210703_060202,5,LY2109761,scaled,1.29,False,0.8076088127757532,0.2084548321496627,0.9301747427303586,True,39.431321849103426
source_5,JUMPCPE-20210702-Run04_20210703_060202,5,NVS-PAK1-1,scaled,1.29,False,0.6359439444844472,0.12177328421491632,0.9275505729938462,True,35.51408781128977
source_5,JUMPCPE-20210702-Run04_20210703_060202,5,quinidine,scaled,1.29,False,0.4985879517454527,0.10285227327894583,0.4225616691920988,True,3.9444066405510445
source_5,JUMPCPE-20210702-Run04_20210703_060202,5,TC-S-7004,scaled,1.29,False,0.5517125303231283,0.12475474213858796,0.9211807838294089,True,28.294716824075955
source_5,JUMPCPE-20210702-Run04_20210703_060202,5,aloxistatin,scaled,1.29,False,0.3348072113850882,0.05060120185711304,0.32618071582266195,True,3.8761922329635032
source_5,JUMPCPE-20210704-Run05_20210705_025956,6,AMG900,scaled,1.06,False,0.8161678315360271,0.058692692735534006,0.9673278872593658,True,80.46494794847928
source_5,JUMPCPE-20210704-Run05_20210705_025956,6,dexamethasone,scaled,1.06,False,0.8582299163078727,0.15995156784373485,0.9246403741247285,True,12.49372223994491
source_5,JUMPCPE-20210704-Run05_20210705_025956,6,FK-866,scaled,1.06,False,0.7474360129519877,0.11041829264717364,0.9432222196112572,True,40.583270246790505
source_5,JUMPCPE-20210704-Run05_20210705_025956,6,LY2109761,scaled,1.06,False,0.8363250618538388,0.2108148748090858,0.9594010630790757,True,40.96601324244673
source_5,JUMPCPE-20210704-Run05_20210705_025956,6,NVS-PAK1-1,scaled,1.06,False,0.6537529823478296,0.14107414164272544,0.9046291163714733,True,28.532591808958905
source_5,JUMPCPE-20210704-Run05_20210705_025956,6,quinidine,scaled,1.06,False,0.5067858140687337,0.10971925001524815,0.5599856779650246,True,5.614452141309432
source_5,JUMPCPE-20210704-Run05_20210705_025956,6,TC-S-7004,scaled,1.06,False,0.4890207787914568,0.14938462723716447,0.9448956366169257,True,33.81516372520718
source_5,JUMPCPE-20210704-Run05_20210705_025956,6,aloxistatin,scaled,1.06,False,0.2992452391271375,0.0685927443139051,0.4837783321521776,True,4.847799319830045
source_5,JUMPCPE-20210706-Run06_20210706_235916,7,AMG900,scaled,0.86,False,0.8248574325748792,0.033281533216572436,0.9753278946258104,True,84.32397934360992
source_5,JUMPCPE-20210706-Run06_20210706_235916,7,dexamethasone,scaled,0.86,False,0.8204894932769913,0.15448102527265548,0.8967751377912303,True,13.703418327665569
source_5,JUMPCPE-20210706-Run06_20210706_235916,7,FK-866,scaled,0.86,False,0.7494302844184701,0.10571992076820777,0.9587609661161944,True,39.52439446146446
source_5,JUMPCPE-20210706-Run06_20210706_235916,7,LY2109761,scaled,0.86,False,0.8183402706212761,0.19064262306121577,0.9718115921396973,True,39.29495289191953
source_5,JUMPCPE-20210706-Run06_20210706_235916,7,NVS-PAK1-1,scaled,0.86,False,0.6221731785651292,0.12486543388020388,0.9436931303528022,True,37.296406881877985
source_5,JUMPCPE-20210706-Run06_20210706_235916,7,quinidine,scaled,0.86,False,0.5824712964235106,0.1625486535265263,0.49725793197464846,True,6.6795252062744055
source_5,JUMPCPE-20210706-Run06_20210706_235916,7,TC-S-7004,scaled,0.86,False,0.49938780196949717,0.11895177973494875,0.958399166156617,True,31.56555513011292
source_5,JUMPCPE-20210706-Run06_20210706_235916,7,aloxistatin,scaled,0.86,False,0.34593739331027995,0.10592154020980682,0.3788508074233196,True,5.77601908145892
source_5,JUMPCPE-20210709-Run07_20210709_230159,8,AMG900,scaled,0.94,False,0.8116773016319663,0.032698230472395,0.9750955740464798,True,78.69960683120573
source_5,JUMPCPE-20210709-Run07_20210709_230159,8,dexamethasone,scaled,0.94,False,0.8443236757761801,0.1982218503772951,0.9157157440033586,True,12.38589965095018
source_5,JUMPCPE-20210709-Run07_20210709_230159,8,FK-866,scaled,0.94,False,0.7738389599908558,0.09968665779474499,0.9556838697385099,True,33.21919378183188
source_5,JUMPCPE-20210709-Run07_20210709_230159,8,LY2109761,scaled,0.94,False,0.8120091565517341,0.19837779737994965,0.963169396683681,True,36.909097974910274
source_5,JUMPCPE-20210709-Run07_20210709_230159,8,NVS-PAK1-1,scaled,0.94,False,0.6323683475307329,0.11313233953079213,0.9300701400838698,True,33.37219704568421
source_5,JUMPCPE-20210709-Run07_20210709_230159,8,quinidine,scaled,0.94,False,0.4984741249778972,0.14419058481990396,0.37743675695088863,True,5.963768037157436
source_5,JUMPCPE-20210709-Run07_20210709_230159,8,TC-S-7004,scaled,0.94,False,0.45245700267688016,0.09646210282636854,0.9246568720431628,True,24.103400964246347
source_5,JUMPCPE-20210709-Run07_20210709_230159,8,aloxistatin,scaled,0.94,False,0.34952210530455363,0.12397509014759732,0.4387083124607626,True,6.300587677208872
source_5,JUMPCPE-20210709-Run08_20210711_195507,9,AMG900,scaled,0.58,False,0.7999616858653036,0.024794910440764446,0.9795948964320171,True,89.04465689456248
source_5,JUMPCPE-20210709-Run08_20210711_195507,9,dexamethasone,scaled,0.58,False,0.798517610067291,0.19034292805560118,0.8907889447360785,True,13.727609731414635
source_5,JUMPCPE-20210709-Run08_20210711_195507,9,FK-866,scaled,0.58,False,0.7437520463510432,0.10425836362462483,0.9589249709901481,True,39.80915784188719
source_5,JUMPCPE-20210709-Run08_20210711_195507,9,LY2109761,scaled,0.58,False,0.8015418042696771,0.19285617441113362,0.9796977831439871,True,39.36695630629333
source_5,JUMPCPE-20210709-Run08_20210711_195507,9,NVS-PAK1-1,scaled,0.58,False,0.546184387216331,0.10116812180009585,0.9625035049917583,True,41.14994031480684
source_5,JUMPCPE-20210709-Run08_20210711_195507,9,quinidine,scaled,0.58,False,0.3899668514964952,0.12903761233997768,0.45465184096611,True,6.686567639292178
source_5,JUMPCPE-20210709-Run08_20210711_195507,9,TC-S-7004,scaled,0.58,False,0.35641849822506316,0.07903460112015395,0.9123074205758024,True,26.937346305844272
source_5,JUMPCPE-20210709-Run08_20210711_195507,9,aloxistatin,scaled,0.58,False,0.3897530402976123,0.13661359016415034,0.41606689770944705,True,6.835408384320426
source_5,JUMPCPE-20210712-Run09_20210713_003159,10,AMG900,scaled,0.88,False,0.8133448435437625,0.03404598037925603,0.9761118667972142,True,79.04993285342336
source_5,JUMPCPE-20210712-Run09_20210713_003159,10,dexamethasone,scaled,0.88,False,0.8387925846925258,0.20205663699589888,0.9001338726391195,True,13.041759147823404
source_5,JUMPCPE-20210712-Run09_20210713_003159,10,FK-866,scaled,0.88,False,0.7444557881141335,0.12844027171876884,0.9621141734052385,True,35.16782008631363
source_5,JUMPCPE-20210712-Run09_20210713_003159,10,LY2109761,scaled,0.88,False,0.8121029393888579,0.21369332455435064,0.9663949935242564,True,37.98961475736166
source_5,JUMPCPE-20210712-Run09_20210713_003159,10,NVS-PAK1-1,scaled,0.88,False,0.611617146757995,0.12625618765204089,0.9454981534358013,True,37.41204974678354
source_5,JUMPCPE-20210712-Run09_20210713_003159,10,quinidine,scaled,0.88,False,0.4920323203858934,0.18193742052412198,0.40234513880796263,True,5.981947955815753
source_5,JUMPCPE-20210712-Run09_20210713_003159,10,TC-S-7004,scaled,0.88,False,0.45985888152862586,0.11049265733029201,0.918690858000234,True,23.038349997706447
source_5,JUMPCPE-20210712-Run09_20210713_003159,10,aloxistatin,scaled,0.88,False,0.42273397241564437,0.1589122676874395,0.382551962818115,True,6.546278509326971
source_5,JUMPCPE-20210715-Run10_20210715_223420,11,AMG900,scaled,0.77,False,0.8211949468955388,0.021573224845365533,0.9776676791641017,True,83.23588031748545
source_5,JUMPCPE-20210715-Run10_20210715_223420,11,dexamethasone,scaled,0.77,False,0.8572195438924257,0.18148851408452757,0.9286651896920681,True,12.77633505581596
source_5,JUMPCPE-20210715-Run10_20210715_223420,11,FK-866,scaled,0.77,False,0.7583309706145538,0.08339479355392818,0.9411402367759081,True,35.658412584483806
source_5,JUMPCPE-20210715-Run10_20210715_223420,11,LY2109761,scaled,0.77,False,0.808352274211251,0.2011630993595097,0.9750070964371689,True,37.608384930984386
source_5,JUMPCPE-20210715-Run10_20210715_223420,11,NVS-PAK1-1,scaled,0.77,False,0.6247689252818698,0.11173952063478154,0.9328557825046149,True,35.157897930244246
source_5,JUMPCPE-20210715-Run10_20210715_223420,11,quinidine,scaled,0.77,False,0.5345707606527319,0.20637982891112455,0.5148451463096182,True,5.2344486668675945
source_5,JUMPCPE-20210715-Run10_20210715_223420,11,TC-S-7004,scaled,0.77,False,0.34814169558499963,0.06903599007630516,0.803617973967323,True,17.78188916266686
source_5,JUMPCPE-20210715-Run10_20210715_223420,11,aloxistatin,scaled,0.77,False,0.436468166789254,0.1630188889213733,0.4520827405039294,True,5.9198226456753895
source_5,JUMPCPE-20210716-Run11_20210717_192647,12,AMG900,scaled,1.07,False,0.8108924410635266,0.045846436089868194,0.9726815717743948,True,85.39295810127838
source_5,JUMPCPE-20210716-Run11_20210717_192647,12,dexamethasone,scaled,1.07,False,0.8665294764113635,0.16133779165536913,0.926633946466268,True,13.178084994897283
source_5,JUMPCPE-20210716-Run11_20210717_192647,12,FK-866,scaled,1.07,False,0.7419020586576882,0.09834865295354889,0.934622844024975,True,42.3585709463351
source_5,JUMPCPE-20210716-Run11_20210717_192647,12,LY2109761,scaled,1.07,False,0.8226825178014091,0.1947318051466477,0.9671087655395502,True,41.137408474230945
source_5,JUMPCPE-20210716-Run11_20210717_192647,12,NVS-PAK1-1,scaled,1.07,False,0.6390070744306819,0.14373268908223355,0.9115777298875939,True,36.12995510935518
source_5,JUMPCPE-20210716-Run11_20210717_192647,12,quinidine,scaled,1.07,False,0.5094171196463646,0.1100404694650776,0.5096214002816765,True,6.092853430246868
source_5,JUMPCPE-20210716-Run11_20210717_192647,12,TC-S-7004,scaled,1.07,False,0.40925383616001787,0.11140457124001525,0.941883476513639,True,27.80759704911707
source_5,JUMPCPE-20210716-Run11_20210717_192647,12,aloxistatin,scaled,1.07,False,0.3952773552743522,0.08069700701005923,0.47866374829399244,True,4.136571653675326
source_5,JUMPCPE-20210716-Run12_20210719_162047,13,AMG900,scaled,0.94,False,0.8044990375201522,0.039391073516491085,0.9723874592989398,True,84.98006185860322
source_5,JUMPCPE-20210716-Run12_20210719_162047,13,dexamethasone,scaled,0.94,False,0.8525617698566739,0.1445456114514973,0.9018002840098744,True,13.417342445213182
source_5,JUMPCPE-20210716-Run12_20210719_162047,13,FK-866,scaled,0.94,False,0.7117734366486557,0.09889089810797848,0.9378842518500421,True,43.175082172802796
source_5,JUMPCPE-20210716-Run12_20210719_162047,13,LY2109761,scaled,0.94,False,0.8052628712171879,0.20500300403249813,0.9773404602547923,True,42.329122077339434
source_5,JUMPCPE-20210716-Run12_20210719_162047,13,NVS-PAK1-1,scaled,0.94,False,0.6024020533304877,0.1302033040518986,0.9538425559572894,True,39.68160992738571
source_5,JUMPCPE-20210716-Run12_20210719_162047,13,quinidine,scaled,0.94,False,0.5307018986330707,0.14551638081763255,0.5531390193165175,True,5.666261621623797
source_5,JUMPCPE-20210716-Run12_20210719_162047,13,TC-S-7004,scaled,0.94,False,0.34754108547303475,0.07770787889358709,0.9039621320298508,True,23.636500437778203
source_5,JUMPCPE-20210716-Run12_20210719_162047,13,aloxistatin,scaled,0.94,False,0.38265625469979736,0.1168299444783906,0.5875814471613885,True,5.326772559879592
source_5,JUMPCPE-20210719-Run13_20210721_131445,14,AMG900,scaled,1.15,False,0.8179851035692288,0.03614473756777433,0.9767223783376648,True,87.76301009501117
source_5,JUMPCPE-20210719-Run13_20210721_131445,14,dexamethasone,scaled,1.15,False,0.8437863709885693,0.17166130223723314,0.9039324175093371,True,13.461058315093545
source_5,JUMPCPE-20210719-Run13_20210721_131445,14,FK-866,scaled,1.15,False,0.7570318684029935,0.08814079593217934,0.9496693226042076,True,37.09764064883849
source_5,JUMPCPE-20210719-Run13_20210721_131445,14,LY2109761,scaled,1.15,False,0.8102938395575205,0.1993220841392116,0.9681154559975008,True,41.824593617504036
source_5,JUMPCPE-20210719-Run13_20210721_131445,14,NVS-PAK1-1,scaled,1.15,False,0.6383547153363809,0.12830611187753158,0.9339057901205428,True,36.584977050143145
source_5,JUMPCPE-20210719-Run13_20210721_131445,14,quinidine,scaled,1.15,False,0.5825968366973409,0.18198304748112845,0.44131367730743876,True,4.895906593712161
source_5,JUMPCPE-20210719-Run13_20210721_131445,14,TC-S-7004,scaled,1.15,False,0.3922633017293717,0.06413357723722948,0.8773542788924293,True,18.174778575702913
source_5,JUMPCPE-20210719-Run13_20210721_131445,14,aloxistatin,scaled,1.15,False,0.4195566178841543,0.14807401223095568,0.39057756179429404,True,4.3163928270528915
source_5,JUMPCPE-20210730-Run14_20210731_000211,15,AMG900,scaled,0.9,False,0.8080508398264517,0.04885422831852811,0.9706276039904391,True,82.26626952093251
source_5,JUMPCPE-20210730-Run14_20210731_000211,15,dexamethasone,scaled,0.9,False,0.8600373320000735,0.1921063101281266,0.9323123373585614,True,12.807272691464325
source_5,JUMPCPE-20210730-Run14_20210731_000211,15,FK-866,scaled,0.9,False,0.7353928309939943,0.10967684021417236,0.935678644261607,True,38.39946937184039
source_5,JUMPCPE-20210730-Run14_20210731_000211,15,LY2109761,scaled,0.9,False,0.8021614321228536,0.18710850228963366,0.9738167578123793,True,39.84906618532615
source_5,JUMPCPE-20210730-Run14_20210731_000211,15,NVS-PAK1-1,scaled,0.9,False,0.5994368394134417,0.138942571399113,0.9353455677901306,True,37.29872962300377
source_5,JUMPCPE-20210730-Run14_20210731_000211,15,quinidine,scaled,0.9,False,0.5909591281981825,0.18080688056751676,0.5871489284230195,True,5.87196328696239
source_5,JUMPCPE-20210730-Run14_20210731_000211,15,TC-S-7004,scaled,0.9,False,0.4338465760712119,0.10368907207631992,0.9380883212136217,True,28.23161745380715
source_5,JUMPCPE-20210730-Run14_20210731_000211,15,aloxistatin,scaled,0.9,False,0.43116471246162047,0.15606923211058574,0.4267572171534788,True,4.837363479723126
source_5,JUMPCPE-20210730-Run15_20210801_205335,16,AMG900,scaled,1.36,False,0.8097637000452189,0.06432992505590325,0.960221340438376,True,78.66122556555595
source_5,JUMPCPE-20210730-Run15_20210801_205335,16,dexamethasone,scaled,1.36,False,0.8685817033191826,0.19056185466021022,0.907256471953308,True,13.373762885930782
source_5,JUMPCPE-20210730-Run15_20210801_205335,16,FK-866,scaled,1.36,False,0.6969024596819435,0.1588842695008754,0.9079834061690135,True,37.60179826860204
source_5,JUMPCPE-20210730-Run15_20210801_205335,16,LY2109761,scaled,1.36,False,0.78061095618543,0.2189395709433983,0.9217818064744052,True,42.20063307261957
source_5,JUMPCPE-20210730-Run15_20210801_205335,16,NVS-PAK1-1,scaled,1.36,False,0.6215154646893707,0.15817061735732044,0.9088934898036879,True,39.25799900880113
source_5,JUMPCPE-20210730-Run15_20210801_205335,16,quinidine,scaled,1.36,False,0.5542208582026453,0.2342584355535475,0.4316766817526856,True,6.3530921294015394
source_5,JUMPCPE-20210730-Run15_20210801_205335,16,TC-S-7004,scaled,1.36,False,0.5290977172284809,0.1285036818902958,0.8935549976914798,True,26.77609630395356
source_5,JUMPCPE-20210730-Run15_20210801_205335,16,aloxistatin,scaled,1.36,False,0.3903316971508865,0.1638522508981017,0.39557981522415514,False,6.758340871364876
source_5,JUMPCPE-20210730-Run16_20210803_174908,17,AMG900,scaled,1.21,False,0.8021246145697121,0.0371971620907323,0.974739104336191,True,83.0487179271533
source_5,JUMPCPE-20210730-Run16_20210803_174908,17,dexamethasone,scaled,1.21,False,0.8349753201508275,0.1662166360720694,0.9038656437005667,True,12.238924182873228
source_5,JUMPCPE-20210730-Run16_20210803_174908,17,FK-866,scaled,1.21,False,0.7385388686722152,0.08903982497700316,0.9156788441364909,True,36.02463187799731
source_5,JUMPCPE-20210730-Run16_20210803_174908,17,LY2109761,scaled,1.21,False,0.7878733434000934,0.18388190850439617,0.9703297239797153,True,37.83629261833141
source_5,JUMPCPE-20210730-Run16_20210803_174908,17,NVS-PAK1-1,scaled,1.21,False,0.583119284039743,0.11995010412867727,0.9357237706412505,True,36.26754613243728
source_5,JUMPCPE-20210730-Run16_20210803_174908,17,quinidine,scaled,1.21,False,0.5129202097920529,0.1677295814137621,0.48824383212909617,True,4.669828856600614
source_5,JUMPCPE-20210730-Run16_20210803_174908,17,TC-S-7004,scaled,1.21,False,0.3982267550109557,0.07487482277398272,0.9110719927861699,True,22.096067212121067
source_5,JUMPCPE-20210730-Run16_20210803_174908,17,aloxistatin,scaled,1.21,False,0.4324310714052815,0.14419298779397766,0.403030858716647,True,4.679242444550951
source_5,JUMPCPE-20210806-Run17_20210807_000211,18,AMG900,scaled,1.56,False,0.8016731821492382,0.06592907625432062,0.9326234929544222,True,76.37882115211603
source_5,JUMPCPE-20210806-Run17_20210807_000211,18,dexamethasone,scaled,1.56,False,0.8202864854110844,0.12813250845642538,0.8707372619391609,True,13.11834988315761
source_5,JUMPCPE-20210806-Run17_20210807_000211,18,FK-866,scaled,1.56,False,0.6895086669230419,0.11633350919334418,0.9011761744001734,True,42.12330791601504
source_5,JUMPCPE-20210806-Run17_20210807_000211,18,LY2109761,scaled,1.56,False,0.7940730599127406,0.1813838318952743,0.9313903439451707,True,42.44519316724488
source_5,JUMPCPE-20210806-Run17_20210807_000211,18,NVS-PAK1-1,scaled,1.56,False,0.6117883852376933,0.15076612948181795,0.8517025822449884,True,34.02094959613228
source_5,JUMPCPE-20210806-Run17_20210807_000211,18,quinidine,scaled,1.56,False,0.6200343227890202,0.1347336929298554,0.5169268590851233,True,5.611371401923918
source_5,JUMPCPE-20210806-Run17_20210807_000211,18,TC-S-7004,scaled,1.56,False,0.36758684581856016,0.11988928313962845,0.8272914693601763,True,20.216519993287022
source_5,JUMPCPE-20210806-Run17_20210807_000211,18,aloxistatin,scaled,1.56,False,0.467631500007985,0.055815490277049115,0.4201281603430648,True,3.9569048233491593
source_5,JUMPCPE-20210806-Run18_20210808_210526,19,AMG900,scaled,1.49,False,0.803453368768961,0.04642197559759588,0.955764398363353,True,74.18235203883864
source_5,JUMPCPE-20210806-Run18_20210808_210526,19,dexamethasone,scaled,1.49,False,0.8010090772166883,0.19474709420753028,0.8664279264396103,True,12.804108962198818
source_5,JUMPCPE-20210806-Run18_20210808_210526,19,FK-866,scaled,1.49,False,0.684496516644469,0.1474795936718607,0.906464802197565,True,37.11765638246659
source_5,JUMPCPE-20210806-Run18_20210808_210526,19,LY2109761,scaled,1.49,False,0.7434551678948859,0.2095846410233689,0.8987299209535848,True,37.7404306762323
source_5,JUMPCPE-20210806-Run18_20210808_210526,19,NVS-PAK1-1,scaled,1.49,False,0.6172270083672617,0.12141852335337044,0.9218363792571331,True,34.97477319204482
source_5,JUMPCPE-20210806-Run18_20210808_210526,19,quinidine,scaled,1.49,False,0.4673420511787377,0.14410451248958694,0.3558755027560677,True,6.77871596566054
source_5,JUMPCPE-20210806-Run18_20210808_210526,19,TC-S-7004,scaled,1.49,False,0.44148815691269766,0.09078221166316648,0.828233008577486,True,16.430748955758816
source_5,JUMPCPE-20210806-Run18_20210808_210526,19,aloxistatin,scaled,1.49,False,0.3786992401210397,0.07088796390298659,0.27890711951233105,True,5.2173071130536846
source_5,JUMPCPE-20210811-Run18_20210811_182136,20,AMG900,scaled,1.37,False,0.7858951909447986,0.041150647078247574,0.963148249291526,True,77.62189332506003
source_5,JUMPCPE-20210811-Run18_20210811_182136,20,dexamethasone,scaled,1.37,False,0.7552275992196787,0.10606357076343136,0.8327279350242088,True,13.64087746485527
source_5,JUMPCPE-20210811-Run18_20210811_182136,20,FK-866,scaled,1.37,False,0.6936446848860778,0.13195828247649735,0.906179446041253,True,36.169320783239385
source_5,JUMPCPE-20210811-Run18_20210811_182136,20,LY2109761,scaled,1.37,False,0.7225877749306172,0.19191758166670564,0.9061967986374306,True,37.627559267436204
source_5,JUMPCPE-20210811-Run18_20210811_182136,20,NVS-PAK1-1,scaled,1.37,False,0.6151084225000842,0.11349697641215921,0.9121875318013513,True,33.70214244987738
source_5,JUMPCPE-20210811-Run18_20210811_182136,20,quinidine,scaled,1.37,False,0.4413220452068424,0.12617313901762003,0.41837843542137143,True,6.794288070306832
source_5,JUMPCPE-20210811-Run18_20210811_182136,20,TC-S-7004,scaled,1.37,False,0.3476062830521729,0.0896814769248239,0.6648466543893716,True,12.852350690796143
source_5,JUMPCPE-20210811-Run18_20210811_182136,20,aloxistatin,scaled,1.37,False,0.2596299039347183,0.058119811931589514,0.3339491954083978,True,6.679237197469983
source_5,JUMPCPE-20210812-Run20_20210815_062625,21,AMG900,scaled,1.15,False,0.8169373128709005,0.0439533732976098,0.9706081937746144,True,80.39289932987205
source_5,JUMPCPE-20210812-Run20_20210815_062625,21,dexamethasone,scaled,1.15,False,0.8150872940981793,0.18062908758433713,0.8853703492348513,True,13.172861346685057
source_5,JUMPCPE-20210812-Run20_20210815_062625,21,FK-866,scaled,1.15,False,0.7387889556869892,0.11744427638600737,0.9175410208780757,True,38.542083163993524
source_5,JUMPCPE-20210812-Run20_20210815_062625,21,LY2109761,scaled,1.15,False,0.7842361644130447,0.19003976361241395,0.9598239618611706,True,37.09833559173061
source_5,JUMPCPE-20210812-Run20_20210815_062625,21,NVS-PAK1-1,scaled,1.15,False,0.5729212806545204,0.1309341327535275,0.9037625125933083,True,33.080558686999446
source_5,JUMPCPE-20210812-Run20_20210815_062625,21,quinidine,scaled,1.15,False,0.5271399975501418,0.21755862381202595,0.5706232175885362,True,5.311882597114019
source_5,JUMPCPE-20210812-Run20_20210815_062625,21,TC-S-7004,scaled,1.15,False,0.23574645308984155,0.12335984720233853,0.4649290657983811,True,11.127689238967053
source_5,JUMPCPE-20210812-Run20_20210815_062625,21,aloxistatin,scaled,1.15,False,0.43596353982148284,0.15930319972813062,0.44120511578513577,False,5.99962109067156
source_5,JUMPCPE-20210813-Run21_20210817_031500,22,AMG900,scaled,1.18,False,0.8154741701785256,0.04817830107656561,0.9635847149099601,True,77.6724415575967
source_5,JUMPCPE-20210813-Run21_20210817_031500,22,dexamethasone,scaled,1.18,False,0.825225518236281,0.20378108278972817,0.9051128612284073,True,13.25808756549283
source_5,JUMPCPE-20210813-Run21_20210817_031500,22,FK-866,scaled,1.18,False,0.7544129344663937,0.13144623131812408,0.9219099269738429,True,35.63114465166783
source_5,JUMPCPE-20210813-Run21_20210817_031500,22,LY2109761,scaled,1.18,False,0.7838144890373335,0.19870416596666168,0.9554190878955758,True,38.37952351736141
source_5,JUMPCPE-20210813-Run21_20210817_031500,22,NVS-PAK1-1,scaled,1.18,False,0.6222418941209362,0.12510051868024935,0.9102986049098739,True,33.899366850927166
source_5,JUMPCPE-20210813-Run21_20210817_031500,22,quinidine,scaled,1.18,False,0.5237096666065788,0.2253420158435009,0.4393210844858998,True,6.08796480257257
source_5,JUMPCPE-20210813-Run21_20210817_031500,22,TC-S-7004,scaled,1.18,False,0.2872712019564647,0.1677866202877538,0.4836879969074123,True,10.804479382209324
source_5,JUMPCPE-20210813-Run21_20210817_031500,22,aloxistatin,scaled,1.18,False,0.4188388949878221,0.17574799675186908,0.44593167169483283,False,7.031391109872006
source_5,JUMPCPE-20210820-Run22_20210821_180957,23,AMG900,scaled,0.95,False,0.8014336866918976,0.04831179603185376,0.9700694340010099,True,83.25363593393799
source_5,JUMPCPE-20210820-Run22_20210821_180957,23,dexamethasone,scaled,0.95,False,0.8348496572792269,0.16710563076101348,0.9023775518751268,True,13.824342896355942
source_5,JUMPCPE-20210820-Run22_20210821_180957,23,FK-866,scaled,0.95,False,0.7205420189341949,0.11485671460720412,0.9349662940187551,True,39.74763781899811
source_5,JUMPCPE-20210820-Run22_20210821_180957,23,LY2109761,scaled,0.95,False,0.7776917799346663,0.1799447446138072,0.9676982898954792,True,40.74021689031904
source_5,JUMPCPE-20210820-Run22_20210821_180957,23,NVS-PAK1-1,scaled,0.95,False,0.5540048114662932,0.13789368791563109,0.9372109287438587,True,39.03304605449986
source_5,JUMPCPE-20210820-Run22_20210821_180957,23,quinidine,scaled,0.95,False,0.5879650444468595,0.181671900293661,0.48331225742893097,True,5.031788709868826
source_5,JUMPCPE-20210820-Run22_20210821_180957,23,TC-S-7004,scaled,0.95,False,0.2361381356883308,0.10155869645985016,0.671450870340807,False,15.358021119880089
source_5,JUMPCPE-20210820-Run22_20210821_180957,23,aloxistatin,scaled,0.95,False,0.42778989000858453,0.12388902247256481,0.36552210920658645,True,4.012230430769357
source_5,JUMPCPE-20210820-Run23_20210823_145853,24,AMG900,scaled,1.12,False,0.8068673480647741,0.038355030484871384,0.9679133136055157,True,79.10855912579403
source_5,JUMPCPE-20210820-Run23_20210823_145853,24,dexamethasone,scaled,1.12,False,0.7651633835617829,0.19619557131978174,0.8580195612295247,True,12.716586791261195
source_5,JUMPCPE-20210820-Run23_20210823_145853,24,FK-866,scaled,1.12,False,0.7785666450335853,0.1356760167836884,0.921510412755036,True,35.4708936506991
source_5,JUMPCPE-20210820-Run23_20210823_145853,24,LY2109761,scaled,1.12,False,0.7825819440418785,0.18919651543047974,0.9590768649123473,True,37.86340925944947
source_5,JUMPCPE-20210820-Run23_20210823_145853,24,NVS-PAK1-1,scaled,1.12,False,0.6151791685833268,0.1403634570022898,0.8948993457332632,True,33.93992161181391
source_5,JUMPCPE-20210820-Run23_20210823_145853,24,quinidine,scaled,1.12,False,0.48924014432772656,0.22735687958794035,0.3974874292252273,True,6.535318481662018
source_5,JUMPCPE-20210820-Run23_20210823_145853,24,TC-S-7004,scaled,1.12,False,0.2741431008800046,0.148628687764488,0.44726068932538326,True,15.10741210444393
source_5,JUMPCPE-20210820-Run23_20210823_145853,24,aloxistatin,scaled,1.12,False,0.41317137311858254,0.17720559701683797,0.44899246408357335,True,7.097115756583887
source_5,JUMPCPE-20210902-Run26_20210903_010341,25,AMG900,scaled,1.25,False,0.8094405354613532,0.041830320963287315,0.9535886685207386,True,76.34027805619598
source_5,JUMPCPE-20210902-Run26_20210903_010341,25,dexamethasone,scaled,1.25,False,0.818711657971811,0.14118765016689627,0.8990106611326723,True,12.197980897269565
source_5,JUMPCPE-20210902-Run26_20210903_010341,25,FK-866,scaled,1.25,False,0.7144013666815064,0.10408320284841445,0.9529240197736734,True,37.951560825381286
source_5,JUMPCPE-20210902-Run26_20210903_010341,25,LY2109761,scaled,1.25,False,0.7878331130127032,0.1872756449549813,0.950401018300965,True,39.426038777753
source_5,JUMPCPE-20210902-Run26_20210903_010341,25,NVS-PAK1-1,scaled,1.25,False,0.6349863136491566,0.11353577195314325,0.9101860226256405,True,32.74850842057424
source_5,JUMPCPE-20210902-Run26_20210903_010341,25,quinidine,scaled,1.25,False,0.5219678664762899,0.15266841436577994,0.40581474956071534,True,6.275842401995663
source_5,JUMPCPE-20210902-Run26_20210903_010341,25,TC-S-7004,scaled,1.25,False,0.3080392601570061,0.10413617074824119,0.7134701177673283,True,12.88166613515136
source_5,JUMPCPE-20210902-Run26_20210903_010341,25,aloxistatin,scaled,1.25,False,0.2609060461651064,0.002724550420206029,0.30894017132803453,True,4.3177341668561695
source_5,JUMPCPE-20210903-Run27_20210904_215148,26,AMG900,scaled,1.33,False,0.8187760057969715,0.04478361201224634,0.9592562668327516,True,77.99318038659916
source_5,JUMPCPE-20210903-Run27_20210904_215148,26,dexamethasone,scaled,1.33,False,0.8021130483063469,0.10963929640196635,0.8655469190135149,True,12.60348314642054
source_5,JUMPCPE-20210903-Run27_20210904_215148,26,FK-866,scaled,1.33,False,0.7533947435566954,0.11096681748042274,0.9308206105397532,True,38.78548997665116
source_5,JUMPCPE-20210903-Run27_20210904_215148,26,LY2109761,scaled,1.33,False,0.7983914041103721,0.184054979966207,0.9431473342280008,True,38.39973546821007
source_5,JUMPCPE-20210903-Run27_20210904_215148,26,NVS-PAK1-1,scaled,1.33,False,0.6938417211448928,0.12989673466809723,0.8573736373437051,True,30.81415084769584
source_5,JUMPCPE-20210903-Run27_20210904_215148,26,quinidine,scaled,1.33,False,0.5306451169316662,0.12657434668269593,0.4911510805954873,True,4.575178224261915
source_5,JUMPCPE-20210903-Run27_20210904_215148,26,TC-S-7004,scaled,1.33,False,0.31186704268620885,0.11489972409116465,0.6678345547276757,True,14.459943287866922
source_5,JUMPCPE-20210903-Run27_20210904_215148,26,aloxistatin,scaled,1.33,False,0.347131521194884,-0.004845830084720322,0.20902293472871908,True,3.6593585521097056
source_5,JUMPCPE-20210908-Run28_20210909_072022,27,AMG900,scaled,0.89,False,0.8030898248861269,0.04395120890636407,0.965327316542926,True,83.09225654140178
source_5,JUMPCPE-20210908-Run28_20210909_072022,27,dexamethasone,scaled,0.89,False,0.8345966865526581,0.1477482797273084,0.9155416695589912,True,13.036733477266162
source_5,JUMPCPE-20210908-Run28_20210909_072022,27,FK-866,scaled,0.89,False,0.6897109603840129,0.10195873516082607,0.9405560182059962,True,43.04423940780557
source_5,JUMPCPE-20210908-Run28_20210909_072022,27,LY2109761,scaled,0.89,False,0.7923170164593747,0.17162892479494746,0.9648200083497183,True,39.135444672411
source_5,JUMPCPE-20210908-Run28_20210909_072022,27,NVS-PAK1-1,scaled,0.89,False,0.5569053293953581,0.12045616743764422,0.9356078406242987,True,37.342959522805934
source_5,JUMPCPE-20210908-Run28_20210909_072022,27,quinidine,scaled,0.89,False,0.6242097779627626,0.13087159692465278,0.5110255581227994,True,5.660606093739611
source_5,JUMPCPE-20210908-Run28_20210909_072022,27,TC-S-7004,scaled,0.89,False,0.2377079487440113,0.056018977087259815,0.7341609190449514,True,15.718446307583674
source_5,JUMPCPE-20210908-Run28_20210909_072022,27,aloxistatin,scaled,0.89,False,0.3665387987207547,0.06017614447822424,0.46086086917999747,True,4.321205977033612
source_5,JUMPCPE-20210909-Run29_20210910_234236,28,AMG900,scaled,1.03,False,0.8046846406929626,0.043975948985849035,0.9714125427262597,True,77.21530962788532
source_5,JUMPCPE-20210909-Run29_20210910_234236,28,dexamethasone,scaled,1.03,False,0.8198558889072011,0.12885381474770208,0.8667055613641852,True,12.913033541821934
source_5,JUMPCPE-20210909-Run29_20210910_234236,28,FK-866,scaled,1.03,False,0.7488740440478595,0.11759502005550385,0.936964356413111,True,37.273132766384855
source_5,JUMPCPE-20210909-Run29_20210910_234236,28,LY2109761,scaled,1.03,False,0.7999695129752926,0.2005939504976739,0.9659395764461124,True,37.556000546699764
source_5,JUMPCPE-20210909-Run29_20210910_234236,28,NVS-PAK1-1,scaled,1.03,False,0.6085656742024363,0.12018225477256383,0.945611908053239,True,33.44663193637451
source_5,JUMPCPE-20210909-Run29_20210910_234236,28,quinidine,scaled,1.03,False,0.6838963250970813,0.18487095429341732,0.5154692175220066,True,4.7508223425252005
source_5,JUMPCPE-20210909-Run29_20210910_234236,28,TC-S-7004,scaled,1.03,False,0.39257145536452154,0.09878267081285631,0.9260156558557807,True,18.84427048393087
source_5,JUMPCPE-20210909-Run29_20210910_234236,28,aloxistatin,scaled,1.03,False,0.23780165121283664,0.038871029876087225,0.31984622503134563,True,5.528342468777821
source_5,JUMPCPE-20210910-Run30_20210912_203428,29,AMG900,scaled,1.58,False,0.8199826868702811,0.055787024345488864,0.9479992193756057,True,73.29067569062823
source_5,JUMPCPE-20210910-Run30_20210912_203428,29,dexamethasone,scaled,1.58,False,0.818944365209604,0.1289828571305168,0.8906912792006249,True,12.015520760730848
source_5,JUMPCPE-20210910-Run30_20210912_203428,29,FK-866,scaled,1.58,False,0.7153831450020067,0.1170936317866506,0.898752990682796,True,38.69116865597563
source_5,JUMPCPE-20210910-Run30_20210912_203428,29,LY2109761,scaled,1.58,False,0.7844942333760387,0.17339278266318617,0.9373998496238439,True,37.15225091282844
source_5,JUMPCPE-20210910-Run30_20210912_203428,29,NVS-PAK1-1,scaled,1.58,False,0.6916295529113013,0.13309956095519856,0.8428517725552431,True,29.83182736438929
source_5,JUMPCPE-20210910-Run30_20210912_203428,29,quinidine,scaled,1.58,False,0.5769127654370838,0.19066241826699312,0.40208352752278875,True,4.3921054724035065
source_5,JUMPCPE-20210910-Run30_20210912_203428,29,TC-S-7004,scaled,1.58,False,0.3546635967105305,0.06812529651470071,0.8293514167379649,True,15.047432335820673
source_5,JUMPCPE-20210910-Run30_20210912_203428,29,aloxistatin,scaled,1.58,False,0.21852050158755537,0.025839869546454692,0.21107301182764487,True,4.2410282232798435
source_5,JUMPCPE-20211001-Run33_20211001_152017,30,AMG900,scaled,1.82,False,0.8326829960886835,0.0498932291070899,0.933256103124435,True,73.10145677321118
source_5,JUMPCPE-20211001-Run33_20211001_152017,30,dexamethasone,scaled,1.82,False,0.8383068798743659,0.12807360727473263,0.8756903594100489,True,14.141931119289854
source_5,JUMPCPE-20211001-Run33_20211001_152017,30,FK-866,scaled,1.82,False,0.7028304595391204,0.11242025862957539,0.8946929024281096,True,41.62168125355366
source_5,JUMPCPE-20211001-Run33_20211001_152017,30,LY2109761,scaled,1.82,False,0.7776859349080996,0.21255429962396358,0.8734566853984781,True,46.57019710205893
source_5,JUMPCPE-20211001-Run33_20211001_152017,30,NVS-PAK1-1,scaled,1.82,False,0.6939074177290707,0.1377737157202734,0.8364942030118765,True,33.128416749566185
source_5,JUMPCPE-20211001-Run33_20211001_152017,30,quinidine,scaled,1.82,False,0.7152989154247806,0.18575665846255482,0.5283660231233225,True,8.360811768068654
source_5,JUMPCPE-20211001-Run33_20211001_152017,30,TC-S-7004,scaled,1.82,False,0.2764193508852329,0.15796294485829834,0.5850430084975342,True,12.188958751707297
source_5,JUMPCPE-20211001-Run33_20211001_152017,30,aloxistatin,scaled,1.82,False,0.47248356522081436,0.15180477504221238,0.43125645798474055,True,6.250676713926996
source_5,JUMPCPE-20211001-Run34_20211003_121618,31,AMG900,scaled,1.3,False,0.8045000338100112,0.04392837496416362,0.9539172943304207,True,77.3140445967229
source_5,JUMPCPE-20211001-Run34_20211003_121618,31,dexamethasone,scaled,1.3,False,0.8468999836789542,0.17279354555780177,0.908430667909319,True,13.534075091675422
source_5,JUMPCPE-20211001-Run34_20211003_121618,31,FK-866,scaled,1.3,False,0.6552656176849406,0.09043793519474595,0.8950882411846293,True,40.45015370182354
source_5,JUMPCPE-20211001-Run34_20211003_121618,31,LY2109761,scaled,1.3,False,0.8053621647159737,0.19719236123970627,0.9558918590797192,True,42.58857015782794
source_5,JUMPCPE-20211001-Run34_20211003_121618,31,NVS-PAK1-1,scaled,1.3,False,0.577761666991645,0.12307743643146882,0.9302052107849249,True,37.98983264417223
source_5,JUMPCPE-20211001-Run34_20211003_121618,31,quinidine,scaled,1.3,False,0.6983201290681234,0.19866442471970933,0.49426065148063036,True,8.576308847459341
source_5,JUMPCPE-20211001-Run34_20211003_121618,31,TC-S-7004,scaled,1.3,False,0.22117003594549417,0.11278338368653056,0.47063099965951977,True,11.299820092957468
source_5,JUMPCPE-20211001-Run34_20211003_121618,31,aloxistatin,scaled,1.3,False,0.5399386991792906,0.17195862599371917,0.3650630200841116,True,6.015599926987437
source_5,JUMPCPE-20211007-Run35_20211007_235529,32,AMG900,scaled,1.31,False,0.7858300866831682,0.026535711405943383,0.9519614079016481,True,80.53754224800188
source_5,JUMPCPE-20211007-Run35_20211007_235529,32,dexamethasone,scaled,1.31,False,0.8166228187809338,0.17176867443352783,0.9033581373106054,True,13.962934705447443
source_5,JUMPCPE-20211007-Run35_20211007_235529,32,FK-866,scaled,1.31,False,0.6888222105343019,0.07694256699668449,0.9127797219799012,True,38.49300658490764
source_5,JUMPCPE-20211007-Run35_20211007_235529,32,LY2109761,scaled,1.31,False,0.793682100956653,0.20188439274303452,0.9477266859238243,True,41.59317357132719
source_5,JUMPCPE-20211007-Run35_20211007_235529,32,NVS-PAK1-1,scaled,1.31,False,0.5304933723157537,0.08847519691247371,0.9154064449057041,True,39.29402468182393
source_5,JUMPCPE-20211007-Run35_20211007_235529,32,quinidine,scaled,1.31,False,0.7218422800478685,0.16774038917000675,0.4711816939699053,True,7.392741547302787
source_5,JUMPCPE-20211007-Run35_20211007_235529,32,TC-S-7004,scaled,1.31,False,0.11865969615821773,0.130659810965204,0.3683811617190511,False,10.468051279642317
source_5,JUMPCPE-20211007-Run35_20211007_235529,32,aloxistatin,scaled,1.31,False,0.48781937907780504,0.14917129208789195,0.47313917045542014,True,6.321588697703339
source_5,JUMPCPE-20211014-Run36_20211014_223431,33,AMG900,scaled,1.29,False,0.7999203323066317,0.020807691678345612,0.9512061135032921,True,82.2460559796027
source_5,JUMPCPE-20211014-Run36_20211014_223431,33,dexamethasone,scaled,1.29,False,0.821330344739633,0.16565011807305138,0.8903542620147308,True,13.992174343761572
source_5,JUMPCPE-20211014-Run36_20211014_223431,33,FK-866,scaled,1.29,False,0.6807550161286148,0.07247946720652516,0.9192484757503246,True,38.79068086314838
source_5,JUMPCPE-20211014-Run36_20211014_223431,33,LY2109761,scaled,1.29,False,0.8172909788109861,0.2026546988732059,0.9529658308245654,True,42.45951770148635
source_5,JUMPCPE-20211014-Run36_20211014_223431,33,NVS-PAK1-1,scaled,1.29,False,0.5398341183972893,0.10975155447543747,0.9256434532342034,True,39.74914637378646
source_5,JUMPCPE-20211014-Run36_20211014_223431,33,quinidine,scaled,1.29,False,0.6119915171421101,0.18326284460929818,0.5323397915663947,True,8.422322096378316
source_5,JUMPCPE-20211014-Run36_20211014_223431,33,TC-S-7004,scaled,1.29,False,0.1504319397029748,0.12800083187120692,0.3448701007469085,False,12.052783026050923
source_5,JUMPCPE-20211014-Run36_20211014_223431,33,aloxistatin,scaled,1.29,False,0.46859442973590415,0.1811848517204495,0.38875281826927455,True,8.13229337278795
source_5,JUMPCPE-20210623-Run01_20210624_003152,1,AMG900,field,0.13,False,0.9272243982264269,0.06182597032331016,,True,80.77695005650074
source_5,JUMPCPE-20210623-Run01_20210624_003152,1,dexamethasone,field,0.13,False,0.9059238554620135,0.2748507518425828,,True,10.935578097948955
source_5,JUMPCPE-20210623-Run01_20210624_003152,1,FK-866,field,0.13,False,0.8855490583698997,0.267554429577514,,True,30.296813291147917
source_5,JUMPCPE-20210623-Run01_20210624_003152,1,LY2109761,field,0.13,False,0.9297200772446006,0.3056115466697954,,True,35.38736470421545
source_5,JUMPCPE-20210623-Run01_20210624_003152,1,NVS-PAK1-1,field,0.13,False,0.7671739430679564,0.26628034280693086,,True,35.235373130461305
source_5,JUMPCPE-20210623-Run01_20210624_003152,1,quinidine,field,0.13,False,0.582542885588799,0.259124878221351,,True,3.4874622248440548
source_5,JUMPCPE-20210623-Run01_20210624_003152,1,TC-S-7004,field,0.13,False,0.7956032741654993,0.22023892402011458,,True,38.566082866199494
source_5,JUMPCPE-20210623-Run01_20210624_003152,1,aloxistatin,field,0.13,False,0.5835065834109658,0.22128713720571822,,True,3.697689876002788
source_5,JUMPCPE-20210623-Run02_20210624_225846,2,AMG900,field,1.04,False,0.9287373617629084,0.0940144561163124,0.9859148597240952,True,74.87580617938309
source_5,JUMPCPE-20210623-Run02_20210624_225846,2,dexamethasone,field,1.04,False,0.895018654167522,0.31438494225042507,0.9111667849372591,True,12.606078378464197
source_5,JUMPCPE-20210623-Run02_20210624_225846,2,FK-866,field,1.04,False,0.8776538973777761,0.3056010599152221,0.9437312767248894,True,31.071196053369107
source_5,JUMPCPE-20210623-Run02_20210624_225846,2,LY2109761,field,1.04,False,0.9351203732043163,0.3388290298740431,0.965594273540876,True,36.67852539716351
source_5,JUMPCPE-20210623-Run02_20210624_225846,2,NVS-PAK1-1,field,1.04,False,0.8028661244965923,0.28752020358525116,0.9648730969431707,True,34.042550364276636
source_5,JUMPCPE-20210623-Run02_20210624_225846,2,quinidine,field,1.04,False,0.4917896926367083,0.2966628845612026,0.4610907660654733,True,4.487544776068838
source_5,JUMPCPE-20210623-Run02_20210624_225846,2,TC-S-7004,field,1.04,False,0.8340814882744323,0.24458516866846045,0.9587293414721975,True,37.10500378109297
source_5,JUMPCPE-20210623-Run02_20210624_225846,2,aloxistatin,field,1.04,False,0.5852670384061063,0.29705320247726863,0.5523977200816462,True,5.783613465390408
source_5,JUMPCPE-20210628-Run02_20210628_170203,3,AMG900,field,0.74,False,0.9326875486267779,0.08926984148699514,0.9896778606180975,True,77.85965430025462
source_5,JUMPCPE-20210628-Run02_20210628_170203,3,dexamethasone,field,0.74,False,0.9206263645986246,0.2759167263136285,0.928966635823343,True,11.888942648226655
source_5,JUMPCPE-20210628-Run02_20210628_170203,3,FK-866,field,0.74,False,0.8991361138955222,0.3119982081928587,0.9533599535717787,True,31.123243175067156
source_5,JUMPCPE-20210628-Run02_20210628_170203,3,LY2109761,field,0.74,False,0.9288890326403243,0.33716747925349216,0.966129666985537,True,37.86861017008469
source_5,JUMPCPE-20210628-Run02_20210628_170203,3,NVS-PAK1-1,field,0.74,False,0.8091672774342428,0.2820715070452517,0.9753707225206462,True,36.93790489677194
source_5,JUMPCPE-20210628-Run02_20210628_170203,3,quinidine,field,0.74,False,0.6645885191914738,0.3879742095970699,0.5384520731022526,True,5.24442662078524
source_5,JUMPCPE-20210628-Run02_20210628_170203,3,TC-S-7004,field,0.74,False,0.8218514339272955,0.226262341838289,0.9719686038291693,True,33.96086262407865
source_5,JUMPCPE-20210628-Run02_20210628_170203,3,aloxistatin,field,0.74,False,0.5558998496313636,0.267139246494097,0.6272733044622107,False,6.718020778620396
source_5,JUMPCPE-20210628-Run03_20210629_064133,4,AMG900,field,1.13,False,0.9382872781844931,0.10624339112235548,0.986861110670457,True,77.83067731756293
source_5,JUMPCPE-20210628-Run03_20210629_064133,4,dexamethasone,field,1.13,False,0.9166666863342103,0.2546425664579057,0.9558441607990786,True,11.297247587543147
source_5,JUMPCPE-20210628-Run03_20210629_064133,4,FK-866,field,1.13,False,0.9067473410807317,0.3217166941324163,0.9583888964046329,True,35.49532295158552
source_5,JUMPCPE-20210628-Run03_20210629_064133,4,LY2109761,field,1.13,False,0.9476790038319347,0.3458523946018083,0.9457635401673945,True,41.45539333709564
source_5,JUMPCPE-20210628-Run03_20210629_064133,4,NVS-PAK1-1,field,1.13,False,0.8581795492222563,0.3160853529385852,0.943091757495804,True,38.353877268041394
source_5,JUMPCPE-20210628-Run03_20210629_064133,4,quinidine,field,1.13,False,0.7558543527962175,0.3753383021449378,0.5873145322297122,True,3.9919282129453704
source_5,JUMPCPE-20210628-Run03_20210629_064133,4,TC-S-7004,field,1.13,False,0.8384641497523113,0.28945358155557593,0.9501234258154645,True,42.82883465169813
source_5,JUMPCPE-20210628-Run03_20210629_064133,4,aloxistatin,field,1.13,False,0.5625957832547346,0.2516401370344144,0.6582082130240767,True,4.577927051211442
source_5,JUMPCPE-20210702-Run04_20210703_060202,5,AMG900,field,1.29,False,0.9353343897587945,0.09766395789625056,0.9831381313180978,True,73.12432449747357
source_5,JUMPCPE-20210702-Run04_20210703_060202,5,dexamethasone,field,1.29,False,0.9370476042152073,0.3112076777379163,0.9451550081374329,True,10.569781991018134
source_5,JUMPCPE-20210702-Run04_20210703_060202,5,FK-866,field,1.29,False,0.8824275074939175,0.2904232392820289,0.9522976228984783,True,31.151568320208977
source_5,JUMPCPE-20210702-Run04_20210703_060202,5,LY2109761,field,1.29,False,0.9399932810392796,0.3365781304494701,0.9535306195154202,True,39.20342806877576
source_5,JUMPCPE-20210702-Run04_20210703_060202,5,NVS-PAK1-1,field,1.29,False,0.8414581587308811,0.3092437609789263,0.9415272135259496,True,34.35531199595337
source_5,JUMPCPE-20210702-Run04_20210703_060202,5,quinidine,field,1.29,False,0.6984324198358349,0.24034541634237144,0.507719562213474,True,3.0637495722565116
source_5,JUMPCPE-20210702-Run04_20210703_060202,5,TC-S-7004,field,1.29,False,0.8352314430441276,0.2655878816563909,0.9373432591353769,True,31.86559671178869
source_5,JUMPCPE-20210702-Run04_20210703_060202,5,aloxistatin,field,1.29,False,0.5255282323794298,0.2014425289898371,0.5981367073041438,True,3.295521181032053
source_5,JUMPCPE-20210704-Run05_20210705_025956,6,AMG900,field,1.06,False,0.9408046610405383,0.1185330948384341,0.9793401137032036,True,78.09249579784799
source_5,JUMPCPE-20210704-Run05_20210705_025956,6,dexamethasone,field,1.06,False,0.900949006953268,0.19254559482701145,0.9479003501335731,True,10.498136298890696
source_5,JUMPCPE-20210704-Run05_20210705_025956,6,FK-866,field,1.06,False,0.9037513560400772,0.28651654958070333,0.9616610421068968,True,34.43686953689423
source_5,JUMPCPE-20210704-Run05_20210705_025956,6,LY2109761,field,1.06,False,0.9533161357594324,0.319262564438782,0.9700051079366632,True,37.69099415176563
source_5,JUMPCPE-20210704-Run05_20210705_025956,6,NVS-PAK1-1,field,1.06,False,0.8656880379199331,0.29219842855680206,0.9331449763618689,True,27.769030314147578
source_5,JUMPCPE-20210704-Run05_20210705_025956,6,quinidine,field,1.06,False,0.6490391212343068,0.224342439797256,0.5133480987240733,True,3.691679354171707
source_5,JUMPCPE-20210704-Run05_20210705_025956,6,TC-S-7004,field,1.06,False,0.8130937927230385,0.2833517902372188,0.9698564261031646,True,35.13026300748772
source_5,JUMPCPE-20210704-Run05_20210705_025956,6,aloxistatin,field,1.06,False,0.5189562688714799,0.18949849122749032,0.5601491295678751,True,3.3112199696864235
source_5,JUMPCPE-20210706-Run06_20210706_235916,7,AMG900,field,0.86,False,0.9447889462296453,0.09367432166463915,0.9870683244464311,True,80.41405198768905
source_5,JUMPCPE-20210706-Run06_20210706_235916,7,dexamethasone,field,0.86,False,0.8923247936441134,0.18491261389677222,0.9172740466814233,True,11.504576061362707
source_5,JUMPCPE-20210706-Run06_20210706_235916,7,FK-866,field,0.86,False,0.9084080348589345,0.28380452247786675,0.972278227987129,True,34.38344137541253
source_5,JUMPCPE-20210706-Run06_20210706_235916,7,LY2109761,field,0.86,False,0.9507090471354259,0.3039008013439362,0.9818228047012392,True,35.21238734935987
source_5,JUMPCPE-20210706-Run06_20210706_235916,7,NVS-PAK1-1,field,0.86,False,0.8351337908371018,0.2980731319058397,0.9617901941202298,True,35.008693816195546
source_5,JUMPCPE-20210706-Run06_20210706_235916,7,quinidine,field,0.86,False,0.7070742474218514,0.30112963754412764,0.5832800134099557,True,5.0997358192376705
source_5,JUMPCPE-20210706-Run06_20210706_235916,7,TC-S-7004,field,0.86,False,0.8105038725952212,0.2559420162940165,0.9763793805444192,True,33.46788192192553
source_5,JUMPCPE-20210706-Run06_20210706_235916,7,aloxistatin,field,0.86,False,0.45784514928411146,0.22855210452655988,0.48105379716712215,True,4.448990982430515
source_5,JUMPCPE-20210709-Run07_20210709_230159,8,AMG900,field,0.94,False,0.9373006276517458,0.08520473390519744,0.9882184669959932,True,77.64585576618782
source_5,JUMPCPE-20210709-Run07_20210709_230159,8,dexamethasone,field,0.94,False,0.9066885228731163,0.28515809642980716,0.9442655095859348,True,11.037582228892939
source_5,JUMPCPE-20210709-Run07_20210709_230159,8,FK-866,field,0.94,False,0.9121171486699935,0.27259466297439133,0.9599603765814894,True,30.641799963332677
source_5,JUMPCPE-20210709-Run07_20210709_230159,8,LY2109761,field,0.94,False,0.9423837037043901,0.3106441649920213,0.976025535383418,True,34.39884045178161
source_5,JUMPCPE-20210709-Run07_20210709_230159,8,NVS-PAK1-1,field,0.94,False,0.8434721946433377,0.28681969297276166,0.9532819442705542,True,31.75741833331473
source_5,JUMPCPE-20210709-Run07_20210709_230159,8,quinidine,field,0.94,False,0.6109493118543945,0.28301252413776873,0.5017862990839276,True,4.764465802915665
source_5,JUMPCPE-20210709-Run07_20210709_230159,8,TC-S-7004,field,0.94,False,0.7942071867655887,0.21927410582616425,0.9619073378345668,True,24.980846657221832
source_5,JUMPCPE-20210709-Run07_20210709_230159,8,aloxistatin,field,0.94,False,0.5611233984490649,0.24946314972289538,0.6215371919890397,False,5.514668727109737
source_5,JUMPCPE-20210709-Run08_20210711_195507,9,AMG900,field,0.58,False,0.9399517881021061,0.07754896754383603,0.9908363509708897,True,82.56235047214503
source_5,JUMPCPE-20210709-Run08_20210711_195507,9,dexamethasone,field,0.58,False,0.8733740716118998,0.2666061751154148,0.9376657706388253,True,10.768293942412905
source_5,JUMPCPE-20210709-Run08_20210711_195507,9,FK-866,field,0.58,False,0.8990449807751103,0.30496906073568836,0.9751824666521569,True,32.29606292766465
source_5,JUMPCPE-20210709-Run08_20210711_195507,9,LY2109761,field,0.58,False,0.9187152583777061,0.29838361051279566,0.9834538392569889,True,32.661458990202995
source_5,JUMPCPE-20210709-Run08_20210711_195507,9,NVS-PAK1-1,field,0.58,False,0.7986853738252782,0.25509894728601756,0.9757901821067616,True,35.75344667279198
source_5,JUMPCPE-20210709-Run08_20210711_195507,9,quinidine,field,0.58,False,0.5127146662144664,0.2412821523340664,0.5224626267689358,False,4.355609250011028
source_5,JUMPCPE-20210709-Run08_20210711_195507,9,TC-S-7004,field,0.58,False,0.7350817042251179,0.19948744431954868,0.9690361417831242,True,24.833889501038648
source_5,JUMPCPE-20210709-Run08_20210711_195507,9,aloxistatin,field,0.58,False,0.6496270176831748,0.32129457436651926,0.6142679794633235,True,5.246277447937623
source_5,JUMPCPE-20210712-Run09_20210713_003159,10,AMG900,field,0.88,False,0.9409707492202394,0.09964089321238327,0.9876172147110466,True,79.42548031828466
source_5,JUMPCPE-20210712-Run09_20210713_003159,10,dexamethasone,field,0.88,False,0.9126068113803245,0.2925226995577687,0.9293914128745825,True,12.09101176406068
source_5,JUMPCPE-20210712-Run09_20210713_003159,10,FK-866,field,0.88,False,0.9027202811735188,0.320473288694824,0.9646927514538006,True,32.495344606555236
source_5,JUMPCPE-20210712-Run09_20210713_003159,10,LY2109761,field,0.88,False,0.9418726728280378,0.33981563002752235,0.9732997259059912,True,35.826740526272985
source_5,JUMPCPE-20210712-Run09_20210713_003159,10,NVS-PAK1-1,field,0.88,False,0.8418489604614787,0.2954791628306751,0.9566650864773524,True,36.63192500739742
source_5,JUMPCPE-20210712-Run09_20210713_003159,10,quinidine,field,0.88,False,0.6630207738456848,0.3975594279209261,0.5077436970269615,True,4.810835202195713
source_5,JUMPCPE-20210712-Run09_20210713_003159,10,TC-S-7004,field,0.88,False,0.797143913230776,0.23811058205489471,0.9596119151066546,True,25.18708418620305
source_5,JUMPCPE-20210712-Run09_20210713_003159,10,aloxistatin,field,0.88,False,0.5873404655930456,0.31736766334047717,0.5733021294884546,False,5.671821399311371
source_5,JUMPCPE-20210715-Run10_20210715_223420,11,AMG900,field,0.77,False,0.9445554716795596,0.08552706668822814,0.9903456636271334,True,79.47801308945844
source_5,JUMPCPE-20210715-Run10_20210715_223420,11,dexamethasone,field,0.77,False,0.9312988059488853,0.2773107492666467,0.9641596483835727,True,10.894238700145516
source_5,JUMPCPE-20210715-Run10_20210715_223420,11,FK-866,field,0.77,False,0.9019052197685675,0.26119664826241784,0.9649443819361309,True,31.821961214517216
source_5,JUMPCPE-20210715-Run10_20210715_223420,11,LY2109761,field,0.77,False,0.9439742002385947,0.32084549756494246,0.9821270741124939,True,34.16768364214829
source_5,JUMPCPE-20210715-Run10_20210715_223420,11,NVS-PAK1-1,field,0.77,False,0.8362757123265374,0.28399362515844345,0.9641213641941943,True,32.88326364589231
source_5,JUMPCPE-20210715-Run10_20210715_223420,11,quinidine,field,0.77,False,0.7252747206118091,0.42163529763542634,0.6587532236417051,True,4.320806498111229
source_5,JUMPCPE-20210715-Run10_20210715_223420,11,TC-S-7004,field,0.77,False,0.7218541787662066,0.19675754226039274,0.8997696830539459,True,15.405266646175182
source_5,JUMPCPE-20210715-Run10_20210715_223420,11,aloxistatin,field,0.77,False,0.6127574945116581,0.3323612792499923,0.6142876736260412,True,4.853092220570355
source_5,JUMPCPE-20210716-Run11_20210717_192647,12,AMG900,field,1.07,False,0.9359974687082311,0.09403432881122067,0.9839433196973758,True,79.90338174214928
source_5,JUMPCPE-20210716-Run11_20210717_192647,12,dexamethasone,field,1.07,False,0.9119449382637428,0.17259764971577557,0.9456201960208912,True,10.825431299108127
source_5,JUMPCPE-20210716-Run11_20210717_192647,12,FK-866,field,1.07,False,0.8967378680494679,0.25289328330007693,0.9525930923010166,True,33.95452602018513
source_5,JUMPCPE-20210716-Run11_20210717_192647,12,LY2109761,field,1.07,False,0.9490788313418306,0.29179053128095017,0.9784942408501422,True,36.181464010780715
source_5,JUMPCPE-20210716-Run11_20210717_192647,12,NVS-PAK1-1,field,1.07,False,0.8311778813610508,0.30345896849431325,0.9422160632451495,True,33.02657323357713
source_5,JUMPCPE-20210716-Run11_20210717_192647,12,quinidine,field,1.07,False,0.6891331836961154,0.23803602591945175,0.5298625663644925,True,3.8451086687289764
source_5,JUMPCPE-20210716-Run11_20210717_192647,12,TC-S-7004,field,1.07,False,0.7669768464495755,0.2352076332865968,0.9669775814699346,True,25.688975381598464
source_5,JUMPCPE-20210716-Run11_20210717_192647,12,aloxistatin,field,1.07,False,0.5335855099865978,0.13346137839720504,0.6313499942445231,True,2.7333251966063785
source_5,JUMPCPE-20210716-Run12_20210719_162047,13,AMG900,field,0.94,False,0.9367777880121213,0.07925454578239999,0.9891322908215952,True,81.79139614592731
source_5,JUMPCPE-20210716-Run12_20210719_162047,13,dexamethasone,field,0.94,False,0.9005893519849162,0.1721719277822628,0.9418049907302235,True,11.315447375150086
source_5,JUMPCPE-20210716-Run12_20210719_162047,13,FK-866,field,0.94,False,0.8911046035831666,0.2946516584563971,0.9538784716813666,True,34.3618019523772
source_5,JUMPCPE-20210716-Run12_20210719_162047,13,LY2109761,field,0.94,False,0.9291350655646047,0.3115977514313145,0.9867153569287812,True,37.224583054938726
source_5,JUMPCPE-20210716-Run12_20210719_162047,13,NVS-PAK1-1,field,0.94,False,0.8303528130448579,0.29832939650462215,0.9691815649768385,True,35.946545552302716
source_5,JUMPCPE-20210716-Run12_20210719_162047,13,quinidine,field,0.94,False,0.7054261659651446,0.2719858191526984,0.6165330212165767,True,3.9757631446456543
source_5,JUMPCPE-20210716-Run12_20210719_162047,13,TC-S-7004,field,0.94,False,0.7269891202167424,0.19677698848843012,0.950599873647255,True,20.624802769848383
source_5,JUMPCPE-20210716-Run12_20210719_162047,13,aloxistatin,field,0.94,False,0.5486490509200155,0.18928729024323204,0.765376826719494,True,4.273585227225885
source_5,JUMPCPE-20210719-Run13_20210721_131445,14,AMG900,field,1.15,False,0.94301871714777,0.09137999596848213,0.9889198574587996,True,80.12776293110421
source_5,JUMPCPE-20210719-Run13_20210721_131445,14,dexamethasone,field,1.15,False,0.912340226458484,0.23759579411113516,0.933589981640212,True,10.779097117730577
source_5,JUMPCPE-20210719-Run13_20210721_131445,14,FK-866,field,1.15,False,0.9018067728610993,0.26922159325483824,0.9616174622700193,True,31.17582528066917
source_5,JUMPCPE-20210719-Run13_20210721_131445,14,LY2109761,field,1.15,False,0.9402647952256971,0.312147687575621,0.9790376626195427,True,35.95850435926834
source_5,JUMPCPE-20210719-Run13_20210721_131445,14,NVS-PAK1-1,field,1.15,False,0.8285233241535921,0.3170811197549642,0.9476130393832286,True,32.41961595356363
source_5,JUMPCPE-20210719-Run13_20210721_131445,14,quinidine,field,1.15,False,0.7774537158657775,0.38057821412725357,0.6004298923852728,True,4.093779174607289
source_5,JUMPCPE-20210719-Run13_20210721_131445,14,TC-S-7004,field,1.15,False,0.7504887686101327,0.19097189770974868,0.9193094893791851,True,16.34457983865545
source_5,JUMPCPE-20210719-Run13_20210721_131445,14,aloxistatin,field,1.15,False,0.600708976690955,0.3062787482110206,0.6320644025512281,True,3.455965312175405
source_5,JUMPCPE-20210730-Run14_20210731_000211,15,AMG900,field,0.9,False,0.9328400970661747,0.10253169923496157,0.9858679932476223,True,78.81419371326618
source_5,JUMPCPE-20210730-Run14_20210731_000211,15,dexamethasone,field,0.9,False,0.9300714628474804,0.25886626948537605,0.9623634307625185,True,11.096583788527845
source_5,JUMPCPE-20210730-Run14_20210731_000211,15,FK-866,field,0.9,False,0.8928903769936245,0.269720967376927,0.9560432241959395,True,32.7141086145909
source_5,JUMPCPE-20210730-Run14_20210731_000211,15,LY2109761,field,0.9,False,0.9261006373321492,0.2981391450044185,0.9862655498231637,True,34.48278549032225
source_5,JUMPCPE-20210730-Run14_20210731_000211,15,NVS-PAK1-1,field,0.9,False,0.8154461683838868,0.2992239727413783,0.9613444271499154,True,33.50206726364314
source_5,JUMPCPE-20210730-Run14_20210731_000211,15,quinidine,field,0.9,False,0.772037421251738,0.3513518528350533,0.6538896993335298,True,4.3975265508346455
source_5,JUMPCPE-20210730-Run14_20210731_000211,15,TC-S-7004,field,0.9,False,0.7730575070314647,0.23588684306084678,0.9730617173234547,True,26.346379196409192
source_5,JUMPCPE-20210730-Run14_20210731_000211,15,aloxistatin,field,0.9,False,0.627439341813432,0.2914192664668026,0.6427565922114173,True,3.5902944200036933
source_5,JUMPCPE-20210730-Run15_20210801_205335,16,AMG900,field,1.36,False,0.9380692833039433,0.13262085154369652,0.977434751600031,True,76.33998701868374
source_5,JUMPCPE-20210730-Run15_20210801_205335,16,dexamethasone,field,1.36,False,0.9357488318871114,0.275648481136946,0.9383843170695388,True,12.236199894017865
source_5,JUMPCPE-20210730-Run15_20210801_205335,16,FK-866,field,1.36,False,0.8659216020767735,0.37138711318850176,0.912520504880149,True,34.53002351455967
source_5,JUMPCPE-20210730-Run15_20210801_205335,16,LY2109761,field,1.36,False,0.9170894723724831,0.3497771041994892,0.9524623698121794,True,38.42491880224708
source_5,JUMPCPE-20210730-Run15_20210801_205335,16,NVS-PAK1-1,field,1.36,False,0.8356773833311983,0.34705905478418275,0.9209908815908234,True,37.98034424858365
source_5,JUMPCPE-20210730-Run15_20210801_205335,16,quinidine,field,1.36,False,0.7067477768540118,0.4207887688318702,0.6181593652372472,True,5.877876053443456
source_5,JUMPCPE-20210730-Run15_20210801_205335,16,TC-S-7004,field,1.36,False,0.8212803743815373,0.2645420360959082,0.9280746627335197,True,28.611597518954753
source_5,JUMPCPE-20210730-Run15_20210801_205335,16,aloxistatin,field,1.36,False,0.5837667301102455,0.29537687687638187,0.595989535069398,False,6.231789405329234
source_5,JUMPCPE-20210730-Run16_20210803_174908,17,AMG900,field,1.21,False,0.9341430547480476,0.09530030794558188,0.9892656877884052,True,79.63369655024117
source_5,JUMPCPE-20210730-Run16_20210803_174908,17,dexamethasone,field,1.21,False,0.9098461388461495,0.21758803448307193,0.934797712032923,True,10.759906181588658
source_5,JUMPCPE-20210730-Run16_20210803_174908,17,FK-866,field,1.21,False,0.8867598057786019,0.24983136513454993,0.945862096406115,True,31.734610369249044
source_5,JUMPCPE-20210730-Run16_20210803_174908,17,LY2109761,field,1.21,False,0.9215978127043298,0.2932129860943849,0.9815981998287606,True,33.58520359796775
source_5,JUMPCPE-20210730-Run16_20210803_174908,17,NVS-PAK1-1,field,1.21,False,0.8117351273304392,0.28073745521293747,0.9650622352355497,True,33.55558157401043
source_5,JUMPCPE-20210730-Run16_20210803_174908,17,quinidine,field,1.21,False,0.701562393113548,0.35905526946861704,0.5915914194311818,True,3.9512493455173407
source_5,JUMPCPE-20210730-Run16_20210803_174908,17,TC-S-7004,field,1.21,False,0.7591378726773883,0.19099050345140628,0.9603935568215451,True,20.531811125519663
source_5,JUMPCPE-20210730-Run16_20210803_174908,17,aloxistatin,field,1.21,False,0.6494027187477326,0.2650437543596077,0.6424165161081915,True,3.7913942013961535
source_5,JUMPCPE-20210806-Run17_20210807_000211,18,AMG900,field,1.56,False,0.9216281506050338,0.130312488867559,0.9623121180315567,True,76.05025889538854
source_5,JUMPCPE-20210806-Run17_20210807_000211,18,dexamethasone,field,1.56,False,0.8849063586883652,0.1406613372166931,0.9130364577543818,True,11.43137739126477
source_5,JUMPCPE-20210806-Run17_20210807_000211,18,FK-866,field,1.56,False,0.8717953264064846,0.2652481761350513,0.9296620093417232,True,36.4613796546047
source_5,JUMPCPE-20210806-Run17_20210807_000211,18,LY2109761,field,1.56,False,0.9361257388172792,0.2992872912374668,0.9698901691727653,True,39.36471464874933
source_5,JUMPCPE-20210806-Run17_20210807_000211,18,NVS-PAK1-1,field,1.56,False,0.8361329669029254,0.29432153591922716,0.9085973477723469,True,32.911280863075
source_5,JUMPCPE-20210806-Run17_20210807_000211,18,quinidine,field,1.56,False,0.7023152698412949,0.21909654069299225,0.5331123104800515,True,4.34318265428119
source_5,JUMPCPE-20210806-Run17_20210807_000211,18,TC-S-7004,field,1.56,False,0.7190619567192322,0.2564251678754243,0.9164694615390907,True,16.541636901373007
source_5,JUMPCPE-20210806-Run17_20210807_000211,18,aloxistatin,field,1.56,False,0.6384914530039318,0.09421764856079884,0.544795316642512,True,3.2411981844869615
source_5,JUMPCPE-20210806-Run18_20210808_210526,19,AMG900,field,1.49,False,0.9326109650227042,0.11120448645965413,0.9780673199451734,True,76.14303425625184
source_5,JUMPCPE-20210806-Run18_20210808_210526,19,dexamethasone,field,1.49,False,0.8866825584439377,0.2593729494832116,0.9071184374505203,True,11.945151434838364
source_5,JUMPCPE-20210806-Run18_20210808_210526,19,FK-866,field,1.49,False,0.8683195272704869,0.34722167271468163,0.9216318281549746,True,35.88896926642384
source_5,JUMPCPE-20210806-Run18_20210808_210526,19,LY2109761,field,1.49,False,0.8996428174963766,0.3233926000224057,0.9437955276090662,True,35.02249835417401
source_5,JUMPCPE-20210806-Run18_20210808_210526,19,NVS-PAK1-1,field,1.49,False,0.8048684377461068,0.2891437594665599,0.945098906115657,True,35.12985316397652
source_5,JUMPCPE-20210806-Run18_20210808_210526,19,quinidine,field,1.49,False,0.6017672137682339,0.3152672886124585,0.4684286985363092,True,5.916991248308486
source_5,JUMPCPE-20210806-Run18_20210808_210526,19,TC-S-7004,field,1.49,False,0.7612562596737307,0.20806182989343017,0.876259383722371,True,16.918209063923065
source_5,JUMPCPE-20210806-Run18_20210808_210526,19,aloxistatin,field,1.49,False,0.481239060696489,0.1581144720748672,0.5099085200371662,True,4.166273590774712
source_5,JUMPCPE-20210811-Run18_20210811_182136,20,AMG900,field,1.37,False,0.9378001789202934,0.10689313977115585,0.9780956439417745,True,78.47772980384222
source_5,JUMPCPE-20210811-Run18_20210811_182136,20,dexamethasone,field,1.37,False,0.8456076307392402,0.1465050891926875,0.9065599611700175,True,11.492367719802719
source_5,JUMPCPE-20210811-Run18_20210811_182136,20,FK-866,field,1.37,False,0.867757332161073,0.34760145096977874,0.9247090570228845,True,35.47646185460462
source_5,JUMPCPE-20210811-Run18_20210811_182136,20,LY2109761,field,1.37,False,0.8964574901197141,0.31532230064054845,0.9482891442359269,True,32.87479510523416
source_5,JUMPCPE-20210811-Run18_20210811_182136,20,NVS-PAK1-1,field,1.37,False,0.8425968774257906,0.2880648797149518,0.9452978321304586,True,33.47019007347441
source_5,JUMPCPE-20210811-Run18_20210811_182136,20,quinidine,field,1.37,False,0.5712422006926567,0.24221722921669137,0.6051081664182945,True,4.734003448576294
source_5,JUMPCPE-20210811-Run18_20210811_182136,20,TC-S-7004,field,1.37,False,0.6988291701779336,0.20843016941762807,0.8121740988323123,True,12.22352331680307
source_5,JUMPCPE-20210811-Run18_20210811_182136,20,aloxistatin,field,1.37,False,0.3901852501236658,0.12561735694289738,0.594619302833659,True,4.756758887739883
source_5,JUMPCPE-20210812-Run20_20210815_062625,21,AMG900,field,1.15,False,0.9418892251514195,0.10894511608419734,0.9835471091859558,True,81.13469676148019
source_5,JUMPCPE-20210812-Run20_20210815_062625,21,dexamethasone,field,1.15,False,0.9086869259591867,0.23100276179504028,0.9226546693326706,True,12.141107023058861
source_5,JUMPCPE-20210812-Run20_20210815_062625,21,FK-866,field,1.15,False,0.8997251050918362,0.28376477076531265,0.9387248836922248,True,35.17393708047996
source_5,JUMPCPE-20210812-Run20_20210815_062625,21,LY2109761,field,1.15,False,0.9065443381282481,0.29631585260865917,0.9729841752222426,True,32.55472326461194
source_5,JUMPCPE-20210812-Run20_20210815_062625,21,NVS-PAK1-1,field,1.15,False,0.8014707432071327,0.2925779237008278,0.9419465234201486,True,31.38509153286972
source_5,JUMPCPE-20210812-Run20_20210815_062625,21,quinidine,field,1.15,False,0.6628716268134607,0.35764684568819755,0.6626760102690925,False,4.604431745575986
source_5,JUMPCPE-20210812-Run20_20210815_062625,21,TC-S-7004,field,1.15,False,0.4358149701849032,0.23126575449310735,0.4625382910646595,True,9.054368438346348
source_5,JUMPCPE-20210812-Run20_20210815_062625,21,aloxistatin,field,1.15,False,0.5872071779182576,0.2642440975234434,0.7098041004617618,False,5.5112063286008945
source_5,JUMPCPE-20210813-Run21_20210817_031500,22,AMG900,field,1.18,False,0.9403403599838911,0.11279651087376825,0.9751837617289625,True,79.17083798537345
source_5,JUMPCPE-20210813-Run21_20210817_031500,22,dexamethasone,field,1.18,False,0.904044957304463,0.301348627444356,0.9264378029706649,True,12.218107251114594
source_5,JUMPCPE-20210813-Run21_20210817_031500,22,FK-866,field,1.18,False,0.9026922246534012,0.3249881783188262,0.9320478913144249,True,34.24355774787442
source_5,JUMPCPE-20210813-Run21_20210817_031500,22,LY2109761,field,1.18,False,0.9228364672311988,0.31311206873467506,0.968097863145005,True,35.18182572129719
source_5,JUMPCPE-20210813-Run21_20210817_031500,22,NVS-PAK1-1,field,1.18,False,0.8502240150210122,0.3149637142258178,0.9171797328534493,True,32.31356801107082
source_5,JUMPCPE-20210813-Run21_20210817_031500,22,quinidine,field,1.18,False,0.6936298465529058,0.383731073851454,0.6007439307777875,True,5.640840083907131
source_5,JUMPCPE-20210813-Run21_20210817_031500,22,TC-S-7004,field,1.18,False,0.47001957137676365,0.3041722174993007,0.4486212294916855,False,10.555989673238592
source_5,JUMPCPE-20210813-Run21_20210817_031500,22,aloxistatin,field,1.18,False,0.5378911875995522,0.2968585766412103,0.651705146774646,False,6.919700227478752
source_5,JUMPCPE-20210820-Run22_20210821_180957,23,AMG900,field,0.95,False,0.9387411446888271,0.11251666523739727,0.9829685912026562,True,81.52270754646386
source_5,JUMPCPE-20210820-Run22_20210821_180957,23,dexamethasone,field,0.95,False,0.9093754919105103,0.21432689817619494,0.9350992312510117,True,12.406786828784785
source_5,JUMPCPE-20210820-Run22_20210821_180957,23,FK-866,field,0.95,False,0.9004391738238937,0.31432033222065997,0.9535963381404671,True,34.03814861967812
source_5,JUMPCPE-20210820-Run22_20210821_180957,23,LY2109761,field,0.95,False,0.9114448087557129,0.27511814851362126,0.9794300427413244,True,34.8738449878308
source_5,JUMPCPE-20210820-Run22_20210821_180957,23,NVS-PAK1-1,field,0.95,False,0.7885016298500513,0.3085764299192131,0.9584099334029323,True,35.48395759222534
source_5,JUMPCPE-20210820-Run22_20210821_180957,23,quinidine,field,0.95,False,0.734746977589535,0.30283802863229087,0.6533822419252246,True,4.17490327930548
source_5,JUMPCPE-20210820-Run22_20210821_180957,23,TC-S-7004,field,0.95,False,0.5138481241857547,0.2214319258053179,0.6696115168768714,True,12.280464184601394
source_5,JUMPCPE-20210820-Run22_20210821_180957,23,aloxistatin,field,0.95,False,0.5759021848950037,0.22281280384400068,0.5892046600021781,True,3.2537572349929733
source_5,JUMPCPE-20210820-Run23_20210823_145853,24,AMG900,field,1.12,False,0.9376646013425639,0.09899003977929811,0.9823619513651219,True,79.69044557880437
source_5,JUMPCPE-20210820-Run23_20210823_145853,24,dexamethasone,field,1.12,False,0.8913164368825843,0.29698630769974776,0.9229681957558008,True,11.325080228553821
source_5,JUMPCPE-20210820-Run23_20210823_145853,24,FK-866,field,1.12,False,0.9106592021992328,0.31314884943649324,0.9430161778880405,True,33.952847991941525
source_5,JUMPCPE-20210820-Run23_20210823_145853,24,LY2109761,field,1.12,False,0.9255805514651301,0.3081004637312531,0.9751396929043763,True,33.4904520957315
source_5,JUMPCPE-20210820-Run23_20210823_145853,24,NVS-PAK1-1,field,1.12,False,0.8333861019981519,0.3225744561175537,0.9248832356397358,True,33.230402256908526
source_5,JUMPCPE-20210820-Run23_20210823_145853,24,quinidine,field,1.12,False,0.657509328635475,0.41392494440506455,0.5689405279766893,False,6.2910428099312155
source_5,JUMPCPE-20210820-Run23_20210823_145853,24,TC-S-7004,field,1.12,False,0.47015495721879513,0.23983402660616582,0.47345482386925186,True,13.362396134981745
source_5,JUMPCPE-20210820-Run23_20210823_145853,24,aloxistatin,field,1.12,False,0.5909473729067869,0.3257030827234909,0.6738346150888347,False,6.629021742980242
source_5,JUMPCPE-20210902-Run26_20210903_010341,25,AMG900,field,1.25,False,0.9349268769346515,0.10208387903011922,0.9763584808677874,True,78.6223108468609
source_5,JUMPCPE-20210902-Run26_20210903_010341,25,dexamethasone,field,1.25,False,0.8639201391491367,0.1688980306122441,0.9303200572425396,True,11.217151097350749
source_5,JUMPCPE-20210902-Run26_20210903_010341,25,FK-866,field,1.25,False,0.8889589246648503,0.29001558702136077,0.9744097896327706,True,33.92977250264968
source_5,JUMPCPE-20210902-Run26_20210903_010341,25,LY2109761,field,1.25,False,0.9246569898364009,0.2898441730231173,0.9734140113769012,True,35.785484486768134
source_5,JUMPCPE-20210902-Run26_20210903_010341,25,NVS-PAK1-1,field,1.25,False,0.8483501177326884,0.26253853655584386,0.9418159323696973,True,33.307717972548716
source_5,JUMPCPE-20210902-Run26_20210903_010341,25,quinidine,field,1.25,False,0.6345837044967437,0.3201477201524007,0.49037152349557916,True,4.933269629066136
source_5,JUMPCPE-20210902-Run26_20210903_010341,25,TC-S-7004,field,1.25,False,0.6397917493879473,0.2204795891909379,0.7834005339952277,True,11.402265300487668
source_5,JUMPCPE-20210902-Run26_20210903_010341,25,aloxistatin,field,1.25,False,0.32989166710821316,0.003916549965045495,0.3808753823155556,True,3.192525989071164
source_5,JUMPCPE-20210903-Run27_20210904_215148,26,AMG900,field,1.33,False,0.9356574244910623,0.09809180188812937,0.976008090970619,True,78.26047322112329
source_5,JUMPCPE-20210903-Run27_20210904_215148,26,dexamethasone,field,1.33,False,0.8545570532297905,0.10145389026830452,0.8863020059843433,True,11.123693139087619
source_5,JUMPCPE-20210903-Run27_20210904_215148,26,FK-866,field,1.33,False,0.8992058096418787,0.26802827395681705,0.9464011501424147,True,34.67960479954566
source_5,JUMPCPE-20210903-Run27_20210904_215148,26,LY2109761,field,1.33,False,0.9433005973813317,0.2785795369865988,0.9692008675763246,True,35.603709510840794
source_5,JUMPCPE-20210903-Run27_20210904_215148,26,NVS-PAK1-1,field,1.33,False,0.8638457479696604,0.28134051423322043,0.9026849753069544,True,30.98433948055285
source_5,JUMPCPE-20210903-Run27_20210904_215148,26,quinidine,field,1.33,False,0.5931275180132394,0.22709879628521748,0.4737686819744241,True,3.6480672115880046
source_5,JUMPCPE-20210903-Run27_20210904_215148,26,TC-S-7004,field,1.33,False,0.5779127327435485,0.1946309609017019,0.6626910285699907,True,12.900527298018915
source_5,JUMPCPE-20210903-Run27_20210904_215148,26,aloxistatin,field,1.33,False,0.44757882522191794,0.03294626761671934,0.38516996198401177,True,2.8742064604634723
source_5,JUMPCPE-20210908-Run28_20210909_072022,27,AMG900,field,0.89,False,0.9418394304712883,0.10002309084671365,0.9867752626952968,True,81.9517166506981
source_5,JUMPCPE-20210908-Run28_20210909_072022,27,dexamethasone,field,0.89,False,0.898470591044968,0.18303010815155232,0.9457959747653375,True,11.939615699086612
source_5,JUMPCPE-20210908-Run28_20210909_072022,27,FK-866,field,0.89,False,0.8844553774800803,0.2864020428664745,0.968163941159754,True,36.660931377208456
source_5,JUMPCPE-20210908-Run28_20210909_072022,27,LY2109761,field,0.89,False,0.909535831395703,0.2553149109041992,0.9752519501604848,True,34.87781948449989
source_5,JUMPCPE-20210908-Run28_20210909_072022,27,NVS-PAK1-1,field,0.89,False,0.8055870830554965,0.26766533224742817,0.9680277437143615,True,34.61257398108508
source_5,JUMPCPE-20210908-Run28_20210909_072022,27,quinidine,field,0.89,False,0.7578667568941593,0.25401013165872055,0.5795593163170036,True,4.0212483401062915
source_5,JUMPCPE-20210908-Run28_20210909_072022,27,TC-S-7004,field,0.89,False,0.6145650459528156,0.14247727917687344,0.8630253698303788,True,11.59227895804677
source_5,JUMPCPE-20210908-Run28_20210909_072022,27,aloxistatin,field,0.89,False,0.4795038622181112,0.12277530390817855,0.6404408897470111,True,3.9419116168085453
source_5,JUMPCPE-20210909-Run29_20210910_234236,28,AMG900,field,1.03,False,0.9390096413007689,0.09683518757254031,0.9839667876118103,True,79.45235248242527
source_5,JUMPCPE-20210909-Run29_20210910_234236,28,dexamethasone,field,1.03,False,0.8888287423799017,0.15364178802860357,0.9016490175454455,True,12.185292069111062
source_5,JUMPCPE-20210909-Run29_20210910_234236,28,FK-866,field,1.03,False,0.9041121814635944,0.298225436443519,0.9520569502697329,True,34.26769397457596
source_5,JUMPCPE-20210909-Run29_20210910_234236,28,LY2109761,field,1.03,False,0.9359661878280874,0.3052600563409028,0.9755848078334926,True,35.29672618454422
source_5,JUMPCPE-20210909-Run29_20210910_234236,28,NVS-PAK1-1,field,1.03,False,0.8235676343715423,0.28845343808832347,0.9549160216105543,True,32.65236769916897
source_5,JUMPCPE-20210909-Run29_20210910_234236,28,quinidine,field,1.03,False,0.8339856562455316,0.34503611255129424,0.6361227381539927,True,4.196269755165361
source_5,JUMPCPE-20210909-Run29_20210910_234236,28,TC-S-7004,field,1.03,False,0.7697300299146114,0.21844699111361737,0.9662285671217907,True,19.145103615047052
source_5,JUMPCPE-20210909-Run29_20210910_234236,28,aloxistatin,field,1.03,False,0.38142983650775963,0.11484968325659743,0.6000276892250642,True,4.692575311741032
source_5,JUMPCPE-20210910-Run30_20210912_203428,29,AMG900,field,1.58,False,0.932665464596891,0.1066260543575549,0.9714137455744332,True,75.82928621842561
source_5,JUMPCPE-20210910-Run30_20210912_203428,29,dexamethasone,field,1.58,False,0.883264878391756,0.1526622267887959,0.9185648303298433,True,11.249434002346256
source_5,JUMPCPE-20210910-Run30_20210912_203428,29,FK-866,field,1.58,False,0.8786310232787843,0.2630396331362319,0.9241659070077134,True,36.447438521938025
source_5,JUMPCPE-20210910-Run30_20210912_203428,29,LY2109761,field,1.58,False,0.9333608197714269,0.28497066723942976,0.968700046238685,True,35.72913577970341
source_5,JUMPCPE-20210910-Run30_20210912_203428,29,NVS-PAK1-1,field,1.58,False,0.8656108434177214,0.2914379681581787,0.8859229919113187,True,30.403659117206953
source_5,JUMPCPE-20210910-Run30_20210912_203428,29,quinidine,field,1.58,False,0.7974529546203251,0.3748320357463778,0.6318612151666789,True,4.359214842778054
source_5,JUMPCPE-20210910-Run30_20210912_203428,29,TC-S-7004,field,1.58,False,0.7063439768102002,0.17306558381481993,0.8900979898931559,True,13.812797391363539
source_5,JUMPCPE-20210910-Run30_20210912_203428,29,aloxistatin,field,1.58,False,0.30502059036159734,0.039384283185579384,0.4178785515531415,False,3.7180847389577982
source_5,JUMPCPE-20211001-Run33_20211001_152017,30,AMG900,field,1.82,False,0.938048610883145,0.12260957495616316,0.9600450395733533,True,74.53650030750771
source_5,JUMPCPE-20211001-Run33_20211001_152017,30,dexamethasone,field,1.82,False,0.9022473101273171,0.15410092206630208,0.9018434746067728,True,13.804282329837829
source_5,JUMPCPE-20211001-Run33_20211001_152017,30,FK-866,field,1.82,False,0.8769697845739923,0.29722007080149054,0.9232755712200255,True,37.13838735189829
source_5,JUMPCPE-20211001-Run33_20211001_152017,30,LY2109761,field,1.82,False,0.9347815190201365,0.34378010542658266,0.9095426729764198,True,44.67192006205759
source_5,JUMPCPE-20211001-Run33_20211001_152017,30,NVS-PAK1-1,field,1.82,False,0.8530477407715413,0.32139640661784835,0.886714280669785,True,34.911917510989255
source_5,JUMPCPE-20211001-Run33_20211001_152017,30,quinidine,field,1.82,False,0.790514696860684,0.3440773787427574,0.6458661986175747,True,7.377203407884616
source_5,JUMPCPE-20211001-Run33_20211001_152017,30,TC-S-7004,field,1.82,False,0.5346454279331041,0.3671666715684742,0.6035900054586292,True,10.332015042687399
source_5,JUMPCPE-20211001-Run33_20211001_152017,30,aloxistatin,field,1.82,False,0.656499198280199,0.2833792239182843,0.6220571922220831,True,6.191445036545488
source_5,JUMPCPE-20211001-Run34_20211003_121618,31,AMG900,field,1.3,False,0.9267688570941711,0.10593132910389565,0.9791628773201241,True,75.3128521921655
source_5,JUMPCPE-20211001-Run34_20211003_121618,31,dexamethasone,field,1.3,False,0.9187578357895035,0.22412460675893817,0.9449442377262643,True,12.77913212692458
source_5,JUMPCPE-20211001-Run34_20211003_121618,31,FK-866,field,1.3,False,0.8524716682063944,0.2427189966901043,0.9326453493474283,True,33.59739048805641
source_5,JUMPCPE-20211001-Run34_20211003_121618,31,LY2109761,field,1.3,False,0.9328254323523457,0.311942669411128,0.9706764566264288,True,39.34674483576584
source_5,JUMPCPE-20211001-Run34_20211003_121618,31,NVS-PAK1-1,field,1.3,False,0.8178640990136049,0.2683021225293932,0.963715837855986,True,36.76606523902508
source_5,JUMPCPE-20211001-Run34_20211003_121618,31,quinidine,field,1.3,False,0.8141112178088976,0.3435146784006733,0.5978049862252393,True,7.699915401629004
source_5,JUMPCPE-20211001-Run34_20211003_121618,31,TC-S-7004,field,1.3,False,0.3992554455308083,0.2530844784118035,0.45155622834306697,True,8.25131575203768
source_5,JUMPCPE-20211001-Run34_20211003_121618,31,aloxistatin,field,1.3,False,0.665839246280386,0.2939211256610033,0.668864017951699,False,5.5672568127281385
source_5,JUMPCPE-20211007-Run35_20211007_235529,32,AMG900,field,1.31,False,0.9339820205863397,0.09444027499999368,0.983297926388614,True,78.86396147116746
source_5,JUMPCPE-20211007-Run35_20211007_235529,32,dexamethasone,field,1.31,False,0.8996480517905026,0.21301671039350287,0.9195936177046616,True,13.308424807925912
source_5,JUMPCPE-20211007-Run35_20211007_235529,32,FK-866,field,1.31,False,0.8674603498533231,0.2471800724678702,0.9505946475404445,True,32.85332819439516
source_5,JUMPCPE-20211007-Run35_20211007_235529,32,LY2109761,field,1.31,False,0.9113956671860541,0.3206809481521221,0.9603633952487969,True,37.72829727823261
source_5,JUMPCPE-20211007-Run35_20211007_235529,32,NVS-PAK1-1,field,1.31,False,0.7877902646148927,0.23801635319236197,0.962973983955713,True,37.724176333778075
source_5,JUMPCPE-20211007-Run35_20211007_235529,32,quinidine,field,1.31,False,0.7956255822321203,0.2999673177948117,0.5888622718445877,True,6.367106037586878
source_5,JUMPCPE-20211007-Run35_20211007_235529,32,TC-S-7004,field,1.31,False,0.31902235112205035,0.308699466787281,0.3742926653306405,False,7.115541535394021
source_5,JUMPCPE-20211007-Run35_20211007_235529,32,aloxistatin,field,1.31,False,0.6482826569159466,0.24161313633219808,0.6897032922821701,True,6.954628317856962
source_5,JUMPCPE-20211014-Run36_20211014_223431,33,AMG900,field,1.29,False,0.9374321818784643,0.0820961486105327,0.9835793577337619,True,78.46724631957989
source_5,JUMPCPE-20211014-Run36_20211014_223431,33,dexamethasone,field,1.29,False,0.9042220803219355,0.21084130006515886,0.9209506140987951,True,12.949737064248891
source_5,JUMPCPE-20211014-Run36_20211014_223431,33,FK-866,field,1.29,False,0.864606400518534,0.2337662383727182,0.9540800664553946,True,31.392095294887817
source_5,JUMPCPE-20211014-Run36_20211014_223431,33,LY2109761,field,1.29,False,0.9415807987084228,0.3126147989709393,0.9692473411169394,True,37.88433495410883
source_5,JUMPCPE-20211014-Run36_20211014_223431,33,NVS-PAK1-1,field,1.29,False,0.7978335972684643,0.25673491225058676,0.9622819637582022,True,36.73399623207616
source_5,JUMPCPE-20211014-Run36_20211014_223431,33,quinidine,field,1.29,False,0.768194340875985,0.3450202163776134,0.6358821361292644,True,6.724541898926638
source_5,JUMPCPE-20211014-Run36_20211014_223431,33,TC-S-7004,field,1.29,False,0.3295747427429232,0.2949075897799202,0.28677617874829253,False,8.018434128129408
source_5,JUMPCPE-20211014-Run36_20211014_223431,33,aloxistatin,field,1.29,False,0.6889522778305822,0.29821798984589476,0.6303901295700746,True,7.597696328413171
source_6,p210824CPU2OS48hw384exp022JUMP,1,AMG900,raw,0.29,False,0.923770781183116,0.13146814363306503,,True,60.43207438228477
source_6,p210824CPU2OS48hw384exp022JUMP,1,dexamethasone,raw,0.29,False,0.8383365648386675,0.2172392728377858,,True,10.027969545867805
source_6,p210824CPU2OS48hw384exp022JUMP,1,FK-866,raw,0.29,False,0.8575883920521209,0.30773663277331964,,True,32.315299699387815
source_6,p210824CPU2OS48hw384exp022JUMP,1,LY2109761,raw,0.29,False,0.8107207060311545,0.23994230577295658,,True,23.380044177432872
source_6,p210824CPU2OS48hw384exp022JUMP,1,NVS-PAK1-1,raw,0.29,False,0.8104031392791787,0.10940436215983117,,True,25.10132910222258
source_6,p210824CPU2OS48hw384exp022JUMP,1,quinidine,raw,0.29,False,0.6215509837538475,0.1929401374164024,,True,3.7648196475191527
source_6,p210824CPU2OS48hw384exp022JUMP,1,TC-S-7004,raw,0.29,False,0.3663125936150269,-0.006777234364530268,,True,4.344022080691564
source_6,p210824CPU2OS48hw384exp022JUMP,1,aloxistatin,raw,0.29,False,0.18899732134356845,0.011347485133107316,,True,1.9704533537585505
source_6,p210830CPU2OS48hw384exp023JUMP,2,AMG900,raw,0.55,False,0.9208124426699,0.1365636398250673,0.9978898911299421,True,60.08090901136141
source_6,p210830CPU2OS48hw384exp023JUMP,2,dexamethasone,raw,0.55,False,0.8549204303972968,0.23195578346042975,0.9785510723230989,True,10.240955954980704
source_6,p210830CPU2OS48hw384exp023JUMP,2,FK-866,raw,0.55,False,0.8551782195328429,0.28113880947574815,0.9736262473033006,True,29.647931597181646
source_6,p210830CPU2OS48hw384exp023JUMP,2,LY2109761,raw,0.55,False,0.8135023720893977,0.22870991642734526,0.9938638432155338,True,23.616818269488178
source_6,p210830CPU2OS48hw384exp023JUMP,2,NVS-PAK1-1,raw,0.55,False,0.7835755996963156,0.09475286109127137,0.991810743113168,True,24.41174840942483
source_6,p210830CPU2OS48hw384exp023JUMP,2,quinidine,raw,0.55,False,0.6077580483604808,0.1957342393056725,0.89218803181877,True,5.261158333393035
source_6,p210830CPU2OS48hw384exp023JUMP,2,TC-S-7004,raw,0.55,False,0.385351191064797,0.004787352203257842,0.894644825256905,True,4.555377624926013
source_6,p210830CPU2OS48hw384exp023JUMP,2,aloxistatin,raw,0.55,False,0.2211079188642969,0.16043649409799632,0.5644322451356152,False,2.8162296293352673
source_6,p210831CPU2OS48hw384exp024JUMP,3,AMG900,raw,1.05,False,0.9230175055886352,0.11116474386859296,0.9894200891769676,True,62.532197038253265
source_6,p210831CPU2OS48hw384exp024JUMP,3,dexamethasone,raw,1.05,False,0.8379550949022974,0.2024041507940358,0.9598777388440339,True,10.132762122463674
source_6,p210831CPU2OS48hw384exp024JUMP,3,FK-866,raw,1.05,False,0.8368836502029895,0.26333590781878163,0.9528269763265929,True,27.79305952311638
source_6,p210831CPU2OS48hw384exp024JUMP,3,LY2109761,raw,1.05,False,0.7623447153280009,0.2008974149001399,0.9644790122554227,True,22.196224058964983
source_6,p210831CPU2OS48hw384exp024JUMP,3,NVS-PAK1-1,raw,1.05,False,0.7363531821628453,0.08697271996955544,0.9045807099382016,True,20.78464682415399
source_6,p210831CPU2OS48hw384exp024JUMP,3,quinidine,raw,1.05,False,0.5087137298471864,0.10471546768534558,0.7993624382915233,True,4.640351654121798
source_6,p210831CPU2OS48hw384exp024JUMP,3,TC-S-7004,raw,1.05,False,0.2593597021842904,-0.11291861878291932,0.821688868237894,True,4.020984695626685
source_6,p210831CPU2OS48hw384exp024JUMP,3,aloxistatin,raw,1.05,False,0.24330310697385066,0.17343555368754843,0.41333365423438045,False,2.2927704949931065
source_6,p210906CPU2OS48hw384exp025JUMP,4,AMG900,raw,1.03,False,0.9174082905579488,0.1287944254846569,0.9933271929155971,True,59.731889384301134
source_6,p210906CPU2OS48hw384exp025JUMP,4,dexamethasone,raw,1.03,False,0.8013549767944714,0.19559468281057302,0.9697182586572359,True,10.291290145147638
source_6,p210906CPU2OS48hw384exp025JUMP,4,FK-866,raw,1.03,False,0.826907815266648,0.2584401815591772,0.9752054007463667,True,28.04904250709553
source_6,p210906CPU2OS48hw384exp025JUMP,4,LY2109761,raw,1.03,False,0.7922848210269015,0.2044999799383609,0.9828128930865996,True,20.872140021327123
source_6,p210906CPU2OS48hw384exp025JUMP,4,NVS-PAK1-1,raw,1.03,False,0.7688507635984271,0.08907617506718069,0.9636847247273659,True,20.113376363127767
source_6,p210906CPU2OS48hw384exp025JUMP,4,quinidine,raw,1.03,False,0.45434042241009953,0.09189341156827369,0.7421630618815181,True,3.9119703521622378
source_6,p210906CPU2OS48hw384exp025JUMP,4,TC-S-7004,raw,1.03,False,0.13787330705877332,-0.08061949750780453,0.746946911281201,True,5.019585082165275
source_6,p210906CPU2OS48hw384exp025JUMP,4,aloxistatin,raw,1.03,False,0.35115598906154866,0.18079118243224593,0.6459056313360325,False,2.5799913791751408
source_6,p210914CPU2OS48hw384exp027JUMP,5,AMG900,raw,1.04,False,0.9199600062464875,0.14860950515437527,0.9943994682620343,True,60.99098473382446
source_6,p210914CPU2OS48hw384exp027JUMP,5,dexamethasone,raw,1.04,False,0.8384003609643668,0.20936459560342488,0.9687215206812765,True,9.007841860019406
source_6,p210914CPU2OS48hw384exp027JUMP,5,FK-866,raw,1.04,False,0.8419831391665964,0.273889474002332,0.9744479319382856,True,29.69997631967096
source_6,p210914CPU2OS48hw384exp027JUMP,5,LY2109761,raw,1.04,False,0.8055168005394557,0.23030426161850936,0.981375619550394,True,21.050529384662468
source_6,p210914CPU2OS48hw384exp027JUMP,5,NVS-PAK1-1,raw,1.04,False,0.7989903921737241,0.10683894604003706,0.9789562663994779,True,22.587606424761503
source_6,p210914CPU2OS48hw384exp027JUMP,5,quinidine,raw,1.04,False,0.42355566832260183,0.14587338728660124,0.7686140172851859,True,4.8243911878854355
source_6,p210914CPU2OS48hw384exp027JUMP,5,TC-S-7004,raw,1.04,False,0.3648841194906101,-0.03487634206192292,0.803953463716393,False,4.465119455434303
source_6,p210914CPU2OS48hw384exp027JUMP,5,aloxistatin,raw,1.04,False,-0.1983863015607433,-0.03268553588799424,0.3428106103458177,False,3.6885062530818713
source_6,p210920CPU2OS48hw384exp028JUMP,6,AMG900,raw,1.21,False,0.917628933156093,0.11319084086703822,0.9871113543273831,True,62.070801306197026
source_6,p210920CPU2OS48hw384exp028JUMP,6,dexamethasone,raw,1.21,False,0.7978283610980185,0.22690891694754559,0.9468242912466799,True,8.777033912103509
source_6,p210920CPU2OS48hw384exp028JUMP,6,FK-866,raw,1.21,False,0.8382867346956144,0.2630707826966722,0.9584379773840592,True,30.085606605505948
source_6,p210920CPU2OS48hw384exp028JUMP,6,LY2109761,raw,1.21,False,0.7498186483518718,0.19733853879184984,0.9507587595114164,True,20.374935456732043
source_6,p210920CPU2OS48hw384exp028JUMP,6,NVS-PAK1-1,raw,1.21,False,0.6753305713601717,0.021571583197261577,0.8794529466367684,True,20.514993080610235
source_6,p210920CPU2OS48hw384exp028JUMP,6,quinidine,raw,1.21,False,0.4782102965807861,0.12560738113837558,0.793008586323459,True,4.354233117452522
source_6,p210920CPU2OS48hw384exp028JUMP,6,TC-S-7004,raw,1.21,False,0.34892840425963206,-0.1187110638855734,0.6809818920900592,True,4.52001208271615
source_6,p210920CPU2OS48hw384exp028JUMP,6,aloxistatin,raw,1.21,False,0.17457970006711204,0.05293817923220815,0.34113948219072443,False,2.1535616623703775
source_6,p210927CPU2OS48hw384exp029JUMP,7,AMG900,raw,1.22,False,0.9136724643733085,0.1507355220288098,0.9917863185015368,True,58.33573971399141
source_6,p210927CPU2OS48hw384exp029JUMP,7,dexamethasone,raw,1.22,False,0.7626762558483193,0.24587300624800967,0.9443552554567143,True,7.888113977254432
source_6,p210927CPU2OS48hw384exp029JUMP,7,FK-866,raw,1.22,False,0.84356084464387,0.2902394308146386,0.9660128597815929,True,29.26858110164159
source_6,p210927CPU2OS48hw384exp029JUMP,7,LY2109761,raw,1.22,False,0.8042353020833954,0.21510304994229285,0.9796006704768592,True,19.355536590497742
source_6,p210927CPU2OS48hw384exp029JUMP,7,NVS-PAK1-1,raw,1.22,False,0.7520201969929414,0.09308437652344802,0.9487453871179896,True,19.898157121730385
source_6,p210927CPU2OS48hw384exp029JUMP,7,quinidine,raw,1.22,False,0.447956754213507,0.1899458155015185,0.748126941339022,True,3.631181408151533
source_6,p210927CPU2OS48hw384exp029JUMP,7,TC-S-7004,raw,1.22,False,0.4450294663650832,-0.04653914594255667,0.8206085227186029,False,4.101514093427273
source_6,p210927CPU2OS48hw384exp029JUMP,7,aloxistatin,raw,1.22,False,0.19548917204857624,0.13330020291968672,0.44350945901701255,False,2.08204661873168
source_6,p210928CPU2OS48hw384exp030JUMP,8,AMG900,raw,1.51,False,0.9212531659818393,0.1254849806785408,0.9813794881401117,True,64.5062779408329
source_6,p210928CPU2OS48hw384exp030JUMP,8,dexamethasone,raw,1.51,False,0.8006520076584798,0.2398582175766213,0.9393540877849775,True,8.787480696291688
source_6,p210928CPU2OS48hw384exp030JUMP,8,FK-866,raw,1.51,False,0.8367802158663606,0.2811932064283493,0.9505877048068883,True,32.20954975056903
source_6,p210928CPU2OS48hw384exp030JUMP,8,LY2109761,raw,1.51,False,0.7396276443518218,0.20925328388852957,0.9248706724306792,True,20.396834243813768
source_6,p210928CPU2OS48hw384exp030JUMP,8,NVS-PAK1-1,raw,1.51,False,0.6725960570964463,0.0140942662069484,0.8556909028381237,True,22.652090796686934
source_6,p210928CPU2OS48hw384exp030JUMP,8,quinidine,raw,1.51,False,0.486841500407271,0.10681580488226716,0.8080551190315248,True,4.2226640100712185
source_6,p210928CPU2OS48hw384exp030JUMP,8,TC-S-7004,raw,1.51,False,0.32385822261639696,-0.1314002121591318,0.780653338256275,True,4.3268408127264015
source_6,p210928CPU2OS48hw384exp030JUMP,8,aloxistatin,raw,1.51,False,-0.010220166771967142,0.058847580706512644,0.30627802042400065,False,2.4502096833010323
source_6,p211004CPU2OS48hw384exp031JUMP,9,AMG900,raw,1.63,False,0.9096228074145498,0.16446882192764892,0.9904201914963989,True,61.28355882693994
source_6,p211004CPU2OS48hw384exp031JUMP,9,dexamethasone,raw,1.63,False,0.785131821342296,0.2157841807167495,0.9492126779580302,True,7.874294054488224
source_6,p211004CPU2OS48hw384exp031JUMP,9,FK-866,raw,1.63,False,0.842181049799685,0.30529552229203827,0.9761193529014214,True,31.97839308220044
source_6,p211004CPU2OS48hw384exp031JUMP,9,LY2109761,raw,1.63,False,0.8093208617595049,0.20362381496560575,0.9561423415477144,True,21.103538050236384
source_6,p211004CPU2OS48hw384exp031JUMP,9,NVS-PAK1-1,raw,1.63,False,0.7848847791270208,0.11533847704736079,0.9589664186358734,True,24.513866112094938
source_6,p211004CPU2OS48hw384exp031JUMP,9,quinidine,raw,1.63,False,0.5342532921324918,0.1921391604545696,0.7198865824096947,True,3.1511611716117183
source_6,p211004CPU2OS48hw384exp031JUMP,9,TC-S-7004,raw,1.63,False,0.47069968108908944,0.030176557451808438,0.7912387992694918,True,4.728828837416021
source_6,p211004CPU2OS48hw384exp031JUMP,9,aloxistatin,raw,1.63,False,0.02575731139032377,0.10283244541384315,0.3323599687842729,False,2.460147828289471
source_6,p211012CPU2OS48hw384exp033JUMP,10,AMG900,raw,1.36,False,0.9197019788336731,0.1376607360036313,0.9886717739933788,True,63.248508727306955
source_6,p211012CPU2OS48hw384exp033JUMP,10,dexamethasone,raw,1.36,False,0.7910677767394075,0.24210886755085198,0.9362010273235665,True,8.601925573016965
source_6,p211012CPU2OS48hw384exp033JUMP,10,FK-866,raw,1.36,False,0.8409787411926849,0.25594152119160724,0.9510881931727148,True,29.766448221744394
source_6,p211012CPU2OS48hw384exp033JUMP,10,LY2109761,raw,1.36,False,0.7350948111448854,0.21885526582802628,0.9274488711394253,True,20.23588066304518
source_6,p211012CPU2OS48hw384exp033JUMP,10,NVS-PAK1-1,raw,1.36,False,0.713423640650205,0.0830681431247507,0.8664136291457494,True,21.288421604527883
source_6,p211012CPU2OS48hw384exp033JUMP,10,quinidine,raw,1.36,False,0.534438629733579,0.16364545103143177,0.7834414673866811,True,3.9579264798790392
source_6,p211012CPU2OS48hw384exp033JUMP,10,TC-S-7004,raw,1.36,False,0.386648060396345,-0.01744867080174218,0.7527613817335822,False,5.237952477981575
source_6,p211012CPU2OS48hw384exp033JUMP,10,aloxistatin,raw,1.36,False,0.16014351913899277,0.14889137022357612,0.14008180470350196,False,2.586407516431856
source_6,p211102CPU2OS48hw384exp034JUMP,11,AMG900,raw,1.02,False,0.9242643153536512,0.15160739962037154,0.9953524710247081,True,59.39365051319112
source_6,p211102CPU2OS48hw384exp034JUMP,11,dexamethasone,raw,1.02,False,0.832566218050947,0.2207630677284367,0.9581748722289081,True,9.52064523400985
source_6,p211102CPU2OS48hw384exp034JUMP,11,FK-866,raw,1.02,False,0.8654279970394341,0.29214808786855817,0.9890475273312271,True,29.801852987869182
source_6,p211102CPU2OS48hw384exp034JUMP,11,LY2109761,raw,1.02,False,0.8492012691256777,0.25505051235284537,0.9847540902895594,True,21.135829048150175
source_6,p211102CPU2OS48hw384exp034JUMP,11,NVS-PAK1-1,raw,1.02,False,0.8273487951665668,0.14564984984368853,0.9848089102230839,True,23.95915346429131
source_6,p211102CPU2OS48hw384exp034JUMP,11,quinidine,raw,1.02,False,0.5512617687789128,0.1482730519989344,0.791810140108853,True,4.932166580745903
source_6,p211102CPU2OS48hw384exp034JUMP,11,TC-S-7004,raw,1.02,False,0.3813588530252899,0.06861938672245937,0.816530420957132,True,4.035789517016972
source_6,p211102CPU2OS48hw384exp034JUMP,11,aloxistatin,raw,1.02,False,0.17159823900173382,0.10219773226596693,0.4613838963289116,False,2.182368173887032
source_6,p211109CPU2OS48hw384exp035JUMP,12,AMG900,raw,1.33,False,0.9152411179574462,0.1700253318599512,0.9929523188977365,True,62.03498593838904
source_6,p211109CPU2OS48hw384exp035JUMP,12,dexamethasone,raw,1.33,False,0.8548026292901031,0.2323329522254074,0.9712424190236858,True,9.500349955822598
source_6,p211109CPU2OS48hw384exp035JUMP,12,FK-866,raw,1.33,False,0.8644757892192418,0.31932269568283866,0.9863750967801099,True,34.0583716972302
source_6,p211109CPU2OS48hw384exp035JUMP,12,LY2109761,raw,1.33,False,0.8150384641539639,0.23393649693308444,0.9881757382923432,True,23.032306953181585
source_6,p211109CPU2OS48hw384exp035JUMP,12,NVS-PAK1-1,raw,1.33,False,0.798375265989813,0.12007580452526459,0.9807152290939587,True,26.42284187503704
source_6,p211109CPU2OS48hw384exp035JUMP,12,quinidine,raw,1.33,False,0.5519225271810078,0.23245591578207156,0.688822326138767,True,3.1579189116330246
source_6,p211109CPU2OS48hw384exp035JUMP,12,TC-S-7004,raw,1.33,False,0.47700475219346383,0.08062936905811023,0.8275414990460171,True,5.483120275061468
source_6,p211109CPU2OS48hw384exp035JUMP,12,aloxistatin,raw,1.33,False,0.2942886661916556,0.08091231386665039,0.515664179249805,True,2.329114852303277
source_6,p211123CPU2OS48hw384exp036JUMP,13,AMG900,raw,1.84,False,0.9160931228378814,0.12022413253176874,0.9735613825520457,True,67.03313360720662
source_6,p211123CPU2OS48hw384exp036JUMP,13,dexamethasone,raw,1.84,False,0.8255068056372195,0.223978427273304,0.935037920476008,True,9.348870550496773
source_6,p211123CPU2OS48hw384exp036JUMP,13,FK-866,raw,1.84,False,0.8063928133713374,0.2662711483038517,0.9137201783579979,True,32.357496947429695
source_6,p211123CPU2OS48hw384exp036JUMP,13,LY2109761,raw,1.84,False,0.7112737617491156,0.2023157268044195,0.8819686547633331,True,22.719138641182994
source_6,p211123CPU2OS48hw384exp036JUMP,13,NVS-PAK1-1,raw,1.84,False,0.6612452554797749,0.061489603105177905,0.7903231335409555,True,26.207143598448745
source_6,p211123CPU2OS48hw384exp036JUMP,13,quinidine,raw,1.84,False,0.4513640619512337,0.14428067048797338,0.689774713908755,True,3.7516951333728854
source_6,p211123CPU2OS48hw384exp036JUMP,13,TC-S-7004,raw,1.84,False,0.3187115618484576,-0.09285234140401646,0.6425778582436443,True,5.992808701268933
source_6,p211123CPU2OS48hw384exp036JUMP,13,aloxistatin,raw,1.84,False,0.0167991253680616,0.05831607441581697,0.3536282498897011,False,2.525316489343294
source_6,p210824CPU2OS48hw384exp022JUMP,1,AMG900,own,0.29,False,0.9329200853992257,0.02800248843056372,,True,378.83791942972647
source_6,p210824CPU2OS48hw384exp022JUMP,1,dexamethasone,own,0.29,False,0.8714001706546334,0.20521705806080895,,True,58.07787683987251
source_6,p210824CPU2OS48hw384exp022JUMP,1,FK-866,own,0.29,False,0.8362702513736935,0.27994280637522745,,True,177.2565137936972
source_6,p210824CPU2OS48hw384exp022JUMP,1,LY2109761,own,0.29,False,0.8196350086765843,0.23866298939543662,,True,126.16940971288595
source_6,p210824CPU2OS48hw384exp022JUMP,1,NVS-PAK1-1,own,0.29,False,0.843453585439607,0.07371809055042756,,True,146.24179086960154
source_6,p210824CPU2OS48hw384exp022JUMP,1,quinidine,own,0.29,False,0.722077723877437,0.25722610955895686,,True,16.455042033533477
source_6,p210824CPU2OS48hw384exp022JUMP,1,TC-S-7004,own,0.29,False,0.3568877571322313,0.027641727394457204,,True,26.395246083927493
source_6,p210824CPU2OS48hw384exp022JUMP,1,aloxistatin,own,0.29,False,0.37384987232203737,0.0840750375026118,,True,10.36396468032945
source_6,p210830CPU2OS48hw384exp023JUMP,2,AMG900,own,0.55,False,0.9284167911289918,0.013111346537737878,0.9953251005504032,True,360.5502076787271
source_6,p210830CPU2OS48hw384exp023JUMP,2,dexamethasone,own,0.55,False,0.8843277863454616,0.21997719863862958,0.9830341986146469,True,58.028295342099995
source_6,p210830CPU2OS48hw384exp023JUMP,2,FK-866,own,0.55,False,0.8395698094100514,0.24032086338520403,0.965578486351174,True,153.26593006426646
source_6,p210830CPU2OS48hw384exp023JUMP,2,LY2109761,own,0.55,False,0.8190789798838111,0.2270557553154196,0.9757353222955638,True,123.16781831697922
source_6,p210830CPU2OS48hw384exp023JUMP,2,NVS-PAK1-1,own,0.55,False,0.8017749232359884,0.03745598508599923,0.9759253804600059,True,133.36998497104517
source_6,p210830CPU2OS48hw384exp023JUMP,2,quinidine,own,0.55,False,0.7142688849118849,0.24037847573128635,0.8643882663944453,True,21.265256346477603
source_6,p210830CPU2OS48hw384exp023JUMP,2,TC-S-7004,own,0.55,False,0.32186485031969136,0.017082478959947602,0.9456422618629119,True,25.797819741727473
source_6,p210830CPU2OS48hw384exp023JUMP,2,aloxistatin,own,0.55,False,0.3401739193568625,0.16429827020013854,0.7476571598477063,False,15.195572431649099
source_6,p210831CPU2OS48hw384exp024JUMP,3,AMG900,own,1.05,False,0.9308095549934976,0.017112867824985865,0.9922726888919231,True,401.3926564491664
source_6,p210831CPU2OS48hw384exp024JUMP,3,dexamethasone,own,1.05,False,0.8776037706355079,0.2030254296112512,0.9637554737434121,True,58.12600296063375
source_6,p210831CPU2OS48hw384exp024JUMP,3,FK-866,own,1.05,False,0.8334658713503453,0.2425438535716276,0.9442995398517748,True,158.25502677468444
source_6,p210831CPU2OS48hw384exp024JUMP,3,LY2109761,own,1.05,False,0.7926177651964176,0.21630541848762677,0.9568214175628279,True,116.85142266205803
source_6,p210831CPU2OS48hw384exp024JUMP,3,NVS-PAK1-1,own,1.05,False,0.8008063416150788,0.06561229017563949,0.944849603308092,True,125.3399426891243
source_6,p210831CPU2OS48hw384exp024JUMP,3,quinidine,own,1.05,False,0.5764334985301334,0.13705279178867283,0.7367848831756987,True,20.846059472423
source_6,p210831CPU2OS48hw384exp024JUMP,3,TC-S-7004,own,1.05,False,0.2996941800467669,-0.07717919247661155,0.8684217571785591,True,25.746977232304932
source_6,p210831CPU2OS48hw384exp024JUMP,3,aloxistatin,own,1.05,False,0.2472442528945622,0.17786052389709234,0.5359267221250098,False,13.229182227088259
source_6,p210906CPU2OS48hw384exp025JUMP,4,AMG900,own,1.03,False,0.931455254590681,-0.00019827529933438837,0.9882437064463745,True,355.1864342828867
source_6,p210906CPU2OS48hw384exp025JUMP,4,dexamethasone,own,1.03,False,0.8486704661931523,0.19123867436769842,0.9701171250736049,True,57.87909322715779
source_6,p210906CPU2OS48hw384exp025JUMP,4,FK-866,own,1.03,False,0.8004311253193646,0.21050051192345615,0.964774407642282,True,145.5262452949985
source_6,p210906CPU2OS48hw384exp025JUMP,4,LY2109761,own,1.03,False,0.8063662686841657,0.2161565470302187,0.9682938885289059,True,107.03006519210733
source_6,p210906CPU2OS48hw384exp025JUMP,4,NVS-PAK1-1,own,1.03,False,0.8001062013987714,0.025845708436021932,0.9529868558132139,True,109.6333571941854
source_6,p210906CPU2OS48hw384exp025JUMP,4,quinidine,own,1.03,False,0.553600441587099,0.12125052621689948,0.746905925563011,True,17.539568600056764
source_6,p210906CPU2OS48hw384exp025JUMP,4,TC-S-7004,own,1.03,False,0.12034542831706777,-0.02019464192543774,0.8143731874039553,True,29.139557815532882
source_6,p210906CPU2OS48hw384exp025JUMP,4,aloxistatin,own,1.03,False,0.4651053290967205,0.21764636017326525,0.7496865969109854,False,13.222012553403127
source_6,p210914CPU2OS48hw384exp027JUMP,5,AMG900,own,1.04,False,0.928182836339702,0.044759098361990546,0.9908116317873934,True,382.2792522173724
source_6,p210914CPU2OS48hw384exp027JUMP,5,dexamethasone,own,1.04,False,0.8744209757896786,0.20524908335128705,0.9664665591057728,True,51.066289667192784
source_6,p210914CPU2OS48hw384exp027JUMP,5,FK-866,own,1.04,False,0.834281545050537,0.24895432932361958,0.974783953960367,True,155.40180042444098
source_6,p210914CPU2OS48hw384exp027JUMP,5,LY2109761,own,1.04,False,0.8296479294136099,0.2524306452942978,0.9824133480835375,True,113.72120355285098
source_6,p210914CPU2OS48hw384exp027JUMP,5,NVS-PAK1-1,own,1.04,False,0.8449149523924129,0.08615969533795587,0.9816304252998675,True,136.21871098011204
source_6,p210914CPU2OS48hw384exp027JUMP,5,quinidine,own,1.04,False,0.4816327845224544,0.19310492133792737,0.6583184286400672,True,17.041983116251426
source_6,p210914CPU2OS48hw384exp027JUMP,5,TC-S-7004,own,1.04,False,0.4152883507905947,-0.019274306719549432,0.8489056213240198,True,25.593670609940826
source_6,p210914CPU2OS48hw384exp027JUMP,5,aloxistatin,own,1.04,False,-0.1918331915764625,0.005039870132596277,0.32496360620817427,False,23.967284704283415
source_6,p210920CPU2OS48hw384exp028JUMP,6,AMG900,own,1.21,False,0.927411872525397,0.013076789763068265,0.9879038874872108,True,380.46805368773636
source_6,p210920CPU2OS48hw384exp028JUMP,6,dexamethasone,own,1.21,False,0.8590035772923855,0.22275136131822718,0.9599787788352859,True,48.16817157075509
source_6,p210920CPU2OS48hw384exp028JUMP,6,FK-866,own,1.21,False,0.8227004772365387,0.2372754752949408,0.9551246268261075,True,156.84790760129803
source_6,p210920CPU2OS48hw384exp028JUMP,6,LY2109761,own,1.21,False,0.7761313640547982,0.214526979618302,0.9382748351648382,True,103.2629506496597
source_6,p210920CPU2OS48hw384exp028JUMP,6,NVS-PAK1-1,own,1.21,False,0.7385687155805053,-0.004696431683041543,0.914542288182813,True,117.34201242261256
source_6,p210920CPU2OS48hw384exp028JUMP,6,quinidine,own,1.21,False,0.595246803997849,0.17154979659320424,0.7499221361032472,True,15.400446500209613
source_6,p210920CPU2OS48hw384exp028JUMP,6,TC-S-7004,own,1.21,False,0.3775226809394422,-0.09509388995965036,0.7780919784782921,False,23.404093693211124
source_6,p210920CPU2OS48hw384exp028JUMP,6,aloxistatin,own,1.21,False,0.32226670092110943,0.09180498919594281,0.49686257088516556,True,11.445700227558884
source_6,p210927CPU2OS48hw384exp029JUMP,7,AMG900,own,1.22,False,0.9236804596428656,0.04325189412893739,0.987600904915857,True,339.20770825359455
source_6,p210927CPU2OS48hw384exp029JUMP,7,dexamethasone,own,1.22,False,0.8259481773258326,0.2277172888803241,0.954276103991732,True,39.99259928546542
source_6,p210927CPU2OS48hw384exp029JUMP,7,FK-866,own,1.22,False,0.8196326043873519,0.24896773150052992,0.958497050651761,True,142.75833853799875
source_6,p210927CPU2OS48hw384exp029JUMP,7,LY2109761,own,1.22,False,0.8252749553061869,0.23089101781783403,0.9763715810891727,True,92.67543433189368
source_6,p210927CPU2OS48hw384exp029JUMP,7,NVS-PAK1-1,own,1.22,False,0.8048301639690606,0.0733654360775278,0.9468390824243584,True,102.79472993416081
source_6,p210927CPU2OS48hw384exp029JUMP,7,quinidine,own,1.22,False,0.5426772232283749,0.26432589036808446,0.6293601386946217,True,11.624703568070634
source_6,p210927CPU2OS48hw384exp029JUMP,7,TC-S-7004,own,1.22,False,0.46835616677953973,-0.03928781311905026,0.8053305087298259,True,21.39253872314591
source_6,p210927CPU2OS48hw384exp029JUMP,7,aloxistatin,own,1.22,False,0.3414526912549333,0.17121892931301846,0.6497778388593255,False,9.770285270236215
source_6,p210928CPU2OS48hw384exp030JUMP,8,AMG900,own,1.51,False,0.9352567173599604,0.03830921880860907,0.9815129845872647,True,397.182023098821
source_6,p210928CPU2OS48hw384exp030JUMP,8,dexamethasone,own,1.51,False,0.8748317524084064,0.2313803979413181,0.9469465184601566,True,45.69711270379938
source_6,p210928CPU2OS48hw384exp030JUMP,8,FK-866,own,1.51,False,0.8185625211291243,0.2559362517865516,0.9376132531736795,True,172.26434948453476
source_6,p210928CPU2OS48hw384exp030JUMP,8,LY2109761,own,1.51,False,0.7940812262626706,0.23626595420061983,0.9209648252218376,True,94.81591065457036
source_6,p210928CPU2OS48hw384exp030JUMP,8,NVS-PAK1-1,own,1.51,False,0.7643739047913243,0.0005682569915002085,0.9082705203595691,True,124.91183254510175
source_6,p210928CPU2OS48hw384exp030JUMP,8,quinidine,own,1.51,False,0.6185575898125618,0.16967744845784852,0.7715511369214942,True,15.198936448352617
source_6,p210928CPU2OS48hw384exp030JUMP,8,TC-S-7004,own,1.51,False,0.3533169345606856,-0.09630392610045843,0.8212566483728705,True,23.91888046298555
source_6,p210928CPU2OS48hw384exp030JUMP,8,aloxistatin,own,1.51,False,0.07060492229630813,0.09654058799787939,0.4603644726931766,False,11.935152387853421
source_6,p211004CPU2OS48hw384exp031JUMP,9,AMG900,own,1.63,False,0.9180293955032098,0.0483206348305371,0.9862508165478641,True,367.944301623594
source_6,p211004CPU2OS48hw384exp031JUMP,9,dexamethasone,own,1.63,False,0.8467287255988954,0.21210981773998888,0.9563767134644368,True,46.21911944925135
source_6,p211004CPU2OS48hw384exp031JUMP,9,FK-866,own,1.63,False,0.8260842915682294,0.27683569884608866,0.9749070546392365,True,164.36156064719054
source_6,p211004CPU2OS48hw384exp031JUMP,9,LY2109761,own,1.63,False,0.8617828514191721,0.23818097444667316,0.9579738984596223,True,107.68269858781322
source_6,p211004CPU2OS48hw384exp031JUMP,9,NVS-PAK1-1,own,1.63,False,0.8145610571575607,0.07164338140201125,0.9617582281479545,True,139.40297718714095
source_6,p211004CPU2OS48hw384exp031JUMP,9,quinidine,own,1.63,False,0.6136383350582874,0.21432514770112374,0.7413266338173687,True,13.903666447475702
source_6,p211004CPU2OS48hw384exp031JUMP,9,TC-S-7004,own,1.63,False,0.4359117782573085,0.051742993746962,0.8612057088706191,True,26.43452313821377
source_6,p211004CPU2OS48hw384exp031JUMP,9,aloxistatin,own,1.63,False,0.03433564759648904,0.11379759682045679,0.48141650871065084,False,13.635273491687219
source_6,p211012CPU2OS48hw384exp033JUMP,10,AMG900,own,1.36,False,0.9328972711547135,0.0377084005408862,0.9886338328766335,True,373.04873802145653
source_6,p211012CPU2OS48hw384exp033JUMP,10,dexamethasone,own,1.36,False,0.8723747928855965,0.2367004116250104,0.9565596786249102,True,43.3648738226464
source_6,p211012CPU2OS48hw384exp033JUMP,10,FK-866,own,1.36,False,0.8331883345388722,0.22939120503808538,0.9463978627355787,True,144.16341486346943
source_6,p211012CPU2OS48hw384exp033JUMP,10,LY2109761,own,1.36,False,0.7985048073134513,0.25469186258608356,0.9377371684811837,True,90.11957130002304
source_6,p211012CPU2OS48hw384exp033JUMP,10,NVS-PAK1-1,own,1.36,False,0.7858905233082526,0.05187967198780606,0.9132017337024989,True,112.85005848109398
source_6,p211012CPU2OS48hw384exp033JUMP,10,quinidine,own,1.36,False,0.6533225292448137,0.23040711479303919,0.7576653994902787,True,13.466991410317194
source_6,p211012CPU2OS48hw384exp033JUMP,10,TC-S-7004,own,1.36,False,0.4462750828863259,-0.006068117653630352,0.8325011071275881,True,26.2033665172697
source_6,p211012CPU2OS48hw384exp033JUMP,10,aloxistatin,own,1.36,False,0.2882702292886387,0.20096889116140915,0.32356069203348903,False,11.477184462885761
source_6,p211102CPU2OS48hw384exp034JUMP,11,AMG900,own,1.02,False,0.9365694906243801,0.039485381473608125,0.9923226089016768,True,353.5907108345577
source_6,p211102CPU2OS48hw384exp034JUMP,11,dexamethasone,own,1.02,False,0.8958795085840359,0.21567811283428462,0.9646456973117182,True,48.869069424301316
source_6,p211102CPU2OS48hw384exp034JUMP,11,FK-866,own,1.02,False,0.8484150885271136,0.2588109668079222,0.9829463155643435,True,147.74624359297906
source_6,p211102CPU2OS48hw384exp034JUMP,11,LY2109761,own,1.02,False,0.8739517985174381,0.267706340981541,0.9700549502139473,True,103.68394783961425
source_6,p211102CPU2OS48hw384exp034JUMP,11,NVS-PAK1-1,own,1.02,False,0.8693702639182047,0.10483836843606109,0.9820376182846912,True,127.65258800925673
source_6,p211102CPU2OS48hw384exp034JUMP,11,quinidine,own,1.02,False,0.6111351667744889,0.19812826665243197,0.6528491349930503,True,17.35978235124437
source_6,p211102CPU2OS48hw384exp034JUMP,11,TC-S-7004,own,1.02,False,0.3998105277023619,0.0728141975457576,0.8568471800952187,True,21.066193531535124
source_6,p211102CPU2OS48hw384exp034JUMP,11,aloxistatin,own,1.02,False,0.28671089354783896,0.14787060904715318,0.6036547164395918,False,9.656424652646177
source_6,p211109CPU2OS48hw384exp035JUMP,12,AMG900,own,1.33,False,0.9322026603644911,0.051183495081748784,0.9927692549034225,True,354.5628456574482
source_6,p211109CPU2OS48hw384exp035JUMP,12,dexamethasone,own,1.33,False,0.9014190511769895,0.2235843560618584,0.967879215133574,True,49.75048612718146
source_6,p211109CPU2OS48hw384exp035JUMP,12,FK-866,own,1.33,False,0.8441847072274244,0.2875848791467744,0.9816374614362592,True,169.9798089093717
source_6,p211109CPU2OS48hw384exp035JUMP,12,LY2109761,own,1.33,False,0.8465603976114547,0.25254217994108635,0.9795513014064624,True,109.5626747049122
source_6,p211109CPU2OS48hw384exp035JUMP,12,NVS-PAK1-1,own,1.33,False,0.8385583140516215,0.0744772112605866,0.977082944048514,True,131.2349054061624
source_6,p211109CPU2OS48hw384exp035JUMP,12,quinidine,own,1.33,False,0.6168299374562064,0.2611211883559362,0.6658702643829761,True,14.163560661747809
source_6,p211109CPU2OS48hw384exp035JUMP,12,TC-S-7004,own,1.33,False,0.4467312282640315,0.08623217412037923,0.8783558826229811,True,26.104012105665014
source_6,p211109CPU2OS48hw384exp035JUMP,12,aloxistatin,own,1.33,False,0.46770589202062857,0.11536830834767532,0.7166174647083312,True,10.78203142579102
source_6,p211123CPU2OS48hw384exp036JUMP,13,AMG900,own,1.84,False,0.9371525723660232,0.03672824084581113,0.9784349363237694,True,399.2783491846012
source_6,p211123CPU2OS48hw384exp036JUMP,13,dexamethasone,own,1.84,False,0.8896210909690758,0.21899807561342222,0.9423805538250328,True,47.557563502966275
source_6,p211123CPU2OS48hw384exp036JUMP,13,FK-866,own,1.84,False,0.7783134503301149,0.2517181996486954,0.8977622741106175,True,167.69556640067015
source_6,p211123CPU2OS48hw384exp036JUMP,13,LY2109761,own,1.84,False,0.7746528615406375,0.22878722025632608,0.9002093517038166,True,100.98109117233976
source_6,p211123CPU2OS48hw384exp036JUMP,13,NVS-PAK1-1,own,1.84,False,0.7640728860231496,0.04077403131087244,0.8692083607835879,True,139.76757206846887
source_6,p211123CPU2OS48hw384exp036JUMP,13,quinidine,own,1.84,False,0.532330538834182,0.194760210913943,0.6537939202755818,True,14.14393485074537
source_6,p211123CPU2OS48hw384exp036JUMP,13,TC-S-7004,own,1.84,False,0.3981591554385607,-0.0805792359003272,0.7217276944539279,True,29.189064651235757
source_6,p211123CPU2OS48hw384exp036JUMP,13,aloxistatin,own,1.84,False,0.06121314465200823,0.08932518939556947,0.49551183937958054,False,12.17508330852934
source_6,p210824CPU2OS48hw384exp022JUMP,1,AMG900,scaled,0.29,False,0.866123644809622,0.0738939259058324,,True,74.12065873050291
source_6,p210824CPU2OS48hw384exp022JUMP,1,dexamethasone,scaled,0.29,False,0.7788034815790449,0.17169009294269372,,True,15.07107028554727
source_6,p210824CPU2OS48hw384exp022JUMP,1,FK-866,scaled,0.29,False,0.7556636928378756,0.14254865795581445,,True,49.53137039922578
source_6,p210824CPU2OS48hw384exp022JUMP,1,LY2109761,scaled,0.29,False,0.6903123002259794,0.1609970665731369,,True,35.90532296424129
source_6,p210824CPU2OS48hw384exp022JUMP,1,NVS-PAK1-1,scaled,0.29,False,0.7355378241510115,0.0012770879794799408,,True,32.94611552820916
source_6,p210824CPU2OS48hw384exp022JUMP,1,quinidine,scaled,0.29,False,0.4939432052531889,0.11897253804283085,,True,6.341886974650677
source_6,p210824CPU2OS48hw384exp022JUMP,1,TC-S-7004,scaled,0.29,False,0.1913929393311156,-0.028685987187061366,,False,6.244762237557259
source_6,p210824CPU2OS48hw384exp022JUMP,1,aloxistatin,scaled,0.29,False,0.17377718464236244,-0.019271809014178375,,True,3.3495758592061025
source_6,p210830CPU2OS48hw384exp023JUMP,2,AMG900,scaled,0.55,False,0.8617000636587449,0.06377529008534392,0.9891516460638099,True,70.05693311560677
source_6,p210830CPU2OS48hw384exp023JUMP,2,dexamethasone,scaled,0.55,False,0.7973669244861878,0.1723069928119438,0.9688797697843998,True,14.47442620045972
source_6,p210830CPU2OS48hw384exp023JUMP,2,FK-866,scaled,0.55,False,0.7585366565401888,0.11509736409652262,0.966957957548862,True,42.818392514436084
source_6,p210830CPU2OS48hw384exp023JUMP,2,LY2109761,scaled,0.55,False,0.705498641101101,0.15986603917114864,0.9871570999506167,True,33.38378658222202
source_6,p210830CPU2OS48hw384exp023JUMP,2,NVS-PAK1-1,scaled,0.55,False,0.7140855785142213,-0.006502950285908369,0.9795041661171477,True,30.567607660600654
source_6,p210830CPU2OS48hw384exp023JUMP,2,quinidine,scaled,0.55,False,0.47822075302407585,0.13527542457479297,0.8496387770261354,True,8.725688064706192
source_6,p210830CPU2OS48hw384exp023JUMP,2,TC-S-7004,scaled,0.55,False,0.1793050914401009,-0.02807604229468338,0.8187948615161856,True,5.964405773533834
source_6,p210830CPU2OS48hw384exp023JUMP,2,aloxistatin,scaled,0.55,False,0.16864945716329305,0.11638097137572986,0.50680666444966,False,4.523976701984842
source_6,p210831CPU2OS48hw384exp024JUMP,3,AMG900,scaled,1.05,False,0.8634660148746663,0.07120536362687015,0.9783214703889849,True,80.6070219857655
source_6,p210831CPU2OS48hw384exp024JUMP,3,dexamethasone,scaled,1.05,False,0.7711262119754971,0.15784742110657746,0.953315498873684,True,16.109661299528806
source_6,p210831CPU2OS48hw384exp024JUMP,3,FK-866,scaled,1.05,False,0.7278344190814343,0.12828701891968444,0.9466448410402609,True,43.746082580095596
source_6,p210831CPU2OS48hw384exp024JUMP,3,LY2109761,scaled,1.05,False,0.6804907896155662,0.14393468341421792,0.9647082796490941,True,35.34725663242499
source_6,p210831CPU2OS48hw384exp024JUMP,3,NVS-PAK1-1,scaled,1.05,False,0.6666417961963994,0.005170831545860358,0.9023514817400999,True,28.762195726550694
source_6,p210831CPU2OS48hw384exp024JUMP,3,quinidine,scaled,1.05,False,0.41445823706456103,0.10648391620413898,0.8057729783870923,True,8.920968388908987
source_6,p210831CPU2OS48hw384exp024JUMP,3,TC-S-7004,scaled,1.05,False,0.1074879475352511,-0.07294088269728864,0.8027002961165133,False,6.194291422604644
source_6,p210831CPU2OS48hw384exp024JUMP,3,aloxistatin,scaled,1.05,False,0.2013694210639848,0.0990908799875774,0.4657514821963657,False,4.046019871287416
source_6,p210906CPU2OS48hw384exp025JUMP,4,AMG900,scaled,1.03,False,0.8380205702266816,0.05088700436672439,0.9751822922457231,True,69.48816150836686
source_6,p210906CPU2OS48hw384exp025JUMP,4,dexamethasone,scaled,1.03,False,0.7178388417581161,0.1453394162214037,0.9550880798477983,True,14.944022084428187
source_6,p210906CPU2OS48hw384exp025JUMP,4,FK-866,scaled,1.03,False,0.7097116489535438,0.08609523174273322,0.9526002579484495,True,42.11873184331742
source_6,p210906CPU2OS48hw384exp025JUMP,4,LY2109761,scaled,1.03,False,0.6587096092908848,0.12867958709116706,0.9740572244644549,True,30.865432160126765
source_6,p210906CPU2OS48hw384exp025JUMP,4,NVS-PAK1-1,scaled,1.03,False,0.7060980176117811,-0.015334649382110035,0.9407715251025208,True,25.50714078491619
source_6,p210906CPU2OS48hw384exp025JUMP,4,quinidine,scaled,1.03,False,0.3556023247566694,0.05831733578771425,0.7229058738877034,True,6.584646371296341
source_6,p210906CPU2OS48hw384exp025JUMP,4,TC-S-7004,scaled,1.03,False,0.08327948704439632,-0.0683583533826221,0.651566749766062,False,6.398615797436357
source_6,p210906CPU2OS48hw384exp025JUMP,4,aloxistatin,scaled,1.03,False,0.2040221300975925,0.1061439226105858,0.5760853816718371,False,3.946572809245997
source_6,p210914CPU2OS48hw384exp027JUMP,5,AMG900,scaled,1.04,False,0.8401630241450462,0.09317214867720533,0.9827600614626425,True,71.67826797826442
source_6,p210914CPU2OS48hw384exp027JUMP,5,dexamethasone,scaled,1.04,False,0.8062601809533197,0.17222193583289486,0.9334628334911704,True,12.959124711059394
source_6,p210914CPU2OS48hw384exp027JUMP,5,FK-866,scaled,1.04,False,0.7176260232629388,0.1150623968166936,0.9571501497138863,True,44.39355500994555
source_6,p210914CPU2OS48hw384exp027JUMP,5,LY2109761,scaled,1.04,False,0.679961510384394,0.14619933324795498,0.9738871623230967,True,32.50447797910496
source_6,p210914CPU2OS48hw384exp027JUMP,5,NVS-PAK1-1,scaled,1.04,False,0.7108784600202455,0.009271484431763998,0.9579341649020658,True,29.338294771664813
source_6,p210914CPU2OS48hw384exp027JUMP,5,quinidine,scaled,1.04,False,0.3910774258416046,0.08515166912528292,0.7990971317649311,True,9.161625386307033
source_6,p210914CPU2OS48hw384exp027JUMP,5,TC-S-7004,scaled,1.04,False,0.16479199141017908,-0.010463785376296077,0.7658315973395333,False,6.171010446026017
source_6,p210914CPU2OS48hw384exp027JUMP,5,aloxistatin,scaled,1.04,False,-0.011830280559792544,0.02244009184032217,0.36350145066618944,False,4.601452000446246
source_6,p210920CPU2OS48hw384exp028JUMP,6,AMG900,scaled,1.21,False,0.8520045210997178,0.07356435307757915,0.9709111746661785,True,73.3486887221188
source_6,p210920CPU2OS48hw384exp028JUMP,6,dexamethasone,scaled,1.21,False,0.7547133502097376,0.17806122636482868,0.9278394291553359,True,12.978364242662845
source_6,p210920CPU2OS48hw384exp028JUMP,6,FK-866,scaled,1.21,False,0.7433738058447178,0.11714989122220174,0.9361161419117113,True,43.80780178580289
source_6,p210920CPU2OS48hw384exp028JUMP,6,LY2109761,scaled,1.21,False,0.6760576237053059,0.14299016250072638,0.9449117276619592,True,29.74849740569338
source_6,p210920CPU2OS48hw384exp028JUMP,6,NVS-PAK1-1,scaled,1.21,False,0.6396776953351708,-0.026343083233986264,0.8595738869350527,True,27.59915477714547
source_6,p210920CPU2OS48hw384exp028JUMP,6,quinidine,scaled,1.21,False,0.40414324547942726,0.09885920315901989,0.7891523120987707,True,8.013034005378277
source_6,p210920CPU2OS48hw384exp028JUMP,6,TC-S-7004,scaled,1.21,False,0.19622194323119144,-0.09435155167324034,0.661870368444156,False,6.150463896635596
source_6,p210920CPU2OS48hw384exp028JUMP,6,aloxistatin,scaled,1.21,False,0.19308795992046246,0.05621309343129867,0.2852580118572565,True,3.4214929827945104
source_6,p210927CPU2OS48hw384exp029JUMP,7,AMG900,scaled,1.22,False,0.840643485197119,0.07277550192799,0.9767657909345236,True,68.96226862531309
source_6,p210927CPU2OS48hw384exp029JUMP,7,dexamethasone,scaled,1.22,False,0.7189049925960082,0.18063436906134883,0.9355598931839126,True,11.293643753927778
source_6,p210927CPU2OS48hw384exp029JUMP,7,FK-866,scaled,1.22,False,0.7243581712949773,0.11796079913163403,0.9534595446312069,True,43.80815761904802
source_6,p210927CPU2OS48hw384exp029JUMP,7,LY2109761,scaled,1.22,False,0.6652053172945651,0.12426678024917938,0.9692107761436889,True,29.721449318061122
source_6,p210927CPU2OS48hw384exp029JUMP,7,NVS-PAK1-1,scaled,1.22,False,0.6975694174987213,-0.00993616474677029,0.9151482109064302,True,25.76605113551794
source_6,p210927CPU2OS48hw384exp029JUMP,7,quinidine,scaled,1.22,False,0.36132414045013206,0.10005695727105482,0.7740117161783979,True,6.598182907022344
source_6,p210927CPU2OS48hw384exp029JUMP,7,TC-S-7004,scaled,1.22,False,0.18863138533297108,-0.07199370556579161,0.7857919149515276,False,5.684246001044484
source_6,p210927CPU2OS48hw384exp029JUMP,7,aloxistatin,scaled,1.22,False,0.18173262682559582,0.06453506104681057,0.4400768980292239,False,3.163900073133809
source_6,p210928CPU2OS48hw384exp030JUMP,8,AMG900,scaled,1.51,False,0.838038690755764,0.07288181727455591,0.9577863519830501,True,70.86769360229475
source_6,p210928CPU2OS48hw384exp030JUMP,8,dexamethasone,scaled,1.51,False,0.7476301874816038,0.17239758794704882,0.912207501747994,True,12.221763024552883
source_6,p210928CPU2OS48hw384exp030JUMP,8,FK-866,scaled,1.51,False,0.7278440301712082,0.10781301831985021,0.9235048652880341,True,44.416434668784234
source_6,p210928CPU2OS48hw384exp030JUMP,8,LY2109761,scaled,1.51,False,0.6754068831043049,0.14181715425339064,0.9227734868341507,True,29.281721460705135
source_6,p210928CPU2OS48hw384exp030JUMP,8,NVS-PAK1-1,scaled,1.51,False,0.608281025766537,-0.03366979978726332,0.8382962648346735,True,27.639900768158256
source_6,p210928CPU2OS48hw384exp030JUMP,8,quinidine,scaled,1.51,False,0.4040189411501846,0.07966810772096682,0.8132845439843976,True,7.516037695373769
source_6,p210928CPU2OS48hw384exp030JUMP,8,TC-S-7004,scaled,1.51,False,0.1349237720134281,-0.10179651875472064,0.708288964268524,False,5.657385048870395
source_6,p210928CPU2OS48hw384exp030JUMP,8,aloxistatin,scaled,1.51,False,0.0843642667820719,0.05524871391363251,0.3388978192225857,False,3.4358093925471116
source_6,p211004CPU2OS48hw384exp031JUMP,9,AMG900,scaled,1.63,False,0.8401103972591464,0.09452640414518565,0.9744876790856639,True,71.76551278499058
source_6,p211004CPU2OS48hw384exp031JUMP,9,dexamethasone,scaled,1.63,False,0.7273102619382075,0.17753597339343744,0.9237961398696654,True,11.365828134987556
source_6,p211004CPU2OS48hw384exp031JUMP,9,FK-866,scaled,1.63,False,0.7353185202824222,0.1270238243496693,0.9542507805231841,True,47.44279554897909
source_6,p211004CPU2OS48hw384exp031JUMP,9,LY2109761,scaled,1.63,False,0.6864512902280444,0.1257754915052806,0.9468992074102862,True,31.942291743445033
source_6,p211004CPU2OS48hw384exp031JUMP,9,NVS-PAK1-1,scaled,1.63,False,0.7126299409825846,0.006227275448632144,0.9241794078443064,True,31.567098061997577
source_6,p211004CPU2OS48hw384exp031JUMP,9,quinidine,scaled,1.63,False,0.47687280300387486,0.13933442016961792,0.7165746943544942,True,5.475787811561502
source_6,p211004CPU2OS48hw384exp031JUMP,9,TC-S-7004,scaled,1.63,False,0.24947953820419444,-0.020681989911218567,0.7070123354443135,False,6.8390956903195175
source_6,p211004CPU2OS48hw384exp031JUMP,9,aloxistatin,scaled,1.63,False,0.13371931532557593,0.06977966163787044,0.3839640734170944,False,3.608707030584768
source_6,p211012CPU2OS48hw384exp033JUMP,10,AMG900,scaled,1.36,False,0.8392934996175516,0.07455675471676083,0.973487584875302,True,69.9899730298872
source_6,p211012CPU2OS48hw384exp033JUMP,10,dexamethasone,scaled,1.36,False,0.7326382467862873,0.1675814780666447,0.9248009716349164,True,12.370236017020735
source_6,p211012CPU2OS48hw384exp033JUMP,10,FK-866,scaled,1.36,False,0.715723323972832,0.10235618648510257,0.9286732681097086,True,41.83635549674473
source_6,p211012CPU2OS48hw384exp033JUMP,10,LY2109761,scaled,1.36,False,0.6411819806313885,0.1343188171638451,0.9362683324305221,True,29.41759723685719
source_6,p211012CPU2OS48hw384exp033JUMP,10,NVS-PAK1-1,scaled,1.36,False,0.62786059035783,0.001987188092783032,0.8503645014691595,True,25.93547937246715
source_6,p211012CPU2OS48hw384exp033JUMP,10,quinidine,scaled,1.36,False,0.4393315933927639,0.09998928009969461,0.7776431965465402,True,6.982199492794991
source_6,p211012CPU2OS48hw384exp033JUMP,10,TC-S-7004,scaled,1.36,False,0.1429205809732558,-0.037163566883561726,0.72052519811564,False,6.382148610992959
source_6,p211012CPU2OS48hw384exp033JUMP,10,aloxistatin,scaled,1.36,False,0.19785321981920484,0.07374095298629066,0.24627094913062683,False,3.7051238208924246
source_6,p211102CPU2OS48hw384exp034JUMP,11,AMG900,scaled,1.02,False,0.8676652185411757,0.08009543386599786,0.9869364263465711,True,65.23526562738734
source_6,p211102CPU2OS48hw384exp034JUMP,11,dexamethasone,scaled,1.02,False,0.7378259887821329,0.1508932547704192,0.9488344387261349,True,13.048528381962978
source_6,p211102CPU2OS48hw384exp034JUMP,11,FK-866,scaled,1.02,False,0.7711276023877982,0.12197881406162335,0.9718952574870584,True,39.84574076419827
source_6,p211102CPU2OS48hw384exp034JUMP,11,LY2109761,scaled,1.02,False,0.7513370918687368,0.16782097237078916,0.9736056495665393,True,27.999090750736805
source_6,p211102CPU2OS48hw384exp034JUMP,11,NVS-PAK1-1,scaled,1.02,False,0.7630435532027231,0.03539220987208544,0.9594919995092067,True,28.30662010765631
source_6,p211102CPU2OS48hw384exp034JUMP,11,quinidine,scaled,1.02,False,0.4309830305918344,0.0727021601606221,0.7590346103392955,True,8.397362399977867
source_6,p211102CPU2OS48hw384exp034JUMP,11,TC-S-7004,scaled,1.02,False,0.1792821466946558,0.021073921893594336,0.7148210722812867,False,5.59952085398629
source_6,p211102CPU2OS48hw384exp034JUMP,11,aloxistatin,scaled,1.02,False,0.09991240831431043,0.07266693009694337,0.4870117453295006,False,3.576935295549374
source_6,p211109CPU2OS48hw384exp035JUMP,12,AMG900,scaled,1.33,False,0.841972192331014,0.08299954283187135,0.9796059268038844,True,65.96702843362623
source_6,p211109CPU2OS48hw384exp035JUMP,12,dexamethasone,scaled,1.33,False,0.776348433403862,0.15267865379545545,0.9624163306771871,True,13.078592671844998
source_6,p211109CPU2OS48hw384exp035JUMP,12,FK-866,scaled,1.33,False,0.7577972207482906,0.1233977313721287,0.9705034474719467,True,45.244925577466375
source_6,p211109CPU2OS48hw384exp035JUMP,12,LY2109761,scaled,1.33,False,0.6905921346814458,0.1589237252819076,0.9805438961473597,True,31.083469848994053
source_6,p211109CPU2OS48hw384exp035JUMP,12,NVS-PAK1-1,scaled,1.33,False,0.7323193884784677,0.011242367528034777,0.9624791721501137,True,31.039545221983857
source_6,p211109CPU2OS48hw384exp035JUMP,12,quinidine,scaled,1.33,False,0.4464274927213645,0.11442852399492774,0.6755110313992523,True,4.673631777356576
source_6,p211109CPU2OS48hw384exp035JUMP,12,TC-S-7004,scaled,1.33,False,0.2129473871277887,-0.002633708089191361,0.7362651184345664,False,6.644538990965404
source_6,p211109CPU2OS48hw384exp035JUMP,12,aloxistatin,scaled,1.33,False,0.2529024979673346,0.0629438252399199,0.5087384533976581,True,3.5383213500215946
source_6,p211123CPU2OS48hw384exp036JUMP,13,AMG900,scaled,1.84,False,0.8266069789021792,0.049817835839075494,0.948065972018959,True,72.05954564213597
source_6,p211123CPU2OS48hw384exp036JUMP,13,dexamethasone,scaled,1.84,False,0.7503670176384876,0.1469188979811525,0.9062669346307305,True,12.99784486525568
source_6,p211123CPU2OS48hw384exp036JUMP,13,FK-866,scaled,1.84,False,0.7018235953157501,0.07979305332897457,0.881306095413908,True,43.0685965928566
source_6,p211123CPU2OS48hw384exp036JUMP,13,LY2109761,scaled,1.84,False,0.6588880119217154,0.12390327865705915,0.8805738709820012,True,31.116617780730447
source_6,p211123CPU2OS48hw384exp036JUMP,13,NVS-PAK1-1,scaled,1.84,False,0.5597528014294626,-0.009443556390956651,0.7700042676560642,True,30.627445561163395
source_6,p211123CPU2OS48hw384exp036JUMP,13,quinidine,scaled,1.84,False,0.408171479661896,0.08664254044508093,0.7423759253266033,True,6.343580572853616
source_6,p211123CPU2OS48hw384exp036JUMP,13,TC-S-7004,scaled,1.84,False,0.0726299329380624,-0.07522766970723539,0.6157248749656319,False,7.063436411246958
source_6,p211123CPU2OS48hw384exp036JUMP,13,aloxistatin,scaled,1.84,False,0.11619976931336293,0.046728077414740235,0.37277492848975025,False,3.513259313736776
source_6,p210824CPU2OS48hw384exp022JUMP,1,AMG900,field,0.29,False,0.9393876532206038,0.10409941472089759,,True,81.43925066058188
source_6,p210824CPU2OS48hw384exp022JUMP,1,dexamethasone,field,0.29,False,0.8552737763531397,0.21918257140273217,,True,12.586455131289554
source_6,p210824CPU2OS48hw384exp022JUMP,1,FK-866,field,0.29,False,0.8695879622536454,0.3089431664245716,,True,41.73901958023879
source_6,p210824CPU2OS48hw384exp022JUMP,1,LY2109761,field,0.29,False,0.8427075554492122,0.2499037243190936,,True,28.045871247079745
source_6,p210824CPU2OS48hw384exp022JUMP,1,NVS-PAK1-1,field,0.29,False,0.8318311466935905,0.09977859870160566,,True,33.066110297014156
source_6,p210824CPU2OS48hw384exp022JUMP,1,quinidine,field,0.29,False,0.6852856001368717,0.23454883364771595,,True,4.033846469521378
source_6,p210824CPU2OS48hw384exp022JUMP,1,TC-S-7004,field,0.29,False,0.3926299799393484,0.007099111365799667,,True,5.275251598160091
source_6,p210824CPU2OS48hw384exp022JUMP,1,aloxistatin,field,0.29,False,0.23748279500266534,0.02809382903186434,,True,2.377111281260713
source_6,p210830CPU2OS48hw384exp023JUMP,2,AMG900,field,0.55,False,0.9365356700079571,0.10112731965268103,0.9969579643358863,True,79.94167176947016
source_6,p210830CPU2OS48hw384exp023JUMP,2,dexamethasone,field,0.55,False,0.8898942938223384,0.23452177387077208,0.9728527980298466,True,12.174325552679152
source_6,p210830CPU2OS48hw384exp023JUMP,2,FK-866,field,0.55,False,0.8795706692141441,0.2738499702669905,0.9718746935005581,True,36.75548580423792
source_6,p210830CPU2OS48hw384exp023JUMP,2,LY2109761,field,0.55,False,0.8546394922090287,0.2359830592409731,0.9820591310531821,True,26.901234876588163
source_6,p210830CPU2OS48hw384exp023JUMP,2,NVS-PAK1-1,field,0.55,False,0.8091944181378038,0.07624519244058424,0.9835827925451158,True,30.381661721455423
source_6,p210830CPU2OS48hw384exp023JUMP,2,quinidine,field,0.55,False,0.6871238985835473,0.22599263853374238,0.8426344234237617,True,5.43094073328793
source_6,p210830CPU2OS48hw384exp023JUMP,2,TC-S-7004,field,0.55,False,0.3870581919843029,-0.009128357559506802,0.8984187123407062,True,5.344374082716587
source_6,p210830CPU2OS48hw384exp023JUMP,2,aloxistatin,field,0.55,False,0.2492648212684887,0.15149865057510056,0.6117494938008545,False,3.342191507485793
source_6,p210831CPU2OS48hw384exp024JUMP,3,AMG900,field,1.05,False,0.9411975797553385,0.08672474241304709,0.9937598178222609,True,83.10466314872882
source_6,p210831CPU2OS48hw384exp024JUMP,3,dexamethasone,field,1.05,False,0.8732134026898253,0.2039295101203869,0.954156820824746,True,12.487180655294189
source_6,p210831CPU2OS48hw384exp024JUMP,3,FK-866,field,1.05,False,0.8572748328110433,0.2671366433603186,0.9551533959430325,True,35.73669807332375
source_6,p210831CPU2OS48hw384exp024JUMP,3,LY2109761,field,1.05,False,0.8059667490169649,0.21134777661258516,0.9571424051664572,True,25.25505166338333
source_6,p210831CPU2OS48hw384exp024JUMP,3,NVS-PAK1-1,field,1.05,False,0.7926545270165009,0.07662374553869908,0.9390789616739116,True,26.39012577567022
source_6,p210831CPU2OS48hw384exp024JUMP,3,quinidine,field,1.05,False,0.5725251591862086,0.12739157628486203,0.7253977409035821,True,4.886010717861969
source_6,p210831CPU2OS48hw384exp024JUMP,3,TC-S-7004,field,1.05,False,0.2798552754725333,-0.11334914089867568,0.8229013038561708,True,4.965075755832848
source_6,p210831CPU2OS48hw384exp024JUMP,3,aloxistatin,field,1.05,False,0.27690032668397707,0.1797980626437711,0.4368198146894885,False,2.7902504429401613
source_6,p210906CPU2OS48hw384exp025JUMP,4,AMG900,field,1.03,False,0.9373856735490163,0.09472678663343122,0.9928326289093236,True,79.21111163455168
source_6,p210906CPU2OS48hw384exp025JUMP,4,dexamethasone,field,1.03,False,0.8404777923123802,0.20701206184477725,0.9670669101895797,True,12.278561307179059
source_6,p210906CPU2OS48hw384exp025JUMP,4,FK-866,field,1.03,False,0.8489410356902255,0.24912545166497352,0.9702126647813354,True,35.702425672611106
source_6,p210906CPU2OS48hw384exp025JUMP,4,LY2109761,field,1.03,False,0.8204841543744836,0.20399663084944367,0.9716102527523867,True,24.361186603911403
source_6,p210906CPU2OS48hw384exp025JUMP,4,NVS-PAK1-1,field,1.03,False,0.7903478212953622,0.0571089295362407,0.9543504312199563,True,25.265636987358782
source_6,p210906CPU2OS48hw384exp025JUMP,4,quinidine,field,1.03,False,0.5108703007507444,0.1017817499463092,0.7148766179245373,True,4.102922196756225
source_6,p210906CPU2OS48hw384exp025JUMP,4,TC-S-7004,field,1.03,False,0.14720251372106744,-0.08844974799485661,0.7905278556303981,True,5.898581936199216
source_6,p210906CPU2OS48hw384exp025JUMP,4,aloxistatin,field,1.03,False,0.41344300973094006,0.18227055692994992,0.6672803183726397,False,2.8551600144829448
source_6,p210914CPU2OS48hw384exp027JUMP,5,AMG900,field,1.04,False,0.9333141458072929,0.11337177819467173,0.9931158704971486,True,82.21060020726063
source_6,p210914CPU2OS48hw384exp027JUMP,5,dexamethasone,field,1.04,False,0.8556967933393831,0.20765305411088916,0.9642562490320825,True,11.17988993487956
source_6,p210914CPU2OS48hw384exp027JUMP,5,FK-866,field,1.04,False,0.8654595370683861,0.27446600650119934,0.9708633341018602,True,37.90768678705797
source_6,p210914CPU2OS48hw384exp027JUMP,5,LY2109761,field,1.04,False,0.839408444016988,0.24100979378386173,0.9724873225379771,True,24.72334281560252
source_6,p210914CPU2OS48hw384exp027JUMP,5,NVS-PAK1-1,field,1.04,False,0.8188034514763189,0.0905585087350308,0.980517817836861,True,29.668995192736276
source_6,p210914CPU2OS48hw384exp027JUMP,5,quinidine,field,1.04,False,0.4539440345541627,0.16823733359058862,0.7230872092586245,True,4.542984127072772
source_6,p210914CPU2OS48hw384exp027JUMP,5,TC-S-7004,field,1.04,False,0.41187681114336444,-0.04534780441324021,0.8149439652817243,False,5.312125268142207
source_6,p210914CPU2OS48hw384exp027JUMP,5,aloxistatin,field,1.04,False,-0.2327558437155643,-0.056451936012416284,0.3166297448299614,False,4.429952414683608
source_6,p210920CPU2OS48hw384exp028JUMP,6,AMG900,field,1.21,False,0.9362734628058056,0.08855399538831639,0.9902359075107314,True,82.61301791855304
source_6,p210920CPU2OS48hw384exp028JUMP,6,dexamethasone,field,1.21,False,0.8426966025930691,0.23734312804413538,0.9440495385550413,True,10.494782078469466
source_6,p210920CPU2OS48hw384exp028JUMP,6,FK-866,field,1.21,False,0.8496011558520049,0.2660902377660016,0.9577243779597797,True,38.73589139389839
source_6,p210920CPU2OS48hw384exp028JUMP,6,LY2109761,field,1.21,False,0.8018407731744288,0.20973894856404457,0.9429395727886656,True,23.39037069820389
source_6,p210920CPU2OS48hw384exp028JUMP,6,NVS-PAK1-1,field,1.21,False,0.7341823867284016,0.012315071165604957,0.9045912502298588,True,25.94222148444287
source_6,p210920CPU2OS48hw384exp028JUMP,6,quinidine,field,1.21,False,0.5620348501762715,0.16377092054365572,0.7704540990724198,True,4.10722921504614
source_6,p210920CPU2OS48hw384exp028JUMP,6,TC-S-7004,field,1.21,False,0.3970306109815607,-0.13901992116751613,0.7277446387942377,False,5.145033143124907
source_6,p210920CPU2OS48hw384exp028JUMP,6,aloxistatin,field,1.21,False,0.21776728712309995,0.05277706087230273,0.41017190784278834,False,2.5071194040068963
source_6,p210927CPU2OS48hw384exp029JUMP,7,AMG900,field,1.22,False,0.9291095770444674,0.11524519534997613,0.9929939344403697,True,78.17853628432715
source_6,p210927CPU2OS48hw384exp029JUMP,7,dexamethasone,field,1.22,False,0.7827580959147877,0.24389107536940038,0.9390483058308747,True,9.569261959821755
source_6,p210927CPU2OS48hw384exp029JUMP,7,FK-866,field,1.22,False,0.8675257139366439,0.2843143177389278,0.9711330004033341,True,37.1994406788945
source_6,p210927CPU2OS48hw384exp029JUMP,7,LY2109761,field,1.22,False,0.834674415176127,0.2194352017134958,0.974331284355788,True,22.430162859328146
source_6,p210927CPU2OS48hw384exp029JUMP,7,NVS-PAK1-1,field,1.22,False,0.7822187980708798,0.07472140521016178,0.9508729978598287,True,25.373136447450065
source_6,p210927CPU2OS48hw384exp029JUMP,7,quinidine,field,1.22,False,0.4892925126365202,0.2303365711582306,0.6632657652406567,True,3.3810005629218076
source_6,p210927CPU2OS48hw384exp029JUMP,7,TC-S-7004,field,1.22,False,0.4764239146030927,-0.05346448187048714,0.8356248105750458,False,5.079185365718319
source_6,p210927CPU2OS48hw384exp029JUMP,7,aloxistatin,field,1.22,False,0.16728030144083256,0.13319468717719726,0.45461087206106515,False,2.345762029979719
source_6,p210928CPU2OS48hw384exp030JUMP,8,AMG900,field,1.51,False,0.9397125419004548,0.10420582789719265,0.9886812529021548,True,86.30860993726462
source_6,p210928CPU2OS48hw384exp030JUMP,8,dexamethasone,field,1.51,False,0.847034157172584,0.2490403820813404,0.9354206602266257,True,10.287061648807441
source_6,p210928CPU2OS48hw384exp030JUMP,8,FK-866,field,1.51,False,0.8480339934447036,0.2781130135828889,0.9494283450647792,True,41.85087653329149
source_6,p210928CPU2OS48hw384exp030JUMP,8,LY2109761,field,1.51,False,0.7929897228647167,0.22717136340916863,0.9200991214977952,True,22.456839886716374
source_6,p210928CPU2OS48hw384exp030JUMP,8,NVS-PAK1-1,field,1.51,False,0.7426664191232872,0.004631687157870615,0.8974707263757908,True,28.45179205176041
source_6,p210928CPU2OS48hw384exp030JUMP,8,quinidine,field,1.51,False,0.5660188755509603,0.13726190842650773,0.7866435231078461,True,4.069549643416403
source_6,p210928CPU2OS48hw384exp030JUMP,8,TC-S-7004,field,1.51,False,0.3511640263518402,-0.1424320538838602,0.7813021577207531,True,5.319003963599018
source_6,p210928CPU2OS48hw384exp030JUMP,8,aloxistatin,field,1.51,False,-0.03203890016583119,0.03722988223585758,0.3608211825184352,False,2.775917495947155
source_6,p211004CPU2OS48hw384exp031JUMP,9,AMG900,field,1.63,False,0.9262276924364651,0.13310780278031137,0.9907120172669394,True,81.82423848460682
source_6,p211004CPU2OS48hw384exp031JUMP,9,dexamethasone,field,1.63,False,0.8183634455185962,0.21674614618449797,0.939427398842616,True,9.145416613236971
source_6,p211004CPU2OS48hw384exp031JUMP,9,FK-866,field,1.63,False,0.8673078172996875,0.2935346398732957,0.974404328467675,True,40.17122720975688
source_6,p211004CPU2OS48hw384exp031JUMP,9,LY2109761,field,1.63,False,0.8650381525389428,0.21017841825554143,0.9520942050289936,True,23.513013717409645
source_6,p211004CPU2OS48hw384exp031JUMP,9,NVS-PAK1-1,field,1.63,False,0.8142283340890826,0.1001421872626003,0.966325042523419,True,31.61520868744944
source_6,p211004CPU2OS48hw384exp031JUMP,9,quinidine,field,1.63,False,0.5567467599173578,0.19643451531877232,0.6886637212273515,True,3.3670411553665986
source_6,p211004CPU2OS48hw384exp031JUMP,9,TC-S-7004,field,1.63,False,0.5059316982374491,0.020328483087484188,0.826836769143094,True,5.699266816548173
source_6,p211004CPU2OS48hw384exp031JUMP,9,aloxistatin,field,1.63,False,0.026931924574209315,0.08556941719136843,0.3888594610456016,False,2.785969695593299
source_6,p211012CPU2OS48hw384exp033JUMP,10,AMG900,field,1.36,False,0.9381870741056193,0.1099752574873498,0.9937607712802301,True,83.72742617283141
source_6,p211012CPU2OS48hw384exp033JUMP,10,dexamethasone,field,1.36,False,0.8339506914804091,0.25099956936297463,0.9434200194394192,True,9.91396266536737
source_6,p211012CPU2OS48hw384exp033JUMP,10,FK-866,field,1.36,False,0.8624640830096257,0.2540541676875632,0.9554843343969636,True,37.840657735475716
source_6,p211012CPU2OS48hw384exp033JUMP,10,LY2109761,field,1.36,False,0.8087066621055345,0.23157671515914835,0.9376317094661144,True,21.797706259604062
source_6,p211012CPU2OS48hw384exp033JUMP,10,NVS-PAK1-1,field,1.36,False,0.7759282450256104,0.06424827257528203,0.9128648961025341,True,26.998008241737658
source_6,p211012CPU2OS48hw384exp033JUMP,10,quinidine,field,1.36,False,0.5923959100295964,0.18813161383439017,0.7748699447113043,True,3.866189554759548
source_6,p211012CPU2OS48hw384exp033JUMP,10,TC-S-7004,field,1.36,False,0.4427715786736235,-0.03676705190020356,0.785663149601619,False,5.900390694274714
source_6,p211012CPU2OS48hw384exp033JUMP,10,aloxistatin,field,1.36,False,0.18526265639730227,0.1509075751102861,0.270835478045934,False,2.6012262794366503
source_6,p211102CPU2OS48hw384exp034JUMP,11,AMG900,field,1.02,False,0.939887400420311,0.11997244866301025,0.995243271618071,True,79.71722269108643
source_6,p211102CPU2OS48hw384exp034JUMP,11,dexamethasone,field,1.02,False,0.8602757287517095,0.22553190848543592,0.9551984817101934,True,10.97126530867039
source_6,p211102CPU2OS48hw384exp034JUMP,11,FK-866,field,1.02,False,0.8817685627676535,0.2889910808053847,0.9810778334821502,True,38.091083284729145
source_6,p211102CPU2OS48hw384exp034JUMP,11,LY2109761,field,1.02,False,0.8809971999720365,0.2574542679725131,0.968260803874238,True,24.899356533803033
source_6,p211102CPU2OS48hw384exp034JUMP,11,NVS-PAK1-1,field,1.02,False,0.8605905061037945,0.1354148165385131,0.9838378087179381,True,30.51274863835471
source_6,p211102CPU2OS48hw384exp034JUMP,11,quinidine,field,1.02,False,0.5952851279924718,0.17907294649034794,0.74480288828184,True,4.665174551201294
source_6,p211102CPU2OS48hw384exp034JUMP,11,TC-S-7004,field,1.02,False,0.41825684290716947,0.07970296390979414,0.8330540936257902,True,4.649489659424895
source_6,p211102CPU2OS48hw384exp034JUMP,11,aloxistatin,field,1.02,False,0.25281772848887,0.10563616952598039,0.5314954706541359,False,2.3633867457401023
source_6,p211109CPU2OS48hw384exp035JUMP,12,AMG900,field,1.33,False,0.9324322682487887,0.13667453267508056,0.9932606728663343,True,83.07230836564564
source_6,p211109CPU2OS48hw384exp035JUMP,12,dexamethasone,field,1.33,False,0.8908291334956506,0.23261175762333472,0.9689907129518517,True,11.167441502433388
source_6,p211109CPU2OS48hw384exp035JUMP,12,FK-866,field,1.33,False,0.8826371264978157,0.3157424071048275,0.9816041494936626,True,42.84247749256815
source_6,p211109CPU2OS48hw384exp035JUMP,12,LY2109761,field,1.33,False,0.874212889624945,0.251110348511568,0.9813081825677296,True,25.544337075040332
source_6,p211109CPU2OS48hw384exp035JUMP,12,NVS-PAK1-1,field,1.33,False,0.8354351029159273,0.10597437818635787,0.9828973843665172,True,33.8322939437378
source_6,p211109CPU2OS48hw384exp035JUMP,12,quinidine,field,1.33,False,0.5619505943908668,0.2465714402648414,0.6528463979767831,True,3.507598619695091
source_6,p211109CPU2OS48hw384exp035JUMP,12,TC-S-7004,field,1.33,False,0.5211162511397712,0.07530696225045357,0.8422137189893832,True,6.2679851128941415
source_6,p211109CPU2OS48hw384exp035JUMP,12,aloxistatin,field,1.33,False,0.32833459371025925,0.08432394145316705,0.5653327558127459,True,2.644607268927394
source_6,p211123CPU2OS48hw384exp036JUMP,13,AMG900,field,1.84,False,0.9393543097517091,0.10164925642692871,0.9867141884489672,True,88.61991098349407
source_6,p211123CPU2OS48hw384exp036JUMP,13,dexamethasone,field,1.84,False,0.8718728562141584,0.2327762358906877,0.9420755287427375,True,11.16905308287582
source_6,p211123CPU2OS48hw384exp036JUMP,13,FK-866,field,1.84,False,0.819955817807759,0.27095911613726203,0.9221168164168961,True,41.39406808035898
source_6,p211123CPU2OS48hw384exp036JUMP,13,LY2109761,field,1.84,False,0.7819606346462482,0.21715912874690474,0.895897303134376,True,25.252821353565768
source_6,p211123CPU2OS48hw384exp036JUMP,13,NVS-PAK1-1,field,1.84,False,0.7505806776852353,0.05468994878554122,0.8683061444138825,True,32.00021721391427
source_6,p211123CPU2OS48hw384exp036JUMP,13,quinidine,field,1.84,False,0.5045588510760857,0.17908339231168918,0.6744789274570776,True,3.8460297271180846
source_6,p211123CPU2OS48hw384exp036JUMP,13,TC-S-7004,field,1.84,False,0.39012476476472957,-0.11356252953345,0.6718631337902146,True,6.310869201186818
source_6,p211123CPU2OS48hw384exp036JUMP,13,aloxistatin,field,1.84,False,0.0139841796936351,0.05037169309924917,0.4215872485670604,False,2.7259573627790714
source_7,20210719_Run1,1,AMG900,raw,0.67,False,0.5736415912038482,0.15534464533150147,,True,46.51016524214235
source_7,20210719_Run1,1,dexamethasone,raw,0.67,False,0.7404784497651031,0.17295043518768424,,True,7.8842421994275895
source_7,20210719_Run1,1,FK-866,raw,0.67,False,0.7374479363606128,0.3273332192975302,,True,27.892758498753576
source_7,20210719_Run1,1,LY2109761,raw,0.67,False,0.7639096938429946,0.2098733904581744,,True,21.667952728669
source_7,20210719_Run1,1,NVS-PAK1-1,raw,0.67,False,0.5070908232000972,0.19713312337284414,,True,24.174944006171877
source_7,20210719_Run1,1,quinidine,raw,0.67,False,0.5956783596164902,0.29946082371655897,,False,6.6394824629566145
source_7,20210719_Run1,1,TC-S-7004,raw,0.67,False,0.31310824650469565,0.2548548985393974,,False,62.86953802913263
source_7,20210719_Run1,1,aloxistatin,raw,0.67,False,0.5873897191828125,0.16477028940221267,,True,8.146335330319966
source_7,20210723_Run2,2,AMG900,raw,1.53,False,0.5625584104316755,0.12744947967450554,0.9843725724454628,True,49.86375536720421
source_7,20210723_Run2,2,dexamethasone,raw,1.53,False,0.7611883380815994,0.1713636110250805,0.9009070626659623,True,8.853603179497394
source_7,20210723_Run2,2,FK-866,raw,1.53,False,0.7559403196977356,0.3168745921833761,0.9815142215748803,True,26.132290189766167
source_7,20210723_Run2,2,LY2109761,raw,1.53,False,0.7413292194903109,0.20511733339134247,0.968392100469942,True,23.35189774963668
source_7,20210723_Run2,2,NVS-PAK1-1,raw,1.53,False,0.502284054592239,0.19436405009910693,0.9687818612333997,True,26.074616175088554
source_7,20210723_Run2,2,quinidine,raw,1.53,False,0.5829942565467134,0.27605722917218706,0.9307930641114843,False,6.307900802311
source_7,20210723_Run2,2,TC-S-7004,raw,1.53,False,0.3208323152123143,0.23571648048215346,0.985651788017043,False,64.43127148657543
source_7,20210723_Run2,2,aloxistatin,raw,1.53,False,0.6460852392225656,0.19746956857671535,0.9480377419361774,True,7.735954815545507
source_7,20210727_Run3,3,AMG900,raw,1.64,False,0.5514671347990722,0.13452236929890019,0.9793344233319247,True,49.27522851229113
source_7,20210727_Run3,3,dexamethasone,raw,1.64,False,0.7942821960960071,0.17077465228090088,0.9222446549037435,True,8.377583159247369
source_7,20210727_Run3,3,FK-866,raw,1.64,False,0.7100240946582548,0.3240344652523694,0.9795134121904236,True,28.634574423721105
source_7,20210727_Run3,3,LY2109761,raw,1.64,False,0.7812025428328051,0.21865263192242232,0.9802746118820482,True,21.498485904069216
source_7,20210727_Run3,3,NVS-PAK1-1,raw,1.64,False,0.5043560488347382,0.21016600229074886,0.9608359155055302,True,24.645425692991914
source_7,20210727_Run3,3,quinidine,raw,1.64,False,0.6382561989024635,0.31081914060905685,0.8991103371569052,False,6.810407241478482
source_7,20210727_Run3,3,TC-S-7004,raw,1.64,False,0.2788394077819768,0.23391544065229228,0.9798567789525859,False,62.134308953249175
source_7,20210727_Run3,3,aloxistatin,raw,1.64,False,0.6369734625613375,0.1789782567351845,0.9437599933533108,True,8.840308772617481
source_7,20210731_Run4,4,AMG900,raw,1.69,False,0.5410391706079923,0.14151549302753072,0.9716030556722466,True,48.08459283714722
source_7,20210731_Run4,4,dexamethasone,raw,1.69,False,0.7082372784096524,0.17385041343314905,0.8760094103005026,True,8.997340904037575
source_7,20210731_Run4,4,FK-866,raw,1.69,False,0.6846422685859168,0.31012053465789435,0.973921832230028,True,28.497986541215578
source_7,20210731_Run4,4,LY2109761,raw,1.69,False,0.7325074390600641,0.20201182643615584,0.9792498111855709,True,22.023185070118757
source_7,20210731_Run4,4,NVS-PAK1-1,raw,1.69,False,0.4695180541226527,0.18952866136624066,0.9702877096183051,True,26.107771851526298
source_7,20210731_Run4,4,quinidine,raw,1.69,False,0.5606750492408004,0.25676640525008293,0.9127325998156814,False,7.358915940482461
source_7,20210731_Run4,4,TC-S-7004,raw,1.69,False,0.30305220329618726,0.22932296114267045,0.982269641199583,False,59.77828551503098
source_7,20210731_Run4,4,aloxistatin,raw,1.69,False,0.5840392341233235,0.176009016887787,0.9301552273132686,True,8.683784633573627
source_7,20210803_Run5,5,AMG900,raw,1.53,False,0.487167313125347,0.13350102796374744,0.9679237409937138,True,47.632752881987045
source_7,20210803_Run5,5,dexamethasone,raw,1.53,False,0.6778813132396038,0.13413093905476,0.9349178711575454,True,7.969128065899191
source_7,20210803_Run5,5,FK-866,raw,1.53,False,0.5953500120704354,0.29692946515913166,0.9340009848674402,True,33.96721323124146
source_7,20210803_Run5,5,LY2109761,raw,1.53,False,0.762196723169529,0.22590016455825396,0.9632028450691017,True,19.754760756171507
source_7,20210803_Run5,5,NVS-PAK1-1,raw,1.53,False,0.4423775229763224,0.18810112522007102,0.9596809008314542,True,23.868986953664265
source_7,20210803_Run5,5,quinidine,raw,1.53,False,0.5892151167759281,0.31032740664316133,0.8690773857914539,False,7.130822882640859
source_7,20210803_Run5,5,TC-S-7004,raw,1.53,False,0.2267655167156845,0.20871007466575686,0.957083345248004,False,64.90291585258463
source_7,20210803_Run5,5,aloxistatin,raw,1.53,False,0.5487490133396475,0.13870582795186978,0.9379023628285136,True,9.179066216292869
source_7,20211121_Run6,6,AMG900,raw,1.88,False,0.5432544454526327,0.15136395985038203,0.9632987667168615,True,50.68577781958245
source_7,20211121_Run6,6,dexamethasone,raw,1.88,False,0.6585252970354154,0.12670543273874488,0.5805493306061087,True,9.480973615988498
source_7,20211121_Run6,6,FK-866,raw,1.88,False,0.5830233919525957,0.31173369587792316,0.8885262613696614,True,35.50261974067078
source_7,20211121_Run6,6,LY2109761,raw,1.88,False,0.7408075457815952,0.22305711795980385,0.8934453693737169,True,24.962359421696974
source_7,20211121_Run6,6,NVS-PAK1-1,raw,1.88,False,0.4448355112223928,0.21194839797036963,0.9183787154384221,True,28.570626190417638
source_7,20211121_Run6,6,quinidine,raw,1.88,False,0.5136341046759866,0.23261525606364142,0.5226931823603911,True,9.430111981749775
source_7,20211121_Run6,6,TC-S-7004,raw,1.88,False,0.3031402871311837,0.23307200696236668,0.967602075105128,True,63.58091096246967
source_7,20211121_Run6,6,aloxistatin,raw,1.88,False,0.5260285739731725,0.2717891447300563,0.6974013226301509,True,10.363634438112227
source_7,20211126_Run7,7,AMG900,raw,2.21,False,0.5570895768907604,0.12304206315759027,0.9626335636444321,True,49.131475006280915
source_7,20211126_Run7,7,dexamethasone,raw,2.21,False,0.6449515007115187,0.18592665566052888,0.7033727110686141,True,7.953284958007617
source_7,20211126_Run7,7,FK-866,raw,2.21,False,0.775650594956095,0.31455163099812256,0.9403382572743917,True,25.699148532626932
source_7,20211126_Run7,7,LY2109761,raw,2.21,False,0.7099963797833089,0.18146472431813793,0.8886641119277543,True,22.98809953257777
source_7,20211126_Run7,7,NVS-PAK1-1,raw,2.21,False,0.5407346896929448,0.17162967743389484,0.8926654322703991,True,25.750416801131614
source_7,20211126_Run7,7,quinidine,raw,2.21,False,0.5609035911901139,0.207524901252702,0.5211791979349645,True,6.376215489079373
source_7,20211126_Run7,7,TC-S-7004,raw,2.21,False,0.3458629733666005,0.22677863184858976,0.9630853215829974,True,60.5038563619323
source_7,20211126_Run7,7,aloxistatin,raw,2.21,False,0.3303315296584812,0.21610512817693436,0.5227090246068994,True,8.487770559771915
source_7,20211211_Run9M,8,AMG900,raw,2.71,False,0.5138295577452555,0.11145005139087716,0.9486478091931168,True,55.51880298388441
source_7,20211211_Run9M,8,dexamethasone,raw,2.71,False,0.7176511053004444,0.1691340838222373,0.7717579792918114,True,8.602056629281162
source_7,20211211_Run9M,8,FK-866,raw,2.71,False,0.6582118808443714,0.29457321776339274,0.8882638214609824,True,37.24040748837203
source_7,20211211_Run9M,8,LY2109761,raw,2.71,False,0.7717239250582149,0.2147086299785668,0.8947797911117477,True,25.3910015242612
source_7,20211211_Run9M,8,NVS-PAK1-1,raw,2.71,False,0.45594390880791186,0.19026630310186995,0.9189954893552864,True,27.991589812802047
source_7,20211211_Run9M,8,quinidine,raw,2.71,False,0.5128021558147335,0.2580436295660314,0.6172503899127664,False,9.64035630589042
source_7,20211211_Run9M,8,TC-S-7004,raw,2.71,False,0.29436776115805185,0.20677986241810836,0.9537246904634111,False,70.43101491188193
source_7,20211211_Run9M,8,aloxistatin,raw,2.71,False,0.40775529214248246,0.1740685729441427,0.5406167419578766,True,7.808639698845801
source_7,20210719_Run1,1,AMG900,own,0.67,False,0.5823230819187883,0.09890173673980936,,True,155.70197769077447
source_7,20210719_Run1,1,dexamethasone,own,0.67,False,0.7345428255138017,0.16566825173297253,,True,30.40790633552513
source_7,20210719_Run1,1,FK-866,own,0.67,False,0.6965685887056932,0.2796508759456368,,True,101.22779730204326
source_7,20210719_Run1,1,LY2109761,own,0.67,False,0.7612637457452919,0.19983875460595607,,True,85.15847311325199
source_7,20210719_Run1,1,NVS-PAK1-1,own,0.67,False,0.4408571194203955,0.1720087433409084,,True,95.56365794158737
source_7,20210719_Run1,1,quinidine,own,0.67,False,0.540166737690972,0.2759166708852016,,False,25.06303719733168
source_7,20210719_Run1,1,TC-S-7004,own,0.67,False,0.27662710448026995,0.234354616924274,,False,225.33526641906792
source_7,20210719_Run1,1,aloxistatin,own,0.67,False,0.5983170117054287,0.15261228591020312,,True,30.29364600156989
source_7,20210723_Run2,2,AMG900,own,1.53,False,0.5621848108086169,0.08104466172673212,0.9538582993903181,True,185.62554010881732
source_7,20210723_Run2,2,dexamethasone,own,1.53,False,0.7444959018827928,0.16933697781157483,0.9626568968982385,True,39.97658639139829
source_7,20210723_Run2,2,FK-866,own,1.53,False,0.7281262486313024,0.2843689461013687,0.9802214346556027,True,103.61439449073298
source_7,20210723_Run2,2,LY2109761,own,1.53,False,0.7646460484811948,0.20968958920960196,0.9772855157871287,True,98.93681353107127
source_7,20210723_Run2,2,NVS-PAK1-1,own,1.53,False,0.4732400423530436,0.21774300102662555,0.9377310963540602,True,90.28550841607327
source_7,20210723_Run2,2,quinidine,own,1.53,False,0.5114884285310555,0.24789815828161496,0.9580352574885783,False,28.62594849670935
source_7,20210723_Run2,2,TC-S-7004,own,1.53,False,0.2830401909427799,0.219945012350759,0.9354707615837609,False,262.527566726154
source_7,20210723_Run2,2,aloxistatin,own,1.53,False,0.6483363828153361,0.16834012096213097,0.9362423938779951,True,35.743861581557894
source_7,20210727_Run3,3,AMG900,own,1.64,False,0.5566484592744418,0.07537848832262177,0.9387733980789923,True,185.86085107600266
source_7,20210727_Run3,3,dexamethasone,own,1.64,False,0.7835996458275895,0.17078922575798774,0.9478318148172755,True,35.43810818285519
source_7,20210727_Run3,3,FK-866,own,1.64,False,0.6956371900377855,0.28357486954980543,0.9661458702912549,True,109.59329355890259
source_7,20210727_Run3,3,LY2109761,own,1.64,False,0.7897139018955963,0.21659163707027454,0.9713155427585268,True,89.4876122867379
source_7,20210727_Run3,3,NVS-PAK1-1,own,1.64,False,0.48872820417511786,0.2293957529673502,0.9035880230807658,True,82.9925629283508
source_7,20210727_Run3,3,quinidine,own,1.64,False,0.612826382834666,0.28779487059447006,0.9395271036287153,False,28.578179830119847
source_7,20210727_Run3,3,TC-S-7004,own,1.64,False,0.2142199478124861,0.20359715497129804,0.9084123812402066,False,254.44538127380454
source_7,20210727_Run3,3,aloxistatin,own,1.64,False,0.6823831869212169,0.1631832530536162,0.9460872177999509,True,37.95464420439114
source_7,20210731_Run4,4,AMG900,own,1.69,False,0.6129796270478339,0.06189855741556687,0.9060984314354805,True,145.95714669417575
source_7,20210731_Run4,4,dexamethasone,own,1.69,False,0.6107305788781912,0.16420459590240094,0.8755083572274721,True,25.74790538553503
source_7,20210731_Run4,4,FK-866,own,1.69,False,0.6366473862945904,0.2723422173769218,0.9277194382444232,True,73.53572652808501
source_7,20210731_Run4,4,LY2109761,own,1.69,False,0.6951569766289243,0.1834927221784244,0.929520920049671,True,63.26091694371445
source_7,20210731_Run4,4,NVS-PAK1-1,own,1.69,False,0.4823783198329679,0.1713506147357933,0.928418669878482,True,67.98710521340817
source_7,20210731_Run4,4,quinidine,own,1.69,False,0.4958411765222428,0.2388528867633776,0.8838760470169843,False,20.67246048498849
source_7,20210731_Run4,4,TC-S-7004,own,1.69,False,0.2865720104604578,0.15770059997580935,0.8897107382099747,True,171.23031411572023
source_7,20210731_Run4,4,aloxistatin,own,1.69,False,0.6154190212628072,0.17184348259320478,0.8799080387681809,True,25.07089156545283
source_7,20210803_Run5,5,AMG900,own,1.53,False,0.5046050671465938,0.10056850537589994,0.9269935199226771,True,145.5438157238678
source_7,20210803_Run5,5,dexamethasone,own,1.53,False,0.6128012033470064,0.1283088604378408,0.9454788857711285,True,30.277646181040346
source_7,20210803_Run5,5,FK-866,own,1.53,False,0.6180990782542697,0.2761678060820543,0.9384929107031068,True,107.4903951876406
source_7,20210803_Run5,5,LY2109761,own,1.53,False,0.7701884075830239,0.22160781816645933,0.97093376274261,True,72.3032406984437
source_7,20210803_Run5,5,NVS-PAK1-1,own,1.53,False,0.4600489193881954,0.2097588642377745,0.9206045766189219,True,67.60135489489795
source_7,20210803_Run5,5,quinidine,own,1.53,False,0.5349122287326616,0.2765450492274719,0.9583793348907657,False,25.804678893416128
source_7,20210803_Run5,5,TC-S-7004,own,1.53,False,0.18650708625443962,0.20475124602800945,0.8867938277126147,False,205.13758964084917
source_7,20210803_Run5,5,aloxistatin,own,1.53,False,0.5696078029661547,0.11089580924930675,0.9624509454085124,True,34.58471927891554
source_7,20211121_Run6,6,AMG900,own,1.88,False,0.5471635217269633,0.09736596315290982,0.9306035852747382,True,232.23589901499057
source_7,20211121_Run6,6,dexamethasone,own,1.88,False,0.8147347789977204,0.1798129742450196,0.7095246268346339,True,40.84112484527011
source_7,20211121_Run6,6,FK-866,own,1.88,False,0.5865249487332909,0.29444222096745304,0.8945354187849219,True,158.61526993632873
source_7,20211121_Run6,6,LY2109761,own,1.88,False,0.8086978133640617,0.2259018153438281,0.9158430407313831,True,127.91153687677796
source_7,20211121_Run6,6,NVS-PAK1-1,own,1.88,False,0.4106666796880976,0.24088750725489036,0.8410159644077131,False,118.1521709886233
source_7,20211121_Run6,6,quinidine,own,1.88,False,0.7405138138194078,0.2645339009509859,0.5344981721374233,True,37.87465391805876
source_7,20211121_Run6,6,TC-S-7004,own,1.88,False,0.23406985650171536,0.22596009131383446,0.9054384400696394,False,314.28144209168516
source_7,20211121_Run6,6,aloxistatin,own,1.88,False,0.6112860399331195,0.2760640285054329,0.659914897005307,True,49.13769481566064
source_7,20211126_Run7,7,AMG900,own,2.21,False,0.6238804662070976,0.088374290671052,0.8998521496533793,True,212.6210721973027
source_7,20211126_Run7,7,dexamethasone,own,2.21,False,0.6784713975459191,0.20718584000053689,0.7668154358432399,True,33.642614464402946
source_7,20211126_Run7,7,FK-866,own,2.21,False,0.7486061016831704,0.28477389674527825,0.9222908349994823,True,114.71487718241221
source_7,20211126_Run7,7,LY2109761,own,2.21,False,0.7765502320307347,0.18927003801765047,0.9008523643319047,True,107.05270820349389
source_7,20211126_Run7,7,NVS-PAK1-1,own,2.21,False,0.5971826230391886,0.18842147106387638,0.8072119529479105,True,98.44341084915331
source_7,20211126_Run7,7,quinidine,own,2.21,False,0.7198208263360966,0.26476008342431034,0.5608382479724825,True,22.9278797589633
source_7,20211126_Run7,7,TC-S-7004,own,2.21,False,0.3443845150815008,0.23333284646681918,0.8682704460260482,False,259.1602072810486
source_7,20211126_Run7,7,aloxistatin,own,2.21,False,0.40271128345175267,0.2119900687810162,0.6692323802174991,False,37.016184745765365
source_7,20211211_Run9M,8,AMG900,own,2.71,False,0.5781995143387184,0.07426321433613502,0.9179938861338688,True,236.49016980045414
source_7,20211211_Run9M,8,dexamethasone,own,2.71,False,0.7898113219907006,0.1491771054739016,0.8324583636349765,True,36.861847492604745
source_7,20211211_Run9M,8,FK-866,own,2.71,False,0.6764731013777241,0.26513926050967346,0.8703581009077852,True,153.7695539985775
source_7,20211211_Run9M,8,LY2109761,own,2.71,False,0.8014388050098553,0.2280917152528698,0.9332205612846769,True,112.95003553439847
source_7,20211211_Run9M,8,NVS-PAK1-1,own,2.71,False,0.41094861964123847,0.20955362975485503,0.8932534253643886,True,109.25350164179655
source_7,20211211_Run9M,8,quinidine,own,2.71,False,0.5813300928461052,0.27918773937099656,0.7024703247923928,False,39.73268292037071
source_7,20211211_Run9M,8,TC-S-7004,own,2.71,False,0.2694330882942453,0.20198734870902355,0.8899787735539499,False,298.01037964115693
source_7,20211211_Run9M,8,aloxistatin,own,2.71,False,0.5353501276856016,0.18748501607102105,0.6984903504364901,True,27.342985103262016
source_7,20210719_Run1,1,AMG900,scaled,0.67,False,0.5066532998594167,0.031882062836817,,True,41.132170852132894
source_7,20210719_Run1,1,dexamethasone,scaled,0.67,False,0.6522951567917903,0.12601574001399876,,True,6.715892403436421
source_7,20210719_Run1,1,FK-866,scaled,0.67,False,0.6737155421867063,0.15207169322129702,,True,25.450306608625134
source_7,20210719_Run1,1,LY2109761,scaled,0.67,False,0.6768155429446732,0.1122709654053843,,True,19.916615859790472
source_7,20210719_Run1,1,NVS-PAK1-1,scaled,0.67,False,0.4427340836726572,0.09292871162530081,,True,21.775321903984526
source_7,20210719_Run1,1,quinidine,scaled,0.67,False,0.4163036174906485,0.2151755709097458,,False,5.449579226098583
source_7,20210719_Run1,1,TC-S-7004,scaled,0.67,False,0.2626679153928184,0.11903859966330978,,True,52.83781674947157
source_7,20210719_Run1,1,aloxistatin,scaled,0.67,False,0.45333084843829075,0.08179468733733355,,True,7.540879665354727
source_7,20210723_Run2,2,AMG900,scaled,1.53,False,0.48652515184544215,0.03046745676798546,0.9592288674967759,True,43.41005187517138
source_7,20210723_Run2,2,dexamethasone,scaled,1.53,False,0.6738806422504358,0.12749974159678465,0.9028036098887958,True,7.53561783571553
source_7,20210723_Run2,2,FK-866,scaled,1.53,False,0.7053713169746483,0.15936339001823446,0.9571985142116289,True,23.963923855260035
source_7,20210723_Run2,2,LY2109761,scaled,1.53,False,0.675438649901405,0.10797713571765764,0.9415072341397634,True,21.056898860558587
source_7,20210723_Run2,2,NVS-PAK1-1,scaled,1.53,False,0.47385314184009447,0.09854295893988389,0.9471807271069104,True,22.80614515479348
source_7,20210723_Run2,2,quinidine,scaled,1.53,False,0.44910814661605697,0.2026734562067761,0.8586655386717609,False,5.271348110501953
source_7,20210723_Run2,2,TC-S-7004,scaled,1.53,False,0.29312414375583096,0.10889789930533857,0.9503294838841796,True,55.764952469959574
source_7,20210723_Run2,2,aloxistatin,scaled,1.53,False,0.5096956030395889,0.13103892300524475,0.8939675081838135,True,6.8178750393788246
source_7,20210727_Run3,3,AMG900,scaled,1.64,False,0.5004410500265477,0.02521604923225801,0.9538275483759406,True,44.0587483690406
source_7,20210727_Run3,3,dexamethasone,scaled,1.64,False,0.681895758250247,0.12081345057480862,0.8802148026664617,True,7.176032161717857
source_7,20210727_Run3,3,FK-866,scaled,1.64,False,0.6415424452970633,0.16067440587138962,0.9499189586674419,True,26.543590116415732
source_7,20210727_Run3,3,LY2109761,scaled,1.64,False,0.7016723322705132,0.12406175832834185,0.9512584951554348,True,19.37126864105789
source_7,20210727_Run3,3,NVS-PAK1-1,scaled,1.64,False,0.46530796445596934,0.10724383404772353,0.9257608651141781,True,22.067666519996163
source_7,20210727_Run3,3,quinidine,scaled,1.64,False,0.4598697189743753,0.23100533714176572,0.8867168392324436,False,5.72887046329089
source_7,20210727_Run3,3,TC-S-7004,scaled,1.64,False,0.27178511272781625,0.1086470411866636,0.9413623990889085,True,54.03872962450174
source_7,20210727_Run3,3,aloxistatin,scaled,1.64,False,0.462494956201673,0.09400772444491243,0.8967207287849355,True,8.322672751853137
source_7,20210731_Run4,4,AMG900,scaled,1.69,False,0.4904900220144718,-0.0014727681407834309,0.9226975776083733,True,35.22289352532705
source_7,20210731_Run4,4,dexamethasone,scaled,1.69,False,0.5597631285059099,0.1068979928745633,0.8512203597082932,True,6.147049414754932
source_7,20210731_Run4,4,FK-866,scaled,1.69,False,0.6203118179387896,0.12071088138194584,0.9247716425236947,True,20.371497584376705
source_7,20210731_Run4,4,LY2109761,scaled,1.69,False,0.6311302212805672,0.07183422018624049,0.9397314083615289,True,16.586654429654207
source_7,20210731_Run4,4,NVS-PAK1-1,scaled,1.69,False,0.4103530360426735,0.07662892409640203,0.9289581185852973,True,18.25576581103056
source_7,20210731_Run4,4,quinidine,scaled,1.69,False,0.3837796116855206,0.15898926350104076,0.7969688400190372,True,4.798628543839865
source_7,20210731_Run4,4,TC-S-7004,scaled,1.69,False,0.25575416328682427,0.06997297691729532,0.9221421291052542,True,41.26728716394437
source_7,20210731_Run4,4,aloxistatin,scaled,1.69,False,0.3504729347932115,0.06906379135890968,0.8635021461589993,True,7.048150138167787
source_7,20210803_Run5,5,AMG900,scaled,1.53,False,0.46915257955459305,0.029238435818074202,0.9538819047847624,True,36.81091395524263
source_7,20210803_Run5,5,dexamethasone,scaled,1.53,False,0.607789832366695,0.11424117934772496,0.8938874616797929,True,6.2737527362387855
source_7,20210803_Run5,5,FK-866,scaled,1.53,False,0.5248742916413425,0.1499002689667043,0.8989882067989715,True,27.044504149572816
source_7,20210803_Run5,5,LY2109761,scaled,1.53,False,0.6989523933105447,0.14687089916091164,0.94540816001046,True,15.95771538434328
source_7,20210803_Run5,5,NVS-PAK1-1,scaled,1.53,False,0.4216625235415151,0.1029629822139408,0.9504583168549283,True,19.192980505392555
source_7,20210803_Run5,5,quinidine,scaled,1.53,False,0.43282597009725876,0.22663299645314314,0.8050383527086775,False,5.387117251281234
source_7,20210803_Run5,5,TC-S-7004,scaled,1.53,False,0.2690633313734867,0.0938653010731506,0.9213322782168628,True,48.31625646523927
source_7,20210803_Run5,5,aloxistatin,scaled,1.53,False,0.3875158657626019,0.06509313610041548,0.8726026727978028,True,8.520944938219198
source_7,20211121_Run6,6,AMG900,scaled,1.88,False,0.4979938028415824,0.03535270264128077,0.9376292158975441,True,52.153405970736685
source_7,20211121_Run6,6,dexamethasone,scaled,1.88,False,0.6062698773367075,0.09211881832333714,0.5826966203554991,True,10.36331274748278
source_7,20211121_Run6,6,FK-866,scaled,1.88,False,0.5247474328311101,0.1462894627098921,0.871867448905183,True,38.05944435254445
source_7,20211121_Run6,6,LY2109761,scaled,1.88,False,0.6936644672325682,0.14042012271324028,0.8707438595612415,True,26.240477175652476
source_7,20211121_Run6,6,NVS-PAK1-1,scaled,1.88,False,0.4351526970566431,0.11054223620286872,0.8961247885544348,True,29.840146807801418
source_7,20211121_Run6,6,quinidine,scaled,1.88,False,0.3524719199550022,0.14932972986407053,0.4621570536087594,True,10.35895165100943
source_7,20211121_Run6,6,TC-S-7004,scaled,1.88,False,0.2801831210978959,0.10465384306276297,0.9335070082514415,True,64.39910038333748
source_7,20211121_Run6,6,aloxistatin,scaled,1.88,False,0.37677700253521273,0.14607344672971273,0.6490790113092879,True,12.109326796127373
source_7,20211126_Run7,7,AMG900,scaled,2.21,False,0.5200847227907558,0.04574187164234338,0.930662588300929,True,49.8952050680359
source_7,20211126_Run7,7,dexamethasone,scaled,2.21,False,0.6371721319517634,0.14390321201715534,0.7088969638876409,True,8.257399990390086
source_7,20211126_Run7,7,FK-866,scaled,2.21,False,0.7213360853225947,0.17432269217296728,0.8886684162357693,True,28.49255338466837
source_7,20211126_Run7,7,LY2109761,scaled,2.21,False,0.7029035409035947,0.12906062997710815,0.8787466412162737,True,24.45052067489157
source_7,20211126_Run7,7,NVS-PAK1-1,scaled,2.21,False,0.4653229343174305,0.12116494023818683,0.8499375701192512,True,25.57616301853122
source_7,20211126_Run7,7,quinidine,scaled,2.21,False,0.5975054906380639,0.18069191982792784,0.5167754080394774,True,6.288326359314636
source_7,20211126_Run7,7,TC-S-7004,scaled,2.21,False,0.3120664815868194,0.12276082051856232,0.9211352466265303,True,59.077795039270576
source_7,20211126_Run7,7,aloxistatin,scaled,2.21,False,0.3711828922885806,0.14052774228222692,0.5923568282126263,True,8.350103890831637
source_7,20211211_Run9M,8,AMG900,scaled,2.71,False,0.4412000336268436,0.013759205352311604,0.8950327808600993,True,52.167743705898985
source_7,20211211_Run9M,8,dexamethasone,scaled,2.71,False,0.6074968326678694,0.11092771138139892,0.6505706024541538,True,8.40610219061167
source_7,20211211_Run9M,8,FK-866,scaled,2.71,False,0.590528095970428,0.15404831005652003,0.8294123911085889,True,34.18137703022558
source_7,20211211_Run9M,8,LY2109761,scaled,2.71,False,0.6405443995800768,0.10650410626668336,0.8634307291144473,True,25.331669570746097
source_7,20211211_Run9M,8,NVS-PAK1-1,scaled,2.71,False,0.4147750807466416,0.09378102114444294,0.8904763743862041,True,26.114152333274497
source_7,20211211_Run9M,8,quinidine,scaled,2.71,False,0.41797863734945234,0.1809121039257932,0.4903879718318601,True,8.747499861208949
source_7,20211211_Run9M,8,TC-S-7004,scaled,2.71,False,0.27941809540192475,0.0830483169392114,0.9062217401364144,True,64.28356670124694
source_7,20211211_Run9M,8,aloxistatin,scaled,2.71,False,0.3340423792597522,0.14992015653099347,0.4042906755476521,True,7.26008027192109
source_7,20210719_Run1,1,AMG900,field,0.67,False,0.6828869406986102,0.10353052738380768,,True,45.343245096125216
source_7,20210719_Run1,1,dexamethasone,field,0.67,False,0.7623404776649494,0.15996943553876825,,True,9.165597873554736
source_7,20210719_Run1,1,FK-866,field,0.67,False,0.8022076071547973,0.31845370787148314,,True,29.169223335336273
source_7,20210719_Run1,1,LY2109761,field,0.67,False,0.8038801394268127,0.20045891823546677,,True,24.195165616777654
source_7,20210719_Run1,1,NVS-PAK1-1,field,0.67,False,0.569495731294878,0.18874650435407206,,True,26.900596327289964
source_7,20210719_Run1,1,quinidine,field,0.67,False,0.617685708864277,0.29575433917749955,,False,7.343664622882473
source_7,20210719_Run1,1,TC-S-7004,field,0.67,False,0.40752188979343407,0.24748945129736372,,True,58.82264646935684
source_7,20210719_Run1,1,aloxistatin,field,0.67,False,0.6309575569197918,0.1490949412321785,,True,9.55936865647905
source_7,20210723_Run2,2,AMG900,field,1.53,False,0.6400774311377639,0.09337486885951896,0.9638985227388063,True,49.77497023353808
source_7,20210723_Run2,2,dexamethasone,field,1.53,False,0.7912756142105561,0.16093227261629936,0.9611360734356205,True,10.25711824535164
source_7,20210723_Run2,2,FK-866,field,1.53,False,0.8176845557705703,0.3014962618456211,0.9756646759281846,True,29.372785510794166
source_7,20210723_Run2,2,LY2109761,field,1.53,False,0.7847132598576736,0.20831946873494608,0.9718138560743871,True,25.385810330334575
source_7,20210723_Run2,2,NVS-PAK1-1,field,1.53,False,0.5736074511655156,0.2045140134673679,0.9687090839001412,True,27.187969629618202
source_7,20210723_Run2,2,quinidine,field,1.53,False,0.5918255098441384,0.27042550880631305,0.9594977480382678,False,7.159202855337124
source_7,20210723_Run2,2,TC-S-7004,field,1.53,False,0.3671926552584238,0.22882919148125527,0.9468876058509091,False,64.48320290434955
source_7,20210723_Run2,2,aloxistatin,field,1.53,False,0.6734172080361349,0.18390180526010222,0.952213872179829,True,9.288093726817959
source_7,20210727_Run3,3,AMG900,field,1.64,False,0.6264269869679824,0.085950614278026,0.9578491945284856,True,51.69816815441426
source_7,20210727_Run3,3,dexamethasone,field,1.64,False,0.8129229231912057,0.14845013552742184,0.9462250917912923,True,9.233465283739752
source_7,20210727_Run3,3,FK-866,field,1.64,False,0.7697404747059217,0.3033295648004068,0.9579161702241872,True,31.269224953654234
source_7,20210727_Run3,3,LY2109761,field,1.64,False,0.8251579811051026,0.22046077962677862,0.9709139992851218,True,22.505750216261063
source_7,20210727_Run3,3,NVS-PAK1-1,field,1.64,False,0.577083735198702,0.21285471894960467,0.9480257010032536,True,25.55432267924774
source_7,20210727_Run3,3,quinidine,field,1.64,False,0.6663068048120375,0.3067303126891618,0.9479353457496738,False,7.295698704349145
source_7,20210727_Run3,3,TC-S-7004,field,1.64,False,0.32539519133590644,0.20469580627926917,0.9288225314029266,False,65.70146801470975
source_7,20210727_Run3,3,aloxistatin,field,1.64,False,0.656425071417117,0.1544354341999885,0.9496018585783543,True,9.827372157935214
source_7,20210731_Run4,4,AMG900,field,1.69,False,0.6480289960139098,0.0701765432333354,0.9499357520060541,True,49.83524737294493
source_7,20210731_Run4,4,dexamethasone,field,1.69,False,0.7218638152431344,0.132894896507481,0.9019730234626683,True,9.43981439674214
source_7,20210731_Run4,4,FK-866,field,1.69,False,0.7553697782576532,0.27843717910868016,0.9314038260390332,True,27.525105249682003
source_7,20210731_Run4,4,LY2109761,field,1.69,False,0.7577632271459314,0.19336641846709138,0.9675844302271046,True,23.755203358648654
source_7,20210731_Run4,4,NVS-PAK1-1,field,1.69,False,0.5535032359975707,0.1726885982575482,0.977019872988311,True,26.350561316320743
source_7,20210731_Run4,4,quinidine,field,1.69,False,0.5664648650874906,0.23026508894858017,0.9086529054905499,False,7.374240637329406
source_7,20210731_Run4,4,TC-S-7004,field,1.69,False,0.35137789591596935,0.18157877488908777,0.9192176648665091,True,57.41385546373191
source_7,20210731_Run4,4,aloxistatin,field,1.69,False,0.5497989090964746,0.12615620468800678,0.8792679440724971,True,9.402133472528627
source_7,20210803_Run5,5,AMG900,field,1.53,False,0.5953682556048787,0.08990441834785742,0.9524068532459844,True,43.39026553248465
source_7,20210803_Run5,5,dexamethasone,field,1.53,False,0.7061753893863625,0.12097725273365134,0.9543709908161576,True,9.370096975244707
source_7,20210803_Run5,5,FK-866,field,1.53,False,0.6885912847911517,0.3113023612936122,0.9316121638637344,True,31.77308383828977
source_7,20210803_Run5,5,LY2109761,field,1.53,False,0.7935497589381114,0.21592000836829747,0.9683057856845387,True,21.818222643197057
source_7,20210803_Run5,5,NVS-PAK1-1,field,1.53,False,0.5287971736445138,0.18143595711918672,0.9646177863426619,True,23.783083553597105
source_7,20210803_Run5,5,quinidine,field,1.53,False,0.6361903329470882,0.3024187150209068,0.9510567486309275,False,7.799107602402066
source_7,20210803_Run5,5,TC-S-7004,field,1.53,False,0.3028645740753035,0.20374393521001632,0.924246787360593,False,54.213531348077495
source_7,20210803_Run5,5,aloxistatin,field,1.53,False,0.5808878889025879,0.12081441143054614,0.9554070361434829,True,10.391659525431676
source_7,20211121_Run6,6,AMG900,field,1.88,False,0.5961808300248083,0.09072088886039949,0.9229386998329135,True,54.42235235052079
source_7,20211121_Run6,6,dexamethasone,field,1.88,False,0.7331896195051197,0.14420233474008723,0.7132843701977554,True,11.018560112786725
source_7,20211121_Run6,6,FK-866,field,1.88,False,0.6153552378297806,0.30721039419941487,0.8420506947171748,True,37.39197400542542
source_7,20211121_Run6,6,LY2109761,field,1.88,False,0.7876488938709378,0.21034098129681597,0.8808088210755917,True,30.711592027927107
source_7,20211121_Run6,6,NVS-PAK1-1,field,1.88,False,0.4574894097005111,0.20894371020709812,0.8909418022566857,True,33.24299325561767
source_7,20211121_Run6,6,quinidine,field,1.88,False,0.5937346508431605,0.2473162454476757,0.5518168092421163,True,9.274728971351918
source_7,20211121_Run6,6,TC-S-7004,field,1.88,False,0.31328387439446775,0.20635441397221596,0.896863540695366,True,67.50421305379348
source_7,20211121_Run6,6,aloxistatin,field,1.88,False,0.5848138819749577,0.2592452389983591,0.7445632720843129,True,12.390778578580425
source_7,20211126_Run7,7,AMG900,field,2.21,False,0.6154327845512916,0.08407517028868418,0.9245836543104518,True,55.47639387309094
source_7,20211126_Run7,7,dexamethasone,field,2.21,False,0.7452050007315235,0.20234441612760948,0.7965557249591384,True,9.134232338478972
source_7,20211126_Run7,7,FK-866,field,2.21,False,0.8004695685350462,0.30977191485199784,0.9374851378271262,True,30.42185582748493
source_7,20211126_Run7,7,LY2109761,field,2.21,False,0.7771684085196049,0.19128138468780667,0.9020817355265849,True,26.62443199281414
source_7,20211126_Run7,7,NVS-PAK1-1,field,2.21,False,0.5983114249432759,0.1835532857612891,0.8903077630977079,True,28.045978082714832
source_7,20211126_Run7,7,quinidine,field,2.21,False,0.7306561257969637,0.26137009021821955,0.5895391492801388,True,6.3442802531026725
source_7,20211126_Run7,7,TC-S-7004,field,2.21,False,0.3841899416778961,0.21843703341291607,0.9252697719358406,True,67.62792973734547
source_7,20211126_Run7,7,aloxistatin,field,2.21,False,0.46115832910989807,0.2379308956538706,0.7320381141976557,True,9.268213015142338
source_7,20211211_Run9M,8,AMG900,field,2.71,False,0.5745687669566095,0.06202741448316938,0.9279770434118186,True,63.703888439329106
source_7,20211211_Run9M,8,dexamethasone,field,2.71,False,0.7941681492095529,0.1758642695574332,0.7954615646467094,True,10.070110683174118
source_7,20211211_Run9M,8,FK-866,field,2.71,False,0.7062259542953299,0.2929499153418787,0.867814180697026,True,42.690240248921135
source_7,20211211_Run9M,8,LY2109761,field,2.71,False,0.8061438882842733,0.2120626023547245,0.9192406555033232,True,30.067325653012325
source_7,20211211_Run9M,8,NVS-PAK1-1,field,2.71,False,0.4856502850729282,0.18707428585122723,0.9100823008364429,True,31.328396945461535
source_7,20211211_Run9M,8,quinidine,field,2.71,False,0.5650173495450842,0.2695938625461964,0.6779132984691394,False,10.758729081443182
source_7,20211211_Run9M,8,TC-S-7004,field,2.71,False,0.33238758694355763,0.19034454094363476,0.9227620715325047,True,79.05484042573123
source_7,20211211_Run9M,8,aloxistatin,field,2.71,False,0.5308873786628351,0.2122603151258284,0.6372222955700069,True,7.5138501864536815
source_8,J1,1,AMG900,raw,0.97,False,0.9326923700995552,0.1998262506314894,,True,54.97491366433247
source_8,J1,1,dexamethasone,raw,0.97,False,0.8107875041261519,0.3761343586716821,,True,10.677327206642378
source_8,J1,1,FK-866,raw,0.97,False,0.8297852067480561,0.41572943489518444,,True,23.197737877095168
source_8,J1,1,LY2109761,raw,0.97,False,0.8545196275120024,0.3761639698549461,,True,41.56648487559085
source_8,J1,1,NVS-PAK1-1,raw,0.97,False,0.8796752430612838,0.2597881373187713,,True,33.675308380846964
source_8,J1,1,quinidine,raw,0.97,False,0.7545352710304123,0.3662083614142347,,True,5.64599609067973
source_8,J1,1,TC-S-7004,raw,0.97,False,0.9022509356448442,0.18604338664488312,,True,77.49697540964908
source_8,J1,1,aloxistatin,raw,0.97,False,0.4003661827048578,0.3704522034236106,,False,7.3161720535275485
source_8,J2,2,AMG900,raw,1.25,False,0.9295456737793646,0.19949500928786726,0.9960456857323692,True,53.27842989355674
source_8,J2,2,dexamethasone,raw,1.25,False,0.8102363206595816,0.3704021182982646,0.9909788691235276,True,10.368563781550714
source_8,J2,2,FK-866,raw,1.25,False,0.8050828461052353,0.4231919603600289,0.9876515106743173,True,24.511573778849957
source_8,J2,2,LY2109761,raw,1.25,False,0.8432489862767232,0.36321004147501784,0.9950845767523053,True,41.64669426420378
source_8,J2,2,NVS-PAK1-1,raw,1.25,False,0.848132144389077,0.24396501665930012,0.9875511289628621,True,33.49347608225761
source_8,J2,2,quinidine,raw,1.25,False,0.7504235195984643,0.36551287075353034,0.9792857796645513,True,5.133296632839344
source_8,J2,2,TC-S-7004,raw,1.25,False,0.8937247206002894,0.16924849525083546,0.9967875224864272,True,73.3968143962798
source_8,J2,2,aloxistatin,raw,1.25,False,0.4240670017774995,0.33807396029125286,0.967885491051082,False,6.887182175204075
source_8,J3,3,AMG900,raw,1.75,False,0.930979051397147,0.17848234905165408,0.9844009542994214,True,50.100736492214
source_8,J3,3,dexamethasone,raw,1.75,False,0.7942348878805924,0.36864205896254926,0.9703956669442482,True,10.220160716908817
source_8,J3,3,FK-866,raw,1.75,False,0.7965966503979928,0.41817063354172035,0.9526423110979376,True,25.54943536081278
source_8,J3,3,LY2109761,raw,1.75,False,0.8385756544503378,0.3653350144103453,0.9844165278646346,True,37.589119980325414
source_8,J3,3,NVS-PAK1-1,raw,1.75,False,0.8220696129549825,0.21217864982246018,0.9443350606819648,True,32.149345338929734
source_8,J3,3,quinidine,raw,1.75,False,0.7438912709596099,0.40867562351906034,0.9383325543795117,True,5.2667933739606765
source_8,J3,3,TC-S-7004,raw,1.75,False,0.874675730282999,0.13685212896017698,0.9807843559663267,True,69.16474917339066
source_8,J3,3,aloxistatin,raw,1.75,False,0.41083120515787586,0.3360362375595152,0.938728207955955,False,7.907549595513549
source_8,J4,4,AMG900,raw,1.43,False,0.9436478559690351,0.17508240404722789,0.9900514649187147,True,51.614145374089546
source_8,J4,4,dexamethasone,raw,1.43,False,0.8271545414347307,0.36631284156424687,0.978404616952997,True,10.159972514962258
source_8,J4,4,FK-866,raw,1.43,False,0.8422756747203258,0.4026235002052445,0.9835817173319529,True,22.854984628334165
source_8,J4,4,LY2109761,raw,1.43,False,0.8439677226059259,0.37377187602723494,0.9915288303771645,True,40.825846742339536
source_8,J4,4,NVS-PAK1-1,raw,1.43,False,0.8620256555801307,0.23841011094708944,0.9798131763966317,True,29.435173870565343
source_8,J4,4,quinidine,raw,1.43,False,0.7887590968792961,0.4105660534308934,0.9582616447290597,True,5.289045663286715
source_8,J4,4,TC-S-7004,raw,1.43,False,0.9006872411912459,0.1640651940188813,0.9913733094913815,True,67.04323625120333
source_8,J4,4,aloxistatin,raw,1.43,False,0.4874260121466328,0.41676295633183746,0.9468191222421971,False,6.5436564840707545
source_8,J1,1,AMG900,own,0.97,False,0.9443364132474834,0.07341421627334298,,True,291.7769991594398
source_8,J1,1,dexamethasone,own,0.97,False,0.834010504418229,0.30591313967907613,,True,39.39730640138094
source_8,J1,1,FK-866,own,0.97,False,0.8355344438213681,0.3612905258674847,,True,89.43469388476657
source_8,J1,1,LY2109761,own,0.97,False,0.8883329777119947,0.27096360360409594,,True,159.84220260201838
source_8,J1,1,NVS-PAK1-1,own,0.97,False,0.8770052078204528,0.18827174855574974,,True,124.35032680953434
source_8,J1,1,quinidine,own,0.97,False,0.7690313185339037,0.3333587576912201,,True,18.790492154974775
source_8,J1,1,TC-S-7004,own,0.97,False,0.8566761772218716,0.14204972150029876,,True,347.9976084647541
source_8,J1,1,aloxistatin,own,0.97,False,0.42677383438139327,0.31348658668742846,,False,24.606926483301592
source_8,J2,2,AMG900,own,1.25,False,0.9370939099568301,0.07638259643678773,0.9973746201892457,True,281.6656582974535
source_8,J2,2,dexamethasone,own,1.25,False,0.8138622555493886,0.29449391416934995,0.9875195712612388,True,37.27470888407516
source_8,J2,2,FK-866,own,1.25,False,0.8130701031057501,0.3688134646493455,0.9870560655219274,True,91.28462582588483
source_8,J2,2,LY2109761,own,1.25,False,0.8679314793418248,0.25106725761987375,0.9946502951095268,True,154.7337988380336
source_8,J2,2,NVS-PAK1-1,own,1.25,False,0.843399142467463,0.17906767608166388,0.9853764546036355,True,118.59435937307295
source_8,J2,2,quinidine,own,1.25,False,0.7633280113865789,0.34119574784944645,0.9759078307909388,True,15.854852772763353
source_8,J2,2,TC-S-7004,own,1.25,False,0.8465770178591826,0.13982686828090515,0.9919407299204165,True,320.4013649875486
source_8,J2,2,aloxistatin,own,1.25,False,0.4393765453747852,0.2795501152471397,0.9612540815370338,False,22.43478686870655
source_8,J3,3,AMG900,own,1.75,False,0.9329208936680837,0.04607647750030577,0.9917132340314369,True,276.0569453427122
source_8,J3,3,dexamethasone,own,1.75,False,0.829622887247608,0.2959109567492523,0.9689550546494765,True,37.23388133527511
source_8,J3,3,FK-866,own,1.75,False,0.8013984302068042,0.3566071288766831,0.9597328950688055,True,94.7513354295043
source_8,J3,3,LY2109761,own,1.75,False,0.864829271694749,0.24121915838431202,0.979582277421476,True,140.2005074313113
source_8,J3,3,NVS-PAK1-1,own,1.75,False,0.8148194364135641,0.1302410870721342,0.938618125945686,True,107.7167304068867
source_8,J3,3,quinidine,own,1.75,False,0.787171899567671,0.36812456294893103,0.9310451491353949,True,16.733292325172023
source_8,J3,3,TC-S-7004,own,1.75,False,0.806477795068524,0.09284331634669374,0.9364267445835851,True,303.3049927704776
source_8,J3,3,aloxistatin,own,1.75,False,0.43251915366013804,0.2674520287056403,0.9176386056958389,False,25.008144150947896
source_8,J4,4,AMG900,own,1.43,False,0.94152862271318,0.04786169266688068,0.9936738511890042,True,272.00953879430864
source_8,J4,4,dexamethasone,own,1.43,False,0.849496818764901,0.3031361001868,0.9793608158040795,True,36.134926242098864
source_8,J4,4,FK-866,own,1.43,False,0.8332623187948567,0.34407091230398795,0.9881129855203673,True,83.7838340092825
source_8,J4,4,LY2109761,own,1.43,False,0.8821748150009975,0.2543893903645524,0.9906809630637717,True,148.29399996325125
source_8,J4,4,NVS-PAK1-1,own,1.43,False,0.8686773197510822,0.15712973868383334,0.9791492013800265,True,97.6323418047886
source_8,J4,4,quinidine,own,1.43,False,0.8149305364646854,0.3594191336698852,0.9526200070136591,True,17.36160304007014
source_8,J4,4,TC-S-7004,own,1.43,False,0.8666826062420466,0.11639544153210488,0.967554292086956,True,257.418675146722
source_8,J4,4,aloxistatin,own,1.43,False,0.5408457717763285,0.34053330885329,0.9502971873950944,False,21.275091993433932
source_8,J1,1,AMG900,scaled,0.97,False,0.8264433454044047,0.03442912119033796,,True,47.893788089709275
source_8,J1,1,dexamethasone,scaled,0.97,False,0.7618542293176248,0.21146019509225958,,True,9.82426497233239
source_8,J1,1,FK-866,scaled,0.97,False,0.7872805796948636,0.1564793754402154,,True,23.0967545088776
source_8,J1,1,LY2109761,scaled,0.97,False,0.7010585916087967,0.20125739620697067,,True,34.988512804988
source_8,J1,1,NVS-PAK1-1,scaled,0.97,False,0.6987248969923823,0.0650163587780764,,True,28.383657745057743
source_8,J1,1,quinidine,scaled,0.97,False,0.5880759999660278,0.20727067814458588,,True,4.658709299556726
source_8,J1,1,TC-S-7004,scaled,0.97,False,0.7344800771834229,0.045208620172128615,,True,62.31779363630173
source_8,J1,1,aloxistatin,scaled,0.97,False,0.28861974359283427,0.13027130301888024,,False,5.784497841520404
source_8,J2,2,AMG900,scaled,1.25,False,0.8149041483603485,0.028000820367261307,0.9911999147609526,True,43.85788244138879
source_8,J2,2,dexamethasone,scaled,1.25,False,0.7574910532424162,0.20693134597827875,0.9765215708940307,True,9.142431558787159
source_8,J2,2,FK-866,scaled,1.25,False,0.7595598637477312,0.1522861959967903,0.9762311140814902,True,22.036427352198196
source_8,J2,2,LY2109761,scaled,1.25,False,0.6772394611507693,0.18567356322728953,0.9858173939597534,True,33.23412946789065
source_8,J2,2,NVS-PAK1-1,scaled,1.25,False,0.6543478118493222,0.05352330754733877,0.9748407331222017,True,26.94041621145412
source_8,J2,2,quinidine,scaled,1.25,False,0.5831341723798023,0.2122456772006244,0.9462666582906607,True,4.036680838797609
source_8,J2,2,TC-S-7004,scaled,1.25,False,0.7253434151319497,0.031179483657190237,0.9923835097363917,True,56.68817039920359
source_8,J2,2,aloxistatin,scaled,1.25,False,0.33644720741267864,0.11752498941819546,0.9372679693635233,True,4.995436140423935
source_8,J3,3,AMG900,scaled,1.75,False,0.817939380506054,0.013084972550967359,0.9630802157696003,True,40.474624796402416
source_8,J3,3,dexamethasone,scaled,1.75,False,0.734415016106532,0.21030443907305912,0.9302703243224368,True,8.46565157909483
source_8,J3,3,FK-866,scaled,1.75,False,0.7473121955485857,0.1472879805460094,0.90447766094047,True,21.71843314352476
source_8,J3,3,LY2109761,scaled,1.75,False,0.6878071745465435,0.1947855257647664,0.9615133515756706,True,29.840123695629536
source_8,J3,3,NVS-PAK1-1,scaled,1.75,False,0.6149797502193944,0.04654636104848692,0.8748445143616397,True,25.132868400200206
source_8,J3,3,quinidine,scaled,1.75,False,0.5471555487334638,0.2263935464948473,0.853132097862459,True,4.0258464837045285
source_8,J3,3,TC-S-7004,scaled,1.75,False,0.7227351931505607,0.010039142280726467,0.9583292635853465,True,54.62275006589216
source_8,J3,3,aloxistatin,scaled,1.75,False,0.3136513076469603,0.10535741413013675,0.8257816878540611,True,5.425288371280871
source_8,J4,4,AMG900,scaled,1.43,False,0.8477773823438135,0.013992549150395241,0.979882264759792,True,43.56291999532019
source_8,J4,4,dexamethasone,scaled,1.43,False,0.7620259416190054,0.20323228917838812,0.9553149009996534,True,9.011239610282422
source_8,J4,4,FK-866,scaled,1.43,False,0.7828463783855353,0.14089605495868088,0.9676818583245883,True,20.980810518263162
source_8,J4,4,LY2109761,scaled,1.43,False,0.703183510546774,0.20502834927343122,0.9756375543895567,True,32.42954528669645
source_8,J4,4,NVS-PAK1-1,scaled,1.43,False,0.6911965663016253,0.047158664490999466,0.9543066398330698,True,23.75347019751895
source_8,J4,4,quinidine,scaled,1.43,False,0.5739026196610036,0.22453132249617966,0.9135898770763466,True,4.35582427484421
source_8,J4,4,TC-S-7004,scaled,1.43,False,0.7493311150644039,0.023097712538101216,0.9683582208728924,True,51.88537009413554
source_8,J4,4,aloxistatin,scaled,1.43,False,0.32346665555191395,0.14192800688119503,0.9127412526881677,True,5.228694361608358
source_8,J1,1,AMG900,field,0.97,False,0.9540056021964439,0.14236052535057375,,True,71.49420665506648
source_8,J1,1,dexamethasone,field,0.97,False,0.8599478721260814,0.33268480031247055,,True,11.591376679072937
source_8,J1,1,FK-866,field,0.97,False,0.8661583650858672,0.3811623459830645,,True,25.48339673139674
source_8,J1,1,LY2109761,field,0.97,False,0.8803684739191034,0.3167858304952037,,True,46.51243673618469
source_8,J1,1,NVS-PAK1-1,field,0.97,False,0.9000786336160083,0.20827588680022457,,True,39.11814779177918
source_8,J1,1,quinidine,field,0.97,False,0.7800672886222305,0.3386899633755717,,True,5.700005435041673
source_8,J1,1,TC-S-7004,field,0.97,False,0.9246165340647494,0.14775919966011078,,True,94.89947300746817
source_8,J1,1,aloxistatin,field,0.97,False,0.3686536821997596,0.34855558701168066,,False,7.244733511949823
source_8,J2,2,AMG900,field,1.25,False,0.9525398028734233,0.1364028983644869,0.9967490335157881,True,68.70069188186993
source_8,J2,2,dexamethasone,field,1.25,False,0.8541403207366064,0.3288747238425529,0.9897755951313177,True,11.28321895426235
source_8,J2,2,FK-866,field,1.25,False,0.8428823374730301,0.3917920119522219,0.9857838140140363,True,26.434934072425847
source_8,J2,2,LY2109761,field,1.25,False,0.8745980859674645,0.2991093676998468,0.9955134175524692,True,45.95481811574915
source_8,J2,2,NVS-PAK1-1,field,1.25,False,0.8700318046111719,0.18733722146277185,0.9893320330504287,True,38.078391496156385
source_8,J2,2,quinidine,field,1.25,False,0.7882503238818125,0.3464190831064134,0.9766415556544767,True,4.955319350310232
source_8,J2,2,TC-S-7004,field,1.25,False,0.9163038587470786,0.1273452340597952,0.9946452149234092,True,87.08107925364187
source_8,J2,2,aloxistatin,field,1.25,False,0.41659370190075173,0.32885865380585116,0.9617615177810883,False,6.594468805016159
source_8,J3,3,AMG900,field,1.75,False,0.9526020163319355,0.11006906715511182,0.9884901234612729,True,64.56650303513156
source_8,J3,3,dexamethasone,field,1.75,False,0.8581453101384731,0.3324990714406523,0.9714706220331478,True,10.967483448510809
source_8,J3,3,FK-866,field,1.75,False,0.8342386851729124,0.3713524081969361,0.9527725165020898,True,26.65813388029267
source_8,J3,3,LY2109761,field,1.75,False,0.8797892321862706,0.2960014651130301,0.9837626806695106,True,39.675465820931194
source_8,J3,3,NVS-PAK1-1,field,1.75,False,0.8403047293172058,0.1378039929454546,0.9516418766831877,True,34.460424451115166
source_8,J3,3,quinidine,field,1.75,False,0.7881403795258748,0.3945681477214852,0.9323944043444953,True,4.9879630150583205
source_8,J3,3,TC-S-7004,field,1.75,False,0.8892423107532559,0.07970296497818122,0.9693662014788071,True,80.89787573168412
source_8,J3,3,aloxistatin,field,1.75,False,0.39680549496869466,0.3161124999727045,0.9405082228387376,False,7.493147499351348
source_8,J4,4,AMG900,field,1.43,False,0.9576212596609672,0.10625116527324636,0.9914392425529249,True,66.90235380403459
source_8,J4,4,dexamethasone,field,1.43,False,0.8758338702925916,0.3202289528553369,0.9804065931161778,True,11.147612484162572
source_8,J4,4,FK-866,field,1.43,False,0.8693488184286048,0.3527001188356326,0.9810724033063651,True,24.049158845669247
source_8,J4,4,LY2109761,field,1.43,False,0.8879484127058963,0.2960706425439676,0.99138620017055,True,43.99839331077132
source_8,J4,4,NVS-PAK1-1,field,1.43,False,0.8786871515664068,0.16630170435149005,0.980188012580264,True,31.993905251938994
source_8,J4,4,quinidine,field,1.43,False,0.8202878677010734,0.3791463313422865,0.9606632720759156,True,5.186760100813572
source_8,J4,4,TC-S-7004,field,1.43,False,0.9169234729824338,0.10484504350840748,0.9843353467439457,True,77.00652199028346
source_8,J4,4,aloxistatin,field,1.43,False,0.4570092687397966,0.3780594175667128,0.9555427238098015,False,6.426272573911324
source_9,20210824-Run5,1,AMG900,raw,0.32,False,0.81771325219999,0.1340399456961746,,True,64.95000844270122
source_9,20210824-Run5,1,dexamethasone,raw,0.32,False,0.7852485609832534,0.28098828556120864,,True,5.7465048530037794
source_9,20210824-Run5,1,FK-866,raw,0.32,False,0.5784742610288514,0.15692239982879713,,True,25.263912500950873
source_9,20210824-Run5,1,NVS-PAK1-1,raw,0.32,False,0.6463925795723677,0.09490353463203546,,True,29.05670990026627
source_9,20210824-Run5,1,quinidine,raw,0.32,False,0.5560254006184602,0.08009974677671076,,True,2.8406967726572576
source_9,20210824-Run5,1,TC-S-7004,raw,0.32,False,0.3310414330126378,0.01392373634842595,,True,11.548025044415827
source_9,20210824-Run5,1,aloxistatin,raw,0.32,False,0.3896577421816386,0.2779343792635385,,False,3.748117371837989
source_9,20210825_Run6,2,AMG900,raw,1.7,False,0.8227286129974247,0.08056144628166895,0.9862309853203511,True,65.77981874297139
source_9,20210825_Run6,2,dexamethasone,raw,1.7,False,0.7730220709973221,0.2546509223220927,0.9380303773223406,True,6.919476211432091
source_9,20210825_Run6,2,FK-866,raw,1.7,False,0.4363178194230887,0.14571936616748202,0.8772026226441159,True,30.078656640978068
source_9,20210825_Run6,2,NVS-PAK1-1,raw,1.7,False,0.5554996901788605,0.07794205266796224,0.9623539987287891,True,32.12374209690411
source_9,20210825_Run6,2,quinidine,raw,1.7,False,0.5104778710788535,0.15878201627135993,0.564969221633816,True,3.4799519598413866
source_9,20210825_Run6,2,TC-S-7004,raw,1.7,False,0.2693845866953333,0.06383911260098626,0.9354641211766643,False,14.441249430667455
source_9,20210825_Run6,2,aloxistatin,raw,1.7,False,0.44635300023758884,0.13714917832690138,0.7125291898680934,True,3.4916453587492318
source_9,20210831-Run7,3,AMG900,raw,1.26,False,0.8335843670186739,0.11121391998572358,0.9917066495487985,True,59.742558493276576
source_9,20210831-Run7,3,dexamethasone,raw,1.26,False,0.8151435788867741,0.22172285685859022,0.9114269911359351,True,6.8480335667383
source_9,20210831-Run7,3,FK-866,raw,1.26,False,0.44241207943251537,0.11759383976830347,0.9393845374586124,True,25.6763331254725
source_9,20210831-Run7,3,NVS-PAK1-1,raw,1.26,False,0.6463768456485963,0.08991055739498932,0.9769268073189318,True,25.54115443577092
source_9,20210831-Run7,3,quinidine,raw,1.26,False,0.6846902486440322,0.16470201938064144,0.8008262117486336,False,3.4200328831633584
source_9,20210831-Run7,3,TC-S-7004,raw,1.26,False,0.6752903338720249,0.16933201622711236,0.7527279041993208,True,59.57174101237813
source_9,20210831-Run7,3,aloxistatin,raw,1.26,False,0.5144945892633508,0.2024734509421762,0.8174816257948099,True,4.093964172001319
source_9,20210901_Run8,4,AMG900,raw,2.42,False,0.7970435962729377,0.029301003817321147,0.9549698569621249,True,65.81557015419347
source_9,20210901_Run8,4,dexamethasone,raw,2.42,False,0.686221744148519,0.1747912070072902,0.8942672582202676,True,5.782746263063067
source_9,20210901_Run8,4,FK-866,raw,2.42,False,0.407051614674516,0.015643405942482872,0.8943954867355042,True,25.954074329870323
source_9,20210901_Run8,4,NVS-PAK1-1,raw,2.42,False,0.39820042706893943,-0.03817491394553128,0.8746705747726352,True,30.859791034416
source_9,20210901_Run8,4,quinidine,raw,2.42,False,0.5443908264429463,0.094199379904601,0.7485859318813959,True,2.377721890760831
source_9,20210901_Run8,4,TC-S-7004,raw,2.42,False,0.6230956530592286,0.09931510393600003,0.7730106507953437,True,89.16320026943512
source_9,20210901_Run8,4,aloxistatin,raw,2.42,False,0.3083021857284098,0.13117925105080708,0.8079886566950067,True,3.7779999471881895
source_9,20210914-Run9,5,AMG900,raw,1.93,False,0.8203139758498025,0.062060190040259325,0.9700810806884392,True,60.40802479254998
source_9,20210914-Run9,5,dexamethasone,raw,1.93,False,0.7711340725823954,0.2674491704574789,0.8212724554774743,True,6.052193703374912
source_9,20210914-Run9,5,FK-866,raw,1.93,False,0.4133558660851461,0.08469755359196521,0.8884484701322115,True,21.444796928196155
source_9,20210914-Run9,5,NVS-PAK1-1,raw,1.93,False,0.6280367330803316,0.06719475553343321,0.8675165252552861,True,73.55881069988106
source_9,20210914-Run9,5,quinidine,raw,1.93,False,0.40420366233187455,0.06200763304972623,0.46638317803529195,True,2.853849248582137
source_9,20210914-Run9,5,TC-S-7004,raw,1.93,False,0.5728667836779341,0.1428890192670555,0.7787574869462507,False,51.21055994759708
source_9,20210914-Run9,5,aloxistatin,raw,1.93,False,0.4413907215168558,0.1448652383299667,0.5135645416745807,True,3.2443817758248295
source_9,20210915-Run10,6,AMG900,raw,1.64,False,0.8300121685766588,0.06622777096328182,0.9765883810160768,True,57.6319122653809
source_9,20210915-Run10,6,dexamethasone,raw,1.64,False,0.8320897880537574,0.2263584038389623,0.8854970906453197,True,6.4812428142831155
source_9,20210915-Run10,6,FK-866,raw,1.64,False,0.428399756247267,0.0712308615076124,0.9295061009162077,True,21.706827311064284
source_9,20210915-Run10,6,NVS-PAK1-1,raw,1.64,False,0.6111576446730439,0.06896928341981454,0.9650708479074859,True,28.42940811653912
source_9,20210915-Run10,6,quinidine,raw,1.64,False,0.49117451964074815,0.12150063371774175,0.4972904292002257,True,4.1595353149908
source_9,20210915-Run10,6,TC-S-7004,raw,1.64,False,0.3498148838577654,0.09555312359957034,0.896906114773637,False,21.968608703825467
source_9,20210915-Run10,6,aloxistatin,raw,1.64,False,0.5735589000146148,0.15691660324024978,0.42136630305830236,True,2.929591709994617
source_9,20210918-Run11,7,AMG900,raw,1.55,False,0.826511367187285,0.11056721717619464,0.9887169005937969,True,57.35195375942217
source_9,20210918-Run11,7,dexamethasone,raw,1.55,False,0.8232517873450458,0.23127561802404947,0.9118135445957922,True,6.69371887961165
source_9,20210918-Run11,7,FK-866,raw,1.55,False,0.4804381249399052,0.04325508104459603,0.9381933019924151,True,19.506905003517577
source_9,20210918-Run11,7,NVS-PAK1-1,raw,1.55,False,0.6767308865581511,0.14304374116270457,0.9731057860969005,True,32.4628618364135
source_9,20210918-Run11,7,quinidine,raw,1.55,False,0.5757944441897074,0.19972728098319803,0.5452310562403974,True,5.423588290722862
source_9,20210918-Run11,7,TC-S-7004,raw,1.55,False,0.691685428027456,0.18290236907948104,0.7132442237164519,True,57.80286816000249
source_9,20210918-Run11,7,aloxistatin,raw,1.55,False,0.40519929896034435,0.26501876035317723,0.8261879075526447,True,5.341128459120828
source_9,20210918-Run12,8,AMG900,raw,1.63,False,0.8555757851463212,0.08253315475523855,0.9722332745609268,True,56.17147477498864
source_9,20210918-Run12,8,dexamethasone,raw,1.63,False,0.7849196525055484,0.20650160889337105,0.7728729634749707,True,5.715245456550895
source_9,20210918-Run12,8,FK-866,raw,1.63,False,0.44585395252740867,0.08724779648112524,0.896027053637103,True,16.59597800425902
source_9,20210918-Run12,8,NVS-PAK1-1,raw,1.63,False,0.683867564615242,0.09118062494907854,0.9163676903406812,True,55.17589363637321
source_9,20210918-Run12,8,quinidine,raw,1.63,False,0.40611352975249215,0.1631633066325354,0.25584398702076105,True,5.797093384009952
source_9,20210918-Run12,8,TC-S-7004,raw,1.63,False,0.6291301009708281,0.15017907338901076,0.7381716955038974,False,56.38465582425635
source_9,20210918-Run12,8,aloxistatin,raw,1.63,False,0.45753420311658977,0.2381073606988158,0.6079512375637454,True,4.307261713157034
source_9,20211013-Run14,9,AMG900,raw,1.69,False,0.8080407945489814,0.08376781360481807,0.9816243579271172,True,60.354906198516126
source_9,20211013-Run14,9,dexamethasone,raw,1.69,False,0.8502999609730112,0.22868211142555964,0.9228088302856063,True,6.577899269554754
source_9,20211013-Run14,9,FK-866,raw,1.69,False,0.48092191882878677,0.012828258091200417,0.8785842478085731,True,17.775611950320897
source_9,20211013-Run14,9,NVS-PAK1-1,raw,1.69,False,0.5526159150921164,0.05019006609027686,0.9555164948684494,True,28.55446134100104
source_9,20211013-Run14,9,quinidine,raw,1.69,False,0.6717387699707682,0.2719306165644339,0.5429090916373336,False,5.219816933137018
source_9,20211013-Run14,9,TC-S-7004,raw,1.69,False,0.5678786343834221,0.1208957461091036,0.7901057426384512,True,34.63645341047344
source_9,20211013-Run14,9,aloxistatin,raw,1.69,False,0.33724201483527927,0.09473652916497285,0.5977268010802222,True,2.644708620215711
source_9,20211102-Run15,10,AMG900,raw,2.37,False,0.8684409687623722,0.0859952517676873,0.9686997177613534,True,56.48598838591443
source_9,20211102-Run15,10,dexamethasone,raw,2.37,False,0.8166004299242471,0.2790267506956096,0.8754271963864118,True,5.360989313178357
source_9,20211102-Run15,10,FK-866,raw,2.37,False,0.4664674994831343,0.11003639645040215,0.9009262059529688,True,21.468655399374427
source_9,20211102-Run15,10,NVS-PAK1-1,raw,2.37,False,0.7403035226117236,0.120358466785468,0.9325717737814196,True,26.310115417993597
source_9,20211102-Run15,10,quinidine,raw,2.37,False,0.7479145380383543,0.22316317142092182,0.7346252853439215,True,6.765356483617049
source_9,20211102-Run15,10,TC-S-7004,raw,2.37,False,0.7829765798853348,0.176546767133877,0.5681752318293232,True,87.2098763630046
source_9,20211102-Run15,10,aloxistatin,raw,2.37,False,0.6063580942805141,0.2075452141970034,0.5675980130522309,True,4.147044090745458
source_9,20211103-Run16,11,AMG900,raw,1.77,False,0.8559586282945004,0.10797958594343991,0.9857007116800343,True,57.7927886240589
source_9,20211103-Run16,11,dexamethasone,raw,1.77,False,0.7845628520238672,0.14746038456624763,0.7893715665846345,True,6.080897694890771
source_9,20211103-Run16,11,FK-866,raw,1.77,False,0.6105557232697115,0.1506128884479578,0.9620443013173604,True,18.843233600497125
source_9,20211103-Run16,11,NVS-PAK1-1,raw,1.77,False,0.7176013603854909,0.1408254644636323,0.9296258095466199,True,38.00366619868663
source_9,20211103-Run16,11,quinidine,raw,1.77,False,0.6255985890581152,0.16743679322075725,0.7074432528504744,True,4.354303815386371
source_9,20211103-Run16,11,TC-S-7004,raw,1.77,False,0.7301989717624444,0.20058806425656397,0.6222447820392556,True,74.69701687922998
source_9,20211103-Run16,11,aloxistatin,raw,1.77,False,0.38828791957401765,0.24514596534968333,0.6815128334817201,False,5.616532641730476
source_9,20210824-Run5,1,AMG900,own,0.32,False,0.7448417965934345,0.09020152023482249,,True,300.24823710994417
source_9,20210824-Run5,1,dexamethasone,own,0.32,False,0.7478685899874365,0.2039355560729897,,True,22.981052731688504
source_9,20210824-Run5,1,FK-866,own,0.32,False,0.6011103953006768,0.10836951182717165,,True,96.31652943758395
source_9,20210824-Run5,1,NVS-PAK1-1,own,0.32,False,0.7263103307283538,0.07194489750495822,,True,141.83634883450102
source_9,20210824-Run5,1,quinidine,own,0.32,False,0.5665113929975019,0.087495119742917,,True,12.174453224503074
source_9,20210824-Run5,1,TC-S-7004,own,0.32,False,0.366998972985477,-0.005529291596707148,,True,42.67523990517136
source_9,20210824-Run5,1,aloxistatin,own,0.32,False,0.485769649903791,0.26275073761730366,,True,14.268150974100662
source_9,20210825_Run6,2,AMG900,own,1.7,False,0.7741090636648055,0.0289327289657059,0.9714398030477025,True,278.80126416790097
source_9,20210825_Run6,2,dexamethasone,own,1.7,False,0.8263430477374467,0.2229079521995026,0.9065331064938037,True,23.096244733898885
source_9,20210825_Run6,2,FK-866,own,1.7,False,0.502158758117573,0.1600222268238199,0.7978394607125177,True,106.04853095600909
source_9,20210825_Run6,2,NVS-PAK1-1,own,1.7,False,0.619660435907426,0.03480664891960356,0.9342445075405192,True,135.74419990561327
source_9,20210825_Run6,2,quinidine,own,1.7,False,0.5883151481040547,0.16279749738399044,0.6675832489656901,True,11.462980071587836
source_9,20210825_Run6,2,TC-S-7004,own,1.7,False,0.2778230892549226,0.024815146154115873,0.885392866205426,False,46.89657419411187
source_9,20210825_Run6,2,aloxistatin,own,1.7,False,0.5854691409838694,0.13914761930915615,0.6706589916951156,True,11.789969655528534
source_9,20210831-Run7,3,AMG900,own,1.26,False,0.7205717081892073,0.09933230654958244,0.9887544086956939,True,282.9766807221124
source_9,20210831-Run7,3,dexamethasone,own,1.26,False,0.8010152621462652,0.18787017551115653,0.9241097134497,True,24.70374915418375
source_9,20210831-Run7,3,FK-866,own,1.26,False,0.5179009667472032,0.1196294223167534,0.9256735330750475,True,94.52676595763835
source_9,20210831-Run7,3,NVS-PAK1-1,own,1.26,False,0.7331100659290624,0.09521273757497666,0.9818336354098084,True,123.25481268410263
source_9,20210831-Run7,3,quinidine,own,1.26,False,0.6669710178496877,0.1607233953148816,0.8279941223619995,True,12.921187234417344
source_9,20210831-Run7,3,TC-S-7004,own,1.26,False,0.7318895850510503,0.17882629052062898,0.6890903164885849,True,334.7568367870515
source_9,20210831-Run7,3,aloxistatin,own,1.26,False,0.6339721913557456,0.2032959793820679,0.8317431071425834,True,17.618678718692344
source_9,20210901_Run8,4,AMG900,own,2.42,False,0.6922691308423987,0.03737382462775752,0.9626901871703554,True,291.821428914913
source_9,20210901_Run8,4,dexamethasone,own,2.42,False,0.6854307563209638,0.11760503927319739,0.8996191810865916,True,19.117680462372295
source_9,20210901_Run8,4,FK-866,own,2.42,False,0.4835963675178926,-0.005793798812856794,0.8550334154808368,True,83.39010268328886
source_9,20210901_Run8,4,NVS-PAK1-1,own,2.42,False,0.4802389740738645,-0.021676082631250062,0.8954069274789143,True,134.5674952476332
source_9,20210901_Run8,4,quinidine,own,2.42,False,0.5008777289029971,0.07682853631781639,0.7090229846927576,True,8.465519805349016
source_9,20210901_Run8,4,TC-S-7004,own,2.42,False,0.680057146327581,0.1366485272639181,0.669795839495679,True,544.8929937934628
source_9,20210901_Run8,4,aloxistatin,own,2.42,False,0.42961414524311214,0.11611946673534544,0.740965387508434,True,14.237487753662576
source_9,20210914-Run9,5,AMG900,own,1.93,False,0.7442905474549026,0.02547770816236613,0.9674395444136371,True,253.4301356026014
source_9,20210914-Run9,5,dexamethasone,own,1.93,False,0.7844573421004782,0.28660078462758587,0.7993591838177045,True,21.95984358088773
source_9,20210914-Run9,5,FK-866,own,1.93,False,0.49397936860198316,0.056282668827503025,0.8492476728669063,True,73.74905721638603
source_9,20210914-Run9,5,NVS-PAK1-1,own,1.93,False,0.6171631126172132,0.05111504796887146,0.8949525008925958,True,444.6682200693517
source_9,20210914-Run9,5,quinidine,own,1.93,False,0.42226609890012,0.10209132050280892,0.48308102507748674,True,10.540834351495004
source_9,20210914-Run9,5,TC-S-7004,own,1.93,False,0.6870619665802864,0.1207160771551471,0.7709760243700144,True,216.36651909287266
source_9,20210914-Run9,5,aloxistatin,own,1.93,False,0.47308841154260417,0.16715504067938333,0.47647552437623997,True,15.57880088405308
source_9,20210915-Run10,6,AMG900,own,1.64,False,0.743668896657162,0.08868694158779464,0.9588789756389282,True,267.82529462756474
source_9,20210915-Run10,6,dexamethasone,own,1.64,False,0.792363244319886,0.19648243583238617,0.8734157225473429,True,24.83056857706556
source_9,20210915-Run10,6,FK-866,own,1.64,False,0.5146145298210228,0.0877887751832608,0.9073942132907267,True,79.45484858659393
source_9,20210915-Run10,6,NVS-PAK1-1,own,1.64,False,0.7195972092781353,0.10830077647557369,0.9374721300958402,True,128.84287822701606
source_9,20210915-Run10,6,quinidine,own,1.64,False,0.48418739064833854,0.14595117313988723,0.5556529616045945,True,14.195576213155524
source_9,20210915-Run10,6,TC-S-7004,own,1.64,False,0.4046950538132405,0.14468562894153106,0.8179695376086595,False,92.77046094641952
source_9,20210915-Run10,6,aloxistatin,own,1.64,False,0.6463887315269017,0.18307143265148287,0.5386934103839414,True,13.148262143443644
source_9,20210918-Run11,7,AMG900,own,1.55,False,0.7595181273252336,0.03524173611406569,0.9749466791185776,True,207.93048734882794
source_9,20210918-Run11,7,dexamethasone,own,1.55,False,0.8255988378340826,0.1767255501570407,0.9194733921931942,True,21.512073031203556
source_9,20210918-Run11,7,FK-866,own,1.55,False,0.5317521898494046,0.009855351524732646,0.9417638879995843,True,61.8830907200867
source_9,20210918-Run11,7,NVS-PAK1-1,own,1.55,False,0.7437625581797511,0.07302014370541955,0.9750362922258949,True,119.13537396175956
source_9,20210918-Run11,7,quinidine,own,1.55,False,0.5871440859809458,0.19785145882077687,0.6267784191873085,True,16.746022253710024
source_9,20210918-Run11,7,TC-S-7004,own,1.55,False,0.7208760627722038,0.12123742723681578,0.7433532160008831,True,220.42344862423096
source_9,20210918-Run11,7,aloxistatin,own,1.55,False,0.45493333754903514,0.23545831426258765,0.8199361726070932,True,17.8108688585672
source_9,20210918-Run12,8,AMG900,own,1.63,False,0.7925259013814034,-0.010522519701634814,0.9171429697754316,True,173.29690379543533
source_9,20210918-Run12,8,dexamethasone,own,1.63,False,0.7771161052096438,0.1649258473363517,0.7958027891622013,True,17.472707039162803
source_9,20210918-Run12,8,FK-866,own,1.63,False,0.504084998158369,0.0536801834222117,0.8273249530191232,True,49.455243818133674
source_9,20210918-Run12,8,NVS-PAK1-1,own,1.63,False,0.6390863667315196,0.021948056801435,0.8836824409759936,True,212.97054827775648
source_9,20210918-Run12,8,quinidine,own,1.63,False,0.45531255152961886,0.14380479266297547,0.3717622464776935,True,12.376001932662266
source_9,20210918-Run12,8,TC-S-7004,own,1.63,False,0.6324140845964064,0.06827985845891231,0.7728744145258485,True,169.02715919585063
source_9,20210918-Run12,8,aloxistatin,own,1.63,False,0.5216317371388249,0.24711984174586707,0.6022117423128963,True,10.96542680092421
source_9,20211013-Run14,9,AMG900,own,1.69,False,0.7867763133718652,0.05662548192943068,0.9635673647447984,True,210.94037529635352
source_9,20211013-Run14,9,dexamethasone,own,1.69,False,0.8544002521257716,0.1983468340007945,0.8904105325956176,True,18.968739472933617
source_9,20211013-Run14,9,FK-866,own,1.69,False,0.5253066182722474,-0.005311143728991469,0.8331963003029876,True,51.65136753998199
source_9,20211013-Run14,9,NVS-PAK1-1,own,1.69,False,0.6527198996826598,0.04540267740983036,0.963953204858848,True,101.80959065936706
source_9,20211013-Run14,9,quinidine,own,1.69,False,0.6999488688927877,0.28348820865560237,0.5504407432000322,False,15.563580370250452
source_9,20211013-Run14,9,TC-S-7004,own,1.69,False,0.6712829347430641,0.1687296659008441,0.773153265080742,True,132.03464224824089
source_9,20211013-Run14,9,aloxistatin,own,1.69,False,0.462465749175085,0.11838198322974447,0.5532507043768943,True,8.353651385123294
source_9,20211102-Run15,10,AMG900,own,2.37,False,0.8106645219164347,0.04013680688981843,0.9662645242002201,True,242.51061384963523
source_9,20211102-Run15,10,dexamethasone,own,2.37,False,0.7892824603616259,0.23220768527171373,0.8742366804123438,True,20.693269120421803
source_9,20211102-Run15,10,FK-866,own,2.37,False,0.5387720260588869,0.09830167012726186,0.8731478710203597,True,71.6832004265487
source_9,20211102-Run15,10,NVS-PAK1-1,own,2.37,False,0.8115058405250657,0.10775589714723599,0.9476025211132697,True,113.13704738294916
source_9,20211102-Run15,10,quinidine,own,2.37,False,0.6904942650593531,0.21080126876832309,0.7571730081146341,False,25.251858614068762
source_9,20211102-Run15,10,TC-S-7004,own,2.37,False,0.7836134093966545,0.14537872900264742,0.5243775441113039,True,505.71130710380913
source_9,20211102-Run15,10,aloxistatin,own,2.37,False,0.6456540560641706,0.1882779660238402,0.5980496574477355,True,19.150840337827365
source_9,20211103-Run16,11,AMG900,own,1.77,False,0.8396494613176948,0.09839861004456678,0.9425943120386691,True,128.24820755189083
source_9,20211103-Run16,11,dexamethasone,own,1.77,False,0.7020437971149787,0.1100574273470745,0.6823443607735952,True,11.068373981205761
source_9,20211103-Run16,11,FK-866,own,1.77,False,0.6294675294821674,0.1117000649447469,0.9233266117666217,True,43.53177563164616
source_9,20211103-Run16,11,NVS-PAK1-1,own,1.77,False,0.8025311962042057,0.15233017408559046,0.9138460589494956,True,89.43750736972468
source_9,20211103-Run16,11,quinidine,own,1.77,False,0.6244828813122005,0.1537783215509553,0.7013098062237176,True,9.040796332174532
source_9,20211103-Run16,11,TC-S-7004,own,1.77,False,0.8171733799850296,0.2285226860295921,0.604952361770646,True,180.13580311080108
source_9,20211103-Run16,11,aloxistatin,own,1.77,False,0.49241842319410833,0.2400159421938525,0.6649278342364283,True,12.642222270708556
source_9,20210824-Run5,1,AMG900,scaled,0.32,False,0.5698020137500741,0.020634326765405855,,True,53.83262064224414
source_9,20210824-Run5,1,dexamethasone,scaled,0.32,False,0.7158835638136711,0.1609623930289405,,True,5.508493155830095
source_9,20210824-Run5,1,FK-866,scaled,0.32,False,0.5518498048206767,0.09435594979036274,,True,27.281143874960943
source_9,20210824-Run5,1,NVS-PAK1-1,scaled,0.32,False,0.4916163669131174,0.0403338707605375,,True,22.444785557128856
source_9,20210824-Run5,1,quinidine,scaled,0.32,False,0.3851802918003794,0.09996077694294887,,True,2.741914037624413
source_9,20210824-Run5,1,TC-S-7004,scaled,0.32,False,0.09031162642625215,0.03731836972769583,,False,9.316392416073768
source_9,20210824-Run5,1,aloxistatin,scaled,0.32,False,0.3230561766123714,0.10758734624906026,,True,3.186842302838204
source_9,20210825_Run6,2,AMG900,scaled,1.7,False,0.5536219247780672,-0.026432843009977457,0.957164624499691,True,51.64479701629548
source_9,20210825_Run6,2,dexamethasone,scaled,1.7,False,0.7298008005928548,0.15705135785892158,0.8919689920569039,True,6.436417842808711
source_9,20210825_Run6,2,FK-866,scaled,1.7,False,0.4062805514091826,0.07394482577058085,0.8649915918705989,True,29.550251896044404
source_9,20210825_Run6,2,NVS-PAK1-1,scaled,1.7,False,0.3528828531788478,0.027721726745793207,0.8895334980048766,True,23.8497883470789
source_9,20210825_Run6,2,quinidine,scaled,1.7,False,0.4307094196851189,0.09813317661917188,0.6285120417700691,True,3.0645811947616117
source_9,20210825_Run6,2,TC-S-7004,scaled,1.7,False,0.061260866579051186,0.02546239290456643,0.8637275143435291,False,10.143346192888556
source_9,20210825_Run6,2,aloxistatin,scaled,1.7,False,0.428462251797975,0.030333009456101883,0.66381820027658,True,3.0234048717054267
source_9,20210831-Run7,3,AMG900,scaled,1.26,False,0.5994083310995744,0.018308013204142454,0.9712993602093851,True,51.09431799864108
source_9,20210831-Run7,3,dexamethasone,scaled,1.26,False,0.738474275221868,0.13748771191127782,0.8732826177604651,True,7.0391248739015175
source_9,20210831-Run7,3,FK-866,scaled,1.26,False,0.4617156194924375,0.0899681759884401,0.9217475202931833,True,28.22530974621474
source_9,20210831-Run7,3,NVS-PAK1-1,scaled,1.26,False,0.4986294725285333,0.047173426600917924,0.9405487698775744,True,22.022903276054663
source_9,20210831-Run7,3,quinidine,scaled,1.26,False,0.4901855198476606,0.126119982401789,0.6976291374263497,False,3.4419859152989365
source_9,20210831-Run7,3,TC-S-7004,scaled,1.26,False,0.40340124438811276,0.08770852264605658,0.539939286162386,True,47.605576219632084
source_9,20210831-Run7,3,aloxistatin,scaled,1.26,False,0.41341498227374374,0.0867827448769776,0.7458908797308483,True,4.146631711336091
source_9,20210901_Run8,4,AMG900,scaled,2.42,False,0.5650436760569735,-0.027725461427187483,0.9150177965994605,True,53.46662604347296
source_9,20210901_Run8,4,dexamethasone,scaled,2.42,False,0.637686913269468,0.11202828902413424,0.8285689811874974,True,5.679550212122401
source_9,20210901_Run8,4,FK-866,scaled,2.42,False,0.3795945211216539,0.04188473850647361,0.860757843794526,True,26.68013355878788
source_9,20210901_Run8,4,NVS-PAK1-1,scaled,2.42,False,0.26745162016645874,0.00011272604061251681,0.7737222313960552,True,23.922007389789815
source_9,20210901_Run8,4,quinidine,scaled,2.42,False,0.45143225405872156,0.09446565530213633,0.617029533789917,True,2.409832399751594
source_9,20210901_Run8,4,TC-S-7004,scaled,2.42,False,0.38264718316049084,0.06447114179569123,0.5261470726219671,True,71.34152484856658
source_9,20210901_Run8,4,aloxistatin,scaled,2.42,False,0.38938133025277755,0.04489948082148395,0.6851446298677607,True,4.019861044924663
source_9,20210914-Run9,5,AMG900,scaled,1.93,False,0.5692458991762329,-0.04977687473677099,0.9231382389578033,True,49.699652980183956
source_9,20210914-Run9,5,dexamethasone,scaled,1.93,False,0.6588378532844781,0.11845132250557021,0.7107306553848376,True,6.127633727685202
source_9,20210914-Run9,5,FK-866,scaled,1.93,False,0.35183576670687455,0.057431249871970666,0.810615484783812,True,22.201938174982708
source_9,20210914-Run9,5,NVS-PAK1-1,scaled,1.93,False,0.3652591146139158,0.008836509313148808,0.7026224845473779,True,52.19823018028315
source_9,20210914-Run9,5,quinidine,scaled,1.93,False,0.3172611318018127,0.04409486174796006,0.4383190440419597,False,2.850888513583131
source_9,20210914-Run9,5,TC-S-7004,scaled,1.93,False,0.2900273692677769,0.04315848368245284,0.5044608655369083,False,37.09565406238685
source_9,20210914-Run9,5,aloxistatin,scaled,1.93,False,0.4113009692238534,0.040864478655040844,0.5876144678925181,True,3.306946211530397
source_9,20210915-Run10,6,AMG900,scaled,1.64,False,0.6233061165935184,-0.007917370332222944,0.9401075181911163,True,50.331167530032914
source_9,20210915-Run10,6,dexamethasone,scaled,1.64,False,0.7375326032082667,0.151702436117009,0.8490731126645649,True,6.399190540789399
source_9,20210915-Run10,6,FK-866,scaled,1.64,False,0.39455506734235163,0.06684431984106856,0.9044397372975653,True,23.938013306654696
source_9,20210915-Run10,6,NVS-PAK1-1,scaled,1.64,False,0.47587425702219044,0.05270283903043634,0.8944547278639987,True,24.907821556636573
source_9,20210915-Run10,6,quinidine,scaled,1.64,False,0.4373584969960375,0.06977728436505114,0.5682518276063919,True,4.284800201409723
source_9,20210915-Run10,6,TC-S-7004,scaled,1.64,False,0.0948860812395383,0.06222145159742653,0.7470335961199132,False,18.795294177935656
source_9,20210915-Run10,6,aloxistatin,scaled,1.64,False,0.4715065102348941,0.05432334089479992,0.4260272895382372,True,3.316002837919708
source_9,20210918-Run11,7,AMG900,scaled,1.55,False,0.5632270710717224,-0.009471478776000986,0.9443872088085911,True,41.533921452468775
source_9,20210918-Run11,7,dexamethasone,scaled,1.55,False,0.7565009716080084,0.16558851641238032,0.8784769173095969,True,5.48127036274379
source_9,20210918-Run11,7,FK-866,scaled,1.55,False,0.45691740822784677,0.05002339075773269,0.9274495912204331,True,18.21098144886455
source_9,20210918-Run11,7,NVS-PAK1-1,scaled,1.55,False,0.443215788768539,0.01627364967001933,0.9070814522269146,True,22.037311269084263
source_9,20210918-Run11,7,quinidine,scaled,1.55,False,0.45277721266167065,0.08707417105517215,0.5752265129870686,True,4.38734968299904
source_9,20210918-Run11,7,TC-S-7004,scaled,1.55,False,0.39034657528576017,0.052676095513418175,0.43028420502454595,True,39.86844670470129
source_9,20210918-Run11,7,aloxistatin,scaled,1.55,False,0.3555065334951553,0.05908998048097976,0.6799236950239378,True,4.233779102630494
source_9,20210918-Run12,8,AMG900,scaled,1.63,False,0.604223781708148,-0.0397333709185005,0.9006870765271437,True,32.64458260717007
source_9,20210918-Run12,8,dexamethasone,scaled,1.63,False,0.5592318302287593,0.08685424928854611,0.5455868587521341,True,4.154145324962321
source_9,20210918-Run12,8,FK-866,scaled,1.63,False,0.3300615788251081,0.06987445903980738,0.7796742326286829,True,13.140623612230721
source_9,20210918-Run12,8,NVS-PAK1-1,scaled,1.63,False,0.3968207885302339,-0.009732234782152524,0.7420932291136607,True,28.6895751039796
source_9,20210918-Run12,8,quinidine,scaled,1.63,False,0.31634914146155824,0.060881656788520915,0.20401871921518294,False,3.478520884680889
source_9,20210918-Run12,8,TC-S-7004,scaled,1.63,False,0.2953339720657818,0.04010017665755405,0.4220694868932382,False,29.76754759027233
source_9,20210918-Run12,8,aloxistatin,scaled,1.63,False,0.346937517570908,0.08750675947119489,0.5455798812944459,True,2.877083817034462
source_9,20211013-Run14,9,AMG900,scaled,1.69,False,0.547413123497942,0.008825304251991548,0.9337078818574386,True,45.250044195034896
source_9,20211013-Run14,9,dexamethasone,scaled,1.69,False,0.7538254558028976,0.16342038817989665,0.8739578079475442,True,5.3892389897975965
source_9,20211013-Run14,9,FK-866,scaled,1.69,False,0.4425075494684431,0.06294631015324367,0.8682890995078641,True,16.712414058178013
source_9,20211013-Run14,9,NVS-PAK1-1,scaled,1.69,False,0.41077187525116265,0.039894484916464364,0.8871126761857249,True,19.92866931773504
source_9,20211013-Run14,9,quinidine,scaled,1.69,False,0.5375437737764222,0.1666359057838585,0.5122907824954005,False,4.387335280866299
source_9,20211013-Run14,9,TC-S-7004,scaled,1.69,False,0.26744951024564895,0.07265925126335646,0.6312535837252662,True,23.739218520599206
source_9,20211013-Run14,9,aloxistatin,scaled,1.69,False,0.2951915888229716,0.01591031901898341,0.5917381067946177,True,2.5695484861403344
source_9,20211102-Run15,10,AMG900,scaled,2.37,False,0.6583360905606914,-0.05291630091244582,0.9204886830511791,True,44.56651254814785
source_9,20211102-Run15,10,dexamethasone,scaled,2.37,False,0.7356078434839728,0.17243226098152592,0.8339729172406725,True,5.023471717644276
source_9,20211102-Run15,10,FK-866,scaled,2.37,False,0.43671251664221344,0.05944341329232529,0.8652960869154134,True,21.56306764135098
source_9,20211102-Run15,10,NVS-PAK1-1,scaled,2.37,False,0.5351848746093733,0.020886261298979185,0.8491115334042509,True,19.153488043098182
source_9,20211102-Run15,10,quinidine,scaled,2.37,False,0.6093979694630353,0.1634473256303217,0.5699351615456243,False,6.1905918581501345
source_9,20211102-Run15,10,TC-S-7004,scaled,2.37,False,0.529916372860096,0.06927835902827138,0.3297394952610606,True,65.418986199451
source_9,20211102-Run15,10,aloxistatin,scaled,2.37,False,0.44885106640941047,0.05198960939976567,0.48226143149480005,True,4.165860218370795
source_9,20211103-Run16,11,AMG900,scaled,1.77,False,0.604782761553098,-0.005781287492549897,0.916545820005661,True,30.875945610043903
source_9,20211103-Run16,11,dexamethasone,scaled,1.77,False,0.7522745069261061,0.09043428380681043,0.7439701287491818,True,4.310697804729376
source_9,20211103-Run16,11,FK-866,scaled,1.77,False,0.545194238367096,0.07542007932634706,0.9132830710646229,True,16.06217027236555
source_9,20211103-Run16,11,NVS-PAK1-1,scaled,1.77,False,0.4407061322057171,0.04059014618623839,0.7715084203721607,True,19.04834663619225
source_9,20211103-Run16,11,quinidine,scaled,1.77,False,0.4637302580032844,0.09635183370028863,0.6543353334917638,True,2.810504258735044
source_9,20211103-Run16,11,TC-S-7004,scaled,1.77,False,0.41891514502384986,0.09427585105122112,0.35422659436985154,True,38.44949847235451
source_9,20211103-Run16,11,aloxistatin,scaled,1.77,False,0.28276534649028745,0.08774191204443804,0.5298671195348588,True,3.7023612382002202
source_9,20210824-Run5,1,AMG900,field,0.32,False,0.8557123337627008,0.11290026884942525,,True,76.63133797833189
source_9,20210824-Run5,1,dexamethasone,field,0.32,False,0.8317333117554739,0.2615668532361148,,True,6.836074553311295
source_9,20210824-Run5,1,FK-866,field,0.32,False,0.5921674065221731,0.17673767392164677,,True,27.6180376772954
source_9,20210824-Run5,1,NVS-PAK1-1,field,0.32,False,0.6920120214374467,0.07679091884930134,,True,32.473851732500016
source_9,20210824-Run5,1,quinidine,field,0.32,False,0.6313722328907287,0.11132247408029687,,True,3.4068509081816454
source_9,20210824-Run5,1,TC-S-7004,field,0.32,False,0.3675145189220324,0.003440652222568028,,True,11.102458142401089
source_9,20210824-Run5,1,aloxistatin,field,0.32,False,0.46663633450740644,0.28301279429977255,,False,3.8572389780120324
source_9,20210825_Run6,2,AMG900,field,1.7,False,0.8630114844610839,0.06164062710945752,0.9810551707693234,True,77.7857285636598
source_9,20210825_Run6,2,dexamethasone,field,1.7,False,0.8535995356837309,0.2595749612432042,0.9226582741794818,True,7.675791667637658
source_9,20210825_Run6,2,FK-866,field,1.7,False,0.4265954467698712,0.18177135942316708,0.8263191688616743,True,30.898187221297604
source_9,20210825_Run6,2,NVS-PAK1-1,field,1.7,False,0.6227213835553774,0.06039926579762389,0.9538823853625358,True,35.97362517690536
source_9,20210825_Run6,2,quinidine,field,1.7,False,0.6364177890277588,0.19566858657212977,0.7113150897085606,True,3.392997563132087
source_9,20210825_Run6,2,TC-S-7004,field,1.7,False,0.336203159261191,0.05098196320632696,0.9164493097173675,False,13.304078456179635
source_9,20210825_Run6,2,aloxistatin,field,1.7,False,0.5561238701613023,0.15740109503604768,0.7081133560641567,True,3.6302728096366637
source_9,20210831-Run7,3,AMG900,field,1.26,False,0.8709965471771596,0.09407992709018052,0.992771162223214,True,71.45879331479193
source_9,20210831-Run7,3,dexamethasone,field,1.26,False,0.875470577088864,0.2256328913637895,0.9259617447394258,True,7.8666068334833055
source_9,20210831-Run7,3,FK-866,field,1.26,False,0.4587393136791216,0.13240714318888558,0.929611224816545,True,26.546849919199488
source_9,20210831-Run7,3,NVS-PAK1-1,field,1.26,False,0.7131746116649885,0.07781241362046018,0.9776819797349907,True,28.23629991677578
source_9,20210831-Run7,3,quinidine,field,1.26,False,0.7359022981882102,0.1756446106754022,0.8339830518346946,True,4.01676613231621
source_9,20210831-Run7,3,TC-S-7004,field,1.26,False,0.7238415264149116,0.15867996967917747,0.7151525743233877,True,71.21056572629875
source_9,20210831-Run7,3,aloxistatin,field,1.26,False,0.6166593807507519,0.20737265502840024,0.8101296050647683,True,4.411645863320841
source_9,20210901_Run8,4,AMG900,field,2.42,False,0.8396927442648925,0.024199753368731258,0.9679746743827247,True,74.93803637666133
source_9,20210901_Run8,4,dexamethasone,field,2.42,False,0.7546096041184296,0.16529079703954017,0.8972980043256933,True,6.7455685455324215
source_9,20210901_Run8,4,FK-866,field,2.42,False,0.4157146352376217,0.025943543753619736,0.8911027525412909,True,25.777306010609017
source_9,20210901_Run8,4,NVS-PAK1-1,field,2.42,False,0.4610146654842651,-0.04823499418690285,0.8830561995921374,True,33.033962831497995
source_9,20210901_Run8,4,quinidine,field,2.42,False,0.5796671680423408,0.08751680373588501,0.770605325394992,True,2.7471494811140578
source_9,20210901_Run8,4,TC-S-7004,field,2.42,False,0.6770533254624933,0.10729215101302507,0.7113395018549689,True,106.5594716304915
source_9,20210901_Run8,4,aloxistatin,field,2.42,False,0.4057602822318025,0.13252979283639996,0.7866138781817531,True,3.652537391383595
source_9,20210914-Run9,5,AMG900,field,1.93,False,0.8523348958212373,0.03514249307355445,0.9704907519007436,True,67.10942306254644
source_9,20210914-Run9,5,dexamethasone,field,1.93,False,0.8305929694510297,0.2462624952869684,0.8365088539409559,True,6.855701915684731
source_9,20210914-Run9,5,FK-866,field,1.93,False,0.4438321899839429,0.0875189342299534,0.8765728439525686,True,20.815844615923005
source_9,20210914-Run9,5,NVS-PAK1-1,field,1.93,False,0.6285374283083227,0.04837068718037809,0.8766148363076052,True,91.37672101550032
source_9,20210914-Run9,5,quinidine,field,1.93,False,0.4448532476504924,0.05373099787563478,0.5551998003769743,True,3.2088190342606637
source_9,20210914-Run9,5,TC-S-7004,field,1.93,False,0.6393337101056044,0.12340460314526766,0.7695680055119717,True,55.30055990328724
source_9,20210914-Run9,5,aloxistatin,field,1.93,False,0.4697450890864905,0.1135298951373106,0.4302403697967879,True,3.8054110178442766
source_9,20210915-Run10,6,AMG900,field,1.64,False,0.8697478879532667,0.06278046757953522,0.9815058697772304,True,69.54662580408446
source_9,20210915-Run10,6,dexamethasone,field,1.64,False,0.8709170600049134,0.22890051683921864,0.9037360140482897,True,7.997780540293803
source_9,20210915-Run10,6,FK-866,field,1.64,False,0.4740711096422363,0.1049191525551193,0.9271709804978877,True,23.258159615437513
source_9,20210915-Run10,6,NVS-PAK1-1,field,1.64,False,0.6922004007370679,0.07747560431514244,0.9648900210879545,True,32.00753528849444
source_9,20210915-Run10,6,quinidine,field,1.64,False,0.5729550222579347,0.1456711945777465,0.65896240731274,True,4.353520973311673
source_9,20210915-Run10,6,TC-S-7004,field,1.64,False,0.4261334845108176,0.11886143656135584,0.8763305561927979,False,22.113616410030023
source_9,20210915-Run10,6,aloxistatin,field,1.64,False,0.6478652296462603,0.16706009686478565,0.5141675711160599,True,3.377380976565572
source_9,20210918-Run11,7,AMG900,field,1.55,False,0.856548437132935,0.0822255352584982,0.9797809523263447,True,59.4519934439771
source_9,20210918-Run11,7,dexamethasone,field,1.55,False,0.8800888757494483,0.25007584444460873,0.9236730016437649,True,7.485096962587264
source_9,20210918-Run11,7,FK-866,field,1.55,False,0.5236155168385721,0.07237072116323036,0.9493511298111217,True,19.554680827893577
source_9,20210918-Run11,7,NVS-PAK1-1,field,1.55,False,0.7266090459482313,0.1210478286641911,0.9752845105877466,True,33.58760226103759
source_9,20210918-Run11,7,quinidine,field,1.55,False,0.6496382275030864,0.20316962569773872,0.6801766583885898,True,5.820848055899278
source_9,20210918-Run11,7,TC-S-7004,field,1.55,False,0.7407616790828816,0.17291743880707952,0.701513270548952,True,59.31466484096517
source_9,20210918-Run11,7,aloxistatin,field,1.55,False,0.5528778701316368,0.286873751388155,0.8478747080211522,True,5.059863532587188
source_9,20210918-Run12,8,AMG900,field,1.63,False,0.8805771289011419,0.011397143961202482,0.9444993257910901,True,57.27768401567297
source_9,20210918-Run12,8,dexamethasone,field,1.63,False,0.8274194915888001,0.15827218841556526,0.8122911329782292,True,6.302958792454729
source_9,20210918-Run12,8,FK-866,field,1.63,False,0.4452375493523646,0.08466779081208088,0.8627655960230497,True,17.315314915243437
source_9,20210918-Run12,8,NVS-PAK1-1,field,1.63,False,0.698017310657145,0.0475774192373107,0.905496570846768,True,58.22839959373147
source_9,20210918-Run12,8,quinidine,field,1.63,False,0.4948986815323277,0.13935168310611182,0.4896328954986899,True,4.893463814089367
source_9,20210918-Run12,8,TC-S-7004,field,1.63,False,0.6364823829370204,0.11397813530123473,0.7322145297709212,False,51.91312721010319
source_9,20210918-Run12,8,aloxistatin,field,1.63,False,0.522613275806656,0.2003854423862228,0.577617291193011,True,3.622849474261973
source_9,20211013-Run14,9,AMG900,field,1.69,False,0.8706068405201662,0.07037699297875795,0.9782353564772865,True,69.01798927324995
source_9,20211013-Run14,9,dexamethasone,field,1.69,False,0.8998578686485896,0.22616764890712573,0.9156206761420296,True,7.610568383413561
source_9,20211013-Run14,9,FK-866,field,1.69,False,0.47665455040404764,0.030499064884372012,0.8412495865382832,True,18.06913733581627
source_9,20211013-Run14,9,NVS-PAK1-1,field,1.69,False,0.6169928657671666,0.03525574152229841,0.9526483942806634,True,30.774195131804245
source_9,20211013-Run14,9,quinidine,field,1.69,False,0.7376338374423637,0.27912051408822713,0.6398751364276387,False,5.91552795260822
source_9,20211013-Run14,9,TC-S-7004,field,1.69,False,0.6312069993403908,0.12948997725755756,0.7406533908163173,True,36.973822783525264
source_9,20211013-Run14,9,aloxistatin,field,1.69,False,0.4192500501601572,0.09871047258133195,0.5470068490455741,True,2.6743870597945567
source_9,20211102-Run15,10,AMG900,field,2.37,False,0.8995069456854112,0.05900316788782901,0.9701775865597266,True,67.17195978903226
source_9,20211102-Run15,10,dexamethasone,field,2.37,False,0.8618249517630934,0.2707478956035695,0.8793226241598604,True,6.190354202494177
source_9,20211102-Run15,10,FK-866,field,2.37,False,0.5069389433787825,0.11896061177517625,0.894806060818327,True,20.528164123756362
source_9,20211102-Run15,10,NVS-PAK1-1,field,2.37,False,0.7847719371729595,0.10400953295720695,0.9259748517596271,True,29.228530198432544
source_9,20211102-Run15,10,quinidine,field,2.37,False,0.7722276531600831,0.22593976088076442,0.7881813672141931,True,7.806076586473603
source_9,20211102-Run15,10,TC-S-7004,field,2.37,False,0.8058804759408869,0.15359065111025413,0.5547182700097092,True,108.66578564394905
source_9,20211102-Run15,10,aloxistatin,field,2.37,False,0.6638705087032104,0.19236533496603,0.5124241856565133,True,4.567858805036899
source_9,20211103-Run16,11,AMG900,field,1.77,False,0.9246408921778897,0.08434908879672673,0.9420967942794086,True,56.19700108034656
source_9,20211103-Run16,11,dexamethasone,field,1.77,False,0.8395701531828665,0.1624894361858052,0.8289908113977539,True,6.7192986653488
source_9,20211103-Run16,11,FK-866,field,1.77,False,0.6394000026694587,0.18214706120711707,0.9339636097495652,True,20.446779818490977
source_9,20211103-Run16,11,NVS-PAK1-1,field,1.77,False,0.7935565452200462,0.16075261553535256,0.8560618603578556,True,31.93759050690671
source_9,20211103-Run16,11,quinidine,field,1.77,False,0.6918208261838833,0.1810225939998443,0.8049804268013776,True,4.639493102839294
source_9,20211103-Run16,11,TC-S-7004,field,1.77,False,0.7802236884785797,0.2447362057206353,0.48584077421230576,True,63.04427584130883
source_9,20211103-Run16,11,aloxistatin,field,1.77,False,0.5110276340277511,0.22885496587695253,0.5743071300169941,True,5.220209246885734
