lab,batch,run,compound,method,drift,outside,agree_field,agree_wrong,agree_own,matched,size
source_1,Batch1_20221004,1,AMG900,raw,0.69,False,0.9165019906319773,0.06064719136055135,,True,65.67046907195427
source_1,Batch1_20221004,1,dexamethasone,raw,0.69,False,0.7207430907274014,0.09956979593323272,,True,12.966156372017625
source_1,Batch1_20221004,1,FK-866,raw,0.69,False,0.6011216957558304,0.10606455528957628,,True,39.61307860451066
source_1,Batch1_20221004,1,LY2109761,raw,0.69,False,0.8016548697297383,0.24483166020162855,,True,39.32582957445982
source_1,Batch1_20221004,1,NVS-PAK1-1,raw,0.69,False,0.7901249944037674,0.12192566111762096,,True,39.5649653739019
source_1,Batch1_20221004,1,quinidine,raw,0.69,False,0.5944706774848036,0.22888183285723054,,True,4.319986021185154
source_1,Batch1_20221004,1,TC-S-7004,raw,0.69,False,0.6346072486230624,-0.03590032721356536,,True,16.85030648409071
source_1,Batch1_20221004,1,aloxistatin,raw,0.69,False,0.38145965788791836,0.07026165402501271,,True,5.645230066009036
source_1,Batch2_20221006,2,AMG900,raw,1.86,False,0.9077004138977257,0.05669091762520625,0.9841286202403114,True,63.92245139676344
source_1,Batch2_20221006,2,dexamethasone,raw,1.86,False,0.8322332558817682,0.16228900155696366,0.8563727800374619,True,10.439028291935443
source_1,Batch2_20221006,2,FK-866,raw,1.86,False,0.6769613342875032,0.188325976946816,0.8866075195752567,True,33.42534976020445
source_1,Batch2_20221006,2,LY2109761,raw,1.86,False,0.7836623095354069,0.24828889906275217,0.9795282313065242,True,39.68215716568907
source_1,Batch2_20221006,2,NVS-PAK1-1,raw,1.86,False,0.7762407890820746,0.14582027727492264,0.9593490262388654,True,39.063915954069714
source_1,Batch2_20221006,2,quinidine,raw,1.86,False,0.623902419264689,0.2720947960086209,0.6572914067797384,True,3.726443902455681
source_1,Batch2_20221006,2,TC-S-7004,raw,1.86,False,0.6181225385170817,0.03339983843593864,0.9454096952370157,True,14.889600307516465
source_1,Batch2_20221006,2,aloxistatin,raw,1.86,False,0.4133353868029912,0.13810511154851665,0.687911642933619,True,4.679898042195306
source_1,Batch3_20221010,3,AMG900,raw,1.8,False,0.9100731956807311,0.05422026310465451,0.9809768937834205,True,64.24308437530367
source_1,Batch3_20221010,3,dexamethasone,raw,1.8,False,0.7885449385245489,0.14517301246617292,0.9630269059286037,True,12.347575749838468
source_1,Batch3_20221010,3,FK-866,raw,1.8,False,0.6175624321721374,0.1428698092671346,0.969413682749768,True,35.57041164784332
source_1,Batch3_20221010,3,LY2109761,raw,1.8,False,0.8177366575649528,0.24538604944564943,0.9853703734203781,True,34.8613062305575
source_1,Batch3_20221010,3,NVS-PAK1-1,raw,1.8,False,0.7812970689920495,0.12755903377331096,0.9565183261945716,True,40.952972129903536
source_1,Batch3_20221010,3,quinidine,raw,1.8,False,0.6346976623950011,0.26666435141553674,0.7131339979602234,True,4.568753871383188
source_1,Batch3_20221010,3,TC-S-7004,raw,1.8,False,0.6588457246169765,0.025589602491368654,0.8784208160725522,True,10.523917978060258
source_1,Batch3_20221010,3,aloxistatin,raw,1.8,False,0.43076492907443664,0.19780607028203853,0.5641297837514776,True,4.624245305577241
source_1,Batch4_20221012,4,AMG900,raw,3.01,False,0.8915964937732969,0.07347963342801142,0.9446679465473964,True,61.4474231915497
source_1,Batch4_20221012,4,dexamethasone,raw,3.01,False,0.7557752552211459,0.12835697123229214,0.9212881017528928,True,11.620955715126005
source_1,Batch4_20221012,4,FK-866,raw,3.01,False,0.4958675425277158,0.1609218846093285,0.8007412336305347,True,40.57312309827854
source_1,Batch4_20221012,4,LY2109761,raw,3.01,False,0.8221261786717797,0.24136693229042963,0.9693512755468562,True,32.63953948540245
source_1,Batch4_20221012,4,NVS-PAK1-1,raw,3.01,False,0.7104337377274168,0.14908065763676198,0.877325013580819,True,46.16139371375836
source_1,Batch4_20221012,4,quinidine,raw,3.01,False,0.5247071795726206,0.2256184518894522,0.6464562234911626,True,4.69793141002443
source_1,Batch4_20221012,4,TC-S-7004,raw,3.01,False,0.648041300802674,0.00949629793457985,0.8533300945563083,True,11.485166794712649
source_1,Batch4_20221012,4,aloxistatin,raw,3.01,False,0.22920206410927593,0.15345455161939547,0.44794625872977445,False,6.719011822238966
source_1,Batch5_20221030,5,AMG900,raw,2.93,False,0.9004876133447413,0.06358481132638066,0.9624162370158014,True,62.52775686021996
source_1,Batch5_20221030,5,dexamethasone,raw,2.93,False,0.8289200857981567,0.13671077622781078,0.8574185252253174,True,9.838670822886753
source_1,Batch5_20221030,5,FK-866,raw,2.93,False,0.6616640074963946,0.16469995796970607,0.8969823773866304,True,29.98277874738053
source_1,Batch5_20221030,5,LY2109761,raw,2.93,False,0.7976713192113696,0.2437783938962137,0.9590426342381231,True,33.90100152475774
source_1,Batch5_20221030,5,NVS-PAK1-1,raw,2.93,False,0.7708406723151111,0.12295888978979581,0.9251994956242866,True,41.00712391590195
source_1,Batch5_20221030,5,quinidine,raw,2.93,False,0.5408934090553239,0.1791352489242733,0.5549407309112357,True,3.1973242687527015
source_1,Batch5_20221030,5,TC-S-7004,raw,2.93,False,0.6128601403000877,0.03333713327097222,0.6658233416668569,True,7.228411364852087
source_1,Batch5_20221030,5,aloxistatin,raw,2.93,False,0.3886025580757648,0.1657256821131598,0.42131424777991644,True,3.704784568042725
source_1,Batch6_20221102,6,AMG900,raw,3.1,False,0.8913495124020208,0.07990086435380553,0.9598963902216966,True,35.5422273681576
source_1,Batch6_20221102,6,dexamethasone,raw,3.1,False,0.3327398001923653,0.2032986292556931,0.2938281352437778,False,11.739183197684358
source_1,Batch6_20221102,6,FK-866,raw,3.1,False,0.7516320824180182,0.20621565765629116,0.8081558625324547,True,16.092175378808758
source_1,Batch6_20221102,6,LY2109761,raw,3.1,False,0.7700599687338908,0.2628078671963718,0.9345547505226226,True,22.097046297506292
source_1,Batch6_20221102,6,NVS-PAK1-1,raw,3.1,False,0.804700035770487,0.09420814016711451,0.8803177826923201,True,21.683016617973855
source_1,Batch6_20221102,6,quinidine,raw,3.1,False,0.432366905266814,0.30281092147259525,0.4111953458624914,False,6.930239207653597
source_1,Batch6_20221102,6,TC-S-7004,raw,3.1,False,0.2636403608004725,0.00864854657006135,0.3521391713416613,False,4.270701842330068
source_1,Batch6_20221102,6,aloxistatin,raw,3.1,False,0.18631450185523604,0.22671313742649807,0.10747004729515061,False,7.799400787609725
source_1,Batch1_20221004,1,AMG900,own,0.69,False,0.8948671332241993,0.012022148544831055,,True,250.6350123405543
source_1,Batch1_20221004,1,dexamethasone,own,0.69,False,0.8175629154650443,0.1379959521358103,,True,32.62625807245611
source_1,Batch1_20221004,1,FK-866,own,0.69,False,0.6810979091454568,0.10006609590318839,,True,118.29041802565095
source_1,Batch1_20221004,1,LY2109761,own,0.69,False,0.796736798833688,0.22132659579191044,,True,125.47261457235834
source_1,Batch1_20221004,1,NVS-PAK1-1,own,0.69,False,0.8252060894447341,0.09781468296665638,,True,130.81323688316255
source_1,Batch1_20221004,1,quinidine,own,0.69,False,0.616144188876248,0.23471011856527554,,True,11.538806301937262
source_1,Batch1_20221004,1,TC-S-7004,own,0.69,False,0.5985442756922126,-0.019112731604754112,,True,49.823032704228154
source_1,Batch1_20221004,1,aloxistatin,own,0.69,False,0.6353398174610885,0.1404028035826394,,True,14.693242729721497
source_1,Batch2_20221006,2,AMG900,own,1.86,False,0.8939292937486285,0.00848911797360288,0.9840955449879423,True,242.079647203895
source_1,Batch2_20221006,2,dexamethasone,own,1.86,False,0.8082697495473776,0.1565943337013336,0.9035627805891878,True,30.56231916039033
source_1,Batch2_20221006,2,FK-866,own,1.86,False,0.5984336434248043,0.10619053021278814,0.9361305205312197,True,139.0707762790499
source_1,Batch2_20221006,2,LY2109761,own,1.86,False,0.7740359299862558,0.22031767362100743,0.9812039689753875,True,129.94903351957902
source_1,Batch2_20221006,2,NVS-PAK1-1,own,1.86,False,0.8144563821419685,0.10319430161630429,0.9736058063265953,True,141.68823599384572
source_1,Batch2_20221006,2,quinidine,own,1.86,False,0.5699825881901457,0.261569728306322,0.5737900639255771,True,10.933540396237685
source_1,Batch2_20221006,2,TC-S-7004,own,1.86,False,0.5971073581109291,0.04634920108404687,0.9530676331260508,True,49.42991382666928
source_1,Batch2_20221006,2,aloxistatin,own,1.86,False,0.5216993174994536,0.12906842161312357,0.7729593096843395,True,15.378631831195761
source_1,Batch3_20221010,3,AMG900,own,1.8,False,0.9073515940526766,0.01292420676123221,0.9628184692228011,True,181.69253851774022
source_1,Batch3_20221010,3,dexamethasone,own,1.8,False,0.869038064365448,0.18273805969735898,0.922916964902424,True,25.67433404739924
source_1,Batch3_20221010,3,FK-866,own,1.8,False,0.7780681365694124,0.18490518689329338,0.9165855400211325,True,79.74694046486724
source_1,Batch3_20221010,3,LY2109761,own,1.8,False,0.8419405320140374,0.2506965558290023,0.9613094478068143,True,89.31407763245114
source_1,Batch3_20221010,3,NVS-PAK1-1,own,1.8,False,0.836667592206979,0.13583845227468203,0.9604383166076872,True,106.86743549207102
source_1,Batch3_20221010,3,quinidine,own,1.8,False,0.6315353766160772,0.30902354110274555,0.5727653092112361,True,10.681974623548628
source_1,Batch3_20221010,3,TC-S-7004,own,1.8,False,0.6678796663976332,0.0441903410767436,0.8991809015270613,True,27.294913055590023
source_1,Batch3_20221010,3,aloxistatin,own,1.8,False,0.5889515812753723,0.24900116990957213,0.6542486284976181,True,10.225769371600423
source_1,Batch4_20221012,4,AMG900,own,3.01,False,0.8240258576473668,-0.00139137723087464,0.867372057103764,True,91.57775086427013
source_1,Batch4_20221012,4,dexamethasone,own,3.01,False,0.8120875512571804,0.14180144034406494,0.8974631186709605,True,15.391335023781188
source_1,Batch4_20221012,4,FK-866,own,3.01,False,0.6306140729230851,0.16766576825404686,0.8208351867986721,True,51.99722402883154
source_1,Batch4_20221012,4,LY2109761,own,3.01,False,0.8387009280556386,0.21757455571203982,0.9175657010975138,True,47.862015458876975
source_1,Batch4_20221012,4,NVS-PAK1-1,own,3.01,False,0.7307925854778956,0.11284677349426496,0.86585450060941,True,61.06066499184512
source_1,Batch4_20221012,4,quinidine,own,3.01,False,0.5197341190815525,0.22247182815653227,0.5726368669886832,True,6.125982985664116
source_1,Batch4_20221012,4,TC-S-7004,own,3.01,False,0.63692042773662,0.0026785966260830956,0.892106092868213,True,15.858738248065055
source_1,Batch4_20221012,4,aloxistatin,own,3.01,False,0.3832617175108913,0.16845470111939775,0.4834737891160841,True,8.91141795128139
source_1,Batch5_20221030,5,AMG900,own,2.93,False,0.8534137339009257,0.029981952990754217,0.9327549245993452,True,176.52311469171892
source_1,Batch5_20221030,5,dexamethasone,own,2.93,False,0.8528085403807142,0.15078448134833392,0.8324707064227368,True,20.106155862631805
source_1,Batch5_20221030,5,FK-866,own,2.93,False,0.7142559383899078,0.16994778096425242,0.8305351465341929,True,77.08572240356563
source_1,Batch5_20221030,5,LY2109761,own,2.93,False,0.7900068127013988,0.19838510581059907,0.925637719034976,True,89.82138481426902
source_1,Batch5_20221030,5,NVS-PAK1-1,own,2.93,False,0.8193114605547964,0.14028498606817125,0.9170857172431163,True,93.14489952756027
source_1,Batch5_20221030,5,quinidine,own,2.93,False,0.5379815758532385,0.19898079775912628,0.5075991535797035,True,7.003016140530913
source_1,Batch5_20221030,5,TC-S-7004,own,2.93,False,0.6635987304798396,0.04899901468065819,0.7410881099470807,False,16.075432447386948
source_1,Batch5_20221030,5,aloxistatin,own,2.93,False,0.5752315826475656,0.1732108030696185,0.646520949901538,True,7.676159300162309
source_1,Batch6_20221102,6,AMG900,own,3.1,False,0.8163926450809311,0.07830848259693142,0.9031784687300743,True,45.03236927813283
source_1,Batch6_20221102,6,dexamethasone,own,3.1,False,0.3075347166568204,0.1777651780718549,0.3064556985822541,False,15.146695553564175
source_1,Batch6_20221102,6,FK-866,own,3.1,False,0.7505338940178181,0.21426451218260048,0.8178068498475601,True,22.183260971824314
source_1,Batch6_20221102,6,LY2109761,own,3.1,False,0.7217494061803874,0.2554004210178334,0.8895554611462775,True,33.086440342111196
source_1,Batch6_20221102,6,NVS-PAK1-1,own,3.1,False,0.8166994550741609,0.14343682649220746,0.8327434450981102,True,30.95631725349683
source_1,Batch6_20221102,6,quinidine,own,3.1,False,0.37924584428357605,0.2908617014162873,0.3544711626280632,False,9.391026235512065
source_1,Batch6_20221102,6,TC-S-7004,own,3.1,False,0.34260694172564027,0.022961878974942385,0.32593378375842097,False,5.513808189097736
source_1,Batch6_20221102,6,aloxistatin,own,3.1,False,0.29114033969084574,0.1916476675187621,0.15705956828265125,False,9.399238139347226
source_1,Batch1_20221004,1,AMG900,scaled,0.69,False,0.6815354046825504,-0.014599492336579216,,True,62.24721158714612
source_1,Batch1_20221004,1,dexamethasone,scaled,0.69,False,0.6049413329950745,0.07438449388906597,,True,10.690274982342936
source_1,Batch1_20221004,1,FK-866,scaled,0.69,False,0.5201402854068349,0.056980022182292624,,True,33.900632079645014
source_1,Batch1_20221004,1,LY2109761,scaled,0.69,False,0.45162074444007977,0.09118328543657753,,True,38.87517542236333
source_1,Batch1_20221004,1,NVS-PAK1-1,scaled,0.69,False,0.4360726555721647,0.04006674182891517,,True,37.44922382124539
source_1,Batch1_20221004,1,quinidine,scaled,0.69,False,0.38302807787758,0.0709453000374558,,True,4.5245228762822896
source_1,Batch1_20221004,1,TC-S-7004,scaled,0.69,False,0.26763365348042084,-0.05229609489668412,,True,14.823187077268473
source_1,Batch1_20221004,1,aloxistatin,scaled,0.69,False,0.19285635866785975,0.06972255450823485,,False,4.321065051418612
source_1,Batch2_20221006,2,AMG900,scaled,1.86,False,0.6904106021796621,-0.001830565923081216,0.9494611910118292,True,64.88450165901591
source_1,Batch2_20221006,2,dexamethasone,scaled,1.86,False,0.6156425585907699,0.07952036399234254,0.808377120498595,True,11.11736524860082
source_1,Batch2_20221006,2,FK-866,scaled,1.86,False,0.5344805078402144,0.07607829600946255,0.849839896676055,True,36.911411804354294
source_1,Batch2_20221006,2,LY2109761,scaled,1.86,False,0.4406846753491911,0.09407411010895693,0.9346478605630666,True,41.66686457562153
source_1,Batch2_20221006,2,NVS-PAK1-1,scaled,1.86,False,0.41510909007631375,0.04750871590629256,0.907771766948059,True,43.86630117914219
source_1,Batch2_20221006,2,quinidine,scaled,1.86,False,0.39350002783316695,0.10551202432818688,0.6014132884779788,True,4.479869879536562
source_1,Batch2_20221006,2,TC-S-7004,scaled,1.86,False,0.24867049857780088,-0.005607983453600341,0.8824531522023892,True,15.10983622522584
source_1,Batch2_20221006,2,aloxistatin,scaled,1.86,False,0.10263599407040555,0.05901845356600995,0.5387473645879433,False,5.919174543945858
source_1,Batch3_20221010,3,AMG900,scaled,1.8,False,0.6581795638936274,0.003945838990028247,0.9390505890974662,True,54.333515003692554
source_1,Batch3_20221010,3,dexamethasone,scaled,1.8,False,0.6251494511781011,0.08746231302058814,0.9039894917386202,True,9.163719066742354
source_1,Batch3_20221010,3,FK-866,scaled,1.8,False,0.5177774391159569,0.06392843971213914,0.939507042413307,True,27.84439663742683
source_1,Batch3_20221010,3,LY2109761,scaled,1.8,False,0.4439825754887285,0.09025718520641503,0.9395079522998369,True,28.925654265002972
source_1,Batch3_20221010,3,NVS-PAK1-1,scaled,1.8,False,0.4947472299386615,0.03668931190537051,0.8475898885969461,True,29.134891983426897
source_1,Batch3_20221010,3,quinidine,scaled,1.8,False,0.40751816729894424,0.08061593836423867,0.6263229564873116,True,4.273073344221177
source_1,Batch3_20221010,3,TC-S-7004,scaled,1.8,False,0.2623630163446208,-0.006250780974418139,0.807066424624381,True,9.052483548739916
source_1,Batch3_20221010,3,aloxistatin,scaled,1.8,False,0.22158062704801718,0.0825346523760495,0.5241681241556719,True,4.1347490091642705
source_1,Batch4_20221012,4,AMG900,scaled,3.01,False,0.5991975976165121,0.01571264951926598,0.8147769067829475,True,28.49884556885121
source_1,Batch4_20221012,4,dexamethasone,scaled,3.01,False,0.6054741530434795,0.07068311583609364,0.8232291279081173,True,5.392619343535715
source_1,Batch4_20221012,4,FK-866,scaled,3.01,False,0.3693902148412878,0.04099641859234861,0.7164592608249913,True,21.817286727194134
source_1,Batch4_20221012,4,LY2109761,scaled,3.01,False,0.4514170012938281,0.10599527839139543,0.9050564245525546,True,16.969391299535946
source_1,Batch4_20221012,4,NVS-PAK1-1,scaled,3.01,False,0.33580105183340586,0.04085109389982105,0.6618922834641914,True,22.49683706321833
source_1,Batch4_20221012,4,quinidine,scaled,3.01,False,0.35092803579761145,0.09039747497770124,0.5075977044826463,True,2.503041861978852
source_1,Batch4_20221012,4,TC-S-7004,scaled,3.01,False,0.2449743603081969,-0.036391608527590276,0.7230883018660091,True,5.571466009778651
source_1,Batch4_20221012,4,aloxistatin,scaled,3.01,False,0.24926335340567748,0.05318619785466345,0.32488950421634405,True,3.335800906291493
source_1,Batch5_20221030,5,AMG900,scaled,2.93,False,0.6577025919414208,-0.004828380626240168,0.8875766688896907,True,52.231414422433424
source_1,Batch5_20221030,5,dexamethasone,scaled,2.93,False,0.6735541186428518,0.10439174395758319,0.8224544316641096,True,7.607576446387325
source_1,Batch5_20221030,5,FK-866,scaled,2.93,False,0.5496180303464095,0.07884356165115712,0.8513714322731002,True,25.175862053678262
source_1,Batch5_20221030,5,LY2109761,scaled,2.93,False,0.4682262546384522,0.07126623078518764,0.8679546747177816,True,27.000173122186027
source_1,Batch5_20221030,5,NVS-PAK1-1,scaled,2.93,False,0.4688484369595016,0.022626786301769775,0.6557431687803243,True,29.514811647976327
source_1,Batch5_20221030,5,quinidine,scaled,2.93,False,0.37072344938536284,0.07420269074068797,0.497608123823504,True,3.062612093754011
source_1,Batch5_20221030,5,TC-S-7004,scaled,2.93,False,0.25103272906285934,-0.009659325961789656,0.6645544554879395,True,5.925806115176417
source_1,Batch5_20221030,5,aloxistatin,scaled,2.93,False,0.2330568417478712,0.06864447457925248,0.3902108838479402,True,3.1026178137993945
source_1,Batch6_20221102,6,AMG900,scaled,3.1,False,0.6933570015999755,-0.011579684445145079,0.8795585054127454,True,16.629421931334353
source_1,Batch6_20221102,6,dexamethasone,scaled,3.1,False,0.21389364677440814,0.08926113093635242,0.26339776692912814,False,6.2864763686215275
source_1,Batch6_20221102,6,FK-866,scaled,3.1,False,0.5658935071414672,0.05178410164998337,0.7202648753156029,True,8.144679711897577
source_1,Batch6_20221102,6,LY2109761,scaled,3.1,False,0.46348366574628636,0.0844930399462805,0.8720085222339611,True,10.943446532320655
source_1,Batch6_20221102,6,NVS-PAK1-1,scaled,3.1,False,0.50227308760169,0.005639883336674678,0.7484458450512044,True,10.185328032145083
source_1,Batch6_20221102,6,quinidine,scaled,3.1,False,0.2761960766453349,0.10643263049138847,0.3792063619034134,True,3.527367074156433
source_1,Batch6_20221102,6,TC-S-7004,scaled,3.1,False,0.09550490559714822,-0.013363576003040742,0.2397467449089441,False,2.4363118772904726
source_1,Batch6_20221102,6,aloxistatin,scaled,3.1,False,0.12958959057330544,0.0962452468514268,0.11624151851658598,False,4.30075693243956
source_1,Batch1_20221004,1,AMG900,field,0.69,False,0.9365745110304166,0.006753647707521515,,True,99.12843956527976
source_1,Batch1_20221004,1,dexamethasone,field,0.69,False,0.7693207141567533,0.1737778888498835,,True,14.336813182604091
source_1,Batch1_20221004,1,FK-866,field,0.69,False,0.6482278134644914,0.11159847203770558,,True,60.18144006484836
source_1,Batch1_20221004,1,LY2109761,field,0.69,False,0.8025597665378141,0.2450219950875589,,True,38.14936553072803
source_1,Batch1_20221004,1,NVS-PAK1-1,field,0.69,False,0.8641100355381619,0.1012461107024701,,True,49.839250186109616
source_1,Batch1_20221004,1,quinidine,field,0.69,False,0.6327059461496123,0.24967330652933734,,True,4.842326151966085
source_1,Batch1_20221004,1,TC-S-7004,field,0.69,False,0.5798151355122549,-0.07686916544658147,,True,19.14590520853175
source_1,Batch1_20221004,1,aloxistatin,field,0.69,False,0.5313140374683937,0.09149419499014111,,True,6.745650210893047
source_1,Batch2_20221006,2,AMG900,field,1.86,False,0.9299415594412657,0.03229444452504753,0.9805125831472619,True,95.68480838740699
source_1,Batch2_20221006,2,dexamethasone,field,1.86,False,0.8645955175557676,0.2250481535737236,0.8719123815205934,True,10.663483818213107
source_1,Batch2_20221006,2,FK-866,field,1.86,False,0.7014236495027619,0.17729837597003315,0.9407369810860847,True,53.158529888328765
source_1,Batch2_20221006,2,LY2109761,field,1.86,False,0.7912627404550243,0.23247127686424093,0.9681713959326301,True,37.60852534883108
source_1,Batch2_20221006,2,NVS-PAK1-1,field,1.86,False,0.8559957191340183,0.12483130083731174,0.9746600590561211,True,51.211528878712635
source_1,Batch2_20221006,2,quinidine,field,1.86,False,0.6823407448352723,0.2859096681654805,0.5861210682695912,True,4.293551857574662
source_1,Batch2_20221006,2,TC-S-7004,field,1.86,False,0.6240902600056226,0.023983518210745403,0.9428237808487823,True,16.89697156932779
source_1,Batch2_20221006,2,aloxistatin,field,1.86,False,0.5224135810986015,0.11217498759376432,0.8325445048020281,True,5.356251988069734
source_1,Batch3_20221010,3,AMG900,field,1.8,False,0.9271740716771923,0.04295076756480758,0.9694733714094355,True,86.37521436637833
source_1,Batch3_20221010,3,dexamethasone,field,1.8,False,0.8217638743220788,0.21978715870842183,0.9562150980413345,True,13.081523216009877
source_1,Batch3_20221010,3,FK-866,field,1.8,False,0.7541949888707367,0.19149534304706664,0.9572006955591761,True,47.1757521660944
source_1,Batch3_20221010,3,LY2109761,field,1.8,False,0.8286959899017485,0.2371917345404992,0.9405136122138718,True,32.311105599386
source_1,Batch3_20221010,3,NVS-PAK1-1,field,1.8,False,0.8522925559807959,0.11508567470614037,0.9788773335919506,True,50.93642760655393
source_1,Batch3_20221010,3,quinidine,field,1.8,False,0.6376495455257591,0.27386460837266985,0.6512944563564877,True,4.915143056496159
source_1,Batch3_20221010,3,TC-S-7004,field,1.8,False,0.6638449166946061,-0.018907462738426757,0.8915112376833114,True,11.341277024099659
source_1,Batch3_20221010,3,aloxistatin,field,1.8,False,0.6243693470212976,0.24122387212506038,0.6594385520464112,True,4.837635276239039
source_1,Batch4_20221012,4,AMG900,field,3.01,False,0.8811817971687403,-0.03527670994057211,0.8648225219060758,True,63.59668178968345
source_1,Batch4_20221012,4,dexamethasone,field,3.01,False,0.8041716538944419,0.22840268343783454,0.9281972531949779,True,11.424949934807396
source_1,Batch4_20221012,4,FK-866,field,3.01,False,0.6998299501587764,0.16012723702488182,0.8529206486572336,True,37.63901628654046
source_1,Batch4_20221012,4,LY2109761,field,3.01,False,0.8168548692361763,0.199461549297329,0.9439428669291363,True,30.210084873864425
source_1,Batch4_20221012,4,NVS-PAK1-1,field,3.01,False,0.7812529247360834,0.06691936191617733,0.87128098423476,True,41.65219312774773
source_1,Batch4_20221012,4,quinidine,field,3.01,False,0.547208903892909,0.22204508933551267,0.6635064473862243,True,4.93482459804617
source_1,Batch4_20221012,4,TC-S-7004,field,3.01,False,0.553140279563061,-0.09524176767211838,0.8675078486980131,True,9.682744839724528
source_1,Batch4_20221012,4,aloxistatin,field,3.01,False,0.44253948636074125,0.16350722676435805,0.5386973551108214,True,5.53412633714791
source_1,Batch5_20221030,5,AMG900,field,2.93,False,0.9088414978338678,0.0245404898745142,0.9492837316010978,True,67.88537048758286
source_1,Batch5_20221030,5,dexamethasone,field,2.93,False,0.8988090945802526,0.2173149238208621,0.7561114931288391,True,10.483184134014992
source_1,Batch5_20221030,5,FK-866,field,2.93,False,0.7609165871410969,0.2278904770766522,0.8903463227387809,True,36.649441108176894
source_1,Batch5_20221030,5,LY2109761,field,2.93,False,0.8048378566710389,0.22076964997119183,0.9217248887138543,True,33.013782383801455
source_1,Batch5_20221030,5,NVS-PAK1-1,field,2.93,False,0.8123615232937123,0.0968009705982754,0.9361412634618514,True,42.20907508994113
source_1,Batch5_20221030,5,quinidine,field,2.93,False,0.6446725200885536,0.20133920404653274,0.589503550408151,True,3.6857482673554984
source_1,Batch5_20221030,5,TC-S-7004,field,2.93,False,0.5814160772512378,-0.04637078191418843,0.6770418325735609,True,6.642859431274446
source_1,Batch5_20221030,5,aloxistatin,field,2.93,False,0.6002085285818786,0.19421309719149282,0.49321700207184427,True,3.641452282986556
source_1,Batch6_20221102,6,AMG900,field,3.1,False,0.8410267434198515,-0.013638045123418605,0.8420301386690714,True,19.808480617993578
source_1,Batch6_20221102,6,dexamethasone,field,3.1,False,0.3426475100114059,0.14532631624679498,0.4794412743563773,False,6.800924718550706
source_1,Batch6_20221102,6,FK-866,field,3.1,False,0.7154147246566274,0.16778810241690723,0.8312914519752337,True,14.138688507991148
source_1,Batch6_20221102,6,LY2109761,field,3.1,False,0.8274560388062733,0.1890188869039943,0.8906129594702294,True,19.942684753392594
source_1,Batch6_20221102,6,NVS-PAK1-1,field,3.1,False,0.8177671113967302,0.09309364639404864,0.8846165057028533,True,18.030553784229415
source_1,Batch6_20221102,6,quinidine,field,3.1,False,0.40059232981441656,0.23907911808427862,0.5588308901739559,False,7.061852160723528
source_1,Batch6_20221102,6,TC-S-7004,field,3.1,False,0.3630018750491547,0.03351883018091112,0.3143573335117523,False,3.228009249823481
source_1,Batch6_20221102,6,aloxistatin,field,3.1,False,0.3512109122771553,0.16228233044851753,0.10761776073292971,False,4.230013449160968
source_10,2021_05_31_U2OS_48_hr_run1,1,AMG900,raw,0.65,False,0.881841222762043,0.11478948296792242,,True,52.99988941842159
source_10,2021_05_31_U2OS_48_hr_run1,1,dexamethasone,raw,0.65,False,0.8594049751554591,0.2848344822222843,,True,8.972412361003553
source_10,2021_05_31_U2OS_48_hr_run1,1,FK-866,raw,0.65,False,0.8182208917298086,0.3181549630846096,,True,24.21716920699949
source_10,2021_05_31_U2OS_48_hr_run1,1,LY2109761,raw,0.65,False,0.8713889071756904,0.33018901479196544,,True,38.42733985538242
source_10,2021_05_31_U2OS_48_hr_run1,1,NVS-PAK1-1,raw,0.65,False,0.8466330825113522,0.26263134074362143,,True,24.335065540594442
source_10,2021_05_31_U2OS_48_hr_run1,1,quinidine,raw,0.65,False,0.5969442570873655,0.17777651978006867,,True,6.526697093333627
source_10,2021_05_31_U2OS_48_hr_run1,1,TC-S-7004,raw,0.65,False,0.8139354414835278,0.2653143900782407,,True,47.56158722163043
source_10,2021_05_31_U2OS_48_hr_run1,1,aloxistatin,raw,0.65,False,0.4217191097462728,0.129290635455184,,True,4.7789991331496156
source_10,2021_06_01_U2OS_48_hr_run2,2,AMG900,raw,1.53,False,0.8844860449542582,0.08999157998812536,0.9753701476758625,True,47.650577998227725
source_10,2021_06_01_U2OS_48_hr_run2,2,dexamethasone,raw,1.53,False,0.8585774504596337,0.32246476553895737,0.9306522887719777,True,8.189276643844895
source_10,2021_06_01_U2OS_48_hr_run2,2,FK-866,raw,1.53,False,0.8248069897401014,0.3326477037324181,0.9405287802538991,True,23.815300555124246
source_10,2021_06_01_U2OS_48_hr_run2,2,LY2109761,raw,1.53,False,0.8946308591329104,0.29575405651132475,0.9550473483732129,True,33.21134261113235
source_10,2021_06_01_U2OS_48_hr_run2,2,NVS-PAK1-1,raw,1.53,False,0.8623707728417443,0.24793794519403464,0.9473584078235303,True,20.045179945840403
source_10,2021_06_01_U2OS_48_hr_run2,2,quinidine,raw,1.53,False,0.644268494281959,0.24374792522283384,0.7268520585740091,True,6.1041701967745565
source_10,2021_06_01_U2OS_48_hr_run2,2,TC-S-7004,raw,1.53,False,0.8059698195212174,0.29348448893829493,0.9640799217474041,True,45.68628042595532
source_10,2021_06_01_U2OS_48_hr_run2,2,aloxistatin,raw,1.53,False,0.44684839570879853,0.28518706766431556,0.5861368897348872,False,5.357255227133382
source_10,2021_06_07_U2OS_48_hr_run3,3,AMG900,raw,1.51,False,0.8749905923469189,0.1319133967074619,0.9789954927103185,True,48.16903417258198
source_10,2021_06_07_U2OS_48_hr_run3,3,dexamethasone,raw,1.51,False,0.8218840410371286,0.3690957273287722,0.9354455958849512,True,9.303811521991118
source_10,2021_06_07_U2OS_48_hr_run3,3,FK-866,raw,1.51,False,0.8134099208345774,0.3952426230213604,0.9256740010608876,True,25.739303750520197
source_10,2021_06_07_U2OS_48_hr_run3,3,LY2109761,raw,1.51,False,0.8700472164667623,0.3331405817849829,0.9493474368037962,True,36.00292956911367
source_10,2021_06_07_U2OS_48_hr_run3,3,NVS-PAK1-1,raw,1.51,False,0.6605959168405061,0.4667643290503449,0.7022064759205624,True,24.19741960830236
source_10,2021_06_07_U2OS_48_hr_run3,3,quinidine,raw,1.51,False,0.5854245051734337,0.32396002783962835,0.3107655314448563,False,15.424491584179131
source_10,2021_06_07_U2OS_48_hr_run3,3,TC-S-7004,raw,1.51,False,0.7679076314904141,0.33516938141003816,0.9220983666989206,True,40.81945699545551
source_10,2021_06_07_U2OS_48_hr_run3,3,aloxistatin,raw,1.51,False,0.6930412771718998,0.35709387278509613,0.5827598152772511,True,3.8961691695096374
source_10,2021_06_08_U2OS_48_hr_run4,4,AMG900,raw,1.35,False,0.8723985045791,0.12268650586684975,0.9808095688086254,True,48.505470790324814
source_10,2021_06_08_U2OS_48_hr_run4,4,dexamethasone,raw,1.35,False,0.8444767686977094,0.3585638740362409,0.9161457198976334,True,9.582252971204147
source_10,2021_06_08_U2OS_48_hr_run4,4,FK-866,raw,1.35,False,0.8014719051527266,0.3301853596272636,0.9519172392847997,True,28.15723807706337
source_10,2021_06_08_U2OS_48_hr_run4,4,LY2109761,raw,1.35,False,0.809820980729125,0.3856995443956534,0.8980814421922426,True,35.401599561260426
source_10,2021_06_08_U2OS_48_hr_run4,4,NVS-PAK1-1,raw,1.35,False,0.8610427389141142,0.2866236825205205,0.9339185055810283,True,24.730670026705873
source_10,2021_06_08_U2OS_48_hr_run4,4,quinidine,raw,1.35,False,0.6762148437425832,0.3148641734162673,0.7991140006606543,True,7.016359676550721
source_10,2021_06_08_U2OS_48_hr_run4,4,TC-S-7004,raw,1.35,False,0.7993330582376816,0.3030644411262952,0.9151017429704766,True,47.40029419807243
source_10,2021_06_08_U2OS_48_hr_run4,4,aloxistatin,raw,1.35,False,0.6088925132599037,0.3624067627352215,0.5726365819566899,True,8.977578068944291
source_10,2021_06_14_U2OS_48_hr_run5,5,AMG900,raw,1.47,False,0.8722570452271048,0.10761091076479136,0.9767361698780749,True,49.44219053286863
source_10,2021_06_14_U2OS_48_hr_run5,5,dexamethasone,raw,1.47,False,0.8131646164983931,0.311024752161926,0.8404545492874336,True,9.235718122165533
source_10,2021_06_14_U2OS_48_hr_run5,5,FK-866,raw,1.47,False,0.7848294421732965,0.3056467174064701,0.9411330287426818,True,27.216933364852434
source_10,2021_06_14_U2OS_48_hr_run5,5,LY2109761,raw,1.47,False,0.8769600578740844,0.3072454462901431,0.9683509900325963,True,34.40417404684749
source_10,2021_06_14_U2OS_48_hr_run5,5,NVS-PAK1-1,raw,1.47,False,0.8483118533362568,0.2707862330705716,0.9243288054354251,True,23.052534841272042
source_10,2021_06_14_U2OS_48_hr_run5,5,quinidine,raw,1.47,False,0.5201910007783459,0.18054796515374144,0.687214412871308,True,9.706975620685473
source_10,2021_06_14_U2OS_48_hr_run5,5,TC-S-7004,raw,1.47,False,0.7981691647822158,0.27636902264276186,0.9372272213094734,True,41.89889337006181
source_10,2021_06_14_U2OS_48_hr_run5,5,aloxistatin,raw,1.47,False,0.356458266102005,0.2083991451879857,0.17364439488633754,False,8.674077150223523
source_10,2021_06_15_U2OS_48_hr_run6,6,AMG900,raw,1.8,False,0.8834303337170204,0.12298805012448989,0.9718222305065801,True,48.81154574260276
source_10,2021_06_15_U2OS_48_hr_run6,6,dexamethasone,raw,1.8,False,0.8796693587379134,0.19171958752256368,0.8123234978478058,True,9.223143668178464
source_10,2021_06_15_U2OS_48_hr_run6,6,FK-866,raw,1.8,False,0.8058344530964647,0.2433889846026636,0.9259195789659608,True,26.622029407695376
source_10,2021_06_15_U2OS_48_hr_run6,6,LY2109761,raw,1.8,False,0.8991627155868358,0.3324473263665979,0.9604589365745628,True,35.40497277250005
source_10,2021_06_15_U2OS_48_hr_run6,6,NVS-PAK1-1,raw,1.8,False,0.8227659190786601,0.3108509522253148,0.8909409068514685,True,23.344479337374622
source_10,2021_06_15_U2OS_48_hr_run6,6,quinidine,raw,1.8,False,0.648299559996975,0.1701573332749746,0.5979906115678828,True,7.496280491966404
source_10,2021_06_15_U2OS_48_hr_run6,6,TC-S-7004,raw,1.8,False,0.8229216871664147,0.2967135587772082,0.887363307454412,True,49.10690007708125
source_10,2021_06_15_U2OS_48_hr_run6,6,aloxistatin,raw,1.8,False,0.38359980348877987,0.18544545377212726,0.1505296024196455,True,17.720411456115734
source_10,2021_06_21_U2OS_48_hr_run7,7,AMG900,raw,1.54,False,0.8854040783653292,0.15892244259065574,0.9823677286723265,True,50.02954102114091
source_10,2021_06_21_U2OS_48_hr_run7,7,dexamethasone,raw,1.54,False,0.8814540310211021,0.3489890723404049,0.9505527389197239,True,9.12740661092713
source_10,2021_06_21_U2OS_48_hr_run7,7,FK-866,raw,1.54,False,0.7849486774203492,0.34483084351285476,0.9469288692947416,True,29.07597461603188
source_10,2021_06_21_U2OS_48_hr_run7,7,LY2109761,raw,1.54,False,0.8725172229724933,0.34873739135927223,0.9876782184014248,True,38.37226908967716
source_10,2021_06_21_U2OS_48_hr_run7,7,NVS-PAK1-1,raw,1.54,False,0.8577840493222597,0.293174243180471,0.9489168090522956,True,26.36130507898076
source_10,2021_06_21_U2OS_48_hr_run7,7,quinidine,raw,1.54,False,0.6241867879891885,0.20662328478079628,0.9047651780385529,True,7.125540650973776
source_10,2021_06_21_U2OS_48_hr_run7,7,TC-S-7004,raw,1.54,False,0.8284851962863461,0.30952240100326606,0.9762253980418043,True,46.08239208792498
source_10,2021_06_21_U2OS_48_hr_run7,7,aloxistatin,raw,1.54,False,0.5732735136326121,0.3543577992872605,0.6168038416936978,True,4.9948759546086405
source_10,2021_06_22_U2OS_48_hr_run8,8,AMG900,raw,1.72,False,0.8495606996558095,0.1772734904795798,0.9642822754438849,True,48.76117224885314
source_10,2021_06_22_U2OS_48_hr_run8,8,dexamethasone,raw,1.72,False,0.802804459296466,0.34097070169463845,0.9186081103922389,False,9.040273890075252
source_10,2021_06_22_U2OS_48_hr_run8,8,FK-866,raw,1.72,False,0.7189993194773887,0.36781296092537996,0.884848693230857,True,29.666670440330755
source_10,2021_06_22_U2OS_48_hr_run8,8,LY2109761,raw,1.72,False,0.8482371798109235,0.3418220370864741,0.9784613967554594,True,36.27245741638965
source_10,2021_06_22_U2OS_48_hr_run8,8,NVS-PAK1-1,raw,1.72,False,0.8253723179626207,0.30185810118916817,0.9157907255141573,True,26.087984532377874
source_10,2021_06_22_U2OS_48_hr_run8,8,quinidine,raw,1.72,False,0.556727235653862,0.19531226801759471,0.8297586724118001,True,10.172937285665892
source_10,2021_06_22_U2OS_48_hr_run8,8,TC-S-7004,raw,1.72,False,0.7714856296419673,0.31868003203532785,0.9071265780794965,True,49.720400749733955
source_10,2021_07_05_U2OS_48_hr_run10,9,AMG900,raw,1.81,False,0.8765277383098594,0.1177652231318749,0.966392358455646,True,45.635285564237996
source_10,2021_07_05_U2OS_48_hr_run10,9,dexamethasone,raw,1.81,False,0.8453980553356093,0.3237479263123548,0.9565673662677268,True,8.341733019504387
source_10,2021_07_05_U2OS_48_hr_run10,9,FK-866,raw,1.81,False,0.78069862008895,0.30984425234742313,0.9158154413025477,True,22.130966888791875
source_10,2021_07_05_U2OS_48_hr_run10,9,LY2109761,raw,1.81,False,0.8698643622246358,0.3279899838278721,0.9702853527880242,True,34.85145187303063
source_10,2021_07_05_U2OS_48_hr_run10,9,NVS-PAK1-1,raw,1.81,False,0.8638903212452409,0.2674175243769873,0.9071466530907649,True,22.500393346998305
source_10,2021_07_05_U2OS_48_hr_run10,9,quinidine,raw,1.81,False,0.5338383131296054,0.15801553437758417,0.8481543002681823,True,8.38762361077438
source_10,2021_07_05_U2OS_48_hr_run10,9,TC-S-7004,raw,1.81,False,0.7938912087747906,0.29443341716825344,0.9444053303433018,True,39.61127609929426
source_10,2021_07_05_U2OS_48_hr_run10,9,aloxistatin,raw,1.81,False,0.5863397946009393,0.2993999767351269,0.632022032939303,True,6.537317653104236
source_10,2021_07_07_U2OS_48_hr_run11,10,AMG900,raw,1.65,False,0.8589760452209746,0.1154867687775415,0.9641594980122732,True,46.17013839001141
source_10,2021_07_07_U2OS_48_hr_run11,10,dexamethasone,raw,1.65,False,0.8426217668984751,0.28476888947192397,0.9120293299421072,True,9.173934285076813
source_10,2021_07_07_U2OS_48_hr_run11,10,FK-866,raw,1.65,False,0.7123930082567663,0.33362716179420543,0.8768094351778803,True,28.04499167666847
source_10,2021_07_07_U2OS_48_hr_run11,10,LY2109761,raw,1.65,False,0.8584785461450443,0.3234100632298625,0.9711350066888407,True,34.61688119406409
source_10,2021_07_07_U2OS_48_hr_run11,10,NVS-PAK1-1,raw,1.65,False,0.8430755419869917,0.2275295788337844,0.9305745318790336,True,22.625125608127817
source_10,2021_07_07_U2OS_48_hr_run11,10,quinidine,raw,1.65,False,0.6010887543997784,0.22950397817752904,0.6894288459509773,True,14.943739184141801
source_10,2021_07_07_U2OS_48_hr_run11,10,TC-S-7004,raw,1.65,False,0.7631138490631629,0.28144034954824454,0.9234022084818169,True,45.68832398309576
source_10,2021_08_03_U2OS_48_hr_run12,11,AMG900,raw,1.9,False,0.8655295263490321,0.13693998325390438,0.9694020203846526,True,45.597973983180886
source_10,2021_08_03_U2OS_48_hr_run12,11,dexamethasone,raw,1.9,False,0.8590586186772307,0.2952867588568024,0.9336488630914594,True,8.243614042929908
source_10,2021_08_03_U2OS_48_hr_run12,11,FK-866,raw,1.9,False,0.7687967973867619,0.35082096581329847,0.9153936661102449,True,28.74848810328814
source_10,2021_08_03_U2OS_48_hr_run12,11,LY2109761,raw,1.9,False,0.8668288706546494,0.32987700611632753,0.9711305343634358,True,36.02713595345256
source_10,2021_08_03_U2OS_48_hr_run12,11,NVS-PAK1-1,raw,1.9,False,0.8338523951201559,0.2677947124687459,0.8946044592792486,True,24.6961380547781
source_10,2021_08_03_U2OS_48_hr_run12,11,quinidine,raw,1.9,False,0.6820845636907715,0.3432066374518338,0.7673329625123044,True,5.254700257518063
source_10,2021_08_03_U2OS_48_hr_run12,11,TC-S-7004,raw,1.9,False,0.7770614960902167,0.29701458654236446,0.8637690975246382,True,48.94742208937407
source_10,2021_08_09_U2OS_48_hr_run13,12,AMG900,raw,2.0,False,0.8618920851621694,0.12050239167893166,0.9641540779413458,True,46.4838709579109
source_10,2021_08_09_U2OS_48_hr_run13,12,dexamethasone,raw,2.0,False,0.8102391151496691,0.3357423165964684,0.934533228419139,True,8.704792518098138
source_10,2021_08_09_U2OS_48_hr_run13,12,FK-866,raw,2.0,False,0.7173073817417236,0.31497554487287116,0.899482992197763,True,28.392543174618247
source_10,2021_08_09_U2OS_48_hr_run13,12,LY2109761,raw,2.0,False,0.8597465604374839,0.3269929180132444,0.9578474596661536,True,34.943927287247476
source_10,2021_08_09_U2OS_48_hr_run13,12,NVS-PAK1-1,raw,2.0,False,0.7970619586505989,0.2651917602764063,0.852557969509493,True,25.613680496970353
source_10,2021_08_09_U2OS_48_hr_run13,12,quinidine,raw,2.0,False,0.7025916666861276,0.31700066531193744,0.8075890243410069,True,7.494218306667032
source_10,2021_08_09_U2OS_48_hr_run13,12,TC-S-7004,raw,2.0,False,0.7669162759957631,0.29754868291880326,0.8973549851809126,True,44.30478724121376
source_10,2021_08_09_U2OS_48_hr_run13,12,aloxistatin,raw,2.0,False,0.6216040213365235,0.37627317581290465,0.41197175954892307,True,7.306015860111286
source_10,2021_08_12_U2OS_48_hr_run15,13,AMG900,raw,2.02,False,0.8760310607088272,0.2091036902173024,0.8792028339097815,True,50.81187751049577
source_10,2021_08_12_U2OS_48_hr_run15,13,dexamethasone,raw,2.02,False,0.6001023374174044,0.26814547987101056,0.5450218651366814,False,22.56484585914515
source_10,2021_08_12_U2OS_48_hr_run15,13,FK-866,raw,2.02,False,0.7815508632078394,0.2892602886925365,0.9099386327772307,True,27.528340969841786
source_10,2021_08_12_U2OS_48_hr_run15,13,LY2109761,raw,2.02,False,0.8755054711159319,0.3081934857156717,0.9088483761130386,True,37.50814217207219
source_10,2021_08_12_U2OS_48_hr_run15,13,NVS-PAK1-1,raw,2.02,False,0.8577657936864387,0.32073816326172455,0.936456400829144,True,27.859951866897372
source_10,2021_08_12_U2OS_48_hr_run15,13,quinidine,raw,2.02,False,0.6944759595473804,0.29644986248852173,0.8694561149379805,True,6.310556280831206
source_10,2021_08_12_U2OS_48_hr_run15,13,TC-S-7004,raw,2.02,False,0.8374435437110257,0.3330066673340831,0.8877203437803909,True,54.18301229372317
source_10,2021_08_17_U2OS_48_hr_run16,14,AMG900,raw,2.59,False,0.8469740565606334,0.16950178803730553,0.9259344086062735,True,48.622502134234864
source_10,2021_08_17_U2OS_48_hr_run16,14,dexamethasone,raw,2.59,False,0.8076715239838836,0.13458750664920066,0.838440596268278,True,8.290185029793077
source_10,2021_08_17_U2OS_48_hr_run16,14,FK-866,raw,2.59,False,0.7060817573467306,0.2562741025607077,0.8735593252897089,True,26.49599875152307
source_10,2021_08_17_U2OS_48_hr_run16,14,LY2109761,raw,2.59,False,0.821540329555056,0.298511395246845,0.903414380077662,True,34.2489845264665
source_10,2021_08_17_U2OS_48_hr_run16,14,NVS-PAK1-1,raw,2.59,False,0.8002000734816683,0.3110512342770267,0.879039118371786,True,22.93210627639099
source_10,2021_08_17_U2OS_48_hr_run16,14,quinidine,raw,2.59,False,0.4894202509742174,0.15831242338997079,0.5774372261821765,False,4.723273892442411
source_10,2021_08_17_U2OS_48_hr_run16,14,TC-S-7004,raw,2.59,False,0.746869575578413,0.31524430320499125,0.8501885589759447,True,46.147189044237244
source_10,2021_08_20_U2OS_48_hr_run17,15,AMG900,raw,2.94,False,0.8586440558465902,0.14737241790607847,0.9293276777370472,True,42.92160444642089
source_10,2021_08_20_U2OS_48_hr_run17,15,dexamethasone,raw,2.94,False,0.6897442211762757,0.29398076651668203,0.8562038577211323,True,7.385641495838564
source_10,2021_08_20_U2OS_48_hr_run17,15,FK-866,raw,2.94,False,0.7173067915732843,0.30315257986956196,0.859928247236923,True,28.880099586745306
source_10,2021_08_20_U2OS_48_hr_run17,15,LY2109761,raw,2.94,False,0.8546277203965409,0.32262668974646685,0.938883614890115,True,32.8122188134918
source_10,2021_08_20_U2OS_48_hr_run17,15,NVS-PAK1-1,raw,2.94,False,0.8010784490938602,0.26716608245581147,0.8119284166357607,True,22.034144857423996
source_10,2021_08_20_U2OS_48_hr_run17,15,quinidine,raw,2.94,False,0.6429227344110149,0.3673582220525601,0.535651224405658,True,7.938873179879202
source_10,2021_08_20_U2OS_48_hr_run17,15,TC-S-7004,raw,2.94,False,0.7358125388761592,0.29901836402224874,0.7977699787005514,True,47.09245107512032
source_10,2021_08_23_U2OS_48_hr_run18,16,AMG900,raw,1.73,False,0.8973563248686202,0.11898449357608212,0.9656679747647331,True,48.74895510505152
source_10,2021_08_23_U2OS_48_hr_run18,16,dexamethasone,raw,1.73,False,0.7908126660584122,0.17189241767758756,0.6723991649408317,True,8.44778905571362
source_10,2021_08_23_U2OS_48_hr_run18,16,FK-866,raw,1.73,False,0.7974882326192165,0.335960036205659,0.9207444749520228,True,27.995525552855067
source_10,2021_08_23_U2OS_48_hr_run18,16,LY2109761,raw,1.73,False,0.9132757090316826,0.3011100654172378,0.9142074644616665,True,32.762348933482436
source_10,2021_08_23_U2OS_48_hr_run18,16,NVS-PAK1-1,raw,1.73,False,0.8378753541633648,0.31881389994564996,0.856420793116544,True,21.368970999552058
source_10,2021_08_23_U2OS_48_hr_run18,16,quinidine,raw,1.73,False,0.5544012448209792,0.20794651531731598,0.4558117867287382,True,10.78896540388413
source_10,2021_08_23_U2OS_48_hr_run18,16,TC-S-7004,raw,1.73,False,0.8058221732634552,0.3369076425699835,0.918213532517733,True,44.6840159969355
source_10,2021_08_23_U2OS_48_hr_run18,16,aloxistatin,raw,1.73,False,0.3679075025608889,0.0673001692691839,0.08929378313035603,True,8.132696156242236
source_10,2021_08_23_U2OS_48_hr_run19,17,AMG900,raw,1.78,False,0.8769332958171747,0.1525609138623416,0.9532292801629648,True,48.322972342309804
source_10,2021_08_23_U2OS_48_hr_run19,17,dexamethasone,raw,1.78,False,0.7674770369223687,0.15251832393103953,0.7001558190724272,True,9.267529911530367
source_10,2021_08_23_U2OS_48_hr_run19,17,FK-866,raw,1.78,False,0.7106515609088585,0.35126215832358904,0.8793107321201736,True,26.151658300509872
source_10,2021_08_23_U2OS_48_hr_run19,17,LY2109761,raw,1.78,False,0.8325769839379047,0.32330880963617087,0.8053772730133887,True,32.9043766369551
source_10,2021_08_23_U2OS_48_hr_run19,17,NVS-PAK1-1,raw,1.78,False,0.42411768517034104,0.4503657678514394,0.4734893731850658,False,25.39139551251264
source_10,2021_08_23_U2OS_48_hr_run19,17,quinidine,raw,1.78,False,0.593964699921919,0.23653260818649594,0.2225833992301835,False,16.201806765663875
source_10,2021_08_23_U2OS_48_hr_run19,17,TC-S-7004,raw,1.78,False,0.7248960427573146,0.35099345009314525,0.8280816416308711,True,52.44709174694515
source_10,2021_08_23_U2OS_48_hr_run19,17,aloxistatin,raw,1.78,False,0.2910453490505037,0.04122271457325139,0.13107821180820942,False,16.997841925442938
source_10,2021_05_31_U2OS_48_hr_run1,1,AMG900,own,0.65,False,0.9262157521124939,0.04530411080854661,,True,242.60312103509617
source_10,2021_05_31_U2OS_48_hr_run1,1,dexamethasone,own,0.65,False,0.8589365446939554,0.30264296815270325,,True,26.07242347632699
source_10,2021_05_31_U2OS_48_hr_run1,1,FK-866,own,0.65,False,0.8167836352783291,0.29454413629411225,,True,83.16419207612773
source_10,2021_05_31_U2OS_48_hr_run1,1,LY2109761,own,0.65,False,0.876712517433708,0.27479949036918494,,True,125.72077159858395
source_10,2021_05_31_U2OS_48_hr_run1,1,NVS-PAK1-1,own,0.65,False,0.8514635696206698,0.21486674375474554,,True,77.99241066003053
source_10,2021_05_31_U2OS_48_hr_run1,1,quinidine,own,0.65,False,0.5482258790219721,0.15533736469906798,,True,20.84444397456612
source_10,2021_05_31_U2OS_48_hr_run1,1,TC-S-7004,own,0.65,False,0.7820835277625908,0.22986796067838397,,True,180.28842571044137
source_10,2021_05_31_U2OS_48_hr_run1,1,aloxistatin,own,0.65,False,0.5306021130376759,0.16489158486214026,,True,14.245982083314875
source_10,2021_06_01_U2OS_48_hr_run2,2,AMG900,own,1.53,False,0.9317140869106662,0.019633359096679816,0.9803383234870218,True,221.57730899463175
source_10,2021_06_01_U2OS_48_hr_run2,2,dexamethasone,own,1.53,False,0.8661648693678825,0.3251761272988545,0.9354544240929799,True,24.4759887303673
source_10,2021_06_01_U2OS_48_hr_run2,2,FK-866,own,1.53,False,0.8331726270479395,0.29054875780312434,0.9359247704910422,True,79.31474307266909
source_10,2021_06_01_U2OS_48_hr_run2,2,LY2109761,own,1.53,False,0.9175580894035692,0.2665183007886153,0.9348050895053415,True,113.04513301445637
source_10,2021_06_01_U2OS_48_hr_run2,2,NVS-PAK1-1,own,1.53,False,0.8993054845035846,0.19890358210008,0.9153110494001331,True,68.59299039343794
source_10,2021_06_01_U2OS_48_hr_run2,2,quinidine,own,1.53,False,0.7025440492061954,0.29367836551071835,0.586177102862175,True,16.56185350498224
source_10,2021_06_01_U2OS_48_hr_run2,2,TC-S-7004,own,1.53,False,0.794210681360042,0.23338433342776796,0.9415256694194952,True,164.72685618823468
source_10,2021_06_01_U2OS_48_hr_run2,2,aloxistatin,own,1.53,False,0.5224761090834554,0.2685831379658538,0.6679638935107024,False,21.40898504916262
source_10,2021_06_07_U2OS_48_hr_run3,3,AMG900,own,1.51,False,0.9179202779511979,0.035957893952387444,0.975966856868274,True,210.39037775634282
source_10,2021_06_07_U2OS_48_hr_run3,3,dexamethasone,own,1.51,False,0.8349410306516697,0.35566346761325374,0.9343110808957799,True,24.86228207540619
source_10,2021_06_07_U2OS_48_hr_run3,3,FK-866,own,1.51,False,0.8388021052585831,0.348025827102593,0.8929784771819986,True,74.33106461136767
source_10,2021_06_07_U2OS_48_hr_run3,3,LY2109761,own,1.51,False,0.8990879900963094,0.27322043581548516,0.922961623898102,True,111.96277072522459
source_10,2021_06_07_U2OS_48_hr_run3,3,NVS-PAK1-1,own,1.51,False,0.6777614222767954,0.4430095567837122,0.6409798467073275,True,63.24015604167178
source_10,2021_06_07_U2OS_48_hr_run3,3,quinidine,own,1.51,False,0.5921026534016629,0.31272315127467376,0.10165918709329475,False,44.865942461827686
source_10,2021_06_07_U2OS_48_hr_run3,3,TC-S-7004,own,1.51,False,0.7532238367606074,0.2697538916475537,0.8778715117467688,True,122.53311123543611
source_10,2021_06_07_U2OS_48_hr_run3,3,aloxistatin,own,1.51,False,0.7534687942231575,0.3285146079365532,0.6772389896207096,True,12.518711360400495
source_10,2021_06_08_U2OS_48_hr_run4,4,AMG900,own,1.35,False,0.924296365861797,0.04378209054538113,0.9801515817826825,True,219.00546608863658
source_10,2021_06_08_U2OS_48_hr_run4,4,dexamethasone,own,1.35,False,0.8468203879024545,0.34436263729088806,0.9192689351429207,True,26.193360627920914
source_10,2021_06_08_U2OS_48_hr_run4,4,FK-866,own,1.35,False,0.8246366523257767,0.3065473194616915,0.9407636973865583,True,84.86248704457526
source_10,2021_06_08_U2OS_48_hr_run4,4,LY2109761,own,1.35,False,0.8307404110294374,0.35786497038908227,0.86144137592581,True,104.32740694930325
source_10,2021_06_08_U2OS_48_hr_run4,4,NVS-PAK1-1,own,1.35,False,0.865712219126489,0.2587178554022409,0.9268894915321506,True,74.26865290580295
source_10,2021_06_08_U2OS_48_hr_run4,4,quinidine,own,1.35,False,0.7221940431024585,0.35122737564321416,0.7272135024584594,True,18.350567076906984
source_10,2021_06_08_U2OS_48_hr_run4,4,TC-S-7004,own,1.35,False,0.8028190479808547,0.26421896955629326,0.8657690737400018,True,161.68741982954873
source_10,2021_06_08_U2OS_48_hr_run4,4,aloxistatin,own,1.35,False,0.7062321699665494,0.33879435370159555,0.6537490873464695,True,26.86714367678191
source_10,2021_06_14_U2OS_48_hr_run5,5,AMG900,own,1.47,False,0.8918880826746991,0.05437616077119962,0.9620557650233746,True,223.19011916362308
source_10,2021_06_14_U2OS_48_hr_run5,5,dexamethasone,own,1.47,False,0.781230384964025,0.28924201760003854,0.8186851642940145,True,27.085079607530076
source_10,2021_06_14_U2OS_48_hr_run5,5,FK-866,own,1.47,False,0.8134292383884888,0.2684827568564526,0.8924899464976903,True,92.4524053529389
source_10,2021_06_14_U2OS_48_hr_run5,5,LY2109761,own,1.47,False,0.9136360167371237,0.2736510727646233,0.9386699804046771,True,106.27350392758682
source_10,2021_06_14_U2OS_48_hr_run5,5,NVS-PAK1-1,own,1.47,False,0.8452141173957963,0.26114986019835845,0.8975689403534862,True,72.2738629606065
source_10,2021_06_14_U2OS_48_hr_run5,5,quinidine,own,1.47,False,0.5556327277644236,0.18341498931449032,0.6809922495372098,True,25.911039368201653
source_10,2021_06_14_U2OS_48_hr_run5,5,TC-S-7004,own,1.47,False,0.7582067065507438,0.24464871881521813,0.9135368088427953,True,151.1000261311368
source_10,2021_06_14_U2OS_48_hr_run5,5,aloxistatin,own,1.47,False,0.40188942300351777,0.23214176026372937,0.385206110363672,False,29.596703099238045
source_10,2021_06_15_U2OS_48_hr_run6,6,AMG900,own,1.8,False,0.9068085075117676,0.04777851858705623,0.959194632669753,True,219.9831194411752
source_10,2021_06_15_U2OS_48_hr_run6,6,dexamethasone,own,1.8,False,0.8823099250436295,0.18616309418115948,0.7667401267000504,True,27.589985636548995
source_10,2021_06_15_U2OS_48_hr_run6,6,FK-866,own,1.8,False,0.8214334118836938,0.20454031933269232,0.8636810326003241,True,92.4493167675173
source_10,2021_06_15_U2OS_48_hr_run6,6,LY2109761,own,1.8,False,0.923831679890198,0.2855795379846451,0.9251212714604792,True,109.90013510676935
source_10,2021_06_15_U2OS_48_hr_run6,6,NVS-PAK1-1,own,1.8,False,0.763808733612467,0.2712126853966123,0.832766259326752,True,77.67738540582593
source_10,2021_06_15_U2OS_48_hr_run6,6,quinidine,own,1.8,False,0.6096724497348325,0.1787149398405745,0.4970012597690755,False,21.472482530922203
source_10,2021_06_15_U2OS_48_hr_run6,6,TC-S-7004,own,1.8,False,0.7715305309749261,0.246971569759962,0.8424423138479656,True,188.45813840221075
source_10,2021_06_15_U2OS_48_hr_run6,6,aloxistatin,own,1.8,False,0.4594032501436034,0.21533926365577924,0.30355276858853214,True,57.20960798362964
source_10,2021_06_21_U2OS_48_hr_run7,7,AMG900,own,1.54,False,0.9226268257777327,0.0645142974409739,0.9810479931575891,True,226.8146271723784
source_10,2021_06_21_U2OS_48_hr_run7,7,dexamethasone,own,1.54,False,0.8851661048593342,0.34974710739083836,0.9472651336118967,True,27.25959058353989
source_10,2021_06_21_U2OS_48_hr_run7,7,FK-866,own,1.54,False,0.8400709052798617,0.32057293897132055,0.9260681351762344,True,93.35926824734835
source_10,2021_06_21_U2OS_48_hr_run7,7,LY2109761,own,1.54,False,0.9031869220505566,0.2932796780822188,0.965453621367369,True,126.9620770917557
source_10,2021_06_21_U2OS_48_hr_run7,7,NVS-PAK1-1,own,1.54,False,0.8940886684425393,0.247818830046984,0.9141301114153907,True,80.90526914753038
source_10,2021_06_21_U2OS_48_hr_run7,7,quinidine,own,1.54,False,0.6216544882466529,0.18790757888726062,0.8897273209665049,True,20.935514524853527
source_10,2021_06_21_U2OS_48_hr_run7,7,TC-S-7004,own,1.54,False,0.7890670901979634,0.26464651310671156,0.9468867372094023,True,167.93465510113464
source_10,2021_06_21_U2OS_48_hr_run7,7,aloxistatin,own,1.54,False,0.6230463862358018,0.3556131095600577,0.6694235804372928,True,14.38727145411407
source_10,2021_06_22_U2OS_48_hr_run8,8,AMG900,own,1.72,False,0.9123952029015349,0.07913898648897015,0.9708545077574924,True,224.63622991547834
source_10,2021_06_22_U2OS_48_hr_run8,8,dexamethasone,own,1.72,False,0.7873411419553165,0.3475458536403345,0.8898289660927731,False,24.39940718970319
source_10,2021_06_22_U2OS_48_hr_run8,8,FK-866,own,1.72,False,0.757335188147084,0.354333339708867,0.8624946295524922,True,87.01791775680901
source_10,2021_06_22_U2OS_48_hr_run8,8,LY2109761,own,1.72,False,0.8587794590438242,0.2666435552852374,0.9360731875930787,True,116.79672962076533
source_10,2021_06_22_U2OS_48_hr_run8,8,NVS-PAK1-1,own,1.72,False,0.8552897364286901,0.2573169262085761,0.8660195569082021,True,80.3838830215602
source_10,2021_06_22_U2OS_48_hr_run8,8,quinidine,own,1.72,False,0.585479325887497,0.22705280312876602,0.7430585609327862,True,23.950793919936842
source_10,2021_06_22_U2OS_48_hr_run8,8,TC-S-7004,own,1.72,False,0.7728937511231957,0.2598142516699547,0.9015097163130643,True,181.7461452231993
source_10,2021_07_05_U2OS_48_hr_run10,9,AMG900,own,1.81,False,0.9169305854671594,0.04485258681485592,0.970352536913126,True,202.12406394706906
source_10,2021_07_05_U2OS_48_hr_run10,9,dexamethasone,own,1.81,False,0.8441765146837008,0.3231653951983456,0.9344607914303784,True,22.396549083090857
source_10,2021_07_05_U2OS_48_hr_run10,9,FK-866,own,1.81,False,0.8237372963733569,0.27950314543427823,0.8682754686917634,True,67.09001013157777
source_10,2021_07_05_U2OS_48_hr_run10,9,LY2109761,own,1.81,False,0.8855268755342436,0.261236846783654,0.934582691205459,True,111.75932581538926
source_10,2021_07_05_U2OS_48_hr_run10,9,NVS-PAK1-1,own,1.81,False,0.8942697742051877,0.22573218907948295,0.8633580890481687,True,71.6520772804971
source_10,2021_07_05_U2OS_48_hr_run10,9,quinidine,own,1.81,False,0.4881479020141599,0.16491031636575282,0.8604485563906301,True,22.777450226083623
source_10,2021_07_05_U2OS_48_hr_run10,9,TC-S-7004,own,1.81,False,0.7923634053219804,0.25243691591742207,0.9063204451499025,True,131.66886139899617
source_10,2021_07_05_U2OS_48_hr_run10,9,aloxistatin,own,1.81,False,0.6698285576022084,0.26674106289525373,0.670850194158684,True,23.940105134473256
source_10,2021_07_07_U2OS_48_hr_run11,10,AMG900,own,1.65,False,0.9165912772675261,0.03638492165637057,0.9652292532623571,True,236.20105729850263
source_10,2021_07_07_U2OS_48_hr_run11,10,dexamethasone,own,1.65,False,0.8904820221544945,0.2890496104646987,0.896219043642147,True,30.373113400591038
source_10,2021_07_07_U2OS_48_hr_run11,10,FK-866,own,1.65,False,0.7715727789640233,0.3102383790552178,0.8507386205884553,True,105.1238359771387
source_10,2021_07_07_U2OS_48_hr_run11,10,LY2109761,own,1.65,False,0.8871687800788879,0.27214955603188623,0.9349584471971247,True,139.16317970833506
source_10,2021_07_07_U2OS_48_hr_run11,10,NVS-PAK1-1,own,1.65,False,0.8814743190193104,0.16364733433714787,0.8748095673580024,True,91.01240450083044
source_10,2021_07_07_U2OS_48_hr_run11,10,quinidine,own,1.65,False,0.5765656771802805,0.21603446071916718,0.6958579783092715,True,52.36366803897962
source_10,2021_07_07_U2OS_48_hr_run11,10,TC-S-7004,own,1.65,False,0.7826015981251107,0.22167084989213226,0.8769940935324912,True,193.15490956465524
source_10,2021_08_03_U2OS_48_hr_run12,11,AMG900,own,1.9,False,0.9176971385604056,0.047873025707181084,0.9690584693108795,True,215.91070433552284
source_10,2021_08_03_U2OS_48_hr_run12,11,dexamethasone,own,1.9,False,0.7867563858317713,0.2688964187483525,0.9171812897403432,True,27.817599483344225
source_10,2021_08_03_U2OS_48_hr_run12,11,FK-866,own,1.9,False,0.8077591710728844,0.3066373095676312,0.8971458740391134,True,98.6790764743158
source_10,2021_08_03_U2OS_48_hr_run12,11,LY2109761,own,1.9,False,0.8850008060086276,0.2653252182950681,0.9447610553625649,True,134.60533582051787
source_10,2021_08_03_U2OS_48_hr_run12,11,NVS-PAK1-1,own,1.9,False,0.8809448519139285,0.20188646830807302,0.8668698685308616,True,86.67937176990594
source_10,2021_08_03_U2OS_48_hr_run12,11,quinidine,own,1.9,False,0.638826291460812,0.3085681470442344,0.7965016210159948,True,16.74922539986736
source_10,2021_08_03_U2OS_48_hr_run12,11,TC-S-7004,own,1.9,False,0.7556592629029235,0.22605285641677955,0.7631960188344946,True,203.07980031060745
source_10,2021_08_09_U2OS_48_hr_run13,12,AMG900,own,2.0,False,0.9174389409582363,0.043124265953136946,0.9640052779600154,True,206.3791424620319
source_10,2021_08_09_U2OS_48_hr_run13,12,dexamethasone,own,2.0,False,0.8218674342323814,0.3384569774708119,0.9042093380444082,True,21.409310765622052
source_10,2021_08_09_U2OS_48_hr_run13,12,FK-866,own,2.0,False,0.7589736995498626,0.2895844401261445,0.8627677986864775,True,79.90837944150107
source_10,2021_08_09_U2OS_48_hr_run13,12,LY2109761,own,2.0,False,0.878022229393008,0.2622284846232607,0.9245498836144445,True,107.14928064700021
source_10,2021_08_09_U2OS_48_hr_run13,12,NVS-PAK1-1,own,2.0,False,0.8203791442749743,0.21632357888079162,0.7994176962980302,True,79.8211816773118
source_10,2021_08_09_U2OS_48_hr_run13,12,quinidine,own,2.0,False,0.7328828528553212,0.36877310738437385,0.6616735101556148,True,16.82405635824558
source_10,2021_08_09_U2OS_48_hr_run13,12,TC-S-7004,own,2.0,False,0.7797493659826107,0.2539869102137062,0.843234411313586,True,146.3480177931845
source_10,2021_08_09_U2OS_48_hr_run13,12,aloxistatin,own,2.0,False,0.7114982334694993,0.38430423950719866,0.4807031589095226,True,19.97202635494361
source_10,2021_08_12_U2OS_48_hr_run15,13,AMG900,own,2.02,False,0.9042907690179594,0.10629549389249555,0.9317631651374703,True,231.82878012016184
source_10,2021_08_12_U2OS_48_hr_run15,13,dexamethasone,own,2.02,False,0.6136683674064447,0.23135145358594622,0.5397476739080167,False,79.03656506807344
source_10,2021_08_12_U2OS_48_hr_run15,13,FK-866,own,2.02,False,0.7956714082083901,0.24027893733629258,0.8539082345912383,True,99.94457447332184
source_10,2021_08_12_U2OS_48_hr_run15,13,LY2109761,own,2.02,False,0.8783006186042015,0.264487625292509,0.8801216788852912,True,136.28125953447952
source_10,2021_08_12_U2OS_48_hr_run15,13,NVS-PAK1-1,own,2.02,False,0.8835214617556202,0.25360895282122126,0.8928996467968388,True,100.52438685343934
source_10,2021_08_12_U2OS_48_hr_run15,13,quinidine,own,2.02,False,0.7102762734069139,0.31833532128026204,0.7790030140295907,True,18.49824774415905
source_10,2021_08_12_U2OS_48_hr_run15,13,TC-S-7004,own,2.02,False,0.8223588558299753,0.28555383127662776,0.8450517316627306,True,216.78583616521402
source_10,2021_08_17_U2OS_48_hr_run16,14,AMG900,own,2.59,False,0.8961371575684266,0.08437058127104187,0.9497620775726916,True,208.7377733468904
source_10,2021_08_17_U2OS_48_hr_run16,14,dexamethasone,own,2.59,False,0.8628457586311422,0.13778483714974468,0.7815169031127235,True,22.28213358743226
source_10,2021_08_17_U2OS_48_hr_run16,14,FK-866,own,2.59,False,0.7422553064162832,0.22797976753566787,0.8090017016374983,True,85.12365420009804
source_10,2021_08_17_U2OS_48_hr_run16,14,LY2109761,own,2.59,False,0.8137048262101318,0.2385691616598599,0.8515052253108502,True,115.46215567545616
source_10,2021_08_17_U2OS_48_hr_run16,14,NVS-PAK1-1,own,2.59,False,0.8356815883485106,0.27524141768602833,0.8097945415054781,True,73.3354573916537
source_10,2021_08_17_U2OS_48_hr_run16,14,quinidine,own,2.59,False,0.49082265759537536,0.193259748259681,0.38871547244124516,False,12.594852775148102
source_10,2021_08_17_U2OS_48_hr_run16,14,TC-S-7004,own,2.59,False,0.7454083493050505,0.2821077885543037,0.8290351752607692,True,165.51002798301138
source_10,2021_08_20_U2OS_48_hr_run17,15,AMG900,own,2.94,False,0.8835590859016769,0.05900911938550019,0.9480593965084416,True,174.23956984722022
source_10,2021_08_20_U2OS_48_hr_run17,15,dexamethasone,own,2.94,False,0.7062772662221651,0.31903975315099226,0.8351426524894057,False,17.122153711118266
source_10,2021_08_20_U2OS_48_hr_run17,15,FK-866,own,2.94,False,0.7787804420077162,0.2783578125370397,0.8313452228103394,True,76.36347208669254
source_10,2021_08_20_U2OS_48_hr_run17,15,LY2109761,own,2.94,False,0.8488714220855965,0.24347361063340323,0.914622133199483,True,96.01174235167916
source_10,2021_08_20_U2OS_48_hr_run17,15,NVS-PAK1-1,own,2.94,False,0.8397657516023976,0.22284682688572963,0.7754023449731311,True,63.31336541008048
source_10,2021_08_20_U2OS_48_hr_run17,15,quinidine,own,2.94,False,0.5884998889866861,0.3861650718696096,0.3235529559206924,True,18.685008675812238
source_10,2021_08_20_U2OS_48_hr_run17,15,TC-S-7004,own,2.94,False,0.7631715413243043,0.26073702026842227,0.7315988453182538,True,142.7823644356151
source_10,2021_08_23_U2OS_48_hr_run18,16,AMG900,own,1.73,False,0.9223340995147158,0.0476196599773626,0.9754377984423552,True,238.64069337008127
source_10,2021_08_23_U2OS_48_hr_run18,16,dexamethasone,own,1.73,False,0.7569816067154069,0.12234144228758106,0.6419596608147636,True,30.731416001044753
source_10,2021_08_23_U2OS_48_hr_run18,16,FK-866,own,1.73,False,0.7864233272589656,0.25916827994574876,0.888806496784577,True,103.74762906978695
source_10,2021_08_23_U2OS_48_hr_run18,16,LY2109761,own,1.73,False,0.9213466152150557,0.28155428211404937,0.8943234826720642,True,114.30382464791774
source_10,2021_08_23_U2OS_48_hr_run18,16,NVS-PAK1-1,own,1.73,False,0.823114166492579,0.2878085116282186,0.8618753930554457,True,75.91587715323385
source_10,2021_08_23_U2OS_48_hr_run18,16,quinidine,own,1.73,False,0.5925219581101142,0.20409096372601182,0.3160282249956668,True,33.40218030897049
source_10,2021_08_23_U2OS_48_hr_run18,16,TC-S-7004,own,1.73,False,0.8155109182115864,0.28128240294635576,0.929824395729207,True,180.4111276915029
source_10,2021_08_23_U2OS_48_hr_run18,16,aloxistatin,own,1.73,False,0.42242725086591904,0.08773031597768724,0.3261147184789248,True,31.437977997401923
source_10,2021_08_23_U2OS_48_hr_run19,17,AMG900,own,1.78,False,0.9142261309553595,0.06003830508706946,0.9662006362437339,True,218.44635980768385
source_10,2021_08_23_U2OS_48_hr_run19,17,dexamethasone,own,1.78,False,0.72308957455934,0.11922428038673905,0.643742149450603,True,30.991614740392876
source_10,2021_08_23_U2OS_48_hr_run19,17,FK-866,own,1.78,False,0.7227553791233563,0.26160162243257573,0.8579061614844928,True,92.69370556172451
source_10,2021_08_23_U2OS_48_hr_run19,17,LY2109761,own,1.78,False,0.8330013212378141,0.3105836342921761,0.7722624157042122,True,106.88639270121475
source_10,2021_08_23_U2OS_48_hr_run19,17,NVS-PAK1-1,own,1.78,False,0.34578103802954335,0.4080296234480332,0.4303848742019767,False,83.45629319747522
source_10,2021_08_23_U2OS_48_hr_run19,17,quinidine,own,1.78,False,0.5531501656256801,0.20570599514510227,-0.02945124316736476,False,52.900732675469776
source_10,2021_08_23_U2OS_48_hr_run19,17,TC-S-7004,own,1.78,False,0.7543798407794418,0.2919235337468992,0.8113351882603497,True,199.66885845821378
source_10,2021_08_23_U2OS_48_hr_run19,17,aloxistatin,own,1.78,False,0.3752004191280831,0.06603670260877091,0.3732376760219309,False,58.94883899572767
source_10,2021_05_31_U2OS_48_hr_run1,1,AMG900,scaled,0.65,False,0.6654901695558858,-0.018369947007432445,,True,60.07145289851521
source_10,2021_05_31_U2OS_48_hr_run1,1,dexamethasone,scaled,0.65,False,0.6910539010356636,0.10849070121069192,,True,10.316681766771875
source_10,2021_05_31_U2OS_48_hr_run1,1,FK-866,scaled,0.65,False,0.670418364550238,0.06324390396763081,,True,30.923781527556045
source_10,2021_05_31_U2OS_48_hr_run1,1,LY2109761,scaled,0.65,False,0.6721741485495054,0.13171934249060055,,True,38.67619979364542
source_10,2021_05_31_U2OS_48_hr_run1,1,NVS-PAK1-1,scaled,0.65,False,0.5627706440669217,0.0515813627413348,,True,25.107193346469245
source_10,2021_05_31_U2OS_48_hr_run1,1,quinidine,scaled,0.65,False,0.49456528275715733,0.06877086382550371,,True,7.466625696663915
source_10,2021_05_31_U2OS_48_hr_run1,1,TC-S-7004,scaled,0.65,False,0.5694857801230826,0.04908800645902277,,True,51.00297886316284
source_10,2021_05_31_U2OS_48_hr_run1,1,aloxistatin,scaled,0.65,False,0.2110609418015677,0.07762135956105891,,True,5.707786737628592
source_10,2021_06_01_U2OS_48_hr_run2,2,AMG900,scaled,1.53,False,0.6748288619240954,-0.018307385706586958,0.918574613296339,True,55.50268235546982
source_10,2021_06_01_U2OS_48_hr_run2,2,dexamethasone,scaled,1.53,False,0.7030526827305693,0.12422638804292967,0.8710181533452268,True,9.860436820565202
source_10,2021_06_01_U2OS_48_hr_run2,2,FK-866,scaled,1.53,False,0.6627963580801711,0.08441784407074723,0.8977610648059899,True,28.305588734469698
source_10,2021_06_01_U2OS_48_hr_run2,2,LY2109761,scaled,1.53,False,0.6878008455852054,0.13184351026788202,0.8917310648809247,True,34.799424416731235
source_10,2021_06_01_U2OS_48_hr_run2,2,NVS-PAK1-1,scaled,1.53,False,0.6400502416684491,0.050203377614785674,0.8396431475671795,True,21.62381489830173
source_10,2021_06_01_U2OS_48_hr_run2,2,quinidine,scaled,1.53,False,0.5519884058051503,0.08514356798997302,0.651224890924193,True,8.091490594193692
source_10,2021_06_01_U2OS_48_hr_run2,2,TC-S-7004,scaled,1.53,False,0.559039502037883,0.06689506141132387,0.8805313575416956,True,50.27189412898768
source_10,2021_06_01_U2OS_48_hr_run2,2,aloxistatin,scaled,1.53,False,0.2495527147321977,0.09019722426520438,0.4202169578996664,True,6.318517785019687
source_10,2021_06_07_U2OS_48_hr_run3,3,AMG900,scaled,1.51,False,0.6983984954670395,-0.0010713442767200773,0.9161120178763527,True,50.370632887718024
source_10,2021_06_07_U2OS_48_hr_run3,3,dexamethasone,scaled,1.51,False,0.6880906795815813,0.143055481979289,0.8755561292558365,True,9.888961423857367
source_10,2021_06_07_U2OS_48_hr_run3,3,FK-866,scaled,1.51,False,0.6495879925659042,0.11822527757021191,0.8518203812885017,True,26.58229492754494
source_10,2021_06_07_U2OS_48_hr_run3,3,LY2109761,scaled,1.51,False,0.6661451880433725,0.14858815814039308,0.8728253962605176,True,34.23288676500079
source_10,2021_06_07_U2OS_48_hr_run3,3,NVS-PAK1-1,scaled,1.51,False,0.4766354399876084,0.16975834859598105,0.5548753524095047,True,23.81525570728819
source_10,2021_06_07_U2OS_48_hr_run3,3,quinidine,scaled,1.51,False,0.39909538794681826,0.14188594070125196,0.29589710022939797,False,17.11193003951886
source_10,2021_06_07_U2OS_48_hr_run3,3,TC-S-7004,scaled,1.51,False,0.5477774904729122,0.07854609967730894,0.8188141436697534,True,42.59097843886935
source_10,2021_06_07_U2OS_48_hr_run3,3,aloxistatin,scaled,1.51,False,0.37875182016666703,0.10929760753706323,0.3695884248894181,True,4.496120254276873
source_10,2021_06_08_U2OS_48_hr_run4,4,AMG900,scaled,1.35,False,0.7033633529584129,0.006337975507955084,0.9346133171033492,True,51.295131458313335
source_10,2021_06_08_U2OS_48_hr_run4,4,dexamethasone,scaled,1.35,False,0.6716637692098794,0.13686272772257488,0.8818234517858834,True,10.460555258532997
source_10,2021_06_08_U2OS_48_hr_run4,4,FK-866,scaled,1.35,False,0.6636990840308533,0.08765158527007703,0.8916283747876977,True,31.65754010440203
source_10,2021_06_08_U2OS_48_hr_run4,4,LY2109761,scaled,1.35,False,0.5679370600744061,0.1795616821041344,0.7958793403303879,True,34.177213254732465
source_10,2021_06_08_U2OS_48_hr_run4,4,NVS-PAK1-1,scaled,1.35,False,0.6495168903448828,0.08506089918357299,0.7784068355735329,True,24.823110145017296
source_10,2021_06_08_U2OS_48_hr_run4,4,quinidine,scaled,1.35,False,0.5263985680502838,0.11266563406379766,0.7084052544991162,True,7.667250623451492
source_10,2021_06_08_U2OS_48_hr_run4,4,TC-S-7004,scaled,1.35,False,0.6077280390346428,0.07504467634132876,0.7944354151797097,True,50.69732474937236
source_10,2021_06_08_U2OS_48_hr_run4,4,aloxistatin,scaled,1.35,False,0.32292124496928276,0.12143131438461825,0.4135399100193394,True,9.63302196972162
source_10,2021_06_14_U2OS_48_hr_run5,5,AMG900,scaled,1.47,False,0.7037437781486945,-0.0058064764631977845,0.9356712638852516,True,49.824402448244946
source_10,2021_06_14_U2OS_48_hr_run5,5,dexamethasone,scaled,1.47,False,0.7118420912182175,0.12217170886161358,0.7884990037839866,True,9.46225876281329
source_10,2021_06_14_U2OS_48_hr_run5,5,FK-866,scaled,1.47,False,0.6686907850871469,0.07711185683948663,0.8804421905225547,True,29.97329235496087
source_10,2021_06_14_U2OS_48_hr_run5,5,LY2109761,scaled,1.47,False,0.674643356316134,0.1278686024111736,0.9196565257533806,True,32.47997619175605
source_10,2021_06_14_U2OS_48_hr_run5,5,NVS-PAK1-1,scaled,1.47,False,0.6121198003868118,0.050170408354119234,0.8028571806438826,True,22.892185071933838
source_10,2021_06_14_U2OS_48_hr_run5,5,quinidine,scaled,1.47,False,0.4274000178827152,0.07008086378713523,0.5916648407610925,True,9.199098899883088
source_10,2021_06_14_U2OS_48_hr_run5,5,TC-S-7004,scaled,1.47,False,0.6074111610492112,0.04733386515509067,0.8587129209860054,True,42.976208369266246
source_10,2021_06_14_U2OS_48_hr_run5,5,aloxistatin,scaled,1.47,False,0.14621714881876163,0.06416427267393557,0.04123435107857717,False,9.104505296273535
source_10,2021_06_15_U2OS_48_hr_run6,6,AMG900,scaled,1.8,False,0.7184660513265202,0.010196451785455031,0.9065626282989758,True,48.8824776672907
source_10,2021_06_15_U2OS_48_hr_run6,6,dexamethasone,scaled,1.8,False,0.7318498068917921,0.09275740623864878,0.7501895980133331,True,9.555551655700432
source_10,2021_06_15_U2OS_48_hr_run6,6,FK-866,scaled,1.8,False,0.6895810909223131,0.06642132177363239,0.8729091801489257,True,27.53283837664205
source_10,2021_06_15_U2OS_48_hr_run6,6,LY2109761,scaled,1.8,False,0.7029487791743059,0.140782189460037,0.8726741840947816,True,31.730329048769473
source_10,2021_06_15_U2OS_48_hr_run6,6,NVS-PAK1-1,scaled,1.8,False,0.5949556359362596,0.08258093021492048,0.7196472192718915,True,24.230972720883674
source_10,2021_06_15_U2OS_48_hr_run6,6,quinidine,scaled,1.8,False,0.515737854030743,0.10211675629558482,0.4255442766806742,True,7.6773671854341075
source_10,2021_06_15_U2OS_48_hr_run6,6,TC-S-7004,scaled,1.8,False,0.6487869178461064,0.0461161198154672,0.7075166551832309,True,53.87250497715345
source_10,2021_06_15_U2OS_48_hr_run6,6,aloxistatin,scaled,1.8,False,0.154980619017491,0.07041898956816138,0.056252436601718456,False,17.986572897894707
source_10,2021_06_21_U2OS_48_hr_run7,7,AMG900,scaled,1.54,False,0.7078606337538818,0.008500143595054657,0.9480698947754018,True,54.22995199888199
source_10,2021_06_21_U2OS_48_hr_run7,7,dexamethasone,scaled,1.54,False,0.7370302666232981,0.13955208701759964,0.888870674441809,True,9.96252681487207
source_10,2021_06_21_U2OS_48_hr_run7,7,FK-866,scaled,1.54,False,0.6759637326350018,0.08674384938565652,0.907732553432933,True,33.73700082985769
source_10,2021_06_21_U2OS_48_hr_run7,7,LY2109761,scaled,1.54,False,0.6803585594768915,0.14705939362966736,0.9447004308499026,True,36.215283180280906
source_10,2021_06_21_U2OS_48_hr_run7,7,NVS-PAK1-1,scaled,1.54,False,0.643423297484394,0.06258876209153934,0.8629544372235936,True,25.63971100542936
source_10,2021_06_21_U2OS_48_hr_run7,7,quinidine,scaled,1.54,False,0.5379338873538108,0.08006591644280944,0.8074532058138466,True,7.840443131679166
source_10,2021_06_21_U2OS_48_hr_run7,7,TC-S-7004,scaled,1.54,False,0.610975618246949,0.06441594793878828,0.9330641262544829,True,47.2941387861637
source_10,2021_06_21_U2OS_48_hr_run7,7,aloxistatin,scaled,1.54,False,0.29008316095721187,0.12801843568013832,0.4729562175267228,True,5.141249946844423
source_10,2021_06_22_U2OS_48_hr_run8,8,AMG900,scaled,1.72,False,0.6327995928457688,0.020633117337002366,0.9076683637843298,True,53.02992609395674
source_10,2021_06_22_U2OS_48_hr_run8,8,dexamethasone,scaled,1.72,False,0.681500592421718,0.13746260035308477,0.842671290873791,True,9.474878932334757
source_10,2021_06_22_U2OS_48_hr_run8,8,FK-866,scaled,1.72,False,0.6082786989464766,0.08672254956079865,0.8376782239658462,True,33.91886392530536
source_10,2021_06_22_U2OS_48_hr_run8,8,LY2109761,scaled,1.72,False,0.6286005022750302,0.15305962935708628,0.9059195150440009,True,34.87084232431821
source_10,2021_06_22_U2OS_48_hr_run8,8,NVS-PAK1-1,scaled,1.72,False,0.6192161282847122,0.07341210011086563,0.7892037398205252,True,26.351970056756986
source_10,2021_06_22_U2OS_48_hr_run8,8,quinidine,scaled,1.72,False,0.4687404933311841,0.07106307710812552,0.7187775540814574,True,10.214126192668294
source_10,2021_06_22_U2OS_48_hr_run8,8,TC-S-7004,scaled,1.72,False,0.5557418305159423,0.08218537530992642,0.81981351121636,True,51.46419884166479
source_10,2021_07_05_U2OS_48_hr_run10,9,AMG900,scaled,1.81,False,0.7117584726468895,0.0007690174524335418,0.8967966233758329,True,47.483120857646334
source_10,2021_07_05_U2OS_48_hr_run10,9,dexamethasone,scaled,1.81,False,0.7356461536596122,0.1335341694434373,0.8787964848064441,True,8.563636111982863
source_10,2021_07_05_U2OS_48_hr_run10,9,FK-866,scaled,1.81,False,0.6462261889576326,0.07335539072692711,0.8422117716541752,True,24.259490199786214
source_10,2021_07_05_U2OS_48_hr_run10,9,LY2109761,scaled,1.81,False,0.6568897869392143,0.1349195355492956,0.8734212048419115,True,33.40616639953651
source_10,2021_07_05_U2OS_48_hr_run10,9,NVS-PAK1-1,scaled,1.81,False,0.6339960713855723,0.0670132287965682,0.6840378447502259,True,22.59533408361013
source_10,2021_07_05_U2OS_48_hr_run10,9,quinidine,scaled,1.81,False,0.5179904736098353,0.07193113316083297,0.7615433494333353,True,7.620733026716211
source_10,2021_07_05_U2OS_48_hr_run10,9,TC-S-7004,scaled,1.81,False,0.5694508209924896,0.07749374080990926,0.8359050506002519,True,39.26841940863035
source_10,2021_07_05_U2OS_48_hr_run10,9,aloxistatin,scaled,1.81,False,0.4074450831122115,0.11072795433954262,0.46595061538866867,True,7.522523824392693
source_10,2021_07_07_U2OS_48_hr_run11,10,AMG900,scaled,1.65,False,0.6769400546435513,0.00897893642369071,0.898635301169296,True,57.56719921744077
source_10,2021_07_07_U2OS_48_hr_run11,10,dexamethasone,scaled,1.65,False,0.6751182303578851,0.10728512454834967,0.8206188066005049,True,11.858942934248741
source_10,2021_07_07_U2OS_48_hr_run11,10,FK-866,scaled,1.65,False,0.606590838025122,0.08785302399512518,0.8254610593102163,True,36.10361762482428
source_10,2021_07_07_U2OS_48_hr_run11,10,LY2109761,scaled,1.65,False,0.6529127397881724,0.14014371916144452,0.8777235897179922,True,38.964190325093824
source_10,2021_07_07_U2OS_48_hr_run11,10,NVS-PAK1-1,scaled,1.65,False,0.6499317160524427,0.05239792943673139,0.8081052415345695,True,26.102019111034362
source_10,2021_07_07_U2OS_48_hr_run11,10,quinidine,scaled,1.65,False,0.4435158758399076,0.0931464851072921,0.4922803086376873,True,17.087969403508925
source_10,2021_07_07_U2OS_48_hr_run11,10,TC-S-7004,scaled,1.65,False,0.549560893505596,0.07154312697274265,0.8254942302293491,True,55.12978514217174
source_10,2021_08_03_U2OS_48_hr_run12,11,AMG900,scaled,1.9,False,0.7001839714149177,0.014065189414836605,0.9029519681379783,True,52.26762610869219
source_10,2021_08_03_U2OS_48_hr_run12,11,dexamethasone,scaled,1.9,False,0.7709269003529884,0.12571306612514482,0.8675576368597697,True,9.295066242794327
source_10,2021_08_03_U2OS_48_hr_run12,11,FK-866,scaled,1.9,False,0.646148443984954,0.09408621105826716,0.8323074545937634,True,33.912649311992766
source_10,2021_08_03_U2OS_48_hr_run12,11,LY2109761,scaled,1.9,False,0.6617813225693443,0.13506074689857278,0.8738295999861848,True,37.22694291555975
source_10,2021_08_03_U2OS_48_hr_run12,11,NVS-PAK1-1,scaled,1.9,False,0.6315651390969957,0.06491665831574693,0.701118784512896,True,27.742336363426805
source_10,2021_08_03_U2OS_48_hr_run12,11,quinidine,scaled,1.9,False,0.5614577634083291,0.13675939021478287,0.678446292396756,True,5.8471339261830835
source_10,2021_08_03_U2OS_48_hr_run12,11,TC-S-7004,scaled,1.9,False,0.5873355157522581,0.05303459111040435,0.7142909197164065,True,58.00318762558242
source_10,2021_08_09_U2OS_48_hr_run13,12,AMG900,scaled,2.0,False,0.6928331174816299,0.002777468708715936,0.8885492196902849,True,48.38804028232572
source_10,2021_08_09_U2OS_48_hr_run13,12,dexamethasone,scaled,2.0,False,0.6609749846126942,0.1346194963419632,0.8745793252867208,True,9.228203148818354
source_10,2021_08_09_U2OS_48_hr_run13,12,FK-866,scaled,2.0,False,0.6093128634427807,0.0759909738844907,0.8106115494174412,True,31.095229697154515
source_10,2021_08_09_U2OS_48_hr_run13,12,LY2109761,scaled,2.0,False,0.6351506380319953,0.14118239085310694,0.8623404181417805,True,33.51567983635599
source_10,2021_08_09_U2OS_48_hr_run13,12,NVS-PAK1-1,scaled,2.0,False,0.6062357401352246,0.05682081671411583,0.6402559704142412,True,25.775464438621036
source_10,2021_08_09_U2OS_48_hr_run13,12,quinidine,scaled,2.0,False,0.539326782490425,0.12244655501591695,0.6953536518033046,True,7.556202237844576
source_10,2021_08_09_U2OS_48_hr_run13,12,TC-S-7004,scaled,2.0,False,0.5790173295571548,0.05801057040310558,0.7704830646704692,True,46.814853525812
source_10,2021_08_09_U2OS_48_hr_run13,12,aloxistatin,scaled,2.0,False,0.3145434696273172,0.1615152278101612,0.3464360430381215,True,7.078974926958803
source_10,2021_08_12_U2OS_48_hr_run15,13,AMG900,scaled,2.02,False,0.673790925389413,0.03938846235800063,0.8090288005465345,True,57.47587208044419
source_10,2021_08_12_U2OS_48_hr_run15,13,dexamethasone,scaled,2.02,False,0.27477420226442845,0.15321426923267709,0.25957169316950857,False,28.27868252038889
source_10,2021_08_12_U2OS_48_hr_run15,13,FK-866,scaled,2.02,False,0.6637109846725141,0.09477432590521628,0.8412946305527494,True,35.260511639594135
source_10,2021_08_12_U2OS_48_hr_run15,13,LY2109761,scaled,2.02,False,0.66127626872999,0.14949457084895384,0.8191111184276547,True,39.57487045443846
source_10,2021_08_12_U2OS_48_hr_run15,13,NVS-PAK1-1,scaled,2.02,False,0.5881906971588331,0.08235794294342559,0.7739870272931273,True,31.076570191136113
source_10,2021_08_12_U2OS_48_hr_run15,13,quinidine,scaled,2.02,False,0.5564510736985017,0.11737794182153327,0.7834065698720732,True,7.90257347767019
source_10,2021_08_12_U2OS_48_hr_run15,13,TC-S-7004,scaled,2.02,False,0.6690400704846478,0.07665656117943485,0.7645818581782291,True,65.36882968425193
source_10,2021_08_17_U2OS_48_hr_run16,14,AMG900,scaled,2.59,False,0.6226484347220502,0.012203753118993684,0.8399529581288797,True,49.8312900835474
source_10,2021_08_17_U2OS_48_hr_run16,14,dexamethasone,scaled,2.59,False,0.6608022493721815,0.0966434849709336,0.7373263642155508,True,8.424085022959645
source_10,2021_08_17_U2OS_48_hr_run16,14,FK-866,scaled,2.59,False,0.6445956199352536,0.07114462934796272,0.8162055989375072,True,29.53296008947147
source_10,2021_08_17_U2OS_48_hr_run16,14,LY2109761,scaled,2.59,False,0.5404268511484751,0.14483984222658758,0.750169595720449,True,33.08831238405762
source_10,2021_08_17_U2OS_48_hr_run16,14,NVS-PAK1-1,scaled,2.59,False,0.5886041678398026,0.07152945296460066,0.7221875769818258,True,22.826674695957564
source_10,2021_08_17_U2OS_48_hr_run16,14,quinidine,scaled,2.59,False,0.3985308618669667,0.09749825922546458,0.482220009970623,True,5.132844504210892
source_10,2021_08_17_U2OS_48_hr_run16,14,TC-S-7004,scaled,2.59,False,0.5560004472186731,0.05724314024041744,0.7298122807390054,True,48.305097566686094
source_10,2021_08_20_U2OS_48_hr_run17,15,AMG900,scaled,2.94,False,0.6741282264698847,0.01729014462071581,0.8201808862570251,True,39.21547637218209
source_10,2021_08_20_U2OS_48_hr_run17,15,dexamethasone,scaled,2.94,False,0.5794493040257984,0.11194403518168479,0.7958445474533244,True,7.005107380329672
source_10,2021_08_20_U2OS_48_hr_run17,15,FK-866,scaled,2.94,False,0.5937473282402649,0.07645909887649305,0.7596415481008151,True,27.359240579329875
source_10,2021_08_20_U2OS_48_hr_run17,15,LY2109761,scaled,2.94,False,0.5999322530145799,0.15412616104079926,0.7677506812287864,True,27.63776654756573
source_10,2021_08_20_U2OS_48_hr_run17,15,NVS-PAK1-1,scaled,2.94,False,0.6032499711712195,0.05504848413538964,0.5365480092884549,True,20.52233912709954
source_10,2021_08_20_U2OS_48_hr_run17,15,quinidine,scaled,2.94,False,0.5029275600224231,0.1750100943876197,0.5101679426072838,True,6.644450447212884
source_10,2021_08_20_U2OS_48_hr_run17,15,TC-S-7004,scaled,2.94,False,0.5521426991019872,0.05072472684767003,0.6159523727081617,True,46.31347137039768
source_10,2021_08_23_U2OS_48_hr_run18,16,AMG900,scaled,1.73,False,0.6971196863841116,-0.0046926204976169405,0.9230180451502541,True,59.188508843032615
source_10,2021_08_23_U2OS_48_hr_run18,16,dexamethasone,scaled,1.73,False,0.6835459591485789,0.09045729959111358,0.593813822605154,True,10.220304370115834
source_10,2021_08_23_U2OS_48_hr_run18,16,FK-866,scaled,1.73,False,0.6590528601923129,0.0841047375891777,0.8463903906760045,True,36.82370470337448
source_10,2021_08_23_U2OS_48_hr_run18,16,LY2109761,scaled,1.73,False,0.7022402047638955,0.11406609111171626,0.836638274505342,True,36.9630536112801
source_10,2021_08_23_U2OS_48_hr_run18,16,NVS-PAK1-1,scaled,1.73,False,0.6144664771254746,0.06029813289702089,0.7819476214754193,True,25.8598070285243
source_10,2021_08_23_U2OS_48_hr_run18,16,quinidine,scaled,1.73,False,0.42059711889489115,0.06781307127599953,0.30983373982704554,True,13.730308935942812
source_10,2021_08_23_U2OS_48_hr_run18,16,TC-S-7004,scaled,1.73,False,0.5662741434567693,0.08644330897575761,0.7936209478286695,True,57.40093660314271
source_10,2021_08_23_U2OS_48_hr_run18,16,aloxistatin,scaled,1.73,False,0.18041208834266703,0.026768480436458648,-0.05927515904972058,True,9.363274077520897
source_10,2021_08_23_U2OS_48_hr_run19,17,AMG900,scaled,1.78,False,0.6231851033171746,-0.00528336808169831,0.9011382216215409,True,55.27538503973184
source_10,2021_08_23_U2OS_48_hr_run19,17,dexamethasone,scaled,1.78,False,0.6674551483755957,0.07794442669942946,0.6218718675660939,True,11.02396200650776
source_10,2021_08_23_U2OS_48_hr_run19,17,FK-866,scaled,1.78,False,0.5832143124993079,0.10285572730901082,0.8107176391595238,True,29.784675600108944
source_10,2021_08_23_U2OS_48_hr_run19,17,LY2109761,scaled,1.78,False,0.6064400394127154,0.14127995038093105,0.7581000752381994,True,35.66743631475129
source_10,2021_08_23_U2OS_48_hr_run19,17,NVS-PAK1-1,scaled,1.78,False,0.2799942331517375,0.1450194219197575,0.4488023240496791,False,28.33315579649988
source_10,2021_08_23_U2OS_48_hr_run19,17,quinidine,scaled,1.78,False,0.4198002463690389,0.11748420393308637,0.17540489075594026,True,19.787709655068273
source_10,2021_08_23_U2OS_48_hr_run19,17,TC-S-7004,scaled,1.78,False,0.4761329107478595,0.07499947265019972,0.6735662618452269,True,66.4065705033746
source_10,2021_08_23_U2OS_48_hr_run19,17,aloxistatin,scaled,1.78,False,0.09668050667905766,0.031137016244386216,-0.06710478204569942,False,16.394699962043315
source_10,2021_05_31_U2OS_48_hr_run1,1,AMG900,field,0.65,False,0.9090830333434703,0.033635029768368914,,True,93.27864258857893
source_10,2021_05_31_U2OS_48_hr_run1,1,dexamethasone,field,0.65,False,0.8693136520396383,0.2669761387808011,,True,12.461230020635083
source_10,2021_05_31_U2OS_48_hr_run1,1,FK-866,field,0.65,False,0.7816797433360412,0.2451236210830328,,True,35.84855106367986
source_10,2021_05_31_U2OS_48_hr_run1,1,LY2109761,field,0.65,False,0.8836678220941842,0.29621410146846155,,True,55.253250195532296
source_10,2021_05_31_U2OS_48_hr_run1,1,NVS-PAK1-1,field,0.65,False,0.8624596281076382,0.21828543143928986,,True,33.19330165501081
source_10,2021_05_31_U2OS_48_hr_run1,1,quinidine,field,0.65,False,0.6229815678619958,0.15486575480037731,,True,8.847186889668768
source_10,2021_05_31_U2OS_48_hr_run1,1,TC-S-7004,field,0.65,False,0.8031295911924499,0.22765996110005607,,True,75.1653410201776
source_10,2021_05_31_U2OS_48_hr_run1,1,aloxistatin,field,0.65,False,0.48380470078087584,0.12335086575128563,,True,6.21392739032058
source_10,2021_06_01_U2OS_48_hr_run2,2,AMG900,field,1.53,False,0.9013758522170339,0.004564101374630568,0.9742866008694534,True,80.95443295284362
source_10,2021_06_01_U2OS_48_hr_run2,2,dexamethasone,field,1.53,False,0.8925303560019724,0.2779778767305537,0.9037707425828719,True,10.991034017852412
source_10,2021_06_01_U2OS_48_hr_run2,2,FK-866,field,1.53,False,0.8301279985043459,0.2495273496099452,0.9232562796624537,True,31.20355390521738
source_10,2021_06_01_U2OS_48_hr_run2,2,LY2109761,field,1.53,False,0.9264503748306087,0.26509135694790015,0.9236925933801917,True,45.61566876994459
source_10,2021_06_01_U2OS_48_hr_run2,2,NVS-PAK1-1,field,1.53,False,0.902519869473147,0.1684926720909334,0.899889296636843,True,27.03361807141922
source_10,2021_06_01_U2OS_48_hr_run2,2,quinidine,field,1.53,False,0.6886689932673521,0.22432556751356983,0.6628802407135196,True,7.140791661678784
source_10,2021_06_01_U2OS_48_hr_run2,2,TC-S-7004,field,1.53,False,0.8126664629336682,0.2196883165480255,0.9528793935898103,True,64.46814421414182
source_10,2021_06_01_U2OS_48_hr_run2,2,aloxistatin,field,1.53,False,0.48624925447142475,0.2631636642865621,0.62646951613701,True,6.86307933148949
source_10,2021_06_07_U2OS_48_hr_run3,3,AMG900,field,1.51,False,0.9015514398486798,0.008518145372022334,0.9754253897022511,True,82.56958170874566
source_10,2021_06_07_U2OS_48_hr_run3,3,dexamethasone,field,1.51,False,0.8623431560296504,0.3074422169446597,0.9094885150737693,True,11.489118289470174
source_10,2021_06_07_U2OS_48_hr_run3,3,FK-866,field,1.51,False,0.8244915710849676,0.2824606720646409,0.8648009067760029,True,31.89512018456988
source_10,2021_06_07_U2OS_48_hr_run3,3,LY2109761,field,1.51,False,0.9128719004765561,0.24043403790404655,0.9074255969060504,True,48.69209157296774
source_10,2021_06_07_U2OS_48_hr_run3,3,NVS-PAK1-1,field,1.51,False,0.5954585346168731,0.422827209581218,0.551118307806715,True,22.940196491039963
source_10,2021_06_07_U2OS_48_hr_run3,3,quinidine,field,1.51,False,0.5102979994516028,0.23264500194375715,0.22026983305323142,False,19.74320466790076
source_10,2021_06_07_U2OS_48_hr_run3,3,TC-S-7004,field,1.51,False,0.7246879155970689,0.23428270765726564,0.8994792805573352,True,44.92453587620197
source_10,2021_06_07_U2OS_48_hr_run3,3,aloxistatin,field,1.51,False,0.741924364162085,0.2966143402829678,0.6413086550537643,True,4.7199445193296565
source_10,2021_06_08_U2OS_48_hr_run4,4,AMG900,field,1.35,False,0.9116077232134007,0.033645246046794614,0.9820804839633639,True,86.24893392117555
source_10,2021_06_08_U2OS_48_hr_run4,4,dexamethasone,field,1.35,False,0.8710561763729628,0.29723190672908156,0.9065930552410213,True,11.552616491450404
source_10,2021_06_08_U2OS_48_hr_run4,4,FK-866,field,1.35,False,0.7770528522162242,0.2529610762060643,0.9005873363640198,True,33.65573385046888
source_10,2021_06_08_U2OS_48_hr_run4,4,LY2109761,field,1.35,False,0.8275435674831443,0.3252299145493128,0.8695128395407163,True,41.562076103302445
source_10,2021_06_08_U2OS_48_hr_run4,4,NVS-PAK1-1,field,1.35,False,0.8660224788206463,0.22879779703967937,0.9183237815607219,True,31.64115203878712
source_10,2021_06_08_U2OS_48_hr_run4,4,quinidine,field,1.35,False,0.7001846429932579,0.26812804389003475,0.7804755174221756,True,7.72451491507691
source_10,2021_06_08_U2OS_48_hr_run4,4,TC-S-7004,field,1.35,False,0.7975499007415616,0.23670314020060654,0.9076513789133493,True,69.9086845970781
source_10,2021_06_08_U2OS_48_hr_run4,4,aloxistatin,field,1.35,False,0.6170342110990312,0.3597255304091326,0.5840041443188153,True,8.949620399570463
source_10,2021_06_14_U2OS_48_hr_run5,5,AMG900,field,1.47,False,0.8876767158226391,0.022178735694613556,0.9741022035831759,True,86.61665342688562
source_10,2021_06_14_U2OS_48_hr_run5,5,dexamethasone,field,1.47,False,0.8541490535426202,0.30079123206798136,0.8253028378969242,True,11.385647475511256
source_10,2021_06_14_U2OS_48_hr_run5,5,FK-866,field,1.47,False,0.7642855420925512,0.23247014743801125,0.8919115889080702,True,37.043475471629755
source_10,2021_06_14_U2OS_48_hr_run5,5,LY2109761,field,1.47,False,0.9166275779885233,0.248966958439475,0.93811500039012,True,45.91484614868933
source_10,2021_06_14_U2OS_48_hr_run5,5,NVS-PAK1-1,field,1.47,False,0.8869189928151449,0.2126963537259768,0.9286718998465187,True,27.207105304942672
source_10,2021_06_14_U2OS_48_hr_run5,5,quinidine,field,1.47,False,0.6190539035850542,0.20220503006341772,0.6740914679005163,True,9.655611163383892
source_10,2021_06_14_U2OS_48_hr_run5,5,TC-S-7004,field,1.47,False,0.7706350464120503,0.21930460638071572,0.9337832031071136,True,59.09696566250923
source_10,2021_06_14_U2OS_48_hr_run5,5,aloxistatin,field,1.47,False,0.35658053740763895,0.19850134627317573,0.3694620961860379,False,10.543903722718484
source_10,2021_06_15_U2OS_48_hr_run6,6,AMG900,field,1.8,False,0.8840457341355327,0.025583645469379555,0.9668076712284112,True,89.25494745382497
source_10,2021_06_15_U2OS_48_hr_run6,6,dexamethasone,field,1.8,False,0.8915775497292744,0.15091785524590146,0.8037787248838962,True,13.006182471853135
source_10,2021_06_15_U2OS_48_hr_run6,6,FK-866,field,1.8,False,0.7834613868090803,0.17950114752386945,0.8937303548601139,True,38.48543235659229
source_10,2021_06_15_U2OS_48_hr_run6,6,LY2109761,field,1.8,False,0.9188412229778365,0.2617483374585058,0.9260400982515624,True,48.92956049696718
source_10,2021_06_15_U2OS_48_hr_run6,6,NVS-PAK1-1,field,1.8,False,0.8040120622034452,0.21067301684841164,0.8698704314425747,True,31.809438042738243
source_10,2021_06_15_U2OS_48_hr_run6,6,quinidine,field,1.8,False,0.644377920107849,0.14669890400190302,0.5628540346791349,False,9.035197562844742
source_10,2021_06_15_U2OS_48_hr_run6,6,TC-S-7004,field,1.8,False,0.8033013248656531,0.22255030155636707,0.8988326948739593,True,80.69096923139568
source_10,2021_06_15_U2OS_48_hr_run6,6,aloxistatin,field,1.8,False,0.25395971411257107,0.14495230109531052,0.24759457264494622,True,20.222341305595958
source_10,2021_06_21_U2OS_48_hr_run7,7,AMG900,field,1.54,False,0.9026294530887125,0.03637336738481757,0.9812042087574351,True,87.04198919586449
source_10,2021_06_21_U2OS_48_hr_run7,7,dexamethasone,field,1.54,False,0.9186726780555664,0.30546912457079267,0.9220693120601551,True,11.169900358118962
source_10,2021_06_21_U2OS_48_hr_run7,7,FK-866,field,1.54,False,0.7732652926908414,0.2445325092360538,0.920114554958114,True,37.89316969491553
source_10,2021_06_21_U2OS_48_hr_run7,7,LY2109761,field,1.54,False,0.9057791889004803,0.2748906176394298,0.969684882392323,True,49.87406154500319
source_10,2021_06_21_U2OS_48_hr_run7,7,NVS-PAK1-1,field,1.54,False,0.8847097984997915,0.20840947850487068,0.9102825557613199,True,31.618294412062166
source_10,2021_06_21_U2OS_48_hr_run7,7,quinidine,field,1.54,False,0.6425222616874768,0.16182931128092307,0.8875699311676738,True,8.021563673634157
source_10,2021_06_21_U2OS_48_hr_run7,7,TC-S-7004,field,1.54,False,0.7704113503053888,0.22804493030286999,0.9625617678813854,True,65.5674053411239
source_10,2021_06_21_U2OS_48_hr_run7,7,aloxistatin,field,1.54,False,0.5808266903861076,0.27272688184800076,0.6999172270263148,True,5.54621939223923
source_10,2021_06_22_U2OS_48_hr_run8,8,AMG900,field,1.72,False,0.8916869096657816,0.05812536461016821,0.9682545421915371,True,85.27214810076123
source_10,2021_06_22_U2OS_48_hr_run8,8,dexamethasone,field,1.72,False,0.8239441441692184,0.3148814145770694,0.897882373089556,False,11.16043324425344
source_10,2021_06_22_U2OS_48_hr_run8,8,FK-866,field,1.72,False,0.7227594971072286,0.275836725122914,0.8414518362409709,True,36.38372143979416
source_10,2021_06_22_U2OS_48_hr_run8,8,LY2109761,field,1.72,False,0.8776988633180691,0.2691997347811991,0.9488540127793773,True,49.15564322144521
source_10,2021_06_22_U2OS_48_hr_run8,8,NVS-PAK1-1,field,1.72,False,0.8651865959099667,0.2127707871304499,0.8636845213033555,True,30.731574897513426
source_10,2021_06_22_U2OS_48_hr_run8,8,quinidine,field,1.72,False,0.6287086256840482,0.21707135505078107,0.7460723814312906,True,11.462815243513033
source_10,2021_06_22_U2OS_48_hr_run8,8,TC-S-7004,field,1.72,False,0.7855897599267034,0.24347156448752652,0.9060950712018336,True,69.65467809427643
source_10,2021_07_05_U2OS_48_hr_run10,9,AMG900,field,1.81,False,0.9132547080071776,0.026437505309810892,0.9681954190900839,True,78.52529195584137
source_10,2021_07_05_U2OS_48_hr_run10,9,dexamethasone,field,1.81,False,0.8833747657670773,0.2628662329341897,0.9334333124004128,True,10.74879593273067
source_10,2021_07_05_U2OS_48_hr_run10,9,FK-866,field,1.81,False,0.7546977867655358,0.19392902294305608,0.8415881483595911,True,27.831460357987286
source_10,2021_07_05_U2OS_48_hr_run10,9,LY2109761,field,1.81,False,0.9070174585871852,0.23587379852793303,0.9426817893327154,True,44.440527061816304
source_10,2021_07_05_U2OS_48_hr_run10,9,NVS-PAK1-1,field,1.81,False,0.8909356810686377,0.19153484575451724,0.8760017522553938,True,27.251861348161224
source_10,2021_07_05_U2OS_48_hr_run10,9,quinidine,field,1.81,False,0.5623100592577511,0.15762814247550785,0.8490640581798841,True,9.349694835275667
source_10,2021_07_05_U2OS_48_hr_run10,9,TC-S-7004,field,1.81,False,0.8012273447439298,0.2408598633358689,0.9364400144951227,True,49.78867105287853
source_10,2021_07_05_U2OS_48_hr_run10,9,aloxistatin,field,1.81,False,0.5698533478440022,0.21957988242064055,0.6839813484366415,True,7.4961470818480755
source_10,2021_07_07_U2OS_48_hr_run11,10,AMG900,field,1.65,False,0.8781254955251849,0.032572252812293624,0.9588944689340149,True,88.57108941765485
source_10,2021_07_07_U2OS_48_hr_run11,10,dexamethasone,field,1.65,False,0.843365479531146,0.22621919535472498,0.8624776697942875,True,14.295545400468827
source_10,2021_07_07_U2OS_48_hr_run11,10,FK-866,field,1.65,False,0.6978095951880081,0.23331637782152703,0.8209547066576768,True,42.83517065616052
source_10,2021_07_07_U2OS_48_hr_run11,10,LY2109761,field,1.65,False,0.8753338952019885,0.25713675954176934,0.9402854014501172,True,51.95863279766494
source_10,2021_07_07_U2OS_48_hr_run11,10,NVS-PAK1-1,field,1.65,False,0.8458498539560999,0.1414221909715314,0.8585280877897526,True,34.188580196319755
source_10,2021_07_07_U2OS_48_hr_run11,10,quinidine,field,1.65,False,0.5943364982744859,0.19080381809955102,0.6261550062987772,True,19.45467191877517
source_10,2021_07_07_U2OS_48_hr_run11,10,TC-S-7004,field,1.65,False,0.7752752568219875,0.21448858990017,0.8907917904509985,True,72.57554342414294
source_10,2021_08_03_U2OS_48_hr_run12,11,AMG900,field,1.9,False,0.9055868122278365,0.028552296862693876,0.9745589156714629,True,79.63460359001658
source_10,2021_08_03_U2OS_48_hr_run12,11,dexamethasone,field,1.9,False,0.86392090980629,0.23817513022950548,0.8989749490803737,True,9.559491194098657
source_10,2021_08_03_U2OS_48_hr_run12,11,FK-866,field,1.9,False,0.7387118709920295,0.20521610895657796,0.8967670775927201,True,35.466306579324204
source_10,2021_08_03_U2OS_48_hr_run12,11,LY2109761,field,1.9,False,0.9031733500008967,0.2271664047218193,0.9456253807736628,True,45.507564361974076
source_10,2021_08_03_U2OS_48_hr_run12,11,NVS-PAK1-1,field,1.9,False,0.8738279188210202,0.18910119905440026,0.8784502650128261,True,27.441271928120226
source_10,2021_08_03_U2OS_48_hr_run12,11,quinidine,field,1.9,False,0.676311156207483,0.23755227825851907,0.7891074370111967,True,5.3728902021545775
source_10,2021_08_03_U2OS_48_hr_run12,11,TC-S-7004,field,1.9,False,0.7582367608502956,0.20528224865225808,0.8361747298874092,True,65.55966299465119
source_10,2021_08_09_U2OS_48_hr_run13,12,AMG900,field,2.0,False,0.9043083124829403,0.01814116617655015,0.9700915836002448,True,81.06389022204705
source_10,2021_08_09_U2OS_48_hr_run13,12,dexamethasone,field,2.0,False,0.8661294444277189,0.2845358648416359,0.9107834177946198,True,10.616829399850149
source_10,2021_08_09_U2OS_48_hr_run13,12,FK-866,field,2.0,False,0.6724108118549509,0.22145013185038306,0.8259083582082658,True,35.19798486739602
source_10,2021_08_09_U2OS_48_hr_run13,12,LY2109761,field,2.0,False,0.9081529512028197,0.23465225325888175,0.9458952943370899,True,44.695090010051395
source_10,2021_08_09_U2OS_48_hr_run13,12,NVS-PAK1-1,field,2.0,False,0.8274632876892867,0.19091410348472435,0.8226320487777972,True,28.581955348913368
source_10,2021_08_09_U2OS_48_hr_run13,12,quinidine,field,2.0,False,0.7744761235530611,0.29709182363155456,0.7581471619478453,True,7.33129048278088
source_10,2021_08_09_U2OS_48_hr_run13,12,TC-S-7004,field,2.0,False,0.7505554162890178,0.23123904646872706,0.878336501671352,True,59.37431129971216
source_10,2021_08_09_U2OS_48_hr_run13,12,aloxistatin,field,2.0,False,0.6037372597626072,0.36709066100169674,0.4443551706548825,True,6.344543108855841
source_10,2021_08_12_U2OS_48_hr_run15,13,AMG900,field,2.02,False,0.8998223098548197,0.07454863357494834,0.9381639760732916,True,89.01193058405059
source_10,2021_08_12_U2OS_48_hr_run15,13,dexamethasone,field,2.02,False,0.5670443434855731,0.19177120078674095,0.4944236556024702,False,32.56550190184342
source_10,2021_08_12_U2OS_48_hr_run15,13,FK-866,field,2.02,False,0.7507286481548736,0.21271662037337968,0.8813441882479346,True,40.12669058217302
source_10,2021_08_12_U2OS_48_hr_run15,13,LY2109761,field,2.02,False,0.9058460764217238,0.2831518938429954,0.9200793583889175,True,51.93836289084351
source_10,2021_08_12_U2OS_48_hr_run15,13,NVS-PAK1-1,field,2.02,False,0.889526579127019,0.26885082418752526,0.9062992223203667,True,38.29826132471427
source_10,2021_08_12_U2OS_48_hr_run15,13,quinidine,field,2.02,False,0.7504789686809403,0.2734032689966889,0.8372382356766959,True,7.767241527830017
source_10,2021_08_12_U2OS_48_hr_run15,13,TC-S-7004,field,2.02,False,0.8529967728586338,0.2783678357760439,0.8702129726750363,True,83.13633947389911
source_10,2021_08_17_U2OS_48_hr_run16,14,AMG900,field,2.59,False,0.8981944147954022,0.062132164256289535,0.9498239174944936,True,83.02144030018007
source_10,2021_08_17_U2OS_48_hr_run16,14,dexamethasone,field,2.59,False,0.878284174629042,0.13249399859075556,0.8530618412067288,True,10.551975653716587
source_10,2021_08_17_U2OS_48_hr_run16,14,FK-866,field,2.59,False,0.6638565922274859,0.1833420750454342,0.8244959222685361,True,34.0376042262982
source_10,2021_08_17_U2OS_48_hr_run16,14,LY2109761,field,2.59,False,0.8558703123546069,0.2574403579188789,0.933973540576902,True,44.92898828845347
source_10,2021_08_17_U2OS_48_hr_run16,14,NVS-PAK1-1,field,2.59,False,0.8470794625326258,0.2651207147598579,0.8515122886888946,True,27.626902235330203
source_10,2021_08_17_U2OS_48_hr_run16,14,quinidine,field,2.59,False,0.5132482286834025,0.1174319470597812,0.5916903057342264,False,6.485056896119938
source_10,2021_08_17_U2OS_48_hr_run16,14,TC-S-7004,field,2.59,False,0.7664046512691611,0.27738107920651706,0.8328620566934554,True,62.937726963779554
source_10,2021_08_20_U2OS_48_hr_run17,15,AMG900,field,2.94,False,0.9066209620809681,0.04865819974601599,0.9554612947283072,True,75.53245884125633
source_10,2021_08_20_U2OS_48_hr_run17,15,dexamethasone,field,2.94,False,0.7684469192119139,0.2664076485570307,0.8324230685242167,True,9.064682340597203
source_10,2021_08_20_U2OS_48_hr_run17,15,FK-866,field,2.94,False,0.7097837524420294,0.23119978560900772,0.7836269742133801,True,35.26513640543459
source_10,2021_08_20_U2OS_48_hr_run17,15,LY2109761,field,2.94,False,0.8778222205238297,0.24318071364559493,0.9317960713574143,True,44.8447232083094
source_10,2021_08_20_U2OS_48_hr_run17,15,NVS-PAK1-1,field,2.94,False,0.8311830217896299,0.18937415195710752,0.7643127153745033,True,27.70466128331059
source_10,2021_08_20_U2OS_48_hr_run17,15,quinidine,field,2.94,False,0.630141530206498,0.286313849448294,0.5206461749368181,True,9.596664013619339
source_10,2021_08_20_U2OS_48_hr_run17,15,TC-S-7004,field,2.94,False,0.7473915178998995,0.2653409896263141,0.6967416457694529,True,60.86801914096261
source_10,2021_08_23_U2OS_48_hr_run18,16,AMG900,field,1.73,False,0.9186665674312953,0.028331027057919574,0.9788270297775822,True,88.56797352172617
source_10,2021_08_23_U2OS_48_hr_run18,16,dexamethasone,field,1.73,False,0.8286845461716292,0.14725470348429884,0.7223700386716642,True,11.381597883441312
source_10,2021_08_23_U2OS_48_hr_run18,16,FK-866,field,1.73,False,0.7762263886593261,0.24842240063417678,0.9087451951628126,True,38.618401701056165
source_10,2021_08_23_U2OS_48_hr_run18,16,LY2109761,field,1.73,False,0.9390406666390514,0.2766788578931877,0.9228157004238664,True,44.33270065026628
source_10,2021_08_23_U2OS_48_hr_run18,16,NVS-PAK1-1,field,1.73,False,0.8835968837159089,0.24703751687162595,0.8963287497943964,True,29.073731950493965
source_10,2021_08_23_U2OS_48_hr_run18,16,quinidine,field,1.73,False,0.6195977231420675,0.19859580034529448,0.4101604163297401,True,11.827272060822452
source_10,2021_08_23_U2OS_48_hr_run18,16,TC-S-7004,field,1.73,False,0.8424975844763591,0.28108006876688435,0.9134680244489544,True,68.99582763179734
source_10,2021_08_23_U2OS_48_hr_run18,16,aloxistatin,field,1.73,False,0.2595553277106747,0.028007198445124053,0.32629455269626584,False,9.523891291134786
source_10,2021_08_23_U2OS_48_hr_run19,17,AMG900,field,1.78,False,0.9073504231358576,0.021934924174191444,0.9564401940711291,True,79.16139796782187
source_10,2021_08_23_U2OS_48_hr_run19,17,dexamethasone,field,1.78,False,0.8329299202161758,0.1270079015018518,0.7603491648537577,True,12.375096198061353
source_10,2021_08_23_U2OS_48_hr_run19,17,FK-866,field,1.78,False,0.700246909035148,0.2208725358619845,0.8758761758381373,True,33.848558072786204
source_10,2021_08_23_U2OS_48_hr_run19,17,LY2109761,field,1.78,False,0.8636932420145482,0.2918817116193116,0.8183074556482284,True,40.00017657288973
source_10,2021_08_23_U2OS_48_hr_run19,17,NVS-PAK1-1,field,1.78,False,0.3078820372074533,0.39275547313647036,0.35031929930527456,False,28.917438143602386
source_10,2021_08_23_U2OS_48_hr_run19,17,quinidine,field,1.78,False,0.5642415037752025,0.17196559547669596,0.1606157505516357,False,19.375374573256902
source_10,2021_08_23_U2OS_48_hr_run19,17,TC-S-7004,field,1.78,False,0.7531772437448818,0.30179934329293523,0.8036398890943091,True,72.62516853438879
source_10,2021_08_23_U2OS_48_hr_run19,17,aloxistatin,field,1.78,False,0.18370671404316888,0.027876888722120702,0.3631930514357068,False,19.49161632042456
source_11,Batch1,1,AMG900,raw,0.75,False,0.8821699134041874,0.14074094442533816,,True,48.95909969307602
source_11,Batch1,1,dexamethasone,raw,0.75,False,0.7534245941183324,0.08578356011309198,,True,7.4965123532743005
source_11,Batch1,1,FK-866,raw,0.75,False,0.7815595856296228,0.2358930060682683,,True,25.11453575645419
source_11,Batch1,1,LY2109761,raw,0.75,False,0.761613756885534,0.18679586735829515,,True,24.73025562457929
source_11,Batch1,1,NVS-PAK1-1,raw,0.75,False,0.6787824518843543,0.27432385395984066,,True,15.656338963720154
source_11,Batch1,1,quinidine,raw,0.75,False,0.8051303252549113,0.2901407522536238,,True,8.981206998164108
source_11,Batch1,1,TC-S-7004,raw,0.75,False,0.1539886098933033,0.42810017939270023,,False,9.75944422218677
source_11,Batch1,1,aloxistatin,raw,0.75,False,0.4010455608142338,0.050333718541385034,,False,4.042545244872184
source_11,Batch2,2,AMG900,raw,2.48,False,0.917571815751373,0.1256261859984173,0.9535803140501344,True,52.03254040126493
source_11,Batch2,2,dexamethasone,raw,2.48,False,0.7984760754141682,0.16066730494308423,0.9147679005724456,True,6.437110002141829
source_11,Batch2,2,FK-866,raw,2.48,False,0.7257551949296281,0.2488377205148489,0.9075442500228467,True,22.802854870204733
source_11,Batch2,2,LY2109761,raw,2.48,False,0.7841613502942746,0.2723709022817963,0.9346209479953381,True,25.074617508222946
source_11,Batch2,2,NVS-PAK1-1,raw,2.48,False,0.7415475135080988,0.23145409309541942,0.7569276755995291,True,20.913246725785413
source_11,Batch2,2,quinidine,raw,2.48,False,0.8066349938054609,0.3421401350823244,0.9019435113275844,True,8.495258629623502
source_11,Batch2,2,TC-S-7004,raw,2.48,False,0.1717164249632134,0.4165323923645558,0.9271070942414591,False,8.449581223337228
source_11,Batch2,2,aloxistatin,raw,2.48,False,0.48976442325427133,0.23322725529059288,0.8052506773410977,False,3.954022709455473
source_11,Batch3,3,AMG900,raw,2.96,True,0.9230274373561599,0.12599128509576135,0.9419584131108295,True,54.80362615148664
source_11,Batch3,3,dexamethasone,raw,2.96,True,0.7719857473925746,0.10305126893723575,0.9008449910188886,True,6.948040498917933
source_11,Batch3,3,FK-866,raw,2.96,True,0.7250354190979234,0.2146273676674713,0.9299315167291127,True,23.929324851746454
source_11,Batch3,3,LY2109761,raw,2.96,True,0.808970369675277,0.22059195834281983,0.9484896481146459,True,25.937959453341016
source_11,Batch3,3,NVS-PAK1-1,raw,2.96,True,0.7247765581344938,0.22137626378466832,0.9037761750428464,True,21.042623417565
source_11,Batch3,3,quinidine,raw,2.96,True,0.7827065822837813,0.2556100995882559,0.9111344589339773,True,6.546095092959873
source_11,Batch3,3,TC-S-7004,raw,2.96,True,0.019137368629420334,0.3714584451873462,0.8963892811732523,False,6.944361527748833
source_11,Batch3,3,aloxistatin,raw,2.96,True,0.5432955850465615,0.1942028591921054,0.8013362273682707,True,2.906333868414246
source_11,Batch4,4,AMG900,raw,2.67,False,0.9253093094494861,0.13423645965493244,0.937891496155751,True,56.83887253875083
source_11,Batch4,4,dexamethasone,raw,2.67,False,0.7998900506484419,0.15024588417621293,0.8578162950229351,True,7.071933044852219
source_11,Batch4,4,FK-866,raw,2.67,False,0.7785977834125986,0.2717846958084182,0.9379934200895265,True,24.523760820721822
source_11,Batch4,4,LY2109761,raw,2.67,False,0.8219189615229969,0.24587958989325312,0.9341914072858253,True,27.261141712992874
source_11,Batch4,4,NVS-PAK1-1,raw,2.67,False,0.7465039858239502,0.255232763291405,0.9046325665269299,True,22.938162405107903
source_11,Batch4,4,quinidine,raw,2.67,False,0.7625379540154351,0.2937917747582506,0.8762198672092603,False,6.786200352579209
source_11,Batch4,4,TC-S-7004,raw,2.67,False,0.10740589613243116,0.44036324010251604,0.8482892033242706,False,7.421434855813698
source_11,Batch4,4,aloxistatin,raw,2.67,False,0.6022048112170841,0.2209097736967959,0.7699435232394924,True,3.6916840794416865
source_11,Batch5,5,AMG900,raw,2.67,False,0.9129525241919626,0.16330652966345943,0.9525321580401993,True,51.993284375467596
source_11,Batch5,5,dexamethasone,raw,2.67,False,0.7762451836404956,0.25932826489783556,0.736737826632724,True,7.089682068316794
source_11,Batch5,5,FK-866,raw,2.67,False,0.7645906545617871,0.22975889979086633,0.9322741028971283,True,22.91444290943547
source_11,Batch5,5,LY2109761,raw,2.67,False,0.7783087587116004,0.21299498908833644,0.9388428914018939,True,24.385074475390038
source_11,Batch5,5,NVS-PAK1-1,raw,2.67,False,0.739142991353165,0.24748657222087325,0.9203671766038332,True,19.064406450266233
source_11,Batch5,5,quinidine,raw,2.67,False,0.7699264583789076,0.3699401976819865,0.818753521431449,True,8.903020624739854
source_11,Batch5,5,TC-S-7004,raw,2.67,False,0.1935656876154026,0.44045542780979546,0.8676077304075129,False,9.100254677046586
source_11,Batch5,5,aloxistatin,raw,2.67,False,0.5230814851812191,0.18381189422462002,0.6518620419133984,True,4.306659117406022
source_11,Batch1,1,AMG900,own,0.75,False,0.8675066708699338,0.07886724199200323,,True,202.49764216240575
source_11,Batch1,1,dexamethasone,own,0.75,False,0.6237802290095079,0.09077737873609629,,True,23.335833474330375
source_11,Batch1,1,FK-866,own,0.75,False,0.7588415399377209,0.19152561986962116,,True,82.43415983088366
source_11,Batch1,1,LY2109761,own,0.75,False,0.759414213098458,0.15539590517172885,,True,83.01123299156912
source_11,Batch1,1,NVS-PAK1-1,own,0.75,False,0.6922921669325148,0.19161460103303268,,True,58.18262144852738
source_11,Batch1,1,quinidine,own,0.75,False,0.753263131027692,0.30689819472277996,,True,28.456998515779546
source_11,Batch1,1,TC-S-7004,own,0.75,False,0.262384854688425,0.42039026661714357,,False,30.799284182211306
source_11,Batch1,1,aloxistatin,own,0.75,False,0.47950679763524895,0.03371615426978914,,True,15.453018416298939
source_11,Batch2,2,AMG900,own,2.48,False,0.8731839388419338,0.07093018274866382,0.9043912078796684,True,165.892564859213
source_11,Batch2,2,dexamethasone,own,2.48,False,0.7522271979308899,0.2008795925451903,0.8221022757600759,True,18.258369743323165
source_11,Batch2,2,FK-866,own,2.48,False,0.703128045897822,0.21262455921079154,0.866207148451798,True,70.87736302306176
source_11,Batch2,2,LY2109761,own,2.48,False,0.7869707332545325,0.25834812701325244,0.8513437659050389,True,71.55555896552406
source_11,Batch2,2,NVS-PAK1-1,own,2.48,False,0.7428758672055495,0.1888641044567025,0.7362905423680197,True,64.63508110185191
source_11,Batch2,2,quinidine,own,2.48,False,0.8185726831972593,0.32443495126648214,0.8315517967716418,True,28.07656294472968
source_11,Batch2,2,TC-S-7004,own,2.48,False,0.254645530763037,0.3995387788066758,0.8590592721026572,False,26.866025386378556
source_11,Batch2,2,aloxistatin,own,2.48,False,0.4964365349087524,0.21820301645646442,0.7606242368987564,False,12.393451878188088
source_11,Batch3,3,AMG900,own,2.96,True,0.9317544266491515,0.04078857344755251,0.9168362504794021,True,264.80806468114463
source_11,Batch3,3,dexamethasone,own,2.96,True,0.7687523458213884,0.13957526238113147,0.8261016155949221,True,26.90960613069968
source_11,Batch3,3,FK-866,own,2.96,True,0.6840681048137133,0.1772151580663809,0.8746076018503466,True,88.71481609951405
source_11,Batch3,3,LY2109761,own,2.96,True,0.8222079235551532,0.1888113484709065,0.9134254815500698,True,105.3603824823267
source_11,Batch3,3,NVS-PAK1-1,own,2.96,True,0.7614506174803015,0.13671664731295283,0.900060096264666,True,90.5399780840319
source_11,Batch3,3,quinidine,own,2.96,True,0.7901786740331458,0.27063705315864656,0.8536654998993675,True,25.66054029817293
source_11,Batch3,3,TC-S-7004,own,2.96,True,0.04857617485051215,0.380636039349367,0.8423129112670631,False,27.162066248005047
source_11,Batch3,3,aloxistatin,own,2.96,True,0.5668637210924677,0.16440409417172788,0.8061346730306924,True,13.191270968912162
source_11,Batch4,4,AMG900,own,2.67,False,0.9182444856071134,0.0551964429845568,0.899413243016707,True,261.0212814587342
source_11,Batch4,4,dexamethasone,own,2.67,False,0.781430021245768,0.1786103714096537,0.7789750388543125,True,27.070122748406074
source_11,Batch4,4,FK-866,own,2.67,False,0.7550904896557653,0.250395928249542,0.8851535602540352,True,89.93886534966688
source_11,Batch4,4,LY2109761,own,2.67,False,0.8345293071005935,0.21557834091047928,0.9155026560148648,True,108.46619008562152
source_11,Batch4,4,NVS-PAK1-1,own,2.67,False,0.7771187818724581,0.16182751331537035,0.9110443750528806,True,96.29823387079848
source_11,Batch4,4,quinidine,own,2.67,False,0.7717345962892972,0.3066649744403455,0.8119493472748929,True,25.704541414802073
source_11,Batch4,4,TC-S-7004,own,2.67,False,0.11133485766211224,0.4433817073944325,0.8167586823357982,False,28.744571621040357
source_11,Batch4,4,aloxistatin,own,2.67,False,0.6115953557411327,0.20176427711419845,0.7828652921370569,True,15.68142978143126
source_11,Batch5,5,AMG900,own,2.67,False,0.866848466736367,0.061773591039095306,0.8855964914936382,True,151.20280950963627
source_11,Batch5,5,dexamethasone,own,2.67,False,0.778143675715178,0.23399898431581787,0.6037306701603713,True,19.385783478126932
source_11,Batch5,5,FK-866,own,2.67,False,0.7357632951600944,0.16208065737276559,0.8521722838060168,True,60.15432222821404
source_11,Batch5,5,LY2109761,own,2.67,False,0.7770623128523257,0.1780277083367465,0.8854530594982425,True,70.28599070988228
source_11,Batch5,5,NVS-PAK1-1,own,2.67,False,0.7495086712078678,0.11758409448448005,0.8099420658878933,True,65.32466785967391
source_11,Batch5,5,quinidine,own,2.67,False,0.8142734846006204,0.34743252327827545,0.7330226601061037,True,23.54370848049328
source_11,Batch5,5,TC-S-7004,own,2.67,False,0.16829590582708753,0.4319149933762723,0.794137009524975,False,23.703868471671647
source_11,Batch5,5,aloxistatin,own,2.67,False,0.48563334899612054,0.14337729614792324,0.6877358379035118,True,15.4667169835102
source_11,Batch1,1,AMG900,scaled,0.75,False,0.48841148516304583,-0.017087829505825273,,True,52.53503814484246
source_11,Batch1,1,dexamethasone,scaled,0.75,False,0.5169474436744772,0.05446292309953306,,True,8.547136704612015
source_11,Batch1,1,FK-866,scaled,0.75,False,0.4794026807159193,0.06299173399978598,,True,34.00404192410992
source_11,Batch1,1,LY2109761,scaled,0.75,False,0.4827439076685193,0.06687475094756158,,True,28.200776123690467
source_11,Batch1,1,NVS-PAK1-1,scaled,0.75,False,0.41043048924379444,0.05832190865709148,,True,22.531939722267595
source_11,Batch1,1,quinidine,scaled,0.75,False,0.4415549215135844,0.09048779714601776,,False,10.622907914056887
source_11,Batch1,1,TC-S-7004,scaled,0.75,False,-0.0022496502552397067,0.16234838422117262,,False,11.633106126593928
source_11,Batch1,1,aloxistatin,scaled,0.75,False,0.42090548006735234,0.04543768985849136,,True,5.453544169962486
source_11,Batch2,2,AMG900,scaled,2.48,False,0.55260627881185,-0.002975428099760694,0.767949428105035,True,51.92247849483365
source_11,Batch2,2,dexamethasone,scaled,2.48,False,0.5598386108942452,0.09371916043646444,0.7914882262777728,True,7.6199946537942465
source_11,Batch2,2,FK-866,scaled,2.48,False,0.4691918904636112,0.055515830695252046,0.8573305595850942,True,31.433388565690315
source_11,Batch2,2,LY2109761,scaled,2.48,False,0.5301908491323386,0.09364585873441235,0.8088345462660481,True,29.220572357398794
source_11,Batch2,2,NVS-PAK1-1,scaled,2.48,False,0.3902520664217093,0.022213128056524884,0.733698168108295,True,24.542976127066122
source_11,Batch2,2,quinidine,scaled,2.48,False,0.4378872861670195,0.12932312136619836,0.7858745745337448,False,10.003356735834199
source_11,Batch2,2,TC-S-7004,scaled,2.48,False,0.004811864584726832,0.19837746084527552,0.8123699337262869,False,10.14395377715368
source_11,Batch2,2,aloxistatin,scaled,2.48,False,0.43992176636015956,0.0994599387033085,0.7553045759479674,True,5.092939862679938
source_11,Batch3,3,AMG900,scaled,2.96,True,0.6520354728469073,-0.007011385794971832,0.8067824184682214,True,66.6103990180957
source_11,Batch3,3,dexamethasone,scaled,2.96,True,0.591563444743783,0.06479205752692549,0.7985635293551144,True,9.072249837640532
source_11,Batch3,3,FK-866,scaled,2.96,True,0.5195600304755053,0.06912704897146282,0.8735696442355505,True,38.47429965202016
source_11,Batch3,3,LY2109761,scaled,2.96,True,0.6210327593163167,0.0904560326307391,0.8282238275406861,True,36.04994128080468
source_11,Batch3,3,NVS-PAK1-1,scaled,2.96,True,0.4779864628339783,0.04513969957385614,0.8301469603994702,True,32.65786534532667
source_11,Batch3,3,quinidine,scaled,2.96,True,0.5232358892244675,0.11686465818977425,0.7410968382421992,False,8.674916090358273
source_11,Batch3,3,TC-S-7004,scaled,2.96,True,-0.056095235153713535,0.2000441549538101,0.7361739917368055,False,9.321748795067393
source_11,Batch3,3,aloxistatin,scaled,2.96,True,0.462029336557796,0.07405201813753816,0.7439655889151919,True,4.6582468764286835
source_11,Batch4,4,AMG900,scaled,2.67,False,0.6659403597430312,-0.002796417986955227,0.8089450123454462,True,66.92870395495386
source_11,Batch4,4,dexamethasone,scaled,2.67,False,0.627800555484587,0.07723575306756546,0.7247165284774069,True,9.126532105056732
source_11,Batch4,4,FK-866,scaled,2.67,False,0.5743741370855202,0.07416219785538747,0.8766443458597599,True,39.019804855076096
source_11,Batch4,4,LY2109761,scaled,2.67,False,0.6383097977772982,0.10193960926896606,0.819666127200079,True,36.4630374345533
source_11,Batch4,4,NVS-PAK1-1,scaled,2.67,False,0.5149903888789283,0.06627009453285819,0.8261077626371682,True,34.159987214636814
source_11,Batch4,4,quinidine,scaled,2.67,False,0.48512505858736255,0.13088251375685908,0.6810957382065164,False,9.234790180711295
source_11,Batch4,4,TC-S-7004,scaled,2.67,False,-0.056507723417949865,0.23074382864938775,0.6477167888429299,False,9.742387062613375
source_11,Batch4,4,aloxistatin,scaled,2.67,False,0.5163192195959636,0.073074529818777,0.7355681647312933,True,5.938006525430507
source_11,Batch5,5,AMG900,scaled,2.67,False,0.6583883504803623,0.02814283297515536,0.8066162428741781,True,42.738309545914014
source_11,Batch5,5,dexamethasone,scaled,2.67,False,0.5521171539571552,0.11047440815185412,0.634403570693071,True,6.795914493405087
source_11,Batch5,5,FK-866,scaled,2.67,False,0.5218276055222191,0.05992222655944874,0.8232366168353201,True,25.022541236816675
source_11,Batch5,5,LY2109761,scaled,2.67,False,0.5857252462626044,0.10559327192194223,0.7935435215767771,True,22.86652685984271
source_11,Batch5,5,NVS-PAK1-1,scaled,2.67,False,0.49263183412959877,0.07472922197488503,0.8231345680097687,True,20.129444008379597
source_11,Batch5,5,quinidine,scaled,2.67,False,0.45364394330832136,0.1671986520258977,0.6818910088548498,False,8.116916546709398
source_11,Batch5,5,TC-S-7004,scaled,2.67,False,0.04474176546183652,0.21672478740182796,0.7132511843844126,False,8.517708058166713
source_11,Batch5,5,aloxistatin,scaled,2.67,False,0.4257389062573356,0.07018267005900757,0.6588583758172413,True,4.790072732976026
source_11,Batch1,1,AMG900,field,0.75,False,0.9033926772170919,0.06927916499598924,,True,69.58001308208418
source_11,Batch1,1,dexamethasone,field,0.75,False,0.8137290709901159,0.10144944573578377,,True,11.30418610863567
source_11,Batch1,1,FK-866,field,0.75,False,0.8204885858789417,0.22846529229234944,,True,35.11762742186669
source_11,Batch1,1,LY2109761,field,0.75,False,0.7817238531547714,0.14185733099108253,,True,35.50855912093548
source_11,Batch1,1,NVS-PAK1-1,field,0.75,False,0.712912073431268,0.22793443232744143,,True,21.865276826996634
source_11,Batch1,1,quinidine,field,0.75,False,0.8401527335564446,0.2923374256515213,,True,13.325293829456879
source_11,Batch1,1,TC-S-7004,field,0.75,False,0.1461184011179572,0.432010148873437,,False,14.147507386370329
source_11,Batch1,1,aloxistatin,field,0.75,False,0.4470941988270498,0.05808734696953571,,False,5.944633542950453
source_11,Batch2,2,AMG900,field,2.48,False,0.9266003291249002,0.07374855749102996,0.9509895690166559,True,67.38180321957188
source_11,Batch2,2,dexamethasone,field,2.48,False,0.8498141349789199,0.18109948936355708,0.8977202429317757,True,9.4555288040366
source_11,Batch2,2,FK-866,field,2.48,False,0.7723581276637879,0.22917317327805634,0.877879473220901,True,31.51245527465896
source_11,Batch2,2,LY2109761,field,2.48,False,0.8366854220866446,0.24923554741212411,0.9089724563116053,True,33.633847863772374
source_11,Batch2,2,NVS-PAK1-1,field,2.48,False,0.8219060317146272,0.15252379381634826,0.7628898930537557,True,28.090328661297402
source_11,Batch2,2,quinidine,field,2.48,False,0.8701799653587181,0.3241978677932394,0.8988613116060783,True,12.651168757685095
source_11,Batch2,2,TC-S-7004,field,2.48,False,0.14993095677858848,0.4161546719405819,0.9176346477807241,False,12.022056766480834
source_11,Batch2,2,aloxistatin,field,2.48,False,0.5549822196524765,0.22490400705141403,0.819566904312965,False,5.738544438551564
source_11,Batch3,3,AMG900,field,2.96,True,0.9479007389729064,0.054541004324486705,0.9236307731408885,True,97.81693049922194
source_11,Batch3,3,dexamethasone,field,2.96,True,0.8361000627141746,0.15041391677079763,0.9067766419767229,True,11.37329402990687
source_11,Batch3,3,FK-866,field,2.96,True,0.7415530903231516,0.22916307548381895,0.8785035030398853,True,35.79676239149555
source_11,Batch3,3,LY2109761,field,2.96,True,0.8549677124338949,0.21384973302051385,0.9229270019592187,True,39.272833989998766
source_11,Batch3,3,NVS-PAK1-1,field,2.96,True,0.7980078838807593,0.20859142562659397,0.9254002577917648,True,31.963626960188158
source_11,Batch3,3,quinidine,field,2.96,True,0.8386786044401058,0.27862142160736847,0.9104561459193614,True,10.462393894570534
source_11,Batch3,3,TC-S-7004,field,2.96,True,0.01106770586393438,0.39810746680796544,0.895231335514685,False,10.889240153190576
source_11,Batch3,3,aloxistatin,field,2.96,True,0.6106990488694144,0.21021725559870608,0.8003641295428454,True,4.660098841495897
source_11,Batch4,4,AMG900,field,2.67,False,0.9530048934435323,0.08284645978178531,0.9273068402227864,True,100.14802998429064
source_11,Batch4,4,dexamethasone,field,2.67,False,0.8442517225509003,0.175992118129144,0.893426435433178,True,10.982610340498313
source_11,Batch4,4,FK-866,field,2.67,False,0.8130209175979946,0.274357121092144,0.9168979670162979,True,36.23324944955805
source_11,Batch4,4,LY2109761,field,2.67,False,0.8536433067086271,0.24187958244038768,0.9246981688202405,True,40.48981129741262
source_11,Batch4,4,NVS-PAK1-1,field,2.67,False,0.7976962693807346,0.23550362541393763,0.915349684863128,True,34.90332779650935
source_11,Batch4,4,quinidine,field,2.67,False,0.8004201096908752,0.31580785626852637,0.8624567467453164,False,10.251189314637255
source_11,Batch4,4,TC-S-7004,field,2.67,False,0.10002059899692708,0.4603666226880851,0.8719454580956785,False,11.08842404103316
source_11,Batch4,4,aloxistatin,field,2.67,False,0.6342919642659581,0.24695112342165818,0.766826680885723,True,5.693032191542527
source_11,Batch5,5,AMG900,field,2.67,False,0.9385654183095398,0.05768420461121993,0.9298265175625211,True,80.70021971439814
source_11,Batch5,5,dexamethasone,field,2.67,False,0.8760728253573289,0.23861672085909186,0.8512147135868113,True,9.553522361033485
source_11,Batch5,5,FK-866,field,2.67,False,0.7616931357326341,0.12529866242070972,0.8976302242258123,True,31.24946812897317
source_11,Batch5,5,LY2109761,field,2.67,False,0.801082256766793,0.17168197417466638,0.9512627769102671,True,31.546461612129786
source_11,Batch5,5,NVS-PAK1-1,field,2.67,False,0.7705577216449051,0.11915536960511833,0.897224452872041,True,23.4237620632782
source_11,Batch5,5,quinidine,field,2.67,False,0.859785704846403,0.33570540201563265,0.8896424897550327,True,11.74659960102917
source_11,Batch5,5,TC-S-7004,field,2.67,False,0.04008213013765971,0.4413825965346862,0.9235021755436601,False,11.526208326035649
source_11,Batch5,5,aloxistatin,field,2.67,False,0.6028122933726047,0.17829086100696362,0.8119884408350071,True,5.972091005891048
source_15,2021_12_03_Batch1,1,AMG900,raw,0.8,False,0.8413562357360753,0.14707263332236212,,True,64.94078811183286
source_15,2021_12_03_Batch1,1,dexamethasone,raw,0.8,False,0.5911319667930373,0.12808412107616227,,True,10.01248269939159
source_15,2021_12_03_Batch1,1,FK-866,raw,0.8,False,0.7430601940896089,0.37919912524003474,,True,25.68317027277562
source_15,2021_12_03_Batch1,1,LY2109761,raw,0.8,False,0.6261803906225586,0.1311337822144399,,True,25.54037892161384
source_15,2021_12_03_Batch1,1,NVS-PAK1-1,raw,0.8,False,0.669305789241965,0.2410953845029396,,True,26.958243255513366
source_15,2021_12_03_Batch1,1,quinidine,raw,0.8,False,0.35984892282994296,0.2079783512006915,,False,4.574936648692622
source_15,2021_12_03_Batch1,1,TC-S-7004,raw,0.8,False,0.7126267869223506,0.20967645287083927,,True,77.60545159036509
source_15,2021_12_03_Batch1,1,aloxistatin,raw,0.8,False,0.3168617334123278,0.13845700596619467,,False,8.26052254418885
source_15,2021_12_17_Batch1,2,AMG900,raw,2.95,False,0.8325055240506578,0.1580765418838594,0.9742562094149585,True,63.52981323778436
source_15,2021_12_17_Batch1,2,dexamethasone,raw,2.95,False,0.12533388415515545,0.31113337381872225,0.13536508125999736,False,29.405069423084687
source_15,2021_12_17_Batch1,2,FK-866,raw,2.95,False,0.8049226219160676,0.3819027944296266,0.8957178393693741,True,25.666487539391305
source_15,2021_12_17_Batch1,2,LY2109761,raw,2.95,False,0.6083077406922215,0.17097066005724276,0.8246887153329214,True,26.97204313072102
source_15,2021_12_17_Batch1,2,NVS-PAK1-1,raw,2.95,False,0.7676880641453687,0.26923921305333254,0.8701083304274017,True,24.959848025585043
source_15,2021_12_17_Batch1,2,quinidine,raw,2.95,False,0.3668501780248386,0.23015222813942346,0.6190346542647386,False,9.453336650339713
source_15,2021_12_17_Batch1,2,TC-S-7004,raw,2.95,False,0.71362158682273,0.20786526793799,0.9751945512092965,True,73.60442785302021
source_15,2021_12_17_Batch1,2,aloxistatin,raw,2.95,False,0.19030771242859998,0.03572252593652357,0.6337492524682788,False,10.110176706454716
source_15,2022_02_17_Batch1,3,AMG900,raw,1.5,False,0.8424875829306081,0.17196463660552808,0.9823692189341756,True,70.86292960457025
source_15,2022_02_17_Batch1,3,dexamethasone,raw,1.5,False,0.5929486022603859,0.12427281567150718,0.9530122184618257,True,13.648056001946273
source_15,2022_02_17_Batch1,3,FK-866,raw,1.5,False,0.7981097494026717,0.3209675190458639,0.8493972903295622,True,25.94273797107868
source_15,2022_02_17_Batch1,3,LY2109761,raw,1.5,False,0.6307028645844535,0.10978288493783595,0.963858763636994,True,34.02459789195947
source_15,2022_02_17_Batch1,3,NVS-PAK1-1,raw,1.5,False,0.7148324034248956,0.28116335200368037,0.9492853882295291,True,30.711958930432385
source_15,2022_02_17_Batch1,3,quinidine,raw,1.5,False,0.2658371910133571,0.1793544387491171,0.9373225047546832,False,7.257742124876916
source_15,2022_02_17_Batch1,3,TC-S-7004,raw,1.5,False,0.7335678325358971,0.2268685586279562,0.9736356674263886,True,87.0457245853898
source_15,2022_02_17_Batch1,3,aloxistatin,raw,1.5,False,0.29403733493221884,0.10233095548993383,0.9302951166081187,False,9.214347129803233
source_15,2022_02_22_Batch1,4,AMG900,raw,1.59,False,0.8476760972843533,0.16779618143536987,0.9834752103494642,True,71.2000030251269
source_15,2022_02_22_Batch1,4,dexamethasone,raw,1.59,False,0.6202150597382048,0.12198454024250259,0.9542428998538615,True,12.661556312645603
source_15,2022_02_22_Batch1,4,FK-866,raw,1.59,False,0.8144333917815618,0.3302890586957555,0.8831863199380008,True,25.79531741978781
source_15,2022_02_22_Batch1,4,LY2109761,raw,1.59,False,0.6381800445456052,0.11842236564753647,0.9599463772467816,True,33.126751993621276
source_15,2022_02_22_Batch1,4,NVS-PAK1-1,raw,1.59,False,0.7311603034911793,0.2811640915457478,0.9494995768736813,True,30.98308214375258
source_15,2022_02_22_Batch1,4,quinidine,raw,1.59,False,0.24559564552964497,0.16643622072826084,0.9220235225435837,False,6.622019076651547
source_15,2022_02_22_Batch1,4,TC-S-7004,raw,1.59,False,0.7245710267554331,0.21388087868467814,0.9732802247842712,True,89.20299133544603
source_15,2022_02_22_Batch1,4,aloxistatin,raw,1.59,False,0.334500232692576,0.11204662202767966,0.9206128723817806,False,8.630735798823899
source_15,2022_02_28_Batch1,5,AMG900,raw,1.72,False,0.8542929235742408,0.12285818902725029,0.9857753388303372,True,64.22605225013763
source_15,2022_02_28_Batch1,5,dexamethasone,raw,1.72,False,0.5720855219815046,0.15715726553885423,0.8489968324557073,True,8.160377512563327
source_15,2022_02_28_Batch1,5,FK-866,raw,1.72,False,0.807657997581878,0.3041061782945178,0.8483091376870635,True,22.42848580163566
source_15,2022_02_28_Batch1,5,LY2109761,raw,1.72,False,0.5944769114389643,0.13820274363905344,0.9779710521626213,True,24.849707580231428
source_15,2022_02_28_Batch1,5,NVS-PAK1-1,raw,1.72,False,0.6309453117511498,0.21573251604175112,0.957708710154623,True,24.918912045471757
source_15,2022_02_28_Batch1,5,quinidine,raw,1.72,False,0.3821557154392437,0.24331136452428798,0.6441227290999503,True,4.511081131482244
source_15,2022_02_28_Batch1,5,TC-S-7004,raw,1.72,False,0.754126242473673,0.24229594372369406,0.9834500090999003,True,78.25809452614307
source_15,2022_02_28_Batch1,5,aloxistatin,raw,1.72,False,0.34246314860452864,0.1996297222817538,0.7872720659276873,False,5.790622835820022
source_15,2022_03_23_Batch1,6,AMG900,raw,1.97,False,0.8316030677810543,0.1279769005380718,0.9685838247789017,True,61.21235897508587
source_15,2022_03_23_Batch1,6,dexamethasone,raw,1.97,False,0.4843885003193068,0.2581249402296998,0.7792802565878858,True,11.33409644736079
source_15,2022_03_23_Batch1,6,FK-866,raw,1.97,False,0.7580895679470112,0.34012689118642114,0.8934187630432318,True,26.01229554706035
source_15,2022_03_23_Batch1,6,LY2109761,raw,1.97,False,0.6351285579321839,0.13168688293019765,0.9680224597142999,True,23.224513732628193
source_15,2022_03_23_Batch1,6,NVS-PAK1-1,raw,1.97,False,0.5776418289586807,0.15467265642478686,0.8839590780744742,True,24.398455005478752
source_15,2022_03_23_Batch1,6,quinidine,raw,1.97,False,0.2652439583103882,0.14199117556506452,0.7741710361970359,False,7.1833631395812425
source_15,2022_03_23_Batch1,6,TC-S-7004,raw,1.97,False,0.7142041863653337,0.22300887879862344,0.9739865878610485,True,79.19081412326226
source_15,2022_03_23_Batch1,6,aloxistatin,raw,1.97,False,0.2959392268644677,0.08574275635289884,0.8801904632654485,False,8.274119656359384
source_15,2021_12_03_Batch1,1,AMG900,own,0.8,False,0.817582905383937,0.10114175630567683,,True,286.6229235529125
source_15,2021_12_03_Batch1,1,dexamethasone,own,0.8,False,0.679402952872023,0.1348229234271109,,True,29.727995814106137
source_15,2021_12_03_Batch1,1,FK-866,own,0.8,False,0.6387297276529003,0.33466532360848744,,True,97.65148763589544
source_15,2021_12_03_Batch1,1,LY2109761,own,0.8,False,0.6746544914061842,0.13563581245850329,,True,84.70761285151096
source_15,2021_12_03_Batch1,1,NVS-PAK1-1,own,0.8,False,0.7380840185271672,0.17052404670520804,,True,107.64403227048307
source_15,2021_12_03_Batch1,1,quinidine,own,0.8,False,0.4310051468410223,0.2310631990700935,,False,12.846167166777308
source_15,2021_12_03_Batch1,1,TC-S-7004,own,0.8,False,0.6412070056262539,0.19111539172906072,,False,446.1686156705608
source_15,2021_12_03_Batch1,1,aloxistatin,own,0.8,False,0.40356485095242234,0.1711586249332795,,False,22.457573991005784
source_15,2021_12_17_Batch1,2,AMG900,own,2.95,False,0.7451729734897626,0.10210816790605483,0.91270949279622,True,132.7164062564997
source_15,2021_12_17_Batch1,2,dexamethasone,own,2.95,False,0.05423141967575319,0.25879683161918815,0.06780892792364057,False,54.98812805206906
source_15,2021_12_17_Batch1,2,FK-866,own,2.95,False,0.7744519743922818,0.3306265363499718,0.8412758673296151,True,54.29914949345087
source_15,2021_12_17_Batch1,2,LY2109761,own,2.95,False,0.6784653514906227,0.15225224734993925,0.8866987053605724,True,56.43597923243482
source_15,2021_12_17_Batch1,2,NVS-PAK1-1,own,2.95,False,0.7737735364645744,0.1764432040939537,0.9051996001970016,True,62.58361781159959
source_15,2021_12_17_Batch1,2,quinidine,own,2.95,False,0.45760913168333117,0.2657711194161368,0.7604791698227407,False,13.085425832196625
source_15,2021_12_17_Batch1,2,TC-S-7004,own,2.95,False,0.5729737700611649,0.15210050262964417,0.946406156151101,False,319.79233754341647
source_15,2021_12_17_Batch1,2,aloxistatin,own,2.95,False,0.3067618100449284,0.04813133570624238,0.7894264372009525,False,15.299930560326077
source_15,2022_02_17_Batch1,3,AMG900,own,1.5,False,0.8376853714893043,0.07302555852023908,0.9606849786892069,True,398.735647183774
source_15,2022_02_17_Batch1,3,dexamethasone,own,1.5,False,0.7162930173090816,0.13096887521953213,0.9058990262355842,True,51.33192906986138
source_15,2022_02_17_Batch1,3,FK-866,own,1.5,False,0.7721502546375554,0.2600515480374561,0.7124856774522054,True,118.52946492924166
source_15,2022_02_17_Batch1,3,LY2109761,own,1.5,False,0.6856453157012765,0.11064327199197004,0.9310930991799681,True,152.81353343872738
source_15,2022_02_17_Batch1,3,NVS-PAK1-1,own,1.5,False,0.7457522325187167,0.1851422375766558,0.9402891958433786,True,147.10446399756773
source_15,2022_02_17_Batch1,3,quinidine,own,1.5,False,0.3771269988095994,0.20567971388968118,0.9011447640562906,False,26.249963972862933
source_15,2022_02_17_Batch1,3,TC-S-7004,own,1.5,False,0.6563095448793821,0.17387174910300862,0.9695615008057018,False,543.9898600204386
source_15,2022_02_17_Batch1,3,aloxistatin,own,1.5,False,0.40024369450015684,0.125454578692711,0.9105766276879614,False,34.111998761850145
source_15,2022_02_22_Batch1,4,AMG900,own,1.59,False,0.8404174576345604,0.07433300189118808,0.9554631282511935,True,383.8034725198111
source_15,2022_02_22_Batch1,4,dexamethasone,own,1.59,False,0.7295374809712849,0.1151002466128832,0.9259247832466723,True,47.32060037593705
source_15,2022_02_22_Batch1,4,FK-866,own,1.59,False,0.792946979677649,0.261013306058684,0.7559949215410959,True,115.73507225996977
source_15,2022_02_22_Batch1,4,LY2109761,own,1.59,False,0.6840580988582387,0.09878558343384805,0.9125844997886425,True,140.16518977635545
source_15,2022_02_22_Batch1,4,NVS-PAK1-1,own,1.59,False,0.7655375860034606,0.17641804365469146,0.9411000060494539,True,150.11476738144464
source_15,2022_02_22_Batch1,4,quinidine,own,1.59,False,0.3417142539718636,0.1832708888112719,0.8780381424091876,False,22.507951978238225
source_15,2022_02_22_Batch1,4,TC-S-7004,own,1.59,False,0.6066269983862678,0.15974383124718955,0.9566528350103035,False,590.2890414600448
source_15,2022_02_22_Batch1,4,aloxistatin,own,1.59,False,0.4195675360782209,0.1393518182548856,0.9127852588131072,False,29.956973552608332
source_15,2022_02_28_Batch1,5,AMG900,own,1.72,False,0.7700625874277403,0.08220866334938948,0.9265964499690741,True,144.5137512259302
source_15,2022_02_28_Batch1,5,dexamethasone,own,1.72,False,0.6033738464632115,0.16595316825671505,0.7665960593687838,True,14.641604803319032
source_15,2022_02_28_Batch1,5,FK-866,own,1.72,False,0.7703358330122241,0.26792047230338956,0.7626800209068438,True,46.84447730363086
source_15,2022_02_28_Batch1,5,LY2109761,own,1.72,False,0.6186157093360793,0.14997115337035397,0.9297439131670002,True,49.64977627824517
source_15,2022_02_28_Batch1,5,NVS-PAK1-1,own,1.72,False,0.6538179086211897,0.16092448676088408,0.8912633811402604,True,49.60688345953731
source_15,2022_02_28_Batch1,5,quinidine,own,1.72,False,0.3562587737895849,0.22063688702852313,0.688428865849048,True,10.27749430166791
source_15,2022_02_28_Batch1,5,TC-S-7004,own,1.72,False,0.6381282089276883,0.2269270127522033,0.8685044025158737,False,230.06357266084044
source_15,2022_02_28_Batch1,5,aloxistatin,own,1.72,False,0.32421775188203156,0.1905656110864899,0.7900814392681983,False,10.890858548463232
source_15,2022_03_23_Batch1,6,AMG900,own,1.97,False,0.7641899218975696,0.08495901284365823,0.8780250846274424,True,87.95856738256072
source_15,2022_03_23_Batch1,6,dexamethasone,own,1.97,False,0.4730213468549435,0.25670821915313313,0.7334157298328389,True,16.850906912980765
source_15,2022_03_23_Batch1,6,FK-866,own,1.97,False,0.6786646766784594,0.29507561626358386,0.7976252103906984,True,41.48966518512547
source_15,2022_03_23_Batch1,6,LY2109761,own,1.97,False,0.6285488286620422,0.13764069773747378,0.916931213437423,True,38.808264806210836
source_15,2022_03_23_Batch1,6,NVS-PAK1-1,own,1.97,False,0.5905977878063003,0.08512250864963543,0.7894038566044046,True,36.63433407648647
source_15,2022_03_23_Batch1,6,quinidine,own,1.97,False,0.2643039310811719,0.1255842922949288,0.7364259432614166,False,11.853049642275758
source_15,2022_03_23_Batch1,6,TC-S-7004,own,1.97,False,0.6284007208873498,0.19259001572524337,0.7938692541147623,True,173.89246012820232
source_15,2022_03_23_Batch1,6,aloxistatin,own,1.97,False,0.2825066073014265,0.136646112120839,0.8187129229563626,False,12.628225238654002
source_15,2021_12_03_Batch1,1,AMG900,scaled,0.8,False,0.542544500006651,-0.0007826596071046176,,True,80.60013359521865
source_15,2021_12_03_Batch1,1,dexamethasone,scaled,0.8,False,0.44532435058323727,0.04488842084514845,,True,9.95040053615538
source_15,2021_12_03_Batch1,1,FK-866,scaled,0.8,False,0.5604534029508,0.07130769944895668,,True,36.10961982770664
source_15,2021_12_03_Batch1,1,LY2109761,scaled,0.8,False,0.4140227543092966,0.02522072679116061,,True,32.45832974283476
source_15,2021_12_03_Batch1,1,NVS-PAK1-1,scaled,0.8,False,0.38451790870600655,0.06898577084548868,,True,34.89531288546708
source_15,2021_12_03_Batch1,1,quinidine,scaled,0.8,False,0.22258738935010436,0.08225334108154168,,False,4.647192975911997
source_15,2021_12_03_Batch1,1,TC-S-7004,scaled,0.8,False,0.5647550648498664,0.038916569258600556,,True,97.06095123648153
source_15,2021_12_03_Batch1,1,aloxistatin,scaled,0.8,False,0.14350158972260846,0.0425329693544643,,True,9.756514816385012
source_15,2021_12_17_Batch1,2,AMG900,scaled,2.95,False,0.522343384927608,0.008361573057168512,0.9200783397529921,True,40.64230162269893
source_15,2021_12_17_Batch1,2,dexamethasone,scaled,2.95,False,0.06353499265200528,0.10424112294128071,-0.038737635912391516,False,18.87953952382224
source_15,2021_12_17_Batch1,2,FK-866,scaled,2.95,False,0.5506879308577113,0.08750190681325809,0.8413118575944658,True,18.821188629570614
source_15,2021_12_17_Batch1,2,LY2109761,scaled,2.95,False,0.3813554652837273,0.052412910966682005,0.8043721521116958,True,17.66822968780289
source_15,2021_12_17_Batch1,2,NVS-PAK1-1,scaled,2.95,False,0.4432399148896426,0.08010570330773656,0.8206529876143496,True,17.91787042868835
source_15,2021_12_17_Batch1,2,quinidine,scaled,2.95,False,0.12973968051246174,0.10641430106920928,0.3962508498448106,False,5.98718895738799
source_15,2021_12_17_Batch1,2,TC-S-7004,scaled,2.95,False,0.60319071365293,0.0644619579151836,0.917596857400619,True,49.16665863082218
source_15,2021_12_17_Batch1,2,aloxistatin,scaled,2.95,False,0.13293143573936322,-0.011043708686919743,0.48067854709482716,True,6.1766610571036615
source_15,2022_02_17_Batch1,3,AMG900,scaled,1.5,False,0.571009152613509,0.014771958670259128,0.936332602697572,True,121.54637005876026
source_15,2022_02_17_Batch1,3,dexamethasone,scaled,1.5,False,0.4520191175682845,0.0518750515365582,0.8209937419256829,True,20.178092906870685
source_15,2022_02_17_Batch1,3,FK-866,scaled,1.5,False,0.5875598674677837,0.04815462732241159,0.8456090080595842,True,48.71764597392974
source_15,2022_02_17_Batch1,3,LY2109761,scaled,1.5,False,0.40552969451771304,0.020197558899586965,0.920739389418008,True,60.06771083396791
source_15,2022_02_17_Batch1,3,NVS-PAK1-1,scaled,1.5,False,0.4112528340178425,0.0661723639967987,0.879638006225914,True,52.878942963868255
source_15,2022_02_17_Batch1,3,quinidine,scaled,1.5,False,0.172090160119097,0.04939640766946008,0.7225929273884548,False,9.741280674663772
source_15,2022_02_17_Batch1,3,TC-S-7004,scaled,1.5,False,0.6013579198882594,0.03459744096347309,0.9270979347850695,True,148.17623687907061
source_15,2022_02_17_Batch1,3,aloxistatin,scaled,1.5,False,0.10469721135614371,0.00360721768872269,0.7276465925374018,False,12.213784026275619
source_15,2022_02_22_Batch1,4,AMG900,scaled,1.59,False,0.5790821223797109,0.020118955311121255,0.9434051130975339,True,115.3648944565424
source_15,2022_02_22_Batch1,4,dexamethasone,scaled,1.59,False,0.47027845593836826,0.05243902038347714,0.8271326285236145,True,17.369971283464373
source_15,2022_02_22_Batch1,4,FK-866,scaled,1.59,False,0.6044579538851431,0.05301401090150223,0.8663609776729838,True,46.31722282386746
source_15,2022_02_22_Batch1,4,LY2109761,scaled,1.59,False,0.3967755671309464,0.02499378427185302,0.9189184123920918,True,55.85283215444606
source_15,2022_02_22_Batch1,4,NVS-PAK1-1,scaled,1.59,False,0.4300853119329612,0.0708813126167823,0.8848136124642382,True,51.105822372015204
source_15,2022_02_22_Batch1,4,quinidine,scaled,1.59,False,0.19592530473515146,0.04598050350564752,0.7068664593990908,False,8.099753831790293
source_15,2022_02_22_Batch1,4,TC-S-7004,scaled,1.59,False,0.6018131322211151,0.03581875656205708,0.9326778757129112,True,144.09235266085935
source_15,2022_02_22_Batch1,4,aloxistatin,scaled,1.59,False,0.1688346899111372,0.020954786734811593,0.709577797860624,True,10.656965109441767
source_15,2022_02_28_Batch1,5,AMG900,scaled,1.72,False,0.5325282060966607,-0.02046609762244101,0.9154823647607297,True,47.82156545351141
source_15,2022_02_28_Batch1,5,dexamethasone,scaled,1.72,False,0.449464442482406,0.06439056618411383,0.7885979175470808,True,6.069922263412879
source_15,2022_02_28_Batch1,5,FK-866,scaled,1.72,False,0.5151478312876132,0.04400121742846103,0.8037248020653851,True,18.73675583202698
source_15,2022_02_28_Batch1,5,LY2109761,scaled,1.72,False,0.3997228768486152,0.0392771256409001,0.9109008648562584,True,19.683623519499193
source_15,2022_02_28_Batch1,5,NVS-PAK1-1,scaled,1.72,False,0.327688641940952,0.030792953557852738,0.8683627916644572,True,18.43045692389101
source_15,2022_02_28_Batch1,5,quinidine,scaled,1.72,False,0.12596649005432844,0.06151455956944636,0.5690789413401866,False,3.5904982275729678
source_15,2022_02_28_Batch1,5,TC-S-7004,scaled,1.72,False,0.5414025775948149,0.043918817374402876,0.890177039228328,True,52.07500781273265
source_15,2022_02_28_Batch1,5,aloxistatin,scaled,1.72,False,0.17812878645527286,0.025362574326037036,0.6496204791953386,True,4.686339093583423
source_15,2022_03_23_Batch1,6,AMG900,scaled,1.97,False,0.5183373009067131,-0.01139076197362531,0.8789981308940709,True,32.68118661306717
source_15,2022_03_23_Batch1,6,dexamethasone,scaled,1.97,False,0.2597139812105938,0.0821703607001745,0.5133009305932884,True,6.637293146206905
source_15,2022_03_23_Batch1,6,FK-866,scaled,1.97,False,0.4868486257023093,0.046548629451504106,0.7809305587823008,True,16.807020981379054
source_15,2022_03_23_Batch1,6,LY2109761,scaled,1.97,False,0.4299965759584546,0.030839645935577555,0.8722573078164683,True,14.121423367629319
source_15,2022_03_23_Batch1,6,NVS-PAK1-1,scaled,1.97,False,0.30916731670044234,0.018119636427464208,0.7371789601916724,True,13.139579551228284
source_15,2022_03_23_Batch1,6,quinidine,scaled,1.97,False,0.06422579783080543,0.02549021984353138,0.4351052689928193,False,3.7039520585611365
source_15,2022_03_23_Batch1,6,TC-S-7004,scaled,1.97,False,0.48478112717747135,0.03055116360349485,0.8346399892747685,True,45.20598531612418
source_15,2022_03_23_Batch1,6,aloxistatin,scaled,1.97,False,0.12527873766654127,0.016668130758072115,0.7174003110766527,False,4.4745452996275015
source_15,2021_12_03_Batch1,1,AMG900,field,0.8,False,0.876544910999894,0.12675769322198088,,True,117.64275035857234
source_15,2021_12_03_Batch1,1,dexamethasone,field,0.8,False,0.7350350124339899,0.1661272898267127,,True,11.557937688857358
source_15,2021_12_03_Batch1,1,FK-866,field,0.8,False,0.7641238920364841,0.4057864723463039,,True,43.98105977791569
source_15,2021_12_03_Batch1,1,LY2109761,field,0.8,False,0.6771881793186365,0.18252825291845845,,True,29.365072000760904
source_15,2021_12_03_Batch1,1,NVS-PAK1-1,field,0.8,False,0.7927249236081692,0.2737603513987427,,True,42.09237679845403
source_15,2021_12_03_Batch1,1,quinidine,field,0.8,False,0.5988105059259136,0.24066509014131934,,False,5.385459048223909
source_15,2021_12_03_Batch1,1,TC-S-7004,field,0.8,False,0.7344813321712502,0.21918444695646214,,False,144.9402750989137
source_15,2021_12_03_Batch1,1,aloxistatin,field,0.8,False,0.48283772534949676,0.19739911608989238,,False,8.507842084212902
source_15,2021_12_17_Batch1,2,AMG900,field,2.95,False,0.6866606803659535,0.07358151700160462,0.7920716642526111,True,53.05079292725429
source_15,2021_12_17_Batch1,2,dexamethasone,field,2.95,False,0.11280667224823394,0.31316059116664974,0.12752589612709814,False,15.032112629609172
source_15,2021_12_17_Batch1,2,FK-866,field,2.95,False,0.8587443987971042,0.3443148174429214,0.8974539064829266,True,32.20204601537734
source_15,2021_12_17_Batch1,2,LY2109761,field,2.95,False,0.7622037023374557,0.17787800498292672,0.9047188468479352,True,28.334328371146604
source_15,2021_12_17_Batch1,2,NVS-PAK1-1,field,2.95,False,0.85223793296229,0.26168856855493694,0.9409509743943338,True,34.06285065876301
source_15,2021_12_17_Batch1,2,quinidine,field,2.95,False,0.679478203336703,0.30862662050844875,0.8033488185467752,False,7.808335944759572
source_15,2021_12_17_Batch1,2,TC-S-7004,field,2.95,False,0.688044211701383,0.18227636859991045,0.9701206997011702,False,122.53462082969801
source_15,2021_12_17_Batch1,2,aloxistatin,field,2.95,False,0.45740295818318555,0.08541080209166206,0.8454675568296868,False,7.309673116734793
source_15,2022_02_17_Batch1,3,AMG900,field,1.5,False,0.8603152678341291,0.13700265041198548,0.9786943071538338,True,134.33546448366303
source_15,2022_02_17_Batch1,3,dexamethasone,field,1.5,False,0.6952043905089451,0.1453699839814901,0.9074794342034693,True,17.36536466162094
source_15,2022_02_17_Batch1,3,FK-866,field,1.5,False,0.820335222861774,0.32277951457678933,0.8376389458593034,True,45.125015505885294
source_15,2022_02_17_Batch1,3,LY2109761,field,1.5,False,0.6704332198654228,0.14328733693709572,0.90363038545588,True,49.43278279802072
source_15,2022_02_17_Batch1,3,NVS-PAK1-1,field,1.5,False,0.7802089908798397,0.29582832532056313,0.9541096982219516,True,51.43445009741995
source_15,2022_02_17_Batch1,3,quinidine,field,1.5,False,0.5001227142501252,0.2177556787249865,0.8844324063529517,False,8.882572192545535
source_15,2022_02_17_Batch1,3,TC-S-7004,field,1.5,False,0.7208848779583628,0.212135571083735,0.9732672801309408,True,170.4206691739716
source_15,2022_02_17_Batch1,3,aloxistatin,field,1.5,False,0.43289218257365986,0.14497364074778457,0.9002415818807993,False,11.639666560033005
source_15,2022_02_22_Batch1,4,AMG900,field,1.59,False,0.8715506167466197,0.12254308430931818,0.9779690103308909,True,130.807315534559
source_15,2022_02_22_Batch1,4,dexamethasone,field,1.59,False,0.7467809658676553,0.13013571748211866,0.9393784054508747,True,15.600260313603995
source_15,2022_02_22_Batch1,4,FK-866,field,1.59,False,0.8476226601596475,0.33675976749294373,0.8754733951130227,True,43.23482170920641
source_15,2022_02_22_Batch1,4,LY2109761,field,1.59,False,0.6601814652502814,0.11171642270245027,0.8930451768307237,True,40.81590408707617
source_15,2022_02_22_Batch1,4,NVS-PAK1-1,field,1.59,False,0.8061475456139477,0.28225112799049545,0.9629692051831694,True,50.58027742170615
source_15,2022_02_22_Batch1,4,quinidine,field,1.59,False,0.4685652855862744,0.18496867778435305,0.8899609037639533,False,8.11644077433885
source_15,2022_02_22_Batch1,4,TC-S-7004,field,1.59,False,0.6921613565666782,0.18995508300288938,0.9586562948374293,False,167.90059459383468
source_15,2022_02_22_Batch1,4,aloxistatin,field,1.59,False,0.4413381036359477,0.14264196873711826,0.909979858750514,False,10.24856732910901
source_15,2022_02_28_Batch1,5,AMG900,field,1.72,False,0.8922156803754419,0.07298209255462908,0.9687923998610051,True,99.4635129456139
source_15,2022_02_28_Batch1,5,dexamethasone,field,1.72,False,0.7759689447974671,0.16616783964343065,0.844397953470621,True,9.366794248318525
source_15,2022_02_28_Batch1,5,FK-866,field,1.72,False,0.8767549003191493,0.29918893082231396,0.8219667590330844,True,32.00900760521406
source_15,2022_02_28_Batch1,5,LY2109761,field,1.72,False,0.5977306800748391,0.1239178692486735,0.9391944882286893,True,28.03550705234772
source_15,2022_02_28_Batch1,5,NVS-PAK1-1,field,1.72,False,0.698461758166067,0.20694729821655664,0.8667544598725088,True,26.72677087503127
source_15,2022_02_28_Batch1,5,quinidine,field,1.72,False,0.5341858559552001,0.22704480038509095,0.853020665082334,True,5.332425854477062
source_15,2022_02_28_Batch1,5,TC-S-7004,field,1.72,False,0.7434820605450884,0.27351831465003323,0.8993208999757372,True,88.68162963853779
source_15,2022_02_28_Batch1,5,aloxistatin,field,1.72,False,0.4689890515136893,0.2137013028700189,0.7947695339947548,True,6.227855582140447
source_15,2022_03_23_Batch1,6,AMG900,field,1.97,False,0.6828859047443199,0.05397576386819385,0.7710792030398941,True,46.60722691687344
source_15,2022_03_23_Batch1,6,dexamethasone,field,1.97,False,0.6525399038094979,0.31449790180059584,0.8068024837098211,True,10.837983862552912
source_15,2022_03_23_Batch1,6,FK-866,field,1.97,False,0.7855567208238743,0.30347799760573085,0.8491091026401782,True,36.998521473337966
source_15,2022_03_23_Batch1,6,LY2109761,field,1.97,False,0.6610398343801482,0.1750732365059162,0.8930610403535542,True,26.472594958424995
source_15,2022_03_23_Batch1,6,NVS-PAK1-1,field,1.97,False,0.5944614193419695,0.10893523008427448,0.7603337844358768,True,26.391690963872033
source_15,2022_03_23_Batch1,6,quinidine,field,1.97,False,0.39139808744959265,0.19360567944163037,0.8071029649092386,False,6.827192574344487
source_15,2022_03_23_Batch1,6,TC-S-7004,field,1.97,False,0.6592790982606127,0.2118016965275872,0.8283199105222638,True,74.60221250491466
source_15,2022_03_23_Batch1,6,aloxistatin,field,1.97,False,0.46165489030398055,0.13590678654817165,0.8738541284305277,True,8.079260292816643
source_2,20210607_Batch_2,1,AMG900,raw,0.4,False,0.8712206415070715,0.09507181412770653,,True,55.07843148885837
source_2,20210607_Batch_2,1,dexamethasone,raw,0.4,False,0.816667056385892,0.3012132613093033,,True,8.960360327274703
source_2,20210607_Batch_2,1,FK-866,raw,0.4,False,0.7943058347842545,0.266815027495879,,True,27.772646208017896
source_2,20210607_Batch_2,1,LY2109761,raw,0.4,False,0.8883492691522503,0.3034451234269429,,True,31.998342846095806
source_2,20210607_Batch_2,1,NVS-PAK1-1,raw,0.4,False,0.8299452295096471,0.26469577137579636,,True,26.866126224416682
source_2,20210607_Batch_2,1,quinidine,raw,0.4,False,0.5938571056693104,0.3426766963263648,,True,5.895888369739768
source_2,20210607_Batch_2,1,TC-S-7004,raw,0.4,False,0.746312575587759,0.22086115441761267,,True,42.18203987406078
source_2,20210607_Batch_2,1,aloxistatin,raw,0.4,False,0.2578133370034461,0.10907071768515587,,False,4.742486759944132
source_2,20210614_Batch_1,2,AMG900,raw,1.02,False,0.8644275421457444,0.09820051809883164,0.9918649877413672,True,54.22330946255603
source_2,20210614_Batch_1,2,dexamethasone,raw,1.02,False,0.6792991572638979,0.2246552824655305,0.8941559837668055,True,11.64941761484245
source_2,20210614_Batch_1,2,FK-866,raw,1.02,False,0.7331088894519462,0.24600457316463747,0.9626662641423749,True,29.437789545359923
source_2,20210614_Batch_1,2,LY2109761,raw,1.02,False,0.8794960702266479,0.29781133479414523,0.9889394258217137,True,31.895442964563056
source_2,20210614_Batch_1,2,NVS-PAK1-1,raw,1.02,False,0.7939507808723906,0.24570927574106607,0.9803972233466967,True,26.05019675587195
source_2,20210614_Batch_1,2,quinidine,raw,1.02,False,0.359448792134982,0.18414879313888535,0.7878878640295108,True,6.4786781888436495
source_2,20210614_Batch_1,2,TC-S-7004,raw,1.02,False,0.7257262673720704,0.1961472642793178,0.9885217569184436,True,41.147725849792224
source_2,20210614_Batch_1,2,aloxistatin,raw,1.02,False,0.13979400566164557,0.07435756455112662,0.8163958807367837,False,9.012902237385159
source_2,20210621_Batch_3,3,AMG900,raw,6.5,False,0.7587879385844662,0.1212272454670235,0.8502331477118105,True,43.424455110839745
source_2,20210621_Batch_3,3,dexamethasone,raw,6.5,False,0.635453901189883,0.25841576228849217,0.7493290297456712,True,13.399681124312892
source_2,20210621_Batch_3,3,FK-866,raw,6.5,False,0.6278353464358977,0.23472410760780776,0.7588515678346488,True,26.656336699682097
source_2,20210621_Batch_3,3,LY2109761,raw,6.5,False,0.8194198591688437,0.22808325779055874,0.908436412934536,True,29.556935625610304
source_2,20210621_Batch_3,3,NVS-PAK1-1,raw,6.5,False,0.7304416186942415,0.16157524596158268,0.8490736247214297,True,25.714953521509063
source_2,20210621_Batch_3,3,quinidine,raw,6.5,False,0.32035906242028617,0.22108711590225663,0.5750670437264334,False,7.265476522480485
source_2,20210621_Batch_3,3,TC-S-7004,raw,6.5,False,0.5793239510870453,0.21425119852507615,0.786888450596532,True,37.469439638910465
source_2,20210621_Batch_3,3,aloxistatin,raw,6.5,False,0.23138003716708677,0.08562961440984282,0.633381201843135,False,8.19388956638418
source_2,20210712_Batch_5,4,AMG900,raw,1.73,False,0.8627420210137149,0.10917488001593835,0.9797383548589896,True,52.97481128903531
source_2,20210712_Batch_5,4,dexamethasone,raw,1.73,False,0.8654009662322255,0.23730234839725067,0.8627183608030105,True,10.666890059061384
source_2,20210712_Batch_5,4,FK-866,raw,1.73,False,0.8259124533754971,0.2496454670585528,0.9425581868924039,True,25.450889214413245
source_2,20210712_Batch_5,4,LY2109761,raw,1.73,False,0.8838293449281182,0.276074373367158,0.9798707306819714,True,33.24167693362796
source_2,20210712_Batch_5,4,NVS-PAK1-1,raw,1.73,False,0.8515985559523678,0.2568905105311412,0.973188144162673,True,27.303485263859294
source_2,20210712_Batch_5,4,quinidine,raw,1.73,False,0.6817595212922773,0.3365733940737421,0.5890956445752558,True,5.824040135979828
source_2,20210712_Batch_5,4,TC-S-7004,raw,1.73,False,0.6071619960714901,0.34841575341550785,0.812889177718047,False,14.70714408915107
source_2,20210712_Batch_5,4,aloxistatin,raw,1.73,False,0.3947838417812345,0.12480319044589867,0.5468180621539251,True,5.480620944533659
source_2,20210719_Batch_6,5,AMG900,raw,1.94,False,0.8421580176278157,0.12901221060312484,0.9686619227726383,True,51.48087200299617
source_2,20210719_Batch_6,5,dexamethasone,raw,1.94,False,0.8466032112269471,0.3258165761505764,0.8678822996896387,True,12.517023481919695
source_2,20210719_Batch_6,5,FK-866,raw,1.94,False,0.7975937667874421,0.24786500605850365,0.9258136104373493,True,26.46698968278131
source_2,20210719_Batch_6,5,LY2109761,raw,1.94,False,0.8908817870904484,0.30423025126146985,0.9783059209975926,True,32.29736299548347
source_2,20210719_Batch_6,5,NVS-PAK1-1,raw,1.94,False,0.8446416358488413,0.2406034999841394,0.946745434560007,True,28.15198481742076
source_2,20210719_Batch_6,5,quinidine,raw,1.94,False,0.6599941150162394,0.3209118380682082,0.6713980877242871,True,5.39442722319763
source_2,20210719_Batch_6,5,TC-S-7004,raw,1.94,False,0.7238770501527128,0.28944149897142185,0.8884022791579378,True,47.51820294557828
source_2,20210719_Batch_6,5,aloxistatin,raw,1.94,False,0.3925949424531405,0.176053599572853,0.5460805941607831,True,5.238426644086622
source_2,20210726_Batch_7,6,AMG900,raw,3.28,False,0.8841463350161513,0.1366326200446709,0.9709267368238915,True,52.42834484440321
source_2,20210726_Batch_7,6,dexamethasone,raw,3.28,False,0.8624381114114328,0.3333069730641795,0.8244639543246668,True,11.688668163044749
source_2,20210726_Batch_7,6,FK-866,raw,3.28,False,0.7944479398254058,0.2943067646801372,0.8738136818615582,True,26.18643724336013
source_2,20210726_Batch_7,6,LY2109761,raw,3.28,False,0.8897491826480186,0.3365066227217767,0.9739268834221633,True,33.37853235322625
source_2,20210726_Batch_7,6,NVS-PAK1-1,raw,3.28,False,0.8424391459182989,0.2573616202069378,0.9549992024862686,True,29.047522552118043
source_2,20210726_Batch_7,6,quinidine,raw,3.28,False,0.6634589520323846,0.3209802371655863,0.619615616425734,True,6.414118300645073
source_2,20210726_Batch_7,6,TC-S-7004,raw,3.28,False,0.7609845134486575,0.3138069742904374,0.8706285349205362,True,50.421552707022656
source_2,20210726_Batch_7,6,aloxistatin,raw,3.28,False,0.2963746960837531,0.20612879857443206,0.26145211166753346,True,6.99695465615987
source_2,20210802_Batch_8,7,AMG900,raw,3.04,False,0.8921598035369243,0.09300696212689893,0.9783111397122524,True,55.80317489146292
source_2,20210802_Batch_8,7,dexamethasone,raw,3.04,False,0.7674040540652314,0.3273173142041628,0.7979758429151791,True,10.113238789461064
source_2,20210802_Batch_8,7,FK-866,raw,3.04,False,0.7956685449539459,0.2570305416633935,0.8923965925933995,True,27.838272523731188
source_2,20210802_Batch_8,7,LY2109761,raw,3.04,False,0.9002404096783518,0.3126532858986119,0.9800726291873353,True,32.47200960034008
source_2,20210802_Batch_8,7,NVS-PAK1-1,raw,3.04,False,0.8241322966719739,0.26074685865775155,0.9497092574706772,True,26.332132548225577
source_2,20210802_Batch_8,7,quinidine,raw,3.04,False,0.4592244993580857,0.26224069355718516,0.5046560394849071,True,7.133586320574306
source_2,20210802_Batch_8,7,TC-S-7004,raw,3.04,False,0.7676299236590369,0.2185303474082543,0.9420591868074348,True,47.85896406824837
source_2,20210802_Batch_8,7,aloxistatin,raw,3.04,False,0.2985337248436968,0.10714094559378026,0.42164088068240957,False,5.778187911432102
source_2,20210808_Batch_4,8,AMG900,raw,3.17,False,0.8935153760385494,0.1235787960430422,0.9746826298880472,True,56.44705195613096
source_2,20210808_Batch_4,8,dexamethasone,raw,3.17,False,0.4269662756126967,0.278223073888434,0.441644761203836,False,16.40651982028299
source_2,20210808_Batch_4,8,FK-866,raw,3.17,False,0.7818398227131265,0.3070289735679494,0.8699898163497585,True,30.52266642634667
source_2,20210808_Batch_4,8,LY2109761,raw,3.17,False,0.8917508221982052,0.32292312113409516,0.9740736659666103,True,33.507195313552586
source_2,20210808_Batch_4,8,NVS-PAK1-1,raw,3.17,False,0.8201393499617918,0.28257613016096733,0.9604542006870453,True,26.437780296866805
source_2,20210808_Batch_4,8,quinidine,raw,3.17,False,0.5235270251821211,0.31596433708289834,0.615245931275853,True,6.615453393921336
source_2,20210808_Batch_4,8,TC-S-7004,raw,3.17,False,0.7650162403027854,0.22170296243924556,0.937617565297822,True,47.48522030936048
source_2,20210808_Batch_4,8,aloxistatin,raw,3.17,False,0.30941354249107234,0.16098399647924191,0.42370725095727674,True,5.670796562106484
source_2,20210816_Batch_9,9,AMG900,raw,2.77,False,0.8525910646117639,0.11440852226094081,0.9732073517014617,True,53.84062593853829
source_2,20210816_Batch_9,9,dexamethasone,raw,2.77,False,0.35936243020293385,0.22578441713092287,0.4245940570474743,False,18.930516294787893
source_2,20210816_Batch_9,9,FK-866,raw,2.77,False,0.7404133060449727,0.2475527210626512,0.8646467252641854,True,31.77449178398612
source_2,20210816_Batch_9,9,LY2109761,raw,2.77,False,0.8786593486655614,0.2906657640792549,0.9679348158469963,True,31.133272178640045
source_2,20210816_Batch_9,9,NVS-PAK1-1,raw,2.77,False,0.8145820599418627,0.2522772464342889,0.9424156425183308,True,23.01414785190585
source_2,20210816_Batch_9,9,quinidine,raw,2.77,False,0.5095962447632463,0.2556793764797218,0.6413934320481679,True,6.169925419679522
source_2,20210816_Batch_9,9,TC-S-7004,raw,2.77,False,0.6957677165724837,0.1767962725364404,0.9037685348060579,True,44.652874081294556
source_2,20210816_Batch_9,9,aloxistatin,raw,2.77,False,0.19314060073637115,0.026166994627360364,0.5831782250555613,True,5.148144604737262
source_2,20210823_Batch_10,10,AMG900,raw,2.22,False,0.8559285420403822,0.10800222188870454,0.9760963107888458,True,55.29642660093413
source_2,20210823_Batch_10,10,dexamethasone,raw,2.22,False,0.27717406476962614,0.212141051471521,0.3437030933662687,False,21.559234783141616
source_2,20210823_Batch_10,10,FK-866,raw,2.22,False,0.7772885114210578,0.25141076248793687,0.9031597809746015,True,30.405853206148446
source_2,20210823_Batch_10,10,LY2109761,raw,2.22,False,0.8852179419812299,0.28431017577738227,0.9768792801732593,True,30.31043452531225
source_2,20210823_Batch_10,10,NVS-PAK1-1,raw,2.22,False,0.8230140529060302,0.24276708518186088,0.9568855420321549,True,23.69921118836862
source_2,20210823_Batch_10,10,quinidine,raw,2.22,False,0.5335216972643944,0.2816719088015308,0.7052372762293284,True,5.3875368465331555
source_2,20210823_Batch_10,10,TC-S-7004,raw,2.22,False,0.6990047279813898,0.1848713302313439,0.9256951311690269,True,46.17490207073928
source_2,20210823_Batch_10,10,aloxistatin,raw,2.22,False,0.29218326776888004,0.11317522145148833,0.7339743502660365,False,4.644027652645149
source_2,20210830_Batch_11,11,AMG900,raw,12.96,True,0.8201003555495352,0.11603238155831351,0.7966557989917084,True,57.97788734312535
source_2,20210830_Batch_11,11,dexamethasone,raw,12.96,True,0.5608566211220263,0.15767937645549823,0.5039753948980473,True,11.857163715848394
source_2,20210830_Batch_11,11,FK-866,raw,12.96,True,0.7033573761443811,0.1620572572642534,0.6309302890782197,True,31.815181252826942
source_2,20210830_Batch_11,11,LY2109761,raw,12.96,True,0.8043888931087734,0.23477022423998525,0.797351746584065,True,34.534185108076365
source_2,20210830_Batch_11,11,NVS-PAK1-1,raw,12.96,True,0.7349015996392538,0.23216506713878074,0.6930661828673296,True,30.847996124936547
source_2,20210830_Batch_11,11,quinidine,raw,12.96,True,0.31622068635033773,0.15286330388528718,0.3589695732887719,True,6.30836046561941
source_2,20210830_Batch_11,11,TC-S-7004,raw,12.96,True,0.6599065308175008,0.17431171620969926,0.7176135432059432,True,54.569907651047785
source_2,20210830_Batch_11,11,aloxistatin,raw,12.96,True,0.04223233436656698,-0.10822203054894196,0.0977653086792531,False,7.6411247766369526
source_2,20210920_Batch_12,12,AMG900,raw,9.11,True,0.8781760071740641,0.12603125040312788,0.8517129767455662,True,63.12122250875321
source_2,20210920_Batch_12,12,dexamethasone,raw,9.11,True,0.516191674526934,0.2567062713267019,0.4595812540963552,True,14.614162926811302
source_2,20210920_Batch_12,12,FK-866,raw,9.11,True,0.6692639929515154,0.23618619726704967,0.6147273054755642,True,31.88207339221225
source_2,20210920_Batch_12,12,LY2109761,raw,9.11,True,0.8545353555024348,0.3178786382402408,0.8346890419796351,True,35.90850144673911
source_2,20210920_Batch_12,12,NVS-PAK1-1,raw,9.11,True,0.8296915231040652,0.28694791359898725,0.7550940027333267,True,28.9265201614955
source_2,20210920_Batch_12,12,quinidine,raw,9.11,True,0.37006260130956176,0.28172756225301365,0.47213291622817405,False,8.050629765799247
source_2,20210920_Batch_12,12,TC-S-7004,raw,9.11,True,0.7165459614617365,0.21106507705255284,0.7426643074651461,True,59.95819496178914
source_2,20210920_Batch_12,12,aloxistatin,raw,9.11,True,0.23871436073435412,0.12104117581940518,0.1795536621846682,False,7.435000797424413
source_2,20211003_Batch_13,13,AMG900,raw,8.11,True,0.8719071529078521,0.11203512108382294,0.8635203096692547,True,57.93975523605687
source_2,20211003_Batch_13,13,dexamethasone,raw,8.11,True,0.6920629318692593,0.20528672679278492,0.648597342664455,True,10.674248983424743
source_2,20211003_Batch_13,13,FK-866,raw,8.11,True,0.7928461192953038,0.2261429506396466,0.7580778875133909,True,31.435853343302583
source_2,20211003_Batch_13,13,LY2109761,raw,8.11,True,0.8722373132793848,0.28275684979189214,0.8769719455929138,True,32.08218352861076
source_2,20211003_Batch_13,13,NVS-PAK1-1,raw,8.11,True,0.849842486915042,0.2532471349648204,0.7586904809097228,True,29.383991354183355
source_2,20211003_Batch_13,13,quinidine,raw,8.11,True,0.38027572044657354,0.1812952822874487,0.45988536042395967,True,5.869666212635901
source_2,20211003_Batch_13,13,TC-S-7004,raw,8.11,True,0.700423520125206,0.1947320218070456,0.7774275708524621,True,52.2770499438289
source_2,20211003_Batch_13,13,aloxistatin,raw,8.11,True,0.16336198450927683,0.05436034483660775,0.21174700191388932,True,5.955765659972929
source_2,20210607_Batch_2,1,AMG900,own,0.4,False,0.8413627439751576,-0.01792837601518078,,True,298.0284432771655
source_2,20210607_Batch_2,1,dexamethasone,own,0.4,False,0.8365106601841272,0.24278450341410313,,True,45.376849251985576
source_2,20210607_Batch_2,1,FK-866,own,0.4,False,0.7801805568501357,0.2059281177388538,,True,126.84661297933826
source_2,20210607_Batch_2,1,LY2109761,own,0.4,False,0.9020474837349932,0.2910748083492258,,True,148.6343890196185
source_2,20210607_Batch_2,1,NVS-PAK1-1,own,0.4,False,0.8210324308605297,0.22337327004565394,,True,113.32145053167042
source_2,20210607_Batch_2,1,quinidine,own,0.4,False,0.5635868945542415,0.302048147517795,,True,23.48962745135647
source_2,20210607_Batch_2,1,TC-S-7004,own,0.4,False,0.7038133831294209,0.13025175828807936,,True,190.27608064758473
source_2,20210607_Batch_2,1,aloxistatin,own,0.4,False,0.21869334111043756,0.14641383744526507,,False,21.05462247690215
source_2,20210614_Batch_1,2,AMG900,own,1.02,False,0.8525699064712574,-0.0008915804220485736,0.9833369061324275,True,250.21356283121858
source_2,20210614_Batch_1,2,dexamethasone,own,1.02,False,0.7544719310128174,0.1856910159614766,0.9546580830733247,True,50.12739826906608
source_2,20210614_Batch_1,2,FK-866,own,1.02,False,0.7510001773175372,0.17199797058703595,0.9674612210764855,True,126.86556477029133
source_2,20210614_Batch_1,2,LY2109761,own,1.02,False,0.8990795461037102,0.2935557240328836,0.9833177266504503,True,124.74494965438242
source_2,20210614_Batch_1,2,NVS-PAK1-1,own,1.02,False,0.8063545519432923,0.22535763889987612,0.9860828343177106,True,98.68334724162129
source_2,20210614_Batch_1,2,quinidine,own,1.02,False,0.37822399721104827,0.1794422200218644,0.8992449633837521,True,23.373072487447907
source_2,20210614_Batch_1,2,TC-S-7004,own,1.02,False,0.684995880857497,0.12136715930024697,0.9856682078379462,True,172.53293043195163
source_2,20210614_Batch_1,2,aloxistatin,own,1.02,False,0.1328946916603208,0.12839559759115454,0.8719626791057435,False,29.264860389490007
source_2,20210621_Batch_3,3,AMG900,own,6.5,False,0.7860014142035059,0.039090482618076974,0.8604373000747668,True,174.27781732099933
source_2,20210621_Batch_3,3,dexamethasone,own,6.5,False,0.7796964497884352,0.2170732093356888,0.8892536807642877,True,51.25789278962799
source_2,20210621_Batch_3,3,FK-866,own,6.5,False,0.7207912672586463,0.17783360444897914,0.8142896227585781,True,105.99385801998716
source_2,20210621_Batch_3,3,LY2109761,own,6.5,False,0.8361394456468714,0.22734406777576993,0.9194906155235957,True,120.07842118443048
source_2,20210621_Batch_3,3,NVS-PAK1-1,own,6.5,False,0.8079277985254125,0.13607980487215024,0.9123412642547516,True,84.1479116522121
source_2,20210621_Batch_3,3,quinidine,own,6.5,False,0.4294462770884834,0.2173506369288354,0.7183803376707555,False,22.872946352792056
source_2,20210621_Batch_3,3,TC-S-7004,own,6.5,False,0.5837632994890156,0.1380787313289227,0.8303098525811845,True,130.59589504223095
source_2,20210621_Batch_3,3,aloxistatin,own,6.5,False,0.250352167527502,0.11610403905555736,0.7185989805245061,False,29.064273820172073
source_2,20210712_Batch_5,4,AMG900,own,1.73,False,0.8458022899989561,0.0006356001012068564,0.9667253685024076,True,254.38168945830802
source_2,20210712_Batch_5,4,dexamethasone,own,1.73,False,0.9115441890759892,0.2346704584077914,0.8371395089062392,True,41.06916235240595
source_2,20210712_Batch_5,4,FK-866,own,1.73,False,0.8218746910003258,0.20007949855133153,0.9372650360927275,True,96.58879921006289
source_2,20210712_Batch_5,4,LY2109761,own,1.73,False,0.8955289390232432,0.2712896569866316,0.9709970815263036,True,119.85159674794757
source_2,20210712_Batch_5,4,NVS-PAK1-1,own,1.73,False,0.8478556669830541,0.20598445366158402,0.9512343113430894,True,88.51398629989019
source_2,20210712_Batch_5,4,quinidine,own,1.73,False,0.760559499312095,0.3519375909170428,0.5851326222869662,True,19.659480730859567
source_2,20210712_Batch_5,4,TC-S-7004,own,1.73,False,0.5782175325679642,0.3009951128698921,0.7794307931156641,True,46.99158232368599
source_2,20210712_Batch_5,4,aloxistatin,own,1.73,False,0.5274076804804497,0.17400722226263118,0.49362813650555837,True,18.991401150202968
source_2,20210719_Batch_6,5,AMG900,own,1.94,False,0.8527163718057895,0.019297038725591596,0.9605091771184836,True,259.8060933121015
source_2,20210719_Batch_6,5,dexamethasone,own,1.94,False,0.9163671102232988,0.2891232711597859,0.8874573197380893,True,50.2717681349226
source_2,20210719_Batch_6,5,FK-866,own,1.94,False,0.8153451661878185,0.18340485862160388,0.9365656476722852,True,109.64919700458007
source_2,20210719_Batch_6,5,LY2109761,own,1.94,False,0.9060905058295124,0.2843278076589903,0.9754415830403567,True,129.8744524371425
source_2,20210719_Batch_6,5,NVS-PAK1-1,own,1.94,False,0.8548215631727999,0.17682205483344596,0.9296347089729919,True,106.02602559354823
source_2,20210719_Batch_6,5,quinidine,own,1.94,False,0.776336185517674,0.34529803004589193,0.6912823028737085,True,18.131138699171217
source_2,20210719_Batch_6,5,TC-S-7004,own,1.94,False,0.7047581267136594,0.2014434697585909,0.903885726090697,True,197.22872099106084
source_2,20210719_Batch_6,5,aloxistatin,own,1.94,False,0.5595559525782132,0.23569648522842965,0.5290639658092022,True,17.704789739544246
source_2,20210726_Batch_7,6,AMG900,own,3.28,False,0.8800325409719401,0.01491509416717431,0.9636313465767179,True,276.949126066562
source_2,20210726_Batch_7,6,dexamethasone,own,3.28,False,0.9005211371419313,0.3030169040307669,0.8408276352274631,True,50.02390163562579
source_2,20210726_Batch_7,6,FK-866,own,3.28,False,0.79305011708659,0.20594759392077963,0.901724742950937,True,116.45058707238502
source_2,20210726_Batch_7,6,LY2109761,own,3.28,False,0.9026371233661287,0.30539387992973077,0.973661330734033,True,138.87339356448044
source_2,20210726_Batch_7,6,NVS-PAK1-1,own,3.28,False,0.8334415183331887,0.19585267681804558,0.9346459061895154,True,112.3461661755088
source_2,20210726_Batch_7,6,quinidine,own,3.28,False,0.7289951628754958,0.3155729300422397,0.5996842319565308,True,23.485052218597993
source_2,20210726_Batch_7,6,TC-S-7004,own,3.28,False,0.7448070720123013,0.22877178306137488,0.8548695937981826,True,229.02558637864067
source_2,20210726_Batch_7,6,aloxistatin,own,3.28,False,0.3819227315883739,0.24901267388782355,0.27811908061960955,False,25.067590143178794
source_2,20210802_Batch_8,7,AMG900,own,3.04,False,0.8851971673998669,0.002467217539875291,0.9675113054466871,True,277.8891711391079
source_2,20210802_Batch_8,7,dexamethasone,own,3.04,False,0.7635865495795033,0.26653311982568645,0.806689454315527,True,42.46955410804279
source_2,20210802_Batch_8,7,FK-866,own,3.04,False,0.8097688217435204,0.1818783848563276,0.9102434284915272,True,116.44694265025534
source_2,20210802_Batch_8,7,LY2109761,own,3.04,False,0.9116789409542855,0.2942373429412422,0.9749676061373684,True,124.6737905077095
source_2,20210802_Batch_8,7,NVS-PAK1-1,own,3.04,False,0.824277316936372,0.21829197885920373,0.9350238494167513,True,101.38541081657209
source_2,20210802_Batch_8,7,quinidine,own,3.04,False,0.5015571529670959,0.2655558727308362,0.6219731683668369,True,24.96484518689379
source_2,20210802_Batch_8,7,TC-S-7004,own,3.04,False,0.7542777705868925,0.1604764169573418,0.9464758399922071,True,196.68702892588203
source_2,20210802_Batch_8,7,aloxistatin,own,3.04,False,0.41432268537552364,0.17145415448585627,0.3795168099071665,True,18.71386459882794
source_2,20210808_Batch_4,8,AMG900,own,3.17,False,0.8916595973824708,0.00449095054815333,0.9680231025014584,True,286.7518688279249
source_2,20210808_Batch_4,8,dexamethasone,own,3.17,False,0.4041189392379353,0.2608611533901179,0.4369246229725702,False,64.17416157180654
source_2,20210808_Batch_4,8,FK-866,own,3.17,False,0.8162153068670751,0.243736093895404,0.9007180562121604,True,124.66302000040585
source_2,20210808_Batch_4,8,LY2109761,own,3.17,False,0.9069268056099228,0.2985256268222625,0.9703194567295361,True,146.2343555948043
source_2,20210808_Batch_4,8,NVS-PAK1-1,own,3.17,False,0.8296734230250105,0.226963764153184,0.9570326839238708,True,101.88193379526847
source_2,20210808_Batch_4,8,quinidine,own,3.17,False,0.617143001806792,0.31857359555902726,0.7368775391076227,True,24.052243677352035
source_2,20210808_Batch_4,8,TC-S-7004,own,3.17,False,0.7418061404474569,0.13976755062867782,0.9409978635963963,True,208.87333375907974
source_2,20210808_Batch_4,8,aloxistatin,own,3.17,False,0.4047592955363317,0.2142008084482029,0.4268709326802853,True,19.06932059864253
source_2,20210816_Batch_9,9,AMG900,own,2.77,False,0.8523687883343611,0.003904172256157422,0.9644614642468814,True,265.39547558305026
source_2,20210816_Batch_9,9,dexamethasone,own,2.77,False,0.34831295236200094,0.20441983471121947,0.4302135461681754,False,72.71713823799213
source_2,20210816_Batch_9,9,FK-866,own,2.77,False,0.7885774784417685,0.1788834735001876,0.9145154843069208,True,126.75508740441704
source_2,20210816_Batch_9,9,LY2109761,own,2.77,False,0.8931271909283824,0.2695620023407441,0.9639453362114617,True,127.70157131975414
source_2,20210816_Batch_9,9,NVS-PAK1-1,own,2.77,False,0.8253381624726803,0.19182935901961842,0.9306923724902251,True,86.81946090985026
source_2,20210816_Batch_9,9,quinidine,own,2.77,False,0.5212956261858201,0.23644992549067287,0.7053347818364495,False,22.850283199347597
source_2,20210816_Batch_9,9,TC-S-7004,own,2.77,False,0.6588055679015803,0.08973920088599396,0.9340970478134952,True,178.97588652871684
source_2,20210816_Batch_9,9,aloxistatin,own,2.77,False,0.2596156103458781,0.09868185714587126,0.5908213982412429,True,15.840241628130489
source_2,20210823_Batch_10,10,AMG900,own,2.22,False,0.856568491646398,0.002400854549105202,0.9776169318443662,True,253.84274537517854
source_2,20210823_Batch_10,10,dexamethasone,own,2.22,False,0.2474334961410047,0.19632549511685654,0.34156735881107686,False,73.82678371522447
source_2,20210823_Batch_10,10,FK-866,own,2.22,False,0.7882029894712941,0.171390198391301,0.9260935743874938,True,120.21367770534809
source_2,20210823_Batch_10,10,LY2109761,own,2.22,False,0.8956088002417983,0.2640172285247801,0.9730287197041658,True,116.82038958080885
source_2,20210823_Batch_10,10,NVS-PAK1-1,own,2.22,False,0.8354626432222336,0.18805099755947058,0.941226894836223,True,86.4246963054282
source_2,20210823_Batch_10,10,quinidine,own,2.22,False,0.4762272067029388,0.21707897995696548,0.7313955838128074,False,19.96050729354016
source_2,20210823_Batch_10,10,TC-S-7004,own,2.22,False,0.6585523081862901,0.0899725453141053,0.9439973665184606,True,176.69747347637278
source_2,20210823_Batch_10,10,aloxistatin,own,2.22,False,0.3205257729751018,0.18224834922035724,0.7596249886903207,False,15.385745100086982
source_2,20210830_Batch_11,11,AMG900,own,12.96,True,0.8322863104659157,0.030213117637425933,0.7422589997798781,True,351.0815776081138
source_2,20210830_Batch_11,11,dexamethasone,own,12.96,True,0.61605861062077,0.18192428543127923,0.5864613122867205,True,52.264046529694575
source_2,20210830_Batch_11,11,FK-866,own,12.96,True,0.7257235697698408,0.15038619830351732,0.6344062527225045,True,149.6946338626065
source_2,20210830_Batch_11,11,LY2109761,own,12.96,True,0.8390565068028546,0.21155488128674074,0.8538887060413745,True,150.59756902705817
source_2,20210830_Batch_11,11,NVS-PAK1-1,own,12.96,True,0.7661312860341591,0.19325103626035284,0.7909383962903244,True,117.7002167645874
source_2,20210830_Batch_11,11,quinidine,own,12.96,True,0.35429583056138,0.1460102320988299,0.4785732559118816,True,24.73351084133325
source_2,20210830_Batch_11,11,TC-S-7004,own,12.96,True,0.5693296533789354,0.1006566364651541,0.6577253164208564,True,287.95609356800844
source_2,20210830_Batch_11,11,aloxistatin,own,12.96,True,0.13618632651511692,-0.08743769300542323,0.1298144841166543,False,32.01043441424023
source_2,20210920_Batch_12,12,AMG900,own,9.11,True,0.8910063362989373,0.036878254944753594,0.7942113266040467,True,339.3760781553738
source_2,20210920_Batch_12,12,dexamethasone,own,9.11,True,0.5221093603086737,0.23064321285828562,0.5144616283551638,True,59.79226460804503
source_2,20210920_Batch_12,12,FK-866,own,9.11,True,0.7031530016082151,0.20748013693603157,0.6484504708659208,True,134.83096934652283
source_2,20210920_Batch_12,12,LY2109761,own,9.11,True,0.8572455741482171,0.28183427632416136,0.8452266387053295,True,146.16189894342867
source_2,20210920_Batch_12,12,NVS-PAK1-1,own,9.11,True,0.8394087276284652,0.24104685714974344,0.7840958334280752,True,114.4386073343974
source_2,20210920_Batch_12,12,quinidine,own,9.11,True,0.4080720172533777,0.23750295369861982,0.5336676585784306,True,33.20745043031835
source_2,20210920_Batch_12,12,TC-S-7004,own,9.11,True,0.7332343877065366,0.14276371653427905,0.7807441948075293,True,257.73704568247837
source_2,20210920_Batch_12,12,aloxistatin,own,9.11,True,0.2310200385810039,0.09957375844228952,0.20112425658860045,True,32.72110379240622
source_2,20211003_Batch_13,13,AMG900,own,8.11,True,0.8705431139340893,0.03808412045401691,0.784884323225421,True,318.3075353657231
source_2,20211003_Batch_13,13,dexamethasone,own,8.11,True,0.7272168442639622,0.18860592234840032,0.6868427853737534,True,42.01398768488046
source_2,20211003_Batch_13,13,FK-866,own,8.11,True,0.8044328605728656,0.1924305759920228,0.7531756411635853,True,132.38700402025978
source_2,20211003_Batch_13,13,LY2109761,own,8.11,True,0.8573877938607816,0.25681076967779753,0.8759886845103779,True,127.00916205461779
source_2,20211003_Batch_13,13,NVS-PAK1-1,own,8.11,True,0.8573674544113062,0.21819411703779037,0.7847908339292746,True,115.57506334317037
source_2,20211003_Batch_13,13,quinidine,own,8.11,True,0.3368820677050767,0.14092171466129214,0.4628104210936844,True,24.518174175907244
source_2,20211003_Batch_13,13,TC-S-7004,own,8.11,True,0.6827658919477086,0.14317044658662645,0.79629921315718,True,220.20269804780975
source_2,20211003_Batch_13,13,aloxistatin,own,8.11,True,0.19355575954908363,0.04957171188781263,0.20341421789888947,False,27.49869535118595
source_2,20210607_Batch_2,1,AMG900,scaled,0.4,False,0.7405425167197224,-0.012479630407388297,,True,71.42289314708152
source_2,20210607_Batch_2,1,dexamethasone,scaled,0.4,False,0.5939742837521272,0.14687410011705504,,True,11.319481275022719
source_2,20210607_Batch_2,1,FK-866,scaled,0.4,False,0.6543891065303505,0.06983688790128331,,True,39.51451588809053
source_2,20210607_Batch_2,1,LY2109761,scaled,0.4,False,0.7011971351349141,0.14367421056413926,,True,35.52036555959426
source_2,20210607_Batch_2,1,NVS-PAK1-1,scaled,0.4,False,0.6518638831784266,0.07515418568977227,,True,31.639340021998752
source_2,20210607_Batch_2,1,quinidine,scaled,0.4,False,0.34198150813022976,0.1252150499097308,,True,7.722012029315762
source_2,20210607_Batch_2,1,TC-S-7004,scaled,0.4,False,0.45691466375168427,0.0724211583865114,,True,47.41090819459215
source_2,20210607_Batch_2,1,aloxistatin,scaled,0.4,False,0.12243870326958552,0.056908382972487334,,True,7.910654469772622
source_2,20210614_Batch_1,2,AMG900,scaled,1.02,False,0.7155674614576036,-0.006654637560943232,0.9754729114856082,True,61.20967388983128
source_2,20210614_Batch_1,2,dexamethasone,scaled,1.02,False,0.4172130441876541,0.10501642242789756,0.8696584666869591,True,13.516502795403103
source_2,20210614_Batch_1,2,FK-866,scaled,1.02,False,0.6144658466203676,0.060752566853321366,0.9479175861166278,True,38.24359833096921
source_2,20210614_Batch_1,2,LY2109761,scaled,1.02,False,0.6783905959457437,0.1372168945828967,0.9685410411361455,True,32.03507555958494
source_2,20210614_Batch_1,2,NVS-PAK1-1,scaled,1.02,False,0.6048243911016844,0.07289938000623146,0.9562367425243776,True,28.93132153698248
source_2,20210614_Batch_1,2,quinidine,scaled,1.02,False,0.17266411329074763,0.054876543561107036,0.7566456567326505,True,8.675612141161857
source_2,20210614_Batch_1,2,TC-S-7004,scaled,1.02,False,0.4194029022297256,0.06916360536944259,0.9687001810642767,True,42.58949514420986
source_2,20210614_Batch_1,2,aloxistatin,scaled,1.02,False,-0.008391646944925935,0.04131967759324166,0.8261984910563209,False,12.701214586679178
source_2,20210621_Batch_3,3,AMG900,scaled,6.5,False,0.5154229085819078,0.03681347072163801,0.7085728413697658,True,45.46369166394484
source_2,20210621_Batch_3,3,dexamethasone,scaled,6.5,False,0.40241973366757733,0.13027711849419749,0.6188496584794283,True,13.022818865814855
source_2,20210621_Batch_3,3,FK-866,scaled,6.5,False,0.43177359886045596,0.08904683299004544,0.6522292273391312,True,28.46569392978228
source_2,20210621_Batch_3,3,LY2109761,scaled,6.5,False,0.5971997630843658,0.11374722452726001,0.8279051200269523,True,28.94134885029922
source_2,20210621_Batch_3,3,NVS-PAK1-1,scaled,6.5,False,0.5239483275299331,0.053237488844913895,0.7557804199531204,True,25.304881388873596
source_2,20210621_Batch_3,3,quinidine,scaled,6.5,False,0.1359926313630364,0.07170602067336396,0.5064844469840026,False,7.737430143861491
source_2,20210621_Batch_3,3,TC-S-7004,scaled,6.5,False,0.34264203184264563,0.1090630888964343,0.7265207966017144,True,38.11865663601941
source_2,20210621_Batch_3,3,aloxistatin,scaled,6.5,False,0.12413216599116313,0.03207143109889272,0.5921782383684175,False,8.910995386605656
source_2,20210712_Batch_5,4,AMG900,scaled,1.73,False,0.731110036076164,0.00973646528014281,0.9457779060080821,True,63.061782562361294
source_2,20210712_Batch_5,4,dexamethasone,scaled,1.73,False,0.6779010778846992,0.13818865832263239,0.775557160967564,True,11.224918771282914
source_2,20210712_Batch_5,4,FK-866,scaled,1.73,False,0.6888284064063973,0.0829419275246207,0.8961980099187432,True,33.40072008204394
source_2,20210712_Batch_5,4,LY2109761,scaled,1.73,False,0.6566732597725073,0.12250397145607786,0.9420428121503615,True,32.671602974378594
source_2,20210712_Batch_5,4,NVS-PAK1-1,scaled,1.73,False,0.6646933409904254,0.06856977794098748,0.9133527004372074,True,29.383629974901844
source_2,20210712_Batch_5,4,quinidine,scaled,1.73,False,0.47764358337502444,0.1530609363622373,0.4826541461047161,True,6.347210497438334
source_2,20210712_Batch_5,4,TC-S-7004,scaled,1.73,False,0.21476040109240185,0.1617899480423081,0.6516697266168092,False,14.494087022751566
source_2,20210712_Batch_5,4,aloxistatin,scaled,1.73,False,0.33901173526717904,0.10431562381137496,0.6104399345820335,True,7.098618743030308
source_2,20210719_Batch_6,5,AMG900,scaled,1.94,False,0.7075274657036577,0.016232348602340105,0.937278999157682,True,62.09355455080783
source_2,20210719_Batch_6,5,dexamethasone,scaled,1.94,False,0.6516855759141724,0.15365893661244123,0.7787111621923097,True,12.882819179229223
source_2,20210719_Batch_6,5,FK-866,scaled,1.94,False,0.6813780783127166,0.05670459113970792,0.8912531524158296,True,34.89601291226201
source_2,20210719_Batch_6,5,LY2109761,scaled,1.94,False,0.6941541859387159,0.13382530435439502,0.9486989853412686,True,32.48524541686611
source_2,20210719_Batch_6,5,NVS-PAK1-1,scaled,1.94,False,0.6695596250424461,0.06650524480874555,0.8814400782236931,True,30.780172071307234
source_2,20210719_Batch_6,5,quinidine,scaled,1.94,False,0.4148609434296682,0.15558986595807273,0.5996991792526083,True,5.82510079799752
source_2,20210719_Batch_6,5,TC-S-7004,scaled,1.94,False,0.4965405395038911,0.1072411059302316,0.7880744584738584,True,56.156973227144015
source_2,20210719_Batch_6,5,aloxistatin,scaled,1.94,False,0.27688211527933204,0.09665518981522454,0.5846070567550923,True,7.287340336490915
source_2,20210726_Batch_7,6,AMG900,scaled,3.28,False,0.7448924753095391,0.011777689870278272,0.927921586073055,True,67.8306251061526
source_2,20210726_Batch_7,6,dexamethasone,scaled,3.28,False,0.6882650670947055,0.1512431931176677,0.6731704295037992,True,12.9164721691832
source_2,20210726_Batch_7,6,FK-866,scaled,3.28,False,0.6951018512276379,0.07073964569095494,0.852297067652579,True,36.76713018332712
source_2,20210726_Batch_7,6,LY2109761,scaled,3.28,False,0.6852557324449223,0.13517889229473048,0.9335511130897195,True,36.47436925694898
source_2,20210726_Batch_7,6,NVS-PAK1-1,scaled,3.28,False,0.6822877655466898,0.06113075773364226,0.8856657335287468,True,33.463378633454546
source_2,20210726_Batch_7,6,quinidine,scaled,3.28,False,0.4060920987127102,0.15203062944559767,0.3777465859891102,True,7.120624860391212
source_2,20210726_Batch_7,6,TC-S-7004,scaled,3.28,False,0.5508600957005966,0.11193714074919196,0.7729299816975972,True,63.09798197150974
source_2,20210726_Batch_7,6,aloxistatin,scaled,3.28,False,0.21795155091249596,0.10710364811518013,0.32561543560174067,True,9.254304236426348
source_2,20210802_Batch_8,7,AMG900,scaled,3.04,False,0.7502505060103859,0.00829252078403902,0.9358373822052914,True,66.13831607366404
source_2,20210802_Batch_8,7,dexamethasone,scaled,3.04,False,0.6139117850996998,0.1512777821512619,0.6803302554949165,True,10.650430156844232
source_2,20210802_Batch_8,7,FK-866,scaled,3.04,False,0.6861516837031445,0.05891748440681845,0.8464408538991921,True,35.56767743210353
source_2,20210802_Batch_8,7,LY2109761,scaled,3.04,False,0.703273074407035,0.13858788439325528,0.9374994124302711,True,33.46756360702229
source_2,20210802_Batch_8,7,NVS-PAK1-1,scaled,3.04,False,0.6557264293975271,0.060083894789463146,0.8711082745864513,True,30.344865842282577
source_2,20210802_Batch_8,7,quinidine,scaled,3.04,False,0.3020560337576771,0.11330201944573959,0.40361820226267797,True,7.269999042633527
source_2,20210802_Batch_8,7,TC-S-7004,scaled,3.04,False,0.5349642095174889,0.07534204408505227,0.852636871343869,True,55.61146386056681
source_2,20210802_Batch_8,7,aloxistatin,scaled,3.04,False,0.24241354257696204,0.06848076460814655,0.4217479358667745,True,7.593967430336924
source_2,20210808_Batch_4,8,AMG900,scaled,3.17,False,0.7591903881334555,0.021967448136939356,0.9265239915817638,True,70.4678168669984
source_2,20210808_Batch_4,8,dexamethasone,scaled,3.17,False,0.3562776394554641,0.10741606047237319,0.37124448245538866,True,20.105204297847823
source_2,20210808_Batch_4,8,FK-866,scaled,3.17,False,0.68759470598529,0.0818091609492991,0.8378721149816504,True,40.1991727816628
source_2,20210808_Batch_4,8,LY2109761,scaled,3.17,False,0.6984489222926047,0.15178231264015501,0.9284416311094296,True,37.10234804005379
source_2,20210808_Batch_4,8,NVS-PAK1-1,scaled,3.17,False,0.6720763530929272,0.07514356001666812,0.8888486050674496,True,31.32557802598032
source_2,20210808_Batch_4,8,quinidine,scaled,3.17,False,0.320091625492003,0.1518202257230723,0.5116425475870241,True,7.042353056800824
source_2,20210808_Batch_4,8,TC-S-7004,scaled,3.17,False,0.5372257000532882,0.07255890971100812,0.8372912792636886,True,57.92352013189276
source_2,20210808_Batch_4,8,aloxistatin,scaled,3.17,False,0.22829610028624092,0.08192376832085611,0.4204177621731977,True,8.571710219182885
source_2,20210816_Batch_9,9,AMG900,scaled,2.77,False,0.7138969464820406,0.01119687712953544,0.9326168051622279,True,60.68337721464321
source_2,20210816_Batch_9,9,dexamethasone,scaled,2.77,False,0.2743706216473921,0.07972029179191223,0.4146706132906991,False,21.233177629627715
source_2,20210816_Batch_9,9,FK-866,scaled,2.77,False,0.6436534616133197,0.060007507959268645,0.8683275606434392,True,37.65405375372647
source_2,20210816_Batch_9,9,LY2109761,scaled,2.77,False,0.6867422356438035,0.13736928852301675,0.9035884170054826,True,30.619864392762203
source_2,20210816_Batch_9,9,NVS-PAK1-1,scaled,2.77,False,0.6609450433009165,0.0758207230827873,0.8673705231734798,True,25.76593457369096
source_2,20210816_Batch_9,9,quinidine,scaled,2.77,False,0.3287682516246567,0.10071202171566651,0.6548990106182639,True,6.288236731626858
source_2,20210816_Batch_9,9,TC-S-7004,scaled,2.77,False,0.4712541175114731,0.04961203315719197,0.808064016200897,True,49.538904567653866
source_2,20210816_Batch_9,9,aloxistatin,scaled,2.77,False,0.13811082034240152,0.03994602964119536,0.6069006170523429,True,7.293411016090994
source_2,20210823_Batch_10,10,AMG900,scaled,2.22,False,0.7085968245330947,3.79326175354052e-05,0.9479440180937536,True,63.385953976135326
source_2,20210823_Batch_10,10,dexamethasone,scaled,2.22,False,0.2266033752702938,0.06910320389693352,0.34184442791441405,False,24.784911056953604
source_2,20210823_Batch_10,10,FK-866,scaled,2.22,False,0.6351872826271423,0.05475543650439534,0.8922195561335242,True,36.17335693972675
source_2,20210823_Batch_10,10,LY2109761,scaled,2.22,False,0.7077162171860742,0.13117347222411171,0.9368771502182823,True,30.033168898176346
source_2,20210823_Batch_10,10,NVS-PAK1-1,scaled,2.22,False,0.6439467406130677,0.056559313937326314,0.8902721010954777,True,26.328769389555188
source_2,20210823_Batch_10,10,quinidine,scaled,2.22,False,0.38627723856135854,0.08560564905013936,0.6520723935283661,True,5.659837152967911
source_2,20210823_Batch_10,10,TC-S-7004,scaled,2.22,False,0.4302497122961166,0.05502767400022791,0.8357627887446113,True,48.687245097779424
source_2,20210823_Batch_10,10,aloxistatin,scaled,2.22,False,0.19143345599560532,0.056144718123035176,0.7462470211393643,True,6.786528977385137
source_2,20210830_Batch_11,11,AMG900,scaled,12.96,True,0.6754325013234719,-0.013659721671580947,0.6916595345590398,True,75.48373971616653
source_2,20210830_Batch_11,11,dexamethasone,scaled,12.96,True,0.3459653258333074,0.042100622688942935,0.3909046506928951,True,16.170533931045615
source_2,20210830_Batch_11,11,FK-866,scaled,12.96,True,0.4653488701579152,0.0006247066275441542,0.5306825981782575,True,38.026284808171724
source_2,20210830_Batch_11,11,LY2109761,scaled,12.96,True,0.43379622906214066,0.07200086340842604,0.5286334863321607,True,41.99251328541287
source_2,20210830_Batch_11,11,NVS-PAK1-1,scaled,12.96,True,0.482093271987845,0.026734948989624512,0.44688275282426027,True,39.873447866873505
source_2,20210830_Batch_11,11,quinidine,scaled,12.96,True,0.15026390404984064,0.010137330661661852,0.23717117156856427,True,9.476340054192182
source_2,20210830_Batch_11,11,TC-S-7004,scaled,12.96,True,0.45577948598555423,0.030507614998914474,0.5024535525459206,True,56.34735439314427
source_2,20210830_Batch_11,11,aloxistatin,scaled,12.96,True,0.054986890561630225,-0.050672659030302145,0.07789889215012309,True,11.344447485764972
source_2,20210920_Batch_12,12,AMG900,scaled,9.11,True,0.6540254005082771,-0.008233581694509074,0.7273384111675277,True,82.25326242870916
source_2,20210920_Batch_12,12,dexamethasone,scaled,9.11,True,0.3990789438746817,0.07659671316069609,0.3890044938811145,True,18.57226836950039
source_2,20210920_Batch_12,12,FK-866,scaled,9.11,True,0.5562723531796189,0.028281996032408052,0.6657078629121758,True,40.76866303101106
source_2,20210920_Batch_12,12,LY2109761,scaled,9.11,True,0.49433563120888324,0.0751343775359565,0.572891799756088,True,44.24976012134379
source_2,20210920_Batch_12,12,NVS-PAK1-1,scaled,9.11,True,0.5188921845689003,0.024945928345804034,0.5409584761601735,True,35.43810774223297
source_2,20210920_Batch_12,12,quinidine,scaled,9.11,True,0.15106871123102658,0.060617687610355256,0.2098738038608907,True,9.962439330394881
source_2,20210920_Batch_12,12,TC-S-7004,scaled,9.11,True,0.43009470029830865,0.05759275652836401,0.5431319985235337,True,64.09522524516689
source_2,20210920_Batch_12,12,aloxistatin,scaled,9.11,True,0.05054518460736379,0.016857881268010407,0.137370595786995,False,11.985161975641795
source_2,20211003_Batch_13,13,AMG900,scaled,8.11,True,0.6759439437951863,-0.0035485358145512856,0.7534286777698338,True,80.07633977292895
source_2,20211003_Batch_13,13,dexamethasone,scaled,8.11,True,0.4849438070918991,0.05840902469480964,0.5229419786228978,True,13.25597633912054
source_2,20211003_Batch_13,13,FK-866,scaled,8.11,True,0.590825577263564,0.012948988851665335,0.7375883241162495,True,40.17806560432801
source_2,20211003_Batch_13,13,LY2109761,scaled,8.11,True,0.5345755035952737,0.06764505801255656,0.6537440405483566,True,38.51969351896612
source_2,20211003_Batch_13,13,NVS-PAK1-1,scaled,8.11,True,0.5686111701266127,0.013178417847166493,0.5821510775380414,True,36.932182162510585
source_2,20211003_Batch_13,13,quinidine,scaled,8.11,True,0.23810142057524303,0.013267054767656114,0.25176524386597976,True,7.941636256326821
source_2,20211003_Batch_13,13,TC-S-7004,scaled,8.11,True,0.4736661668990174,0.03737074751237258,0.6021546637025067,True,56.532163119429555
source_2,20211003_Batch_13,13,aloxistatin,scaled,8.11,True,0.08061725658940652,-0.008867476524867215,0.17490741763820372,True,9.220113095636835
source_2,20210607_Batch_2,1,AMG900,field,0.4,False,0.9270635632434581,0.036221041025879815,,True,96.67048369480845
source_2,20210607_Batch_2,1,dexamethasone,field,0.4,False,0.8642314001267294,0.2662041612976601,,True,13.337458974387621
source_2,20210607_Batch_2,1,FK-866,field,0.4,False,0.8453228751337856,0.3099992747592223,,True,31.527521080726014
source_2,20210607_Batch_2,1,LY2109761,field,0.4,False,0.9298202028607431,0.283416809465927,,True,47.709670570491355
source_2,20210607_Batch_2,1,NVS-PAK1-1,field,0.4,False,0.8662116403152185,0.24092718706636296,,True,40.093083606959
source_2,20210607_Batch_2,1,quinidine,field,0.4,False,0.6782286011131462,0.3729621313377408,,True,7.136419915936873
source_2,20210607_Batch_2,1,TC-S-7004,field,0.4,False,0.8125165640167245,0.18410616644589153,,True,63.51154573657444
source_2,20210607_Batch_2,1,aloxistatin,field,0.4,False,0.36890592499791924,0.18278926344998322,,False,4.951219720999488
source_2,20210614_Batch_1,2,AMG900,field,1.02,False,0.924613846305347,0.0671343939679794,0.9829824941809103,True,92.39059240411818
source_2,20210614_Batch_1,2,dexamethasone,field,1.02,False,0.8137639353467334,0.2235779525296623,0.9505828773618815,True,15.529526594176726
source_2,20210614_Batch_1,2,FK-866,field,1.02,False,0.8486483781916038,0.2744896270649331,0.9309549040900489,True,43.16702402024211
source_2,20210614_Batch_1,2,LY2109761,field,1.02,False,0.9153857967836457,0.2999762233317383,0.9785611996732977,True,42.37450384403834
source_2,20210614_Batch_1,2,NVS-PAK1-1,field,1.02,False,0.8564074762014375,0.21800363675603168,0.9846972835034424,True,37.04535385408342
source_2,20210614_Batch_1,2,quinidine,field,1.02,False,0.5648517440554263,0.2671805833562423,0.871619240628962,True,5.752605253117317
source_2,20210614_Batch_1,2,TC-S-7004,field,1.02,False,0.8039925831670955,0.17780095347305394,0.9855123656176916,True,58.088584096926716
source_2,20210614_Batch_1,2,aloxistatin,field,1.02,False,0.29730663625795667,0.1331675330866903,0.820662818401713,False,6.35845561998759
source_2,20210621_Batch_3,3,AMG900,field,6.5,False,0.8940989403790975,0.06609993158908342,0.924828718077619,True,69.46804797812942
source_2,20210621_Batch_3,3,dexamethasone,field,6.5,False,0.8181579033823096,0.2691658474492369,0.8685642460044611,True,17.626996962511168
source_2,20210621_Batch_3,3,FK-866,field,6.5,False,0.755661995351421,0.2523521026530112,0.7529961956031006,True,38.61211736739717
source_2,20210621_Batch_3,3,LY2109761,field,6.5,False,0.8981391252257762,0.20480242186943423,0.9331041613578657,True,38.18443535530453
source_2,20210621_Batch_3,3,NVS-PAK1-1,field,6.5,False,0.8337081905398718,0.10393484276272065,0.8589180479514624,True,32.39358250787303
source_2,20210621_Batch_3,3,quinidine,field,6.5,False,0.5686694321968226,0.3002288885992809,0.7359380447854404,True,6.7014462952360585
source_2,20210621_Batch_3,3,TC-S-7004,field,6.5,False,0.6637123816853996,0.20739094488397283,0.8048473918038699,True,49.33835352789235
source_2,20210621_Batch_3,3,aloxistatin,field,6.5,False,0.3447804952463817,0.09196440895017402,0.7559960009584804,False,7.633966585928121
source_2,20210712_Batch_5,4,AMG900,field,1.73,False,0.9176210259096172,0.06110515273222764,0.9822366835622285,True,91.00628132079267
source_2,20210712_Batch_5,4,dexamethasone,field,1.73,False,0.9061705550684065,0.20568236471567175,0.8920447303866371,True,14.691676541993033
source_2,20210712_Batch_5,4,FK-866,field,1.73,False,0.8470464765865593,0.22219013533258664,0.8935315979736154,True,39.742973036591955
source_2,20210712_Batch_5,4,LY2109761,field,1.73,False,0.9181899139202907,0.24338989538765726,0.9705958651451431,True,43.98240185197631
source_2,20210712_Batch_5,4,NVS-PAK1-1,field,1.73,False,0.895055103157549,0.22208920693085465,0.9728667469628047,True,38.71024409208166
source_2,20210712_Batch_5,4,quinidine,field,1.73,False,0.7193825607827746,0.34399046479247336,0.7441455937314483,True,6.666979348064529
source_2,20210712_Batch_5,4,TC-S-7004,field,1.73,False,0.6826647553982358,0.29936863608576114,0.8328723868342918,True,19.561268046671596
source_2,20210712_Batch_5,4,aloxistatin,field,1.73,False,0.46094890425339263,0.14429406065771092,0.6165386925258682,True,6.181379072621179
source_2,20210719_Batch_6,5,AMG900,field,1.94,False,0.91842518252696,0.09064480537653934,0.9752978399470679,True,84.9273487543447
source_2,20210719_Batch_6,5,dexamethasone,field,1.94,False,0.9129387284073615,0.29380305703190324,0.9101626900124014,True,17.107015203079587
source_2,20210719_Batch_6,5,FK-866,field,1.94,False,0.833728444229605,0.22749774890000812,0.8881277094126536,True,39.86658655117456
source_2,20210719_Batch_6,5,LY2109761,field,1.94,False,0.9288565787125775,0.27082390560155967,0.9747848824747825,True,44.81044584970647
source_2,20210719_Batch_6,5,NVS-PAK1-1,field,1.94,False,0.8958565421367427,0.17487486685693351,0.946696280851622,True,39.22683774576692
source_2,20210719_Batch_6,5,quinidine,field,1.94,False,0.7290732165943725,0.3452134924954401,0.7600689251407993,True,5.804219848717335
source_2,20210719_Batch_6,5,TC-S-7004,field,1.94,False,0.7718517313180818,0.24791764197261448,0.880804727719375,True,69.40576857558926
source_2,20210719_Batch_6,5,aloxistatin,field,1.94,False,0.4757791445506906,0.20136627390739795,0.6768115186177489,True,5.582644482809819
source_2,20210726_Batch_7,6,AMG900,field,3.28,False,0.9381594162593647,0.07894686341401681,0.9707473570386129,True,90.79619239987198
source_2,20210726_Batch_7,6,dexamethasone,field,3.28,False,0.9293350607629183,0.2941162778524133,0.8932038544042645,True,16.368067132638796
source_2,20210726_Batch_7,6,FK-866,field,3.28,False,0.8459682249847489,0.27237622533637623,0.8822746574658734,True,38.93971022962752
source_2,20210726_Batch_7,6,LY2109761,field,3.28,False,0.9293405068729133,0.2756570367741212,0.978031756197559,True,45.0668588206205
source_2,20210726_Batch_7,6,NVS-PAK1-1,field,3.28,False,0.8821190610376926,0.18970203557078893,0.9505818966510062,True,40.187893071230164
source_2,20210726_Batch_7,6,quinidine,field,3.28,False,0.7751609765547689,0.33242192516877156,0.742018474494463,True,7.066632170856767
source_2,20210726_Batch_7,6,TC-S-7004,field,3.28,False,0.8023725054788955,0.26141502749628115,0.861308066994358,True,76.98962729643775
source_2,20210726_Batch_7,6,aloxistatin,field,3.28,False,0.3451898369026584,0.23509244989468872,0.4184634424934308,False,6.241662041000704
source_2,20210802_Batch_8,7,AMG900,field,3.04,False,0.9407371171544758,0.05735721022149993,0.9768789919824659,True,96.98703163433355
source_2,20210802_Batch_8,7,dexamethasone,field,3.04,False,0.7831232843742619,0.3028747492087656,0.849504707017555,True,14.612365476109897
source_2,20210802_Batch_8,7,FK-866,field,3.04,False,0.8506657789638908,0.25499713152424275,0.879272792618913,True,41.98514374579759
source_2,20210802_Batch_8,7,LY2109761,field,3.04,False,0.9428980596566972,0.28828344170114834,0.9757449122698643,True,44.68356429028812
source_2,20210802_Batch_8,7,NVS-PAK1-1,field,3.04,False,0.8662829635738523,0.21790370302286208,0.9546148326600032,True,38.27255666023025
source_2,20210802_Batch_8,7,quinidine,field,3.04,False,0.5799346122216973,0.3162071223021084,0.7535506580209157,True,7.157845255910864
source_2,20210802_Batch_8,7,TC-S-7004,field,3.04,False,0.8176919781800127,0.19207652519035698,0.9392571272334477,True,72.08465296895773
source_2,20210802_Batch_8,7,aloxistatin,field,3.04,False,0.31039545844643285,0.1371449309034976,0.5624523642919965,False,5.624011750510181
source_2,20210808_Batch_4,8,AMG900,field,3.17,False,0.9490629962334625,0.05433408413784811,0.9758886557660399,True,97.0878055874802
source_2,20210808_Batch_4,8,dexamethasone,field,3.17,False,0.4061454972146046,0.25228230681513214,0.44188144195951584,False,23.523399022170832
source_2,20210808_Batch_4,8,FK-866,field,3.17,False,0.8514856701005806,0.2898960003606141,0.8918913569706588,True,42.72263007160921
source_2,20210808_Batch_4,8,LY2109761,field,3.17,False,0.9351029623959745,0.28579422750546424,0.9812726254310227,True,48.373116336863646
source_2,20210808_Batch_4,8,NVS-PAK1-1,field,3.17,False,0.8596095110550445,0.218485011828881,0.9724315298772086,True,35.86207572931518
source_2,20210808_Batch_4,8,quinidine,field,3.17,False,0.6367474657811902,0.33401809636260943,0.8128243781537992,True,7.127023630379401
source_2,20210808_Batch_4,8,TC-S-7004,field,3.17,False,0.8152314462364088,0.16086059108772346,0.9334204540530593,True,69.01323603162038
source_2,20210808_Batch_4,8,aloxistatin,field,3.17,False,0.3588410451223922,0.20558657658645677,0.5139607497951757,True,5.441051593327876
source_2,20210816_Batch_9,9,AMG900,field,2.77,False,0.9225909925379401,0.07017998260521989,0.9778360699397848,True,91.67492046256963
source_2,20210816_Batch_9,9,dexamethasone,field,2.77,False,0.41754914858785547,0.2550823211632093,0.47465368815823167,False,27.485471911488126
source_2,20210816_Batch_9,9,FK-866,field,2.77,False,0.8379037919085579,0.2439476348487871,0.8892731196801197,True,45.49456055939841
source_2,20210816_Batch_9,9,LY2109761,field,2.77,False,0.9228256314348491,0.26375771641425916,0.9637703370156634,True,44.70703033030441
source_2,20210816_Batch_9,9,NVS-PAK1-1,field,2.77,False,0.8579987328431523,0.19331313839474223,0.9452941934054313,True,31.73713177988253
source_2,20210816_Batch_9,9,quinidine,field,2.77,False,0.6150395637231398,0.28261801954003496,0.688127440057081,True,7.373039513128198
source_2,20210816_Batch_9,9,TC-S-7004,field,2.77,False,0.7519757193312446,0.14351517738863076,0.9143150190334529,True,61.69358246417852
source_2,20210816_Batch_9,9,aloxistatin,field,2.77,False,0.34272259703125874,0.08305664877114909,0.6570842431988071,True,4.8956284266208225
source_2,20210823_Batch_10,10,AMG900,field,2.22,False,0.9247974232513757,0.07449441741718647,0.9795782327962589,True,90.52003398131622
source_2,20210823_Batch_10,10,dexamethasone,field,2.22,False,0.3475878120963697,0.23629044538042474,0.40114500328034786,False,29.55954429317545
source_2,20210823_Batch_10,10,FK-866,field,2.22,False,0.8518274568434951,0.24610423658409067,0.8898147894150825,True,45.63731933659542
source_2,20210823_Batch_10,10,LY2109761,field,2.22,False,0.9322058605332448,0.2644778549324691,0.9703165491468007,True,43.09050776086058
source_2,20210823_Batch_10,10,NVS-PAK1-1,field,2.22,False,0.8699554673680407,0.19118348699088114,0.952423656258263,True,33.19626318456203
source_2,20210823_Batch_10,10,quinidine,field,2.22,False,0.5608599871183717,0.28308754639165323,0.7356597648384752,True,6.664768294837697
source_2,20210823_Batch_10,10,TC-S-7004,field,2.22,False,0.7733785547509576,0.15450668129502626,0.9397082821091982,True,62.39603846998903
source_2,20210823_Batch_10,10,aloxistatin,field,2.22,False,0.33153016878603925,0.1752086013169794,0.7925872630404943,False,4.622916021622412
source_2,20210830_Batch_11,11,AMG900,field,12.96,True,0.8720201853116034,0.060245582826966224,0.8558887797854798,True,105.50230566112283
source_2,20210830_Batch_11,11,dexamethasone,field,12.96,True,0.5933710301807362,0.17688233917138146,0.6035191797130455,True,17.998397989421292
source_2,20210830_Batch_11,11,FK-866,field,12.96,True,0.7560582637918967,0.195290378021266,0.6436606194555774,True,53.62071394367595
source_2,20210830_Batch_11,11,LY2109761,field,12.96,True,0.8513637193511802,0.16378815105485428,0.8648800274006949,True,48.685711989784416
source_2,20210830_Batch_11,11,NVS-PAK1-1,field,12.96,True,0.7676018064179106,0.16630149487054682,0.8249849082626668,True,42.15920614323829
source_2,20210830_Batch_11,11,quinidine,field,12.96,True,0.3411656789190035,0.15433850438621813,0.5567135498237555,True,7.9240483548468825
source_2,20210830_Batch_11,11,TC-S-7004,field,12.96,True,0.6810904247706501,0.13122297239629552,0.7456908287216722,True,96.0248138169717
source_2,20210830_Batch_11,11,aloxistatin,field,12.96,True,0.060298110196649046,-0.07069784611244548,0.1834961573344759,False,8.348395105399986
source_2,20210920_Batch_12,12,AMG900,field,9.11,True,0.9140052805752914,0.08647704647002093,0.8851414067456337,True,117.68606153412716
source_2,20210920_Batch_12,12,dexamethasone,field,9.11,True,0.5376796807939155,0.2508229751037974,0.5221790554262096,True,23.88984367619866
source_2,20210920_Batch_12,12,FK-866,field,9.11,True,0.7137221902017288,0.27877176833258865,0.6489883727948303,True,52.38964259590036
source_2,20210920_Batch_12,12,LY2109761,field,9.11,True,0.9021502796122062,0.28494176588809284,0.8917265163710107,True,48.44456067228527
source_2,20210920_Batch_12,12,NVS-PAK1-1,field,9.11,True,0.8403907901188271,0.22162798499118522,0.8094380511914732,True,43.06681670206666
source_2,20210920_Batch_12,12,quinidine,field,9.11,True,0.40637886954270197,0.25753893130813743,0.6077331909132381,True,12.350488262151337
source_2,20210920_Batch_12,12,TC-S-7004,field,9.11,True,0.7288121696417674,0.15665769429919904,0.7710154288470843,True,97.67346740551358
source_2,20210920_Batch_12,12,aloxistatin,field,9.11,True,0.23330498429435714,0.12416729340942308,0.2968849683877454,False,10.893594275404915
source_2,20211003_Batch_13,13,AMG900,field,8.11,True,0.9156262284564598,0.07377356471603745,0.899934995282706,True,103.77111550555536
source_2,20211003_Batch_13,13,dexamethasone,field,8.11,True,0.7579414515036718,0.20818531493417178,0.728270487061,True,16.33134319583367
source_2,20211003_Batch_13,13,FK-866,field,8.11,True,0.8459371365815689,0.24786045770730517,0.772434863272055,True,50.120907751832156
source_2,20211003_Batch_13,13,LY2109761,field,8.11,True,0.9224800753730664,0.22970987948772384,0.9268704585279528,True,43.984401903519014
source_2,20211003_Batch_13,13,NVS-PAK1-1,field,8.11,True,0.8797094141292263,0.1867812484658537,0.7975999176601976,True,40.35270461791613
source_2,20211003_Batch_13,13,quinidine,field,8.11,True,0.3975797940208476,0.1804878664010123,0.5945091591513889,True,7.580824625050495
source_2,20211003_Batch_13,13,TC-S-7004,field,8.11,True,0.726872544258353,0.12507827117794748,0.8090450947643701,True,82.71100872835362
source_2,20211003_Batch_13,13,aloxistatin,field,8.11,True,0.13485899567015242,0.07386809557848438,0.33153758774491404,False,7.767691070657851
source_3,CP59,12,AMG900,raw,1.38,False,0.9075891624215909,0.1452028539976078,0.980443237673676,True,58.05343823552024
source_3,CP59,12,dexamethasone,raw,1.38,False,0.7878928929972389,0.16288571895136358,0.9283726588188334,True,7.26172345282609
source_3,CP59,12,FK-866,raw,1.38,False,0.8037984418366908,0.16843378551968557,0.9648320833679429,True,28.11363011183594
source_3,CP59,12,LY2109761,raw,1.38,False,0.8072847940413332,0.12608589807824871,0.9651983424191485,True,23.035690399158756
source_3,CP59,12,NVS-PAK1-1,raw,1.38,False,0.7966290165029584,0.17180903541389442,0.9386270630279487,True,25.874461013965757
source_3,CP59,12,quinidine,raw,1.38,False,0.37857440561042854,0.21895963395340684,0.7071447008716947,True,4.387172293932149
source_3,CP59,12,TC-S-7004,raw,1.38,False,0.8314460323569031,0.24027508670585448,0.931476113012034,True,34.30045161958856
source_3,CP59,12,aloxistatin,raw,1.38,False,0.1449797727486054,0.015137275146072021,0.5324581367398538,False,2.5270548335716594
source_3,CP60,13,AMG900,raw,1.27,False,0.9111003885257485,0.15897231398963066,0.9815496622277088,True,57.20860963210074
source_3,CP60,13,dexamethasone,raw,1.27,False,0.8064597179370406,0.1523523791489844,0.9155644494074429,True,6.939981785757636
source_3,CP60,13,FK-866,raw,1.27,False,0.8582178452565357,0.2558439218934861,0.9651926601309595,True,30.193112010004466
source_3,CP60,13,LY2109761,raw,1.27,False,0.8421834940106459,0.15607655157807399,0.9706674739197121,True,23.01318090699513
source_3,CP60,13,NVS-PAK1-1,raw,1.27,False,0.7969745332468174,0.18172085971811794,0.9373980174142491,True,26.615221437261173
source_3,CP60,13,quinidine,raw,1.27,False,0.4180359360561532,0.15089334554605593,0.8053138029167265,True,4.1645404014978995
source_3,CP60,13,TC-S-7004,raw,1.27,False,0.775321395628707,0.27737843509663845,0.8831473093711228,True,25.09861284741421
source_3,CP60,13,aloxistatin,raw,1.27,False,0.02265928383878385,-0.03595614647069532,0.5806458586208061,False,3.412200710674828
source_3,CP_25_all_Phenix1,1,AMG900,raw,0.63,False,0.9316206424243054,0.13960653401909928,,True,54.874285397755905
source_3,CP_25_all_Phenix1,1,dexamethasone,raw,0.63,False,0.800633069967694,0.19294670603792458,,True,7.722461599408433
source_3,CP_25_all_Phenix1,1,FK-866,raw,0.63,False,0.8208914734938897,0.1791752282603149,,True,29.675808514742954
source_3,CP_25_all_Phenix1,1,LY2109761,raw,0.63,False,0.8308410864885978,0.1431766733568925,,True,22.767811529331883
source_3,CP_25_all_Phenix1,1,NVS-PAK1-1,raw,0.63,False,0.84338424734293,0.17601221934091957,,True,24.138646608788672
source_3,CP_25_all_Phenix1,1,quinidine,raw,0.63,False,0.5202023356885863,0.14655922359100743,,True,4.637844193973607
source_3,CP_25_all_Phenix1,1,TC-S-7004,raw,0.63,False,0.8714945330060672,0.2366303690964455,,True,52.912143172031364
source_3,CP_25_all_Phenix1,1,aloxistatin,raw,0.63,False,0.44817142264191323,0.13312617865232604,,True,3.4487147285838056
source_3,CP_26_all_Phenix1,2,AMG900,raw,2.13,False,0.9072105779168868,0.13334820000021877,0.968412762779483,True,47.039994871646435
source_3,CP_26_all_Phenix1,2,dexamethasone,raw,2.13,False,0.8663893988445457,0.1844614635271636,0.9241982552512464,True,7.909549274954962
source_3,CP_26_all_Phenix1,2,FK-866,raw,2.13,False,0.8576099835036366,0.21762735087941953,0.9569660381301464,True,29.320795333404536
source_3,CP_26_all_Phenix1,2,LY2109761,raw,2.13,False,0.8066934294991333,0.14176788991528563,0.9517258930497172,True,21.34549125168457
source_3,CP_26_all_Phenix1,2,NVS-PAK1-1,raw,2.13,False,0.7653268940781213,0.18999841254379057,0.8744401996109692,True,20.77930627000747
source_3,CP_26_all_Phenix1,2,quinidine,raw,2.13,False,0.5963227033609136,0.2765711064200353,0.7198960391222693,True,4.118335860062209
source_3,CP_26_all_Phenix1,2,TC-S-7004,raw,2.13,False,0.8433279735054762,0.16001290255702122,0.920416355965769,True,61.85497405861764
source_3,CP_26_all_Phenix1,2,aloxistatin,raw,2.13,False,0.6503468024062193,0.2923010543079404,0.6718200475214425,True,3.8319785671742372
source_3,CP_27_all_Phenix1,3,AMG900,raw,1.87,False,0.8954540401573492,0.1466555815868527,0.9664592169871262,True,54.44500309899375
source_3,CP_27_all_Phenix1,3,dexamethasone,raw,1.87,False,0.8599254969330087,0.17474865766016942,0.9321356040756075,True,8.047516831450496
source_3,CP_27_all_Phenix1,3,FK-866,raw,1.87,False,0.8438765965464132,0.20861532657858692,0.9519388338112439,True,30.929918336650505
source_3,CP_27_all_Phenix1,3,LY2109761,raw,1.87,False,0.8294664611731006,0.158921888458707,0.9510372541414942,True,23.092229023882656
source_3,CP_27_all_Phenix1,3,NVS-PAK1-1,raw,1.87,False,0.7729189774191045,0.19835543879893,0.8767879551309308,True,26.901809730671943
source_3,CP_27_all_Phenix1,3,quinidine,raw,1.87,False,0.5209337842433693,0.19803687589607757,0.62659201215435,False,3.7277937360765825
source_3,CP_27_all_Phenix1,3,TC-S-7004,raw,1.87,False,0.8462708938241152,0.16050510949987482,0.9334566187502034,True,70.73898813221211
source_3,CP_27_all_Phenix1,3,aloxistatin,raw,1.87,False,0.5346294141529602,0.1607345181116728,0.7132573724283141,False,3.6256644802711087
source_3,CP_28_all_Phenix1,4,AMG900,raw,2.06,False,0.9214585982446748,0.13966386852787224,0.9823153120733177,True,54.65489919687267
source_3,CP_28_all_Phenix1,4,dexamethasone,raw,2.06,False,0.8845452338718407,0.19630275699497718,0.9448752681096957,True,8.617795710489963
source_3,CP_28_all_Phenix1,4,FK-866,raw,2.06,False,0.859613302788372,0.20258669569463184,0.9693037541615921,True,27.018898407636236
source_3,CP_28_all_Phenix1,4,LY2109761,raw,2.06,False,0.8647682347498356,0.18675428776509298,0.9684464397794206,True,22.939770267259316
source_3,CP_28_all_Phenix1,4,NVS-PAK1-1,raw,2.06,False,0.8152298068500737,0.21911402290949736,0.9301165799981439,True,21.27828590199622
source_3,CP_28_all_Phenix1,4,quinidine,raw,2.06,False,0.6007245465064988,0.1967390823108611,0.6945200224995378,False,3.815657263742867
source_3,CP_28_all_Phenix1,4,TC-S-7004,raw,2.06,False,0.8806350851253084,0.1911982969593029,0.9413796640315761,True,62.180117809191
source_3,CP_28_all_Phenix1,4,aloxistatin,raw,2.06,False,0.4880558228794547,0.11399842767460214,0.6244988984354045,False,3.822590120229299
source_3,CP_29_all_Phenix1,5,AMG900,raw,1.5,False,0.9125971767046152,0.13121433888870795,0.9808585462276544,True,51.658829969567435
source_3,CP_29_all_Phenix1,5,dexamethasone,raw,1.5,False,0.8494053813702069,0.17141019973122557,0.9446277478644158,True,7.93244439072397
source_3,CP_29_all_Phenix1,5,FK-866,raw,1.5,False,0.8387057474939577,0.21723108615704115,0.9637268991317283,True,26.70945726508058
source_3,CP_29_all_Phenix1,5,LY2109761,raw,1.5,False,0.8314602853051054,0.15426439612136209,0.9687005243061761,True,22.160042197882415
source_3,CP_29_all_Phenix1,5,NVS-PAK1-1,raw,1.5,False,0.7713445244542523,0.15635512278116595,0.9369455665025719,True,23.67019507305213
source_3,CP_29_all_Phenix1,5,quinidine,raw,1.5,False,0.6681496763375279,0.2563829117025137,0.7188730839763371,True,3.658932737035213
source_3,CP_29_all_Phenix1,5,TC-S-7004,raw,1.5,False,0.8677030153013363,0.16269316216812355,0.9509075352806056,True,69.28753886424258
source_3,CP_29_all_Phenix1,5,aloxistatin,raw,1.5,False,0.6340561605852588,0.19974454215685236,0.6424687489766723,True,3.547319640548422
source_3,CP_31_all_Phenix1,6,AMG900,raw,2.02,False,0.8921186322104607,0.13259767650102658,0.9683915045034247,True,49.37530212088285
source_3,CP_31_all_Phenix1,6,dexamethasone,raw,2.02,False,0.8115600972197787,0.17973053386056148,0.866343019264985,True,7.281954183606389
source_3,CP_31_all_Phenix1,6,FK-866,raw,2.02,False,0.7915860731161245,0.1313418137204823,0.9537881948327602,True,24.06736140698552
source_3,CP_31_all_Phenix1,6,LY2109761,raw,2.02,False,0.8050680795933738,0.12976671058898592,0.9588669562169472,True,22.06349022794404
source_3,CP_31_all_Phenix1,6,NVS-PAK1-1,raw,2.02,False,0.7189157764200989,0.19114103661311713,0.8655373374148526,True,24.517253058743645
source_3,CP_31_all_Phenix1,6,quinidine,raw,2.02,False,0.49734880232916867,0.16407964376499393,0.6205776092593323,False,4.326242856711369
source_3,CP_31_all_Phenix1,6,TC-S-7004,raw,2.02,False,0.8646152579236439,0.19304782912943055,0.9508578230452864,True,57.35241976664699
source_3,CP_31_all_Phenix1,6,aloxistatin,raw,2.02,False,0.6202034455817913,0.21743034597691122,0.6070302170262818,False,3.814736254976886
source_3,CP_32_all_Phenix1,7,AMG900,raw,3.02,True,0.918016054092937,0.12314552652163244,0.958595442742791,True,48.87533612446075
source_3,CP_32_all_Phenix1,7,dexamethasone,raw,3.02,True,0.7927471122452016,0.08916829175554404,0.8386982234378724,True,6.361935900762248
source_3,CP_32_all_Phenix1,7,FK-866,raw,3.02,True,0.8230769779617881,0.1869557747077811,0.8464495256879554,True,21.54390062887286
source_3,CP_32_all_Phenix1,7,LY2109761,raw,3.02,True,0.8097771165961294,0.13054275990889785,0.8979347653165612,True,17.460259726327934
source_3,CP_32_all_Phenix1,7,NVS-PAK1-1,raw,3.02,True,0.7372854626240168,0.16291582440095928,0.8529630625831617,True,20.90281762058827
source_3,CP_32_all_Phenix1,7,quinidine,raw,3.02,True,0.44642736152850043,0.061921013471391784,0.6805636472864687,True,3.357154684653556
source_3,CP_32_all_Phenix1,7,TC-S-7004,raw,3.02,True,0.8576563357246886,0.14637512886908405,0.9171088386324824,True,44.7776869083858
source_3,CP_32_all_Phenix1,7,aloxistatin,raw,3.02,True,0.13314338031397321,0.010991084302004977,0.32962858992666644,False,2.60359369542483
source_3,CP59,12,AMG900,own,1.38,False,0.8823345762071526,0.04066620046747974,0.9709592537906365,True,356.31468841355223
source_3,CP59,12,dexamethasone,own,1.38,False,0.8130520118062986,0.15927386410174643,0.8662813759149437,True,36.905638124196386
source_3,CP59,12,FK-866,own,1.38,False,0.8141269042664886,0.14937083673716398,0.9303722840451139,True,120.01098141458093
source_3,CP59,12,LY2109761,own,1.38,False,0.8840844667670297,0.1491103266806745,0.9477680104590513,True,112.33238797675551
source_3,CP59,12,NVS-PAK1-1,own,1.38,False,0.8210748582957428,0.11136969322865056,0.9046532751649673,True,136.33666786253346
source_3,CP59,12,quinidine,own,1.38,False,0.23940950521907678,0.13721274431354902,0.7394376112852866,False,25.99164068623597
source_3,CP59,12,TC-S-7004,own,1.38,False,0.831615435181817,0.15328142531783065,0.907983910540738,True,172.87291497630758
source_3,CP59,12,aloxistatin,own,1.38,False,0.07904425343175774,0.017314631225241378,0.39600249463443726,False,12.95461870133469
source_3,CP60,13,AMG900,own,1.27,False,0.8991421219522109,0.07137148821750859,0.964847268232694,True,287.38495978535144
source_3,CP60,13,dexamethasone,own,1.27,False,0.8163422584104081,0.1509863784918871,0.8541520330113236,True,27.974326371962213
source_3,CP60,13,FK-866,own,1.27,False,0.8835989261342196,0.27161130469163214,0.9369499551555848,True,110.71351743686157
source_3,CP60,13,LY2109761,own,1.27,False,0.8923401193536931,0.1725163124323639,0.9574569602040182,True,92.12683528650228
source_3,CP60,13,NVS-PAK1-1,own,1.27,False,0.8245376407696816,0.1401992487269408,0.8937462175722837,True,114.71856430902059
source_3,CP60,13,quinidine,own,1.27,False,0.3158415966001637,0.10739726577126012,0.7728327318394571,True,18.460371609908545
source_3,CP60,13,TC-S-7004,own,1.27,False,0.7792652578635233,0.23373175641608787,0.8059674707620557,True,102.54702356909986
source_3,CP60,13,aloxistatin,own,1.27,False,0.04825191038768921,-0.03331419079146807,0.553339291361575,False,14.589463146880817
source_3,CP_25_all_Phenix1,1,AMG900,own,0.63,False,0.8833980666839119,0.08165251013552524,,True,303.83904277487073
source_3,CP_25_all_Phenix1,1,dexamethasone,own,0.63,False,0.8301650896663553,0.23919207336165263,,True,34.10475726719268
source_3,CP_25_all_Phenix1,1,FK-866,own,0.63,False,0.877519900878313,0.2262466141862022,,True,111.98994755214231
source_3,CP_25_all_Phenix1,1,LY2109761,own,0.63,False,0.90290346058846,0.19713874135977677,,True,103.56404840720697
source_3,CP_25_all_Phenix1,1,NVS-PAK1-1,own,0.63,False,0.8406240070319807,0.16529581982523148,,True,129.32917926584537
source_3,CP_25_all_Phenix1,1,quinidine,own,0.63,False,0.43303200838885536,0.14889711175673703,,True,20.8956868631688
source_3,CP_25_all_Phenix1,1,TC-S-7004,own,0.63,False,0.8469840664975795,0.19254269891568315,,True,332.87688524445235
source_3,CP_25_all_Phenix1,1,aloxistatin,own,0.63,False,0.45844685210094066,0.13625419870196964,,True,17.22530077524473
source_3,CP_26_all_Phenix1,2,AMG900,own,2.13,False,0.8947678198638807,0.02287004439165974,0.941456170043629,True,269.0758674789483
source_3,CP_26_all_Phenix1,2,dexamethasone,own,2.13,False,0.8863661621508189,0.19567109714609288,0.9011540714591011,True,37.21844214626786
source_3,CP_26_all_Phenix1,2,FK-866,own,2.13,False,0.8606022722632691,0.20427283776133207,0.916209477390729,True,121.48204018345103
source_3,CP_26_all_Phenix1,2,LY2109761,own,2.13,False,0.870049186122647,0.15782449023588724,0.9120508780913845,True,101.44052715239393
source_3,CP_26_all_Phenix1,2,NVS-PAK1-1,own,2.13,False,0.7635962555551751,0.13539301313809285,0.8170883685075712,True,85.08897585058506
source_3,CP_26_all_Phenix1,2,quinidine,own,2.13,False,0.6020180987427287,0.24067353179628065,0.7363455834236955,True,17.854669227100615
source_3,CP_26_all_Phenix1,2,TC-S-7004,own,2.13,False,0.7681850961511292,0.0721916306985969,0.8294855792215707,True,355.8122924197573
source_3,CP_26_all_Phenix1,2,aloxistatin,own,2.13,False,0.7250248100860563,0.2836834273256799,0.5100456449597192,True,18.453108573768986
source_3,CP_27_all_Phenix1,3,AMG900,own,1.87,False,0.9004482185247739,0.038217597029270814,0.9592608333365247,True,325.8274181809797
source_3,CP_27_all_Phenix1,3,dexamethasone,own,1.87,False,0.8875937729738093,0.1964716542123804,0.9246010896348252,True,42.97234438223573
source_3,CP_27_all_Phenix1,3,FK-866,own,1.87,False,0.8495451016285125,0.18169367430823685,0.9085165935399917,True,146.75204448208885
source_3,CP_27_all_Phenix1,3,LY2109761,own,1.87,False,0.9026080792662211,0.18677647948613516,0.9367875922693324,True,120.0134159710539
source_3,CP_27_all_Phenix1,3,NVS-PAK1-1,own,1.87,False,0.8079201407373854,0.14018543892936225,0.8825823923648397,True,133.03070388162806
source_3,CP_27_all_Phenix1,3,quinidine,own,1.87,False,0.5369174492335933,0.19098539642604703,0.7426828296396943,False,19.85103508956932
source_3,CP_27_all_Phenix1,3,TC-S-7004,own,1.87,False,0.805584587210496,0.08445166796942792,0.8708384466455974,True,447.50865005763217
source_3,CP_27_all_Phenix1,3,aloxistatin,own,1.87,False,0.6918406931946228,0.1864732417366422,0.561605090783558,True,17.765999303472512
source_3,CP_28_all_Phenix1,4,AMG900,own,2.06,False,0.8611575467442709,0.03441630386737018,0.9327283911096446,True,217.46796714116965
source_3,CP_28_all_Phenix1,4,dexamethasone,own,2.06,False,0.8861299213769969,0.20568309616416372,0.8924379942436572,True,28.884986013731652
source_3,CP_28_all_Phenix1,4,FK-866,own,2.06,False,0.8460648561028522,0.18618729809147963,0.9196104056754137,True,82.80482861521395
source_3,CP_28_all_Phenix1,4,LY2109761,own,2.06,False,0.8824883735993501,0.1936519972944626,0.9249085458742337,True,75.31429037524094
source_3,CP_28_all_Phenix1,4,NVS-PAK1-1,own,2.06,False,0.8092458416645835,0.14833672755756602,0.8771831312769156,True,62.406754099822074
source_3,CP_28_all_Phenix1,4,quinidine,own,2.06,False,0.635512885255662,0.1979515533089248,0.6297869304465897,True,12.377258019722145
source_3,CP_28_all_Phenix1,4,TC-S-7004,own,2.06,False,0.8093715696179504,0.11526071832540885,0.8289303145916997,True,243.15379794205484
source_3,CP_28_all_Phenix1,4,aloxistatin,own,2.06,False,0.5648023245028326,0.14607604316372935,0.49339635271089916,False,12.316927433265585
source_3,CP_29_all_Phenix1,5,AMG900,own,1.5,False,0.8971546904424725,0.0486579211870995,0.9611596108131931,True,308.58178790054455
source_3,CP_29_all_Phenix1,5,dexamethasone,own,1.5,False,0.8758540941862571,0.19601199602962677,0.9158683043723888,True,39.66458494536185
source_3,CP_29_all_Phenix1,5,FK-866,own,1.5,False,0.8466949396227792,0.2072348964244383,0.9264310525460697,True,121.60867510164205
source_3,CP_29_all_Phenix1,5,LY2109761,own,1.5,False,0.8932715100065738,0.19121905577667184,0.9417614529966152,True,111.70775505962771
source_3,CP_29_all_Phenix1,5,NVS-PAK1-1,own,1.5,False,0.8091088856176643,0.13474732085540472,0.9049934808315138,True,123.74207218399818
source_3,CP_29_all_Phenix1,5,quinidine,own,1.5,False,0.6121057108148704,0.22853832857501682,0.7764444528950663,True,20.431308475113934
source_3,CP_29_all_Phenix1,5,TC-S-7004,own,1.5,False,0.8097978944824931,0.09396647457438144,0.8878751431553414,True,442.5438282187067
source_3,CP_29_all_Phenix1,5,aloxistatin,own,1.5,False,0.7321535952709405,0.2134787731824481,0.5173303979379913,True,18.400208412067947
source_3,CP_31_all_Phenix1,6,AMG900,own,2.02,False,0.8762139907484535,0.01497016013418163,0.9414613540922702,True,287.92937405560957
source_3,CP_31_all_Phenix1,6,dexamethasone,own,2.02,False,0.8293515144460298,0.19894936454871356,0.8664355192675655,True,34.41105316312022
source_3,CP_31_all_Phenix1,6,FK-866,own,2.02,False,0.823039897897734,0.13664045242693154,0.8934285345021304,True,98.13447658562713
source_3,CP_31_all_Phenix1,6,LY2109761,own,2.02,False,0.8825186294835976,0.15376324114654866,0.9156316174322741,True,106.67457763732789
source_3,CP_31_all_Phenix1,6,NVS-PAK1-1,own,2.02,False,0.7212414270828812,0.11567562823853747,0.8138142534429964,True,108.82420481820186
source_3,CP_31_all_Phenix1,6,quinidine,own,2.02,False,0.47894839432754244,0.15486998640533114,0.7019742008931045,True,20.687360399499635
source_3,CP_31_all_Phenix1,6,TC-S-7004,own,2.02,False,0.7962053386372671,0.08085098716735033,0.8465449022671265,True,318.9226558961774
source_3,CP_31_all_Phenix1,6,aloxistatin,own,2.02,False,0.6978677036978759,0.2258846506288536,0.42764093446783435,True,19.023025149092145
source_3,CP_32_all_Phenix1,7,AMG900,own,3.02,True,0.8987585470235409,0.04436995250213779,0.9239001077783351,True,188.2826807655041
source_3,CP_32_all_Phenix1,7,dexamethasone,own,3.02,True,0.8102258994005545,0.11010851286320768,0.7751011321165244,True,20.99305945622716
source_3,CP_32_all_Phenix1,7,FK-866,own,3.02,True,0.798845613531093,0.14254256194084505,0.8638549278116086,True,70.89317507234453
source_3,CP_32_all_Phenix1,7,LY2109761,own,3.02,True,0.8548795866083296,0.15216152230404437,0.8844938503290402,True,60.46613533956539
source_3,CP_32_all_Phenix1,7,NVS-PAK1-1,own,3.02,True,0.7388701026623726,0.11362666279912292,0.8119303766224064,True,71.16532462746065
source_3,CP_32_all_Phenix1,7,quinidine,own,3.02,True,0.3755074633487012,0.06244055080833579,0.6452310830667882,True,11.184480564290231
source_3,CP_32_all_Phenix1,7,TC-S-7004,own,3.02,True,0.8223521397242441,0.09003587455942498,0.7734327473233986,True,180.62378933201805
source_3,CP_32_all_Phenix1,7,aloxistatin,own,3.02,True,0.04340996114680111,0.010471827634955938,0.20354838843347628,False,9.880797282624286
source_3,CP59,12,AMG900,scaled,1.38,False,0.6555075069988286,0.04192458202422248,0.9005771537685066,True,75.66999149670534
source_3,CP59,12,dexamethasone,scaled,1.38,False,0.6160325069234589,0.05144842228013885,0.8809237907692912,True,12.500881142259765
source_3,CP59,12,FK-866,scaled,1.38,False,0.6914319845247556,0.06762298342254572,0.9258738113198226,True,46.982674250533385
source_3,CP59,12,LY2109761,scaled,1.38,False,0.5787447848788148,0.014560305130974949,0.8935976581228968,True,34.44506524579575
source_3,CP59,12,NVS-PAK1-1,scaled,1.38,False,0.5099267210668397,0.012091479081047754,0.828389696750253,True,36.965617048174124
source_3,CP59,12,quinidine,scaled,1.38,False,0.3498387055289428,0.05074508048100457,0.6632717975793061,True,8.384589250598909
source_3,CP59,12,TC-S-7004,scaled,1.38,False,0.5394520778792818,0.09102368589413415,0.7945631780160696,True,47.212004038415245
source_3,CP59,12,aloxistatin,scaled,1.38,False,0.298667768854161,0.027666676904928935,0.5420715042841423,True,5.16533239256194
source_3,CP60,13,AMG900,scaled,1.27,False,0.6300651454647221,0.037710263115539426,0.9066039959098163,True,63.75854056694141
source_3,CP60,13,dexamethasone,scaled,1.27,False,0.6203892594774774,0.05361004815231035,0.875598595508222,True,10.204659466406246
source_3,CP60,13,FK-866,scaled,1.27,False,0.7245858453150185,0.08355144389984666,0.930232020898814,True,43.14154547015508
source_3,CP60,13,LY2109761,scaled,1.27,False,0.5719758509224789,0.02466550874377373,0.8932814199517203,True,29.814264514817957
source_3,CP60,13,NVS-PAK1-1,scaled,1.27,False,0.47359163940479215,0.005235315327155853,0.8331663617411815,True,34.42891459243403
source_3,CP60,13,quinidine,scaled,1.27,False,0.4263564923069222,0.05069203687322353,0.7540902622887291,True,6.697805160487502
source_3,CP60,13,TC-S-7004,scaled,1.27,False,0.4466403080786129,0.0891536575617868,0.7150812966328782,True,30.598978826298406
source_3,CP60,13,aloxistatin,scaled,1.27,False,0.2531787869223378,0.03579126498682148,0.6184620544161007,True,5.2410981607573595
source_3,CP_25_all_Phenix1,1,AMG900,scaled,0.63,False,0.7034284385857277,0.037523204078633805,,True,66.81357422805688
source_3,CP_25_all_Phenix1,1,dexamethasone,scaled,0.63,False,0.6302651842742438,0.05989803376986274,,True,12.201693014714124
source_3,CP_25_all_Phenix1,1,FK-866,scaled,0.63,False,0.7286425274447339,0.08016968908805991,,True,45.07070183688683
source_3,CP_25_all_Phenix1,1,LY2109761,scaled,0.63,False,0.5770296068040502,0.04089490963472047,,True,32.154696657703184
source_3,CP_25_all_Phenix1,1,NVS-PAK1-1,scaled,0.63,False,0.529670910127934,0.017112027858413,,True,32.20961864543396
source_3,CP_25_all_Phenix1,1,quinidine,scaled,0.63,False,0.4485471872003962,0.03195157019144353,,True,7.7775339651821325
source_3,CP_25_all_Phenix1,1,TC-S-7004,scaled,0.63,False,0.5942051895638049,0.10441659646145225,,True,66.93666075629027
source_3,CP_25_all_Phenix1,1,aloxistatin,scaled,0.63,False,0.5239058053234671,0.050742798181577516,,True,5.532466262506073
source_3,CP_26_all_Phenix1,2,AMG900,scaled,2.13,False,0.6893592479893135,0.03034492753203166,0.8939008614116647,True,60.872400118360886
source_3,CP_26_all_Phenix1,2,dexamethasone,scaled,2.13,False,0.6484392503421368,0.06936457714763855,0.8354508485973084,True,10.999625424893676
source_3,CP_26_all_Phenix1,2,FK-866,scaled,2.13,False,0.7533901312457,0.07127088991376228,0.90290370183539,True,45.7298919319661
source_3,CP_26_all_Phenix1,2,LY2109761,scaled,2.13,False,0.570145368413618,0.007258908543245372,0.8452715914241821,True,31.995335797382513
source_3,CP_26_all_Phenix1,2,NVS-PAK1-1,scaled,2.13,False,0.47962414119580427,0.014812462383891441,0.7787749394538722,True,29.090474789285768
source_3,CP_26_all_Phenix1,2,quinidine,scaled,2.13,False,0.40078141984257787,0.09505290846854635,0.7090855349207639,True,6.662140267025939
source_3,CP_26_all_Phenix1,2,TC-S-7004,scaled,2.13,False,0.6877085688130975,0.0668016194457897,0.8230400097793622,True,86.31162586106807
source_3,CP_26_all_Phenix1,2,aloxistatin,scaled,2.13,False,0.45094614742098527,0.09317279996422724,0.6755416655782522,True,6.051665755066407
source_3,CP_27_all_Phenix1,3,AMG900,scaled,1.87,False,0.6889345471060311,0.02666250263841637,0.8690886053229724,True,72.30824869051014
source_3,CP_27_all_Phenix1,3,dexamethasone,scaled,1.87,False,0.6905185861450343,0.0723155363644781,0.8523232529437177,True,12.29493172278809
source_3,CP_27_all_Phenix1,3,FK-866,scaled,1.87,False,0.7387598090638525,0.05857672930045971,0.8990508764039944,True,50.512264174043814
source_3,CP_27_all_Phenix1,3,LY2109761,scaled,1.87,False,0.5915358920266555,0.012988003494768077,0.8501101699603726,True,35.51759702128465
source_3,CP_27_all_Phenix1,3,NVS-PAK1-1,scaled,1.87,False,0.4927582565081344,0.011942736408406577,0.7306444126656885,True,36.92098761006354
source_3,CP_27_all_Phenix1,3,quinidine,scaled,1.87,False,0.3815404004079984,0.07991284990883796,0.6271675004706403,False,6.819309095881865
source_3,CP_27_all_Phenix1,3,TC-S-7004,scaled,1.87,False,0.711634122752045,0.05124363458246021,0.8139763390859776,True,102.3840063201758
source_3,CP_27_all_Phenix1,3,aloxistatin,scaled,1.87,False,0.3554203324704346,0.07350279379275189,0.6914943790128794,True,6.331959760289117
source_3,CP_28_all_Phenix1,4,AMG900,scaled,2.06,False,0.68465170471455,0.023372561389227848,0.8912498236175165,True,49.24326282056131
source_3,CP_28_all_Phenix1,4,dexamethasone,scaled,2.06,False,0.6799286909047655,0.07803918612589882,0.8610405768768572,True,9.583800102711974
source_3,CP_28_all_Phenix1,4,FK-866,scaled,2.06,False,0.7638470541554132,0.07794426182396257,0.9110402935579732,True,32.54118316260011
source_3,CP_28_all_Phenix1,4,LY2109761,scaled,2.06,False,0.6394413884399035,0.03872735595405726,0.8841408346195752,True,24.913581569813537
source_3,CP_28_all_Phenix1,4,NVS-PAK1-1,scaled,2.06,False,0.5111696691424304,0.020718031663069406,0.8349455536627519,True,21.69793182916284
source_3,CP_28_all_Phenix1,4,quinidine,scaled,2.06,False,0.4267379073309267,0.060136525605750356,0.661590581076913,True,5.130885034056814
source_3,CP_28_all_Phenix1,4,TC-S-7004,scaled,2.06,False,0.7192798876252483,0.081437736458553,0.8207595307819487,True,63.1323524328816
source_3,CP_28_all_Phenix1,4,aloxistatin,scaled,2.06,False,0.44418851217183564,0.07658825403675543,0.6340931115130735,True,4.717572090687346
source_3,CP_29_all_Phenix1,5,AMG900,scaled,1.5,False,0.6730328991016603,0.02757611718962993,0.9296052476214295,True,70.37740277218754
source_3,CP_29_all_Phenix1,5,dexamethasone,scaled,1.5,False,0.6720672248556465,0.07060302666476527,0.8874767973891275,True,12.071549712241872
source_3,CP_29_all_Phenix1,5,FK-866,scaled,1.5,False,0.7237404721412566,0.0721592527286283,0.9216652059961385,True,45.78634617586006
source_3,CP_29_all_Phenix1,5,LY2109761,scaled,1.5,False,0.5862229190827525,0.019697576648554316,0.9034795598951699,True,34.35679377523582
source_3,CP_29_all_Phenix1,5,NVS-PAK1-1,scaled,1.5,False,0.4393455317982317,-0.0062644936310779,0.8563214096008107,True,35.795988342458166
source_3,CP_29_all_Phenix1,5,quinidine,scaled,1.5,False,0.4991045498196725,0.09845798189338484,0.7087797213185496,True,6.377593225921013
source_3,CP_29_all_Phenix1,5,TC-S-7004,scaled,1.5,False,0.6494680849987713,0.060503610244616354,0.9028775714324091,True,102.04425039260839
source_3,CP_29_all_Phenix1,5,aloxistatin,scaled,1.5,False,0.4619067303655366,0.09356576087781801,0.6060917508162629,True,6.07647353934662
source_3,CP_31_all_Phenix1,6,AMG900,scaled,2.02,False,0.6511848058241979,0.03221797892150502,0.8472816406333095,True,57.42376147677324
source_3,CP_31_all_Phenix1,6,dexamethasone,scaled,2.02,False,0.6129786237310335,0.07380774207985685,0.7572614780750382,True,9.945061735034871
source_3,CP_31_all_Phenix1,6,FK-866,scaled,2.02,False,0.6914654884180439,0.04103208348098716,0.8835017583902451,True,35.020227626544816
source_3,CP_31_all_Phenix1,6,LY2109761,scaled,2.02,False,0.5667716473277553,0.0024577389631625706,0.8714963358131377,True,28.632403841173613
source_3,CP_31_all_Phenix1,6,NVS-PAK1-1,scaled,2.02,False,0.41385302903012955,0.0208468680053451,0.7202825605778387,True,30.05246985746324
source_3,CP_31_all_Phenix1,6,quinidine,scaled,2.02,False,0.38254133264610696,0.04870375412395045,0.5591230379342971,True,6.558984793934753
source_3,CP_31_all_Phenix1,6,TC-S-7004,scaled,2.02,False,0.6896972026424836,0.08011894101014083,0.8373932780178759,True,68.78601536970659
source_3,CP_31_all_Phenix1,6,aloxistatin,scaled,2.02,False,0.33119439653263427,0.08663470082211673,0.5235635448161984,True,6.008141567088348
source_3,CP_32_all_Phenix1,7,AMG900,scaled,3.02,True,0.6529244292827991,0.016924328865829768,0.7602678892115244,True,45.010107128013615
source_3,CP_32_all_Phenix1,7,dexamethasone,scaled,3.02,True,0.6081424374999705,0.039880695971082,0.7141283625077888,True,7.686813645159492
source_3,CP_32_all_Phenix1,7,FK-866,scaled,3.02,True,0.6958610869783458,0.0448575331452032,0.7287249811236445,True,31.618111190628227
source_3,CP_32_all_Phenix1,7,LY2109761,scaled,3.02,True,0.6276528537910908,0.0342471978894462,0.6983228534833249,True,21.66393386045971
source_3,CP_32_all_Phenix1,7,NVS-PAK1-1,scaled,3.02,True,0.3668725650783723,0.023785749066009904,0.584620793501019,True,25.38888272121691
source_3,CP_32_all_Phenix1,7,quinidine,scaled,3.02,True,0.361007711883066,0.026132545520131754,0.5051321401844984,True,4.97018164565357
source_3,CP_32_all_Phenix1,7,TC-S-7004,scaled,3.02,True,0.6484041243409353,0.057811270666983536,0.7217126694485672,True,49.5550289380253
source_3,CP_32_all_Phenix1,7,aloxistatin,scaled,3.02,True,0.18948876099218231,0.035420719137686144,0.30419565147961225,False,3.9668576117263696
source_3,CP59,12,AMG900,field,1.38,False,0.9274233018724174,0.06189551660075191,0.98619373014697,True,105.01523987896708
source_3,CP59,12,dexamethasone,field,1.38,False,0.822614093526485,0.1699057110131216,0.9314408670046673,True,11.79124896755341
source_3,CP59,12,FK-866,field,1.38,False,0.8249492931932135,0.17175237006708097,0.9529097016699151,True,41.29461846009332
source_3,CP59,12,LY2109761,field,1.38,False,0.862126663312559,0.1142649857164422,0.96829797308655,True,34.67323954153086
source_3,CP59,12,NVS-PAK1-1,field,1.38,False,0.8326696447549867,0.12576705776383723,0.9439423186722198,True,38.6055314241941
source_3,CP59,12,quinidine,field,1.38,False,0.23948581780065284,0.15488151630518168,0.7846675935840228,False,7.333348458258974
source_3,CP59,12,TC-S-7004,field,1.38,False,0.8542077097335605,0.16492672972734765,0.9445311748666163,True,54.61661639895421
source_3,CP59,12,aloxistatin,field,1.38,False,0.11011705818915477,-0.01657788678815788,0.46148633414483575,False,3.6652005659882265
source_3,CP60,13,AMG900,field,1.27,False,0.9447492393256292,0.08272760185271606,0.9800336869031344,True,101.35748679151686
source_3,CP60,13,dexamethasone,field,1.27,False,0.8286480079574379,0.16252195282145498,0.9210218759485351,True,10.933002757007548
source_3,CP60,13,FK-866,field,1.27,False,0.8897679408356303,0.27637685174493176,0.9463212191372619,True,42.708601124799785
source_3,CP60,13,LY2109761,field,1.27,False,0.8792569129762178,0.1458604192910504,0.9708826959461064,True,32.4867116071509
source_3,CP60,13,NVS-PAK1-1,field,1.27,False,0.8398731420691257,0.1270499592699139,0.9388253748747577,True,38.627812925952135
source_3,CP60,13,quinidine,field,1.27,False,0.31771952554159444,0.10480255535354353,0.8283673607925077,True,7.036716703650025
source_3,CP60,13,TC-S-7004,field,1.27,False,0.803467530197677,0.22093221888540127,0.8509420763958743,True,36.85148766464367
source_3,CP60,13,aloxistatin,field,1.27,False,0.02178852889579004,-0.05364169416009844,0.5605476944543395,False,4.845088759732531
source_3,CP_25_all_Phenix1,1,AMG900,field,0.63,False,0.9421713694265175,0.07645062558984128,,True,105.43471917585218
source_3,CP_25_all_Phenix1,1,dexamethasone,field,0.63,False,0.8457023473867844,0.22447940614656936,,True,12.575966053275701
source_3,CP_25_all_Phenix1,1,FK-866,field,0.63,False,0.8722095330918656,0.2225700103440293,,True,42.06914715712466
source_3,CP_25_all_Phenix1,1,LY2109761,field,0.63,False,0.9039301005854955,0.14972419799446063,,True,35.679030147463514
source_3,CP_25_all_Phenix1,1,NVS-PAK1-1,field,0.63,False,0.8642736477945835,0.1586534839327034,,True,42.542787313216756
source_3,CP_25_all_Phenix1,1,quinidine,field,0.63,False,0.4489858640032429,0.14243760449515439,,True,6.807391323383084
source_3,CP_25_all_Phenix1,1,TC-S-7004,field,0.63,False,0.8786625749799566,0.19327723434092298,,True,105.88981282829907
source_3,CP_25_all_Phenix1,1,aloxistatin,field,0.63,False,0.4195304592339205,0.11006649891885968,,True,5.841478498559702
source_3,CP_26_all_Phenix1,2,AMG900,field,2.13,False,0.9384988373022873,0.03939434885581269,0.97546543193373,True,87.44882032832528
source_3,CP_26_all_Phenix1,2,dexamethasone,field,2.13,False,0.887634906778433,0.1819411051300035,0.9328485630444083,True,13.08928313341003
source_3,CP_26_all_Phenix1,2,FK-866,field,2.13,False,0.8755452539079341,0.20781346895759817,0.913035589400133,True,41.33910807725634
source_3,CP_26_all_Phenix1,2,LY2109761,field,2.13,False,0.853574951105263,0.11280332848844452,0.9638501642068631,True,32.96366080613776
source_3,CP_26_all_Phenix1,2,NVS-PAK1-1,field,2.13,False,0.8040195439201818,0.1566365541143632,0.8637068536773456,True,28.773112957725406
source_3,CP_26_all_Phenix1,2,quinidine,field,2.13,False,0.6219181366618134,0.2490004060055487,0.7871150796995994,True,5.581977698028037
source_3,CP_26_all_Phenix1,2,TC-S-7004,field,2.13,False,0.8574068450998218,0.09644348254741412,0.9095778323989143,True,113.49197866910896
source_3,CP_26_all_Phenix1,2,aloxistatin,field,2.13,False,0.7855847646035268,0.28527869018534086,0.6009111307160562,True,5.550200516946258
source_3,CP_27_all_Phenix1,3,AMG900,field,1.87,False,0.9265473215900264,0.043677437919743003,0.9792503004307704,True,100.27552029289467
source_3,CP_27_all_Phenix1,3,dexamethasone,field,1.87,False,0.8858216260934673,0.18654809673027742,0.9470856896114961,True,13.110552165586647
source_3,CP_27_all_Phenix1,3,FK-866,field,1.87,False,0.8863819419498741,0.20104739595505666,0.9252731630878326,True,44.68907760279723
source_3,CP_27_all_Phenix1,3,LY2109761,field,1.87,False,0.8600845995056066,0.11793051274753318,0.9661596599240037,True,35.93948402328991
source_3,CP_27_all_Phenix1,3,NVS-PAK1-1,field,1.87,False,0.8082916902703245,0.15356110887823754,0.9014980180574435,True,37.34887688879783
source_3,CP_27_all_Phenix1,3,quinidine,field,1.87,False,0.5428551514829065,0.1842202459006983,0.7000390036177602,False,5.2481645676914335
source_3,CP_27_all_Phenix1,3,TC-S-7004,field,1.87,False,0.8488802021871249,0.09634707991564151,0.929829731208837,True,126.79917451976877
source_3,CP_27_all_Phenix1,3,aloxistatin,field,1.87,False,0.7045233023202212,0.1859734638711685,0.6561655113868745,True,5.194840659274969
source_3,CP_28_all_Phenix1,4,AMG900,field,2.06,False,0.940392223815541,0.04717927180466626,0.9777261779550575,True,97.78058172353438
source_3,CP_28_all_Phenix1,4,dexamethasone,field,2.06,False,0.9010236131505229,0.19792091357911293,0.9541467303868026,True,13.453037489847842
source_3,CP_28_all_Phenix1,4,FK-866,field,2.06,False,0.8702194327381088,0.18637055386193038,0.9181753608986136,True,39.39454990980268
source_3,CP_28_all_Phenix1,4,LY2109761,field,2.06,False,0.8877058674923741,0.15789129087427306,0.9749338540001466,True,34.13818192781029
source_3,CP_28_all_Phenix1,4,NVS-PAK1-1,field,2.06,False,0.8426873043057836,0.17619742970014335,0.9375257994286499,True,29.872064757193808
source_3,CP_28_all_Phenix1,4,quinidine,field,2.06,False,0.6338833792879769,0.18953200963357328,0.7146858920266463,True,5.5099190627496375
source_3,CP_28_all_Phenix1,4,TC-S-7004,field,2.06,False,0.892987945805817,0.134303332465762,0.9110442267065482,True,106.61217481190852
source_3,CP_28_all_Phenix1,4,aloxistatin,field,2.06,False,0.6613052233554835,0.1481948887897444,0.5118055442584729,False,5.503786453035706
source_3,CP_29_all_Phenix1,5,AMG900,field,1.5,False,0.9278701179959317,0.04316184309833869,0.9807244595468956,True,95.4690027441261
source_3,CP_29_all_Phenix1,5,dexamethasone,field,1.5,False,0.8798812633622122,0.19240157384696271,0.937093571928365,True,13.10012162990681
source_3,CP_29_all_Phenix1,5,FK-866,field,1.5,False,0.8577320640608324,0.2054916164137695,0.9333124738126334,True,39.853382957422696
source_3,CP_29_all_Phenix1,5,LY2109761,field,1.5,False,0.8697483638940205,0.14341536892014967,0.9751803958441457,True,35.174758631557665
source_3,CP_29_all_Phenix1,5,NVS-PAK1-1,field,1.5,False,0.8093208591207521,0.12669653369621905,0.9349258324920472,True,35.74675278566024
source_3,CP_29_all_Phenix1,5,quinidine,field,1.5,False,0.6592109546302716,0.24205677636494208,0.7115046456272732,True,5.490745786243742
source_3,CP_29_all_Phenix1,5,TC-S-7004,field,1.5,False,0.8697621206834172,0.10185837805840785,0.9362308047790131,True,131.02498452107852
source_3,CP_29_all_Phenix1,5,aloxistatin,field,1.5,False,0.7548092555764299,0.21257429066781675,0.5803346637560254,True,5.352552015171096
source_3,CP_31_all_Phenix1,6,AMG900,field,2.02,False,0.924448023372406,0.032324135298475346,0.9699935229351686,True,88.16375832019325
source_3,CP_31_all_Phenix1,6,dexamethasone,field,2.02,False,0.846269777523184,0.2084307969895771,0.9093637120795968,True,11.338026944523659
source_3,CP_31_all_Phenix1,6,FK-866,field,2.02,False,0.821979304650622,0.14005416896109973,0.9166489814626498,True,31.410895662011633
source_3,CP_31_all_Phenix1,6,LY2109761,field,2.02,False,0.8396485489583418,0.11366337674656377,0.9547455631348447,True,34.527761367349264
source_3,CP_31_all_Phenix1,6,NVS-PAK1-1,field,2.02,False,0.747882607954252,0.15493209307275008,0.8588803059286828,True,32.27119790350993
source_3,CP_31_all_Phenix1,6,quinidine,field,2.02,False,0.48498403781027816,0.1660002257858411,0.6807010435790981,False,6.316647397700659
source_3,CP_31_all_Phenix1,6,TC-S-7004,field,2.02,False,0.8700104697029651,0.11429531943964241,0.9300774417333775,True,95.25258226654068
source_3,CP_31_all_Phenix1,6,aloxistatin,field,2.02,False,0.7747269434025822,0.2781243232701664,0.5327082564183696,True,5.370686229861553
source_3,CP_32_all_Phenix1,7,AMG900,field,3.02,True,0.9008858897148414,0.04626403900410408,0.9428442695309536,True,70.86970573191158
source_3,CP_32_all_Phenix1,7,dexamethasone,field,3.02,True,0.8604919556432584,0.12238802100104637,0.8616962643560429,True,9.728725426570202
source_3,CP_32_all_Phenix1,7,FK-866,field,3.02,True,0.8349427989633873,0.16485777372241484,0.8763234963204958,True,31.61585511010841
source_3,CP_32_all_Phenix1,7,LY2109761,field,3.02,True,0.8758263516401485,0.1220165627381549,0.9470038199124019,True,26.326144427877356
source_3,CP_32_all_Phenix1,7,NVS-PAK1-1,field,3.02,True,0.7867082939419159,0.09699450385101172,0.886849583099603,True,28.727249680650093
source_3,CP_32_all_Phenix1,7,quinidine,field,3.02,True,0.42936052044921746,0.05793312366988155,0.6649901174867385,True,4.903987657829044
source_3,CP_32_all_Phenix1,7,TC-S-7004,field,3.02,True,0.8590091800872794,0.07166630498158948,0.8721278672001288,True,75.16141060733926
source_3,CP_32_all_Phenix1,7,aloxistatin,field,3.02,True,0.021221388480775073,-0.040947447684251924,0.28682562424457525,False,3.862078624908527
source_5,JUMPCPE-20210623-Run01_20210624_003152,1,AMG900,raw,0.13,False,0.9033289316663281,0.08424993911143319,,True,62.64856912884042
source_5,JUMPCPE-20210623-Run01_20210624_003152,1,dexamethasone,raw,0.13,False,0.8931322950213673,0.27579347793222403,,True,8.584633119783595
source_5,JUMPCPE-20210623-Run01_20210624_003152,1,FK-866,raw,0.13,False,0.8417004210696392,0.2716873284761426,,True,23.66261125223097
source_5,JUMPCPE-20210623-Run01_20210624_003152,1,LY2109761,raw,0.13,False,0.911344795682699,0.3066446260259057,,True,28.569142673832168
source_5,JUMPCPE-20210623-Run01_20210624_003152,1,NVS-PAK1-1,raw,0.13,False,0.7020413047350001,0.2547713194116927,,True,29.39188612709342
source_5,JUMPCPE-20210623-Run01_20210624_003152,1,quinidine,raw,0.13,False,0.5077163500890792,0.2304509377095593,,True,3.0818936756036517
source_5,JUMPCPE-20210623-Run01_20210624_003152,1,TC-S-7004,raw,0.13,False,0.755076737670932,0.22594821940504847,,True,30.98706062789499
source_5,JUMPCPE-20210623-Run01_20210624_003152,1,aloxistatin,raw,0.13,False,0.5334073067837155,0.20714462323126534,,True,3.0841333156334874
source_5,JUMPCPE-20210623-Run02_20210624_225846,2,AMG900,raw,1.04,False,0.9069418306152793,0.11895704945811648,0.9858388809599178,True,58.32839686299843
source_5,JUMPCPE-20210623-Run02_20210624_225846,2,dexamethasone,raw,1.04,False,0.869079680889256,0.3223337935246127,0.8836187156625656,True,9.950979800257045
source_5,JUMPCPE-20210623-Run02_20210624_225846,2,FK-866,raw,1.04,False,0.857058293602254,0.32282693272404783,0.930324582363382,True,23.86185086119836
source_5,JUMPCPE-20210623-Run02_20210624_225846,2,LY2109761,raw,1.04,False,0.9210349555046919,0.33608017891618774,0.956326974243855,True,30.094351792071283
source_5,JUMPCPE-20210623-Run02_20210624_225846,2,NVS-PAK1-1,raw,1.04,False,0.7546035619984008,0.2850139018230701,0.963764338812685,True,28.15154637914382
source_5,JUMPCPE-20210623-Run02_20210624_225846,2,quinidine,raw,1.04,False,0.4544574776643565,0.2736049368068876,0.42793968161392876,True,3.9399122101429125
source_5,JUMPCPE-20210623-Run02_20210624_225846,2,TC-S-7004,raw,1.04,False,0.8076419422545016,0.25536368203720056,0.9547884000400578,True,29.682414897731174
source_5,JUMPCPE-20210623-Run02_20210624_225846,2,aloxistatin,raw,1.04,False,0.5348234173547799,0.28012123335395206,0.49361942139400883,True,4.890950192061878
source_5,JUMPCPE-20210628-Run02_20210628_170203,3,AMG900,raw,0.74,False,0.9094083857108246,0.1124346933780788,0.9923772229917331,True,60.05896919641701
source_5,JUMPCPE-20210628-Run02_20210628_170203,3,dexamethasone,raw,0.74,False,0.8859282918408434,0.285601461208518,0.9025990297874555,True,9.720986653408925
source_5,JUMPCPE-20210628-Run02_20210628_170203,3,FK-866,raw,0.74,False,0.8746576716627327,0.3274103619756644,0.9478785106153607,True,24.260039651221465
source_5,JUMPCPE-20210628-Run02_20210628_170203,3,LY2109761,raw,0.74,False,0.9229209296297246,0.3363393518764945,0.9663528774138941,True,32.105884350716465
source_5,JUMPCPE-20210628-Run02_20210628_170203,3,NVS-PAK1-1,raw,0.74,False,0.7685775989610188,0.2915100859704756,0.9729460155139397,True,30.21032662824779
source_5,JUMPCPE-20210628-Run02_20210628_170203,3,quinidine,raw,0.74,False,0.6100534698820865,0.3606965876870593,0.5046049299108057,True,4.485361351429243
source_5,JUMPCPE-20210628-Run02_20210628_170203,3,TC-S-7004,raw,0.74,False,0.7831787736440887,0.24216142355179424,0.9715231737141754,True,27.288625115731282
source_5,JUMPCPE-20210628-Run02_20210628_170203,3,aloxistatin,raw,0.74,False,0.5092497392163904,0.23570969709029801,0.6139274497855094,False,6.2116969738219145
source_5,JUMPCPE-20210628-Run03_20210629_064133,4,AMG900,raw,1.13,False,0.9120890744668315,0.14544366081323643,0.9839024910542167,True,60.93068734762695
source_5,JUMPCPE-20210628-Run03_20210629_064133,4,dexamethasone,raw,1.13,False,0.913668893192945,0.27123843787808816,0.9593293337165678,True,9.19686434676638
source_5,JUMPCPE-20210628-Run03_20210629_064133,4,FK-866,raw,1.13,False,0.8744103533838353,0.3418015280030878,0.9481016050263097,True,28.127024314608022
source_5,JUMPCPE-20210628-Run03_20210629_064133,4,LY2109761,raw,1.13,False,0.9357542783702302,0.352948075000687,0.9516694219289793,True,34.591933285413404
source_5,JUMPCPE-20210628-Run03_20210629_064133,4,NVS-PAK1-1,raw,1.13,False,0.8300032001401252,0.3341993172231419,0.9285050427739221,True,30.787049130849155
source_5,JUMPCPE-20210628-Run03_20210629_064133,4,quinidine,raw,1.13,False,0.7216588920344245,0.363260046442325,0.5065628970755793,True,3.2729291665942046
source_5,JUMPCPE-20210628-Run03_20210629_064133,4,TC-S-7004,raw,1.13,False,0.8080833744348701,0.31227199493327157,0.9391425435603966,True,34.01367434227987
source_5,JUMPCPE-20210628-Run03_20210629_064133,4,aloxistatin,raw,1.13,False,0.5315877294549818,0.24111912182812087,0.6288401834272404,True,3.9165580844894374
source_5,JUMPCPE-20210702-Run04_20210703_060202,5,AMG900,raw,1.29,False,0.9086803471038971,0.13565797102164973,0.981688713391406,True,57.438805006944314
source_5,JUMPCPE-20210702-Run04_20210703_060202,5,dexamethasone,raw,1.29,False,0.9332440055012239,0.32725004133814173,0.9345502557792376,True,8.522016147946896
source_5,JUMPCPE-20210702-Run04_20210703_060202,5,FK-866,raw,1.29,False,0.8390690990929328,0.31402390513971,0.9465500642269513,True,25.3379674146896
source_5,JUMPCPE-20210702-Run04_20210703_060202,5,LY2109761,raw,1.29,False,0.924530456583386,0.34479309733297303,0.945777597756419,True,32.20966783779037
source_5,JUMPCPE-20210702-Run04_20210703_060202,5,NVS-PAK1-1,raw,1.29,False,0.7959168469794857,0.3265698390690362,0.9338067890350912,True,29.505491900209144
source_5,JUMPCPE-20210702-Run04_20210703_060202,5,quinidine,raw,1.29,False,0.6470640314193117,0.2333587099786008,0.4963922835854655,True,2.5902450691490047
source_5,JUMPCPE-20210702-Run04_20210703_060202,5,TC-S-7004,raw,1.29,False,0.8035569722497662,0.290357082712762,0.9313949876830541,True,26.078229901083798
source_5,JUMPCPE-20210702-Run04_20210703_060202,5,aloxistatin,raw,1.29,False,0.48186380498216574,0.1691910345708311,0.5476790555817732,True,2.974428706707098
source_5,JUMPCPE-20210704-Run05_20210705_025956,6,AMG900,raw,1.06,False,0.9126852904017659,0.14190384492064625,0.9808352316415201,True,61.82310960884918
source_5,JUMPCPE-20210704-Run05_20210705_025956,6,dexamethasone,raw,1.06,False,0.8894411246025689,0.20677724773644632,0.9547537435425717,True,8.693887031588412
source_5,JUMPCPE-20210704-Run05_20210705_025956,6,FK-866,raw,1.06,False,0.8640702477494117,0.3053057599808376,0.9560575982355618,True,28.022960928242313
source_5,JUMPCPE-20210704-Run05_20210705_025956,6,LY2109761,raw,1.06,False,0.9354920644876465,0.3197340309315734,0.979003897789676,True,31.73271828876308
source_5,JUMPCPE-20210704-Run05_20210705_025956,6,NVS-PAK1-1,raw,1.06,False,0.8144899127334978,0.31110358073175925,0.9220012911713001,True,22.98831444107095
source_5,JUMPCPE-20210704-Run05_20210705_025956,6,quinidine,raw,1.06,False,0.5807392265747854,0.2173799851850686,0.5459342504063234,True,3.3295536723116848
source_5,JUMPCPE-20210704-Run05_20210705_025956,6,TC-S-7004,raw,1.06,False,0.7685322403511989,0.30369155029224915,0.9649746453525317,True,28.79328726322802
source_5,JUMPCPE-20210704-Run05_20210705_025956,6,aloxistatin,raw,1.06,False,0.46355819194198006,0.1835575581364557,0.5144569574922255,True,3.000062535077092
source_5,JUMPCPE-20210706-Run06_20210706_235916,7,AMG900,raw,0.86,False,0.9185558983701514,0.12036155890271893,0.987709616332595,True,61.958960812624774
source_5,JUMPCPE-20210706-Run06_20210706_235916,7,dexamethasone,raw,0.86,False,0.8648459595539307,0.19276785797303714,0.8871560478438755,True,9.414067979746685
source_5,JUMPCPE-20210706-Run06_20210706_235916,7,FK-866,raw,0.86,False,0.8770488089640396,0.299589824832006,0.9646836453593794,True,27.28828557894072
source_5,JUMPCPE-20210706-Run06_20210706_235916,7,LY2109761,raw,0.86,False,0.9363105943907845,0.30771709920233487,0.9802115103698745,True,29.72757446191633
source_5,JUMPCPE-20210706-Run06_20210706_235916,7,NVS-PAK1-1,raw,0.86,False,0.7953800924029208,0.31063538255621964,0.9550685255190667,True,28.527492557995686
source_5,JUMPCPE-20210706-Run06_20210706_235916,7,quinidine,raw,0.86,False,0.6542640063539408,0.2795656244855513,0.47681565530011283,True,4.482370050912836
source_5,JUMPCPE-20210706-Run06_20210706_235916,7,TC-S-7004,raw,0.86,False,0.7754694168546665,0.2712989507284676,0.9735784685937274,True,26.681937927775035
source_5,JUMPCPE-20210706-Run06_20210706_235916,7,aloxistatin,raw,0.86,False,0.4584179970934309,0.23538313607941477,0.43465645770800354,False,3.9133032261486353
source_5,JUMPCPE-20210709-Run07_20210709_230159,8,AMG900,raw,0.94,False,0.9138724656750725,0.1152346849248127,0.9879876866221617,True,60.13086724847932
source_5,JUMPCPE-20210709-Run07_20210709_230159,8,dexamethasone,raw,0.94,False,0.8899559365997614,0.2958690445107178,0.9246150541496134,True,9.034071775341648
source_5,JUMPCPE-20210709-Run07_20210709_230159,8,FK-866,raw,0.94,False,0.8826164286952073,0.2919121844319532,0.9561748231220866,True,24.17363679860381
source_5,JUMPCPE-20210709-Run07_20210709_230159,8,LY2109761,raw,0.94,False,0.9282498829120724,0.3107588141391977,0.9767969824955168,True,28.936348618226877
source_5,JUMPCPE-20210709-Run07_20210709_230159,8,NVS-PAK1-1,raw,0.94,False,0.7933894311439631,0.3006412680791439,0.9522339479204321,True,26.070496569222446
source_5,JUMPCPE-20210709-Run07_20210709_230159,8,quinidine,raw,0.94,False,0.54181740476865,0.2491494517672725,0.40781565418022225,True,4.357972080750475
source_5,JUMPCPE-20210709-Run07_20210709_230159,8,TC-S-7004,raw,0.94,False,0.7523989099652388,0.23284026950421138,0.9620707217174177,True,20.32945139864891
source_5,JUMPCPE-20210709-Run07_20210709_230159,8,aloxistatin,raw,0.94,False,0.5144173563403873,0.21382008194874388,0.6110265882996052,False,4.927423434059277
source_5,JUMPCPE-20210709-Run08_20210711_195507,9,AMG900,raw,0.58,False,0.9131823465840548,0.0911814792181066,0.9924305476357194,True,64.33389488350106
source_5,JUMPCPE-20210709-Run08_20210711_195507,9,dexamethasone,raw,0.58,False,0.8494301119192218,0.26883609630944805,0.9139511026450975,True,8.768759445201036
source_5,JUMPCPE-20210709-Run08_20210711_195507,9,FK-866,raw,0.58,False,0.8644109516953656,0.30557995898162776,0.975366945163556,True,25.235740899898797
source_5,JUMPCPE-20210709-Run08_20210711_195507,9,LY2109761,raw,0.58,False,0.9078869963898475,0.2983377775965659,0.9906043180434843,True,27.290209055334763
source_5,JUMPCPE-20210709-Run08_20210711_195507,9,NVS-PAK1-1,raw,0.58,False,0.7384161396261815,0.2511481375759984,0.9790553126586505,True,29.372808370180195
source_5,JUMPCPE-20210709-Run08_20210711_195507,9,quinidine,raw,0.58,False,0.45813045975849875,0.2215776515506076,0.44776986315185635,False,3.9072253325484114
source_5,JUMPCPE-20210709-Run08_20210711_195507,9,TC-S-7004,raw,0.58,False,0.6743949195984373,0.1982382074779787,0.9645928588108305,True,20.612651395608562
source_5,JUMPCPE-20210709-Run08_20210711_195507,9,aloxistatin,raw,0.58,False,0.6013752013928191,0.28963822007476286,0.5387794995630584,True,4.513102273592812
source_5,JUMPCPE-20210712-Run09_20210713_003159,10,AMG900,raw,0.88,False,0.919732509620814,0.12431774502696702,0.989276394535068,True,61.902758760779435
source_5,JUMPCPE-20210712-Run09_20210713_003159,10,dexamethasone,raw,0.88,False,0.8973896948684867,0.30206682363410897,0.9076745982375586,True,9.763928438521013
source_5,JUMPCPE-20210712-Run09_20210713_003159,10,FK-866,raw,0.88,False,0.8677289956731205,0.3423208702241176,0.9604713210184526,True,26.060414317521964
source_5,JUMPCPE-20210712-Run09_20210713_003159,10,LY2109761,raw,0.88,False,0.9318837304691127,0.3445265371300015,0.9732938240360869,True,30.0543571429523
source_5,JUMPCPE-20210712-Run09_20210713_003159,10,NVS-PAK1-1,raw,0.88,False,0.8005779613022854,0.31806859912979507,0.9517089370500151,True,30.189818214047943
source_5,JUMPCPE-20210712-Run09_20210713_003159,10,quinidine,raw,0.88,False,0.6274202222908591,0.3806349161041367,0.4280699957395598,True,4.115567445719601
source_5,JUMPCPE-20210712-Run09_20210713_003159,10,TC-S-7004,raw,0.88,False,0.7602446935805376,0.25698044688744287,0.952863677595932,True,20.54795653895829
source_5,JUMPCPE-20210712-Run09_20210713_003159,10,aloxistatin,raw,0.88,False,0.559240296359798,0.29701704883131036,0.5465827709917661,False,5.003638330640415
source_5,JUMPCPE-20210715-Run10_20210715_223420,11,AMG900,raw,0.77,False,0.9173269672977528,0.10693706596308968,0.9916219139535938,True,61.87240260834096
source_5,JUMPCPE-20210715-Run10_20210715_223420,11,dexamethasone,raw,0.77,False,0.9122757471122536,0.284740209175307,0.9508141585806852,True,8.890787555823866
source_5,JUMPCPE-20210715-Run10_20210715_223420,11,FK-866,raw,0.77,False,0.8707304277081374,0.26572899014903417,0.9570657389408534,True,24.87974529861564
source_5,JUMPCPE-20210715-Run10_20210715_223420,11,LY2109761,raw,0.77,False,0.9323619286432951,0.32427825313835257,0.9836244158724841,True,28.631405735689018
source_5,JUMPCPE-20210715-Run10_20210715_223420,11,NVS-PAK1-1,raw,0.77,False,0.7894530508223638,0.2906602689514322,0.9559099934907614,True,26.552507024403745
source_5,JUMPCPE-20210715-Run10_20210715_223420,11,quinidine,raw,0.77,False,0.6897579765562822,0.402305336169605,0.5937282854849866,True,3.614596718809303
source_5,JUMPCPE-20210715-Run10_20210715_223420,11,TC-S-7004,raw,0.77,False,0.6403359409846392,0.185581518700074,0.8785778801342476,True,13.139411620448186
source_5,JUMPCPE-20210715-Run10_20210715_223420,11,aloxistatin,raw,0.77,False,0.583442368989519,0.30760206101636767,0.591462685380787,True,4.208271298922743
source_5,JUMPCPE-20210716-Run11_20210717_192647,12,AMG900,raw,1.07,False,0.9102431828748712,0.12748873396311794,0.9832005834584655,True,61.94828624941063
source_5,JUMPCPE-20210716-Run11_20210717_192647,12,dexamethasone,raw,1.07,False,0.89339074412487,0.18807594040909878,0.9479861103238042,True,8.856694089389523
source_5,JUMPCPE-20210716-Run11_20210717_192647,12,FK-866,raw,1.07,False,0.8556298028504772,0.2708417448559012,0.9432200286538592,True,27.669841224957693
source_5,JUMPCPE-20210716-Run11_20210717_192647,12,LY2109761,raw,1.07,False,0.9295440225911484,0.2939634597774384,0.9825628639653097,True,30.21277734392249
source_5,JUMPCPE-20210716-Run11_20210717_192647,12,NVS-PAK1-1,raw,1.07,False,0.7823421175041682,0.32093487365764695,0.927725181697011,True,26.883221116893104
source_5,JUMPCPE-20210716-Run11_20210717_192647,12,quinidine,raw,1.07,False,0.6165048512111715,0.2241903509008695,0.5278534855113566,True,3.445820326509774
source_5,JUMPCPE-20210716-Run11_20210717_192647,12,TC-S-7004,raw,1.07,False,0.7050732041607566,0.2498814866887665,0.959510845974643,True,21.513716258339233
source_5,JUMPCPE-20210716-Run11_20210717_192647,12,aloxistatin,raw,1.07,False,0.4612648951206697,0.12533708769929755,0.5300218382503457,True,2.5380537020494716
source_5,JUMPCPE-20210716-Run12_20210719_162047,13,AMG900,raw,0.94,False,0.9097144931880002,0.11232134176519122,0.9889876557044975,True,63.42853967410318
source_5,JUMPCPE-20210716-Run12_20210719_162047,13,dexamethasone,raw,0.94,False,0.8744231114369629,0.17769183295623842,0.9294491410313638,True,9.076618704565524
source_5,JUMPCPE-20210716-Run12_20210719_162047,13,FK-866,raw,0.94,False,0.8393106390444456,0.2979967767716262,0.9621892567843288,True,28.473811252165213
source_5,JUMPCPE-20210716-Run12_20210719_162047,13,LY2109761,raw,0.94,False,0.9131118821768646,0.31566906487358387,0.9903224938082495,True,30.527183804983935
source_5,JUMPCPE-20210716-Run12_20210719_162047,13,NVS-PAK1-1,raw,0.94,False,0.7687528859347608,0.30379245786331693,0.966967250156374,True,29.756920895729753
source_5,JUMPCPE-20210716-Run12_20210719_162047,13,quinidine,raw,0.94,False,0.6149657672582378,0.2604968212956085,0.5675235161237828,True,3.5892040892473682
source_5,JUMPCPE-20210716-Run12_20210719_162047,13,TC-S-7004,raw,0.94,False,0.6548022736873635,0.19981098290049992,0.9482296956995457,True,17.977851962157505
source_5,JUMPCPE-20210716-Run12_20210719_162047,13,aloxistatin,raw,0.94,False,0.5083374959858064,0.1662457819179958,0.7455549655542943,True,3.9182500612783255
source_5,JUMPCPE-20210719-Run13_20210721_131445,14,AMG900,raw,1.15,False,0.9166387224394013,0.1228413325160598,0.9877243086143304,True,62.146316293720986
source_5,JUMPCPE-20210719-Run13_20210721_131445,14,dexamethasone,raw,1.15,False,0.8872788396853335,0.2398534865453875,0.9192035814131652,True,8.845505507637668
source_5,JUMPCPE-20210719-Run13_20210721_131445,14,FK-866,raw,1.15,False,0.8723412306105367,0.2802822380764575,0.9547009114809358,True,24.490803359338795
source_5,JUMPCPE-20210719-Run13_20210721_131445,14,LY2109761,raw,1.15,False,0.9245910143847386,0.3156158820114237,0.9796008863136534,True,30.029473417307404
source_5,JUMPCPE-20210719-Run13_20210721_131445,14,NVS-PAK1-1,raw,1.15,False,0.7850568176213406,0.3267442413209828,0.9390304759013096,True,26.56138286398183
source_5,JUMPCPE-20210719-Run13_20210721_131445,14,quinidine,raw,1.15,False,0.7494425583520712,0.3743803687521556,0.5256379991042922,True,3.330481487284602
source_5,JUMPCPE-20210719-Run13_20210721_131445,14,TC-S-7004,raw,1.15,False,0.6957118407069796,0.19980723562206198,0.9179435771749996,True,13.462047837232722
source_5,JUMPCPE-20210719-Run13_20210721_131445,14,aloxistatin,raw,1.15,False,0.5681653690646631,0.28537614433901964,0.5922607214027416,False,2.970361120612938
source_5,JUMPCPE-20210730-Run14_20210731_000211,15,AMG900,raw,0.9,False,0.9038895886858929,0.12369054430496462,0.9854311708158716,True,61.337517769119046
source_5,JUMPCPE-20210730-Run14_20210731_000211,15,dexamethasone,raw,0.9,False,0.9045918663529235,0.2618516085700486,0.9422361825466291,True,9.076838085003967
source_5,JUMPCPE-20210730-Run14_20210731_000211,15,FK-866,raw,0.9,False,0.854069941109986,0.2833174917249601,0.9454219291904123,True,26.092831662034026
source_5,JUMPCPE-20210730-Run14_20210731_000211,15,LY2109761,raw,0.9,False,0.9089382244211214,0.29531200516058664,0.9851548522748776,True,28.93476373214306
source_5,JUMPCPE-20210730-Run14_20210731_000211,15,NVS-PAK1-1,raw,0.9,False,0.7545093729864312,0.29973774354357324,0.9557836910760498,True,27.960771120428667
source_5,JUMPCPE-20210730-Run14_20210731_000211,15,quinidine,raw,0.9,False,0.7212998749330432,0.3375586726638902,0.6245198802921582,True,3.7847346280679757
source_5,JUMPCPE-20210730-Run14_20210731_000211,15,TC-S-7004,raw,0.9,False,0.7054796688653449,0.23568517564693633,0.9630806817864677,True,22.22793500926103
source_5,JUMPCPE-20210730-Run14_20210731_000211,15,aloxistatin,raw,0.9,False,0.59141224672386,0.2769114563102933,0.575495158827727,True,3.208027243148278
source_5,JUMPCPE-20210730-Run15_20210801_205335,16,AMG900,raw,1.36,False,0.9137196015136742,0.16492872326380992,0.9741211846284841,True,59.7626552932583
source_5,JUMPCPE-20210730-Run15_20210801_205335,16,dexamethasone,raw,1.36,False,0.9249819564059557,0.27917839354932666,0.9241800677193587,True,9.809120051507179
source_5,JUMPCPE-20210730-Run15_20210801_205335,16,FK-866,raw,1.36,False,0.8284593125312847,0.38305132793500224,0.9038239480128359,True,27.921561289837083
source_5,JUMPCPE-20210730-Run15_20210801_205335,16,LY2109761,raw,1.36,False,0.9068347546366993,0.3470107690690858,0.9451035173997225,True,32.70569960073032
source_5,JUMPCPE-20210730-Run15_20210801_205335,16,NVS-PAK1-1,raw,1.36,False,0.793383529822324,0.35533819505992126,0.9111662266490628,True,31.44978275629811
source_5,JUMPCPE-20210730-Run15_20210801_205335,16,quinidine,raw,1.36,False,0.6864325626504701,0.41597903739076136,0.5382560358974613,True,4.837551866222754
source_5,JUMPCPE-20210730-Run15_20210801_205335,16,TC-S-7004,raw,1.36,False,0.7811271701771587,0.2818417834897387,0.9173192585245893,True,23.20300654287019
source_5,JUMPCPE-20210730-Run15_20210801_205335,16,aloxistatin,raw,1.36,False,0.5577802606065436,0.28054441262296465,0.5516561748796371,False,5.248149729564992
source_5,JUMPCPE-20210730-Run16_20210803_174908,17,AMG900,raw,1.21,False,0.902660754422705,0.11287152336052389,0.9896231712640211,True,62.16494010332738
source_5,JUMPCPE-20210730-Run16_20210803_174908,17,dexamethasone,raw,1.21,False,0.8811133349466558,0.2217855912447834,0.9122962742019362,True,8.671607107138877
source_5,JUMPCPE-20210730-Run16_20210803_174908,17,FK-866,raw,1.21,False,0.8487644488586943,0.2576702286690841,0.9374390990194162,True,25.009938193798884
source_5,JUMPCPE-20210730-Run16_20210803_174908,17,LY2109761,raw,1.21,False,0.9044351763130354,0.2977208236708834,0.9865697281491568,True,27.926763631979235
source_5,JUMPCPE-20210730-Run16_20210803_174908,17,NVS-PAK1-1,raw,1.21,False,0.7493765068686556,0.28608301064703806,0.9575152646872138,True,27.468491739029634
source_5,JUMPCPE-20210730-Run16_20210803_174908,17,quinidine,raw,1.21,False,0.6528871061815038,0.33539439091640677,0.5601398691587287,True,3.353386312788207
source_5,JUMPCPE-20210730-Run16_20210803_174908,17,TC-S-7004,raw,1.21,False,0.6837975677709449,0.18299012635245065,0.949202241805196,True,17.350962142069868
source_5,JUMPCPE-20210730-Run16_20210803_174908,17,aloxistatin,raw,1.21,False,0.5629563854358623,0.22887829549342825,0.564510437561476,True,3.3853614888144405
source_5,JUMPCPE-20210806-Run17_20210807_000211,18,AMG900,raw,1.56,False,0.8950899273303018,0.154023882761739,0.9608609208948934,True,58.961594247475674
source_5,JUMPCPE-20210806-Run17_20210807_000211,18,dexamethasone,raw,1.56,False,0.8675635650044167,0.14793087522486467,0.896646102921737,True,9.208110004201867
source_5,JUMPCPE-20210806-Run17_20210807_000211,18,FK-866,raw,1.56,False,0.8293666430978534,0.2941972424335953,0.9187606072617756,True,29.767843289386903
source_5,JUMPCPE-20210806-Run17_20210807_000211,18,LY2109761,raw,1.56,False,0.9132663907601758,0.2955719248709983,0.963470531545488,True,32.756654564557664
source_5,JUMPCPE-20210806-Run17_20210807_000211,18,NVS-PAK1-1,raw,1.56,False,0.78950943401441,0.31562318315562765,0.8897242138600456,True,27.465359076774327
source_5,JUMPCPE-20210806-Run17_20210807_000211,18,quinidine,raw,1.56,False,0.674339677945965,0.2260825863103714,0.5289298598738283,True,3.771179051942594
source_5,JUMPCPE-20210806-Run17_20210807_000211,18,TC-S-7004,raw,1.56,False,0.6373396472088148,0.26096770440875,0.8900983433961542,True,15.508499758852317
source_5,JUMPCPE-20210806-Run17_20210807_000211,18,aloxistatin,raw,1.56,False,0.6151774080484238,0.11287544077042941,0.5247911164881419,True,2.7790383220481654
source_5,JUMPCPE-20210806-Run18_20210808_210526,19,AMG900,raw,1.49,False,0.9096029929387366,0.13732606452157523,0.9767477207101165,True,59.13315692536893
source_5,JUMPCPE-20210806-Run18_20210808_210526,19,dexamethasone,raw,1.49,False,0.8452382387437118,0.26757045087105064,0.8668863533288891,True,9.843037611344952
source_5,JUMPCPE-20210806-Run18_20210808_210526,19,FK-866,raw,1.49,False,0.828486579647292,0.3531875664631075,0.9225667739032409,True,28.787092147214643
source_5,JUMPCPE-20210806-Run18_20210808_210526,19,LY2109761,raw,1.49,False,0.8920056689618979,0.3273646076970668,0.9307372810681371,True,30.6179056788105
source_5,JUMPCPE-20210806-Run18_20210808_210526,19,NVS-PAK1-1,raw,1.49,False,0.7672052724540033,0.2937376482239709,0.9397434629232853,True,29.142080411520872
source_5,JUMPCPE-20210806-Run18_20210808_210526,19,quinidine,raw,1.49,False,0.5645666184186247,0.3011867370784652,0.4438411185095509,True,5.035309977282066
source_5,JUMPCPE-20210806-Run18_20210808_210526,19,TC-S-7004,raw,1.49,False,0.7126601097192813,0.21004671738532213,0.8836759622659525,True,14.228744166683871
source_5,JUMPCPE-20210806-Run18_20210808_210526,19,aloxistatin,raw,1.49,False,0.42796029038929434,0.14074006412770404,0.45775209084114726,True,3.84465206063584
source_5,JUMPCPE-20210811-Run18_20210811_182136,20,AMG900,raw,1.37,False,0.9165166829488763,0.14154936752874883,0.9794853641951382,True,61.68771795072731
source_5,JUMPCPE-20210811-Run18_20210811_182136,20,dexamethasone,raw,1.37,False,0.797299474912279,0.15824519364519737,0.8612089018819671,True,9.814918240712831
source_5,JUMPCPE-20210811-Run18_20210811_182136,20,FK-866,raw,1.37,False,0.8368408450391537,0.3554277042935328,0.9220610932774082,True,28.54481251184405
source_5,JUMPCPE-20210811-Run18_20210811_182136,20,LY2109761,raw,1.37,False,0.8957172240566571,0.3181742468919701,0.9457398607416785,True,30.593377922387205
source_5,JUMPCPE-20210811-Run18_20210811_182136,20,NVS-PAK1-1,raw,1.37,False,0.798918209308829,0.3022443786498414,0.9381071329889025,True,28.5234604670349
source_5,JUMPCPE-20210811-Run18_20210811_182136,20,quinidine,raw,1.37,False,0.5378791551147726,0.2393695630411959,0.5018872534609495,True,4.270654702120386
source_5,JUMPCPE-20210811-Run18_20210811_182136,20,TC-S-7004,raw,1.37,False,0.6551042815455428,0.2300780433241369,0.792674007295882,True,10.817231423724138
source_5,JUMPCPE-20210811-Run18_20210811_182136,20,aloxistatin,raw,1.37,False,0.38466379533459816,0.12076825007259764,0.5275924660070552,True,4.630429980976722
source_5,JUMPCPE-20210812-Run20_20210815_062625,21,AMG900,raw,1.15,False,0.914037810505762,0.12239327018631695,0.9867986664136609,True,62.95031131533224
source_5,JUMPCPE-20210812-Run20_20210815_062625,21,dexamethasone,raw,1.15,False,0.8740956658557155,0.23869648123634016,0.8960947036300125,True,10.154593843261695
source_5,JUMPCPE-20210812-Run20_20210815_062625,21,FK-866,raw,1.15,False,0.8675883524477208,0.2964205718929583,0.9257824716248942,True,28.08842531153761
source_5,JUMPCPE-20210812-Run20_20210815_062625,21,LY2109761,raw,1.15,False,0.8979156412912201,0.2993564981892187,0.9779797159743261,True,28.61367090904012
source_5,JUMPCPE-20210812-Run20_20210815_062625,21,NVS-PAK1-1,raw,1.15,False,0.7484977106669557,0.29312981842236757,0.9360236601242007,True,25.657724245281095
source_5,JUMPCPE-20210812-Run20_20210815_062625,21,quinidine,raw,1.15,False,0.6238847869232903,0.3324216594550386,0.6006733250338175,False,4.1197526662334125
source_5,JUMPCPE-20210812-Run20_20210815_062625,21,TC-S-7004,raw,1.15,False,0.3590488997904745,0.2001165735613864,0.42779889737152754,True,8.1442327101314
source_5,JUMPCPE-20210812-Run20_20210815_062625,21,aloxistatin,raw,1.15,False,0.5531078822853526,0.2382840021099156,0.6223517858352776,False,5.019254402760779
source_5,JUMPCPE-20210813-Run21_20210817_031500,22,AMG900,raw,1.18,False,0.9185186306225974,0.14259024418145225,0.9793043764057627,True,61.86453296351126
source_5,JUMPCPE-20210813-Run21_20210817_031500,22,dexamethasone,raw,1.18,False,0.8768615370731628,0.30250589248427506,0.9028997863994718,True,10.249401069690826
source_5,JUMPCPE-20210813-Run21_20210817_031500,22,FK-866,raw,1.18,False,0.8742014657997286,0.3457792010829581,0.9242594059790854,True,27.088020076293432
source_5,JUMPCPE-20210813-Run21_20210817_031500,22,LY2109761,raw,1.18,False,0.9132399025467366,0.31459945173308,0.9726581018390487,True,31.103776616997802
source_5,JUMPCPE-20210813-Run21_20210817_031500,22,NVS-PAK1-1,raw,1.18,False,0.7948614187986998,0.32772913834225204,0.9188862661696059,True,27.501949595203826
source_5,JUMPCPE-20210813-Run21_20210817_031500,22,quinidine,raw,1.18,False,0.6626280828597828,0.3772911589321302,0.5085058164242017,False,4.820345757581552
source_5,JUMPCPE-20210813-Run21_20210817_031500,22,TC-S-7004,raw,1.18,False,0.3922283109101852,0.28507265056112,0.41309900241791725,False,9.671026345781785
source_5,JUMPCPE-20210813-Run21_20210817_031500,22,aloxistatin,raw,1.18,False,0.5235175073017688,0.26311734384055174,0.6131905389914398,False,6.174118708264897
source_5,JUMPCPE-20210820-Run22_20210821_180957,23,AMG900,raw,0.95,False,0.9083733467600728,0.13277401572109354,0.9855895669604159,True,63.54518072950634
source_5,JUMPCPE-20210820-Run22_20210821_180957,23,dexamethasone,raw,0.95,False,0.8832888187898666,0.21586510911035162,0.9145964319193809,True,10.103975619938454
source_5,JUMPCPE-20210820-Run22_20210821_180957,23,FK-866,raw,0.95,False,0.848644312363132,0.31930156295628037,0.9553950061648984,True,27.54937298095105
source_5,JUMPCPE-20210820-Run22_20210821_180957,23,LY2109761,raw,0.95,False,0.8868018918547689,0.26846418098841013,0.9835972292318288,True,30.413108945683884
source_5,JUMPCPE-20210820-Run22_20210821_180957,23,NVS-PAK1-1,raw,0.95,False,0.7141072644952925,0.3059575890829772,0.9586046065659006,True,29.821205517582722
source_5,JUMPCPE-20210820-Run22_20210821_180957,23,quinidine,raw,0.95,False,0.6811584868906804,0.2852776757477557,0.5720312499660454,True,3.5839393030750397
source_5,JUMPCPE-20210820-Run22_20210821_180957,23,TC-S-7004,raw,0.95,False,0.42255828651772614,0.1900180018019922,0.6680573373347123,True,11.770953871582815
source_5,JUMPCPE-20210820-Run22_20210821_180957,23,aloxistatin,raw,0.95,False,0.5214998779797251,0.19902236630651784,0.4903230792834125,True,2.9621640417706874
source_5,JUMPCPE-20210820-Run23_20210823_145853,24,AMG900,raw,1.12,False,0.9153298498972624,0.12118098779193602,0.9855347899071465,True,62.33736480721926
source_5,JUMPCPE-20210820-Run23_20210823_145853,24,dexamethasone,raw,1.12,False,0.848272656807638,0.28967639807870277,0.8860669532628657,True,9.663485702339154
source_5,JUMPCPE-20210820-Run23_20210823_145853,24,FK-866,raw,1.12,False,0.8886162130229605,0.32618543894122276,0.9313790488681362,True,26.33250800566608
source_5,JUMPCPE-20210820-Run23_20210823_145853,24,LY2109761,raw,1.12,False,0.9072479774222132,0.2901946284183308,0.9746020264086872,True,30.45694292458888
source_5,JUMPCPE-20210820-Run23_20210823_145853,24,NVS-PAK1-1,raw,1.12,False,0.7932960316977673,0.329812893701438,0.9163798667954435,True,26.837290636865518
source_5,JUMPCPE-20210820-Run23_20210823_145853,24,quinidine,raw,1.12,False,0.5947372112089719,0.37551596280526417,0.4580912534063332,False,5.692717475159569
source_5,JUMPCPE-20210820-Run23_20210823_145853,24,TC-S-7004,raw,1.12,False,0.39942643006570955,0.22883087624429363,0.42743708312929796,True,11.500163793208158
source_5,JUMPCPE-20210820-Run23_20210823_145853,24,aloxistatin,raw,1.12,False,0.5647511897605465,0.28870586942230514,0.630940484501074,False,5.916138731651007
source_5,JUMPCPE-20210902-Run26_20210903_010341,25,AMG900,raw,1.25,False,0.911081812918204,0.13068119639941306,0.9758343156668952,True,60.84549664464043
source_5,JUMPCPE-20210902-Run26_20210903_010341,25,dexamethasone,raw,1.25,False,0.8522406892994415,0.1804606382320939,0.929660307133537,True,8.941886850895493
source_5,JUMPCPE-20210902-Run26_20210903_010341,25,FK-866,raw,1.25,False,0.8428656103771581,0.3088994973816826,0.9694078316338937,True,27.523277899899757
source_5,JUMPCPE-20210902-Run26_20210903_010341,25,LY2109761,raw,1.25,False,0.9112453359364714,0.29523743163612887,0.9779406624830054,True,30.732807678047166
source_5,JUMPCPE-20210902-Run26_20210903_010341,25,NVS-PAK1-1,raw,1.25,False,0.7880402378284348,0.27909949631433256,0.93903327750704,True,28.14049557319538
source_5,JUMPCPE-20210902-Run26_20210903_010341,25,quinidine,raw,1.25,False,0.5879316505912366,0.30829843183780675,0.4716240017334279,True,4.405478756717469
source_5,JUMPCPE-20210902-Run26_20210903_010341,25,TC-S-7004,raw,1.25,False,0.556732148853164,0.21886089959469104,0.7687158063843801,True,10.54623399571455
source_5,JUMPCPE-20210902-Run26_20210903_010341,25,aloxistatin,raw,1.25,False,0.2563792253216416,-0.0022782735003317256,0.31120191620695853,True,3.10755244325849
source_5,JUMPCPE-20210903-Run27_20210904_215148,26,AMG900,raw,1.33,False,0.9097200321189212,0.13055216451994525,0.9752341396289507,True,60.6456128602616
source_5,JUMPCPE-20210903-Run27_20210904_215148,26,dexamethasone,raw,1.33,False,0.8217201447746654,0.09971626997726814,0.8603330662170008,True,8.976568868594754
source_5,JUMPCPE-20210903-Run27_20210904_215148,26,FK-866,raw,1.33,False,0.8657986631400749,0.2955834290783991,0.9423909780461951,True,28.097451648955992
source_5,JUMPCPE-20210903-Run27_20210904_215148,26,LY2109761,raw,1.33,False,0.9190056936111077,0.2820298327568865,0.9666735703233351,True,30.54820529842023
source_5,JUMPCPE-20210903-Run27_20210904_215148,26,NVS-PAK1-1,raw,1.33,False,0.8248022718349255,0.30929864658619266,0.8833777876692188,True,26.02061321589108
source_5,JUMPCPE-20210903-Run27_20210904_215148,26,quinidine,raw,1.33,False,0.5544907332099596,0.2181555445787362,0.43721226608719277,True,3.1467134845552196
source_5,JUMPCPE-20210903-Run27_20210904_215148,26,TC-S-7004,raw,1.33,False,0.5200114690859265,0.19750008151661708,0.6703322289916887,True,11.40241149131122
source_5,JUMPCPE-20210903-Run27_20210904_215148,26,aloxistatin,raw,1.33,False,0.3645207428030659,0.022585793211353403,0.23556019786528162,True,2.643355977226438
source_5,JUMPCPE-20210908-Run28_20210909_072022,27,AMG900,raw,0.89,False,0.9078279658950974,0.12442909999595526,0.9855780336500083,True,64.72344923199357
source_5,JUMPCPE-20210908-Run28_20210909_072022,27,dexamethasone,raw,0.89,False,0.874984355029794,0.19082095260218537,0.9365163605167345,True,9.471647794955233
source_5,JUMPCPE-20210908-Run28_20210909_072022,27,FK-866,raw,0.89,False,0.8162758119739331,0.2877161385399507,0.9645359995614413,True,30.32846062881056
source_5,JUMPCPE-20210908-Run28_20210909_072022,27,LY2109761,raw,0.89,False,0.8782102824464724,0.25946133161441237,0.9771821727459622,True,29.13549081930717
source_5,JUMPCPE-20210908-Run28_20210909_072022,27,NVS-PAK1-1,raw,0.89,False,0.7191017967037341,0.2612407969199602,0.9617277940886115,True,29.507246727416057
source_5,JUMPCPE-20210908-Run28_20210909_072022,27,quinidine,raw,0.89,False,0.6960496299062255,0.24118624580644074,0.5514610624264101,True,3.4340094585329846
source_5,JUMPCPE-20210908-Run28_20210909_072022,27,TC-S-7004,raw,0.89,False,0.495696282320447,0.12560921087181198,0.8386315248296786,True,11.687429863371838
source_5,JUMPCPE-20210908-Run28_20210909_072022,27,aloxistatin,raw,0.89,False,0.45462499506781534,0.10993404863107738,0.6192138671888194,True,3.5410050160629596
source_5,JUMPCPE-20210909-Run29_20210910_234236,28,AMG900,raw,1.03,False,0.9145729554041615,0.12938483255937136,0.9854810632447846,True,61.93864476481028
source_5,JUMPCPE-20210909-Run29_20210910_234236,28,dexamethasone,raw,1.03,False,0.8621430374294503,0.15256106001400527,0.8813935475522698,True,9.73901975504588
source_5,JUMPCPE-20210909-Run29_20210910_234236,28,FK-866,raw,1.03,False,0.8606219767387093,0.314938497825843,0.9561509741532774,True,27.78726877125802
source_5,JUMPCPE-20210909-Run29_20210910_234236,28,LY2109761,raw,1.03,False,0.9189604019973392,0.3062622445729683,0.9840531612179724,True,30.06485758489353
source_5,JUMPCPE-20210909-Run29_20210910_234236,28,NVS-PAK1-1,raw,1.03,False,0.7637183716932641,0.2975977212122061,0.9595269443114502,True,27.45401674371239
source_5,JUMPCPE-20210909-Run29_20210910_234236,28,quinidine,raw,1.03,False,0.7921411809668868,0.34232455866593753,0.6143444491650197,True,3.531691990669424
source_5,JUMPCPE-20210909-Run29_20210910_234236,28,TC-S-7004,raw,1.03,False,0.699290387651009,0.23093364438722905,0.963949483741699,True,16.731135528804643
source_5,JUMPCPE-20210909-Run29_20210910_234236,28,aloxistatin,raw,1.03,False,0.30708044154556535,0.07443897453892664,0.5387271122473174,True,4.457558321064467
source_5,JUMPCPE-20210910-Run30_20210912_203428,29,AMG900,raw,1.58,False,0.9043969017697435,0.13834641697288746,0.9674065448549647,True,59.46764754617161
source_5,JUMPCPE-20210910-Run30_20210912_203428,29,dexamethasone,raw,1.58,False,0.8610377535362629,0.159114506683319,0.9083315621562144,True,9.118842655430102
source_5,JUMPCPE-20210910-Run30_20210912_203428,29,FK-866,raw,1.58,False,0.8416852342940162,0.29834598525250045,0.9121074381509768,True,29.978351306512792
source_5,JUMPCPE-20210910-Run30_20210912_203428,29,LY2109761,raw,1.58,False,0.9081724589188559,0.28486153002745856,0.9669544659885547,True,30.189152218637926
source_5,JUMPCPE-20210910-Run30_20210912_203428,29,NVS-PAK1-1,raw,1.58,False,0.8190582214340871,0.31881428382930055,0.8621227134061178,True,25.976773891365973
source_5,JUMPCPE-20210910-Run30_20210912_203428,29,quinidine,raw,1.58,False,0.7423676505070416,0.3684283139180599,0.6191005607248327,True,3.810826067582806
source_5,JUMPCPE-20210910-Run30_20210912_203428,29,TC-S-7004,raw,1.58,False,0.65030311921555,0.19898452493758306,0.893775406267553,True,12.451128819157951
source_5,JUMPCPE-20210910-Run30_20210912_203428,29,aloxistatin,raw,1.58,False,0.25327909535623194,0.027360134491825356,0.36846033027799485,False,3.346445726820721
source_5,JUMPCPE-20211001-Run33_20211001_152017,30,AMG900,raw,1.82,False,0.9113480919903006,0.15839868486611622,0.9571727846527063,True,58.08444614719785
source_5,JUMPCPE-20211001-Run33_20211001_152017,30,dexamethasone,raw,1.82,False,0.887500013877744,0.17085733577303117,0.8965306549901886,True,11.410259961401435
source_5,JUMPCPE-20211001-Run33_20211001_152017,30,FK-866,raw,1.82,False,0.8382834835600346,0.3128576144505272,0.9126297823502004,True,30.27654601362627
source_5,JUMPCPE-20211001-Run33_20211001_152017,30,LY2109761,raw,1.82,False,0.9150893607118165,0.3511471782847383,0.9090528889750307,True,38.83507506115929
source_5,JUMPCPE-20211001-Run33_20211001_152017,30,NVS-PAK1-1,raw,1.82,False,0.8320016519092188,0.33957058517321315,0.8539058618419882,True,29.15198729486754
source_5,JUMPCPE-20211001-Run33_20211001_152017,30,quinidine,raw,1.82,False,0.7917918786155084,0.3535104354766716,0.5937993541663896,True,6.282600806947185
source_5,JUMPCPE-20211001-Run33_20211001_152017,30,TC-S-7004,raw,1.82,False,0.5118294117157989,0.35949197123157456,0.6252425086740443,True,9.077848640984612
source_5,JUMPCPE-20211001-Run33_20211001_152017,30,aloxistatin,raw,1.82,False,0.6620729679330652,0.2840345088394666,0.5561660693784587,True,5.521449535954424
source_5,JUMPCPE-20211001-Run34_20211003_121618,31,AMG900,raw,1.3,False,0.8937236236211323,0.13171929129422735,0.9750962994369358,True,59.15758762424447
source_5,JUMPCPE-20211001-Run34_20211003_121618,31,dexamethasone,raw,1.3,False,0.9010259927701859,0.24128002730556758,0.9376156360782234,True,10.637590389885546
source_5,JUMPCPE-20211001-Run34_20211003_121618,31,FK-866,raw,1.3,False,0.8036729042443223,0.2697430059378466,0.9243377904203938,True,28.078685574548892
source_5,JUMPCPE-20211001-Run34_20211003_121618,31,LY2109761,raw,1.3,False,0.9092386086504076,0.3191449966477672,0.9711529511531108,True,32.56684740910894
source_5,JUMPCPE-20211001-Run34_20211003_121618,31,NVS-PAK1-1,raw,1.3,False,0.7575504891997131,0.27904380282027585,0.9540116396811275,True,30.742692368440803
source_5,JUMPCPE-20211001-Run34_20211003_121618,31,quinidine,raw,1.3,False,0.8038793643161672,0.3487560607432555,0.5789593584424159,True,6.692733662435623
source_5,JUMPCPE-20211001-Run34_20211003_121618,31,TC-S-7004,raw,1.3,False,0.36406516365804625,0.2492958954324322,0.5031056405733926,True,7.466630521977002
source_5,JUMPCPE-20211001-Run34_20211003_121618,31,aloxistatin,raw,1.3,False,0.6424422841019375,0.28613276450216485,0.599683481777942,False,5.1016850880536175
source_5,JUMPCPE-20211007-Run35_20211007_235529,32,AMG900,raw,1.31,False,0.8982507262199199,0.10695666548364989,0.9809629948699139,True,62.31723470245508
source_5,JUMPCPE-20211007-Run35_20211007_235529,32,dexamethasone,raw,1.31,False,0.867216898119189,0.22702158220349852,0.9134545685965644,True,11.239117911821193
source_5,JUMPCPE-20211007-Run35_20211007_235529,32,FK-866,raw,1.31,False,0.8242287553671728,0.26018888642197685,0.9442964555328811,True,26.674717626610292
source_5,JUMPCPE-20211007-Run35_20211007_235529,32,LY2109761,raw,1.31,False,0.8896790009224613,0.32854041884472807,0.9600147766784897,True,31.78019283072796
source_5,JUMPCPE-20211007-Run35_20211007_235529,32,NVS-PAK1-1,raw,1.31,False,0.7214519337702034,0.2327618968308735,0.9502700631546899,True,31.254487075796856
source_5,JUMPCPE-20211007-Run35_20211007_235529,32,quinidine,raw,1.31,False,0.7646593280727236,0.2984504940469031,0.5263763315359888,True,5.492543619664811
source_5,JUMPCPE-20211007-Run35_20211007_235529,32,TC-S-7004,raw,1.31,False,0.2704904402497815,0.2903158336954276,0.4137273088403576,False,6.461848443893355
source_5,JUMPCPE-20211007-Run35_20211007_235529,32,aloxistatin,raw,1.31,False,0.6602800862240085,0.24062596267118688,0.6477578280909686,True,6.104478902215765
source_5,JUMPCPE-20211014-Run36_20211014_223431,33,AMG900,raw,1.29,False,0.9082036364613579,0.1076386417559447,0.9820492571382261,True,61.221651337770695
source_5,JUMPCPE-20211014-Run36_20211014_223431,33,dexamethasone,raw,1.29,False,0.879757027466798,0.2192068749763521,0.9039270027232866,True,10.430891080303132
source_5,JUMPCPE-20211014-Run36_20211014_223431,33,FK-866,raw,1.29,False,0.823654264899059,0.25032222886246985,0.945205324318948,True,25.58257867303574
source_5,JUMPCPE-20211014-Run36_20211014_223431,33,LY2109761,raw,1.29,False,0.9191871562115772,0.31835011481270836,0.965976883667748,True,31.044534933206215
source_5,JUMPCPE-20211014-Run36_20211014_223431,33,NVS-PAK1-1,raw,1.29,False,0.7483141662097066,0.270175839796473,0.9540831492698228,True,29.977051465044553
source_5,JUMPCPE-20211014-Run36_20211014_223431,33,quinidine,raw,1.29,False,0.7412198736751408,0.3435637345055543,0.6147820450388186,True,5.739719910885652
source_5,JUMPCPE-20211014-Run36_20211014_223431,33,TC-S-7004,raw,1.29,False,0.29334596531253165,0.2800815238204237,0.35080086818123535,False,7.168785507190243
source_5,JUMPCPE-20211014-Run36_20211014_223431,33,aloxistatin,raw,1.29,False,0.6794759054400763,0.30430237129226867,0.5629763257502739,True,6.61418065503855
source_5,JUMPCPE-20210623-Run01_20210624_003152,1,AMG900,own,0.13,False,0.9065481455455302,-0.02018435441122458,,True,449.73371011489957
source_5,JUMPCPE-20210623-Run01_20210624_003152,1,dexamethasone,own,0.13,False,0.9028050475854936,0.2680277395316705,,True,56.131477827486165
source_5,JUMPCPE-20210623-Run01_20210624_003152,1,FK-866,own,0.13,False,0.8149558133856081,0.2064823901047991,,True,161.49189123710252
source_5,JUMPCPE-20210623-Run01_20210624_003152,1,LY2109761,own,0.13,False,0.9086566592602032,0.3076918216718615,,True,190.76926937719134
source_5,JUMPCPE-20210623-Run01_20210624_003152,1,NVS-PAK1-1,own,0.13,False,0.7563062321557785,0.20968736740589775,,True,192.909692286192
source_5,JUMPCPE-20210623-Run01_20210624_003152,1,quinidine,own,0.13,False,0.6924766917618886,0.31871249298127996,,True,17.14555005068492
source_5,JUMPCPE-20210623-Run01_20210624_003152,1,TC-S-7004,own,0.13,False,0.7405311822886866,0.18729015281031267,,True,214.8431803305675
source_5,JUMPCPE-20210623-Run01_20210624_003152,1,aloxistatin,own,0.13,False,0.6365504634669856,0.20528582189796163,,True,20.446297418525102
source_5,JUMPCPE-20210623-Run02_20210624_225846,2,AMG900,own,1.04,False,0.913260242872709,0.014358468260215756,0.9881116286090724,True,400.8349509621469
source_5,JUMPCPE-20210623-Run02_20210624_225846,2,dexamethasone,own,1.04,False,0.8843912583595239,0.29690026144393705,0.9449272223368541,True,64.03620447184689
source_5,JUMPCPE-20210623-Run02_20210624_225846,2,FK-866,own,1.04,False,0.8260984678482484,0.264800927248008,0.9415402473715425,True,154.26823223966727
source_5,JUMPCPE-20210623-Run02_20210624_225846,2,LY2109761,own,1.04,False,0.9043499958527342,0.3218161433417337,0.9785717854346183,True,190.20247514845965
source_5,JUMPCPE-20210623-Run02_20210624_225846,2,NVS-PAK1-1,own,1.04,False,0.794529056873712,0.2271782741401178,0.9714251746825917,True,173.46636496825707
source_5,JUMPCPE-20210623-Run02_20210624_225846,2,quinidine,own,1.04,False,0.5313231704376211,0.3468537331712341,0.5601705244550046,True,22.832150307416413
source_5,JUMPCPE-20210623-Run02_20210624_225846,2,TC-S-7004,own,1.04,False,0.7679748555918975,0.20479904111695588,0.96075827601108,True,191.87557177140744
source_5,JUMPCPE-20210623-Run02_20210624_225846,2,aloxistatin,own,1.04,False,0.6554128066984791,0.31789045210547223,0.6561583176772159,True,30.10586088759167
source_5,JUMPCPE-20210628-Run02_20210628_170203,3,AMG900,own,0.74,False,0.9152358835490069,0.0033248380055173094,0.9923803544525776,True,401.87251614052724
source_5,JUMPCPE-20210628-Run02_20210628_170203,3,dexamethasone,own,0.74,False,0.9157783762052458,0.28905607651091625,0.9548269481590299,True,59.242815905983996
source_5,JUMPCPE-20210628-Run02_20210628_170203,3,FK-866,own,0.74,False,0.8446449458725944,0.25459496162475476,0.9543773351816252,True,149.80006781135367
source_5,JUMPCPE-20210628-Run02_20210628_170203,3,LY2109761,own,0.74,False,0.9035860005919631,0.321486156179206,0.9794185550978833,True,189.94273805172014
source_5,JUMPCPE-20210628-Run02_20210628_170203,3,NVS-PAK1-1,own,0.74,False,0.7870118513121402,0.22350213745214859,0.9799580357174308,True,181.1253958255017
source_5,JUMPCPE-20210628-Run02_20210628_170203,3,quinidine,own,0.74,False,0.7306062703017882,0.3861581111203653,0.7303779177900033,True,24.797114291126782
source_5,JUMPCPE-20210628-Run02_20210628_170203,3,TC-S-7004,own,0.74,False,0.7580718426388322,0.19078717958144226,0.9765881841055971,True,167.43787465372841
source_5,JUMPCPE-20210628-Run02_20210628_170203,3,aloxistatin,own,0.74,False,0.6344618699350727,0.30078511566065746,0.7116468530251241,False,33.91303124154201
source_5,JUMPCPE-20210628-Run03_20210629_064133,4,AMG900,own,1.13,False,0.9196350636738408,0.0320850788656421,0.9862414789192873,True,411.8789829419823
source_5,JUMPCPE-20210628-Run03_20210629_064133,4,dexamethasone,own,1.13,False,0.9159058570601486,0.25173391070968765,0.9672056804705448,True,56.282357135575054
source_5,JUMPCPE-20210628-Run03_20210629_064133,4,FK-866,own,1.13,False,0.8595094648751338,0.283499497396389,0.9504292680250248,True,170.3335955495396
source_5,JUMPCPE-20210628-Run03_20210629_064133,4,LY2109761,own,1.13,False,0.9090850591901617,0.33385215034215937,0.9679159167199459,True,218.73257264746226
source_5,JUMPCPE-20210628-Run03_20210629_064133,4,NVS-PAK1-1,own,1.13,False,0.8311469715065343,0.27462494302422297,0.9445640500212282,True,188.79243057759192
source_5,JUMPCPE-20210628-Run03_20210629_064133,4,quinidine,own,1.13,False,0.8029939804150314,0.3859008764995435,0.7725749082274478,True,19.09866481778139
source_5,JUMPCPE-20210628-Run03_20210629_064133,4,TC-S-7004,own,1.13,False,0.7766989729122545,0.2625384884933627,0.956042653214443,True,216.36006655295756
source_5,JUMPCPE-20210628-Run03_20210629_064133,4,aloxistatin,own,1.13,False,0.622159550880788,0.251070007665697,0.7277528370394628,True,21.423673652077216
source_5,JUMPCPE-20210702-Run04_20210703_060202,5,AMG900,own,1.29,False,0.9172505484001457,0.023258451657245358,0.9779487234554728,True,365.00029845880283
source_5,JUMPCPE-20210702-Run04_20210703_060202,5,dexamethasone,own,1.29,False,0.9322544144639539,0.30356945881374525,0.9588768032198316,True,47.486698580756006
source_5,JUMPCPE-20210702-Run04_20210703_060202,5,FK-866,own,1.29,False,0.843051623552499,0.2625799905829539,0.951508847255695,True,137.293927876278
source_5,JUMPCPE-20210702-Run04_20210703_060202,5,LY2109761,own,1.29,False,0.9121271287847668,0.3275147496784743,0.9622015256552928,True,183.16838837242585
source_5,JUMPCPE-20210702-Run04_20210703_060202,5,NVS-PAK1-1,own,1.29,False,0.8225834368678765,0.2715905139408143,0.9380146895519508,True,157.5064768851466
source_5,JUMPCPE-20210702-Run04_20210703_060202,5,quinidine,own,1.29,False,0.7018216866250286,0.25267494774865923,0.6925577428932843,True,13.152676364609514
source_5,JUMPCPE-20210702-Run04_20210703_060202,5,TC-S-7004,own,1.29,False,0.7717159924421929,0.24960987639200916,0.9401075687483484,True,147.16664911884826
source_5,JUMPCPE-20210702-Run04_20210703_060202,5,aloxistatin,own,1.29,False,0.591557389547191,0.19833273607222343,0.761160899279713,True,16.239413948536384
source_5,JUMPCPE-20210704-Run05_20210705_025956,6,AMG900,own,1.06,False,0.9246595800088726,0.047544369489041075,0.9698959205329716,True,393.4316702294477
source_5,JUMPCPE-20210704-Run05_20210705_025956,6,dexamethasone,own,1.06,False,0.8972710874330903,0.20428788313153876,0.9505498322535978,True,47.545789651688985
source_5,JUMPCPE-20210704-Run05_20210705_025956,6,FK-866,own,1.06,False,0.8584939275468494,0.25418997110373437,0.9532034230787456,True,152.1461790083284
source_5,JUMPCPE-20210704-Run05_20210705_025956,6,LY2109761,own,1.06,False,0.9109015717360871,0.31064788672329235,0.9802291311382598,True,181.41374820960323
source_5,JUMPCPE-20210704-Run05_20210705_025956,6,NVS-PAK1-1,own,1.06,False,0.8340702411359388,0.2619193337469648,0.9264123090620389,True,134.09922094050265
source_5,JUMPCPE-20210704-Run05_20210705_025956,6,quinidine,own,1.06,False,0.6066036574417597,0.23674962819816228,0.5320253682795381,True,17.67997679652096
source_5,JUMPCPE-20210704-Run05_20210705_025956,6,TC-S-7004,own,1.06,False,0.7448054777911313,0.2662559483901194,0.9637238936532043,True,177.4091457261014
source_5,JUMPCPE-20210704-Run05_20210705_025956,6,aloxistatin,own,1.06,False,0.6128371405864376,0.17467911593361968,0.5554794039918216,True,14.807502420098354
source_5,JUMPCPE-20210706-Run06_20210706_235916,7,AMG900,own,0.86,False,0.9257764195669227,0.022597552058762006,0.9812761727382948,True,416.0935475011967
source_5,JUMPCPE-20210706-Run06_20210706_235916,7,dexamethasone,own,0.86,False,0.878419424671074,0.188192126083057,0.9395854176997752,True,54.02166885967618
source_5,JUMPCPE-20210706-Run06_20210706_235916,7,FK-866,own,0.86,False,0.8534319797678104,0.2260024575107358,0.9667555796299222,True,162.61655294824234
source_5,JUMPCPE-20210706-Run06_20210706_235916,7,LY2109761,own,0.86,False,0.9149436093767768,0.3019429871486827,0.9834733424210995,True,172.10522387687814
source_5,JUMPCPE-20210706-Run06_20210706_235916,7,NVS-PAK1-1,own,0.86,False,0.8152202115852915,0.24996454450429403,0.9641863030745218,True,170.56760904376657
source_5,JUMPCPE-20210706-Run06_20210706_235916,7,quinidine,own,0.86,False,0.7444307938169141,0.3357017894158842,0.7368797754851222,True,23.938153750956843
source_5,JUMPCPE-20210706-Run06_20210706_235916,7,TC-S-7004,own,0.86,False,0.7541839347347118,0.23007194155683064,0.9783158996498676,True,166.13148784068025
source_5,JUMPCPE-20210706-Run06_20210706_235916,7,aloxistatin,own,0.86,False,0.6147282794913242,0.28909295623194914,0.6576309882277567,True,21.879202954932783
source_5,JUMPCPE-20210709-Run07_20210709_230159,8,AMG900,own,0.94,False,0.9222726425782843,0.0073440637889978354,0.9854773338562024,True,395.5714245160869
source_5,JUMPCPE-20210709-Run07_20210709_230159,8,dexamethasone,own,0.94,False,0.9071923029592261,0.2734494325947813,0.968894928054361,True,52.134096078192954
source_5,JUMPCPE-20210709-Run07_20210709_230159,8,FK-866,own,0.94,False,0.8584395921671905,0.22392899957888623,0.9529174142211088,True,140.59243367510837
source_5,JUMPCPE-20210709-Run07_20210709_230159,8,LY2109761,own,0.94,False,0.9076516451863816,0.3011865434875323,0.9815639177581046,True,167.8965084561451
source_5,JUMPCPE-20210709-Run07_20210709_230159,8,NVS-PAK1-1,own,0.94,False,0.8210929657868022,0.2358929349941127,0.9534037100159924,True,151.71238978288733
source_5,JUMPCPE-20210709-Run07_20210709_230159,8,quinidine,own,0.94,False,0.685780038671236,0.31478785085715427,0.6668809624991934,True,21.88087712902046
source_5,JUMPCPE-20210709-Run07_20210709_230159,8,TC-S-7004,own,0.94,False,0.7402386830040988,0.20814420303819106,0.9657348530094684,True,121.08338336975542
source_5,JUMPCPE-20210709-Run07_20210709_230159,8,aloxistatin,own,0.94,False,0.6389217186734145,0.23613251132756022,0.6886773247800938,True,25.99847684458028
source_5,JUMPCPE-20210709-Run08_20210711_195507,9,AMG900,own,0.58,False,0.9196183433001749,0.009616833656826907,0.9900213427479778,True,447.7624047154941
source_5,JUMPCPE-20210709-Run08_20210711_195507,9,dexamethasone,own,0.58,False,0.8400041435373882,0.2679968256030881,0.9449120085188432,True,52.56170218248164
source_5,JUMPCPE-20210709-Run08_20210711_195507,9,FK-866,own,0.58,False,0.8418163518495055,0.2522045485097178,0.9761450501170121,True,159.29684706105348
source_5,JUMPCPE-20210709-Run08_20210711_195507,9,LY2109761,own,0.58,False,0.8921734741686127,0.29731504781873086,0.987348496373032,True,167.1404818264114
source_5,JUMPCPE-20210709-Run08_20210711_195507,9,NVS-PAK1-1,own,0.58,False,0.7921941183953907,0.21013938887170483,0.9831986307772775,True,191.5604287697598
source_5,JUMPCPE-20210709-Run08_20210711_195507,9,quinidine,own,0.58,False,0.518410011708177,0.26500445281611906,0.5626894898105355,False,23.301136754442673
source_5,JUMPCPE-20210709-Run08_20210711_195507,9,TC-S-7004,own,0.58,False,0.6880218742174107,0.1906419339713991,0.979128652071926,True,139.4878986316944
source_5,JUMPCPE-20210709-Run08_20210711_195507,9,aloxistatin,own,0.58,False,0.6955577795620221,0.3057381978246631,0.7031969565896361,True,27.31555498417878
source_5,JUMPCPE-20210712-Run09_20210713_003159,10,AMG900,own,0.88,False,0.9266483025540044,0.03026275674626751,0.9788193944094623,True,397.48150083258554
source_5,JUMPCPE-20210712-Run09_20210713_003159,10,dexamethasone,own,0.88,False,0.9052839863377071,0.301458237976921,0.9450616701488282,True,54.023059070369676
source_5,JUMPCPE-20210712-Run09_20210713_003159,10,FK-866,own,0.88,False,0.8466360561655336,0.2777431678265248,0.9643843438740093,True,147.25547865031317
source_5,JUMPCPE-20210712-Run09_20210713_003159,10,LY2109761,own,0.88,False,0.9123584537635459,0.32860262237302656,0.9768015711379712,True,167.20507400600232
source_5,JUMPCPE-20210712-Run09_20210713_003159,10,NVS-PAK1-1,own,0.88,False,0.8153822155265759,0.2504532210020128,0.9641931742469746,True,174.09278457384977
source_5,JUMPCPE-20210712-Run09_20210713_003159,10,quinidine,own,0.88,False,0.6468665663363427,0.3833457078856077,0.6372120812659778,True,22.600300857617448
source_5,JUMPCPE-20210712-Run09_20210713_003159,10,TC-S-7004,own,0.88,False,0.7444529258299042,0.22079621093900542,0.9595163225372952,True,123.20625613591498
source_5,JUMPCPE-20210712-Run09_20210713_003159,10,aloxistatin,own,0.88,False,0.6585262277216883,0.3162837284437979,0.625338167724927,True,25.882748387769748
source_5,JUMPCPE-20210715-Run10_20210715_223420,11,AMG900,own,0.77,False,0.9239254107332435,0.01010658785938584,0.9869119985798578,True,409.2240475333693
source_5,JUMPCPE-20210715-Run10_20210715_223420,11,dexamethasone,own,0.77,False,0.9109705297421187,0.27777834381930444,0.9712222450012851,True,52.23944463533079
source_5,JUMPCPE-20210715-Run10_20210715_223420,11,FK-866,own,0.77,False,0.8506130610659702,0.20577202459323995,0.9576342265827671,True,152.21525274550265
source_5,JUMPCPE-20210715-Run10_20210715_223420,11,LY2109761,own,0.77,False,0.8998883118659441,0.3180564122549431,0.985489071571971,True,171.5336724569896
source_5,JUMPCPE-20210715-Run10_20210715_223420,11,NVS-PAK1-1,own,0.77,False,0.8252537204348761,0.242143969305781,0.9595298711172231,True,160.4407622059712
source_5,JUMPCPE-20210715-Run10_20210715_223420,11,quinidine,own,0.77,False,0.7365519040376696,0.41051461522218125,0.7821676653724965,True,22.020225827204438
source_5,JUMPCPE-20210715-Run10_20210715_223420,11,TC-S-7004,own,0.77,False,0.6884571640933526,0.1899110862416002,0.935879908118202,True,80.13879540740588
source_5,JUMPCPE-20210715-Run10_20210715_223420,11,aloxistatin,own,0.77,False,0.664662414676345,0.35896544008771947,0.6961323301911896,True,24.946444579016042
source_5,JUMPCPE-20210716-Run11_20210717_192647,12,AMG900,own,1.07,False,0.9219531375135535,0.023088840611804794,0.9802553461151526,True,416.072680272922
source_5,JUMPCPE-20210716-Run11_20210717_192647,12,dexamethasone,own,1.07,False,0.9018042656410707,0.1768300203147419,0.9576453012365391,True,53.28331802542433
source_5,JUMPCPE-20210716-Run11_20210717_192647,12,FK-866,own,1.07,False,0.8504026037557135,0.21213772493302735,0.9428227108238583,True,163.9226751439493
source_5,JUMPCPE-20210716-Run11_20210717_192647,12,LY2109761,own,1.07,False,0.9022023384005753,0.29353824524815314,0.9855950510223669,True,186.88886494814403
source_5,JUMPCPE-20210716-Run11_20210717_192647,12,NVS-PAK1-1,own,1.07,False,0.8020484280684911,0.2711706482510131,0.9293736040397245,True,167.583098105714
source_5,JUMPCPE-20210716-Run11_20210717_192647,12,quinidine,own,1.07,False,0.6318831503847546,0.24455491021020745,0.5826641647402778,True,18.55086069402411
source_5,JUMPCPE-20210716-Run11_20210717_192647,12,TC-S-7004,own,1.07,False,0.709724001506169,0.22565478046537515,0.9623852713396108,True,141.35113492897185
source_5,JUMPCPE-20210716-Run11_20210717_192647,12,aloxistatin,own,1.07,False,0.6022982024429625,0.11899994508636029,0.7443086004335533,True,12.97575154562818
source_5,JUMPCPE-20210716-Run12_20210719_162047,13,AMG900,own,0.94,False,0.9205599655927146,0.003531322928906459,0.985860330228823,True,432.1146054436382
source_5,JUMPCPE-20210716-Run12_20210719_162047,13,dexamethasone,own,0.94,False,0.9046870641447384,0.17889897866061952,0.9509508574965206,True,52.48123133338523
source_5,JUMPCPE-20210716-Run12_20210719_162047,13,FK-866,own,0.94,False,0.849945746894166,0.2524274172096787,0.9460572463528789,True,160.2861744010878
source_5,JUMPCPE-20210716-Run12_20210719_162047,13,LY2109761,own,0.94,False,0.8937367961879017,0.31197764471029005,0.9867509796301546,True,188.78218453819633
source_5,JUMPCPE-20210716-Run12_20210719_162047,13,NVS-PAK1-1,own,0.94,False,0.8011785187350493,0.2580609177456573,0.9624473036167452,True,185.12123087725263
source_5,JUMPCPE-20210716-Run12_20210719_162047,13,quinidine,own,0.94,False,0.7207387542284305,0.3064171380415016,0.7660721221909326,True,19.387030590079753
source_5,JUMPCPE-20210716-Run12_20210719_162047,13,TC-S-7004,own,0.94,False,0.6839558720595743,0.19790809344742016,0.9542097192333296,True,110.71733116683917
source_5,JUMPCPE-20210716-Run12_20210719_162047,13,aloxistatin,own,0.94,False,0.6327451541972038,0.20426423746335653,0.834213650703398,True,20.441716736123727
source_5,JUMPCPE-20210719-Run13_20210721_131445,14,AMG900,own,1.15,False,0.9230723985644005,0.013077938173189266,0.9881599907478845,True,424.4557867123293
source_5,JUMPCPE-20210719-Run13_20210721_131445,14,dexamethasone,own,1.15,False,0.8964594794439278,0.22015051761809554,0.9485612973896489,True,55.774528053220564
source_5,JUMPCPE-20210719-Run13_20210721_131445,14,FK-866,own,1.15,False,0.8476629853305844,0.21251533766665512,0.9553095793831399,True,153.25070163137113
source_5,JUMPCPE-20210719-Run13_20210721_131445,14,LY2109761,own,1.15,False,0.9012435621807191,0.29868843724604954,0.9839368360967153,True,189.25899479693922
source_5,JUMPCPE-20210719-Run13_20210721_131445,14,NVS-PAK1-1,own,1.15,False,0.8024760424951761,0.2742688935831043,0.9445725702104365,True,163.12681802132528
source_5,JUMPCPE-20210719-Run13_20210721_131445,14,quinidine,own,1.15,False,0.760008076673277,0.3648843017324674,0.7698927385620162,True,20.738566324661647
source_5,JUMPCPE-20210719-Run13_20210721_131445,14,TC-S-7004,own,1.15,False,0.6984259967638728,0.1793326771468064,0.9293852068207411,True,88.27643388503327
source_5,JUMPCPE-20210719-Run13_20210721_131445,14,aloxistatin,own,1.15,False,0.6325530114923111,0.29611134274232276,0.7599265377120636,True,19.89236668051224
source_5,JUMPCPE-20210730-Run14_20210731_000211,15,AMG900,own,0.9,False,0.9198877484834254,0.03266112958784117,0.9777782547062255,True,408.46222717524614
source_5,JUMPCPE-20210730-Run14_20210731_000211,15,dexamethasone,own,0.9,False,0.9231158668817653,0.26147191503010286,0.9699275545863207,True,53.85176287054606
source_5,JUMPCPE-20210730-Run14_20210731_000211,15,FK-866,own,0.9,False,0.8449504843436768,0.22927203060181653,0.9424070504951034,True,157.71465612870787
source_5,JUMPCPE-20210730-Run14_20210731_000211,15,LY2109761,own,0.9,False,0.8909961556279422,0.2960540374107529,0.9827011749742569,True,172.83490415554735
source_5,JUMPCPE-20210730-Run14_20210731_000211,15,NVS-PAK1-1,own,0.9,False,0.7937684062720101,0.2559627769457668,0.9511074082692306,True,172.90251098119
source_5,JUMPCPE-20210730-Run14_20210731_000211,15,quinidine,own,0.9,False,0.7249729474956852,0.3333314021592249,0.7182320505285411,True,23.003518453572088
source_5,JUMPCPE-20210730-Run14_20210731_000211,15,TC-S-7004,own,0.9,False,0.7128805007445056,0.22973246445509463,0.968792275476501,True,144.92038942203777
source_5,JUMPCPE-20210730-Run14_20210731_000211,15,aloxistatin,own,0.9,False,0.6699051312303081,0.3072299256449437,0.7236869784486044,True,19.475113527077298
source_5,JUMPCPE-20210730-Run15_20210801_205335,16,AMG900,own,1.36,False,0.9202550168480828,0.047416351692750984,0.9746491762058987,True,397.1640353333457
source_5,JUMPCPE-20210730-Run15_20210801_205335,16,dexamethasone,own,1.36,False,0.9196421813821614,0.26143700870519876,0.9521896824184153,True,59.634626829782654
source_5,JUMPCPE-20210730-Run15_20210801_205335,16,FK-866,own,1.36,False,0.814738289801364,0.3320053299604446,0.8978732524938319,True,162.18005943405336
source_5,JUMPCPE-20210730-Run15_20210801_205335,16,LY2109761,own,1.36,False,0.8762056320151381,0.3356230566994762,0.9576403836805008,True,197.60028592225774
source_5,JUMPCPE-20210730-Run15_20210801_205335,16,NVS-PAK1-1,own,1.36,False,0.8092264343847567,0.30044829895347747,0.9115195097755233,True,185.97292944540183
source_5,JUMPCPE-20210730-Run15_20210801_205335,16,quinidine,own,1.36,False,0.7184596128647248,0.40662973270471336,0.7309305607441243,True,29.530381777397942
source_5,JUMPCPE-20210730-Run15_20210801_205335,16,TC-S-7004,own,1.36,False,0.7695639731464394,0.24252006009615526,0.9271920803968249,True,146.28388007443985
source_5,JUMPCPE-20210730-Run15_20210801_205335,16,aloxistatin,own,1.36,False,0.6362576604777976,0.30589392597443726,0.6913947540343095,True,32.56344905855984
source_5,JUMPCPE-20210730-Run16_20210803_174908,17,AMG900,own,1.21,False,0.911519706000334,0.004452106214835298,0.9872723042866336,True,408.1475173515128
source_5,JUMPCPE-20210730-Run16_20210803_174908,17,dexamethasone,own,1.21,False,0.8964569076200943,0.21012136604074463,0.9549497987142966,True,52.60901241009037
source_5,JUMPCPE-20210730-Run16_20210803_174908,17,FK-866,own,1.21,False,0.8423222063527461,0.20385838588519722,0.936319890928681,True,150.08786793893026
source_5,JUMPCPE-20210730-Run16_20210803_174908,17,LY2109761,own,1.21,False,0.8880302427961007,0.2925625885930917,0.9825666878698611,True,169.23166041626178
source_5,JUMPCPE-20210730-Run16_20210803_174908,17,NVS-PAK1-1,own,1.21,False,0.7939806194402637,0.24448424257824655,0.9556791579427226,True,166.51675921760219
source_5,JUMPCPE-20210730-Run16_20210803_174908,17,quinidine,own,1.21,False,0.6736763233026756,0.3277969561027456,0.6852621724877859,True,20.108283175511488
source_5,JUMPCPE-20210730-Run16_20210803_174908,17,TC-S-7004,own,1.21,False,0.6993665458004366,0.18086239265351206,0.9620676413747125,True,109.08994029617648
source_5,JUMPCPE-20210730-Run16_20210803_174908,17,aloxistatin,own,1.21,False,0.6757996794455827,0.24300179434407773,0.7282016101397805,True,19.631302366486825
source_5,JUMPCPE-20210806-Run17_20210807_000211,18,AMG900,own,1.56,False,0.9039893127534113,0.06119435202261803,0.940432974424919,True,374.2895646392594
source_5,JUMPCPE-20210806-Run17_20210807_000211,18,dexamethasone,own,1.56,False,0.8749103452509839,0.13606064411622015,0.9050642029811914,True,48.297578073740176
source_5,JUMPCPE-20210806-Run17_20210807_000211,18,FK-866,own,1.56,False,0.8420948156250078,0.251109871298726,0.9028043965745348,True,161.05776758528552
source_5,JUMPCPE-20210806-Run17_20210807_000211,18,LY2109761,own,1.56,False,0.8906221503549234,0.2969313206513112,0.9627605268492261,True,179.25575150231606
source_5,JUMPCPE-20210806-Run17_20210807_000211,18,NVS-PAK1-1,own,1.56,False,0.8039885215097705,0.26921852626459447,0.8899100661887143,True,159.68463792056428
source_5,JUMPCPE-20210806-Run17_20210807_000211,18,quinidine,own,1.56,False,0.6922113603741628,0.24974617837051574,0.632248364167164,True,18.606953133747844
source_5,JUMPCPE-20210806-Run17_20210807_000211,18,TC-S-7004,own,1.56,False,0.651435432988975,0.27114775361130333,0.9010991319968208,True,86.09585278197177
source_5,JUMPCPE-20210806-Run17_20210807_000211,18,aloxistatin,own,1.56,False,0.6644605177048117,0.09977991295052886,0.6815129082102438,True,17.284486905763544
source_5,JUMPCPE-20210806-Run18_20210808_210526,19,AMG900,own,1.49,False,0.9148689604228015,0.026337087793468227,0.9767870627176132,True,383.9477378825901
source_5,JUMPCPE-20210806-Run18_20210808_210526,19,dexamethasone,own,1.49,False,0.8870793285251173,0.2428242698387692,0.9339140765887408,True,57.15542582766587
source_5,JUMPCPE-20210806-Run18_20210808_210526,19,FK-866,own,1.49,False,0.831495349723726,0.29986930339330636,0.9171024575191942,True,158.85158656090536
source_5,JUMPCPE-20210806-Run18_20210808_210526,19,LY2109761,own,1.49,False,0.8786889776662266,0.3212966629196733,0.9548919417358027,True,175.10239921311185
source_5,JUMPCPE-20210806-Run18_20210808_210526,19,NVS-PAK1-1,own,1.49,False,0.8033598029661815,0.2398795809797856,0.9442986460649849,True,168.91423413989813
source_5,JUMPCPE-20210806-Run18_20210808_210526,19,quinidine,own,1.49,False,0.560916394208482,0.327733477703518,0.5479672544410361,False,28.164970547248856
source_5,JUMPCPE-20210806-Run18_20210808_210526,19,TC-S-7004,own,1.49,False,0.6837400647898791,0.1954493984062274,0.8828957648895017,True,83.73750121141796
source_5,JUMPCPE-20210806-Run18_20210808_210526,19,aloxistatin,own,1.49,False,0.613542853068421,0.2017925026959841,0.6728746780562058,True,19.97313250282519
source_5,JUMPCPE-20210811-Run18_20210811_182136,20,AMG900,own,1.37,False,0.9164347155033485,0.028019764819898336,0.9775986983531875,True,392.28312078324836
source_5,JUMPCPE-20210811-Run18_20210811_182136,20,dexamethasone,own,1.37,False,0.841132760589362,0.14208673089994361,0.9123945683026565,True,51.149334843165526
source_5,JUMPCPE-20210811-Run18_20210811_182136,20,FK-866,own,1.37,False,0.8202800492344988,0.282105710083544,0.9086315323862264,True,160.02423285526712
source_5,JUMPCPE-20210811-Run18_20210811_182136,20,LY2109761,own,1.37,False,0.8642745577944109,0.30909530233025523,0.9455467126288142,True,164.08245427663115
source_5,JUMPCPE-20210811-Run18_20210811_182136,20,NVS-PAK1-1,own,1.37,False,0.8295235281262329,0.2453279659495458,0.9411608470846018,True,155.42389529697934
source_5,JUMPCPE-20210811-Run18_20210811_182136,20,quinidine,own,1.37,False,0.6304778812954639,0.3133932971495866,0.6938632499885179,True,21.919630822038734
source_5,JUMPCPE-20210811-Run18_20210811_182136,20,TC-S-7004,own,1.37,False,0.6747281294328176,0.20365652525259428,0.845780188415504,True,63.03709124740329
source_5,JUMPCPE-20210811-Run18_20210811_182136,20,aloxistatin,own,1.37,False,0.5105599906275222,0.14992737974413675,0.7338114232187655,True,25.551112602417334
source_5,JUMPCPE-20210812-Run20_20210815_062625,21,AMG900,own,1.15,False,0.9194598748368324,0.03486514039193002,0.977926977198144,True,399.8526017601969
source_5,JUMPCPE-20210812-Run20_20210815_062625,21,dexamethasone,own,1.15,False,0.9125501653275638,0.2307997865113681,0.9420660159752903,True,55.44715086768796
source_5,JUMPCPE-20210812-Run20_20210815_062625,21,FK-866,own,1.15,False,0.8681901898072361,0.24530566733109552,0.9302715189690758,True,157.45373580805952
source_5,JUMPCPE-20210812-Run20_20210815_062625,21,LY2109761,own,1.15,False,0.868362774169805,0.3038044067331071,0.9684699478957719,True,158.30445411921764
source_5,JUMPCPE-20210812-Run20_20210815_062625,21,NVS-PAK1-1,own,1.15,False,0.7878790949482739,0.256698344813486,0.9321286857244642,True,153.27242643619905
source_5,JUMPCPE-20210812-Run20_20210815_062625,21,quinidine,own,1.15,False,0.7318359246492621,0.37420280384206533,0.7478428665373311,True,22.68105915939277
source_5,JUMPCPE-20210812-Run20_20210815_062625,21,TC-S-7004,own,1.15,False,0.5254271373432831,0.23546082410512387,0.6796212035442466,False,40.655512264224555
source_5,JUMPCPE-20210812-Run20_20210815_062625,21,aloxistatin,own,1.15,False,0.6269149890364224,0.2814694508176539,0.7783353305114924,False,27.280673523069986
source_5,JUMPCPE-20210813-Run21_20210817_031500,22,AMG900,own,1.18,False,0.9221558324643945,0.03544760319442537,0.9726810903091286,True,401.9176243561468
source_5,JUMPCPE-20210813-Run21_20210817_031500,22,dexamethasone,own,1.18,False,0.8913478937195722,0.272000519582211,0.9357643410387497,True,59.33406944094043
source_5,JUMPCPE-20210813-Run21_20210817_031500,22,FK-866,own,1.18,False,0.8438688877285893,0.2751009871922593,0.9142303321372437,True,154.55094140158965
source_5,JUMPCPE-20210813-Run21_20210817_031500,22,LY2109761,own,1.18,False,0.8806741466489681,0.3149452744667577,0.970557167553225,True,177.04876376046846
source_5,JUMPCPE-20210813-Run21_20210817_031500,22,NVS-PAK1-1,own,1.18,False,0.8127469807027191,0.28172492782399394,0.9084108611025948,True,156.11123982562827
source_5,JUMPCPE-20210813-Run21_20210817_031500,22,quinidine,own,1.18,False,0.7384108881628058,0.39405084768515053,0.7649373763625211,True,27.984386332059305
source_5,JUMPCPE-20210813-Run21_20210817_031500,22,TC-S-7004,own,1.18,False,0.5416638704707522,0.3129330672989002,0.6215405467385056,False,50.005723785594824
source_5,JUMPCPE-20210813-Run21_20210817_031500,22,aloxistatin,own,1.18,False,0.5696580288864774,0.2920543569161422,0.7577006407041857,False,36.6281659417356
source_5,JUMPCPE-20210820-Run22_20210821_180957,23,AMG900,own,0.95,False,0.9212657519536479,0.035978279932566255,0.9787770702564172,True,411.55352177967336
source_5,JUMPCPE-20210820-Run22_20210821_180957,23,dexamethasone,own,0.95,False,0.9067199998622922,0.19248698025440794,0.9429722632086871,True,56.69398221519952
source_5,JUMPCPE-20210820-Run22_20210821_180957,23,FK-866,own,0.95,False,0.8447368673805304,0.26933768299096167,0.9511501061850391,True,155.5914641127571
source_5,JUMPCPE-20210820-Run22_20210821_180957,23,LY2109761,own,0.95,False,0.8759005939873685,0.2947874024401211,0.9803472526605055,True,172.60360716756983
source_5,JUMPCPE-20210820-Run22_20210821_180957,23,NVS-PAK1-1,own,0.95,False,0.7732990619949878,0.2744399151227496,0.9485592417233651,True,176.60829746768792
source_5,JUMPCPE-20210820-Run22_20210821_180957,23,quinidine,own,0.95,False,0.7788878766433799,0.3232799548982629,0.7582835472760409,True,21.935747669109766
source_5,JUMPCPE-20210820-Run22_20210821_180957,23,TC-S-7004,own,0.95,False,0.5531280562661733,0.21413886925621867,0.8056646895931135,False,60.3074450168007
source_5,JUMPCPE-20210820-Run22_20210821_180957,23,aloxistatin,own,0.95,False,0.6087211425152841,0.21237649188769644,0.7979462556282966,True,17.700657841471546
source_5,JUMPCPE-20210820-Run23_20210823_145853,24,AMG900,own,1.12,False,0.9223434948593223,0.023241152791580327,0.9774006922840672,True,397.46505068322807
source_5,JUMPCPE-20210820-Run23_20210823_145853,24,dexamethasone,own,1.12,False,0.8669899560100501,0.27306780144952697,0.9355396717611117,True,54.00829484941268
source_5,JUMPCPE-20210820-Run23_20210823_145853,24,FK-866,own,1.12,False,0.8492451691347414,0.24999387243521784,0.9295344981308712,True,151.9826376431717
source_5,JUMPCPE-20210820-Run23_20210823_145853,24,LY2109761,own,1.12,False,0.8897023599270081,0.2957874662743559,0.9756096836196291,True,160.13553149165975
source_5,JUMPCPE-20210820-Run23_20210823_145853,24,NVS-PAK1-1,own,1.12,False,0.7990645186619144,0.27893634354390223,0.9183573452670918,True,155.55812249022318
source_5,JUMPCPE-20210820-Run23_20210823_145853,24,quinidine,own,1.12,False,0.7234418642650813,0.39868980281347816,0.7505470248383308,True,30.9167297555901
source_5,JUMPCPE-20210820-Run23_20210823_145853,24,TC-S-7004,own,1.12,False,0.5275740367851158,0.24830355813676097,0.6133591568181419,True,60.4667290583883
source_5,JUMPCPE-20210820-Run23_20210823_145853,24,aloxistatin,own,1.12,False,0.6018166638788709,0.3134037327890679,0.7686058915344768,True,34.766855944099134
source_5,JUMPCPE-20210902-Run26_20210903_010341,25,AMG900,own,1.25,False,0.9173713104394708,0.033586776375939535,0.9656916017669396,True,392.25759369735067
source_5,JUMPCPE-20210902-Run26_20210903_010341,25,dexamethasone,own,1.25,False,0.8698445888243329,0.15828127527586325,0.9112734035669405,True,47.79933739208432
source_5,JUMPCPE-20210902-Run26_20210903_010341,25,FK-866,own,1.25,False,0.8321028658766392,0.24882004347637182,0.9664034008659008,True,148.77717506378755
source_5,JUMPCPE-20210902-Run26_20210903_010341,25,LY2109761,own,1.25,False,0.8977635392735102,0.2936001437783184,0.966856768692029,True,165.96226276397687
source_5,JUMPCPE-20210902-Run26_20210903_010341,25,NVS-PAK1-1,own,1.25,False,0.8187410553546378,0.22109117046510893,0.9376718456359836,True,157.84331935763575
source_5,JUMPCPE-20210902-Run26_20210903_010341,25,quinidine,own,1.25,False,0.6281558569765373,0.2980724868090206,0.5650738307501543,True,20.66071037975765
source_5,JUMPCPE-20210902-Run26_20210903_010341,25,TC-S-7004,own,1.25,False,0.5896345170708656,0.21013694896825102,0.8109538600721113,False,58.75825963639298
source_5,JUMPCPE-20210902-Run26_20210903_010341,25,aloxistatin,own,1.25,False,0.38192350066574243,-0.0064057232707638145,0.5403168392398405,True,14.524363039938393
source_5,JUMPCPE-20210903-Run27_20210904_215148,26,AMG900,own,1.33,False,0.9171341989786623,0.020942785514313757,0.9675707988999536,True,392.78162590349746
source_5,JUMPCPE-20210903-Run27_20210904_215148,26,dexamethasone,own,1.33,False,0.8524078726774947,0.0896337703486477,0.8797677183527638,True,50.84521706375788
source_5,JUMPCPE-20210903-Run27_20210904_215148,26,FK-866,own,1.33,False,0.8546669287480854,0.23438638819060995,0.9333555465915574,True,152.37329130612707
source_5,JUMPCPE-20210903-Run27_20210904_215148,26,LY2109761,own,1.33,False,0.9180052926736346,0.27311328845793437,0.970720389677772,True,166.38831650364065
source_5,JUMPCPE-20210903-Run27_20210904_215148,26,NVS-PAK1-1,own,1.33,False,0.8321394450042201,0.24673443480119242,0.8933785400938543,True,142.20814724696245
source_5,JUMPCPE-20210903-Run27_20210904_215148,26,quinidine,own,1.33,False,0.5641669191000312,0.23149684195734047,0.5107270472924397,True,17.064468985593635
source_5,JUMPCPE-20210903-Run27_20210904_215148,26,TC-S-7004,own,1.33,False,0.5879664588670945,0.1869433076219598,0.7437635890628999,True,64.7116689896971
source_5,JUMPCPE-20210903-Run27_20210904_215148,26,aloxistatin,own,1.33,False,0.5212066427313762,0.047363717862137125,0.6191153830180094,True,13.426300916738002
source_5,JUMPCPE-20210908-Run28_20210909_072022,27,AMG900,own,0.89,False,0.9241085912554895,0.027558482797371452,0.9784414387149927,True,420.0447856273581
source_5,JUMPCPE-20210908-Run28_20210909_072022,27,dexamethasone,own,0.89,False,0.9022309993469514,0.18164656504488993,0.9373688647100915,True,55.018329781704246
source_5,JUMPCPE-20210908-Run28_20210909_072022,27,FK-866,own,0.89,False,0.8297548438748295,0.24127411619001018,0.9659289594505189,True,174.45765497542865
source_5,JUMPCPE-20210908-Run28_20210909_072022,27,LY2109761,own,0.89,False,0.8938132827410236,0.28656847872635627,0.9766297555411949,True,160.9260329863625
source_5,JUMPCPE-20210908-Run28_20210909_072022,27,NVS-PAK1-1,own,0.89,False,0.7937715202041988,0.23274378019224318,0.9632701773023871,True,170.388297207351
source_5,JUMPCPE-20210908-Run28_20210909_072022,27,quinidine,own,0.89,False,0.7269132798245003,0.25515260619939045,0.6435856845577574,True,18.21311228528493
source_5,JUMPCPE-20210908-Run28_20210909_072022,27,TC-S-7004,own,0.89,False,0.5806430428470357,0.1473401165706085,0.8673974808666832,True,62.424903378021924
source_5,JUMPCPE-20210908-Run28_20210909_072022,27,aloxistatin,own,0.89,False,0.5077036914613535,0.14852903384638924,0.774897083631646,True,20.169813862177914
source_5,JUMPCPE-20210909-Run29_20210910_234236,28,AMG900,own,1.03,False,0.9215489742212037,0.013108706958817067,0.9809525201499268,True,392.341833616683
source_5,JUMPCPE-20210909-Run29_20210910_234236,28,dexamethasone,own,1.03,False,0.8774371441787969,0.13571905258774047,0.8874246940232748,True,57.00705175607644
source_5,JUMPCPE-20210909-Run29_20210910_234236,28,FK-866,own,1.03,False,0.8531592084512901,0.2558605929728859,0.9474405113991916,True,153.71602770154155
source_5,JUMPCPE-20210909-Run29_20210910_234236,28,LY2109761,own,1.03,False,0.9016561512003406,0.30941877330863427,0.9846847919714404,True,168.78265089742476
source_5,JUMPCPE-20210909-Run29_20210910_234236,28,NVS-PAK1-1,own,1.03,False,0.8055559001593647,0.2518831868459867,0.9521395034893861,True,152.15652247709474
source_5,JUMPCPE-20210909-Run29_20210910_234236,28,quinidine,own,1.03,False,0.840793338132904,0.33800462941604675,0.7459453496966151,True,19.97659550053246
source_5,JUMPCPE-20210909-Run29_20210910_234236,28,TC-S-7004,own,1.03,False,0.7150763502488766,0.21623891754809615,0.9640259494964689,True,97.33654639298564
source_5,JUMPCPE-20210909-Run29_20210910_234236,28,aloxistatin,own,1.03,False,0.34959790733627827,0.09822297681391785,0.6660334665752374,False,28.511097578914075
source_5,JUMPCPE-20210910-Run30_20210912_203428,29,AMG900,own,1.58,False,0.9128720636179042,0.03891773868224661,0.9567698193041578,True,365.76745783856353
source_5,JUMPCPE-20210910-Run30_20210912_203428,29,dexamethasone,own,1.58,False,0.8820371042040075,0.14373170973616048,0.8977991259090381,True,50.01038234785972
source_5,JUMPCPE-20210910-Run30_20210912_203428,29,FK-866,own,1.58,False,0.8463078384595955,0.2390217393270707,0.9052293711681739,True,158.2652038007999
source_5,JUMPCPE-20210910-Run30_20210912_203428,29,LY2109761,own,1.58,False,0.9033891458927918,0.2842926787265031,0.9707848986209725,True,157.51210880805516
source_5,JUMPCPE-20210910-Run30_20210912_203428,29,NVS-PAK1-1,own,1.58,False,0.8250687685056658,0.2763817696681577,0.8661874730285634,True,138.37197129192143
source_5,JUMPCPE-20210910-Run30_20210912_203428,29,quinidine,own,1.58,False,0.7871076340624789,0.3393783639350629,0.7231701851236536,True,21.246657017350163
source_5,JUMPCPE-20210910-Run30_20210912_203428,29,TC-S-7004,own,1.58,False,0.6652674987237923,0.20480214851987905,0.8842020615747891,True,68.2698927527916
source_5,JUMPCPE-20210910-Run30_20210912_203428,29,aloxistatin,own,1.58,False,0.2883733105849943,0.05324285694304781,0.550074989575316,False,20.933786101419237
source_5,JUMPCPE-20211001-Run33_20211001_152017,30,AMG900,own,1.82,False,0.918177320080698,0.047285316725615124,0.9487835795682018,True,375.0371402909182
source_5,JUMPCPE-20211001-Run33_20211001_152017,30,dexamethasone,own,1.82,False,0.8868094485128696,0.15482787431426331,0.9041047408603625,True,65.04190389145523
source_5,JUMPCPE-20211001-Run33_20211001_152017,30,FK-866,own,1.82,False,0.8550285546084908,0.2613479758556021,0.8956157058264897,True,161.87936171542745
source_5,JUMPCPE-20211001-Run33_20211001_152017,30,LY2109761,own,1.82,False,0.8972948434019499,0.3327778875872512,0.9358335196935663,True,218.47007569472586
source_5,JUMPCPE-20211001-Run33_20211001_152017,30,NVS-PAK1-1,own,1.82,False,0.8222876352554723,0.28431439875031045,0.8751803833701111,True,154.6537394380158
source_5,JUMPCPE-20211001-Run33_20211001_152017,30,quinidine,own,1.82,False,0.7322378175027924,0.33174948775045315,0.7391603020999913,True,34.950841189711554
source_5,JUMPCPE-20211001-Run33_20211001_152017,30,TC-S-7004,own,1.82,False,0.48582241381470354,0.3285898144998155,0.6311765159926741,True,47.95464910219397
source_5,JUMPCPE-20211001-Run33_20211001_152017,30,aloxistatin,own,1.82,False,0.6322417887626398,0.22025092123245432,0.7351254727965851,True,32.559578302982636
source_5,JUMPCPE-20211001-Run34_20211003_121618,31,AMG900,own,1.3,False,0.9089292296754488,0.037282855644411264,0.9632496900832659,True,382.6329663923115
source_5,JUMPCPE-20211001-Run34_20211003_121618,31,dexamethasone,own,1.3,False,0.9073631461555172,0.2219158499644839,0.9479732622845936,True,61.72172317957135
source_5,JUMPCPE-20211001-Run34_20211003_121618,31,FK-866,own,1.3,False,0.844002224900723,0.23395001582350075,0.9347664160776872,True,149.3165549131002
source_5,JUMPCPE-20211001-Run34_20211003_121618,31,LY2109761,own,1.3,False,0.8872316908673481,0.30900849297150623,0.9707706322713623,True,197.19273743907206
source_5,JUMPCPE-20211001-Run34_20211003_121618,31,NVS-PAK1-1,own,1.3,False,0.794445139255561,0.2335438605098483,0.9496044367257783,True,185.33797449168344
source_5,JUMPCPE-20211001-Run34_20211003_121618,31,quinidine,own,1.3,False,0.7728317772582423,0.3225962946339155,0.7376920002067232,True,40.325917219109776
source_5,JUMPCPE-20211001-Run34_20211003_121618,31,TC-S-7004,own,1.3,False,0.3684007139843103,0.25952509909533167,0.48543484346833343,False,41.08979493092405
source_5,JUMPCPE-20211001-Run34_20211003_121618,31,aloxistatin,own,1.3,False,0.6761632646845669,0.28103178767505926,0.7628999538041701,False,30.450270062841216
source_5,JUMPCPE-20211007-Run35_20211007_235529,32,AMG900,own,1.31,False,0.9146046404002122,0.026355586861476488,0.973989775955706,True,403.6431175306669
source_5,JUMPCPE-20211007-Run35_20211007_235529,32,dexamethasone,own,1.31,False,0.8984688799482956,0.22029443551610164,0.9408429288834442,True,61.606303708199476
source_5,JUMPCPE-20211007-Run35_20211007_235529,32,FK-866,own,1.31,False,0.8433075745055945,0.21523755221051305,0.9499554785234229,True,145.03844943370237
source_5,JUMPCPE-20211007-Run35_20211007_235529,32,LY2109761,own,1.31,False,0.8761262654679016,0.319264110499251,0.9552162957036873,True,183.1933911677421
source_5,JUMPCPE-20211007-Run35_20211007_235529,32,NVS-PAK1-1,own,1.31,False,0.7718887674171893,0.18852480693333581,0.9568811899763505,True,189.44161087420852
source_5,JUMPCPE-20211007-Run35_20211007_235529,32,quinidine,own,1.31,False,0.7682399987129431,0.3207987787917432,0.7277988779610094,True,29.032080941597535
source_5,JUMPCPE-20211007-Run35_20211007_235529,32,TC-S-7004,own,1.31,False,0.29435018572187,0.29423169962362566,0.42469901788852504,False,33.16975252382883
source_5,JUMPCPE-20211007-Run35_20211007_235529,32,aloxistatin,own,1.31,False,0.6732923587446129,0.25191281737944443,0.7963795103022064,True,35.345558514856805
source_5,JUMPCPE-20211014-Run36_20211014_223431,33,AMG900,own,1.29,False,0.9189686276704698,0.010665595089054463,0.9744539514680015,True,412.54147676486514
source_5,JUMPCPE-20211014-Run36_20211014_223431,33,dexamethasone,own,1.29,False,0.9103532855018726,0.2237848074398431,0.9479543257241564,True,61.409675975181656
source_5,JUMPCPE-20211014-Run36_20211014_223431,33,FK-866,own,1.29,False,0.8405804344291063,0.20561566061406536,0.9525388752507378,True,145.08587893572195
source_5,JUMPCPE-20211014-Run36_20211014_223431,33,LY2109761,own,1.29,False,0.9019251418713495,0.30630014081603624,0.9698878350026399,True,191.05731657058354
source_5,JUMPCPE-20211014-Run36_20211014_223431,33,NVS-PAK1-1,own,1.29,False,0.7755610855493904,0.20855247953969405,0.9562327766744674,True,183.71299958147577
source_5,JUMPCPE-20211014-Run36_20211014_223431,33,quinidine,own,1.29,False,0.7311792790342877,0.34346178243101916,0.747039153193597,True,32.98170885624192
source_5,JUMPCPE-20211014-Run36_20211014_223431,33,TC-S-7004,own,1.29,False,0.28498847984679904,0.28712032040459773,0.3397857737217971,False,39.39793087888224
source_5,JUMPCPE-20211014-Run36_20211014_223431,33,aloxistatin,own,1.29,False,0.7009743987447767,0.27696672169357445,0.7204945360849134,True,37.98501126435831
source_5,JUMPCPE-20210623-Run01_20210624_003152,1,AMG900,scaled,0.13,False,0.7356060221682938,-0.011673835392137356,,True,129.19639868045556
source_5,JUMPCPE-20210623-Run01_20210624_003152,1,dexamethasone,scaled,0.13,False,0.7703926379114632,0.14477282702721136,,True,16.648695030247254
source_5,JUMPCPE-20210623-Run01_20210624_003152,1,FK-866,scaled,0.13,False,0.6848186920844602,0.02717993070700536,,True,52.35758258250015
source_5,JUMPCPE-20210623-Run01_20210624_003152,1,LY2109761,scaled,0.13,False,0.7060513058238403,0.1403495176646103,,True,51.826694539095705
source_5,JUMPCPE-20210623-Run01_20210624_003152,1,NVS-PAK1-1,scaled,0.13,False,0.41042747051630657,0.048854027203838454,,True,58.04293063520623
source_5,JUMPCPE-20210623-Run01_20210624_003152,1,quinidine,scaled,0.13,False,0.34218230177510267,0.10277770441177932,,True,7.109870491175949
source_5,JUMPCPE-20210623-Run01_20210624_003152,1,TC-S-7004,scaled,0.13,False,0.396783898670672,0.04132728197838187,,True,51.94625094569662
source_5,JUMPCPE-20210623-Run01_20210624_003152,1,aloxistatin,scaled,0.13,False,0.27193145303835226,0.03756653164684117,,True,7.231893169100862
source_5,JUMPCPE-20210623-Run02_20210624_225846,2,AMG900,scaled,1.04,False,0.748581128249017,0.001569063896519278,0.9699682901418517,True,107.78125047391995
source_5,JUMPCPE-20210623-Run02_20210624_225846,2,dexamethasone,scaled,1.04,False,0.7266213446216478,0.17441139843682021,0.8132412325550775,True,16.54652451045893
source_5,JUMPCPE-20210623-Run02_20210624_225846,2,FK-866,scaled,1.04,False,0.6902845898539927,0.056134899363745897,0.9170457957997112,True,43.0948848220612
source_5,JUMPCPE-20210623-Run02_20210624_225846,2,LY2109761,scaled,1.04,False,0.7211002808144015,0.1508437836154759,0.9229406350468805,True,48.20866507617821
source_5,JUMPCPE-20210623-Run02_20210624_225846,2,NVS-PAK1-1,scaled,1.04,False,0.454759501697488,0.05685274060597117,0.9434509535929165,True,49.87219074199963
source_5,JUMPCPE-20210623-Run02_20210624_225846,2,quinidine,scaled,1.04,False,0.2440246651618533,0.08121057302474814,0.3371976361745277,True,9.028517239151947
source_5,JUMPCPE-20210623-Run02_20210624_225846,2,TC-S-7004,scaled,1.04,False,0.4659308985631496,0.05282811359444857,0.9062454515462859,True,43.66333700620104
source_5,JUMPCPE-20210623-Run02_20210624_225846,2,aloxistatin,scaled,1.04,False,0.23044402201628258,0.055695124803865494,0.36526029102506474,True,9.494856462296681
source_5,JUMPCPE-20210628-Run02_20210628_170203,3,AMG900,scaled,0.74,False,0.7476037316456952,-0.0026086349765066102,0.9797206186909693,True,113.61398021012374
source_5,JUMPCPE-20210628-Run02_20210628_170203,3,dexamethasone,scaled,0.74,False,0.7463334886030832,0.1537241229944008,0.8621838330497491,True,16.578192328296986
source_5,JUMPCPE-20210628-Run02_20210628_170203,3,FK-866,scaled,0.74,False,0.7125807665337416,0.056011876258566684,0.9412304796850768,True,45.22635197010375
source_5,JUMPCPE-20210628-Run02_20210628_170203,3,LY2109761,scaled,0.74,False,0.7053825997483291,0.14823622093452463,0.9502375003272252,True,50.18827507127062
source_5,JUMPCPE-20210628-Run02_20210628_170203,3,NVS-PAK1-1,scaled,0.74,False,0.46994425917526655,0.058653601500497275,0.9567801014840303,True,53.78569123044205
source_5,JUMPCPE-20210628-Run02_20210628_170203,3,quinidine,scaled,0.74,False,0.35688603036595257,0.12685808589911385,0.40007655079475957,True,9.20686308969214
source_5,JUMPCPE-20210628-Run02_20210628_170203,3,TC-S-7004,scaled,0.74,False,0.40942322415783594,0.040884344484041754,0.9315638199316107,True,41.24570801121402
source_5,JUMPCPE-20210628-Run02_20210628_170203,3,aloxistatin,scaled,0.74,False,0.23163132046104867,0.1085012682558382,0.41175682817476617,False,9.486591369993201
source_5,JUMPCPE-20210628-Run03_20210629_064133,4,AMG900,scaled,1.13,False,0.7610299020277564,0.008525508397189345,0.9708086380507004,True,119.75554944954041
source_5,JUMPCPE-20210628-Run03_20210629_064133,4,dexamethasone,scaled,1.13,False,0.7992595079433682,0.1435334467369191,0.9004273794452673,True,16.671338235984578
source_5,JUMPCPE-20210628-Run03_20210629_064133,4,FK-866,scaled,1.13,False,0.7173524677044474,0.06443096690722312,0.9236063121487917,True,54.949049046850746
source_5,JUMPCPE-20210628-Run03_20210629_064133,4,LY2109761,scaled,1.13,False,0.7465610415278928,0.1491591441859012,0.9133134681073005,True,56.74176966677477
source_5,JUMPCPE-20210628-Run03_20210629_064133,4,NVS-PAK1-1,scaled,1.13,False,0.5586963352120773,0.08038685489600673,0.902517538807307,True,54.20561256733038
source_5,JUMPCPE-20210628-Run03_20210629_064133,4,quinidine,scaled,1.13,False,0.4666845465117092,0.14067758966576766,0.43499719933122455,True,7.191829884019461
source_5,JUMPCPE-20210628-Run03_20210629_064133,4,TC-S-7004,scaled,1.13,False,0.4658545209173718,0.093323278848461,0.918230948450647,True,50.499074016041554
source_5,JUMPCPE-20210628-Run03_20210629_064133,4,aloxistatin,scaled,1.13,False,0.29801585000894976,0.07985177465107744,0.4379300893764937,True,6.812304971856106
source_5,JUMPCPE-20210702-Run04_20210703_060202,5,AMG900,scaled,1.29,False,0.7604987576253313,-0.0011206786686898534,0.9683250865688875,True,105.1285916351528
source_5,JUMPCPE-20210702-Run04_20210703_060202,5,dexamethasone,scaled,1.29,False,0.8094081730133866,0.15747540775570554,0.8834431533484739,True,14.059399284833008
source_5,JUMPCPE-20210702-Run04_20210703_060202,5,FK-866,scaled,1.29,False,0.6670657581949029,0.029986272269073865,0.9409001958695026,True,47.93597642748996
source_5,JUMPCPE-20210702-Run04_20210703_060202,5,LY2109761,scaled,1.29,False,0.7303826625692424,0.13971291991592255,0.907697677880196,True,48.774023900474624
source_5,JUMPCPE-20210702-Run04_20210703_060202,5,NVS-PAK1-1,scaled,1.29,False,0.505774843965635,0.06274029867881917,0.9291070153164973,True,48.565793937230005
source_5,JUMPCPE-20210702-Run04_20210703_060202,5,quinidine,scaled,1.29,False,0.41812968879200274,0.06394280183625246,0.41860920814627667,True,5.555497185646867
source_5,JUMPCPE-20210702-Run04_20210703_060202,5,TC-S-7004,scaled,1.29,False,0.448392641502939,0.05801265410462867,0.9086473216018952,True,36.95138286312575
source_5,JUMPCPE-20210702-Run04_20210703_060202,5,aloxistatin,scaled,1.29,False,0.23945468258145391,0.016001061378791488,0.41931228884108496,True,5.5565355543638795
source_5,JUMPCPE-20210704-Run05_20210705_025956,6,AMG900,scaled,1.06,False,0.761698044470602,0.016957538616258722,0.9630539487251563,True,114.99099719555065
source_5,JUMPCPE-20210704-Run05_20210705_025956,6,dexamethasone,scaled,1.06,False,0.794977955352363,0.1293643957866458,0.8802617667999808,True,15.142616229975738
source_5,JUMPCPE-20210704-Run05_20210705_025956,6,FK-866,scaled,1.06,False,0.7225884170714518,0.046723766284565045,0.9232325706084623,True,54.451214606807
source_5,JUMPCPE-20210704-Run05_20210705_025956,6,LY2109761,scaled,1.06,False,0.7502363912920175,0.1530949901517913,0.9417447436930084,True,49.08373977331045
source_5,JUMPCPE-20210704-Run05_20210705_025956,6,NVS-PAK1-1,scaled,1.06,False,0.548290891247551,0.08003187477422487,0.8795431918772447,True,40.08307020549725
source_5,JUMPCPE-20210704-Run05_20210705_025956,6,quinidine,scaled,1.06,False,0.4529560357271284,0.11233215088433517,0.4951236559602421,True,7.641856968919308
source_5,JUMPCPE-20210704-Run05_20210705_025956,6,TC-S-7004,scaled,1.06,False,0.3883818003915477,0.08793958428970369,0.9232440412813805,True,44.27939546441479
source_5,JUMPCPE-20210704-Run05_20210705_025956,6,aloxistatin,scaled,1.06,False,0.3008033110761221,0.06115105758501776,0.4224837482767089,True,6.758152705254855
source_5,JUMPCPE-20210706-Run06_20210706_235916,7,AMG900,scaled,0.86,False,0.7711261256219676,0.0029795858619942545,0.9748372751848519,True,119.9029401200512
source_5,JUMPCPE-20210706-Run06_20210706_235916,7,dexamethasone,scaled,0.86,False,0.7518148537560243,0.11973630652928602,0.8526228617808865,True,16.785715246236926
source_5,JUMPCPE-20210706-Run06_20210706_235916,7,FK-866,scaled,0.86,False,0.7377116914828534,0.04358265984525267,0.9444477805887577,True,53.806680164608856
source_5,JUMPCPE-20210706-Run06_20210706_235916,7,LY2109761,scaled,0.86,False,0.7255782919955808,0.138514359518579,0.9600989100676474,True,47.49537495355537
source_5,JUMPCPE-20210706-Run06_20210706_235916,7,NVS-PAK1-1,scaled,0.86,False,0.5195241693397991,0.06774929528585719,0.9284598940321103,True,52.28857599142454
source_5,JUMPCPE-20210706-Run06_20210706_235916,7,quinidine,scaled,0.86,False,0.42103526567257743,0.10016181560139062,0.3949787103607686,True,8.992486564774863
source_5,JUMPCPE-20210706-Run06_20210706_235916,7,TC-S-7004,scaled,0.86,False,0.39861990151113674,0.07106156493068361,0.9486531156188259,True,41.00613262201524
source_5,JUMPCPE-20210706-Run06_20210706_235916,7,aloxistatin,scaled,0.86,False,0.28718736670824707,0.06914692003827277,0.3658330077393868,True,7.964836122823111
source_5,JUMPCPE-20210709-Run07_20210709_230159,8,AMG900,scaled,0.94,False,0.7614155363375048,0.0009658326695744324,0.9756777346118326,True,111.40998132373892
source_5,JUMPCPE-20210709-Run07_20210709_230159,8,dexamethasone,scaled,0.94,False,0.7785384992967819,0.15341603466453504,0.8740874277666016,True,14.9551396471622
source_5,JUMPCPE-20210709-Run07_20210709_230159,8,FK-866,scaled,0.94,False,0.7273156145577765,0.03062385116284572,0.9436167359873315,True,46.33690425407565
source_5,JUMPCPE-20210709-Run07_20210709_230159,8,LY2109761,scaled,0.94,False,0.7189952953917722,0.144249437593369,0.9536273601752864,True,44.32740506856881
source_5,JUMPCPE-20210709-Run07_20210709_230159,8,NVS-PAK1-1,scaled,0.94,False,0.5166301982421262,0.05709258681034613,0.9279772584393119,True,46.48207740890647
source_5,JUMPCPE-20210709-Run07_20210709_230159,8,quinidine,scaled,0.94,False,0.3729825204311501,0.10535375175903068,0.3209863330651944,True,7.748986463346435
source_5,JUMPCPE-20210709-Run07_20210709_230159,8,TC-S-7004,scaled,0.94,False,0.34229315937930727,0.04508936518231617,0.913177267369049,True,32.515620169311624
source_5,JUMPCPE-20210709-Run07_20210709_230159,8,aloxistatin,scaled,0.94,False,0.2490476240577454,0.07163419202210419,0.4190436009499863,True,8.294638234808371
source_5,JUMPCPE-20210709-Run08_20210711_195507,9,AMG900,scaled,0.58,False,0.7464538186990428,0.0007786687986078607,0.978015611430642,True,128.5949112656377
source_5,JUMPCPE-20210709-Run08_20210711_195507,9,dexamethasone,scaled,0.58,False,0.7092005196600987,0.15334164205865125,0.857109929355136,True,17.275604139001626
source_5,JUMPCPE-20210709-Run08_20210711_195507,9,FK-866,scaled,0.58,False,0.7211901975563318,0.045776518823147594,0.9492647795251431,True,55.490620945722874
source_5,JUMPCPE-20210709-Run08_20210711_195507,9,LY2109761,scaled,0.58,False,0.6870036032242752,0.14674107792398233,0.969602948429019,True,47.43063377599803
source_5,JUMPCPE-20210709-Run08_20210711_195507,9,NVS-PAK1-1,scaled,0.58,False,0.45832059207642556,0.058132351059076694,0.9448846042679078,True,56.655192422073014
source_5,JUMPCPE-20210709-Run08_20210711_195507,9,quinidine,scaled,0.58,False,0.2842484445153334,0.10551588973288421,0.38159112677502016,True,9.4244679094465
source_5,JUMPCPE-20210709-Run08_20210711_195507,9,TC-S-7004,scaled,0.58,False,0.26862952814208196,0.04253149459163504,0.8851714599207344,True,36.67684504918437
source_5,JUMPCPE-20210709-Run08_20210711_195507,9,aloxistatin,scaled,0.58,False,0.26200245486909196,0.08041303088617699,0.40108882730277207,True,9.42241926658741
source_5,JUMPCPE-20210712-Run09_20210713_003159,10,AMG900,scaled,0.88,False,0.7607956861203754,0.003910344080980066,0.9767690074926428,True,112.42321377368101
source_5,JUMPCPE-20210712-Run09_20210713_003159,10,dexamethasone,scaled,0.88,False,0.7629518151213985,0.15048396395208377,0.8703517400783325,True,15.958268553532813
source_5,JUMPCPE-20210712-Run09_20210713_003159,10,FK-866,scaled,0.88,False,0.7039517423876109,0.05748999850744967,0.9552708050654947,True,48.71328537221755
source_5,JUMPCPE-20210712-Run09_20210713_003159,10,LY2109761,scaled,0.88,False,0.7237118606123359,0.1544398675826478,0.9547118095534952,True,45.96852513649134
source_5,JUMPCPE-20210712-Run09_20210713_003159,10,NVS-PAK1-1,scaled,0.88,False,0.5032813943660271,0.07391787918762839,0.9437896763850571,True,51.175276895209855
source_5,JUMPCPE-20210712-Run09_20210713_003159,10,quinidine,scaled,0.88,False,0.39475415391232604,0.13043870365565227,0.35590765669059765,True,8.05936978713336
source_5,JUMPCPE-20210712-Run09_20210713_003159,10,TC-S-7004,scaled,0.88,False,0.3614745977833747,0.06817751790674331,0.9080008073066745,True,30.769846929977767
source_5,JUMPCPE-20210712-Run09_20210713_003159,10,aloxistatin,scaled,0.88,False,0.2648191304736631,0.11083855150456777,0.3721135408055791,True,8.173653581946574
source_5,JUMPCPE-20210715-Run10_20210715_223420,11,AMG900,scaled,0.77,False,0.7653108148374563,-0.0020321464980121973,0.9751387629033859,True,116.5472419495089
source_5,JUMPCPE-20210715-Run10_20210715_223420,11,dexamethasone,scaled,0.77,False,0.775327473501791,0.13533688913861178,0.8854160833186511,True,15.675012047534656
source_5,JUMPCPE-20210715-Run10_20210715_223420,11,FK-866,scaled,0.77,False,0.7326276936304891,0.028603477866532192,0.9221481528241547,True,49.08189500235907
source_5,JUMPCPE-20210715-Run10_20210715_223420,11,LY2109761,scaled,0.77,False,0.7141230228439899,0.14879802625789393,0.9636753567556287,True,45.149754246518214
source_5,JUMPCPE-20210715-Run10_20210715_223420,11,NVS-PAK1-1,scaled,0.77,False,0.528037760950967,0.0625609021927875,0.9062361580416478,True,48.52865880927586
source_5,JUMPCPE-20210715-Run10_20210715_223420,11,quinidine,scaled,0.77,False,0.4172348005986009,0.1326718031243406,0.45761120970416114,True,7.067801478990645
source_5,JUMPCPE-20210715-Run10_20210715_223420,11,TC-S-7004,scaled,0.77,False,0.21701255401058098,0.04872631033297271,0.7533317763533705,True,24.40502133576935
source_5,JUMPCPE-20210715-Run10_20210715_223420,11,aloxistatin,scaled,0.77,False,0.31210870606415797,0.10163880832910692,0.44668953367273534,True,7.670431812201874
source_5,JUMPCPE-20210716-Run11_20210717_192647,12,AMG900,scaled,1.07,False,0.7559504893147886,0.008567236483783328,0.9694670047163337,True,121.85301048311666
source_5,JUMPCPE-20210716-Run11_20210717_192647,12,dexamethasone,scaled,1.07,False,0.7923160775401317,0.12071207218657509,0.8937436038914255,True,16.059185130323
source_5,JUMPCPE-20210716-Run11_20210717_192647,12,FK-866,scaled,1.07,False,0.7178814788137173,0.03648498075531944,0.9145090721134341,True,57.443697530206755
source_5,JUMPCPE-20210716-Run11_20210717_192647,12,LY2109761,scaled,1.07,False,0.7276484635550916,0.1381853220479906,0.9499741692578698,True,49.65452758464924
source_5,JUMPCPE-20210716-Run11_20210717_192647,12,NVS-PAK1-1,scaled,1.07,False,0.5357833029587544,0.07945739807231984,0.8927952890186712,True,50.08996982990291
source_5,JUMPCPE-20210716-Run11_20210717_192647,12,quinidine,scaled,1.07,False,0.4170609557766533,0.09228477715281533,0.4819614569239864,True,8.316210766606124
source_5,JUMPCPE-20210716-Run11_20210717_192647,12,TC-S-7004,scaled,1.07,False,0.32724947171416013,0.05218551227093392,0.925333232055293,True,37.72615880330382
source_5,JUMPCPE-20210716-Run11_20210717_192647,12,aloxistatin,scaled,1.07,False,0.3020648025537981,0.05677178949772312,0.5031098138171893,True,6.0000092046175455
source_5,JUMPCPE-20210716-Run12_20210719_162047,13,AMG900,scaled,0.94,False,0.7427510598056087,0.0018013600099359933,0.9715958352367223,True,123.13554847792324
source_5,JUMPCPE-20210716-Run12_20210719_162047,13,dexamethasone,scaled,0.94,False,0.7753570890212462,0.11133248044687634,0.8718678551755589,True,16.58075081074812
source_5,JUMPCPE-20210716-Run12_20210719_162047,13,FK-866,scaled,0.94,False,0.6843481027837738,0.02917117416003216,0.9362702525837753,True,60.41631022731306
source_5,JUMPCPE-20210716-Run12_20210719_162047,13,LY2109761,scaled,0.94,False,0.7119538708329449,0.14721510572829774,0.9628613830754709,True,51.05572476460514
source_5,JUMPCPE-20210716-Run12_20210719_162047,13,NVS-PAK1-1,scaled,0.94,False,0.4806886930712788,0.06730500955955362,0.9535703173749862,True,55.243273982400424
source_5,JUMPCPE-20210716-Run12_20210719_162047,13,quinidine,scaled,0.94,False,0.4330536252281221,0.095283885806332,0.5158408995007502,True,7.488848216202204
source_5,JUMPCPE-20210716-Run12_20210719_162047,13,TC-S-7004,scaled,0.94,False,0.265010938866829,0.02550597247900025,0.8814465137605011,True,33.711706697175586
source_5,JUMPCPE-20210716-Run12_20210719_162047,13,aloxistatin,scaled,0.94,False,0.27388092848681367,0.061803898538633564,0.5614475874845979,True,7.353722874659428
source_5,JUMPCPE-20210719-Run13_20210721_131445,14,AMG900,scaled,1.15,False,0.7548397385359928,-0.0005421631716249833,0.9756530276547519,True,124.6923684095933
source_5,JUMPCPE-20210719-Run13_20210721_131445,14,dexamethasone,scaled,1.15,False,0.7488924091524903,0.1243592221405773,0.8547557371286199,True,16.630593134009846
source_5,JUMPCPE-20210719-Run13_20210721_131445,14,FK-866,scaled,1.15,False,0.7249480808163278,0.01908323202116146,0.9400543471073927,True,52.99473822692639
source_5,JUMPCPE-20210719-Run13_20210721_131445,14,LY2109761,scaled,1.15,False,0.7073305606289038,0.14284822594758204,0.9538522528546749,True,50.36024022584014
source_5,JUMPCPE-20210719-Run13_20210721_131445,14,NVS-PAK1-1,scaled,1.15,False,0.5051233673046249,0.06246010885080409,0.9332480389668871,True,50.75322757241741
source_5,JUMPCPE-20210719-Run13_20210721_131445,14,quinidine,scaled,1.15,False,0.41853189070360186,0.09788226876643454,0.40274283259207955,True,6.9715370498185925
source_5,JUMPCPE-20210719-Run13_20210721_131445,14,TC-S-7004,scaled,1.15,False,0.27705332036734887,0.017420366000073496,0.8349784720495397,True,26.411331189576355
source_5,JUMPCPE-20210719-Run13_20210721_131445,14,aloxistatin,scaled,1.15,False,0.24243602659934116,0.06859205830689294,0.4109078472918891,True,6.345692655835365
source_5,JUMPCPE-20210730-Run14_20210731_000211,15,AMG900,scaled,0.9,False,0.7412110715955798,0.011114438816411566,0.9683370856369785,True,119.85910292435152
source_5,JUMPCPE-20210730-Run14_20210731_000211,15,dexamethasone,scaled,0.9,False,0.7752625915155542,0.1528800954148471,0.8977663899528407,True,15.803009595192908
source_5,JUMPCPE-20210730-Run14_20210731_000211,15,FK-866,scaled,0.9,False,0.692935507422874,0.03993972489252397,0.9205509194587378,True,52.775758058395176
source_5,JUMPCPE-20210730-Run14_20210731_000211,15,LY2109761,scaled,0.9,False,0.6966757187594124,0.13553484744425062,0.9543707443521442,True,48.78944844194376
source_5,JUMPCPE-20210730-Run14_20210731_000211,15,NVS-PAK1-1,scaled,0.9,False,0.4802513920798471,0.07240979183165812,0.9261967359567318,True,52.23328147675347
source_5,JUMPCPE-20210730-Run14_20210731_000211,15,quinidine,scaled,0.9,False,0.4944550899240253,0.13651211946982716,0.5115445037237636,True,7.6870048958696415
source_5,JUMPCPE-20210730-Run14_20210731_000211,15,TC-S-7004,scaled,0.9,False,0.32889482314233875,0.04274247204991722,0.9197176066880715,True,38.281612940020814
source_5,JUMPCPE-20210730-Run14_20210731_000211,15,aloxistatin,scaled,0.9,False,0.3269071253608861,0.10679906627350431,0.48994831336102684,True,7.133959345398474
source_5,JUMPCPE-20210730-Run15_20210801_205335,16,AMG900,scaled,1.36,False,0.7520921830474172,0.014307416177039971,0.9607815289183237,True,112.83373975618538
source_5,JUMPCPE-20210730-Run15_20210801_205335,16,dexamethasone,scaled,1.36,False,0.7833969268558849,0.13972510810322847,0.8656170360119159,True,16.294540106443485
source_5,JUMPCPE-20210730-Run15_20210801_205335,16,FK-866,scaled,1.36,False,0.6449702175525551,0.062319234156691126,0.8983362631239173,True,53.762804426327506
source_5,JUMPCPE-20210730-Run15_20210801_205335,16,LY2109761,scaled,1.36,False,0.6948234405245579,0.15700734486923884,0.8914081804995971,True,51.4519132635932
source_5,JUMPCPE-20210730-Run15_20210801_205335,16,NVS-PAK1-1,scaled,1.36,False,0.48206695915162084,0.0844751258996971,0.9125855145171694,True,53.19721619728857
source_5,JUMPCPE-20210730-Run15_20210801_205335,16,quinidine,scaled,1.36,False,0.4094819801966654,0.15291342980220723,0.3566243603213042,True,8.164484395189321
source_5,JUMPCPE-20210730-Run15_20210801_205335,16,TC-S-7004,scaled,1.36,False,0.42550553618033204,0.0521140553709505,0.8794748489787203,True,36.22953828461499
source_5,JUMPCPE-20210730-Run15_20210801_205335,16,aloxistatin,scaled,1.36,False,0.2633136312078876,0.09874685642991521,0.4172725442750935,True,8.860698051981268
source_5,JUMPCPE-20210730-Run16_20210803_174908,17,AMG900,scaled,1.21,False,0.7409441610954047,0.0034420831978333832,0.9688127429372879,True,116.44739659177375
source_5,JUMPCPE-20210730-Run16_20210803_174908,17,dexamethasone,scaled,1.21,False,0.7441638892389296,0.13568396575852973,0.8600710502895774,True,15.43789320800147
source_5,JUMPCPE-20210730-Run16_20210803_174908,17,FK-866,scaled,1.21,False,0.7075724099173809,0.02902850393487122,0.9038402316439338,True,49.304009581496494
source_5,JUMPCPE-20210730-Run16_20210803_174908,17,LY2109761,scaled,1.21,False,0.6837051236925836,0.14013317104688774,0.9515514800181586,True,46.029472602441345
source_5,JUMPCPE-20210730-Run16_20210803_174908,17,NVS-PAK1-1,scaled,1.21,False,0.48121979982525853,0.06376312234937166,0.9111359354556835,True,49.60793915526877
source_5,JUMPCPE-20210730-Run16_20210803_174908,17,quinidine,scaled,1.21,False,0.41560002680108205,0.12677034731643225,0.4336243542971715,True,6.301080991995907
source_5,JUMPCPE-20210730-Run16_20210803_174908,17,TC-S-7004,scaled,1.21,False,0.28207486489450684,0.031369874482911786,0.867225240979167,True,29.81118058188324
source_5,JUMPCPE-20210730-Run16_20210803_174908,17,aloxistatin,scaled,1.21,False,0.3019942932536307,0.07842134135950056,0.4335054577639627,True,6.671407197730116
source_5,JUMPCPE-20210806-Run17_20210807_000211,18,AMG900,scaled,1.56,False,0.7376359342365674,0.019009968372289947,0.9257075270524039,True,110.23717756630897
source_5,JUMPCPE-20210806-Run17_20210807_000211,18,dexamethasone,scaled,1.56,False,0.7488913954069502,0.10296177963655317,0.8252955250931553,True,16.06992586651576
source_5,JUMPCPE-20210806-Run17_20210807_000211,18,FK-866,scaled,1.56,False,0.6238404473654813,0.05381914514418175,0.8510313816017607,True,56.002024754524264
source_5,JUMPCPE-20210806-Run17_20210807_000211,18,LY2109761,scaled,1.56,False,0.7193967951339275,0.1366828464551871,0.9006748556381796,True,52.079112333069226
source_5,JUMPCPE-20210806-Run17_20210807_000211,18,NVS-PAK1-1,scaled,1.56,False,0.5103946672265756,0.08828735305178373,0.8222676282123701,True,47.156397779312506
source_5,JUMPCPE-20210806-Run17_20210807_000211,18,quinidine,scaled,1.56,False,0.5205953381762147,0.10822090745363813,0.4723848943077211,True,7.171927492522508
source_5,JUMPCPE-20210806-Run17_20210807_000211,18,TC-S-7004,scaled,1.56,False,0.22986689853750242,0.05846587202850565,0.7809027058507836,True,28.30018617763268
source_5,JUMPCPE-20210806-Run17_20210807_000211,18,aloxistatin,scaled,1.56,False,0.3328737890612863,0.0360121225673463,0.4403939376695759,True,5.508803150157987
source_5,JUMPCPE-20210806-Run18_20210808_210526,19,AMG900,scaled,1.49,False,0.7497950838284941,0.007582179186114725,0.9563333020316935,True,104.49490460417351
source_5,JUMPCPE-20210806-Run18_20210808_210526,19,dexamethasone,scaled,1.49,False,0.705113038235863,0.14677338278922916,0.8158280039117662,True,15.735351396417997
source_5,JUMPCPE-20210806-Run18_20210808_210526,19,FK-866,scaled,1.49,False,0.6299541476048542,0.0643726074425572,0.8841862355659765,True,52.25676999217613
source_5,JUMPCPE-20210806-Run18_20210808_210526,19,LY2109761,scaled,1.49,False,0.6632546452691133,0.1506212517150671,0.8590101965205083,True,46.60139073212962
source_5,JUMPCPE-20210806-Run18_20210808_210526,19,NVS-PAK1-1,scaled,1.49,False,0.48493811349892885,0.06102069090654216,0.9063222324287588,True,48.52418521276488
source_5,JUMPCPE-20210806-Run18_20210808_210526,19,quinidine,scaled,1.49,False,0.34963128969318785,0.10836683580350386,0.2889024217687852,True,9.598936891179742
source_5,JUMPCPE-20210806-Run18_20210808_210526,19,TC-S-7004,scaled,1.49,False,0.3115890002183346,0.03480796113329707,0.7884011840951648,True,23.328097535621573
source_5,JUMPCPE-20210806-Run18_20210808_210526,19,aloxistatin,scaled,1.49,False,0.24965525405774697,0.04538642450747426,0.28320617835569173,True,7.818520676817668
source_5,JUMPCPE-20210811-Run18_20210811_182136,20,AMG900,scaled,1.37,False,0.7369303793660253,0.006135432528945464,0.962780616102435,True,111.03112917927166
source_5,JUMPCPE-20210811-Run18_20210811_182136,20,dexamethasone,scaled,1.37,False,0.661396292358715,0.09083927317904836,0.7873718073750166,True,17.14173979858203
source_5,JUMPCPE-20210811-Run18_20210811_182136,20,FK-866,scaled,1.37,False,0.6620716877241166,0.052800461498002826,0.902669659825954,True,51.8306444583844
source_5,JUMPCPE-20210811-Run18_20210811_182136,20,LY2109761,scaled,1.37,False,0.6347555568103913,0.14510232310835786,0.8755933901896911,True,47.373366974756195
source_5,JUMPCPE-20210811-Run18_20210811_182136,20,NVS-PAK1-1,scaled,1.37,False,0.48053826125662336,0.06095114785868401,0.9048877150061437,True,47.67578790524664
source_5,JUMPCPE-20210811-Run18_20210811_182136,20,quinidine,scaled,1.37,False,0.3026973540481834,0.08815073837562468,0.28840886498101675,True,9.001996679361506
source_5,JUMPCPE-20210811-Run18_20210811_182136,20,TC-S-7004,scaled,1.37,False,0.2612196678305473,0.05123545533715877,0.6525516671135276,True,18.269699465779347
source_5,JUMPCPE-20210811-Run18_20210811_182136,20,aloxistatin,scaled,1.37,False,0.171152471118773,0.03608518302824799,0.34273790598328346,True,8.925632763883304
source_5,JUMPCPE-20210812-Run20_20210815_062625,21,AMG900,scaled,1.15,False,0.747988133649722,0.009602872000616708,0.9660027162405885,True,115.65831122830015
source_5,JUMPCPE-20210812-Run20_20210815_062625,21,dexamethasone,scaled,1.15,False,0.7082355188992124,0.142885374210878,0.8300025908945539,True,16.828412639393537
source_5,JUMPCPE-20210812-Run20_20210815_062625,21,FK-866,scaled,1.15,False,0.7100527788146451,0.05657824979560538,0.8878963926823098,True,51.842204836882075
source_5,JUMPCPE-20210812-Run20_20210815_062625,21,LY2109761,scaled,1.15,False,0.6839476702320806,0.1482809533283515,0.9373545265378129,True,45.55414572558772
source_5,JUMPCPE-20210812-Run20_20210815_062625,21,NVS-PAK1-1,scaled,1.15,False,0.4835161333399295,0.06969341508047767,0.8687183406547719,True,46.23644881520764
source_5,JUMPCPE-20210812-Run20_20210815_062625,21,quinidine,scaled,1.15,False,0.4079228815461367,0.1455721240214633,0.4408266539822075,True,7.131740528407528
source_5,JUMPCPE-20210812-Run20_20210815_062625,21,TC-S-7004,scaled,1.15,False,0.14091282616512196,0.08774103767882657,0.4056822804865359,True,15.898014474885489
source_5,JUMPCPE-20210812-Run20_20210815_062625,21,aloxistatin,scaled,1.15,False,0.25295156024272214,0.09055510311186081,0.3753694682846755,True,7.9647544056381125
source_5,JUMPCPE-20210813-Run21_20210817_031500,22,AMG900,scaled,1.18,False,0.7572981591147577,0.005741171383326221,0.963489463362156,True,111.32988888086514
source_5,JUMPCPE-20210813-Run21_20210817_031500,22,dexamethasone,scaled,1.18,False,0.7343154945510627,0.14993412650218843,0.8574791331455375,True,16.523950873055213
source_5,JUMPCPE-20210813-Run21_20210817_031500,22,FK-866,scaled,1.18,False,0.7069246370843187,0.043041052370714886,0.9159750643546566,True,50.28486641039205
source_5,JUMPCPE-20210813-Run21_20210817_031500,22,LY2109761,scaled,1.18,False,0.6852529836907666,0.1444699013461473,0.9282983267459256,True,46.89341665488623
source_5,JUMPCPE-20210813-Run21_20210817_031500,22,NVS-PAK1-1,scaled,1.18,False,0.49139415811611453,0.062355512417072316,0.916922915858418,True,46.32097036463459
source_5,JUMPCPE-20210813-Run21_20210817_031500,22,quinidine,scaled,1.18,False,0.36974728050289174,0.13627594096239665,0.3475565195682624,False,7.959474691891456
source_5,JUMPCPE-20210813-Run21_20210817_031500,22,TC-S-7004,scaled,1.18,False,0.22847913184946989,0.0856576484286041,0.4920245366910859,True,14.715248627607869
source_5,JUMPCPE-20210813-Run21_20210817_031500,22,aloxistatin,scaled,1.18,False,0.26848599675920215,0.0907773435608981,0.44099261254007294,True,9.390762918222624
source_5,JUMPCPE-20210820-Run22_20210821_180957,23,AMG900,scaled,0.95,False,0.742368082559421,0.008542501993963596,0.9687214460942198,True,120.82566728857071
source_5,JUMPCPE-20210820-Run22_20210821_180957,23,dexamethasone,scaled,0.95,False,0.7445072690507285,0.12662585477970142,0.8704931677889863,True,17.571210053280584
source_5,JUMPCPE-20210820-Run22_20210821_180957,23,FK-866,scaled,0.95,False,0.695275897734002,0.04582068902038467,0.9299075984856606,True,55.12856187555536
source_5,JUMPCPE-20210820-Run22_20210821_180957,23,LY2109761,scaled,0.95,False,0.6679824143251866,0.13415321439122135,0.953844083761566,True,49.628125575879096
source_5,JUMPCPE-20210820-Run22_20210821_180957,23,NVS-PAK1-1,scaled,0.95,False,0.43600769048770527,0.0753673758915138,0.9339459109551199,True,55.50473704146699
source_5,JUMPCPE-20210820-Run22_20210821_180957,23,quinidine,scaled,0.95,False,0.46209907512759996,0.1107542162571826,0.3986615048654279,True,6.81543952997913
source_5,JUMPCPE-20210820-Run22_20210821_180957,23,TC-S-7004,scaled,0.95,False,0.16352420418021002,0.0613861991183311,0.6698506877883309,True,20.643999460577774
source_5,JUMPCPE-20210820-Run22_20210821_180957,23,aloxistatin,scaled,0.95,False,0.22984548380113556,0.06532188053114833,0.3555155145998421,False,5.705024929685368
source_5,JUMPCPE-20210820-Run23_20210823_145853,24,AMG900,scaled,1.12,False,0.7465144515752548,0.0055459866082381085,0.9663395886449258,True,114.87727823495324
source_5,JUMPCPE-20210820-Run23_20210823_145853,24,dexamethasone,scaled,1.12,False,0.6680760999297841,0.13208556330578494,0.8021720064651237,True,16.841476608397258
source_5,JUMPCPE-20210820-Run23_20210823_145853,24,FK-866,scaled,1.12,False,0.7439186265770321,0.06164141799798302,0.9055780300240124,True,48.91818832858646
source_5,JUMPCPE-20210820-Run23_20210823_145853,24,LY2109761,scaled,1.12,False,0.6709565424742123,0.14219928218574535,0.9373761880797572,True,46.795365511781384
source_5,JUMPCPE-20210820-Run23_20210823_145853,24,NVS-PAK1-1,scaled,1.12,False,0.5149477646515275,0.07942934157129534,0.8720034772403231,True,47.3356205995655
source_5,JUMPCPE-20210820-Run23_20210823_145853,24,quinidine,scaled,1.12,False,0.3494534397106025,0.14029425671003778,0.26659720708873447,True,9.101020138792768
source_5,JUMPCPE-20210820-Run23_20210823_145853,24,TC-S-7004,scaled,1.12,False,0.16486205861474695,0.10404884374818338,0.4084017392260333,False,20.146795854190906
source_5,JUMPCPE-20210820-Run23_20210823_145853,24,aloxistatin,scaled,1.12,False,0.24253643022625643,0.09536497099799882,0.41095285189364716,True,9.64216241467055
source_5,JUMPCPE-20210902-Run26_20210903_010341,25,AMG900,scaled,1.25,False,0.7462777514810413,0.0035391467428361836,0.9531145271401104,True,111.64104803344452
source_5,JUMPCPE-20210902-Run26_20210903_010341,25,dexamethasone,scaled,1.25,False,0.7482636365242388,0.11518921703680984,0.857696802986362,True,15.276430034313986
source_5,JUMPCPE-20210902-Run26_20210903_010341,25,FK-866,scaled,1.25,False,0.6728418773204898,0.03810887930319862,0.9387801259917306,True,53.871374650459906
source_5,JUMPCPE-20210902-Run26_20210903_010341,25,LY2109761,scaled,1.25,False,0.7059494335064773,0.13766928103530626,0.9231262231866239,True,48.07790078260196
source_5,JUMPCPE-20210902-Run26_20210903_010341,25,NVS-PAK1-1,scaled,1.25,False,0.5168324578389629,0.05939918120707096,0.9155914735280685,True,47.65508050702355
source_5,JUMPCPE-20210902-Run26_20210903_010341,25,quinidine,scaled,1.25,False,0.45874306815592414,0.1084512224007362,0.4006693361263774,True,8.21422070599767
source_5,JUMPCPE-20210902-Run26_20210903_010341,25,TC-S-7004,scaled,1.25,False,0.21849241371093564,0.06230274004662579,0.7010743519037912,True,18.288567244894313
source_5,JUMPCPE-20210902-Run26_20210903_010341,25,aloxistatin,scaled,1.25,False,0.2002561336710522,0.01596359991125415,0.36857061430318344,True,5.91494820914278
source_5,JUMPCPE-20210903-Run27_20210904_215148,26,AMG900,scaled,1.33,False,0.759109775303382,0.008496261986534023,0.9625439423994293,True,111.30926597011928
source_5,JUMPCPE-20210903-Run27_20210904_215148,26,dexamethasone,scaled,1.33,False,0.7359181827299714,0.08963960142463405,0.8263760454046907,True,15.473469970245134
source_5,JUMPCPE-20210903-Run27_20210904_215148,26,FK-866,scaled,1.33,False,0.7120457234300782,0.038694593830426206,0.9214336332522478,True,53.062228351314566
source_5,JUMPCPE-20210903-Run27_20210904_215148,26,LY2109761,scaled,1.33,False,0.7030977358260659,0.13173384108191857,0.9186633432629399,True,47.01388855467311
source_5,JUMPCPE-20210903-Run27_20210904_215148,26,NVS-PAK1-1,scaled,1.33,False,0.5767218816240979,0.06727456494250468,0.858977450351084,True,43.71471289229345
source_5,JUMPCPE-20210903-Run27_20210904_215148,26,quinidine,scaled,1.33,False,0.4383572127703155,0.09439499138305073,0.3633650769047766,True,6.2898664326570675
source_5,JUMPCPE-20210903-Run27_20210904_215148,26,TC-S-7004,scaled,1.33,False,0.2303185696581594,0.06767718178905545,0.6701247412199862,True,19.80707975865666
source_5,JUMPCPE-20210903-Run27_20210904_215148,26,aloxistatin,scaled,1.33,False,0.22729258664901392,-0.007914594535369966,0.22187714202324044,True,5.379702551939309
source_5,JUMPCPE-20210908-Run28_20210909_072022,27,AMG900,scaled,0.89,False,0.7492847390770656,0.014565581505526984,0.9623847942277304,True,119.99617567499321
source_5,JUMPCPE-20210908-Run28_20210909_072022,27,dexamethasone,scaled,0.89,False,0.7391316548415763,0.11433826601821638,0.8862195955669735,True,16.44728010409608
source_5,JUMPCPE-20210908-Run28_20210909_072022,27,FK-866,scaled,0.89,False,0.6700004587453703,0.04339688970271121,0.9327266006124317,True,59.539003109706755
source_5,JUMPCPE-20210908-Run28_20210909_072022,27,LY2109761,scaled,0.89,False,0.6928069837433806,0.13273914180318494,0.9506027553423096,True,46.95312878447001
source_5,JUMPCPE-20210908-Run28_20210909_072022,27,NVS-PAK1-1,scaled,0.89,False,0.4587293587382889,0.06652608098130697,0.9223617410021405,True,53.665396305801636
source_5,JUMPCPE-20210908-Run28_20210909_072022,27,quinidine,scaled,0.89,False,0.5283185767387849,0.0979182387397861,0.48931165971728496,True,7.416190238347269
source_5,JUMPCPE-20210908-Run28_20210909_072022,27,TC-S-7004,scaled,0.89,False,0.14782882268515612,0.03172109078788403,0.6898649376648539,True,22.0590084879117
source_5,JUMPCPE-20210908-Run28_20210909_072022,27,aloxistatin,scaled,0.89,False,0.26941630511730386,0.02187134284534343,0.5168366427842453,True,5.809287730828886
source_5,JUMPCPE-20210909-Run29_20210910_234236,28,AMG900,scaled,1.03,False,0.7598795983139648,0.008759142439527466,0.9723289510372888,True,109.62811175566861
source_5,JUMPCPE-20210909-Run29_20210910_234236,28,dexamethasone,scaled,1.03,False,0.7349702651850123,0.09527911331388847,0.8250478822578536,True,16.02653443603311
source_5,JUMPCPE-20210909-Run29_20210910_234236,28,FK-866,scaled,1.03,False,0.7135208544531817,0.04913333671907387,0.931670345077054,True,51.8862985269257
source_5,JUMPCPE-20210909-Run29_20210910_234236,28,LY2109761,scaled,1.03,False,0.6977932569672594,0.14820168382500412,0.946977936423983,True,45.143252962931484
source_5,JUMPCPE-20210909-Run29_20210910_234236,28,NVS-PAK1-1,scaled,1.03,False,0.4934648757562472,0.0618422517225616,0.9352781777194605,True,47.910461779585546
source_5,JUMPCPE-20210909-Run29_20210910_234236,28,quinidine,scaled,1.03,False,0.5694552000760301,0.10175690551878074,0.4546774772326023,True,6.377156544500497
source_5,JUMPCPE-20210909-Run29_20210910_234236,28,TC-S-7004,scaled,1.03,False,0.3017408630761682,0.048427533981156005,0.8972628436408963,True,25.81677223894503
source_5,JUMPCPE-20210909-Run29_20210910_234236,28,aloxistatin,scaled,1.03,False,0.1244585870056287,0.008902137084333744,0.39985368557790013,True,8.71057129510757
source_5,JUMPCPE-20210910-Run30_20210912_203428,29,AMG900,scaled,1.58,False,0.755188673578852,0.012686650138535751,0.9481189456314406,True,104.84840290228011
source_5,JUMPCPE-20210910-Run30_20210912_203428,29,dexamethasone,scaled,1.58,False,0.7410482164773455,0.10141920575738606,0.8566609222370916,True,14.936043712134076
source_5,JUMPCPE-20210910-Run30_20210912_203428,29,FK-866,scaled,1.58,False,0.6497739999148405,0.04723473789350229,0.8687143089533058,True,52.520929710031695
source_5,JUMPCPE-20210910-Run30_20210912_203428,29,LY2109761,scaled,1.58,False,0.6959344707084937,0.12824903165906873,0.9032803290019316,True,45.84285769733104
source_5,JUMPCPE-20210910-Run30_20210912_203428,29,NVS-PAK1-1,scaled,1.58,False,0.567514874082265,0.06963792592715824,0.8387681382660848,True,41.200434090206635
source_5,JUMPCPE-20210910-Run30_20210912_203428,29,quinidine,scaled,1.58,False,0.46030703436159637,0.11344648473080587,0.3714909145023917,True,6.348771389169067
source_5,JUMPCPE-20210910-Run30_20210912_203428,29,TC-S-7004,scaled,1.58,False,0.23907712389068234,0.009992692933240815,0.8050285765199428,True,21.728219525992046
source_5,JUMPCPE-20210910-Run30_20210912_203428,29,aloxistatin,scaled,1.58,False,0.15088968631791902,-0.004071888743260179,0.3159668804543676,True,6.261525796866677
source_5,JUMPCPE-20211001-Run33_20211001_152017,30,AMG900,scaled,1.82,False,0.768117780904277,0.009428817244049545,0.9372932125487358,True,105.63826994310449
source_5,JUMPCPE-20211001-Run33_20211001_152017,30,dexamethasone,scaled,1.82,False,0.7682823976552758,0.09413201158996119,0.8170935335899547,True,17.253314833950455
source_5,JUMPCPE-20211001-Run33_20211001_152017,30,FK-866,scaled,1.82,False,0.659520803817246,0.04379586377304101,0.8565838749349517,True,54.83670563991746
source_5,JUMPCPE-20211001-Run33_20211001_152017,30,LY2109761,scaled,1.82,False,0.7186996041926663,0.14340859725542265,0.8422415876598138,True,59.446984091536436
source_5,JUMPCPE-20211001-Run33_20211001_152017,30,NVS-PAK1-1,scaled,1.82,False,0.5917938128096675,0.0714363239362266,0.8086743930619138,True,45.811035862655196
source_5,JUMPCPE-20211001-Run33_20211001_152017,30,quinidine,scaled,1.82,False,0.6186047709319098,0.13556301002945065,0.4867039033039416,True,10.235929545246599
source_5,JUMPCPE-20211001-Run33_20211001_152017,30,TC-S-7004,scaled,1.82,False,0.1294911838064253,0.11212557560157513,0.5626796457669243,False,15.818750563040705
source_5,JUMPCPE-20211001-Run33_20211001_152017,30,aloxistatin,scaled,1.82,False,0.31849353945306713,0.10998161031377372,0.423373773533418,False,8.377336652258329
source_5,JUMPCPE-20211001-Run34_20211003_121618,31,AMG900,scaled,1.3,False,0.730385100398361,0.001492731195186494,0.9465986773846238,True,111.97211576767984
source_5,JUMPCPE-20211001-Run34_20211003_121618,31,dexamethasone,scaled,1.3,False,0.760440518140295,0.1370400255877883,0.8543862560451718,True,16.773673216629525
source_5,JUMPCPE-20211001-Run34_20211003_121618,31,FK-866,scaled,1.3,False,0.6218382216148866,0.026592834079740443,0.8613797911584324,True,54.014922801193485
source_5,JUMPCPE-20211001-Run34_20211003_121618,31,LY2109761,scaled,1.3,False,0.7309952632951958,0.14431514922248054,0.9288786426301356,True,54.11554275594219
source_5,JUMPCPE-20211001-Run34_20211003_121618,31,NVS-PAK1-1,scaled,1.3,False,0.455505314102016,0.06039024297156011,0.9033043975856718,True,53.455356245521735
source_5,JUMPCPE-20211001-Run34_20211003_121618,31,quinidine,scaled,1.3,False,0.584790587476902,0.1300660409300232,0.4838562417053913,True,10.942162620963087
source_5,JUMPCPE-20211001-Run34_20211003_121618,31,TC-S-7004,scaled,1.3,False,0.061220554855246655,0.07146179901695378,0.4296765402626773,False,15.694669350702013
source_5,JUMPCPE-20211001-Run34_20211003_121618,31,aloxistatin,scaled,1.3,False,0.3747647106333034,0.1198055996690693,0.3926310402894189,True,8.482792729155852
source_5,JUMPCPE-20211007-Run35_20211007_235529,32,AMG900,scaled,1.31,False,0.7268066230199921,-0.0012695673689233325,0.9443449326818893,True,117.34386952207593
source_5,JUMPCPE-20211007-Run35_20211007_235529,32,dexamethasone,scaled,1.31,False,0.7278607806736668,0.13320864324071835,0.8444991793574913,True,17.12257162538595
source_5,JUMPCPE-20211007-Run35_20211007_235529,32,FK-866,scaled,1.31,False,0.6690791572555117,0.02454178600212185,0.8811778571583021,True,51.21689277378663
source_5,JUMPCPE-20211007-Run35_20211007_235529,32,LY2109761,scaled,1.31,False,0.7210637615487159,0.15230031286411622,0.9237468044025607,True,52.66758173120131
source_5,JUMPCPE-20211007-Run35_20211007_235529,32,NVS-PAK1-1,scaled,1.31,False,0.45070513479783775,0.04268184745508759,0.8738772128480325,True,56.058545437695564
source_5,JUMPCPE-20211007-Run35_20211007_235529,32,quinidine,scaled,1.31,False,0.6167757794913474,0.12798447479982947,0.4453633093384103,True,9.572750516300822
source_5,JUMPCPE-20211007-Run35_20211007_235529,32,TC-S-7004,scaled,1.31,False,0.0031407906332062106,0.09509685971594038,0.2864435575272659,False,15.301810600184002
source_5,JUMPCPE-20211007-Run35_20211007_235529,32,aloxistatin,scaled,1.31,False,0.33209878441160934,0.0940937813162629,0.477303140251099,True,8.935734937716678
source_5,JUMPCPE-20211014-Run36_20211014_223431,33,AMG900,scaled,1.29,False,0.742465769568193,-6.782410953182513e-05,0.9475413395055226,True,118.62190382417744
source_5,JUMPCPE-20211014-Run36_20211014_223431,33,dexamethasone,scaled,1.29,False,0.749834203868887,0.13163330034778237,0.8491760972129146,True,16.982827762710908
source_5,JUMPCPE-20211014-Run36_20211014_223431,33,FK-866,scaled,1.29,False,0.6682406194345428,0.025219438279477653,0.8771206620674332,True,51.77567533140288
source_5,JUMPCPE-20211014-Run36_20211014_223431,33,LY2109761,scaled,1.29,False,0.7378980438313298,0.1480884782830725,0.9273671971248227,True,53.81918340169342
source_5,JUMPCPE-20211014-Run36_20211014_223431,33,NVS-PAK1-1,scaled,1.29,False,0.4569293457141947,0.06165035375963073,0.8828306473337175,True,56.541315461699334
source_5,JUMPCPE-20211014-Run36_20211014_223431,33,quinidine,scaled,1.29,False,0.5249712619851097,0.1299524668273593,0.48254652750639204,True,10.653256562147634
source_5,JUMPCPE-20211014-Run36_20211014_223431,33,TC-S-7004,scaled,1.29,False,0.026476856186430784,0.09465469354356211,0.29426417384640485,False,17.25106287922876
source_5,JUMPCPE-20211014-Run36_20211014_223431,33,aloxistatin,scaled,1.29,False,0.32600421847248373,0.13550666453851315,0.36611705786275134,False,10.105072731247374
source_5,JUMPCPE-20210623-Run01_20210624_003152,1,AMG900,field,0.13,False,0.9230407033841325,0.03973342954259533,,True,119.20829974704665
source_5,JUMPCPE-20210623-Run01_20210624_003152,1,dexamethasone,field,0.13,False,0.8813494097485344,0.2599449083701427,,True,15.644344789254621
source_5,JUMPCPE-20210623-Run01_20210624_003152,1,FK-866,field,0.13,False,0.8851486500151569,0.23686764086096307,,True,46.12988453022831
source_5,JUMPCPE-20210623-Run01_20210624_003152,1,LY2109761,field,0.13,False,0.9190556082334569,0.2928762785608376,,True,48.72552558434513
source_5,JUMPCPE-20210623-Run01_20210624_003152,1,NVS-PAK1-1,field,0.13,False,0.7749450263952979,0.25981378338238287,,True,49.93949022641202
source_5,JUMPCPE-20210623-Run01_20210624_003152,1,quinidine,field,0.13,False,0.603607652361509,0.256505943914207,,True,4.773376551749071
source_5,JUMPCPE-20210623-Run01_20210624_003152,1,TC-S-7004,field,0.13,False,0.7968695888444938,0.20373849219736817,,True,54.95613338054869
source_5,JUMPCPE-20210623-Run01_20210624_003152,1,aloxistatin,field,0.13,False,0.5770031770717933,0.21442504002558832,,True,5.322890323640832
source_5,JUMPCPE-20210623-Run02_20210624_225846,2,AMG900,field,1.04,False,0.9170679795947595,0.06481075744142308,0.9762843510901742,True,112.53605444636271
source_5,JUMPCPE-20210623-Run02_20210624_225846,2,dexamethasone,field,1.04,False,0.8845214819935198,0.29005494069155574,0.9132156975508174,True,18.253543933659145
source_5,JUMPCPE-20210623-Run02_20210624_225846,2,FK-866,field,1.04,False,0.8707051313914749,0.2642531171469965,0.943200078672567,True,46.80878750594466
source_5,JUMPCPE-20210623-Run02_20210624_225846,2,LY2109761,field,1.04,False,0.9156911346902756,0.3189672910786521,0.9598732377539556,True,50.50347289831318
source_5,JUMPCPE-20210623-Run02_20210624_225846,2,NVS-PAK1-1,field,1.04,False,0.8024462169664852,0.2671071629438645,0.9570034852982238,True,48.14921332742549
source_5,JUMPCPE-20210623-Run02_20210624_225846,2,quinidine,field,1.04,False,0.4853185103353407,0.28189699379605143,0.4473749908325989,True,6.196112829078328
source_5,JUMPCPE-20210623-Run02_20210624_225846,2,TC-S-7004,field,1.04,False,0.8180272878880248,0.21721428009516716,0.9577661376105011,True,53.0942321130663
source_5,JUMPCPE-20210623-Run02_20210624_225846,2,aloxistatin,field,1.04,False,0.5751031736479902,0.29122551465931323,0.5528872269955436,True,7.976402175005112
source_5,JUMPCPE-20210628-Run02_20210628_170203,3,AMG900,field,0.74,False,0.9224517296643149,0.0632179793172299,0.9821656926641034,True,117.28048406867609
source_5,JUMPCPE-20210628-Run02_20210628_170203,3,dexamethasone,field,0.74,False,0.908321410882549,0.24842555389020132,0.920251569314582,True,16.72635763954772
source_5,JUMPCPE-20210628-Run02_20210628_170203,3,FK-866,field,0.74,False,0.8964338066398894,0.27271263972311,0.9483086733102767,True,45.7712183261369
source_5,JUMPCPE-20210628-Run02_20210628_170203,3,LY2109761,field,0.74,False,0.90304379627637,0.3160938412138254,0.9539321675178201,True,50.90040086329119
source_5,JUMPCPE-20210628-Run02_20210628_170203,3,NVS-PAK1-1,field,0.74,False,0.8000463848681907,0.2599444509754176,0.9626150479970259,True,52.56827809840808
source_5,JUMPCPE-20210628-Run02_20210628_170203,3,quinidine,field,0.74,False,0.6811419325327109,0.37687305014166345,0.5581726131794599,True,7.312970350185183
source_5,JUMPCPE-20210628-Run02_20210628_170203,3,TC-S-7004,field,0.74,False,0.8163234852483064,0.19748027312657487,0.9674222772199845,True,47.97338425811696
source_5,JUMPCPE-20210628-Run02_20210628_170203,3,aloxistatin,field,0.74,False,0.5488518378649894,0.27172552444721243,0.6009225756753814,False,8.650138516543866
source_5,JUMPCPE-20210628-Run03_20210629_064133,4,AMG900,field,1.13,False,0.9380168107991768,0.07108516078458257,0.9809052883574012,True,112.36277122868175
source_5,JUMPCPE-20210628-Run03_20210629_064133,4,dexamethasone,field,1.13,False,0.8939950568582431,0.23179141705897102,0.939643018197472,True,15.528947887996377
source_5,JUMPCPE-20210628-Run03_20210629_064133,4,FK-866,field,1.13,False,0.9080112398159919,0.28264643834709424,0.947252739580124,True,50.616062677173964
source_5,JUMPCPE-20210628-Run03_20210629_064133,4,LY2109761,field,1.13,False,0.9342286598029189,0.3253102126962687,0.9327342626513233,True,55.5927800776702
source_5,JUMPCPE-20210628-Run03_20210629_064133,4,NVS-PAK1-1,field,1.13,False,0.8588019794710301,0.2909317864768104,0.9355597896503207,True,53.44305498850309
source_5,JUMPCPE-20210628-Run03_20210629_064133,4,quinidine,field,1.13,False,0.7642365491791643,0.36308982687817404,0.6107646538872614,True,5.5569633847673625
source_5,JUMPCPE-20210628-Run03_20210629_064133,4,TC-S-7004,field,1.13,False,0.8380304846634709,0.2615400573018801,0.9523426972820376,True,59.40456750087314
source_5,JUMPCPE-20210628-Run03_20210629_064133,4,aloxistatin,field,1.13,False,0.5683561390961169,0.25147265038421523,0.668211865686155,True,5.976045189693777
source_5,JUMPCPE-20210702-Run04_20210703_060202,5,AMG900,field,1.29,False,0.9329677913859858,0.06765105307644781,0.9755919500567408,True,106.95579485602804
source_5,JUMPCPE-20210702-Run04_20210703_060202,5,dexamethasone,field,1.29,False,0.9185022554247669,0.28541391723992826,0.9317999211937646,True,14.521925716823114
source_5,JUMPCPE-20210702-Run04_20210703_060202,5,FK-866,field,1.29,False,0.8840387201424316,0.24520417264256,0.943912523284722,True,44.44926008467865
source_5,JUMPCPE-20210702-Run04_20210703_060202,5,LY2109761,field,1.29,False,0.9344691478932298,0.3124497879608314,0.9544839622965148,True,51.875131481504255
source_5,JUMPCPE-20210702-Run04_20210703_060202,5,NVS-PAK1-1,field,1.29,False,0.8373197002554319,0.2781827111224916,0.9352817408823543,True,46.471879898135896
source_5,JUMPCPE-20210702-Run04_20210703_060202,5,quinidine,field,1.29,False,0.707655723081242,0.23165261131427836,0.5190482317248263,True,4.300744877372373
source_5,JUMPCPE-20210702-Run04_20210703_060202,5,TC-S-7004,field,1.29,False,0.8321892073839938,0.23269844306254422,0.9407342741917314,True,43.11353036234837
source_5,JUMPCPE-20210702-Run04_20210703_060202,5,aloxistatin,field,1.29,False,0.5276503784293585,0.21603239897814824,0.6043756859908435,True,4.278551957861887
source_5,JUMPCPE-20210704-Run05_20210705_025956,6,AMG900,field,1.06,False,0.9397054211729228,0.09210092191623867,0.9680455365749172,True,113.39914113192943
source_5,JUMPCPE-20210704-Run05_20210705_025956,6,dexamethasone,field,1.06,False,0.875844664190144,0.17157510386956362,0.9255276460042643,True,14.401072601365566
source_5,JUMPCPE-20210704-Run05_20210705_025956,6,FK-866,field,1.06,False,0.9037895180958961,0.25343606620547077,0.9512621463397314,True,48.752332264073885
source_5,JUMPCPE-20210704-Run05_20210705_025956,6,LY2109761,field,1.06,False,0.9415351876332777,0.3047829837436003,0.9593415544145962,True,50.345594154525365
source_5,JUMPCPE-20210704-Run05_20210705_025956,6,NVS-PAK1-1,field,1.06,False,0.8704616856784119,0.2677070056423137,0.9248801932790622,True,38.6896973551207
source_5,JUMPCPE-20210704-Run05_20210705_025956,6,quinidine,field,1.06,False,0.6707452796724056,0.21382350445567694,0.48250643678105454,True,4.899205716749648
source_5,JUMPCPE-20210704-Run05_20210705_025956,6,TC-S-7004,field,1.06,False,0.8100726186533864,0.2557339904553642,0.9673000539352155,True,48.85365000546803
source_5,JUMPCPE-20210704-Run05_20210705_025956,6,aloxistatin,field,1.06,False,0.5588151459884243,0.19068890753076045,0.5584756985617017,True,4.360023597535855
source_5,JUMPCPE-20210706-Run06_20210706_235916,7,AMG900,field,0.86,False,0.9429820164219247,0.06625110104293128,0.9792501049527811,True,118.80479589840289
source_5,JUMPCPE-20210706-Run06_20210706_235916,7,dexamethasone,field,0.86,False,0.8781905625387967,0.16865675023758145,0.9156893918236938,True,15.792503940627645
source_5,JUMPCPE-20210706-Run06_20210706_235916,7,FK-866,field,0.86,False,0.9026422307321292,0.2470193765114189,0.9638539849433817,True,49.43452369019248
source_5,JUMPCPE-20210706-Run06_20210706_235916,7,LY2109761,field,0.86,False,0.9366937834440695,0.28369438269563135,0.971221910655659,True,46.72862378407227
source_5,JUMPCPE-20210706-Run06_20210706_235916,7,NVS-PAK1-1,field,0.86,False,0.834189145831809,0.274332988143437,0.948742797187375,True,49.28341101996615
source_5,JUMPCPE-20210706-Run06_20210706_235916,7,quinidine,field,0.86,False,0.7160167017268826,0.29614562328370236,0.6052841829438929,True,6.653854627954201
source_5,JUMPCPE-20210706-Run06_20210706_235916,7,TC-S-7004,field,0.86,False,0.8048753513190686,0.23172361411820994,0.9744260780378082,True,46.9996269257662
source_5,JUMPCPE-20210706-Run06_20210706_235916,7,aloxistatin,field,0.86,False,0.41486630679149383,0.21068431952861905,0.47505116248706786,True,5.777926843432908
source_5,JUMPCPE-20210709-Run07_20210709_230159,8,AMG900,field,0.94,False,0.9368686277722611,0.055073506710118514,0.9806283056577123,True,114.58340112010204
source_5,JUMPCPE-20210709-Run07_20210709_230159,8,dexamethasone,field,0.94,False,0.8918735123485927,0.25957211889926324,0.9380599010569697,True,15.133165203723765
source_5,JUMPCPE-20210709-Run07_20210709_230159,8,FK-866,field,0.94,False,0.9095116374119632,0.2302241710937715,0.9513285178013116,True,44.16116594562333
source_5,JUMPCPE-20210709-Run07_20210709_230159,8,LY2109761,field,0.94,False,0.9287152495989235,0.2932028864916631,0.9638558292319475,True,45.768961687486716
source_5,JUMPCPE-20210709-Run07_20210709_230159,8,NVS-PAK1-1,field,0.94,False,0.8460103252394173,0.25799550305791985,0.9445913876361,True,44.79793925572209
source_5,JUMPCPE-20210709-Run07_20210709_230159,8,quinidine,field,0.94,False,0.6442222968581492,0.28663249219930415,0.5386592780223969,True,6.206541469612081
source_5,JUMPCPE-20210709-Run07_20210709_230159,8,TC-S-7004,field,0.94,False,0.7898112073219428,0.1922213090785476,0.9576129287789588,True,34.826912073441044
source_5,JUMPCPE-20210709-Run07_20210709_230159,8,aloxistatin,field,0.94,False,0.5684977823103419,0.2662636547450524,0.5909261775034487,True,7.019004293512491
source_5,JUMPCPE-20210709-Run08_20210711_195507,9,AMG900,field,0.58,False,0.9348003903225343,0.06634213391986786,0.9793285192797236,True,122.21310986047645
source_5,JUMPCPE-20210709-Run08_20210711_195507,9,dexamethasone,field,0.58,False,0.8504186375608318,0.24674902164353416,0.9366374663016637,True,15.198968008755227
source_5,JUMPCPE-20210709-Run08_20210711_195507,9,FK-866,field,0.58,False,0.8979477666144685,0.27961601846350953,0.963465672158655,True,48.078765986328555
source_5,JUMPCPE-20210709-Run08_20210711_195507,9,LY2109761,field,0.58,False,0.89694786156992,0.2867338475509588,0.9691898116765374,True,44.16688085148521
source_5,JUMPCPE-20210709-Run08_20210711_195507,9,NVS-PAK1-1,field,0.58,False,0.8138585334038095,0.24860877174316628,0.9613020044290421,True,50.79707855927905
source_5,JUMPCPE-20210709-Run08_20210711_195507,9,quinidine,field,0.58,False,0.5375939678438784,0.23620676219795628,0.5341469574551875,True,5.792677825814111
source_5,JUMPCPE-20210709-Run08_20210711_195507,9,TC-S-7004,field,0.58,False,0.7439601894837814,0.1909558554355693,0.9667798950450888,True,34.80784604794177
source_5,JUMPCPE-20210709-Run08_20210711_195507,9,aloxistatin,field,0.58,False,0.6308057866027725,0.32602990962615597,0.6078944853437014,True,7.083643090099123
source_5,JUMPCPE-20210712-Run09_20210713_003159,10,AMG900,field,0.88,False,0.9370327829371567,0.07468647820706129,0.9800289128351753,True,116.0430154675102
source_5,JUMPCPE-20210712-Run09_20210713_003159,10,dexamethasone,field,0.88,False,0.8948140281802727,0.26325708973106016,0.9264350963564265,True,16.73409446920844
source_5,JUMPCPE-20210712-Run09_20210713_003159,10,FK-866,field,0.88,False,0.9019498931396436,0.273421650202422,0.958221477600299,True,46.98638624352377
source_5,JUMPCPE-20210712-Run09_20210713_003159,10,LY2109761,field,0.88,False,0.9245577125298745,0.31605800743589335,0.9658532742443665,True,47.38690800413749
source_5,JUMPCPE-20210712-Run09_20210713_003159,10,NVS-PAK1-1,field,0.88,False,0.8420888301824199,0.2574199696419627,0.9472624918617749,True,51.017224122720116
source_5,JUMPCPE-20210712-Run09_20210713_003159,10,quinidine,field,0.88,False,0.6762317517202585,0.3776352436760338,0.5177903594753699,True,6.316646586512662
source_5,JUMPCPE-20210712-Run09_20210713_003159,10,TC-S-7004,field,0.88,False,0.7936982433109031,0.20505669628802908,0.9593781461769748,True,34.753781358716694
source_5,JUMPCPE-20210712-Run09_20210713_003159,10,aloxistatin,field,0.88,False,0.5750594976457216,0.3182109966664543,0.5647104445546622,False,7.11031947916451
source_5,JUMPCPE-20210715-Run10_20210715_223420,11,AMG900,field,0.77,False,0.9451280210281887,0.06337549744472379,0.9817143329670834,True,115.62707982181473
source_5,JUMPCPE-20210715-Run10_20210715_223420,11,dexamethasone,field,0.77,False,0.9166014036962544,0.25822888877308536,0.9528077985047191,True,14.790552982790242
source_5,JUMPCPE-20210715-Run10_20210715_223420,11,FK-866,field,0.77,False,0.9038193219845677,0.23464517979660077,0.9576466553471771,True,45.795502741016534
source_5,JUMPCPE-20210715-Run10_20210715_223420,11,LY2109761,field,0.77,False,0.9279396884964985,0.3029401183138999,0.9735088904523589,True,45.293391708760765
source_5,JUMPCPE-20210715-Run10_20210715_223420,11,NVS-PAK1-1,field,0.77,False,0.8468996761615251,0.2671416565163736,0.9539488899986942,True,46.26022440602923
source_5,JUMPCPE-20210715-Run10_20210715_223420,11,quinidine,field,0.77,False,0.7386831359443222,0.40773016953936697,0.6600773228191941,True,5.831514197290331
source_5,JUMPCPE-20210715-Run10_20210715_223420,11,TC-S-7004,field,0.77,False,0.7408914715274508,0.19213997437232083,0.9059396244013014,True,21.02292240383601
source_5,JUMPCPE-20210715-Run10_20210715_223420,11,aloxistatin,field,0.77,False,0.603115102383615,0.33980049468258183,0.5995192151153883,True,6.296554119434963
source_5,JUMPCPE-20210716-Run11_20210717_192647,12,AMG900,field,1.07,False,0.9361292501401356,0.06446679026407166,0.9768947978368359,True,116.97470385430209
source_5,JUMPCPE-20210716-Run11_20210717_192647,12,dexamethasone,field,1.07,False,0.89854253030672,0.15139447831761346,0.9266413602059327,True,14.623051501453906
source_5,JUMPCPE-20210716-Run11_20210717_192647,12,FK-866,field,1.07,False,0.8975870509846621,0.21869775692609286,0.9415460121120627,True,47.73287924789104
source_5,JUMPCPE-20210716-Run11_20210717_192647,12,LY2109761,field,1.07,False,0.9419524560986566,0.27727105109509453,0.9689097971756547,True,48.19007649321029
source_5,JUMPCPE-20210716-Run11_20210717_192647,12,NVS-PAK1-1,field,1.07,False,0.8390869471213025,0.2794277544489049,0.9330340071812608,True,46.394793587236926
source_5,JUMPCPE-20210716-Run11_20210717_192647,12,quinidine,field,1.07,False,0.71842799464742,0.23622789010921244,0.5313321762913581,True,5.183055196782276
source_5,JUMPCPE-20210716-Run11_20210717_192647,12,TC-S-7004,field,1.07,False,0.7773473701997774,0.21233661453759908,0.9633511923617399,True,35.39853813828318
source_5,JUMPCPE-20210716-Run11_20210717_192647,12,aloxistatin,field,1.07,False,0.5514841490478675,0.13543729329939144,0.6530818592255262,True,3.6559615935573877
source_5,JUMPCPE-20210716-Run12_20210719_162047,13,AMG900,field,0.94,False,0.9370309926144955,0.0531059359582139,0.980860215698859,True,120.67285295522932
source_5,JUMPCPE-20210716-Run12_20210719_162047,13,dexamethasone,field,0.94,False,0.8882235434080039,0.1588033978021469,0.9322517005256212,True,15.523735977992274
source_5,JUMPCPE-20210716-Run12_20210719_162047,13,FK-866,field,0.94,False,0.8928606967509316,0.27294331410229195,0.9244724520940399,True,48.3226637663733
source_5,JUMPCPE-20210716-Run12_20210719_162047,13,LY2109761,field,0.94,False,0.9152726920644372,0.297008113115314,0.9759999017333922,True,50.52015282149613
source_5,JUMPCPE-20210716-Run12_20210719_162047,13,NVS-PAK1-1,field,0.94,False,0.8390370838347159,0.28185047459367,0.9591614911951195,True,50.426611206199965
source_5,JUMPCPE-20210716-Run12_20210719_162047,13,quinidine,field,0.94,False,0.7278859007746148,0.2605838345837832,0.6092401902467139,True,5.363012282415783
source_5,JUMPCPE-20210716-Run12_20210719_162047,13,TC-S-7004,field,0.94,False,0.7420358777022029,0.18867185522630023,0.9441759389418907,True,27.66103050395998
source_5,JUMPCPE-20210716-Run12_20210719_162047,13,aloxistatin,field,0.94,False,0.5514674098515413,0.20381147610160952,0.7389092013671976,True,5.407588415338967
source_5,JUMPCPE-20210719-Run13_20210721_131445,14,AMG900,field,1.15,False,0.9440606208879329,0.0664362443239637,0.9819712516545385,True,116.49877993628502
source_5,JUMPCPE-20210719-Run13_20210721_131445,14,dexamethasone,field,1.15,False,0.9039886967198847,0.2215694093930651,0.9285143643631756,True,14.446438037860789
source_5,JUMPCPE-20210719-Run13_20210721_131445,14,FK-866,field,1.15,False,0.9016805668940786,0.23907840077700587,0.9466480767155577,True,44.98718821955947
source_5,JUMPCPE-20210719-Run13_20210721_131445,14,LY2109761,field,1.15,False,0.9283088657392035,0.29276952058986067,0.9721261398431801,True,47.31405052862625
source_5,JUMPCPE-20210719-Run13_20210721_131445,14,NVS-PAK1-1,field,1.15,False,0.8331435444376978,0.2939322826097827,0.9401765519472067,True,44.910381018195885
source_5,JUMPCPE-20210719-Run13_20210721_131445,14,quinidine,field,1.15,False,0.7727910532964346,0.36171159972961897,0.6254426474767962,True,5.631761616480864
source_5,JUMPCPE-20210719-Run13_20210721_131445,14,TC-S-7004,field,1.15,False,0.7609836235794829,0.17937324819483877,0.9132857814166919,True,22.355750045052456
source_5,JUMPCPE-20210719-Run13_20210721_131445,14,aloxistatin,field,1.15,False,0.574531053604919,0.30542090174901704,0.6303170940571551,True,4.625477582150912
source_5,JUMPCPE-20210730-Run14_20210731_000211,15,AMG900,field,0.9,False,0.9317423914163809,0.07527230994538332,0.978124938876417,True,116.11304763829673
source_5,JUMPCPE-20210730-Run14_20210731_000211,15,dexamethasone,field,0.9,False,0.9184573095891246,0.24411039268433213,0.9534926493538851,True,15.026262997882755
source_5,JUMPCPE-20210730-Run14_20210731_000211,15,FK-866,field,0.9,False,0.8931646613290207,0.23837864190304098,0.9452919165781221,True,47.03826765111344
source_5,JUMPCPE-20210730-Run14_20210731_000211,15,LY2109761,field,0.9,False,0.9109732523363127,0.283087403649198,0.9740092186664338,True,45.72911723876085
source_5,JUMPCPE-20210730-Run14_20210731_000211,15,NVS-PAK1-1,field,0.9,False,0.8247223759690723,0.2841587197887325,0.9510624638502679,True,46.44836611443229
source_5,JUMPCPE-20210730-Run14_20210731_000211,15,quinidine,field,0.9,False,0.7885608966286455,0.33947348822077156,0.6460994857257125,True,5.913077341910035
source_5,JUMPCPE-20210730-Run14_20210731_000211,15,TC-S-7004,field,0.9,False,0.7760437922371117,0.219250274465726,0.9692822721473219,True,36.84317855284311
source_5,JUMPCPE-20210730-Run14_20210731_000211,15,aloxistatin,field,0.9,False,0.6069531372324954,0.2872618569183096,0.6381429459082882,True,4.708919644546834
source_5,JUMPCPE-20210730-Run15_20210801_205335,16,AMG900,field,1.36,False,0.9352475129022443,0.10250293354641235,0.9694783489168326,True,111.45511219236516
source_5,JUMPCPE-20210730-Run15_20210801_205335,16,dexamethasone,field,1.36,False,0.9240338313217671,0.26031327974938206,0.9365196572308314,True,16.668955586895628
source_5,JUMPCPE-20210730-Run15_20210801_205335,16,FK-866,field,1.36,False,0.8735351126731443,0.33161193759068136,0.9032238285657531,True,48.057869116095766
source_5,JUMPCPE-20210730-Run15_20210801_205335,16,LY2109761,field,1.36,False,0.8960940242610793,0.33086610499759367,0.9489238959709689,True,50.50648364624629
source_5,JUMPCPE-20210730-Run15_20210801_205335,16,NVS-PAK1-1,field,1.36,False,0.8367165316884289,0.32119945193437754,0.9124425128628237,True,52.16276287185641
source_5,JUMPCPE-20210730-Run15_20210801_205335,16,quinidine,field,1.36,False,0.7052305833894045,0.40367736655331515,0.6191859201187875,True,7.852698089049152
source_5,JUMPCPE-20210730-Run15_20210801_205335,16,TC-S-7004,field,1.36,False,0.8200430707444735,0.2369413873152344,0.9287255690536627,True,39.213216869105935
source_5,JUMPCPE-20210730-Run15_20210801_205335,16,aloxistatin,field,1.36,False,0.5758505231965939,0.29393145816070854,0.6001339581713809,False,8.112184284684394
source_5,JUMPCPE-20210730-Run16_20210803_174908,17,AMG900,field,1.21,False,0.9329200880020904,0.07967894609691319,0.9786477988375283,True,116.53185815971979
source_5,JUMPCPE-20210730-Run16_20210803_174908,17,dexamethasone,field,1.21,False,0.8993586417897448,0.2007666534428069,0.9286501534884997,True,14.726792713517323
source_5,JUMPCPE-20210730-Run16_20210803_174908,17,FK-866,field,1.21,False,0.8865762537000652,0.22341407743811031,0.9353753714653479,True,45.590514995714095
source_5,JUMPCPE-20210730-Run16_20210803_174908,17,LY2109761,field,1.21,False,0.9093032460065462,0.27348914839295885,0.9689978574964322,True,44.87548299874197
source_5,JUMPCPE-20210730-Run16_20210803_174908,17,NVS-PAK1-1,field,1.21,False,0.8250911499519078,0.260706875516985,0.9546199102914295,True,47.433491036978175
source_5,JUMPCPE-20210730-Run16_20210803_174908,17,quinidine,field,1.21,False,0.7047309773807415,0.3458907883018024,0.5905267056778547,True,5.348990827925719
source_5,JUMPCPE-20210730-Run16_20210803_174908,17,TC-S-7004,field,1.21,False,0.7721471894905552,0.18049718115255445,0.9549206680261008,True,28.511295625918333
source_5,JUMPCPE-20210730-Run16_20210803_174908,17,aloxistatin,field,1.21,False,0.6652544572855686,0.27715165357906185,0.6404507513429564,True,5.004812293061007
source_5,JUMPCPE-20210806-Run17_20210807_000211,18,AMG900,field,1.56,False,0.9232676910875667,0.09959535020100985,0.9537260438464186,True,111.81728586085363
source_5,JUMPCPE-20210806-Run17_20210807_000211,18,dexamethasone,field,1.56,False,0.8747613470427746,0.12820697985312998,0.9003456192448938,True,15.561395315636515
source_5,JUMPCPE-20210806-Run17_20210807_000211,18,FK-866,field,1.56,False,0.8690223985065652,0.227623721744789,0.9115563009602302,True,50.80819089027748
source_5,JUMPCPE-20210806-Run17_20210807_000211,18,LY2109761,field,1.56,False,0.9288068456194725,0.28315534404854353,0.9610236242698939,True,52.50549359322376
source_5,JUMPCPE-20210806-Run17_20210807_000211,18,NVS-PAK1-1,field,1.56,False,0.8390434492163281,0.27239519987021993,0.9006228737446508,True,45.30859212964017
source_5,JUMPCPE-20210806-Run17_20210807_000211,18,quinidine,field,1.56,False,0.701488364457779,0.2046210190497749,0.5283659604305075,True,5.834476185892872
source_5,JUMPCPE-20210806-Run17_20210807_000211,18,TC-S-7004,field,1.56,False,0.7199668015122899,0.23468071601451473,0.9115675341638136,True,21.763123335611702
source_5,JUMPCPE-20210806-Run17_20210807_000211,18,aloxistatin,field,1.56,False,0.6318373825166363,0.0840754912378298,0.5374338899000399,True,4.442086947859301
source_5,JUMPCPE-20210806-Run18_20210808_210526,19,AMG900,field,1.49,False,0.9186410129627152,0.07887062918248108,0.9693240261965574,True,114.50335234107145
source_5,JUMPCPE-20210806-Run18_20210808_210526,19,dexamethasone,field,1.49,False,0.8831177364067668,0.23288070934750602,0.9132877979941196,True,16.703233663298253
source_5,JUMPCPE-20210806-Run18_20210808_210526,19,FK-866,field,1.49,False,0.8677705492003378,0.3030890830397346,0.911080444433608,True,51.97818609739143
source_5,JUMPCPE-20210806-Run18_20210808_210526,19,LY2109761,field,1.49,False,0.8687925881462409,0.28817999040459663,0.9303628356155391,True,46.228043748924065
source_5,JUMPCPE-20210806-Run18_20210808_210526,19,NVS-PAK1-1,field,1.49,False,0.7967015156181303,0.2651649965323718,0.9298732866178737,True,48.61242659974291
source_5,JUMPCPE-20210806-Run18_20210808_210526,19,quinidine,field,1.49,False,0.5885346957028634,0.2886219222174713,0.4725431531264962,True,8.277655466019608
source_5,JUMPCPE-20210806-Run18_20210808_210526,19,TC-S-7004,field,1.49,False,0.7429133616346348,0.18438597093516687,0.8530986661943707,True,23.296868134892048
source_5,JUMPCPE-20210806-Run18_20210808_210526,19,aloxistatin,field,1.49,False,0.4722520819643557,0.1516656791809227,0.4949833585833427,True,5.537935781069375
source_5,JUMPCPE-20210811-Run18_20210811_182136,20,AMG900,field,1.37,False,0.9272931116923488,0.07468159830211851,0.9671668729072775,True,117.82904540708138
source_5,JUMPCPE-20210811-Run18_20210811_182136,20,dexamethasone,field,1.37,False,0.8258764361866644,0.12721694691769506,0.8916648686644696,True,16.179843442911963
source_5,JUMPCPE-20210811-Run18_20210811_182136,20,FK-866,field,1.37,False,0.8611776791760855,0.30366099596567914,0.9112004629648127,True,51.63910955368114
source_5,JUMPCPE-20210811-Run18_20210811_182136,20,LY2109761,field,1.37,False,0.8523121072419497,0.2806562899595026,0.9266630228226928,True,43.19098842602924
source_5,JUMPCPE-20210811-Run18_20210811_182136,20,NVS-PAK1-1,field,1.37,False,0.8341813853303965,0.25483320515637076,0.9310226289229433,True,46.48731396936592
source_5,JUMPCPE-20210811-Run18_20210811_182136,20,quinidine,field,1.37,False,0.5516738136028627,0.2232852748482781,0.6087589722563778,True,6.569892064656788
source_5,JUMPCPE-20210811-Run18_20210811_182136,20,TC-S-7004,field,1.37,False,0.6764858917897872,0.1685280666026459,0.8081551621692709,True,16.535506326721396
source_5,JUMPCPE-20210811-Run18_20210811_182136,20,aloxistatin,field,1.37,False,0.3368703723462584,0.10833074734247375,0.5432209283712123,True,6.338403395336249
source_5,JUMPCPE-20210812-Run20_20210815_062625,21,AMG900,field,1.15,False,0.9375643692498866,0.08226657704301489,0.9727197655108952,True,120.83674529346376
source_5,JUMPCPE-20210812-Run20_20210815_062625,21,dexamethasone,field,1.15,False,0.900293513264916,0.2093775518284771,0.9133364258197187,True,16.354672107712805
source_5,JUMPCPE-20210812-Run20_20210815_062625,21,FK-866,field,1.15,False,0.897462364703008,0.25023351037568714,0.9299023719034369,True,50.137904369690574
source_5,JUMPCPE-20210812-Run20_20210815_062625,21,LY2109761,field,1.15,False,0.8761150459877504,0.27422589797356783,0.9543795105931363,True,42.799099637188604
source_5,JUMPCPE-20210812-Run20_20210815_062625,21,NVS-PAK1-1,field,1.15,False,0.8112357484797477,0.2818364419004128,0.9233434012758457,True,44.16044982980925
source_5,JUMPCPE-20210812-Run20_20210815_062625,21,quinidine,field,1.15,False,0.6691701485818741,0.35688378639802115,0.6523057341699063,True,5.896220655836721
source_5,JUMPCPE-20210812-Run20_20210815_062625,21,TC-S-7004,field,1.15,False,0.4682247102838215,0.2491203828623967,0.5016583848770366,True,11.88849025361197
source_5,JUMPCPE-20210812-Run20_20210815_062625,21,aloxistatin,field,1.15,False,0.5705482175738413,0.27053862007669943,0.7167121836030867,False,6.982372337068594
source_5,JUMPCPE-20210813-Run21_20210817_031500,22,AMG900,field,1.18,False,0.9311099071532336,0.08505047946314913,0.9686749330743324,True,117.89182679649949
source_5,JUMPCPE-20210813-Run21_20210817_031500,22,dexamethasone,field,1.18,False,0.8911274851013811,0.2765917819236318,0.9251315233739136,True,16.380369172215282
source_5,JUMPCPE-20210813-Run21_20210817_031500,22,FK-866,field,1.18,False,0.8982932238151138,0.28230232015097995,0.9215962787051576,True,49.121340854462446
source_5,JUMPCPE-20210813-Run21_20210817_031500,22,LY2109761,field,1.18,False,0.8992664848653972,0.29045798650384597,0.952059996559409,True,45.42599775493766
source_5,JUMPCPE-20210813-Run21_20210817_031500,22,NVS-PAK1-1,field,1.18,False,0.8478459005078745,0.28802884229346837,0.9046934743209255,True,44.45568716289521
source_5,JUMPCPE-20210813-Run21_20210817_031500,22,quinidine,field,1.18,False,0.6951615163599139,0.3661431640070228,0.6161036063721707,True,7.313812173426808
source_5,JUMPCPE-20210813-Run21_20210817_031500,22,TC-S-7004,field,1.18,False,0.5008430366946872,0.2949110584968642,0.49417148063207655,True,13.637784814968018
source_5,JUMPCPE-20210813-Run21_20210817_031500,22,aloxistatin,field,1.18,False,0.5029248325095543,0.30271426774308247,0.6432854806010898,False,8.79741457995976
source_5,JUMPCPE-20210820-Run22_20210821_180957,23,AMG900,field,0.95,False,0.9401318260076227,0.08892846311532919,0.974404063027859,True,120.5307579782289
source_5,JUMPCPE-20210820-Run22_20210821_180957,23,dexamethasone,field,0.95,False,0.8978302657167194,0.2015802421710959,0.9292024058060293,True,16.843722000830063
source_5,JUMPCPE-20210820-Run22_20210821_180957,23,FK-866,field,0.95,False,0.9011792965471341,0.28263269435980815,0.9431553949804803,True,49.11857430017929
source_5,JUMPCPE-20210820-Run22_20210821_180957,23,LY2109761,field,0.95,False,0.8946350765966509,0.26434996474850736,0.9608435818035498,True,45.911932875739744
source_5,JUMPCPE-20210820-Run22_20210821_180957,23,NVS-PAK1-1,field,0.95,False,0.8014547830905987,0.29991100041030977,0.9487911921966047,True,49.45055875069334
source_5,JUMPCPE-20210820-Run22_20210821_180957,23,quinidine,field,0.95,False,0.7509627607621151,0.303493360245514,0.6544030945824975,True,5.5807695997832125
source_5,JUMPCPE-20210820-Run22_20210821_180957,23,TC-S-7004,field,0.95,False,0.5406682289909442,0.23466335410063816,0.6752536853218838,True,16.018272214050604
source_5,JUMPCPE-20210820-Run22_20210821_180957,23,aloxistatin,field,0.95,False,0.5527733140946065,0.2196991992772745,0.6118478352124824,True,4.259219223455561
source_5,JUMPCPE-20210820-Run23_20210823_145853,24,AMG900,field,1.12,False,0.9273246150375682,0.07257979523224063,0.9699611185795786,True,118.92531418027347
source_5,JUMPCPE-20210820-Run23_20210823_145853,24,dexamethasone,field,1.12,False,0.8821057955251917,0.279981088535166,0.919884832807257,True,15.178540098575622
source_5,JUMPCPE-20210820-Run23_20210823_145853,24,FK-866,field,1.12,False,0.9059522738367274,0.27849471668923775,0.9337642754276393,True,49.118419137611646
source_5,JUMPCPE-20210820-Run23_20210823_145853,24,LY2109761,field,1.12,False,0.8997182451586573,0.2981715066273904,0.960549779557859,True,42.89206108494301
source_5,JUMPCPE-20210820-Run23_20210823_145853,24,NVS-PAK1-1,field,1.12,False,0.829533205739692,0.3059887194725265,0.9149107158674074,True,47.10315174068043
source_5,JUMPCPE-20210820-Run23_20210823_145853,24,quinidine,field,1.12,False,0.6853535389913982,0.41124632623513663,0.5968498625234206,True,8.095913216176822
source_5,JUMPCPE-20210820-Run23_20210823_145853,24,TC-S-7004,field,1.12,False,0.4883755906548761,0.23763164200509537,0.49851520082365125,True,18.481695463781108
source_5,JUMPCPE-20210820-Run23_20210823_145853,24,aloxistatin,field,1.12,False,0.5610074209419065,0.3309746610487382,0.6501686143234433,False,8.650603648571515
source_5,JUMPCPE-20210902-Run26_20210903_010341,25,AMG900,field,1.25,False,0.9326098764446635,0.0695490034599016,0.9665188479045833,True,117.010847844294
source_5,JUMPCPE-20210902-Run26_20210903_010341,25,dexamethasone,field,1.25,False,0.8380931444208652,0.14632360351950677,0.911175869641929,True,15.667574496637755
source_5,JUMPCPE-20210902-Run26_20210903_010341,25,FK-866,field,1.25,False,0.8862404910821943,0.2458264249312221,0.9588656473896069,True,49.02558478657362
source_5,JUMPCPE-20210902-Run26_20210903_010341,25,LY2109761,field,1.25,False,0.9070788581957285,0.26357516351772453,0.953450923300655,True,47.06864054948893
source_5,JUMPCPE-20210902-Run26_20210903_010341,25,NVS-PAK1-1,field,1.25,False,0.8561127297928699,0.23540851711866395,0.9267541735996883,True,46.04086360363534
source_5,JUMPCPE-20210902-Run26_20210903_010341,25,quinidine,field,1.25,False,0.646403691205823,0.30004379585043306,0.49008997867930326,True,6.555341840804709
source_5,JUMPCPE-20210902-Run26_20210903_010341,25,TC-S-7004,field,1.25,False,0.6488209242551224,0.2101259821667367,0.7742076132643207,True,14.992547820269488
source_5,JUMPCPE-20210902-Run26_20210903_010341,25,aloxistatin,field,1.25,False,0.3494813060107965,0.009588582682959344,0.40768755877311286,True,4.136042023981042
source_5,JUMPCPE-20210903-Run27_20210904_215148,26,AMG900,field,1.33,False,0.9344855480977197,0.06846232171053475,0.968667571392726,True,115.74754982459994
source_5,JUMPCPE-20210903-Run27_20210904_215148,26,dexamethasone,field,1.33,False,0.845201892519521,0.0926094496303972,0.8835054260991482,True,15.235883351560316
source_5,JUMPCPE-20210903-Run27_20210904_215148,26,FK-866,field,1.33,False,0.8918771578290772,0.22561405478310845,0.9316039603385093,True,48.62841273947024
source_5,JUMPCPE-20210903-Run27_20210904_215148,26,LY2109761,field,1.33,False,0.937394267719043,0.2559172856224722,0.9621174613254815,True,45.82648112076411
source_5,JUMPCPE-20210903-Run27_20210904_215148,26,NVS-PAK1-1,field,1.33,False,0.861641059800488,0.248358969952379,0.8998407077873025,True,41.81738512942364
source_5,JUMPCPE-20210903-Run27_20210904_215148,26,quinidine,field,1.33,False,0.5906493226669003,0.20964191079806285,0.451844787027897,True,5.0065366639564335
source_5,JUMPCPE-20210903-Run27_20210904_215148,26,TC-S-7004,field,1.33,False,0.5885105727335895,0.1838256132073796,0.6557068187776903,True,16.879572087923478
source_5,JUMPCPE-20210903-Run27_20210904_215148,26,aloxistatin,field,1.33,False,0.48314383825540547,0.0455726216143304,0.4543297117571,True,3.6463174911775864
source_5,JUMPCPE-20210908-Run28_20210909_072022,27,AMG900,field,0.89,False,0.9435928632662354,0.07479736517841075,0.9788291324156574,True,119.92229540218214
source_5,JUMPCPE-20210908-Run28_20210909_072022,27,dexamethasone,field,0.89,False,0.8884616306407006,0.1673621150116212,0.9327347755270782,True,16.466453429478637
source_5,JUMPCPE-20210908-Run28_20210909_072022,27,FK-866,field,0.89,False,0.8901718286885465,0.256933651992401,0.9544503541322422,True,52.45623637882489
source_5,JUMPCPE-20210908-Run28_20210909_072022,27,LY2109761,field,0.89,False,0.9059577714543743,0.23950681768703577,0.9607383135676318,True,47.045366008869124
source_5,JUMPCPE-20210908-Run28_20210909_072022,27,NVS-PAK1-1,field,0.89,False,0.8232686984122836,0.2618948690149965,0.9567875895846112,True,48.28546204320776
source_5,JUMPCPE-20210908-Run28_20210909_072022,27,quinidine,field,0.89,False,0.7649284192812859,0.24621660976271986,0.5783448030726659,True,5.53627793442029
source_5,JUMPCPE-20210908-Run28_20210909_072022,27,TC-S-7004,field,0.89,False,0.6388195360008462,0.14559334060336046,0.8533075288591487,True,15.051228567604918
source_5,JUMPCPE-20210908-Run28_20210909_072022,27,aloxistatin,field,0.89,False,0.46671473600555036,0.12396445361418948,0.6325000745864693,False,5.253034334325178
source_5,JUMPCPE-20210909-Run29_20210910_234236,28,AMG900,field,1.03,False,0.9371909271663901,0.0727101849064854,0.9762674069786381,True,116.44874081864455
source_5,JUMPCPE-20210909-Run29_20210910_234236,28,dexamethasone,field,1.03,False,0.8800718351457397,0.14083822726317394,0.8933679733619105,True,16.60938184675612
source_5,JUMPCPE-20210909-Run29_20210910_234236,28,FK-866,field,1.03,False,0.9003268162944587,0.2605768909025821,0.9356022122768155,True,48.63504162824372
source_5,JUMPCPE-20210909-Run29_20210910_234236,28,LY2109761,field,1.03,False,0.9182247216669703,0.2892059933977323,0.9610324234271881,True,46.419519955847825
source_5,JUMPCPE-20210909-Run29_20210910_234236,28,NVS-PAK1-1,field,1.03,False,0.8276765043511748,0.2743272982310482,0.9436221356877409,True,45.189833108401984
source_5,JUMPCPE-20210909-Run29_20210910_234236,28,quinidine,field,1.03,False,0.8299338179206001,0.3261559552105929,0.6337110801299167,True,5.749719613954554
source_5,JUMPCPE-20210909-Run29_20210910_234236,28,TC-S-7004,field,1.03,False,0.7755911039038011,0.202534700955675,0.9603871560547255,True,25.740603013996914
source_5,JUMPCPE-20210909-Run29_20210910_234236,28,aloxistatin,field,1.03,False,0.3890692501960192,0.12748268299191937,0.5908886569162491,False,6.206090834514333
source_5,JUMPCPE-20210910-Run30_20210912_203428,29,AMG900,field,1.58,False,0.931918277011272,0.07752525816961482,0.9624712943462025,True,111.39265525148814
source_5,JUMPCPE-20210910-Run30_20210912_203428,29,dexamethasone,field,1.58,False,0.8704455041202349,0.13649039742291078,0.9038698497002984,True,15.249969404074871
source_5,JUMPCPE-20210910-Run30_20210912_203428,29,FK-866,field,1.58,False,0.8736735660839228,0.21647031159309285,0.9123292418113664,True,51.25906629429311
source_5,JUMPCPE-20210910-Run30_20210912_203428,29,LY2109761,field,1.58,False,0.9186477423125483,0.2622023403913261,0.9577140338439815,True,47.56492015107939
source_5,JUMPCPE-20210910-Run30_20210912_203428,29,NVS-PAK1-1,field,1.58,False,0.87023242945182,0.2624233969276865,0.878455463144849,True,40.842551901807575
source_5,JUMPCPE-20210910-Run30_20210912_203428,29,quinidine,field,1.58,False,0.7970344444920183,0.34993274066734786,0.6163534347427044,True,5.848227784895298
source_5,JUMPCPE-20210910-Run30_20210912_203428,29,TC-S-7004,field,1.58,False,0.6966405418911483,0.14803544568321375,0.86657098850073,True,18.345788155319752
source_5,JUMPCPE-20210910-Run30_20210912_203428,29,aloxistatin,field,1.58,False,0.32205584553698846,0.051167278037390775,0.4295446086889594,False,4.910853287519987
source_5,JUMPCPE-20211001-Run33_20211001_152017,30,AMG900,field,1.82,False,0.9353376738830232,0.0827250181532678,0.9511295533636916,True,110.1753467964198
source_5,JUMPCPE-20211001-Run33_20211001_152017,30,dexamethasone,field,1.82,False,0.895632180181055,0.13873052164422167,0.8774427524557463,True,18.56562124799505
source_5,JUMPCPE-20211001-Run33_20211001_152017,30,FK-866,field,1.82,False,0.8796789804584242,0.26041389102462353,0.9092021141722081,True,52.033820532144226
source_5,JUMPCPE-20211001-Run33_20211001_152017,30,LY2109761,field,1.82,False,0.9266428687350228,0.3143109928681614,0.897910584441067,True,58.26964900089417
source_5,JUMPCPE-20211001-Run33_20211001_152017,30,NVS-PAK1-1,field,1.82,False,0.8450168914578535,0.29334607963785725,0.8857102150815025,True,46.556132500934474
source_5,JUMPCPE-20211001-Run33_20211001_152017,30,quinidine,field,1.82,False,0.7671205473304992,0.31960565101459915,0.6472045411530027,True,9.807332160473255
source_5,JUMPCPE-20211001-Run33_20211001_152017,30,TC-S-7004,field,1.82,False,0.5113895133588178,0.3487818634698393,0.5847386348376045,True,13.456560197929097
source_5,JUMPCPE-20211001-Run33_20211001_152017,30,aloxistatin,field,1.82,False,0.6208756365988045,0.27459958837960163,0.6281378129076748,True,8.044843964513477
source_5,JUMPCPE-20211001-Run34_20211003_121618,31,AMG900,field,1.3,False,0.9279267682126084,0.08248960598760645,0.970046779045273,True,109.9853258828248
source_5,JUMPCPE-20211001-Run34_20211003_121618,31,dexamethasone,field,1.3,False,0.9164781405743294,0.205491555815696,0.9211221771214059,True,16.843264745601275
source_5,JUMPCPE-20211001-Run34_20211003_121618,31,FK-866,field,1.3,False,0.8575292532483523,0.20959048655786847,0.9173634617082724,True,47.66904446756264
source_5,JUMPCPE-20211001-Run34_20211003_121618,31,LY2109761,field,1.3,False,0.9289789167376616,0.2912484128753384,0.9582120140314483,True,52.58181545699922
source_5,JUMPCPE-20211001-Run34_20211003_121618,31,NVS-PAK1-1,field,1.3,False,0.8261456763025025,0.2542993801313221,0.9515263263170557,True,51.44448995023269
source_5,JUMPCPE-20211001-Run34_20211003_121618,31,quinidine,field,1.3,False,0.7916840835781962,0.32462858404435785,0.5866634961179926,True,10.329264234200865
source_5,JUMPCPE-20211001-Run34_20211003_121618,31,TC-S-7004,field,1.3,False,0.3995898154489623,0.24413341225993554,0.4270265097757618,True,11.372488871151416
source_5,JUMPCPE-20211001-Run34_20211003_121618,31,aloxistatin,field,1.3,False,0.6434635957451997,0.2908198714426359,0.6712168513813136,False,6.9153651477261775
source_5,JUMPCPE-20211007-Run35_20211007_235529,32,AMG900,field,1.31,False,0.9351237556370671,0.07829590808848494,0.9741133498821403,True,115.33432241076605
source_5,JUMPCPE-20211007-Run35_20211007_235529,32,dexamethasone,field,1.31,False,0.9007805288322437,0.1936547978967346,0.8956078283319864,True,17.667159674464575
source_5,JUMPCPE-20211007-Run35_20211007_235529,32,FK-866,field,1.31,False,0.8720375989851719,0.2210945436148823,0.9371947937812423,True,46.75732401135744
source_5,JUMPCPE-20211007-Run35_20211007_235529,32,LY2109761,field,1.31,False,0.9010718089558136,0.2985729124118484,0.941876524203568,True,50.37708085870711
source_5,JUMPCPE-20211007-Run35_20211007_235529,32,NVS-PAK1-1,field,1.31,False,0.8027377852033712,0.2338386997284109,0.9509681572240536,True,53.09495415033718
source_5,JUMPCPE-20211007-Run35_20211007_235529,32,quinidine,field,1.31,False,0.8051012404009024,0.2902036212331218,0.6056053989779033,True,8.48798590664979
source_5,JUMPCPE-20211007-Run35_20211007_235529,32,TC-S-7004,field,1.31,False,0.32715568240571946,0.30466239791191224,0.36756446595620473,False,9.405901668729523
source_5,JUMPCPE-20211007-Run35_20211007_235529,32,aloxistatin,field,1.31,False,0.6042951425051625,0.23669215895831183,0.6769401536142594,False,8.951441289932863
source_5,JUMPCPE-20211014-Run36_20211014_223431,33,AMG900,field,1.29,False,0.9328716258603827,0.05907092138534679,0.9741181181080999,True,116.1390931824278
source_5,JUMPCPE-20211014-Run36_20211014_223431,33,dexamethasone,field,1.29,False,0.9003180208415013,0.19381518042669763,0.9043851402086729,True,18.01290181178261
source_5,JUMPCPE-20211014-Run36_20211014_223431,33,FK-866,field,1.29,False,0.8713134390001804,0.20545441527220262,0.9387718707920761,True,45.289023683920924
source_5,JUMPCPE-20211014-Run36_20211014_223431,33,LY2109761,field,1.29,False,0.9366382232988126,0.29387281185871145,0.9581659841531769,True,51.347007665539856
source_5,JUMPCPE-20211014-Run36_20211014_223431,33,NVS-PAK1-1,field,1.29,False,0.8068516965620698,0.23648402876565794,0.9459725611471123,True,52.420006655616454
source_5,JUMPCPE-20211014-Run36_20211014_223431,33,quinidine,field,1.29,False,0.7698830791194888,0.3290565697096552,0.61509607184788,True,9.133372114789047
source_5,JUMPCPE-20211014-Run36_20211014_223431,33,TC-S-7004,field,1.29,False,0.32454892077820463,0.29184020315514453,0.25342869628288284,False,10.911524687461164
source_5,JUMPCPE-20211014-Run36_20211014_223431,33,aloxistatin,field,1.29,False,0.6619810776255507,0.28659884334404134,0.6321513125191933,True,9.887825831289632
source_6,p210824CPU2OS48hw384exp022JUMP,1,AMG900,raw,0.29,False,0.91704820856655,0.12878954601008924,,True,61.48485103446713
source_6,p210824CPU2OS48hw384exp022JUMP,1,dexamethasone,raw,0.29,False,0.8271131108296148,0.21160963885997272,,True,10.251216708170917
source_6,p210824CPU2OS48hw384exp022JUMP,1,FK-866,raw,0.29,False,0.8493835119716631,0.2976727444903006,,True,33.21495127894248
source_6,p210824CPU2OS48hw384exp022JUMP,1,LY2109761,raw,0.29,False,0.7952179684168759,0.2333248903942673,,True,23.810578470955008
source_6,p210824CPU2OS48hw384exp022JUMP,1,NVS-PAK1-1,raw,0.29,False,0.8026941230487181,0.10513274429987851,,True,25.60621081445149
source_6,p210824CPU2OS48hw384exp022JUMP,1,quinidine,raw,0.29,False,0.6030308658398515,0.18518873542620246,,True,3.909397307426144
source_6,p210824CPU2OS48hw384exp022JUMP,1,TC-S-7004,raw,0.29,False,0.34991727567351694,-0.00872261190307855,,True,4.531159129451703
source_6,p210824CPU2OS48hw384exp022JUMP,1,aloxistatin,raw,0.29,False,0.18560345247038804,0.010288550313628231,,True,2.099424304521781
source_6,p210830CPU2OS48hw384exp023JUMP,2,AMG900,raw,0.55,False,0.9142733221009159,0.13370353048416375,0.9976908515733003,True,61.15000537861579
source_6,p210830CPU2OS48hw384exp023JUMP,2,dexamethasone,raw,0.55,False,0.84282773299304,0.22598876734753262,0.97727194202818,True,10.482129025474164
source_6,p210830CPU2OS48hw384exp023JUMP,2,FK-866,raw,0.55,False,0.8459491198751876,0.27175414682159865,0.9735918186766497,True,30.50638603747947
source_6,p210830CPU2OS48hw384exp023JUMP,2,LY2109761,raw,0.55,False,0.7993127216096352,0.2229521993145886,0.9934583571486287,True,24.013660961735994
source_6,p210830CPU2OS48hw384exp023JUMP,2,NVS-PAK1-1,raw,0.55,False,0.7763061353516907,0.09094454441040709,0.9914705937408073,True,24.90365426821867
source_6,p210830CPU2OS48hw384exp023JUMP,2,quinidine,raw,0.55,False,0.5971056412352137,0.188914046252509,0.878408149470901,True,5.421647091429279
source_6,p210830CPU2OS48hw384exp023JUMP,2,TC-S-7004,raw,0.55,False,0.3671242590516339,0.001967278394712569,0.8919954865111674,True,4.7609309873734675
source_6,p210830CPU2OS48hw384exp023JUMP,2,aloxistatin,raw,0.55,False,0.2135922397564292,0.15303579609599285,0.5577773901220282,False,2.9350251855226386
source_6,p210831CPU2OS48hw384exp024JUMP,3,AMG900,raw,1.05,False,0.9162857111732308,0.10888458028737406,0.9891108539177047,True,63.59947112947001
source_6,p210831CPU2OS48hw384exp024JUMP,3,dexamethasone,raw,1.05,False,0.8234883625986794,0.19668770869969882,0.9583881910965739,True,10.384654945231185
source_6,p210831CPU2OS48hw384exp024JUMP,3,FK-866,raw,1.05,False,0.8267372280175024,0.2545647121693646,0.953212322519525,True,28.682315284000612
source_6,p210831CPU2OS48hw384exp024JUMP,3,LY2109761,raw,1.05,False,0.7485162386083732,0.19581647256755152,0.9642196697874641,True,22.577896376643785
source_6,p210831CPU2OS48hw384exp024JUMP,3,NVS-PAK1-1,raw,1.05,False,0.729337281951341,0.08344239493789622,0.9047611699113913,True,21.26589210270033
source_6,p210831CPU2OS48hw384exp024JUMP,3,quinidine,raw,1.05,False,0.5018949770890402,0.1007417619230484,0.7779804898403808,True,4.81014983032412
source_6,p210831CPU2OS48hw384exp024JUMP,3,TC-S-7004,raw,1.05,False,0.24721290652939376,-0.10956904068456949,0.8231719719686472,True,4.202962652507112
source_6,p210831CPU2OS48hw384exp024JUMP,3,aloxistatin,raw,1.05,False,0.23283241412103184,0.16273651101263895,0.4353133973026968,False,2.418473868023349
source_6,p210906CPU2OS48hw384exp025JUMP,4,AMG900,raw,1.03,False,0.9106347863520586,0.12598880011628913,0.9928050734492293,True,60.77333884475173
source_6,p210906CPU2OS48hw384exp025JUMP,4,dexamethasone,raw,1.03,False,0.7892510029786807,0.19014559957943344,0.9686382993488168,True,10.524014140163096
source_6,p210906CPU2OS48hw384exp025JUMP,4,FK-866,raw,1.03,False,0.8188778552083804,0.2496649539699139,0.9746278613321657,True,28.90803101420365
source_6,p210906CPU2OS48hw384exp025JUMP,4,LY2109761,raw,1.03,False,0.7772193778081433,0.198931921506329,0.9821305762635613,True,21.238251549486066
source_6,p210906CPU2OS48hw384exp025JUMP,4,NVS-PAK1-1,raw,1.03,False,0.7619742950139701,0.08539652056636013,0.9631337201222377,True,20.541098140975446
source_6,p210906CPU2OS48hw384exp025JUMP,4,quinidine,raw,1.03,False,0.44846870934080907,0.08871591083103104,0.7244722924882477,True,4.052257561193049
source_6,p210906CPU2OS48hw384exp025JUMP,4,TC-S-7004,raw,1.03,False,0.13389867878285605,-0.07952172788091182,0.751645282575615,True,5.188287029472503
source_6,p210906CPU2OS48hw384exp025JUMP,4,aloxistatin,raw,1.03,False,0.3378656052257816,0.17260847294774,0.6393740773744032,False,2.6858464513587554
source_6,p210914CPU2OS48hw384exp027JUMP,5,AMG900,raw,1.04,False,0.9141295587454292,0.14559145222744643,0.9939503984917071,True,62.00286617181352
source_6,p210914CPU2OS48hw384exp027JUMP,5,dexamethasone,raw,1.04,False,0.8292841798412964,0.2042509235318438,0.9663557079906953,True,9.194286932895094
source_6,p210914CPU2OS48hw384exp027JUMP,5,FK-866,raw,1.04,False,0.8330396410455206,0.26457090099184444,0.973723880138714,True,30.568126574774936
source_6,p210914CPU2OS48hw384exp027JUMP,5,LY2109761,raw,1.04,False,0.7882006744394379,0.2235233624336277,0.9802131772998943,True,21.459382182061244
source_6,p210914CPU2OS48hw384exp027JUMP,5,NVS-PAK1-1,raw,1.04,False,0.7916957455539027,0.10244711188004081,0.9778290153961349,True,23.058014596448515
source_6,p210914CPU2OS48hw384exp027JUMP,5,quinidine,raw,1.04,False,0.41902365406994246,0.14032964764079367,0.7509595444358776,True,4.992065356331802
source_6,p210914CPU2OS48hw384exp027JUMP,5,TC-S-7004,raw,1.04,False,0.3528793106944844,-0.035531162480787234,0.8012720007596806,False,4.617864490372634
source_6,p210914CPU2OS48hw384exp027JUMP,5,aloxistatin,raw,1.04,False,-0.19098162501903967,-0.03240683965412255,0.34421687516193533,False,3.773332926123391
source_6,p210920CPU2OS48hw384exp028JUMP,6,AMG900,raw,1.21,False,0.9110574961472987,0.11109984788914154,0.9865743930937133,True,63.11235187605556
source_6,p210920CPU2OS48hw384exp028JUMP,6,dexamethasone,raw,1.21,False,0.7850428894454459,0.22065284576876623,0.9448937478266743,True,8.979665037307269
source_6,p210920CPU2OS48hw384exp028JUMP,6,FK-866,raw,1.21,False,0.8293647051373954,0.25428745265579605,0.9571230449790394,True,31.06353224873186
source_6,p210920CPU2OS48hw384exp028JUMP,6,LY2109761,raw,1.21,False,0.7372449179556071,0.19276629612088111,0.9495054025158329,True,20.69894171895191
source_6,p210920CPU2OS48hw384exp028JUMP,6,NVS-PAK1-1,raw,1.21,False,0.6704839736455666,0.020247033418409183,0.8787937602007447,True,20.957196272462323
source_6,p210920CPU2OS48hw384exp028JUMP,6,quinidine,raw,1.21,False,0.47254850769104284,0.12168769721301412,0.7793438775206506,True,4.483926141082011
source_6,p210920CPU2OS48hw384exp028JUMP,6,TC-S-7004,raw,1.21,False,0.333116073457598,-0.11477584246067685,0.6879170520633584,True,4.700152164262146
source_6,p210920CPU2OS48hw384exp028JUMP,6,aloxistatin,raw,1.21,False,0.1673691414013333,0.04834228846410661,0.3428175142038583,False,2.253628314112374
source_6,p210927CPU2OS48hw384exp029JUMP,7,AMG900,raw,1.22,False,0.9073832771905508,0.1471782747721206,0.9911397870748072,True,59.31524836921737
source_6,p210927CPU2OS48hw384exp029JUMP,7,dexamethasone,raw,1.22,False,0.7539384157106219,0.23987240101994214,0.9422590152918218,True,8.054104526028487
source_6,p210927CPU2OS48hw384exp029JUMP,7,FK-866,raw,1.22,False,0.8355966155261396,0.2802636297174563,0.9656273764382292,True,30.1607164641491
source_6,p210927CPU2OS48hw384exp029JUMP,7,LY2109761,raw,1.22,False,0.7871793862199492,0.2086634401340983,0.9782836391979972,True,19.732173651302986
source_6,p210927CPU2OS48hw384exp029JUMP,7,NVS-PAK1-1,raw,1.22,False,0.7471316336161697,0.08945174481441742,0.947553098999818,True,20.251303015278253
source_6,p210927CPU2OS48hw384exp029JUMP,7,quinidine,raw,1.22,False,0.4429952770967478,0.183310573908149,0.7322643637297506,True,3.749794657585705
source_6,p210927CPU2OS48hw384exp029JUMP,7,TC-S-7004,raw,1.22,False,0.4292394295366706,-0.046723185556717235,0.8197039809733416,False,4.247426188625158
source_6,p210927CPU2OS48hw384exp029JUMP,7,aloxistatin,raw,1.22,False,0.19212308172462966,0.12674890012329554,0.45298745561102166,False,2.1681944036186316
source_6,p210928CPU2OS48hw384exp030JUMP,8,AMG900,raw,1.51,False,0.9143445023104317,0.12319512863091683,0.9807311940735851,True,65.57819737283855
source_6,p210928CPU2OS48hw384exp030JUMP,8,dexamethasone,raw,1.51,False,0.7890140486395455,0.23376950581448672,0.9380283214388769,True,8.971329476059367
source_6,p210928CPU2OS48hw384exp030JUMP,8,FK-866,raw,1.51,False,0.8282251680840723,0.2722004813874168,0.9495830141574039,True,33.188382051259666
source_6,p210928CPU2OS48hw384exp030JUMP,8,LY2109761,raw,1.51,False,0.7283252611615674,0.20467947060845632,0.9234542837534809,True,20.719895300983417
source_6,p210928CPU2OS48hw384exp030JUMP,8,NVS-PAK1-1,raw,1.51,False,0.6685548067485113,0.012948570225303314,0.8558845274696473,True,23.090600383726443
source_6,p210928CPU2OS48hw384exp030JUMP,8,quinidine,raw,1.51,False,0.48017980205633237,0.10328950234493894,0.7913924597291988,True,4.353841357946091
source_6,p210928CPU2OS48hw384exp030JUMP,8,TC-S-7004,raw,1.51,False,0.31033006597637947,-0.1280739978067394,0.7830003471875704,True,4.490756849936744
source_6,p210928CPU2OS48hw384exp030JUMP,8,aloxistatin,raw,1.51,False,-0.006971966859494357,0.056103344666055315,0.32668050148754435,False,2.528166128719433
source_6,p211004CPU2OS48hw384exp031JUMP,9,AMG900,raw,1.63,False,0.903630672871361,0.16079510247285247,0.9896386983548203,True,62.304402129295376
source_6,p211004CPU2OS48hw384exp031JUMP,9,dexamethasone,raw,1.63,False,0.774598699438458,0.21000007514654936,0.9471907445555034,True,8.05422511924116
source_6,p211004CPU2OS48hw384exp031JUMP,9,FK-866,raw,1.63,False,0.8355948619767513,0.29554663836077344,0.9748496766950441,True,32.88628684367901
source_6,p211004CPU2OS48hw384exp031JUMP,9,LY2109761,raw,1.63,False,0.7943726628898838,0.1981495051937519,0.9545390740364582,True,21.472670297801542
source_6,p211004CPU2OS48hw384exp031JUMP,9,NVS-PAK1-1,raw,1.63,False,0.7797380721517297,0.11185367068801429,0.9568737387978872,True,24.90938053113706
source_6,p211004CPU2OS48hw384exp031JUMP,9,quinidine,raw,1.63,False,0.5255530182998448,0.18411108149038294,0.7045158624877473,True,3.264470272054135
source_6,p211004CPU2OS48hw384exp031JUMP,9,TC-S-7004,raw,1.63,False,0.45058487194149416,0.02640251801075006,0.7906536237031466,True,4.9197502491517255
source_6,p211004CPU2OS48hw384exp031JUMP,9,aloxistatin,raw,1.63,False,0.02588970438088651,0.09718266206003255,0.3545775784964177,False,2.5663074272215756
source_6,p211012CPU2OS48hw384exp033JUMP,10,AMG900,raw,1.36,False,0.9129913923057212,0.13472657372913813,0.9881799380329714,True,64.30483305106553
source_6,p211012CPU2OS48hw384exp033JUMP,10,dexamethasone,raw,1.36,False,0.7787971119254548,0.23588692661011532,0.9348663356836847,True,8.787564835390485
source_6,p211012CPU2OS48hw384exp033JUMP,10,FK-866,raw,1.36,False,0.8319703253907931,0.24750279765745833,0.949812315561742,True,30.70479604328631
source_6,p211012CPU2OS48hw384exp033JUMP,10,LY2109761,raw,1.36,False,0.7221748228626863,0.21363584096165408,0.9265546622259546,True,20.57964826407222
source_6,p211012CPU2OS48hw384exp033JUMP,10,NVS-PAK1-1,raw,1.36,False,0.7090638191298562,0.08051710410526805,0.8660895426359748,True,21.696173247232746
source_6,p211012CPU2OS48hw384exp033JUMP,10,quinidine,raw,1.36,False,0.5264894294043665,0.15783555192695706,0.7637459619812287,True,4.0903727540527175
source_6,p211012CPU2OS48hw384exp033JUMP,10,TC-S-7004,raw,1.36,False,0.3724206944233588,-0.018297746060979777,0.7552058626890051,False,5.419520527426181
source_6,p211012CPU2OS48hw384exp033JUMP,10,aloxistatin,raw,1.36,False,0.15815355148232318,0.14261478385089602,0.15866052864190155,False,2.6909722756891257
source_6,p211102CPU2OS48hw384exp034JUMP,11,AMG900,raw,1.02,False,0.917802703211585,0.14819238746021704,0.9949049023110217,True,60.41050880583313
source_6,p211102CPU2OS48hw384exp034JUMP,11,dexamethasone,raw,1.02,False,0.8196268716022834,0.2144934785914551,0.9566841955367901,True,9.756824245755675
source_6,p211102CPU2OS48hw384exp034JUMP,11,FK-866,raw,1.02,False,0.8583310128220331,0.28308656301087887,0.9875545290912526,True,30.634440427251974
source_6,p211102CPU2OS48hw384exp034JUMP,11,LY2109761,raw,1.02,False,0.8360032054169135,0.24875613247452863,0.9834022638147255,True,21.48648222863721
source_6,p211102CPU2OS48hw384exp034JUMP,11,NVS-PAK1-1,raw,1.02,False,0.8202382160903787,0.1408414366223062,0.9834168099136253,True,24.427939183176303
source_6,p211102CPU2OS48hw384exp034JUMP,11,quinidine,raw,1.02,False,0.5426365177043113,0.14270337977841,0.7666867980575263,True,5.122212000343297
source_6,p211102CPU2OS48hw384exp034JUMP,11,TC-S-7004,raw,1.02,False,0.3661060422600364,0.06362786441377818,0.8096408977008742,True,4.198121947101634
source_6,p211102CPU2OS48hw384exp034JUMP,11,aloxistatin,raw,1.02,False,0.16750517739059598,0.09585117286522642,0.47436200760452896,False,2.312516966185243
source_6,p211109CPU2OS48hw384exp035JUMP,12,AMG900,raw,1.33,False,0.9091179769961069,0.16639856487894472,0.9924907297745975,True,63.10272092387593
source_6,p211109CPU2OS48hw384exp035JUMP,12,dexamethasone,raw,1.33,False,0.8406003511233591,0.22529932028923108,0.96995507959882,True,9.75069901150363
source_6,p211109CPU2OS48hw384exp035JUMP,12,FK-866,raw,1.33,False,0.8565274325266264,0.30925269756742113,0.9853600740389132,True,35.03295163865229
source_6,p211109CPU2OS48hw384exp035JUMP,12,LY2109761,raw,1.33,False,0.8008855065659017,0.22856540764896183,0.987295394818222,True,23.411864400803765
source_6,p211109CPU2OS48hw384exp035JUMP,12,NVS-PAK1-1,raw,1.33,False,0.7922275113642442,0.11643051503030546,0.9799231952480956,True,26.906179355377258
source_6,p211109CPU2OS48hw384exp035JUMP,12,quinidine,raw,1.33,False,0.5428949156427105,0.22252305457278612,0.6765855583668827,True,3.267518249660726
source_6,p211109CPU2OS48hw384exp035JUMP,12,TC-S-7004,raw,1.33,False,0.4579821156974312,0.07523628537107607,0.8246694751870607,True,5.696095994466888
source_6,p211109CPU2OS48hw384exp035JUMP,12,aloxistatin,raw,1.33,False,0.2830115807976846,0.07564496040731924,0.5224576501491276,True,2.439302186169752
source_6,p211123CPU2OS48hw384exp036JUMP,13,AMG900,raw,1.84,False,0.9096431161688279,0.11804536544276321,0.9729512593661351,True,68.09742310940852
source_6,p211123CPU2OS48hw384exp036JUMP,13,dexamethasone,raw,1.84,False,0.8114583220600429,0.21823900112526542,0.9322819336406238,True,9.565107738127145
source_6,p211123CPU2OS48hw384exp036JUMP,13,FK-866,raw,1.84,False,0.7989954664352753,0.2578715453787309,0.913033019179437,True,33.32386341633064
source_6,p211123CPU2OS48hw384exp036JUMP,13,LY2109761,raw,1.84,False,0.7026369026134467,0.19855694567748045,0.8799683549670019,True,23.03191020726909
source_6,p211123CPU2OS48hw384exp036JUMP,13,NVS-PAK1-1,raw,1.84,False,0.6578093875503609,0.059768053561064224,0.7904809195949984,True,26.710344936051325
source_6,p211123CPU2OS48hw384exp036JUMP,13,quinidine,raw,1.84,False,0.44727561077726596,0.13978978918255974,0.6769479448632673,True,3.8670634853690373
source_6,p211123CPU2OS48hw384exp036JUMP,13,TC-S-7004,raw,1.84,False,0.30682471484549556,-0.09028459827936253,0.6482064036731715,True,6.177719725804409
source_6,p211123CPU2OS48hw384exp036JUMP,13,aloxistatin,raw,1.84,False,0.018250934206475895,0.05521206759580876,0.36632648620411346,False,2.6127665378590454
source_6,p210824CPU2OS48hw384exp022JUMP,1,AMG900,own,0.29,False,0.9247749808446821,0.02614373275615742,,True,391.4220102130733
source_6,p210824CPU2OS48hw384exp022JUMP,1,dexamethasone,own,0.29,False,0.8634135830653408,0.20319730844924724,,True,59.534211509813225
source_6,p210824CPU2OS48hw384exp022JUMP,1,FK-866,own,0.29,False,0.827338284049379,0.2646369941423765,,True,187.0571259957878
source_6,p210824CPU2OS48hw384exp022JUMP,1,LY2109761,own,0.29,False,0.8029804582021349,0.2341072065983168,,True,129.7006271076822
source_6,p210824CPU2OS48hw384exp022JUMP,1,NVS-PAK1-1,own,0.29,False,0.834033265862067,0.06945679662852325,,True,149.77466518696778
source_6,p210824CPU2OS48hw384exp022JUMP,1,quinidine,own,0.29,False,0.684966406719693,0.24097428807856108,,True,17.494504513682728
source_6,p210824CPU2OS48hw384exp022JUMP,1,TC-S-7004,own,0.29,False,0.33376681110751727,0.023992834245264355,,True,27.7817811675709
source_6,p210824CPU2OS48hw384exp022JUMP,1,aloxistatin,own,0.29,False,0.3621511207186425,0.07485657682025726,,True,11.121478655672213
source_6,p210830CPU2OS48hw384exp023JUMP,2,AMG900,own,0.55,False,0.9201742853831485,0.011692240183504942,0.9944501488729753,True,373.6495783093245
source_6,p210830CPU2OS48hw384exp023JUMP,2,dexamethasone,own,0.55,False,0.8778951899225257,0.21805690111299855,0.9805171415856363,True,59.440180880801314
source_6,p210830CPU2OS48hw384exp023JUMP,2,FK-866,own,0.55,False,0.8307110440401051,0.2270287676909787,0.9647219455132277,True,161.23191489591076
source_6,p210830CPU2OS48hw384exp023JUMP,2,LY2109761,own,0.55,False,0.8080021836634254,0.22471990744642703,0.9708550255119615,True,126.04483821530563
source_6,p210830CPU2OS48hw384exp023JUMP,2,NVS-PAK1-1,own,0.55,False,0.7951729257764997,0.03501076749835307,0.9748532813029718,True,136.82896781944737
source_6,p210830CPU2OS48hw384exp023JUMP,2,quinidine,own,0.55,False,0.6909458534257531,0.2288541666966918,0.8570628050669629,True,22.232588460337926
source_6,p210830CPU2OS48hw384exp023JUMP,2,TC-S-7004,own,0.55,False,0.3013311990689087,0.01374540407320948,0.943626678101791,True,27.16692932955141
source_6,p210830CPU2OS48hw384exp023JUMP,2,aloxistatin,own,0.55,False,0.3309263279448698,0.15639177842904545,0.7405997227337847,False,15.816793148912776
source_6,p210831CPU2OS48hw384exp024JUMP,3,AMG900,own,1.05,False,0.9224150943337897,0.01481888157792626,0.9907315929250252,True,414.18055765792604
source_6,p210831CPU2OS48hw384exp024JUMP,3,dexamethasone,own,1.05,False,0.8710717336157413,0.20238126446939547,0.9600900582772027,True,59.55730173729683
source_6,p210831CPU2OS48hw384exp024JUMP,3,FK-866,own,1.05,False,0.8237229115268486,0.2292856739874469,0.94358307122194,True,167.0035787917033
source_6,p210831CPU2OS48hw384exp024JUMP,3,LY2109761,own,1.05,False,0.7834057622908843,0.21443073813091615,0.9512051997856001,True,119.3503539136498
source_6,p210831CPU2OS48hw384exp024JUMP,3,NVS-PAK1-1,own,1.05,False,0.7899896603043621,0.060417076998272326,0.9402217280825454,True,128.55984056585643
source_6,p210831CPU2OS48hw384exp024JUMP,3,quinidine,own,1.05,False,0.5638695454445004,0.1319472603137609,0.7256385912563897,True,21.72887175208417
source_6,p210831CPU2OS48hw384exp024JUMP,3,TC-S-7004,own,1.05,False,0.2804092915742228,-0.0766393486679439,0.8690702492778157,True,27.04619738525467
source_6,p210831CPU2OS48hw384exp024JUMP,3,aloxistatin,own,1.05,False,0.24330320177600295,0.16812424868008172,0.543762268608879,False,13.938594922476963
source_6,p210906CPU2OS48hw384exp025JUMP,4,AMG900,own,1.03,False,0.923152134263723,-0.0012692072132100632,0.9869427416507061,True,367.7277049618683
source_6,p210906CPU2OS48hw384exp025JUMP,4,dexamethasone,own,1.03,False,0.844451257476798,0.19032652666684743,0.9672700611329239,True,59.11218036613649
source_6,p210906CPU2OS48hw384exp025JUMP,4,FK-866,own,1.03,False,0.794484873372477,0.19822885266101078,0.9632994027080266,True,153.6815066915166
source_6,p210906CPU2OS48hw384exp025JUMP,4,LY2109761,own,1.03,False,0.7953832198447446,0.21403750741720856,0.9639769555363404,True,109.3085908811717
source_6,p210906CPU2OS48hw384exp025JUMP,4,NVS-PAK1-1,own,1.03,False,0.7919975796519524,0.02387067659744651,0.9508618581271493,True,112.57643264489506
source_6,p210906CPU2OS48hw384exp025JUMP,4,quinidine,own,1.03,False,0.5415776448721931,0.11488038478889166,0.7365246459876575,True,18.09388472298832
source_6,p210906CPU2OS48hw384exp025JUMP,4,TC-S-7004,own,1.03,False,0.11243834423129251,-0.02329957259718008,0.8160116040540863,True,30.266498899495904
source_6,p210906CPU2OS48hw384exp025JUMP,4,aloxistatin,own,1.03,False,0.4532627304324771,0.2077400536716614,0.7309933070034353,False,13.733716395833419
source_6,p210914CPU2OS48hw384exp027JUMP,5,AMG900,own,1.04,False,0.9211397450246297,0.04203264893778674,0.990026511340308,True,394.0686914416711
source_6,p210914CPU2OS48hw384exp027JUMP,5,dexamethasone,own,1.04,False,0.868209749186892,0.2036017224012637,0.9627013230950242,True,52.328276288494585
source_6,p210914CPU2OS48hw384exp027JUMP,5,FK-866,own,1.04,False,0.8262631835414582,0.2349510631075693,0.9737911770011136,True,163.95185420070268
source_6,p210914CPU2OS48hw384exp027JUMP,5,LY2109761,own,1.04,False,0.8149754717160098,0.24729222250553912,0.9789736649047176,True,116.49500608159497
source_6,p210914CPU2OS48hw384exp027JUMP,5,NVS-PAK1-1,own,1.04,False,0.8345078112256226,0.08150893008428085,0.9797833713698784,True,139.17973951051576
source_6,p210914CPU2OS48hw384exp027JUMP,5,quinidine,own,1.04,False,0.4738478983167823,0.18653390271462686,0.6586387376562352,True,17.748921524626596
source_6,p210914CPU2OS48hw384exp027JUMP,5,TC-S-7004,own,1.04,False,0.3987675094273597,-0.01782828440645389,0.843529297596228,True,26.67195278803027
source_6,p210914CPU2OS48hw384exp027JUMP,5,aloxistatin,own,1.04,False,-0.1835979218921931,0.004881274550441099,0.3253884204818399,False,24.534595487640928
source_6,p210920CPU2OS48hw384exp028JUMP,6,AMG900,own,1.21,False,0.9192023446158972,0.01137332667122978,0.9865962241963265,True,392.89655031056213
source_6,p210920CPU2OS48hw384exp028JUMP,6,dexamethasone,own,1.21,False,0.8502290950248277,0.2201465497738135,0.9543765473703016,True,49.311550008347105
source_6,p210920CPU2OS48hw384exp028JUMP,6,FK-866,own,1.21,False,0.8126683266120482,0.2226052367725324,0.9515701380679149,True,166.30002879127804
source_6,p210920CPU2OS48hw384exp028JUMP,6,LY2109761,own,1.21,False,0.7658939875005829,0.21179650256868357,0.9312007725080458,True,105.47639876890193
source_6,p210920CPU2OS48hw384exp028JUMP,6,NVS-PAK1-1,own,1.21,False,0.7330381304588099,-0.007338201106916888,0.9104618736141216,True,120.15099710587344
source_6,p210920CPU2OS48hw384exp028JUMP,6,quinidine,own,1.21,False,0.5688466694316885,0.1606634596705214,0.7550489087182897,True,16.245987256788446
source_6,p210920CPU2OS48hw384exp028JUMP,6,TC-S-7004,own,1.21,False,0.35104071535641607,-0.09351150614236717,0.779369950799762,False,24.69741374581645
source_6,p210920CPU2OS48hw384exp028JUMP,6,aloxistatin,own,1.21,False,0.30508633731113377,0.0821555525185438,0.48830997173030144,True,12.177031973758039
source_6,p210927CPU2OS48hw384exp029JUMP,7,AMG900,own,1.22,False,0.9158735787365806,0.04000200624259744,0.9861085017449377,True,350.9918141471996
source_6,p210927CPU2OS48hw384exp029JUMP,7,dexamethasone,own,1.22,False,0.8183644934559184,0.22551003278242623,0.948450196496137,True,41.04881717008292
source_6,p210927CPU2OS48hw384exp029JUMP,7,FK-866,own,1.22,False,0.8097588250538994,0.23385277456919293,0.9586285359688371,True,151.07134130810462
source_6,p210927CPU2OS48hw384exp029JUMP,7,LY2109761,own,1.22,False,0.8063658390693995,0.22630695415523558,0.9729567734991036,True,95.37703243385138
source_6,p210927CPU2OS48hw384exp029JUMP,7,NVS-PAK1-1,own,1.22,False,0.796433122568466,0.0698453361471132,0.9424998385575981,True,105.30007275537312
source_6,p210927CPU2OS48hw384exp029JUMP,7,quinidine,own,1.22,False,0.5310732167292662,0.2545741962336721,0.6306935840892143,True,12.132146470212309
source_6,p210927CPU2OS48hw384exp029JUMP,7,TC-S-7004,own,1.22,False,0.44593005978737915,-0.03860063597554787,0.8036005508691351,True,22.3789698619224
source_6,p210927CPU2OS48hw384exp029JUMP,7,aloxistatin,own,1.22,False,0.33900607929629295,0.16247613208182152,0.6450611707446952,False,10.254270784959422
source_6,p210928CPU2OS48hw384exp030JUMP,8,AMG900,own,1.51,False,0.9261971874712733,0.03589903014895295,0.9790783237930185,True,410.03406030252495
source_6,p210928CPU2OS48hw384exp030JUMP,8,dexamethasone,own,1.51,False,0.8647815672667258,0.2281425046297636,0.9388620456988364,True,46.7953802005252
source_6,p210928CPU2OS48hw384exp030JUMP,8,FK-866,own,1.51,False,0.8095467836105185,0.2413195388387954,0.9340999212558154,True,181.79485088200042
source_6,p210928CPU2OS48hw384exp030JUMP,8,LY2109761,own,1.51,False,0.7812852907050507,0.23181003946284648,0.9094522971307893,True,97.336933553929
source_6,p210928CPU2OS48hw384exp030JUMP,8,NVS-PAK1-1,own,1.51,False,0.7574611786350558,-0.0022619772687568623,0.90258712071413,True,127.81258713118824
source_6,p210928CPU2OS48hw384exp030JUMP,8,quinidine,own,1.51,False,0.5877790807230294,0.15740719463768657,0.7763209262520876,True,16.10102071786025
source_6,p210928CPU2OS48hw384exp030JUMP,8,TC-S-7004,own,1.51,False,0.33247996755139414,-0.09501971949484335,0.8221107653842216,False,25.000026094575038
source_6,p210928CPU2OS48hw384exp030JUMP,8,aloxistatin,own,1.51,False,0.07470978077681997,0.09076006859546382,0.4667758629168444,False,12.391631168293712
source_6,p211004CPU2OS48hw384exp031JUMP,9,AMG900,own,1.63,False,0.9100414170032074,0.04528726338766636,0.9848014608172087,True,380.07855253470393
source_6,p211004CPU2OS48hw384exp031JUMP,9,dexamethasone,own,1.63,False,0.8392867370001206,0.20995621842239393,0.9523603963023685,True,47.25154320680323
source_6,p211004CPU2OS48hw384exp031JUMP,9,FK-866,own,1.63,False,0.8179991409969983,0.26233620092037396,0.9721662989909268,True,172.9044044367616
source_6,p211004CPU2OS48hw384exp031JUMP,9,LY2109761,own,1.63,False,0.8462071916494375,0.2336076350090892,0.9523016297174551,True,110.21950742022946
source_6,p211004CPU2OS48hw384exp031JUMP,9,NVS-PAK1-1,own,1.63,False,0.8099531132075157,0.0678498761245677,0.958119299509386,True,142.08859940875988
source_6,p211004CPU2OS48hw384exp031JUMP,9,quinidine,own,1.63,False,0.5982941113928932,0.20451865047401876,0.7280924860341382,True,14.508515790052952
source_6,p211004CPU2OS48hw384exp031JUMP,9,TC-S-7004,own,1.63,False,0.410364864597678,0.04665009702432147,0.8559970600184162,True,27.756100636963854
source_6,p211004CPU2OS48hw384exp031JUMP,9,aloxistatin,own,1.63,False,0.03580214382617257,0.10759060521555494,0.48832387123748383,False,14.210993872266128
source_6,p211012CPU2OS48hw384exp033JUMP,10,AMG900,own,1.36,False,0.9243515464432703,0.03548176693211448,0.987162725433124,True,385.8732050924462
source_6,p211012CPU2OS48hw384exp033JUMP,10,dexamethasone,own,1.36,False,0.863154543729512,0.23399145630504498,0.9508045017742806,True,44.371508843186014
source_6,p211012CPU2OS48hw384exp033JUMP,10,FK-866,own,1.36,False,0.8201609557195733,0.21462850490793173,0.9424247496812128,True,153.14897706154844
source_6,p211012CPU2OS48hw384exp033JUMP,10,LY2109761,own,1.36,False,0.7863781531224626,0.2503275563331208,0.9300816848092224,True,92.2881378593787
source_6,p211012CPU2OS48hw384exp033JUMP,10,NVS-PAK1-1,own,1.36,False,0.7792831336168138,0.0486491484543643,0.9072772171469952,True,115.49767992438322
source_6,p211012CPU2OS48hw384exp033JUMP,10,quinidine,own,1.36,False,0.6320235654180528,0.21940007030490774,0.753952068710056,True,14.047198301762258
source_6,p211012CPU2OS48hw384exp033JUMP,10,TC-S-7004,own,1.36,False,0.42250889558797056,-0.007293428440612477,0.8311000932813373,False,27.380910501946016
source_6,p211012CPU2OS48hw384exp033JUMP,10,aloxistatin,own,1.36,False,0.2772795177024705,0.18579407397899894,0.3419660824146947,False,12.313757057560835
source_6,p211102CPU2OS48hw384exp034JUMP,11,AMG900,own,1.02,False,0.9282215651712198,0.03740602086325139,0.9913094127038792,True,366.0493102010707
source_6,p211102CPU2OS48hw384exp034JUMP,11,dexamethasone,own,1.02,False,0.8893998318190206,0.2133165754707522,0.9606391706493379,True,49.95113489438371
source_6,p211102CPU2OS48hw384exp034JUMP,11,FK-866,own,1.02,False,0.8390251752591407,0.24450650621131695,0.9799273998724618,True,155.49681556036674
source_6,p211102CPU2OS48hw384exp034JUMP,11,LY2109761,own,1.02,False,0.8619497091946347,0.2619438177681305,0.9621104705406333,True,106.23611193281315
source_6,p211102CPU2OS48hw384exp034JUMP,11,NVS-PAK1-1,own,1.02,False,0.8610113972148477,0.10067812087963608,0.9798773556378626,True,130.56331356315383
source_6,p211102CPU2OS48hw384exp034JUMP,11,quinidine,own,1.02,False,0.6028058686246421,0.19212697399853668,0.642889157088363,True,17.88574312433989
source_6,p211102CPU2OS48hw384exp034JUMP,11,TC-S-7004,own,1.02,False,0.37976870668278895,0.06703356860578573,0.8538155409255848,True,22.113571209657874
source_6,p211102CPU2OS48hw384exp034JUMP,11,aloxistatin,own,1.02,False,0.27880039410625024,0.1362159162609267,0.6136339474872792,False,10.35393708965929
source_6,p211109CPU2OS48hw384exp035JUMP,12,AMG900,own,1.33,False,0.9234395076099509,0.04883116931046276,0.9917093830407235,True,367.3460597123122
source_6,p211109CPU2OS48hw384exp035JUMP,12,dexamethasone,own,1.33,False,0.8936009911055727,0.22060346957187,0.9644519460638209,True,50.9714055164416
source_6,p211109CPU2OS48hw384exp035JUMP,12,FK-866,own,1.33,False,0.8327390418760094,0.27157156095316326,0.978429097911446,True,179.56574762175254
source_6,p211109CPU2OS48hw384exp035JUMP,12,LY2109761,own,1.33,False,0.8339071746453265,0.24932908027980735,0.9725552059186363,True,112.07375318815205
source_6,p211109CPU2OS48hw384exp035JUMP,12,NVS-PAK1-1,own,1.33,False,0.8328438153067664,0.07152193452305837,0.9740361163052338,True,134.3865342305311
source_6,p211109CPU2OS48hw384exp035JUMP,12,quinidine,own,1.33,False,0.6056229396935767,0.25202400592924745,0.6523559006336384,True,14.5955444073747
source_6,p211109CPU2OS48hw384exp035JUMP,12,TC-S-7004,own,1.33,False,0.42423784218113236,0.08088420620922135,0.8764954994026362,True,27.331077742591543
source_6,p211109CPU2OS48hw384exp035JUMP,12,aloxistatin,own,1.33,False,0.45346492983843256,0.10649532204192835,0.7139415322897268,True,11.355989516608402
source_6,p211123CPU2OS48hw384exp036JUMP,13,AMG900,own,1.84,False,0.9281274099067365,0.03466324564989949,0.9758909073482716,True,412.3603789339105
source_6,p211123CPU2OS48hw384exp036JUMP,13,dexamethasone,own,1.84,False,0.880654689170526,0.21650036292621086,0.9356054597208449,True,48.63513445852896
source_6,p211123CPU2OS48hw384exp036JUMP,13,FK-866,own,1.84,False,0.7702598805695147,0.23702981585071795,0.8941677458813819,True,176.95939342353643
source_6,p211123CPU2OS48hw384exp036JUMP,13,LY2109761,own,1.84,False,0.7631037773844431,0.22430501788898885,0.8881425529676005,True,103.5488540300649
source_6,p211123CPU2OS48hw384exp036JUMP,13,NVS-PAK1-1,own,1.84,False,0.7559637445003123,0.036921435770773496,0.861466321661637,True,143.08886271649104
source_6,p211123CPU2OS48hw384exp036JUMP,13,quinidine,own,1.84,False,0.5175845630765707,0.18518394949602582,0.6525286560820149,True,14.733491786912818
source_6,p211123CPU2OS48hw384exp036JUMP,13,TC-S-7004,own,1.84,False,0.3766118213675162,-0.07978748912856107,0.7226241789057031,True,30.395137997438237
source_6,p211123CPU2OS48hw384exp036JUMP,13,aloxistatin,own,1.84,False,0.06594199292759237,0.08186667042572113,0.501113769032046,False,12.773176236125293
source_6,p210824CPU2OS48hw384exp022JUMP,1,AMG900,scaled,0.29,False,0.822110374436833,0.044438430686303244,,True,103.01034276753668
source_6,p210824CPU2OS48hw384exp022JUMP,1,dexamethasone,scaled,0.29,False,0.7083283081433046,0.12472800215280413,,True,18.83082725057641
source_6,p210824CPU2OS48hw384exp022JUMP,1,FK-866,scaled,0.29,False,0.7470568909877436,0.0852137193836457,,True,67.82596436984022
source_6,p210824CPU2OS48hw384exp022JUMP,1,LY2109761,scaled,0.29,False,0.5293006798804518,0.10516089670481275,,True,43.422077999599
source_6,p210824CPU2OS48hw384exp022JUMP,1,NVS-PAK1-1,scaled,0.29,False,0.6696971338821743,-0.014590230608692144,,True,44.10038558631461
source_6,p210824CPU2OS48hw384exp022JUMP,1,quinidine,scaled,0.29,False,0.40872008156820805,0.08446223153121828,,True,8.868538976666361
source_6,p210824CPU2OS48hw384exp022JUMP,1,TC-S-7004,scaled,0.29,False,0.12409231164636197,-0.04678221787040644,,True,9.646557136366155
source_6,p210824CPU2OS48hw384exp022JUMP,1,aloxistatin,scaled,0.29,False,0.2067031524644501,-0.0047616212335922226,,True,5.248878492418242
source_6,p210830CPU2OS48hw384exp023JUMP,2,AMG900,scaled,0.55,False,0.8239058535956219,0.03826191450498355,0.9892759246811482,True,97.40671496847503
source_6,p210830CPU2OS48hw384exp023JUMP,2,dexamethasone,scaled,0.55,False,0.7221696163185232,0.12890982783699936,0.9571744357250644,True,18.177700839232724
source_6,p210830CPU2OS48hw384exp023JUMP,2,FK-866,scaled,0.55,False,0.7411035344176615,0.06683859047355603,0.9676856134256197,True,58.931129653230535
source_6,p210830CPU2OS48hw384exp023JUMP,2,LY2109761,scaled,0.55,False,0.5482243283419701,0.10662789247412267,0.9838122050623492,True,40.108385023691305
source_6,p210830CPU2OS48hw384exp023JUMP,2,NVS-PAK1-1,scaled,0.55,False,0.6547709176901472,-0.016656193409047348,0.9792037515765073,True,40.7819869736576
source_6,p210830CPU2OS48hw384exp023JUMP,2,quinidine,scaled,0.55,False,0.45458557606583516,0.09520966137218863,0.7567560615370925,True,10.91610765512147
source_6,p210830CPU2OS48hw384exp023JUMP,2,TC-S-7004,scaled,0.55,False,0.1081763907917336,-0.04380438120979856,0.8463610564409749,False,9.494490445362976
source_6,p210830CPU2OS48hw384exp023JUMP,2,aloxistatin,scaled,0.55,False,0.14947677219763994,0.07749369665289005,0.5022929193985985,False,6.237933286217092
source_6,p210831CPU2OS48hw384exp024JUMP,3,AMG900,scaled,1.05,False,0.8190894479008581,0.04258493196748986,0.9793055680530017,True,111.08488459442988
source_6,p210831CPU2OS48hw384exp024JUMP,3,dexamethasone,scaled,1.05,False,0.6832945029440638,0.11867010332574071,0.9384008166421544,True,20.1888870329429
source_6,p210831CPU2OS48hw384exp024JUMP,3,FK-866,scaled,1.05,False,0.7180629012966826,0.08447033413179587,0.951351103401258,True,61.789311712728086
source_6,p210831CPU2OS48hw384exp024JUMP,3,LY2109761,scaled,1.05,False,0.529660188667149,0.10137141999666333,0.9576418993849785,True,42.10640697773254
source_6,p210831CPU2OS48hw384exp024JUMP,3,NVS-PAK1-1,scaled,1.05,False,0.6253227066666117,-0.0040049242649066496,0.9021438827592403,True,40.14823728766913
source_6,p210831CPU2OS48hw384exp024JUMP,3,quinidine,scaled,1.05,False,0.4216496323203659,0.06871914045876516,0.6337460499136522,True,11.30484161497861
source_6,p210831CPU2OS48hw384exp024JUMP,3,TC-S-7004,scaled,1.05,False,0.06885420124709742,-0.06655640863839149,0.820663168164672,False,9.680486815215977
source_6,p210831CPU2OS48hw384exp024JUMP,3,aloxistatin,scaled,1.05,False,0.16640613324008735,0.06070812071087441,0.5125608654484275,False,5.897512450381075
source_6,p210906CPU2OS48hw384exp025JUMP,4,AMG900,scaled,1.03,False,0.8032106681447857,0.03159097487894126,0.975959911626127,True,95.10994261575712
source_6,p210906CPU2OS48hw384exp025JUMP,4,dexamethasone,scaled,1.03,False,0.6524865098181221,0.10648454560216995,0.9467660184265092,True,18.281122243784765
source_6,p210906CPU2OS48hw384exp025JUMP,4,FK-866,scaled,1.03,False,0.7179093571152356,0.057143528118048126,0.9566817952034985,True,56.80394352164603
source_6,p210906CPU2OS48hw384exp025JUMP,4,LY2109761,scaled,1.03,False,0.508972483611206,0.08217826610824557,0.9657610929520992,True,36.450893671253716
source_6,p210906CPU2OS48hw384exp025JUMP,4,NVS-PAK1-1,scaled,1.03,False,0.6537153160556091,-0.022256579056461095,0.942681497910116,True,33.935558630740964
source_6,p210906CPU2OS48hw384exp025JUMP,4,quinidine,scaled,1.03,False,0.37514121706535686,0.04113539185267009,0.5798360279958334,True,8.505224466043389
source_6,p210906CPU2OS48hw384exp025JUMP,4,TC-S-7004,scaled,1.03,False,0.09152909402533806,-0.06611485578978628,0.7422595359202993,False,9.418641107020115
source_6,p210906CPU2OS48hw384exp025JUMP,4,aloxistatin,scaled,1.03,False,0.16754966778557356,0.0683419683834832,0.5847950524170311,False,5.58457969478686
source_6,p210914CPU2OS48hw384exp027JUMP,5,AMG900,scaled,1.04,False,0.8127931606147958,0.057604356245928134,0.9807028599879725,True,99.68719437552184
source_6,p210914CPU2OS48hw384exp027JUMP,5,dexamethasone,scaled,1.04,False,0.7417814171586518,0.12617119393640155,0.9202724414198122,True,16.197226378260062
source_6,p210914CPU2OS48hw384exp027JUMP,5,FK-866,scaled,1.04,False,0.7107863010059379,0.06790573866373627,0.955539451090895,True,60.84695640021496
source_6,p210914CPU2OS48hw384exp027JUMP,5,LY2109761,scaled,1.04,False,0.5054464170462213,0.09399657973535812,0.9616788131648988,True,38.95358111865988
source_6,p210914CPU2OS48hw384exp027JUMP,5,NVS-PAK1-1,scaled,1.04,False,0.6659693451862227,-0.010770825651666866,0.9522415311614665,True,39.30981030152049
source_6,p210914CPU2OS48hw384exp027JUMP,5,quinidine,scaled,1.04,False,0.39499580938167067,0.05971091110903183,0.642155935900472,True,11.426981346812234
source_6,p210914CPU2OS48hw384exp027JUMP,5,TC-S-7004,scaled,1.04,False,0.1260915601694571,-0.028915887181099626,0.7710197308764626,False,9.147116779028154
source_6,p210914CPU2OS48hw384exp027JUMP,5,aloxistatin,scaled,1.04,False,0.037573770023433345,0.01856533183830848,0.38979295810795295,False,6.3990358041255275
source_6,p210920CPU2OS48hw384exp028JUMP,6,AMG900,scaled,1.21,False,0.8098556430648658,0.047242863219488326,0.97132549045881,True,101.12794860031595
source_6,p210920CPU2OS48hw384exp028JUMP,6,dexamethasone,scaled,1.21,False,0.6660370381925653,0.12871926445882484,0.9129702442127193,True,16.147746097658132
source_6,p210920CPU2OS48hw384exp028JUMP,6,FK-866,scaled,1.21,False,0.7318569490669062,0.08001594653433661,0.9351304342050685,True,61.406911675217785
source_6,p210920CPU2OS48hw384exp028JUMP,6,LY2109761,scaled,1.21,False,0.5290837819367622,0.10187225479936698,0.9304258827865128,True,35.1328226646348
source_6,p210920CPU2OS48hw384exp028JUMP,6,NVS-PAK1-1,scaled,1.21,False,0.6126305614545691,-0.022227276021554044,0.8617810637612399,True,36.44682168325435
source_6,p210920CPU2OS48hw384exp028JUMP,6,quinidine,scaled,1.21,False,0.40330498084716915,0.06955514249300446,0.6841604637003335,True,9.832099025200762
source_6,p210920CPU2OS48hw384exp028JUMP,6,TC-S-7004,scaled,1.21,False,0.10084535616164128,-0.06978267018141711,0.7291174489442227,False,9.233276424924837
source_6,p210920CPU2OS48hw384exp028JUMP,6,aloxistatin,scaled,1.21,False,0.1296963486683439,0.015317004081411996,0.3340031274331502,True,5.086247869343014
source_6,p210927CPU2OS48hw384exp029JUMP,7,AMG900,scaled,1.22,False,0.8074629114853373,0.036844873204372665,0.974947468594158,True,93.98730901515587
source_6,p210927CPU2OS48hw384exp029JUMP,7,dexamethasone,scaled,1.22,False,0.6645678309591249,0.13486641604914326,0.9154962294428417,True,13.853900799361767
source_6,p210927CPU2OS48hw384exp029JUMP,7,FK-866,scaled,1.22,False,0.7367783584796267,0.07041616195519436,0.9554422126977457,True,59.265101795428755
source_6,p210927CPU2OS48hw384exp029JUMP,7,LY2109761,scaled,1.22,False,0.4986010351355059,0.07795192409422169,0.9573948440894035,True,35.30235435843878
source_6,p210927CPU2OS48hw384exp029JUMP,7,NVS-PAK1-1,scaled,1.22,False,0.6591764824919384,-0.0234699325790844,0.9124872835617234,True,32.779155216664854
source_6,p210927CPU2OS48hw384exp029JUMP,7,quinidine,scaled,1.22,False,0.37780116105190287,0.07038385658051954,0.6413292906006712,True,8.089879076019313
source_6,p210927CPU2OS48hw384exp029JUMP,7,TC-S-7004,scaled,1.22,False,0.14406889044425158,-0.06378833270890456,0.7954343308199207,False,8.259299349129233
source_6,p210927CPU2OS48hw384exp029JUMP,7,aloxistatin,scaled,1.22,False,0.18576786652877214,0.037203343154536224,0.4883689695658151,True,4.4290112321282775
source_6,p210928CPU2OS48hw384exp030JUMP,8,AMG900,scaled,1.51,False,0.7854338878000628,0.04703402890963452,0.9623499796501256,True,102.47911820614608
source_6,p210928CPU2OS48hw384exp030JUMP,8,dexamethasone,scaled,1.51,False,0.6645029907410083,0.1279636371700374,0.9034714058659452,True,15.330555560838878
source_6,p210928CPU2OS48hw384exp030JUMP,8,FK-866,scaled,1.51,False,0.7150157019523032,0.07091761705713259,0.9251258618172369,True,63.961542699036436
source_6,p210928CPU2OS48hw384exp030JUMP,8,LY2109761,scaled,1.51,False,0.5408910428767026,0.10284674450968381,0.9034433066160021,True,35.09631855548682
source_6,p210928CPU2OS48hw384exp030JUMP,8,NVS-PAK1-1,scaled,1.51,False,0.5916198471378207,-0.02496061117702222,0.8497454631277545,True,37.664289617673354
source_6,p210928CPU2OS48hw384exp030JUMP,8,quinidine,scaled,1.51,False,0.3994496141359163,0.051161721809116545,0.6898531909501735,True,9.412377101602596
source_6,p210928CPU2OS48hw384exp030JUMP,8,TC-S-7004,scaled,1.51,False,0.07373635233920825,-0.08426325046119142,0.7668837057535647,False,8.927124076007818
source_6,p210928CPU2OS48hw384exp030JUMP,8,aloxistatin,scaled,1.51,False,0.10451033488707989,0.027641171621115155,0.4674552949607803,False,4.916705642516178
source_6,p211004CPU2OS48hw384exp031JUMP,9,AMG900,scaled,1.63,False,0.8128817629275019,0.05499462189966962,0.9721322109351609,True,96.11765981960994
source_6,p211004CPU2OS48hw384exp031JUMP,9,dexamethasone,scaled,1.63,False,0.6655113687594378,0.12586979823877065,0.9095516602080078,True,14.103226649398588
source_6,p211004CPU2OS48hw384exp031JUMP,9,FK-866,scaled,1.63,False,0.7461871421481441,0.08072677126251745,0.9523307520427884,True,62.56559917006673
source_6,p211004CPU2OS48hw384exp031JUMP,9,LY2109761,scaled,1.63,False,0.5370803764075787,0.08101916740982927,0.9291805352633968,True,37.65217467107283
source_6,p211004CPU2OS48hw384exp031JUMP,9,NVS-PAK1-1,scaled,1.63,False,0.6687424040504186,-0.003896661606957139,0.911206085302322,True,39.209787397516855
source_6,p211004CPU2OS48hw384exp031JUMP,9,quinidine,scaled,1.63,False,0.45824091618960383,0.08783968834127762,0.6019735198421228,True,6.998109229755115
source_6,p211004CPU2OS48hw384exp031JUMP,9,TC-S-7004,scaled,1.63,False,0.16933819938617808,-0.0340853714103479,0.750039478396019,False,9.834393607570457
source_6,p211004CPU2OS48hw384exp031JUMP,9,aloxistatin,scaled,1.63,False,0.10564280979564034,0.0424877201440621,0.4965172965281002,False,5.248981488194453
source_6,p211012CPU2OS48hw384exp033JUMP,10,AMG900,scaled,1.36,False,0.7934288711019755,0.043448792451607585,0.9742446296118241,True,100.16790561012934
source_6,p211012CPU2OS48hw384exp033JUMP,10,dexamethasone,scaled,1.36,False,0.6500538826946213,0.1267017841143497,0.9129823427291761,True,15.377722879596382
source_6,p211012CPU2OS48hw384exp033JUMP,10,FK-866,scaled,1.36,False,0.7178507933255064,0.06755488136009953,0.9268622757647259,True,59.717951627221325
source_6,p211012CPU2OS48hw384exp033JUMP,10,LY2109761,scaled,1.36,False,0.49868761509476867,0.09529847503386957,0.9187438616988619,True,35.562597982469775
source_6,p211012CPU2OS48hw384exp033JUMP,10,NVS-PAK1-1,scaled,1.36,False,0.6192471477421917,0.0026823864877503884,0.8554743175251195,True,35.27093501810932
source_6,p211012CPU2OS48hw384exp033JUMP,10,quinidine,scaled,1.36,False,0.42814035160791675,0.0692786926141952,0.629663841667784,True,8.93147026288965
source_6,p211012CPU2OS48hw384exp033JUMP,10,TC-S-7004,scaled,1.36,False,0.08338331028844014,-0.037430084684084916,0.7674330178772939,False,10.191337249203729
source_6,p211012CPU2OS48hw384exp033JUMP,10,aloxistatin,scaled,1.36,False,0.17831360345719321,0.05034465694599216,0.31514351428162335,False,5.4560481895321145
source_6,p211102CPU2OS48hw384exp034JUMP,11,AMG900,scaled,1.02,False,0.8230082189857677,0.04423968100007752,0.9819169553816404,True,91.17112152366818
source_6,p211102CPU2OS48hw384exp034JUMP,11,dexamethasone,scaled,1.02,False,0.6766511196662238,0.11018580569330459,0.9306516560383506,True,16.33703226729129
source_6,p211102CPU2OS48hw384exp034JUMP,11,FK-866,scaled,1.02,False,0.7689098321659565,0.07421189947912002,0.9640717242360932,True,55.31964444946772
source_6,p211102CPU2OS48hw384exp034JUMP,11,LY2109761,scaled,1.02,False,0.6007587674587593,0.10815006224414128,0.9588673669576908,True,33.83500732766728
source_6,p211102CPU2OS48hw384exp034JUMP,11,NVS-PAK1-1,scaled,1.02,False,0.7000322775143104,0.008904646707212497,0.9529670668831869,True,37.301809313626215
source_6,p211102CPU2OS48hw384exp034JUMP,11,quinidine,scaled,1.02,False,0.4415343951411167,0.05240828635152269,0.5922598544531236,True,10.665841076191171
source_6,p211102CPU2OS48hw384exp034JUMP,11,TC-S-7004,scaled,1.02,False,0.12354340019571003,-0.004755368994321928,0.7305519465655455,False,8.128720974827738
source_6,p211102CPU2OS48hw384exp034JUMP,11,aloxistatin,scaled,1.02,False,0.11580228852976243,0.04708802196589134,0.5067260825416517,False,5.166013383014271
source_6,p211109CPU2OS48hw384exp035JUMP,12,AMG900,scaled,1.33,False,0.8121537293202328,0.05227436393952573,0.9794601257677128,True,92.4695052621386
source_6,p211109CPU2OS48hw384exp035JUMP,12,dexamethasone,scaled,1.33,False,0.7012989648135306,0.10970526244558468,0.9523264633133001,True,16.7067296267684
source_6,p211109CPU2OS48hw384exp035JUMP,12,FK-866,scaled,1.33,False,0.7572545340188735,0.07959438439098569,0.9658769811744504,True,63.084328979540594
source_6,p211109CPU2OS48hw384exp035JUMP,12,LY2109761,scaled,1.33,False,0.5332906028367965,0.11284736828991696,0.9727522712478038,True,37.27839785799566
source_6,p211109CPU2OS48hw384exp035JUMP,12,NVS-PAK1-1,scaled,1.33,False,0.6784295003511247,0.0025539990118729127,0.9606560794475543,True,41.006090387123514
source_6,p211109CPU2OS48hw384exp035JUMP,12,quinidine,scaled,1.33,False,0.43798446977274275,0.07116279883015232,0.5747349360338425,True,6.284779469913747
source_6,p211109CPU2OS48hw384exp035JUMP,12,TC-S-7004,scaled,1.33,False,0.14380409795873758,-0.0175793008886898,0.7771222413093771,False,10.17826932851878
source_6,p211109CPU2OS48hw384exp035JUMP,12,aloxistatin,scaled,1.33,False,0.2053127427137259,0.03030372160335299,0.5523598429414878,True,5.0277067286454615
source_6,p211123CPU2OS48hw384exp036JUMP,13,AMG900,scaled,1.84,False,0.7796381590775834,0.03362154808081929,0.9539569145856632,True,103.06549091283887
source_6,p211123CPU2OS48hw384exp036JUMP,13,dexamethasone,scaled,1.84,False,0.6513868405644604,0.1137231159668698,0.8842297635218722,True,16.67026516894602
source_6,p211123CPU2OS48hw384exp036JUMP,13,FK-866,scaled,1.84,False,0.694429242768216,0.054026356278210605,0.8899684099364419,True,62.32531941821523
source_6,p211123CPU2OS48hw384exp036JUMP,13,LY2109761,scaled,1.84,False,0.5420589943879213,0.09602620372587763,0.854122518284149,True,37.44347911089381
source_6,p211123CPU2OS48hw384exp036JUMP,13,NVS-PAK1-1,scaled,1.84,False,0.5778945275070111,-0.004244741149291131,0.7912376518990952,True,42.095349731173386
source_6,p211123CPU2OS48hw384exp036JUMP,13,quinidine,scaled,1.84,False,0.40576511138495114,0.05769976654101435,0.6049543472616551,True,8.085291100587602
source_6,p211123CPU2OS48hw384exp036JUMP,13,TC-S-7004,scaled,1.84,False,0.026049937454019657,-0.05558388740099469,0.6855238076572692,False,10.94854847491789
source_6,p211123CPU2OS48hw384exp036JUMP,13,aloxistatin,scaled,1.84,False,0.1063999967576409,0.019245730131060557,0.4443888023562662,False,5.037969516164809
source_6,p210824CPU2OS48hw384exp022JUMP,1,AMG900,field,0.29,False,0.9449989604882312,0.07707507016834139,,True,120.21893507053267
source_6,p210824CPU2OS48hw384exp022JUMP,1,dexamethasone,field,0.29,False,0.8531505273552884,0.2137871565290716,,True,16.88842499129792
source_6,p210824CPU2OS48hw384exp022JUMP,1,FK-866,field,0.29,False,0.864963266617205,0.2986346891321171,,True,58.78522184923328
source_6,p210824CPU2OS48hw384exp022JUMP,1,LY2109761,field,0.29,False,0.8438703993490122,0.24366671985982175,,True,37.45181646914195
source_6,p210824CPU2OS48hw384exp022JUMP,1,NVS-PAK1-1,field,0.29,False,0.8379271388800962,0.09157485181708439,,True,47.769423459558894
source_6,p210824CPU2OS48hw384exp022JUMP,1,quinidine,field,0.29,False,0.6900506483343598,0.24747938622793014,,True,5.200134479133831
source_6,p210824CPU2OS48hw384exp022JUMP,1,TC-S-7004,field,0.29,False,0.39217761659233163,0.0209100263075739,,True,7.418672934386533
source_6,p210824CPU2OS48hw384exp022JUMP,1,aloxistatin,field,0.29,False,0.28322738277774395,0.05090030739667379,,True,3.2146351268464444
source_6,p210830CPU2OS48hw384exp023JUMP,2,AMG900,field,0.55,False,0.941786581045938,0.0609404290939267,0.9914232913269214,True,116.2863313004836
source_6,p210830CPU2OS48hw384exp023JUMP,2,dexamethasone,field,0.55,False,0.888311560026668,0.22688465523096443,0.9579889217178704,True,15.96472643085661
source_6,p210830CPU2OS48hw384exp023JUMP,2,FK-866,field,0.55,False,0.8782334834256749,0.2531859480761734,0.9597218154023668,True,50.60210861565879
source_6,p210830CPU2OS48hw384exp023JUMP,2,LY2109761,field,0.55,False,0.8505501678514131,0.22335495974737857,0.968090046496959,True,35.14503313084298
source_6,p210830CPU2OS48hw384exp023JUMP,2,NVS-PAK1-1,field,0.55,False,0.8153988344868787,0.05591452410650188,0.9667662180489393,True,42.0089522269806
source_6,p210830CPU2OS48hw384exp023JUMP,2,quinidine,field,0.55,False,0.7229645023986757,0.23683405905457805,0.7781300868548463,True,6.67405323574938
source_6,p210830CPU2OS48hw384exp023JUMP,2,TC-S-7004,field,0.55,False,0.3732486030997554,-0.01836835309674701,0.8866796913561124,True,7.236026035222213
source_6,p210830CPU2OS48hw384exp023JUMP,2,aloxistatin,field,0.55,False,0.26550807725251635,0.1434230889887301,0.6382124175879246,False,4.501006190778481
source_6,p210831CPU2OS48hw384exp024JUMP,3,AMG900,field,1.05,False,0.9465604011504366,0.06141047705943375,0.991348511639072,True,122.17776917610801
source_6,p210831CPU2OS48hw384exp024JUMP,3,dexamethasone,field,1.05,False,0.8712608958780945,0.19539147085808792,0.941121061150138,True,16.825407535754135
source_6,p210831CPU2OS48hw384exp024JUMP,3,FK-866,field,1.05,False,0.8562677148158577,0.26313447679535606,0.9497042482728122,True,50.36420742190113
source_6,p210831CPU2OS48hw384exp024JUMP,3,LY2109761,field,1.05,False,0.8100035912118646,0.2048178253045499,0.9435982492186447,True,32.900233533094315
source_6,p210831CPU2OS48hw384exp024JUMP,3,NVS-PAK1-1,field,1.05,False,0.8196530418730315,0.06441490301270857,0.9462622821058878,True,37.98569718659101
source_6,p210831CPU2OS48hw384exp024JUMP,3,quinidine,field,1.05,False,0.6067697386964895,0.13923093280211507,0.6554195936118137,True,5.920802238642262
source_6,p210831CPU2OS48hw384exp024JUMP,3,TC-S-7004,field,1.05,False,0.28596366269763474,-0.10935016177214706,0.8126873361066327,True,7.055376541963636
source_6,p210831CPU2OS48hw384exp024JUMP,3,aloxistatin,field,1.05,False,0.2981435390890011,0.1734553551042599,0.43660489870572783,False,3.71634684467976
source_6,p210906CPU2OS48hw384exp025JUMP,4,AMG900,field,1.03,False,0.9445699350363682,0.05838249186275517,0.9854964765721004,True,115.14634955814601
source_6,p210906CPU2OS48hw384exp025JUMP,4,dexamethasone,field,1.03,False,0.8482757726518704,0.20910418947657838,0.9562594211968113,True,16.0037985058287
source_6,p210906CPU2OS48hw384exp025JUMP,4,FK-866,field,1.03,False,0.8475830676441158,0.2318393667562902,0.956087660040309,True,50.4364833136213
source_6,p210906CPU2OS48hw384exp025JUMP,4,LY2109761,field,1.03,False,0.8174638993707579,0.19341956309311234,0.9580667984166302,True,31.6280642777913
source_6,p210906CPU2OS48hw384exp025JUMP,4,NVS-PAK1-1,field,1.03,False,0.79526273719616,0.029277227797993393,0.9361740036785529,True,35.02883656012995
source_6,p210906CPU2OS48hw384exp025JUMP,4,quinidine,field,1.03,False,0.5547661296765856,0.11156091198318659,0.6901022515528187,True,4.985326272161354
source_6,p210906CPU2OS48hw384exp025JUMP,4,TC-S-7004,field,1.03,False,0.1557828847000335,-0.08560852352050663,0.8103614899674443,True,7.7513780097606375
source_6,p210906CPU2OS48hw384exp025JUMP,4,aloxistatin,field,1.03,False,0.4486092678602406,0.17917860379201983,0.6715442130076955,False,3.6917470689878074
source_6,p210914CPU2OS48hw384exp027JUMP,5,AMG900,field,1.04,False,0.9373239929288244,0.07631383217225086,0.988325052664459,True,121.12177469701231
source_6,p210914CPU2OS48hw384exp027JUMP,5,dexamethasone,field,1.04,False,0.8435755714140347,0.19824565804338862,0.9519940266038373,True,15.039941277860391
source_6,p210914CPU2OS48hw384exp027JUMP,5,FK-866,field,1.04,False,0.8667502913660884,0.2587604269069455,0.9619213587797706,True,52.897701487018175
source_6,p210914CPU2OS48hw384exp027JUMP,5,LY2109761,field,1.04,False,0.8359991237998794,0.22827338614135861,0.9585794086995666,True,33.15620463182253
source_6,p210914CPU2OS48hw384exp027JUMP,5,NVS-PAK1-1,field,1.04,False,0.8303564347749411,0.07383374560611282,0.9741866649031758,True,42.327144958232616
source_6,p210914CPU2OS48hw384exp027JUMP,5,quinidine,field,1.04,False,0.4360642514195502,0.16213673950521487,0.6493883655245175,True,5.174440069811166
source_6,p210914CPU2OS48hw384exp027JUMP,5,TC-S-7004,field,1.04,False,0.4296047207757885,-0.055172425592101136,0.8006170067758657,False,7.288137060287129
source_6,p210914CPU2OS48hw384exp027JUMP,5,aloxistatin,field,1.04,False,-0.2625884770439605,-0.08118268202026198,0.28830299834250395,False,6.18994259468326
source_6,p210920CPU2OS48hw384exp028JUMP,6,AMG900,field,1.21,False,0.9445195871515557,0.06568962498960552,0.9881817586905131,True,120.87030606281844
source_6,p210920CPU2OS48hw384exp028JUMP,6,dexamethasone,field,1.21,False,0.8500731401069415,0.2353341023386812,0.9387555487923065,True,13.813457238893847
source_6,p210920CPU2OS48hw384exp028JUMP,6,FK-866,field,1.21,False,0.8457024538450926,0.26047382685134957,0.9527169219069146,True,54.11693865136073
source_6,p210920CPU2OS48hw384exp028JUMP,6,LY2109761,field,1.21,False,0.8128394604684062,0.20639247154838558,0.9371337739827764,True,30.509580457898522
source_6,p210920CPU2OS48hw384exp028JUMP,6,NVS-PAK1-1,field,1.21,False,0.7756382712262759,0.00487312269228334,0.9096537270379306,True,36.87990305893508
source_6,p210920CPU2OS48hw384exp028JUMP,6,quinidine,field,1.21,False,0.6092867704802101,0.1789950644295843,0.7513615155999441,True,4.823692824252459
source_6,p210920CPU2OS48hw384exp028JUMP,6,TC-S-7004,field,1.21,False,0.40387870803049314,-0.1395814349145197,0.7457953402820627,False,7.144326703617357
source_6,p210920CPU2OS48hw384exp028JUMP,6,aloxistatin,field,1.21,False,0.2443827142801799,0.054469342608990216,0.4795642938829317,True,3.391334335748548
source_6,p210927CPU2OS48hw384exp029JUMP,7,AMG900,field,1.22,False,0.9396191434590391,0.07462167428104119,0.9897823960141543,True,113.22381332442696
source_6,p210927CPU2OS48hw384exp029JUMP,7,dexamethasone,field,1.22,False,0.7792501965148809,0.23278791553447148,0.923551607409723,True,12.283857349708166
source_6,p210927CPU2OS48hw384exp029JUMP,7,FK-866,field,1.22,False,0.8762908572248169,0.2685434999013574,0.9646164240563218,True,50.69774623657485
source_6,p210927CPU2OS48hw384exp029JUMP,7,LY2109761,field,1.22,False,0.8334089910122731,0.20459506936898317,0.9642679185605494,True,28.813770433271017
source_6,p210927CPU2OS48hw384exp029JUMP,7,NVS-PAK1-1,field,1.22,False,0.8028182332767193,0.05218102655224926,0.9449785215070612,True,34.46954433099493
source_6,p210927CPU2OS48hw384exp029JUMP,7,quinidine,field,1.22,False,0.4942979016627017,0.2377585336215496,0.5933687201842367,True,3.8037252539627944
source_6,p210927CPU2OS48hw384exp029JUMP,7,TC-S-7004,field,1.22,False,0.48488356174967895,-0.05743009182530725,0.8384835496610528,False,6.907225197849637
source_6,p210927CPU2OS48hw384exp029JUMP,7,aloxistatin,field,1.22,False,0.11961372902725712,0.1217603276938911,0.4348534217465876,False,2.8900712339652226
source_6,p210928CPU2OS48hw384exp030JUMP,8,AMG900,field,1.51,False,0.945616319143791,0.0805549066967304,0.9878253877854485,True,127.33148821303459
source_6,p210928CPU2OS48hw384exp030JUMP,8,dexamethasone,field,1.51,False,0.8552296869739797,0.24572236058229838,0.931022991461177,True,13.328511447202132
source_6,p210928CPU2OS48hw384exp030JUMP,8,FK-866,field,1.51,False,0.8401670334577709,0.2683805817244484,0.9454028793471991,True,59.67969410903354
source_6,p210928CPU2OS48hw384exp030JUMP,8,LY2109761,field,1.51,False,0.8042932883315981,0.22549583821031324,0.9193588805143471,True,28.635236397451592
source_6,p210928CPU2OS48hw384exp030JUMP,8,NVS-PAK1-1,field,1.51,False,0.7842619073077909,-0.002637173646854979,0.9092421210849941,True,40.35476934192474
source_6,p210928CPU2OS48hw384exp030JUMP,8,quinidine,field,1.51,False,0.6193482539018977,0.15563812673253982,0.7771287619938367,True,4.629377491928961
source_6,p210928CPU2OS48hw384exp030JUMP,8,TC-S-7004,field,1.51,False,0.3701021341144187,-0.15228814715710343,0.7667569098335565,True,7.1944476777538116
source_6,p210928CPU2OS48hw384exp030JUMP,8,aloxistatin,field,1.51,False,-0.0658831872262137,0.013401846166894575,0.3871936876220927,False,3.622699609756909
source_6,p211004CPU2OS48hw384exp031JUMP,9,AMG900,field,1.63,False,0.9333921905716047,0.10135795115131874,0.9870998841955315,True,119.27027323962251
source_6,p211004CPU2OS48hw384exp031JUMP,9,dexamethasone,field,1.63,False,0.8241892515891506,0.21033163710487632,0.9229246523672976,True,11.920273600686192
source_6,p211004CPU2OS48hw384exp031JUMP,9,FK-866,field,1.63,False,0.868531926936184,0.27107559731668085,0.9591811629252323,True,56.05660507611134
source_6,p211004CPU2OS48hw384exp031JUMP,9,LY2109761,field,1.63,False,0.8704943769102302,0.20163102675449598,0.9439771935007567,True,30.511407437845644
source_6,p211004CPU2OS48hw384exp031JUMP,9,NVS-PAK1-1,field,1.63,False,0.8344917478662002,0.0878556110737289,0.962704667543812,True,44.22023001942978
source_6,p211004CPU2OS48hw384exp031JUMP,9,quinidine,field,1.63,False,0.5703617011106628,0.19139122051447435,0.6642583899520118,True,3.9665938460606385
source_6,p211004CPU2OS48hw384exp031JUMP,9,TC-S-7004,field,1.63,False,0.5241968490366855,0.0172573227155552,0.8301106939168328,True,7.679474564066056
source_6,p211004CPU2OS48hw384exp031JUMP,9,aloxistatin,field,1.63,False,0.03945494145390501,0.07019533785694188,0.41460174845238296,False,3.4738485422988448
source_6,p211012CPU2OS48hw384exp033JUMP,10,AMG900,field,1.36,False,0.9456663946556874,0.08279930668917554,0.9910780771657016,True,121.98526985245722
source_6,p211012CPU2OS48hw384exp033JUMP,10,dexamethasone,field,1.36,False,0.8391540042050295,0.24567638707778078,0.940849182487143,True,12.68033157450759
source_6,p211012CPU2OS48hw384exp033JUMP,10,FK-866,field,1.36,False,0.8633806160700941,0.24562945930909633,0.9523520112496349,True,52.52613413093368
source_6,p211012CPU2OS48hw384exp033JUMP,10,LY2109761,field,1.36,False,0.8172834137815759,0.22502379152555724,0.9375342889382585,True,27.96524277679605
source_6,p211012CPU2OS48hw384exp033JUMP,10,NVS-PAK1-1,field,1.36,False,0.8096450941121558,0.05221372429131373,0.9239775711464043,True,38.54610901374939
source_6,p211012CPU2OS48hw384exp033JUMP,10,quinidine,field,1.36,False,0.6394552462435503,0.20416726267622584,0.7516340679104261,True,4.369593382013258
source_6,p211012CPU2OS48hw384exp033JUMP,10,TC-S-7004,field,1.36,False,0.4638176497487939,-0.04665328358419507,0.7855399484320312,False,7.828213874968118
source_6,p211012CPU2OS48hw384exp033JUMP,10,aloxistatin,field,1.36,False,0.20323012992131537,0.14142361857302468,0.3366970676372648,False,3.2468271504791573
source_6,p211102CPU2OS48hw384exp034JUMP,11,AMG900,field,1.02,False,0.9480312914738229,0.08734236778757978,0.9911475916755448,True,116.4951450962002
source_6,p211102CPU2OS48hw384exp034JUMP,11,dexamethasone,field,1.02,False,0.8520090256913664,0.21720792727950347,0.9404058667777149,True,14.114091221305955
source_6,p211102CPU2OS48hw384exp034JUMP,11,FK-866,field,1.02,False,0.8795686154227498,0.2740042346233124,0.969537480750696,True,52.87167632910701
source_6,p211102CPU2OS48hw384exp034JUMP,11,LY2109761,field,1.02,False,0.8754670248097844,0.2447835603397283,0.9577895623205099,True,32.87163945454449
source_6,p211102CPU2OS48hw384exp034JUMP,11,NVS-PAK1-1,field,1.02,False,0.8779940995819948,0.12849858736498074,0.9748971834349701,True,41.87194783982159
source_6,p211102CPU2OS48hw384exp034JUMP,11,quinidine,field,1.02,False,0.6143845769716733,0.19712826590803298,0.685978162531687,True,5.167842062646286
source_6,p211102CPU2OS48hw384exp034JUMP,11,TC-S-7004,field,1.02,False,0.41658269350254906,0.08345754489603814,0.8443015962797867,True,6.335642318117884
source_6,p211102CPU2OS48hw384exp034JUMP,11,aloxistatin,field,1.02,False,0.31326221304083796,0.10521688454074399,0.5489649856101736,False,3.0567037676054496
source_6,p211109CPU2OS48hw384exp035JUMP,12,AMG900,field,1.33,False,0.9427642444190782,0.10030832848782786,0.9908964530990323,True,121.06537556986902
source_6,p211109CPU2OS48hw384exp035JUMP,12,dexamethasone,field,1.33,False,0.8969771346713796,0.21976244519271068,0.9590081426781101,True,14.322593666100396
source_6,p211109CPU2OS48hw384exp035JUMP,12,FK-866,field,1.33,False,0.8809762463244994,0.297135771213172,0.9704444567929827,True,58.44850411467768
source_6,p211109CPU2OS48hw384exp035JUMP,12,LY2109761,field,1.33,False,0.8790908965996331,0.24234270486860263,0.9716737607960714,True,32.83735111989839
source_6,p211109CPU2OS48hw384exp035JUMP,12,NVS-PAK1-1,field,1.33,False,0.8582764489456378,0.09062487864835733,0.9766550102229555,True,47.03475646237503
source_6,p211109CPU2OS48hw384exp035JUMP,12,quinidine,field,1.33,False,0.560618660786359,0.23930543459933018,0.6166880326493951,True,4.3324256682223785
source_6,p211109CPU2OS48hw384exp035JUMP,12,TC-S-7004,field,1.33,False,0.5324822295867505,0.062196289916085924,0.8440384093719328,True,8.203864372432419
source_6,p211109CPU2OS48hw384exp035JUMP,12,aloxistatin,field,1.33,False,0.34758050628720477,0.08314440721346945,0.6113000038386097,True,3.454321437399477
source_6,p211123CPU2OS48hw384exp036JUMP,13,AMG900,field,1.84,False,0.9467993886935653,0.08016118735328862,0.9866514460511864,True,130.06612089586935
source_6,p211123CPU2OS48hw384exp036JUMP,13,dexamethasone,field,1.84,False,0.8782816711164098,0.22632504404145193,0.9381470028876462,True,14.591681761100705
source_6,p211123CPU2OS48hw384exp036JUMP,13,FK-866,field,1.84,False,0.8138599064115857,0.2670787915198103,0.9200655742842394,True,58.504718294676806
source_6,p211123CPU2OS48hw384exp036JUMP,13,LY2109761,field,1.84,False,0.8013492185505601,0.21132092932359706,0.9023801438665152,True,32.382240121074666
source_6,p211123CPU2OS48hw384exp036JUMP,13,NVS-PAK1-1,field,1.84,False,0.7980768865012879,0.04561484567482759,0.8934750512212651,True,44.970322079289524
source_6,p211123CPU2OS48hw384exp036JUMP,13,quinidine,field,1.84,False,0.5403830744519783,0.19607955817294936,0.6352538635963789,True,4.422102415898261
source_6,p211123CPU2OS48hw384exp036JUMP,13,TC-S-7004,field,1.84,False,0.4177200335719877,-0.12399866339177905,0.6794624604016934,False,8.102662834131506
source_6,p211123CPU2OS48hw384exp036JUMP,13,aloxistatin,field,1.84,False,-0.006753187643268627,0.031778212017967884,0.4534331124989136,False,3.3854041961501404
source_7,20210719_Run1,1,AMG900,raw,0.67,False,0.5392961337356436,0.14598208641877955,,True,49.90936762213625
source_7,20210719_Run1,1,dexamethasone,raw,0.67,False,0.7266473983910835,0.16835169278460457,,True,8.056566728276305
source_7,20210719_Run1,1,FK-866,raw,0.67,False,0.7241625146923771,0.31574522499828844,,True,28.84426166845106
source_7,20210719_Run1,1,LY2109761,raw,0.67,False,0.7488852678189153,0.20390438944314443,,True,22.1798169513958
source_7,20210719_Run1,1,NVS-PAK1-1,raw,0.67,False,0.4973825680403418,0.18823100160137982,,True,25.037056172070695
source_7,20210719_Run1,1,quinidine,raw,0.67,False,0.5806646029929006,0.2908529228741853,,False,6.8304825144512105
source_7,20210719_Run1,1,TC-S-7004,raw,0.67,False,0.29227394386636185,0.2356260103462366,,False,67.72955534613074
source_7,20210719_Run1,1,aloxistatin,raw,0.67,False,0.5668236953197261,0.15936106731007696,,True,8.540730273737786
source_7,20210723_Run2,2,AMG900,raw,1.53,False,0.5298101440971785,0.12004451756941355,0.9833650502315212,True,53.40784175639394
source_7,20210723_Run2,2,dexamethasone,raw,1.53,False,0.7472894704745549,0.1675556120983194,0.8906455743921847,True,9.025786930484955
source_7,20210723_Run2,2,FK-866,raw,1.53,False,0.7424711499151357,0.30505478848997,0.9793661569219524,True,27.10640893764688
source_7,20210723_Run2,2,LY2109761,raw,1.53,False,0.7269019624090745,0.1984648921376698,0.9660391088595213,True,23.968356319150324
source_7,20210723_Run2,2,NVS-PAK1-1,raw,1.53,False,0.4894232447134117,0.18478150808491425,0.9685681934964837,True,27.161916550144028
source_7,20210723_Run2,2,quinidine,raw,1.53,False,0.5668544317631298,0.2675607601037212,0.9156332183867626,False,6.501887191432692
source_7,20210723_Run2,2,TC-S-7004,raw,1.53,False,0.30049719366870775,0.21823407458841024,0.9855527222125424,False,69.38720237663739
source_7,20210723_Run2,2,aloxistatin,raw,1.53,False,0.6247336304462426,0.19234553647402888,0.9404951249460496,True,8.049424027291202
source_7,20210727_Run3,3,AMG900,raw,1.64,False,0.5203564275660122,0.12686983842137353,0.9784677845068376,True,52.71746145761947
source_7,20210727_Run3,3,dexamethasone,raw,1.64,False,0.783122501559466,0.16838582094476942,0.9154551158994109,True,8.50779961072325
source_7,20210727_Run3,3,FK-866,raw,1.64,False,0.6946279425863986,0.3108721217627347,0.9766073874839598,True,29.784507810296333
source_7,20210727_Run3,3,LY2109761,raw,1.64,False,0.7638855526145877,0.2114519683995633,0.9778214213474663,True,22.101612142902002
source_7,20210727_Run3,3,NVS-PAK1-1,raw,1.64,False,0.4894286848248405,0.19910711337561066,0.9603596295785783,True,25.816976033032137
source_7,20210727_Run3,3,quinidine,raw,1.64,False,0.6232883786160175,0.30380674189011764,0.8874755235551488,False,6.979580442324175
source_7,20210727_Run3,3,TC-S-7004,raw,1.64,False,0.26184383791590143,0.21651353034918905,0.9797847205500683,False,66.93530507321569
source_7,20210727_Run3,3,aloxistatin,raw,1.64,False,0.6165399390166291,0.1747351871032608,0.9382404299965299,True,9.194801901986223
source_7,20210731_Run4,4,AMG900,raw,1.69,False,0.509219727212415,0.13311568527353107,0.9701719628453973,True,51.45740491643658
source_7,20210731_Run4,4,dexamethasone,raw,1.69,False,0.6957233726945271,0.17007293423927347,0.8682320641846856,True,9.161126899597065
source_7,20210731_Run4,4,FK-866,raw,1.69,False,0.6703695580250952,0.2980836616701966,0.9712018762736663,True,29.570873613695376
source_7,20210731_Run4,4,LY2109761,raw,1.69,False,0.7191927349684563,0.1955647003534791,0.976658616246932,True,22.5682108863636
source_7,20210731_Run4,4,NVS-PAK1-1,raw,1.69,False,0.45972612225599985,0.18118852010322556,0.9696422327271382,True,27.089227678303995
source_7,20210731_Run4,4,quinidine,raw,1.69,False,0.5485297037043524,0.2503696301261789,0.8976452526801527,False,7.538228164696883
source_7,20210731_Run4,4,TC-S-7004,raw,1.69,False,0.28384085210297727,0.21202034092864844,0.9816766161951516,False,64.48450785384082
source_7,20210731_Run4,4,aloxistatin,raw,1.69,False,0.5636754684350967,0.1711772114141754,0.9270275019058355,True,9.056963229196516
source_7,20210803_Run5,5,AMG900,raw,1.53,False,0.45614800754564333,0.12502301587614176,0.9666881330673713,True,51.26247252618587
source_7,20210803_Run5,5,dexamethasone,raw,1.53,False,0.6653831933255949,0.13124396563788673,0.9291431370504166,True,8.125589679188376
source_7,20210803_Run5,5,FK-866,raw,1.53,False,0.5763848625330471,0.28321357447406165,0.9264965444895089,True,35.52727018107102
source_7,20210803_Run5,5,LY2109761,raw,1.53,False,0.7471854252520131,0.21950844485921223,0.9613666805525913,True,20.236362657292872
source_7,20210803_Run5,5,NVS-PAK1-1,raw,1.53,False,0.4318185688315904,0.17906814636809149,0.9594801242654659,True,24.87761604069486
source_7,20210803_Run5,5,quinidine,raw,1.53,False,0.5717867570195028,0.30076679437143655,0.8587488736912516,False,7.340016901881942
source_7,20210803_Run5,5,TC-S-7004,raw,1.53,False,0.21303471953738357,0.1919649042871327,0.958633600759368,False,70.3187619431686
source_7,20210803_Run5,5,aloxistatin,raw,1.53,False,0.5287499897196403,0.13511064477952103,0.9319553821869062,True,9.587982904241253
source_7,20211121_Run6,6,AMG900,raw,1.88,False,0.5148272498851136,0.1433405714247125,0.9613587741284119,True,53.935622471132504
source_7,20211121_Run6,6,dexamethasone,raw,1.88,False,0.6294717876362095,0.1215717441867161,0.5586099240788083,True,9.94708803067733
source_7,20211121_Run6,6,FK-866,raw,1.88,False,0.5708063887296964,0.29948106546420555,0.8845781256297969,True,36.938790953810184
source_7,20211121_Run6,6,LY2109761,raw,1.88,False,0.7236469667584828,0.21672286734503807,0.8885843426825053,True,25.644205736263853
source_7,20211121_Run6,6,NVS-PAK1-1,raw,1.88,False,0.43667078308243723,0.20335134206674213,0.9178304166467335,True,29.544648123436318
source_7,20211121_Run6,6,quinidine,raw,1.88,False,0.4903446298768119,0.2242295062607694,0.5022500944988328,True,9.861437459757482
source_7,20211121_Run6,6,TC-S-7004,raw,1.88,False,0.2845777729781169,0.2154326992780036,0.9668184070277549,True,68.61882060626009
source_7,20211121_Run6,6,aloxistatin,raw,1.88,False,0.5052949633083232,0.26180803714225964,0.6907161510958283,True,10.85919792344544
source_7,20211126_Run7,7,AMG900,raw,2.21,False,0.5241087633305114,0.11582450222991159,0.9624436077950709,True,52.66293076325417
source_7,20211126_Run7,7,dexamethasone,raw,2.21,False,0.6221038493615565,0.17862433994157864,0.6860441313877703,True,8.253065112578193
source_7,20211126_Run7,7,FK-866,raw,2.21,False,0.7599598602310795,0.3023932246194064,0.9369434131009627,True,26.72478883375994
source_7,20211126_Run7,7,LY2109761,raw,2.21,False,0.6942738795315717,0.17454149174844583,0.8847986336298045,True,23.670372089435435
source_7,20211126_Run7,7,NVS-PAK1-1,raw,2.21,False,0.5265916789116376,0.1632442561813712,0.890596862658211,True,26.72331241470617
source_7,20211126_Run7,7,quinidine,raw,2.21,False,0.5305526021858444,0.1966493185968068,0.506792581862037,True,6.738356068526154
source_7,20211126_Run7,7,TC-S-7004,raw,2.21,False,0.32500926279385683,0.21168821702023197,0.9623946915422138,True,64.77514715733727
source_7,20211126_Run7,7,aloxistatin,raw,2.21,False,0.31746243581062983,0.2055827910057777,0.5207399931114483,True,8.99540685681539
source_7,20211211_Run9M,8,AMG900,raw,2.71,False,0.4860539264537786,0.10542588753706102,0.9476206925998558,True,59.21440895274018
source_7,20211211_Run9M,8,dexamethasone,raw,2.71,False,0.6996030972763289,0.16369815993963144,0.755008129568475,True,8.823901667970015
source_7,20211211_Run9M,8,FK-866,raw,2.71,False,0.6417770385401224,0.28320573548934874,0.8846886935674949,True,38.63518901189374
source_7,20211211_Run9M,8,LY2109761,raw,2.71,False,0.7539676167954905,0.20679380134824227,0.888979861664597,True,26.084140137696032
source_7,20211211_Run9M,8,NVS-PAK1-1,raw,2.71,False,0.442884748558714,0.18016791886848565,0.9156725078204844,True,29.204851657234396
source_7,20211211_Run9M,8,quinidine,raw,2.71,False,0.49160549872335213,0.24847990921777896,0.594215198755882,False,9.9955877287414
source_7,20211211_Run9M,8,TC-S-7004,raw,2.71,False,0.2788380985202874,0.19415009523404173,0.95313517206018,False,74.87146485889303
source_7,20211211_Run9M,8,aloxistatin,raw,2.71,False,0.3878339185428219,0.16665073495513627,0.5183770671180727,True,8.178282811992709
source_7,20210719_Run1,1,AMG900,own,0.67,False,0.5438039535879313,0.09077507759927007,,True,166.1938714584739
source_7,20210719_Run1,1,dexamethasone,own,0.67,False,0.7228816038619399,0.16104846165689007,,True,31.07941691189754
source_7,20210719_Run1,1,FK-866,own,0.67,False,0.6829576145773761,0.26691872875034467,,True,105.54238688970206
source_7,20210719_Run1,1,LY2109761,own,0.67,False,0.742646145503667,0.18961900499409226,,True,87.6437586788172
source_7,20210719_Run1,1,NVS-PAK1-1,own,0.67,False,0.42890380147212565,0.1604791872015688,,True,98.98805886591728
source_7,20210719_Run1,1,quinidine,own,0.67,False,0.528957795095126,0.26854752598746817,,False,25.753226970390482
source_7,20210719_Run1,1,TC-S-7004,own,0.67,False,0.25533290983631046,0.2132504043559186,,False,242.6987645391505
source_7,20210719_Run1,1,aloxistatin,own,0.67,False,0.5825008222542372,0.1451261555468775,,True,31.604854155117938
source_7,20210723_Run2,2,AMG900,own,1.53,False,0.5312824171992838,0.07495279890476982,0.9496781475737792,True,196.696937252229
source_7,20210723_Run2,2,dexamethasone,own,1.53,False,0.7333293572925952,0.16467790794643783,0.9570605168807244,True,40.791879914001385
source_7,20210723_Run2,2,FK-866,own,1.53,False,0.7159650350675741,0.2712080329771346,0.9732380536470192,True,108.06415197817545
source_7,20210723_Run2,2,LY2109761,own,1.53,False,0.749733494180903,0.1997491126229207,0.9725139946450863,True,101.75162497999428
source_7,20210723_Run2,2,NVS-PAK1-1,own,1.53,False,0.45731850484361075,0.20278772826025387,0.9312405514944913,True,94.29460565480511
source_7,20210723_Run2,2,quinidine,own,1.53,False,0.5009680746813783,0.24169567359347965,0.9485151567776297,False,29.365988955732266
source_7,20210723_Run2,2,TC-S-7004,own,1.53,False,0.26641502739997003,0.20129078748686405,0.9305988458269633,False,281.1481675102752
source_7,20210723_Run2,2,aloxistatin,own,1.53,False,0.6297311703884446,0.1620393571266588,0.927614753296607,True,36.998268739803734
source_7,20210727_Run3,3,AMG900,own,1.64,False,0.5250725785581618,0.06953410651424162,0.9349855433933751,True,197.58816617854455
source_7,20210727_Run3,3,dexamethasone,own,1.64,False,0.7730958390639862,0.16767902244201002,0.9428380641527356,True,36.147590468352334
source_7,20210727_Run3,3,FK-866,own,1.64,False,0.6824754313150538,0.2702022067449101,0.9580310157155206,True,114.41129057711863
source_7,20210727_Run3,3,LY2109761,own,1.64,False,0.7735306206396821,0.2064434940446891,0.9675453916657407,True,92.1742824499276
source_7,20210727_Run3,3,NVS-PAK1-1,own,1.64,False,0.4688908975751456,0.21168819864608515,0.8935898853821713,True,87.61947534770829
source_7,20210727_Run3,3,quinidine,own,1.64,False,0.6005892947948075,0.28140962270017345,0.932786745044179,False,29.338202110766034
source_7,20210727_Run3,3,TC-S-7004,own,1.64,False,0.20169022262229303,0.18509527111822915,0.9045738980390572,False,274.1253053924181
source_7,20210727_Run3,3,aloxistatin,own,1.64,False,0.6635762748099858,0.15698895470605362,0.9388956467640355,True,39.376602107137074
source_7,20210731_Run4,4,AMG900,own,1.69,False,0.5671552465714387,0.057388776456302866,0.8981067855586582,True,157.60624174938096
source_7,20210731_Run4,4,dexamethasone,own,1.69,False,0.5994165579018425,0.1604573941765568,0.8698550086853765,True,26.40928272459323
source_7,20210731_Run4,4,FK-866,own,1.69,False,0.6170940905502755,0.25766736072109664,0.917751567513047,True,77.61635422025289
source_7,20210731_Run4,4,LY2109761,own,1.69,False,0.6789689463820847,0.1736070693786107,0.9223218366323122,True,65.42905088298588
source_7,20210731_Run4,4,NVS-PAK1-1,own,1.69,False,0.463249704401028,0.15841494127931793,0.9136047760511047,True,71.69272111345013
source_7,20210731_Run4,4,quinidine,own,1.69,False,0.48616832229426543,0.2329454550659806,0.8769991512838028,False,21.239253409715165
source_7,20210731_Run4,4,TC-S-7004,own,1.69,False,0.25977746477813823,0.13889716881336803,0.8868807245822901,True,191.08141545732752
source_7,20210731_Run4,4,aloxistatin,own,1.69,False,0.5943069332030575,0.1641729909492706,0.8701420688370542,True,26.1895033312594
source_7,20210803_Run5,5,AMG900,own,1.53,False,0.4771971603581091,0.0945776168160972,0.9235182675275055,True,153.69608598808728
source_7,20210803_Run5,5,dexamethasone,own,1.53,False,0.6030730522643971,0.12549233162878823,0.9412922019370975,True,30.910779253391087
source_7,20210803_Run5,5,FK-866,own,1.53,False,0.6018947219578354,0.2630659531296394,0.9283796536571727,True,111.98878621451303
source_7,20210803_Run5,5,LY2109761,own,1.53,False,0.7527596967304311,0.21123229508942995,0.9674436992456248,True,74.44058975753701
source_7,20210803_Run5,5,NVS-PAK1-1,own,1.53,False,0.44217012564869,0.19428412812639448,0.9092985178326073,True,70.8076343561813
source_7,20210803_Run5,5,quinidine,own,1.53,False,0.5191175973461318,0.2669949809549964,0.9509733903237855,False,26.562484124589307
source_7,20210803_Run5,5,TC-S-7004,own,1.53,False,0.17559751636226667,0.18772879241352494,0.887694090191302,False,220.63670750021046
source_7,20210803_Run5,5,aloxistatin,own,1.53,False,0.5495744818305537,0.10536840683652386,0.9564589748941102,True,36.067774390969845
source_7,20211121_Run6,6,AMG900,own,1.88,False,0.5207069548846328,0.09167391652860735,0.9211816666951644,True,244.83694582592628
source_7,20211121_Run6,6,dexamethasone,own,1.88,False,0.7980943376130353,0.1775022471256653,0.6997507249739432,True,42.072969064904534
source_7,20211121_Run6,6,FK-866,own,1.88,False,0.5758409434342256,0.2809452125453177,0.886008183367377,True,165.76112557507554
source_7,20211121_Run6,6,LY2109761,own,1.88,False,0.7891041248534729,0.21584395606069476,0.9074611059008855,True,131.82771254639684
source_7,20211121_Run6,6,NVS-PAK1-1,own,1.88,False,0.3983199205201641,0.2256683612455778,0.8356501500375965,False,122.98387251842036
source_7,20211121_Run6,6,quinidine,own,1.88,False,0.7148404362466945,0.2570307840061192,0.536927796089729,True,39.45194400016031
source_7,20211121_Run6,6,TC-S-7004,own,1.88,False,0.22211538447347834,0.2046826207037778,0.9009227912805324,False,340.3199736645447
source_7,20211121_Run6,6,aloxistatin,own,1.88,False,0.5897567497412952,0.26491296724478136,0.6588247474783984,True,51.088006420744485
source_7,20211126_Run7,7,AMG900,own,2.21,False,0.5828830507626346,0.08281726954455516,0.8944014860147942,True,227.73502937252272
source_7,20211126_Run7,7,dexamethasone,own,2.21,False,0.6637129691960606,0.20054411565140487,0.7589955937269174,True,34.774957677302396
source_7,20211126_Run7,7,FK-866,own,2.21,False,0.7338428039919949,0.2696499505819932,0.9139830541792122,True,121.06187495782078
source_7,20211126_Run7,7,LY2109761,own,2.21,False,0.7564000187596389,0.17815972288242324,0.8932265101514331,True,111.4068241152748
source_7,20211126_Run7,7,NVS-PAK1-1,own,2.21,False,0.5702515610989504,0.17270212399294196,0.8008555369952142,True,103.43852049729342
source_7,20211126_Run7,7,quinidine,own,2.21,False,0.6972157415692927,0.2560792077952217,0.5605724517832372,True,23.817678787265283
source_7,20211126_Run7,7,TC-S-7004,own,2.21,False,0.3169124460686924,0.21119393759315666,0.8689961765544127,False,281.5943593400048
source_7,20211126_Run7,7,aloxistatin,own,2.21,False,0.3862662792182944,0.19958516390679618,0.6688969417256794,False,38.942258923075265
source_7,20211211_Run9M,8,AMG900,own,2.71,False,0.5408423277271648,0.06915251129621458,0.9133628432911354,True,251.92901934214726
source_7,20211211_Run9M,8,dexamethasone,own,2.71,False,0.7779633040848274,0.1450853170094118,0.8224703789658511,True,37.647935464877456
source_7,20211211_Run9M,8,FK-866,own,2.71,False,0.6597675155992893,0.25276967858588467,0.8615017745386755,True,160.67925978355115
source_7,20211211_Run9M,8,LY2109761,own,2.71,False,0.7830556549776156,0.21721681227981765,0.9274161529010749,True,116.2794744041219
source_7,20211211_Run9M,8,NVS-PAK1-1,own,2.71,False,0.3973178202472506,0.19366176487905337,0.8880281467878038,True,114.58688305361342
source_7,20211211_Run9M,8,quinidine,own,2.71,False,0.5624322837887924,0.270719111992007,0.6914322840206771,False,40.90179304291578
source_7,20211211_Run9M,8,TC-S-7004,own,2.71,False,0.25095823438837805,0.18312489961724673,0.8901654289168898,False,321.491902881565
source_7,20211211_Run9M,8,aloxistatin,own,2.71,False,0.5148498057604947,0.1784477502299963,0.6798266702671549,True,28.548137517956672
source_7,20210719_Run1,1,AMG900,scaled,0.67,False,0.3297816748516316,0.03938571357967689,,True,61.67505203590892
source_7,20210719_Run1,1,dexamethasone,scaled,0.67,False,0.5597721866727821,0.0978850493530646,,True,7.945001830710789
source_7,20210719_Run1,1,FK-866,scaled,0.67,False,0.602208814518653,0.11063525830408226,,True,32.12730474614771
source_7,20210719_Run1,1,LY2109761,scaled,0.67,False,0.5684783545398523,0.08764873782686353,,True,23.441517200272244
source_7,20210719_Run1,1,NVS-PAK1-1,scaled,0.67,False,0.39012603660765194,0.0499606954639588,,True,27.197490216547344
source_7,20210719_Run1,1,quinidine,scaled,0.67,False,0.33867531609947565,0.16501593788908858,,False,6.930093968277969
source_7,20210719_Run1,1,TC-S-7004,scaled,0.67,False,0.20027474531705883,0.06296584539459173,,True,81.48927098556169
source_7,20210719_Run1,1,aloxistatin,scaled,0.67,False,0.34932021613650693,0.08678615097251426,,True,10.257043366810326
source_7,20210723_Run2,2,AMG900,scaled,1.53,False,0.3135606919201557,0.03613528522884909,0.9630564199158254,True,66.35695819867642
source_7,20210723_Run2,2,dexamethasone,scaled,1.53,False,0.5698228038382831,0.10181641186252298,0.8477464689899226,True,8.839419675928568
source_7,20210723_Run2,2,FK-866,scaled,1.53,False,0.6342564019590855,0.11899447099056092,0.9545672130301255,True,31.015239814309492
source_7,20210723_Run2,2,LY2109761,scaled,1.53,False,0.5758593686866138,0.07576800746665399,0.9353779625779861,True,25.782124998522974
source_7,20210723_Run2,2,NVS-PAK1-1,scaled,1.53,False,0.38461512970759204,0.05271763211921559,0.9529545150067085,True,29.908820349158695
source_7,20210723_Run2,2,quinidine,scaled,1.53,False,0.36115178001572956,0.15451678389126502,0.8149279147306635,False,6.68186508211495
source_7,20210723_Run2,2,TC-S-7004,scaled,1.53,False,0.21778214465336782,0.05708087092367548,0.9676235257922577,True,86.65218784201548
source_7,20210723_Run2,2,aloxistatin,scaled,1.53,False,0.3721553891777133,0.1291595467666807,0.8892068314237691,True,9.083299984945189
source_7,20210727_Run3,3,AMG900,scaled,1.64,False,0.3203978136968628,0.03352416412633467,0.9586083237996685,True,67.35998622531456
source_7,20210727_Run3,3,dexamethasone,scaled,1.64,False,0.5940650939090619,0.11015991680563232,0.8585417933243631,True,8.275331582470209
source_7,20210727_Run3,3,FK-866,scaled,1.64,False,0.5612368701240069,0.11612120229994034,0.9442549387705,True,34.70666782219625
source_7,20210727_Run3,3,LY2109761,scaled,1.64,False,0.5857264190926152,0.08892561317965735,0.9413480957635264,True,24.068628625771122
source_7,20210727_Run3,3,NVS-PAK1-1,scaled,1.64,False,0.37411163906394473,0.058432857226822524,0.9357278953921695,True,30.10887030073339
source_7,20210727_Run3,3,quinidine,scaled,1.64,False,0.37134874411860175,0.1906413376162312,0.8390131547689497,False,7.085076851323737
source_7,20210727_Run3,3,TC-S-7004,scaled,1.64,False,0.20312873072896953,0.055192650376114115,0.9604634557084472,True,85.2047651684627
source_7,20210727_Run3,3,aloxistatin,scaled,1.64,False,0.3561175156778916,0.10187129442701921,0.895303244036131,True,10.958216456217722
source_7,20210731_Run4,4,AMG900,scaled,1.69,False,0.2922966440423175,0.023217931782503316,0.928825731182794,True,57.168049575656475
source_7,20210731_Run4,4,dexamethasone,scaled,1.69,False,0.4750738983650244,0.09100532227441797,0.8166619811423685,True,7.422272222630585
source_7,20210731_Run4,4,FK-866,scaled,1.69,False,0.5447497443721236,0.0881607973660555,0.9167089054565032,True,28.172576203702565
source_7,20210731_Run4,4,LY2109761,scaled,1.69,False,0.5467070025343836,0.051905938576710074,0.929800352602085,True,20.755053611737118
source_7,20210731_Run4,4,NVS-PAK1-1,scaled,1.69,False,0.34615238907392426,0.04103415854657323,0.9296499742018625,True,25.451433098913185
source_7,20210731_Run4,4,quinidine,scaled,1.69,False,0.3125074614514895,0.12968314894433505,0.7541969054463951,True,6.201493576189513
source_7,20210731_Run4,4,TC-S-7004,scaled,1.69,False,0.19766107980419595,0.03498834637244445,0.9407723852931664,True,71.28669960673537
source_7,20210731_Run4,4,aloxistatin,scaled,1.69,False,0.27439617644764025,0.08637598065094639,0.8820944112321945,True,9.689941301465339
source_7,20210803_Run5,5,AMG900,scaled,1.53,False,0.2907337207008806,0.03573395175728737,0.9472800981849412,True,56.26025450484798
source_7,20210803_Run5,5,dexamethasone,scaled,1.53,False,0.5151745876811351,0.09267795678518866,0.8713603738743034,True,7.380753757403956
source_7,20210803_Run5,5,FK-866,scaled,1.53,False,0.4193947237726657,0.10475711759316121,0.8693928657853369,True,35.81632558361497
source_7,20210803_Run5,5,LY2109761,scaled,1.53,False,0.588123219393462,0.1074849170208173,0.9368221123214155,True,19.114454516423056
source_7,20210803_Run5,5,NVS-PAK1-1,scaled,1.53,False,0.3566413253003737,0.057594873163623585,0.9498619024872115,True,24.867537261635317
source_7,20210803_Run5,5,quinidine,scaled,1.53,False,0.3220136063718687,0.16829324119593173,0.7792354348648781,False,6.713319985930426
source_7,20210803_Run5,5,TC-S-7004,scaled,1.53,False,0.20656105137816716,0.04580403952379623,0.9420214358557686,True,75.66740420453846
source_7,20210803_Run5,5,aloxistatin,scaled,1.53,False,0.28945643591576914,0.07738433165555514,0.8780518250753249,True,11.080573321586098
source_7,20211121_Run6,6,AMG900,scaled,1.88,False,0.32630783676829145,0.03934825815660174,0.9330555500582178,True,76.39644256789987
source_7,20211121_Run6,6,dexamethasone,scaled,1.88,False,0.45855022347307867,0.075648136116653,0.4843441752466783,True,13.417791596196373
source_7,20211121_Run6,6,FK-866,scaled,1.88,False,0.46101115108063684,0.11148398365978086,0.8544241039015804,True,49.45477484916888
source_7,20211121_Run6,6,LY2109761,scaled,1.88,False,0.5618144774192709,0.11237426985290236,0.8540090598657707,True,31.831073003656616
source_7,20211121_Run6,6,NVS-PAK1-1,scaled,1.88,False,0.36109771687751596,0.06665276460539855,0.8942528780326878,True,37.01046850394105
source_7,20211121_Run6,6,quinidine,scaled,1.88,False,0.25762306939630597,0.1261225934462831,0.36214622198042434,True,13.099261110455199
source_7,20211121_Run6,6,TC-S-7004,scaled,1.88,False,0.2156995743996931,0.05308277795125736,0.9381574057339495,True,99.1926129879135
source_7,20211121_Run6,6,aloxistatin,scaled,1.88,False,0.263293646835721,0.13443962306720308,0.6568009225200111,True,16.070804002317068
source_7,20211126_Run7,7,AMG900,scaled,2.21,False,0.31872051653460676,0.04148074583150033,0.9404526248255424,True,75.56616988399001
source_7,20211126_Run7,7,dexamethasone,scaled,2.21,False,0.4988171771244559,0.10914028764532888,0.6271911375597528,True,10.104072840015771
source_7,20211126_Run7,7,FK-866,scaled,2.21,False,0.6448767839264329,0.1320951408166229,0.8943031021740157,True,35.962156629418516
source_7,20211126_Run7,7,LY2109761,scaled,2.21,False,0.5682999735527785,0.08156181678976947,0.8615828923251185,True,30.269529815058235
source_7,20211126_Run7,7,NVS-PAK1-1,scaled,2.21,False,0.3627342661604044,0.06133125684337015,0.8601727947217154,True,33.04270825114944
source_7,20211126_Run7,7,quinidine,scaled,2.21,False,0.42465927977258267,0.12748396481041385,0.4507784843105987,True,8.448684846019432
source_7,20211126_Run7,7,TC-S-7004,scaled,2.21,False,0.23008744237767464,0.06676871387718744,0.939188626927345,True,90.94591960479961
source_7,20211126_Run7,7,aloxistatin,scaled,2.21,False,0.25844471898766885,0.12084911870884733,0.597514952763412,True,11.8564260967626
source_7,20211211_Run9M,8,AMG900,scaled,2.71,False,0.29339082994864035,0.027623522962008488,0.9111633492341928,True,79.02596694824383
source_7,20211211_Run9M,8,dexamethasone,scaled,2.71,False,0.4829573476837996,0.07881860531871711,0.5782084715257383,True,10.22102100300518
source_7,20211211_Run9M,8,FK-866,scaled,2.71,False,0.4844292261149693,0.11046411253575057,0.8223715582060722,True,45.353548211415756
source_7,20211211_Run9M,8,LY2109761,scaled,2.71,False,0.5311759178432215,0.06377592878217998,0.8390572775576429,True,31.73663303542828
source_7,20211211_Run9M,8,NVS-PAK1-1,scaled,2.71,False,0.32308163835571946,0.04565336830754011,0.8793332165042719,True,35.6894668029477
source_7,20211211_Run9M,8,quinidine,scaled,2.71,False,0.2798718536374433,0.135191158914809,0.399694131028223,False,11.46903139601552
source_7,20211211_Run9M,8,TC-S-7004,scaled,2.71,False,0.21200779579127807,0.04857350097665831,0.9239424760884266,True,97.31697727257605
source_7,20211211_Run9M,8,aloxistatin,scaled,2.71,False,0.20748416241970005,0.10590188851975961,0.3739113004173439,True,9.875157976144173
source_7,20210719_Run1,1,AMG900,field,0.67,False,0.715505383139031,0.055932717114908125,,True,55.22505787137989
source_7,20210719_Run1,1,dexamethasone,field,0.67,False,0.7617164742541085,0.14471636198201776,,True,11.931002375110378
source_7,20210719_Run1,1,FK-866,field,0.67,False,0.8118678702524003,0.29275953540566435,,True,37.95864645735413
source_7,20210719_Run1,1,LY2109761,field,0.67,False,0.8069236813370153,0.18661140814913965,,True,31.182223004303847
source_7,20210719_Run1,1,NVS-PAK1-1,field,0.67,False,0.591774225807973,0.1814784176894832,,True,35.57246639331824
source_7,20210719_Run1,1,quinidine,field,0.67,False,0.616554065272209,0.2834029447089232,,False,9.317852264627762
source_7,20210719_Run1,1,TC-S-7004,field,0.67,False,0.45385450494752505,0.23244587951379758,,True,71.18764708460084
source_7,20210719_Run1,1,aloxistatin,field,0.67,False,0.6347290517514097,0.1268630086970605,,True,12.760104175131584
source_7,20210723_Run2,2,AMG900,field,1.53,False,0.6566603878000217,0.053783099091308705,0.9265558207318986,True,59.080168167631946
source_7,20210723_Run2,2,dexamethasone,field,1.53,False,0.7874762536073674,0.14212799836045245,0.9632527542002947,True,13.600174129898532
source_7,20210723_Run2,2,FK-866,field,1.53,False,0.8259126397350786,0.27585555268148765,0.9726811065206189,True,38.553382606074095
source_7,20210723_Run2,2,LY2109761,field,1.53,False,0.7791697850524196,0.19804367339550716,0.9689347869508683,True,32.83815174345922
source_7,20210723_Run2,2,NVS-PAK1-1,field,1.53,False,0.5958161072330146,0.20313616490098235,0.9648757989712778,True,34.35639136617284
source_7,20210723_Run2,2,quinidine,field,1.53,False,0.5821287953798279,0.25442141395924195,0.959587079627334,False,9.333363335062291
source_7,20210723_Run2,2,TC-S-7004,field,1.53,False,0.359960537518871,0.21366407044222302,0.8787652608864489,False,77.18449540935588
source_7,20210723_Run2,2,aloxistatin,field,1.53,False,0.6733892631305064,0.1669586793648729,0.9422453066368407,True,12.576568691460432
source_7,20210727_Run3,3,AMG900,field,1.64,False,0.6400019114487265,0.04261545960350554,0.9286548430491872,True,64.9428117501536
source_7,20210727_Run3,3,dexamethasone,field,1.64,False,0.8014439014085626,0.12737873999204077,0.9519834303474882,True,11.85129184402204
source_7,20210727_Run3,3,FK-866,field,1.64,False,0.7812747754600372,0.2732247080187183,0.9525968911025027,True,40.97335375279129
source_7,20210727_Run3,3,LY2109761,field,1.64,False,0.8221527767401418,0.205603886983008,0.9651082789446339,True,28.740578373226924
source_7,20210727_Run3,3,NVS-PAK1-1,field,1.64,False,0.6105680825886795,0.2100011833222007,0.9384865845654086,True,31.98690297387691
source_7,20210727_Run3,3,quinidine,field,1.64,False,0.6550907724013324,0.2919201310302325,0.9493264048275868,False,9.237106154009128
source_7,20210727_Run3,3,TC-S-7004,field,1.64,False,0.3239527276853928,0.17407913257396107,0.8634946490916044,True,83.9950018240238
source_7,20210727_Run3,3,aloxistatin,field,1.64,False,0.6378022304826917,0.1287667680926376,0.9378849588626547,True,13.136614048029218
source_7,20210731_Run4,4,AMG900,field,1.69,False,0.6730876479678006,0.02276194062961322,0.9260178738167267,True,62.7020353156394
source_7,20210731_Run4,4,dexamethasone,field,1.69,False,0.7092681750149759,0.11606389345848132,0.8993158120312967,True,11.995175562950683
source_7,20210731_Run4,4,FK-866,field,1.69,False,0.7693096405403126,0.24907660739206208,0.9199944364447125,True,34.62871208088939
source_7,20210731_Run4,4,LY2109761,field,1.69,False,0.7641540972832181,0.1799434735949315,0.959517735209358,True,30.619079798438772
source_7,20210731_Run4,4,NVS-PAK1-1,field,1.69,False,0.5879590177356332,0.17184071214874458,0.9715050703277498,True,32.82508827698571
source_7,20210731_Run4,4,quinidine,field,1.69,False,0.5530053381518875,0.21674006635589302,0.904658964974017,False,9.166899289439092
source_7,20210731_Run4,4,TC-S-7004,field,1.69,False,0.360552547839612,0.14884614657469314,0.851997767339918,True,69.96501133886319
source_7,20210731_Run4,4,aloxistatin,field,1.69,False,0.5438818110191235,0.10203191427471611,0.8732392616688631,True,12.528461631384666
source_7,20210803_Run5,5,AMG900,field,1.53,False,0.6366908654547958,0.04657302866522107,0.9325515284883328,True,52.061217629219186
source_7,20210803_Run5,5,dexamethasone,field,1.53,False,0.7047992559944718,0.10473047633879091,0.9597722961177915,True,12.311846784298272
source_7,20210803_Run5,5,FK-866,field,1.53,False,0.7117928699049005,0.29259787739773774,0.926747451535495,True,39.99657474478803
source_7,20210803_Run5,5,LY2109761,field,1.53,False,0.7917067294863592,0.20614106495509907,0.9621868540422803,True,28.27241769494951
source_7,20210803_Run5,5,NVS-PAK1-1,field,1.53,False,0.5716017210805362,0.17757948283046984,0.9560602126798643,True,29.246506368930362
source_7,20210803_Run5,5,quinidine,field,1.53,False,0.6381263906119989,0.28568885874372224,0.9552009497610938,False,9.988338043511607
source_7,20210803_Run5,5,TC-S-7004,field,1.53,False,0.3409976557389899,0.18525527679901282,0.8919618525922994,True,63.831435233123635
source_7,20210803_Run5,5,aloxistatin,field,1.53,False,0.5852973980302705,0.09740216022543621,0.9498453703098211,True,13.62823745676284
source_7,20211121_Run6,6,AMG900,field,1.88,False,0.571509644797872,0.026323176231007193,0.8340303662602038,True,80.18860481438178
source_7,20211121_Run6,6,dexamethasone,field,1.88,False,0.7105493067560336,0.1314457321588129,0.6940315383724555,True,16.988219452218626
source_7,20211121_Run6,6,FK-866,field,1.88,False,0.5980511793562013,0.25993916224874114,0.7919309565545084,True,54.82254888725791
source_7,20211121_Run6,6,LY2109761,field,1.88,False,0.7729978758193374,0.1881337085540736,0.842468326805053,True,47.04284513618879
source_7,20211121_Run6,6,NVS-PAK1-1,field,1.88,False,0.44361568699835097,0.19266262101695059,0.8292335306577678,True,48.67021853122239
source_7,20211121_Run6,6,quinidine,field,1.88,False,0.5354036210486757,0.20754807706432143,0.4791768450130921,True,14.45372525751517
source_7,20211121_Run6,6,TC-S-7004,field,1.88,False,0.2724900198898942,0.1539337053843362,0.7624437991306239,True,100.57372806451966
source_7,20211121_Run6,6,aloxistatin,field,1.88,False,0.5639191042746156,0.21742631973874035,0.6994226397446462,True,19.622543564982298
source_7,20211126_Run7,7,AMG900,field,2.21,False,0.5971605976834009,0.03745142787744914,0.8568994111322077,True,78.62025413785146
source_7,20211126_Run7,7,dexamethasone,field,2.21,False,0.7330991802900946,0.1924904573644514,0.7880132874055302,True,13.500280825751386
source_7,20211126_Run7,7,FK-866,field,2.21,False,0.7857190105313214,0.2764608765537949,0.9196424029691989,True,45.003793848625754
source_7,20211126_Run7,7,LY2109761,field,2.21,False,0.7694538148940921,0.17833360742042265,0.888865408723386,True,39.052105351360666
source_7,20211126_Run7,7,NVS-PAK1-1,field,2.21,False,0.6028799731038219,0.17447360819477647,0.8619035648723657,True,38.71282873378842
source_7,20211126_Run7,7,quinidine,field,2.21,False,0.7016270622323553,0.24718411335366935,0.5723494316490148,True,9.37758655385822
source_7,20211126_Run7,7,TC-S-7004,field,2.21,False,0.37946216909754515,0.18297412081359749,0.8472594054599956,True,95.08426570563132
source_7,20211126_Run7,7,aloxistatin,field,2.21,False,0.4898260552297461,0.2084140634404381,0.7251396875235631,True,14.13206410314596
source_7,20211211_Run9M,8,AMG900,field,2.71,False,0.5634168954501029,0.011653296016442102,0.8768692510310201,True,88.31641632216486
source_7,20211211_Run9M,8,dexamethasone,field,2.71,False,0.8033922877198734,0.16356592278569973,0.7727251701653857,True,14.628307098785951
source_7,20211211_Run9M,8,FK-866,field,2.71,False,0.7291681126257898,0.2697369914372595,0.869550053745733,True,58.785300131589864
source_7,20211211_Run9M,8,LY2109761,field,2.71,False,0.7825900779706525,0.18575996564365574,0.9065838822682792,True,43.30597632955148
source_7,20211211_Run9M,8,NVS-PAK1-1,field,2.71,False,0.4601896669409212,0.16232545050289712,0.8786631109913556,True,43.42384281350128
source_7,20211211_Run9M,8,quinidine,field,2.71,False,0.565481812843029,0.24933058972365002,0.6703589431734297,False,14.873879231704384
source_7,20211211_Run9M,8,TC-S-7004,field,2.71,False,0.3343454681625338,0.15868603995271666,0.8564607649215503,True,107.69301306637928
source_7,20211211_Run9M,8,aloxistatin,field,2.71,False,0.5406127685675155,0.19812886964012819,0.6075136397865576,True,10.55212308390994
source_8,J1,1,AMG900,raw,0.97,False,0.9273799445182609,0.195909123912199,,True,55.67556587191971
source_8,J1,1,dexamethasone,raw,0.97,False,0.8039818310118587,0.37060986136195756,,True,10.819226240159574
source_8,J1,1,FK-866,raw,0.97,False,0.8249841326803394,0.40555807648222114,,True,23.685026161317154
source_8,J1,1,LY2109761,raw,0.97,False,0.8488190308556457,0.3707113928233907,,True,42.202559713476546
source_8,J1,1,NVS-PAK1-1,raw,0.97,False,0.874036534480137,0.2559203395747363,,True,34.124374241897684
source_8,J1,1,quinidine,raw,0.97,False,0.7459067544219813,0.35992794048419824,,True,5.724195879321943
source_8,J1,1,TC-S-7004,raw,0.97,False,0.8944354736318756,0.18243990349582995,,True,78.93842744468583
source_8,J1,1,aloxistatin,raw,0.97,False,0.3966813705273899,0.3637846528203542,,False,7.424932539190068
source_8,J2,2,AMG900,raw,1.25,False,0.9243036087928438,0.19545536427756,0.9955880442249868,True,54.01316517005954
source_8,J2,2,dexamethasone,raw,1.25,False,0.8031371465499221,0.3647565158440821,0.9898147453377621,True,10.519770633743
source_8,J2,2,FK-866,raw,1.25,False,0.8006842448506629,0.4128118701170548,0.9862688542545285,True,25.02628600249753
source_8,J2,2,LY2109761,raw,1.25,False,0.8373039383737069,0.35803967325159275,0.9944582951285593,True,42.29824100902447
source_8,J2,2,NVS-PAK1-1,raw,1.25,False,0.8425326305894947,0.24071305032370832,0.9867111867067635,True,33.96385546780272
source_8,J2,2,quinidine,raw,1.25,False,0.7440241737553683,0.3601969181432989,0.977149810486145,True,5.191680928325565
source_8,J2,2,TC-S-7004,raw,1.25,False,0.8856079911424208,0.16567344050965974,0.9965230470538126,True,74.90676666100939
source_8,J2,2,aloxistatin,raw,1.25,False,0.4225151340994041,0.3328438440346194,0.9661862126161158,False,6.980157296722187
source_8,J3,3,AMG900,raw,1.75,False,0.9255394903001248,0.1745585650121888,0.9829399487144506,True,50.86351434076208
source_8,J3,3,dexamethasone,raw,1.75,False,0.7885097688768841,0.36347326621016807,0.966730467293097,True,10.352218693495912
source_8,J3,3,FK-866,raw,1.75,False,0.7924064856422826,0.40777908690988085,0.9494853098749152,True,26.098680405369105
source_8,J3,3,LY2109761,raw,1.75,False,0.8318896536549347,0.3595101669982605,0.9824033286054406,True,38.27309201273471
source_8,J3,3,NVS-PAK1-1,raw,1.75,False,0.8149783711828122,0.20945503527963485,0.9412571574852842,True,32.69650263389586
source_8,J3,3,quinidine,raw,1.75,False,0.7379074304247315,0.4035700119349691,0.9318532172216978,True,5.321301200203237
source_8,J3,3,TC-S-7004,raw,1.75,False,0.8659133218581803,0.13351963786348,0.97961033185189,True,70.83359165540217
source_8,J3,3,aloxistatin,raw,1.75,False,0.41090238310393573,0.3314244069471375,0.9329944203747691,False,7.995741090136538
source_8,J4,4,AMG900,raw,1.43,False,0.9386160730920523,0.17119661969902414,0.9894476339378124,True,52.331120665638224
source_8,J4,4,dexamethasone,raw,1.43,False,0.8209444726054811,0.3610700049237025,0.9772999340134919,True,10.291913731378761
source_8,J4,4,FK-866,raw,1.43,False,0.8368445132878397,0.39241070817612683,0.9821066505818385,True,23.344704757749543
source_8,J4,4,LY2109761,raw,1.43,False,0.837894488803576,0.3681485150270999,0.9905627652896778,True,41.51112208575707
source_8,J4,4,NVS-PAK1-1,raw,1.43,False,0.8558486839869552,0.23502750725550953,0.9784560278105274,True,29.867346967635523
source_8,J4,4,quinidine,raw,1.43,False,0.7815564283839638,0.40482287446112813,0.9554137079760572,True,5.346670729486886
source_8,J4,4,TC-S-7004,raw,1.43,False,0.8930723533593531,0.16055067195780867,0.9902628073873346,True,68.38742853344333
source_8,J4,4,aloxistatin,raw,1.43,False,0.48361495100484325,0.4091017632652448,0.9438849608147862,False,6.646872159647301
source_8,J1,1,AMG900,own,0.97,False,0.935834583805838,0.07082783829694646,,True,301.2496752173774
source_8,J1,1,dexamethasone,own,0.97,False,0.8248830029172676,0.29851964168053335,,True,40.27632091518158
source_8,J1,1,FK-866,own,0.97,False,0.82824581525404,0.3515203284341629,,True,92.49680584522778
source_8,J1,1,LY2109761,own,0.97,False,0.8786115581714867,0.2637217165376304,,True,163.71031200400918
source_8,J1,1,NVS-PAK1-1,own,0.97,False,0.8682717297000798,0.1824393185148462,,True,126.92532893665057
source_8,J1,1,quinidine,own,0.97,False,0.7587047829514981,0.32474993114455597,,True,19.170873059401433
source_8,J1,1,TC-S-7004,own,0.97,False,0.8419747535339632,0.13351315706072853,,True,359.83720820494074
source_8,J1,1,aloxistatin,own,0.97,False,0.4234283349288394,0.3061131738707203,,False,25.175390119226194
source_8,J2,2,AMG900,own,1.25,False,0.9276780951559658,0.0734902825269391,0.9966614668503964,True,291.1253185054787
source_8,J2,2,dexamethasone,own,1.25,False,0.8025832824331253,0.2869103495006966,0.9864974211062402,True,38.28707139084506
source_8,J2,2,FK-866,own,1.25,False,0.805412729152382,0.3595437511399138,0.9862057738027822,True,94.3553142391686
source_8,J2,2,LY2109761,own,1.25,False,0.8581965258001363,0.2447055206932419,0.9932630897198733,True,158.83125189929893
source_8,J2,2,NVS-PAK1-1,own,1.25,False,0.8354778397422672,0.17478774813494433,0.9825885196709341,True,121.23483342558637
source_8,J2,2,quinidine,own,1.25,False,0.7524654018095625,0.33218332364977926,0.9732990936646677,True,16.229956836182495
source_8,J2,2,TC-S-7004,own,1.25,False,0.830355770945084,0.1318705792239241,0.9902256448551626,True,332.77242367214313
source_8,J2,2,aloxistatin,own,1.25,False,0.4392745099536632,0.2722837018898072,0.9591808056658524,False,23.069856609150197
source_8,J3,3,AMG900,own,1.75,False,0.9243877959242665,0.04451380628895864,0.9900836717369459,True,285.5112909550786
source_8,J3,3,dexamethasone,own,1.75,False,0.8200574175167634,0.28917806710664895,0.9672738770495292,True,38.13819918526796
source_8,J3,3,FK-866,own,1.75,False,0.7944722950934141,0.3483349287899952,0.9573890409091665,True,97.91390056181105
source_8,J3,3,LY2109761,own,1.75,False,0.8538461722388908,0.2350578403010963,0.9761265293846089,True,144.55929882574503
source_8,J3,3,NVS-PAK1-1,own,1.75,False,0.8036371923387434,0.12744086079789527,0.9296058427181093,True,111.23927064321809
source_8,J3,3,quinidine,own,1.75,False,0.7760308867420818,0.35936513668213,0.9256154926891981,True,17.153277094500776
source_8,J3,3,TC-S-7004,own,1.75,False,0.7900859574150418,0.08818456591901982,0.9308048225760525,True,314.45629077953265
source_8,J3,3,aloxistatin,own,1.75,False,0.43418854788319794,0.25966363091789907,0.9122360969119467,False,25.79186614133941
source_8,J4,4,AMG900,own,1.43,False,0.9323253496562327,0.046025179552005246,0.9918315561272231,True,281.743597771338
source_8,J4,4,dexamethasone,own,1.43,False,0.8408420903209397,0.2959609026939592,0.9785678232685348,True,36.96743012903568
source_8,J4,4,FK-866,own,1.43,False,0.8261399864407706,0.33692420984117916,0.9860035204414658,True,86.21152357357762
source_8,J4,4,LY2109761,own,1.43,False,0.872926068522222,0.24822698174598543,0.9887328813429743,True,152.1895101842864
source_8,J4,4,NVS-PAK1-1,own,1.43,False,0.8616784812028844,0.15323454332770772,0.9753438715695004,True,99.90749337025557
source_8,J4,4,quinidine,own,1.43,False,0.8048943408159781,0.35131449532174536,0.9502251061735029,True,17.680827623145404
source_8,J4,4,TC-S-7004,own,1.43,False,0.8544921397468194,0.11002853318972308,0.9651680665047373,True,264.8219544373136
source_8,J4,4,aloxistatin,own,1.43,False,0.5341599261378942,0.3312125367209294,0.9465821211296628,False,21.82252132977741
source_8,J1,1,AMG900,scaled,0.97,False,0.7628494755691526,0.018133328950297484,,True,63.77314136582612
source_8,J1,1,dexamethasone,scaled,0.97,False,0.6513855607127581,0.17091916445049177,,True,12.572672750504315
source_8,J1,1,FK-866,scaled,0.97,False,0.7347521162010466,0.10137870790051615,,True,32.69392303362147
source_8,J1,1,LY2109761,scaled,0.97,False,0.6517073415029273,0.16666692316035311,,True,48.438634619782924
source_8,J1,1,NVS-PAK1-1,scaled,0.97,False,0.6635137423541997,0.05990393511648974,,True,38.46400386534953
source_8,J1,1,quinidine,scaled,0.97,False,0.4823402848083932,0.1616868579892989,,True,6.2809375722517515
source_8,J1,1,TC-S-7004,scaled,0.97,False,0.6675118341978143,0.039801178309827254,,True,93.93695074505221
source_8,J1,1,aloxistatin,scaled,0.97,False,0.2974313678129221,0.09787900476843794,,True,8.2878914546267
source_8,J2,2,AMG900,scaled,1.25,False,0.7668660478346884,0.013731229186234083,0.9855744668481188,True,59.02262786253163
source_8,J2,2,dexamethasone,scaled,1.25,False,0.643898949067043,0.1681088028101886,0.9633499765023723,True,11.797844076419045
source_8,J2,2,FK-866,scaled,1.25,False,0.712682712890587,0.09511632197359877,0.9673778735352104,True,31.981203016747212
source_8,J2,2,LY2109761,scaled,1.25,False,0.632259274723877,0.1589408295345546,0.9794930101463697,True,46.41586370157551
source_8,J2,2,NVS-PAK1-1,scaled,1.25,False,0.6277198585162957,0.06239957531893503,0.9671310571405788,True,36.972319500624124
source_8,J2,2,quinidine,scaled,1.25,False,0.49245216345275666,0.17155240392877397,0.9202493897349107,True,5.2388337538943155
source_8,J2,2,TC-S-7004,scaled,1.25,False,0.6664304281608451,0.03022203696699664,0.9907097062238195,True,86.97568070979347
source_8,J2,2,aloxistatin,scaled,1.25,False,0.35641344456332,0.09474653661659324,0.9239550319975046,True,7.172464803734487
source_8,J3,3,AMG900,scaled,1.75,False,0.7738981115940075,0.0032662597612435488,0.9499244006402039,True,55.33227437590019
source_8,J3,3,dexamethasone,scaled,1.75,False,0.6398777091255159,0.16885675667636962,0.8853205562376555,True,10.704919062914561
source_8,J3,3,FK-866,scaled,1.75,False,0.7085362682603038,0.08974156092035936,0.8995341339456379,True,31.474273180529913
source_8,J3,3,LY2109761,scaled,1.75,False,0.6431529584851075,0.1612364449783711,0.9430493238477362,True,42.774619388806165
source_8,J3,3,NVS-PAK1-1,scaled,1.75,False,0.5851350494503711,0.0613332801536116,0.8633788513797165,True,35.80094463141541
source_8,J3,3,quinidine,scaled,1.75,False,0.4682217323480849,0.1903012520565095,0.7791561586631008,True,5.12382539502033
source_8,J3,3,TC-S-7004,scaled,1.75,False,0.6734141269927898,0.013738670994719038,0.9530928825956037,True,85.13632183346682
source_8,J3,3,aloxistatin,scaled,1.75,False,0.35081445239065423,0.08554001829367712,0.7875953881938842,True,7.513086216661394
source_8,J4,4,AMG900,scaled,1.43,False,0.7976266568473376,3.153672939219611e-05,0.9715613531357233,True,58.14600144611538
source_8,J4,4,dexamethasone,scaled,1.43,False,0.6666254293279533,0.16496984415244814,0.9452471456663196,True,11.397727124923692
source_8,J4,4,FK-866,scaled,1.43,False,0.7279755353204025,0.08688070746322131,0.9569089375948409,True,30.28801979356583
source_8,J4,4,LY2109761,scaled,1.43,False,0.6522191741029157,0.16977807176600096,0.9648581536956401,True,46.07061186943507
source_8,J4,4,NVS-PAK1-1,scaled,1.43,False,0.6532351927371347,0.05760981529578716,0.9427818191543812,True,32.68491935391407
source_8,J4,4,quinidine,scaled,1.43,False,0.4823644435916145,0.18638803236118479,0.8782342253653254,True,5.55177660167886
source_8,J4,4,TC-S-7004,scaled,1.43,False,0.6920574215184176,0.023748972153418473,0.9595323277096339,True,79.10782731954517
source_8,J4,4,aloxistatin,scaled,1.43,False,0.34398550216832113,0.10921981671450924,0.8922486306373045,True,7.542887985734145
source_8,J1,1,AMG900,field,0.97,False,0.9614081262491491,0.09614594085800984,,True,103.67851592777262
source_8,J1,1,dexamethasone,field,0.97,False,0.864153855981719,0.288542230610073,,True,14.435727867572886
source_8,J1,1,FK-866,field,0.97,False,0.8779687370725648,0.34146673619953744,,True,33.32233526827875
source_8,J1,1,LY2109761,field,0.97,False,0.8814249125767069,0.2536270877978825,,True,59.38415333734552
source_8,J1,1,NVS-PAK1-1,field,0.97,False,0.9005928358717006,0.1668977130233727,,True,50.553059982115876
source_8,J1,1,quinidine,field,0.97,False,0.7641645095855221,0.2982729705651815,,True,6.864804380082905
source_8,J1,1,TC-S-7004,field,0.97,False,0.9211132545447862,0.11737115442466946,,True,128.55090393146654
source_8,J1,1,aloxistatin,field,0.97,False,0.32615850544761715,0.30593232693676686,,False,8.741291958184773
source_8,J2,2,AMG900,field,1.25,False,0.9602022765161216,0.09032666791970177,0.9962027981778406,True,99.46911168071203
source_8,J2,2,dexamethasone,field,1.25,False,0.8540136334366992,0.28093744253984404,0.987803902728063,True,14.155880667092319
source_8,J2,2,FK-866,field,1.25,False,0.8563042020178505,0.35493804892718744,0.978842656176899,True,33.63948362841427
source_8,J2,2,LY2109761,field,1.25,False,0.8793534452554683,0.22809728544940325,0.9915254655833177,True,57.71795213209345
source_8,J2,2,NVS-PAK1-1,field,1.25,False,0.8750388704836458,0.13760739507933578,0.9855555679842781,True,47.776075215910936
source_8,J2,2,quinidine,field,1.25,False,0.7697145634081591,0.3047109602931769,0.9741873160089182,True,5.902159003506782
source_8,J2,2,TC-S-7004,field,1.25,False,0.9097175117829249,0.09486079850810245,0.9906026374059017,True,116.17116254316127
source_8,J2,2,aloxistatin,field,1.25,False,0.3807457185771223,0.2914957570538808,0.9562531255123993,False,7.997364661281945
source_8,J3,3,AMG900,field,1.75,False,0.9568236083593236,0.06328723189193679,0.9883500453093541,True,93.24982784045069
source_8,J3,3,dexamethasone,field,1.75,False,0.8715481759981702,0.28876077864846916,0.9713730684569604,True,13.423581267584392
source_8,J3,3,FK-866,field,1.75,False,0.8375678157295977,0.3249420637977977,0.936742873735444,True,33.444124827082184
source_8,J3,3,LY2109761,field,1.75,False,0.879710743807292,0.21260928821998132,0.9707622324587853,True,49.22908295729604
source_8,J3,3,NVS-PAK1-1,field,1.75,False,0.8369255934905806,0.07571565122840933,0.9431748355961677,True,41.74992111584314
source_8,J3,3,quinidine,field,1.75,False,0.7847577979176636,0.3547178240841942,0.9273122016916306,True,5.777723439865464
source_8,J3,3,TC-S-7004,field,1.75,False,0.8710709564147192,0.04062819051377833,0.9537656937439063,True,108.29415665732368
source_8,J3,3,aloxistatin,field,1.75,False,0.3715776322408506,0.27575193066192677,0.9365650071447762,False,9.04583565750405
source_8,J4,4,AMG900,field,1.43,False,0.958489463652357,0.060629501322894755,0.9886506841331119,True,96.8993800945409
source_8,J4,4,dexamethasone,field,1.43,False,0.8834444800478777,0.2752268927698776,0.9781829334234586,True,13.894915376972442
source_8,J4,4,FK-866,field,1.43,False,0.8681476392765257,0.3038829920206671,0.9696686961786889,True,30.823913368365123
source_8,J4,4,LY2109761,field,1.43,False,0.889662059384588,0.2157327996250286,0.9849945177851993,True,55.007864523103954
source_8,J4,4,NVS-PAK1-1,field,1.43,False,0.8762496058565069,0.10657693054788778,0.9710886001527373,True,39.364935108072096
source_8,J4,4,quinidine,field,1.43,False,0.8124960020108406,0.3353485370385951,0.9560610738019277,True,6.112303438199227
source_8,J4,4,TC-S-7004,field,1.43,False,0.9036715224871839,0.06386705555140841,0.9709999350295959,True,98.29770835953587
source_8,J4,4,aloxistatin,field,1.43,False,0.42119509633458724,0.3291715196677483,0.9518612094436067,False,7.661055123520916
source_9,20210824-Run5,1,AMG900,raw,0.32,False,0.803026420189186,0.12971342914599385,,True,65.97892561968467
source_9,20210824-Run5,1,dexamethasone,raw,0.32,False,0.768779263152156,0.27132075893080504,,True,5.8859467576751054
source_9,20210824-Run5,1,FK-866,raw,0.32,False,0.564704232648153,0.15185809668686076,,True,25.946104581842803
source_9,20210824-Run5,1,NVS-PAK1-1,raw,0.32,False,0.6314045206832606,0.09201849635500722,,True,29.759278847497452
source_9,20210824-Run5,1,quinidine,raw,0.32,False,0.542598307007682,0.0780064178222348,,True,2.9257124923525626
source_9,20210824-Run5,1,TC-S-7004,raw,0.32,False,0.3201941306010412,0.012259456715880676,,True,11.912088542258253
source_9,20210824-Run5,1,aloxistatin,raw,0.32,False,0.3705195639513316,0.2659268248829621,,False,3.894491502098908
source_9,20210825_Run6,2,AMG900,raw,1.7,False,0.8072079569039367,0.07825720725009482,0.98458617248725,True,66.84801907696296
source_9,20210825_Run6,2,dexamethasone,raw,1.7,False,0.7600592212232395,0.2467612296752881,0.9304269176034617,True,7.06227673401851
source_9,20210825_Run6,2,FK-866,raw,1.7,False,0.42810017623385754,0.14104911703819142,0.8760750618120206,True,30.9798351617419
source_9,20210825_Run6,2,NVS-PAK1-1,raw,1.7,False,0.5438368484928103,0.07597722131403484,0.9599423778696781,True,32.905829113613045
source_9,20210825_Run6,2,quinidine,raw,1.7,False,0.497144877073435,0.15301435646696193,0.5619869585952538,True,3.5856308226077345
source_9,20210825_Run6,2,TC-S-7004,raw,1.7,False,0.2617214471782227,0.060738508477971555,0.9329056830519814,False,14.82474296290948
source_9,20210825_Run6,2,aloxistatin,raw,1.7,False,0.43419361760455355,0.13551601996395962,0.7017564567753897,True,3.5686267161107144
source_9,20210831-Run7,3,AMG900,raw,1.26,False,0.8174465531432561,0.10690726128672753,0.9907846363729513,True,60.79339105716938
source_9,20210831-Run7,3,dexamethasone,raw,1.26,False,0.7966797768177909,0.21294677616939436,0.9065821059437102,True,7.026856508928589
source_9,20210831-Run7,3,FK-866,raw,1.26,False,0.43312003409098476,0.1126915652343159,0.9361823667432195,True,26.400029893599182
source_9,20210831-Run7,3,NVS-PAK1-1,raw,1.26,False,0.627024514997175,0.08650629382338546,0.9750668324804743,True,26.334746332637636
source_9,20210831-Run7,3,quinidine,raw,1.26,False,0.6717865573073465,0.16023197914824558,0.7933176846125243,True,3.4943246004976154
source_9,20210831-Run7,3,TC-S-7004,raw,1.26,False,0.6563426893782927,0.16425659963511313,0.7430203791004264,True,60.85721051102898
source_9,20210831-Run7,3,aloxistatin,raw,1.26,False,0.4942205207982142,0.19468939709722896,0.8124491012957322,True,4.233242566268915
source_9,20210901_Run8,4,AMG900,raw,2.42,False,0.7794072365352926,0.02802792650040478,0.9478299878926754,True,66.98707229930734
source_9,20210901_Run8,4,dexamethasone,raw,2.42,False,0.6707909891162298,0.16823434308183968,0.8834088273152099,True,5.932584208606111
source_9,20210901_Run8,4,FK-866,raw,2.42,False,0.3963517124231889,0.015170134116797046,0.8819857528944504,True,26.927993343172158
source_9,20210901_Run8,4,NVS-PAK1-1,raw,2.42,False,0.3898443029624029,-0.03674178292054638,0.8630961247683802,True,31.78348318957056
source_9,20210901_Run8,4,quinidine,raw,2.42,False,0.5312090984126625,0.0915178462569463,0.7367219186936017,True,2.45612419360778
source_9,20210901_Run8,4,TC-S-7004,raw,2.42,False,0.6093024665954885,0.09658229433052659,0.764215499174775,True,90.89191177325623
source_9,20210901_Run8,4,aloxistatin,raw,2.42,False,0.2920395378181419,0.12645477558127957,0.7859854001634616,True,3.969118941955657
source_9,20210914-Run9,5,AMG900,raw,1.93,False,0.8065640631385613,0.05942513651972573,0.9675635233879588,True,61.37129098720687
source_9,20210914-Run9,5,dexamethasone,raw,1.93,False,0.7535259315815795,0.25755519401307525,0.8112125438754637,True,6.201083491421616
source_9,20210914-Run9,5,FK-866,raw,1.93,False,0.4031436383985458,0.08162750980100954,0.8779124075919688,True,22.08771564847566
source_9,20210914-Run9,5,NVS-PAK1-1,raw,1.93,False,0.616710382350134,0.0672692255657419,0.8608138797667954,True,74.52359608599808
source_9,20210914-Run9,5,quinidine,raw,1.93,False,0.3894033364231238,0.05930939358714722,0.4522665572884136,True,2.9551905013389486
source_9,20210914-Run9,5,TC-S-7004,raw,1.93,False,0.5562135257578105,0.1377851486897817,0.76685098220253,False,52.45499023973989
source_9,20210914-Run9,5,aloxistatin,raw,1.93,False,0.42791684261469115,0.14163289321136152,0.5070707706705612,True,3.3514474153294382
source_9,20210915-Run10,6,AMG900,raw,1.64,False,0.8146669103356455,0.06343360316936163,0.9735082436640426,True,58.534997142096245
source_9,20210915-Run10,6,dexamethasone,raw,1.64,False,0.8169664378004341,0.21934597726694477,0.8786185822700834,True,6.607912473387639
source_9,20210915-Run10,6,FK-866,raw,1.64,False,0.4192945942108077,0.06874851636143389,0.924168652764192,True,22.232255915584027
source_9,20210915-Run10,6,NVS-PAK1-1,raw,1.64,False,0.5951331433099714,0.06604455525134005,0.9616589861207404,True,29.232401916394423
source_9,20210915-Run10,6,quinidine,raw,1.64,False,0.47128351504227173,0.11495380527041345,0.4950364734108039,True,4.338079201177619
source_9,20210915-Run10,6,TC-S-7004,raw,1.64,False,0.3351289020194046,0.0903629751213211,0.891278831938269,False,22.604685789263016
source_9,20210915-Run10,6,aloxistatin,raw,1.64,False,0.5539744506544924,0.15271387334172054,0.4154545726587273,True,3.02793023888343
source_9,20210918-Run11,7,AMG900,raw,1.55,False,0.8101497782771154,0.10674575837956206,0.9869799101171575,True,58.40711388363742
source_9,20210918-Run11,7,dexamethasone,raw,1.55,False,0.8097418930281473,0.2241634596324948,0.9050003864009939,True,6.828194919806277
source_9,20210918-Run11,7,FK-866,raw,1.55,False,0.47184565430681413,0.04164475711539412,0.9351668889678396,True,19.966785659469558
source_9,20210918-Run11,7,NVS-PAK1-1,raw,1.55,False,0.6582327684811966,0.1386270891788837,0.9711800736165331,True,33.32174661593277
source_9,20210918-Run11,7,quinidine,raw,1.55,False,0.5610388135567288,0.19254983717017973,0.5403565611818584,True,5.577596236046916
source_9,20210918-Run11,7,TC-S-7004,raw,1.55,False,0.6727381290143815,0.1774822300936554,0.7019341159471444,True,59.201948737351785
source_9,20210918-Run11,7,aloxistatin,raw,1.55,False,0.3896785484749866,0.2567472279610615,0.8131832591761619,True,5.487145737383531
source_9,20210918-Run12,8,AMG900,raw,1.63,False,0.8420466224670236,0.07969179365685222,0.9689546975430646,True,57.04796471300027
source_9,20210918-Run12,8,dexamethasone,raw,1.63,False,0.7690219286585354,0.19985024572098528,0.7576072270465084,True,5.830276621987673
source_9,20210918-Run12,8,FK-866,raw,1.63,False,0.4373078973199261,0.0842997122698103,0.8846529635032169,True,17.13181987602961
source_9,20210918-Run12,8,NVS-PAK1-1,raw,1.63,False,0.6722486400507941,0.09065998440922848,0.9104297770268612,True,55.89487589623041
source_9,20210918-Run12,8,quinidine,raw,1.63,False,0.3986679685870518,0.1585338517813511,0.2540737588812793,True,5.926736390712618
source_9,20210918-Run12,8,TC-S-7004,raw,1.63,False,0.6142827001262999,0.14634214524641703,0.7283528860208853,False,57.386187219664066
source_9,20210918-Run12,8,aloxistatin,raw,1.63,False,0.4451645824119426,0.23377117905034675,0.5981109411991989,True,4.39704286179427
source_9,20211013-Run14,9,AMG900,raw,1.69,False,0.7932363546015986,0.08127941958607929,0.9783241243115474,True,61.194472094276776
source_9,20211013-Run14,9,dexamethasone,raw,1.69,False,0.8345224726491798,0.2203673624870887,0.9158950746415424,True,6.7143353122948986
source_9,20211013-Run14,9,FK-866,raw,1.69,False,0.4727183120085942,0.013167157423367956,0.8726788634409125,True,18.154750725487272
source_9,20211013-Run14,9,NVS-PAK1-1,raw,1.69,False,0.5421905292266271,0.04923267108496294,0.9523889279770543,True,29.218915269252623
source_9,20211013-Run14,9,quinidine,raw,1.69,False,0.6533309403752757,0.2626906695259869,0.5398269787954784,False,5.352105742443001
source_9,20211013-Run14,9,TC-S-7004,raw,1.69,False,0.5541706699433516,0.11745279991783043,0.7864853957512504,True,35.33911270503314
source_9,20211013-Run14,9,aloxistatin,raw,1.69,False,0.32626797450156286,0.09175902521191721,0.5895487138395452,True,2.7391106914535106
source_9,20211102-Run15,10,AMG900,raw,2.37,False,0.8543874629781649,0.0825989207011446,0.9658242646578841,True,57.37117590662937
source_9,20211102-Run15,10,dexamethasone,raw,2.37,False,0.7987413388492373,0.2688330769958104,0.8663911532869115,True,5.492347614481203
source_9,20211102-Run15,10,FK-866,raw,2.37,False,0.4556579683975267,0.10583298084675885,0.8892370959452428,True,21.949281177347462
source_9,20211102-Run15,10,NVS-PAK1-1,raw,2.37,False,0.7205486756968836,0.11583399960306698,0.9287922287343967,True,27.008753088345983
source_9,20211102-Run15,10,quinidine,raw,2.37,False,0.7345565087331274,0.2159316977393326,0.7230672572732562,True,6.9017143016207845
source_9,20211102-Run15,10,TC-S-7004,raw,2.37,False,0.7683320255814411,0.17285773505835691,0.5534049659373951,True,88.39434480025939
source_9,20211102-Run15,10,aloxistatin,raw,2.37,False,0.5837868916145883,0.19884286323029685,0.5468817668228698,True,4.299262368021006
source_9,20211103-Run16,11,AMG900,raw,1.77,False,0.8431342912462778,0.10458474622954121,0.9840228133689597,True,58.52489591584462
source_9,20211103-Run16,11,dexamethasone,raw,1.77,False,0.777207305158985,0.1432680538173137,0.7819528408279683,True,6.169630974231953
source_9,20211103-Run16,11,FK-866,raw,1.77,False,0.5989237805532169,0.14583849908518828,0.9592214500453174,True,19.312038113145988
source_9,20211103-Run16,11,NVS-PAK1-1,raw,1.77,False,0.7045996484514636,0.13781506149101902,0.9283499076580073,True,38.620598363951245
source_9,20211103-Run16,11,quinidine,raw,1.77,False,0.6142137479683293,0.16218933553053025,0.7037294697160633,True,4.451795969933419
source_9,20211103-Run16,11,TC-S-7004,raw,1.77,False,0.7159626937361159,0.19619428381054257,0.6130653439813116,True,75.76861895278769
source_9,20211103-Run16,11,aloxistatin,raw,1.77,False,0.37732147186153253,0.2381978989961849,0.6734752422622228,False,5.739867040268789
source_9,20210824-Run5,1,AMG900,own,0.32,False,0.7194357646582124,0.08480331041386045,,True,307.7586108064478
source_9,20210824-Run5,1,dexamethasone,own,0.32,False,0.7335438142973065,0.1967848081075841,,True,23.566840418775936
source_9,20210824-Run5,1,FK-866,own,0.32,False,0.5843402169974936,0.10144239022644681,,True,100.0988679915361
source_9,20210824-Run5,1,NVS-PAK1-1,own,0.32,False,0.712171449991863,0.06429998006554928,,True,145.60969211410773
source_9,20210824-Run5,1,quinidine,own,0.32,False,0.5580111326056038,0.08788106177027373,,True,12.542312527424109
source_9,20210824-Run5,1,TC-S-7004,own,0.32,False,0.3486778304502772,-0.009641800284775176,,True,44.472829671760145
source_9,20210824-Run5,1,aloxistatin,own,0.32,False,0.46036142998220997,0.2490806344851982,,True,14.855267160781032
source_9,20210825_Run6,2,AMG900,own,1.7,False,0.7511107366675782,0.026213907337055888,0.9666890669830235,True,284.31867528841934
source_9,20210825_Run6,2,dexamethasone,own,1.7,False,0.8133922469137703,0.21530810164951195,0.8960837671375476,True,23.710594198307234
source_9,20210825_Run6,2,FK-866,own,1.7,False,0.4950743514556416,0.1495801342940277,0.795485907931798,True,109.98676201927992
source_9,20210825_Run6,2,NVS-PAK1-1,own,1.7,False,0.6076609041142225,0.028591569588835457,0.9281067130739019,True,138.8923295269993
source_9,20210825_Run6,2,quinidine,own,1.7,False,0.578145647160428,0.15668261833710387,0.6655477109888357,True,11.78532768637818
source_9,20210825_Run6,2,TC-S-7004,own,1.7,False,0.26273875266229635,0.018794400589357118,0.8810722925426594,False,48.15416663428089
source_9,20210825_Run6,2,aloxistatin,own,1.7,False,0.5685239431639946,0.1370376021898993,0.6639960589495476,True,12.148829401008388
source_9,20210831-Run7,3,AMG900,own,1.26,False,0.6946653068102364,0.09414381389886606,0.9855362656513839,True,290.87161562743694
source_9,20210831-Run7,3,dexamethasone,own,1.26,False,0.7840711111681986,0.18099639205942605,0.9186913390655684,True,25.369086398930534
source_9,20210831-Run7,3,FK-866,own,1.26,False,0.5043313027897545,0.11092082794615114,0.9222491941063851,True,98.51525437749036
source_9,20210831-Run7,3,NVS-PAK1-1,own,1.26,False,0.7167749959624153,0.08841229598383214,0.9786043142012859,True,126.4801774267956
source_9,20210831-Run7,3,quinidine,own,1.26,False,0.6547621786253387,0.15617596455372257,0.8224386012816003,True,13.262636163508883
source_9,20210831-Run7,3,TC-S-7004,own,1.26,False,0.7010461120833573,0.1705926616591067,0.6719077768350923,True,344.4408073998818
source_9,20210831-Run7,3,aloxistatin,own,1.26,False,0.6084535732698766,0.19527885405788906,0.8314544770119332,True,18.282034130455834
source_9,20210901_Run8,4,AMG900,own,2.42,False,0.6618327093578324,0.03430700297886489,0.9505195262667622,True,301.70212252860796
source_9,20210901_Run8,4,dexamethasone,own,2.42,False,0.6664580550912909,0.11140441953720097,0.8858114506310506,True,19.604055577821217
source_9,20210901_Run8,4,FK-866,own,2.42,False,0.4708586612726191,-0.010195298118179402,0.8337635440180479,True,87.28924448067956
source_9,20210901_Run8,4,NVS-PAK1-1,own,2.42,False,0.4709170091936674,-0.02553840299427704,0.884933964713083,True,138.21685426405364
source_9,20210901_Run8,4,quinidine,own,2.42,False,0.4873737365966853,0.07457354546846548,0.7055301871328034,True,8.777559192683704
source_9,20210901_Run8,4,TC-S-7004,own,2.42,False,0.6486269927415463,0.12767871157233718,0.6492577251789182,True,564.9319189399474
source_9,20210901_Run8,4,aloxistatin,own,2.42,False,0.40550119087528436,0.11098395171880979,0.7321418644742952,True,14.920641957291258
source_9,20210914-Run9,5,AMG900,own,1.93,False,0.7218834873337303,0.024273220915122438,0.9622880469278409,True,259.0874803116683
source_9,20210914-Run9,5,dexamethasone,own,1.93,False,0.7697045212034178,0.2760871291808481,0.7876378394954382,True,22.515325773073055
source_9,20210914-Run9,5,FK-866,own,1.93,False,0.4852633372060453,0.05111450303875024,0.8381879620445589,True,76.84533036410333
source_9,20210914-Run9,5,NVS-PAK1-1,own,1.93,False,0.6048931533313393,0.04923596812311792,0.882307497550644,True,451.1270234836621
source_9,20210914-Run9,5,quinidine,own,1.93,False,0.41015207299323775,0.09913111748595993,0.48348898982349664,True,10.881921179797006
source_9,20210914-Run9,5,TC-S-7004,own,1.93,False,0.666531561598408,0.11561934148580037,0.7530597009220446,True,221.0799658481651
source_9,20210914-Run9,5,aloxistatin,own,1.93,False,0.4633915962625632,0.16582897025721102,0.4787007033002456,True,15.945064612118381
source_9,20210915-Run10,6,AMG900,own,1.64,False,0.7134491710665287,0.08169048760242865,0.9468409173487022,True,276.8040742654745
source_9,20210915-Run10,6,dexamethasone,own,1.64,False,0.7768505302483251,0.19128750858111213,0.8619717733767723,True,25.303675471737186
source_9,20210915-Run10,6,FK-866,own,1.64,False,0.4992046257123857,0.0802312490680255,0.8996132511778179,True,82.64247951837629
source_9,20210915-Run10,6,NVS-PAK1-1,own,1.64,False,0.6940013393159203,0.09869746854413856,0.9262814385161456,True,133.34706953285215
source_9,20210915-Run10,6,quinidine,own,1.64,False,0.4723489305491426,0.13966506141551166,0.5538964903749457,True,14.712071444910555
source_9,20210915-Run10,6,TC-S-7004,own,1.64,False,0.3757501499069749,0.13274405041205012,0.7954468685881751,False,97.10981518274824
source_9,20210915-Run10,6,aloxistatin,own,1.64,False,0.6185903680364622,0.1809028854936258,0.5321324349668308,True,13.598502282936078
source_9,20210918-Run11,7,AMG900,own,1.55,False,0.7353326675712903,0.03292606807156625,0.9691113832928222,True,212.74350372417666
source_9,20210918-Run11,7,dexamethasone,own,1.55,False,0.8137299695532885,0.17182120517444868,0.9107116719292122,True,21.936921828596613
source_9,20210918-Run11,7,FK-866,own,1.55,False,0.5194817157995206,0.005934337432364252,0.9321930751216393,True,63.944277718587806
source_9,20210918-Run11,7,NVS-PAK1-1,own,1.55,False,0.7296404027768304,0.06721445662430427,0.9704586385557936,True,122.0470733649355
source_9,20210918-Run11,7,quinidine,own,1.55,False,0.5733028975222009,0.19013683238907067,0.6247299241284598,True,17.278916371589084
source_9,20210918-Run11,7,TC-S-7004,own,1.55,False,0.6962010595252388,0.11668823317941616,0.7238366311347619,True,225.77543540448104
source_9,20210918-Run11,7,aloxistatin,own,1.55,False,0.43549597600249007,0.22530872568336408,0.8048740022108855,True,18.355385916020616
source_9,20210918-Run12,8,AMG900,own,1.63,False,0.7641480898715989,-0.014002403183835499,0.90729992063956,True,177.70083244687683
source_9,20210918-Run12,8,dexamethasone,own,1.63,False,0.7594360847121933,0.1572776450371899,0.7788123753986711,True,17.859689966498745
source_9,20210918-Run12,8,FK-866,own,1.63,False,0.4903550337462375,0.049177153779888676,0.8046378976518743,True,51.53842539125934
source_9,20210918-Run12,8,NVS-PAK1-1,own,1.63,False,0.625612183274588,0.019888501476527366,0.8746494453944353,True,216.89476259230213
source_9,20210918-Run12,8,quinidine,own,1.63,False,0.44528545823151544,0.1392533421629327,0.3762681944692676,True,12.861594041981343
source_9,20210918-Run12,8,TC-S-7004,own,1.63,False,0.6121841100483714,0.06368193369574245,0.7538862537546595,True,172.18961839598296
source_9,20210918-Run12,8,aloxistatin,own,1.63,False,0.5046917752448329,0.24035046943425442,0.5872459932141153,False,11.28888340081103
source_9,20211013-Run14,9,AMG900,own,1.69,False,0.758160157066554,0.053629817169485956,0.9552870477696616,True,216.75679142741234
source_9,20211013-Run14,9,dexamethasone,own,1.69,False,0.8380454821843333,0.1920602440162297,0.8810711643291709,True,19.41117095529573
source_9,20211013-Run14,9,FK-866,own,1.69,False,0.5150328690652982,-0.005911996512787161,0.8136295849706616,True,53.423132741118394
source_9,20211013-Run14,9,NVS-PAK1-1,own,1.69,False,0.6394719207833511,0.03971891226027865,0.9588375819492364,True,104.4244022385066
source_9,20211013-Run14,9,quinidine,own,1.69,False,0.6853234626549036,0.27385963883470754,0.5491368705671327,False,15.979999016303323
source_9,20211013-Run14,9,TC-S-7004,own,1.69,False,0.6419337405913932,0.1596979268718795,0.7584137024034929,True,136.0152819729688
source_9,20211013-Run14,9,aloxistatin,own,1.69,False,0.4454458167380686,0.11581342819382277,0.548200353763348,True,8.672401524158277
source_9,20211102-Run15,10,AMG900,own,2.37,False,0.7870923513452077,0.03828914392036849,0.959546827139702,True,248.2580104113851
source_9,20211102-Run15,10,dexamethasone,own,2.37,False,0.7755141040961241,0.22277873560670472,0.8654800302320014,True,21.200259650552937
source_9,20211102-Run15,10,FK-866,own,2.37,False,0.5278122757053673,0.09316426513384073,0.8603355541278186,True,74.07438419073789
source_9,20211102-Run15,10,NVS-PAK1-1,own,2.37,False,0.7981071796548758,0.10161249056704169,0.9398772934786992,True,115.48933921725403
source_9,20211102-Run15,10,quinidine,own,2.37,False,0.6788500569564149,0.20393951082213832,0.7432939999143363,False,25.799002448983384
source_9,20211102-Run15,10,TC-S-7004,own,2.37,False,0.7576371810445156,0.14044580376016566,0.5045124505230721,True,515.5212761476951
source_9,20211102-Run15,10,aloxistatin,own,2.37,False,0.6240221064914703,0.18174054895271483,0.5860019640090921,True,19.77729789010064
source_9,20211103-Run16,11,AMG900,own,1.77,False,0.8098341613761799,0.09144739120697598,0.9321504251641606,True,131.7995059974374
source_9,20211103-Run16,11,dexamethasone,own,1.77,False,0.6878575866700771,0.10525365961252998,0.6660458377706847,True,11.507287597303288
source_9,20211103-Run16,11,FK-866,own,1.77,False,0.6160666861076366,0.10475143827122012,0.9099055528059209,True,45.33804361215008
source_9,20211103-Run16,11,NVS-PAK1-1,own,1.77,False,0.7882058521683895,0.14713309482457532,0.9023915078049882,True,91.20533848644409
source_9,20211103-Run16,11,quinidine,own,1.77,False,0.6081691100091007,0.1493578918168837,0.6954034867215977,True,9.429389755997084
source_9,20211103-Run16,11,TC-S-7004,own,1.77,False,0.7976953028926048,0.2206806242532211,0.5831348068550549,True,184.37446000919303
source_9,20211103-Run16,11,aloxistatin,own,1.77,False,0.4697203556520543,0.22969276428750934,0.6564524177576304,True,13.107247456077868
source_9,20210824-Run5,1,AMG900,scaled,0.32,False,0.39991536676268763,-0.0037814948340368234,,True,66.11765484650904
source_9,20210824-Run5,1,dexamethasone,scaled,0.32,False,0.5829714910572308,0.10016308723369065,,True,7.022834763866053
source_9,20210824-Run5,1,FK-866,scaled,0.32,False,0.4301606432373519,0.06148524277245232,,True,34.0473751418861
source_9,20210824-Run5,1,NVS-PAK1-1,scaled,0.32,False,0.3373160517549054,0.019141207902543065,,True,30.94535629842517
source_9,20210824-Run5,1,quinidine,scaled,0.32,False,0.3183163316783891,0.07419136884604242,,True,3.6534531156267773
source_9,20210824-Run5,1,TC-S-7004,scaled,0.32,False,0.07008431973613731,0.0027585127874545615,,False,13.426919262937709
source_9,20210824-Run5,1,aloxistatin,scaled,0.32,False,0.13268096732463142,0.06963176068705416,,False,4.74401654474816
source_9,20210825_Run6,2,AMG900,scaled,1.7,False,0.37373408348682996,-0.0268147903173985,0.9470160330288048,True,64.24255063777612
source_9,20210825_Run6,2,dexamethasone,scaled,1.7,False,0.6161259879792325,0.09376785239500691,0.8303053504372364,True,7.770940885847153
source_9,20210825_Run6,2,FK-866,scaled,1.7,False,0.34438412364754756,0.04637377637862256,0.8544887807155479,True,38.0388151830492
source_9,20210825_Run6,2,NVS-PAK1-1,scaled,1.7,False,0.26205730014657574,0.016476577950375864,0.8926612812486387,True,33.156226689198114
source_9,20210825_Run6,2,quinidine,scaled,1.7,False,0.3262290659966185,0.05715274783810225,0.6007777657068016,True,4.104122011015484
source_9,20210825_Run6,2,TC-S-7004,scaled,1.7,False,0.042868586958016666,-0.007854635372234027,0.8749117921864253,False,14.49277582954406
source_9,20210825_Run6,2,aloxistatin,scaled,1.7,False,0.2762457267863609,0.05825264673297729,0.5986193282906913,True,3.870180987453518
source_9,20210831-Run7,3,AMG900,scaled,1.26,False,0.4061765619564421,-0.00985812366207632,0.9663010587197258,True,64.17148046600924
source_9,20210831-Run7,3,dexamethasone,scaled,1.26,False,0.605496364562604,0.06995730445003796,0.8406230001524231,True,8.811988092835888
source_9,20210831-Run7,3,FK-866,scaled,1.26,False,0.37090796496318357,0.046555000273707216,0.9038379898792626,True,35.34689547546561
source_9,20210831-Run7,3,NVS-PAK1-1,scaled,1.26,False,0.31470898312273454,0.022256676355330723,0.9436778391588575,True,31.496484858247236
source_9,20210831-Run7,3,quinidine,scaled,1.26,False,0.4112281181146294,0.08745070914916538,0.6920842291990674,False,4.32941603960758
source_9,20210831-Run7,3,TC-S-7004,scaled,1.26,False,0.24659557533809745,0.0457124065750753,0.5415622530413626,True,65.61886643035955
source_9,20210831-Run7,3,aloxistatin,scaled,1.26,False,0.23614690215845985,0.061135836838147564,0.7344658705751578,False,5.602458052226742
source_9,20210901_Run8,4,AMG900,scaled,2.42,False,0.35352409218249903,-0.025617503633653123,0.8515838682755421,True,68.47166403853674
source_9,20210901_Run8,4,dexamethasone,scaled,2.42,False,0.5213238465430341,0.07044624427639948,0.7709239237864414,True,7.196260415753694
source_9,20210901_Run8,4,FK-866,scaled,2.42,False,0.3194441686207605,0.02973387186111201,0.8097982756961806,True,35.15933221976957
source_9,20210901_Run8,4,NVS-PAK1-1,scaled,2.42,False,0.21749865186893372,2.9457147640687964e-05,0.7226109609005833,True,34.00530730111885
source_9,20210901_Run8,4,quinidine,scaled,2.42,False,0.37905051004798507,0.07577689711596657,0.5836999444701099,True,3.284067116504443
source_9,20210901_Run8,4,TC-S-7004,scaled,2.42,False,0.2636714207287101,0.034046388173836296,0.5522701725236485,True,95.17982946403092
source_9,20210901_Run8,4,aloxistatin,scaled,2.42,False,0.21805944591677423,0.06200987832711186,0.611789086397706,True,5.702967400797455
source_9,20210914-Run9,5,AMG900,scaled,1.93,False,0.421617141426324,-0.04332421876655179,0.9067682048528536,True,60.53133113988759
source_9,20210914-Run9,5,dexamethasone,scaled,1.93,False,0.5366886357806813,0.06480292419281661,0.6489684792127101,True,7.552570399290505
source_9,20210914-Run9,5,FK-866,scaled,1.93,False,0.29627267333752566,0.0453168532982623,0.7628870652575411,True,28.22959680549403
source_9,20210914-Run9,5,NVS-PAK1-1,scaled,1.93,False,0.23943682175544276,0.030278772087366575,0.6994727742201832,True,66.33846915425737
source_9,20210914-Run9,5,quinidine,scaled,1.93,False,0.23567565345607644,0.03318733348564702,0.37975276501942545,False,3.886787274690487
source_9,20210914-Run9,5,TC-S-7004,scaled,1.93,False,0.1971726701249745,0.017920555023339804,0.5135210608266074,False,51.98713590702855
source_9,20210914-Run9,5,aloxistatin,scaled,1.93,False,0.2921653391348957,0.06291977584475934,0.48087089367387204,True,4.349082554972389
source_9,20210915-Run10,6,AMG900,scaled,1.64,False,0.41792377785299656,-0.026452375458668836,0.9157357064357792,True,62.38872631519173
source_9,20210915-Run10,6,dexamethasone,scaled,1.64,False,0.6063466203107415,0.09484999104837977,0.7965227638435101,True,7.715263010511002
source_9,20210915-Run10,6,FK-866,scaled,1.64,False,0.3161971706202635,0.03723717585955123,0.8735132517690614,True,29.445463206136278
source_9,20210915-Run10,6,NVS-PAK1-1,scaled,1.64,False,0.3081917046937981,0.016756936008308153,0.8959785543572423,True,34.58718841458117
source_9,20210915-Run10,6,quinidine,scaled,1.64,False,0.30624357311578776,0.028494992852299082,0.5335275917601705,True,6.069938802501063
source_9,20210915-Run10,6,TC-S-7004,scaled,1.64,False,0.019741184123132843,0.004681251279906137,0.7757381600833619,False,26.608283665724425
source_9,20210915-Run10,6,aloxistatin,scaled,1.64,False,0.33527088177107506,0.06529526659979,0.3903683553620785,True,4.215664935110532
source_9,20210918-Run11,7,AMG900,scaled,1.55,False,0.39312420016501015,-0.02068047502216799,0.9376283645179255,True,53.457012691098576
source_9,20210918-Run11,7,dexamethasone,scaled,1.55,False,0.6281169187955989,0.09607128485216743,0.8202170842012119,True,6.914726990526577
source_9,20210918-Run11,7,FK-866,scaled,1.55,False,0.36934110854303936,0.025418415494083392,0.9053630434293916,True,22.946111243010137
source_9,20210918-Run11,7,NVS-PAK1-1,scaled,1.55,False,0.273791602769006,0.009740195935268755,0.9160782397842804,True,32.240508467356726
source_9,20210918-Run11,7,quinidine,scaled,1.55,False,0.3439950035783191,0.046741319313850525,0.5511947807354014,True,6.003242143481374
source_9,20210918-Run11,7,TC-S-7004,scaled,1.55,False,0.2549417146460762,0.03065944057675134,0.4540362984998403,True,57.03148350545654
source_9,20210918-Run11,7,aloxistatin,scaled,1.55,False,0.16933200229372347,0.048215031694136636,0.656403974971382,True,5.816842962998635
source_9,20210918-Run12,8,AMG900,scaled,1.63,False,0.4410228047983742,-0.03920344460384996,0.8812520957435376,True,42.950122590276706
source_9,20210918-Run12,8,dexamethasone,scaled,1.63,False,0.43281587191068355,0.05530401007366154,0.4803668997926334,True,5.352952608387824
source_9,20210918-Run12,8,FK-866,scaled,1.63,False,0.2948298500763228,0.047030022058887774,0.7263544823242123,True,18.261825725283842
source_9,20210918-Run12,8,NVS-PAK1-1,scaled,1.63,False,0.2563273967830293,0.01991159384278795,0.7501990107608913,True,37.95724982003494
source_9,20210918-Run12,8,quinidine,scaled,1.63,False,0.25924175845166836,0.03397515869211316,0.2388810348298178,False,4.898592466998391
source_9,20210918-Run12,8,TC-S-7004,scaled,1.63,False,0.1854778426784847,0.018620284986541186,0.47751984783039025,False,41.9105577819664
source_9,20210918-Run12,8,aloxistatin,scaled,1.63,False,0.20832562457544684,0.08794051756687164,0.508606819515192,False,3.827431424501539
source_9,20211013-Run14,9,AMG900,scaled,1.69,False,0.35595853236572594,-0.005663986430651863,0.9043113298650258,True,56.00132848262006
source_9,20211013-Run14,9,dexamethasone,scaled,1.69,False,0.6104421815562255,0.07969250663946191,0.8202197414773156,True,6.827040284908571
source_9,20211013-Run14,9,FK-866,scaled,1.69,False,0.37416217226593995,0.05295642977902521,0.8303217105339445,True,20.484961479341614
source_9,20211013-Run14,9,NVS-PAK1-1,scaled,1.69,False,0.2970960123249874,0.029262115721927023,0.8816813102250171,True,27.937155877414302
source_9,20211013-Run14,9,quinidine,scaled,1.69,False,0.3764290723007188,0.09923939131800928,0.5103674793363545,False,5.733330841181322
source_9,20211013-Run14,9,TC-S-7004,scaled,1.69,False,0.18310099567614313,0.03386921112292575,0.6695876665407094,True,33.31597173966817
source_9,20211013-Run14,9,aloxistatin,scaled,1.69,False,0.2098637943813732,0.01679733214983474,0.5116774134078625,True,3.4416870888489584
source_9,20211102-Run15,10,AMG900,scaled,2.37,False,0.4835669922776056,-0.04866491473596728,0.9017660031595758,True,54.80102465131753
source_9,20211102-Run15,10,dexamethasone,scaled,2.37,False,0.5976423823707726,0.09568147387855852,0.7601809967280218,True,6.244300417315724
source_9,20211102-Run15,10,FK-866,scaled,2.37,False,0.34905085865456387,0.03068661032959677,0.7982936946302415,True,25.97045024247037
source_9,20211102-Run15,10,NVS-PAK1-1,scaled,2.37,False,0.34593082088393634,0.0069850400024135525,0.8529289373631868,True,27.562236980975523
source_9,20211102-Run15,10,quinidine,scaled,2.37,False,0.5051502272361174,0.09463122790635438,0.549463274252834,False,7.573566304148572
source_9,20211102-Run15,10,TC-S-7004,scaled,2.37,False,0.3807400235682625,0.04531397784474661,0.2683315499381894,True,82.42817513139266
source_9,20211102-Run15,10,aloxistatin,scaled,2.37,False,0.3085075467871562,0.044422738540944424,0.3648249503028503,True,5.609438854983691
source_9,20211103-Run16,11,AMG900,scaled,1.77,False,0.44228744432825534,-0.032955257460985314,0.9101426117857673,True,38.13217363985233
source_9,20211103-Run16,11,dexamethasone,scaled,1.77,False,0.672084951484744,0.05889755754577828,0.6868220389595852,True,5.101991762253686
source_9,20211103-Run16,11,FK-866,scaled,1.77,False,0.4446747483170277,0.04890623375340356,0.8969293976219863,True,19.627248983188164
source_9,20211103-Run16,11,NVS-PAK1-1,scaled,1.77,False,0.3265802638212563,0.02745493053631379,0.8116955914746231,True,24.697973084390572
source_9,20211103-Run16,11,quinidine,scaled,1.77,False,0.38555597237462336,0.0531093663335131,0.6477468232335822,True,3.7620353591159184
source_9,20211103-Run16,11,TC-S-7004,scaled,1.77,False,0.2960063521457148,0.05363882532692322,0.3517442497878346,True,50.124590213604094
source_9,20211103-Run16,11,aloxistatin,scaled,1.77,False,0.158991950601429,0.052126600046673674,0.504200777450676,False,4.760172237840743
source_9,20210824-Run5,1,AMG900,field,0.32,False,0.8591233581119645,0.08748676641999013,,True,102.87983241326859
source_9,20210824-Run5,1,dexamethasone,field,0.32,False,0.8291569994539129,0.24365991813676022,,True,9.124351688718537
source_9,20210824-Run5,1,FK-866,field,0.32,False,0.5642756660964594,0.17797932487893706,,True,34.68838081502211
source_9,20210824-Run5,1,NVS-PAK1-1,field,0.32,False,0.6979959173912387,0.044298180605313785,,True,42.932549770266206
source_9,20210824-Run5,1,quinidine,field,0.32,False,0.6715110077529438,0.12893498700956987,,True,4.415503870278749
source_9,20210824-Run5,1,TC-S-7004,field,0.32,False,0.36379826631929474,-0.02554206615294,,True,12.756061971662342
source_9,20210824-Run5,1,aloxistatin,field,0.32,False,0.5072198305059397,0.26903019043539717,,False,4.87916940499049
source_9,20210825_Run6,2,AMG900,field,1.7,False,0.8630575684746613,0.04105941482385347,0.9774766873799856,True,104.7462346460515
source_9,20210825_Run6,2,dexamethasone,field,1.7,False,0.8643849670289143,0.2527647406020182,0.9224332194717644,True,9.8715997964504
source_9,20210825_Run6,2,FK-866,field,1.7,False,0.39171345506943284,0.19532645654990688,0.7914106093610358,True,38.72988362080367
source_9,20210825_Run6,2,NVS-PAK1-1,field,1.7,False,0.6500411967548101,0.035921336045292386,0.9493117944430975,True,47.195656547639445
source_9,20210825_Run6,2,quinidine,field,1.7,False,0.6838687684310514,0.20668776328813612,0.7788949983670302,True,4.139420344834087
source_9,20210825_Run6,2,TC-S-7004,field,1.7,False,0.3487356306240932,0.0292918245367678,0.8867994215384016,False,14.957918211240825
source_9,20210825_Run6,2,aloxistatin,field,1.7,False,0.6205740147229366,0.16656526107278996,0.7339237729869996,True,4.61560393070747
source_9,20210831-Run7,3,AMG900,field,1.26,False,0.8717250608662276,0.08035811919625942,0.9913276280579821,True,96.37277462566718
source_9,20210831-Run7,3,dexamethasone,field,1.26,False,0.8772510560237383,0.22209607794127764,0.9334259747219138,True,10.070227881393771
source_9,20210831-Run7,3,FK-866,field,1.26,False,0.4234247734757675,0.1342571617647687,0.9143858013678645,True,33.146958887931085
source_9,20210831-Run7,3,NVS-PAK1-1,field,1.26,False,0.7278652028603412,0.061632605214576905,0.9726419726348634,True,37.705794633563016
source_9,20210831-Run7,3,quinidine,field,1.26,False,0.7506089866394217,0.1830245766401328,0.8423748512351962,True,5.226267155108317
source_9,20210831-Run7,3,TC-S-7004,field,1.26,False,0.7256964022883763,0.14424381764538352,0.6874683242585865,True,97.95062774220608
source_9,20210831-Run7,3,aloxistatin,field,1.26,False,0.657924121877487,0.20066123308601602,0.817173941020917,True,5.922141511933602
source_9,20210901_Run8,4,AMG900,field,2.42,False,0.8380362078532784,0.014380878222136514,0.9703912949947938,True,101.99826551223813
source_9,20210901_Run8,4,dexamethasone,field,2.42,False,0.7718424855984612,0.15330290213795492,0.8964023193756632,True,8.6791583154398
source_9,20210901_Run8,4,FK-866,field,2.42,False,0.37809309357052995,0.027288955773902883,0.8756759692679695,True,30.3727700744881
source_9,20210901_Run8,4,NVS-PAK1-1,field,2.42,False,0.4935048227312814,-0.07024255870646738,0.897181495746502,True,44.04236589259204
source_9,20210901_Run8,4,quinidine,field,2.42,False,0.5946964375599679,0.08596816192615588,0.7772935142955926,True,3.5549650358923905
source_9,20210901_Run8,4,TC-S-7004,field,2.42,False,0.6799389024378464,0.09279973411308895,0.6791713253175993,True,154.1006985486404
source_9,20210901_Run8,4,aloxistatin,field,2.42,False,0.46965179562797155,0.12918641970659367,0.7622375400001088,True,4.62489458941413
source_9,20210914-Run9,5,AMG900,field,1.93,False,0.8469161459349969,0.016706646852896554,0.9687082361197945,True,88.25668160186622
source_9,20210914-Run9,5,dexamethasone,field,1.93,False,0.8346811026456575,0.22556283601716506,0.8535278154593824,True,8.922492708160553
source_9,20210914-Run9,5,FK-866,field,1.93,False,0.42770242621413096,0.07964084233289771,0.8499237928904959,True,25.657190717994254
source_9,20210914-Run9,5,NVS-PAK1-1,field,1.93,False,0.6211073508857026,0.03243981206832806,0.8802303932350011,True,128.4699684683465
source_9,20210914-Run9,5,quinidine,field,1.93,False,0.4579798778505133,0.0518432728860469,0.5928565323247246,True,4.2785239094275855
source_9,20210914-Run9,5,TC-S-7004,field,1.93,False,0.6515281823118722,0.1006099742540132,0.7512983011124614,True,71.2039457783444
source_9,20210914-Run9,5,aloxistatin,field,1.93,False,0.49256641484484714,0.10246710507457923,0.47798536581800644,True,5.349442447228043
source_9,20210915-Run10,6,AMG900,field,1.64,False,0.8714229427278075,0.05675300700515267,0.9792720415637446,True,96.28685678409325
source_9,20210915-Run10,6,dexamethasone,field,1.64,False,0.8752312760839973,0.2248126521251337,0.9139628953325134,True,10.671045703472048
source_9,20210915-Run10,6,FK-866,field,1.64,False,0.46213878577013845,0.12088907593090736,0.9134243735614563,True,29.209372714309133
source_9,20210915-Run10,6,NVS-PAK1-1,field,1.64,False,0.7151628407032407,0.06795537802792649,0.9587090256629346,True,43.414249921295756
source_9,20210915-Run10,6,quinidine,field,1.64,False,0.5976387316147181,0.15304766015030463,0.7205323473842262,True,5.308573967057
source_9,20210915-Run10,6,TC-S-7004,field,1.64,False,0.43916691373870664,0.12168980435856154,0.8519741056015133,False,27.374227776783695
source_9,20210915-Run10,6,aloxistatin,field,1.64,False,0.6834810075421092,0.17525186932176093,0.5965762374692662,True,4.410849125556007
source_9,20210918-Run11,7,AMG900,field,1.55,False,0.8406437813485506,0.041799807562515404,0.961079201697894,True,74.6892386293639
source_9,20210918-Run11,7,dexamethasone,field,1.55,False,0.8909343197381061,0.24971621181457213,0.9302866788383286,True,9.466117518928774
source_9,20210918-Run11,7,FK-866,field,1.55,False,0.5195943224744174,0.09026686014699344,0.9379955125938317,True,23.36808733715618
source_9,20210918-Run11,7,NVS-PAK1-1,field,1.55,False,0.7313366880037346,0.08098113552243394,0.9673645505613331,True,41.836994837504974
source_9,20210918-Run11,7,quinidine,field,1.55,False,0.6748338901362182,0.19671190635946553,0.7440758703964429,True,7.335055347744575
source_9,20210918-Run11,7,TC-S-7004,field,1.55,False,0.7315814316707733,0.14577236774965519,0.6831800288679053,True,71.9682393063226
source_9,20210918-Run11,7,aloxistatin,field,1.55,False,0.630023949390003,0.27344076623772073,0.8561240060104981,True,6.137658461115331
source_9,20210918-Run12,8,AMG900,field,1.63,False,0.8699631928119135,-0.04262308296467897,0.9204152796844358,True,71.38481307060125
source_9,20210918-Run12,8,dexamethasone,field,1.63,False,0.8256597360297908,0.14011721206407826,0.8223529644811189,True,8.146033697234508
source_9,20210918-Run12,8,FK-866,field,1.63,False,0.427394702142695,0.08142330311341384,0.8202609317985278,True,20.734706279386998
source_9,20210918-Run12,8,NVS-PAK1-1,field,1.63,False,0.6724170926989586,0.004283250594853488,0.8908651614811781,True,75.70643981456276
source_9,20210918-Run12,8,quinidine,field,1.63,False,0.5003284411244908,0.11517544711997894,0.5674002161285333,True,5.80036739040582
source_9,20210918-Run12,8,TC-S-7004,field,1.63,False,0.5971019065901841,0.062050874734589714,0.6969162638288202,False,57.828522945251905
source_9,20210918-Run12,8,aloxistatin,field,1.63,False,0.5549355636515392,0.16768461057392373,0.5992367221796909,True,4.619267105432972
source_9,20211013-Run14,9,AMG900,field,1.69,False,0.8833181409591948,0.057618523381444506,0.9746638795703293,True,91.70808937803393
source_9,20211013-Run14,9,dexamethasone,field,1.69,False,0.9065770715163124,0.21911355326413037,0.9151728499274034,True,9.740916049140235
source_9,20211013-Run14,9,FK-866,field,1.69,False,0.46264085625896245,0.0364958019117416,0.8061487603212173,True,21.573050971773828
source_9,20211013-Run14,9,NVS-PAK1-1,field,1.69,False,0.6463855761015569,0.006468787119844961,0.9514240494322779,True,39.449338199906606
source_9,20211013-Run14,9,quinidine,field,1.69,False,0.7400625433042366,0.274530926116305,0.6445591185630222,False,7.668637745994348
source_9,20211013-Run14,9,TC-S-7004,field,1.69,False,0.6369399320325886,0.11917773582530344,0.7102373999224192,True,47.29921327983852
source_9,20211013-Run14,9,aloxistatin,field,1.69,False,0.48506801078248935,0.10989336661579667,0.5630317262756439,True,3.4102528304606383
source_9,20211102-Run15,10,AMG900,field,2.37,False,0.9028056468289454,0.034236621256870346,0.9672794384701888,True,89.92424549795764
source_9,20211102-Run15,10,dexamethasone,field,2.37,False,0.8626794085859166,0.258835801518222,0.8884988685730313,True,7.996954404103522
source_9,20211102-Run15,10,FK-866,field,2.37,False,0.4855626345047651,0.11031500251363259,0.8651794512533515,True,25.04109533212322
source_9,20211102-Run15,10,NVS-PAK1-1,field,2.37,False,0.7964483736798501,0.07757695394226628,0.9225278848785531,True,37.84046418200821
source_9,20211102-Run15,10,quinidine,field,2.37,False,0.7795175905806387,0.22683429325800203,0.7983240790803694,True,9.96341736213848
source_9,20211102-Run15,10,TC-S-7004,field,2.37,False,0.80463299822958,0.13021889106690956,0.538245739632069,True,152.0390288239384
source_9,20211102-Run15,10,aloxistatin,field,2.37,False,0.6753565291922023,0.1738002472673796,0.5404935834369131,True,6.110740118087664
source_9,20211103-Run16,11,AMG900,field,1.77,False,0.9231143916766291,0.04882818261006087,0.9180483346136223,True,70.23442054404755
source_9,20211103-Run16,11,dexamethasone,field,1.77,False,0.8629745202934009,0.1768531646127037,0.8387482927854122,True,8.193109113009957
source_9,20211103-Run16,11,FK-866,field,1.77,False,0.6342165371056692,0.19500351047264505,0.919866414652547,True,25.267272866018583
source_9,20211103-Run16,11,NVS-PAK1-1,field,1.77,False,0.8022760562343435,0.1406620916452797,0.831502737725401,True,37.26506503756221
source_9,20211103-Run16,11,quinidine,field,1.77,False,0.7147341243288288,0.18735867573730142,0.8289936223144467,True,5.605758669042251
source_9,20211103-Run16,11,TC-S-7004,field,1.77,False,0.776169625523289,0.23624914526730084,0.4771064359348858,True,71.42193236933305
source_9,20211103-Run16,11,aloxistatin,field,1.77,False,0.5558027394936287,0.2008567762485971,0.6119357878516423,True,6.790430390701536
