lab,plate,target,pc1,pc2
source_1,UL000081,False,64.182,17.277
source_1,UL000081,False,72.34,20.842
source_1,UL000081,False,61.996,18.413
source_1,UL000081,False,61.307,17.534
source_1,UL000081,False,58.782,17.128
source_1,UL000081,False,59.572,15.373
source_1,UL000081,False,64.465,15.02
source_1,UL000081,False,66.342,18.457
source_1,UL000083,False,61.687,18.457
source_1,UL000083,False,62.175,19.833
source_1,UL000083,False,63.275,18.675
source_1,UL000083,False,61.816,21.772
source_1,UL000083,False,75.849,-27.932
source_1,UL000083,False,4.816,41.675
source_1,UL000083,False,63.642,19.261
source_1,UL000083,False,59.762,9.941
source_1,UL000087,False,31.734,18.141
source_1,UL000087,False,42.266,16.72
source_1,UL000087,False,46.348,20.541
source_1,UL000087,False,43.81,17.924
source_1,UL000087,False,36.206,17.829
source_1,UL000087,False,45.776,21.17
source_1,UL000087,False,48.068,19.167
source_1,UL000087,False,42.968,17.111
source_1,UL000089,False,43.384,19.864
source_1,UL000089,False,43.608,19.006
source_1,UL000089,False,43.873,19.792
source_1,UL000089,False,43.587,13.679
source_1,UL000089,False,42.484,15.853
source_1,UL000089,False,42.253,14.168
source_1,UL000089,False,44.289,16.512
source_1,UL000089,False,39.931,14.88
source_1,UL000091,False,60.754,17.142
source_1,UL000091,False,65.676,21.924
source_1,UL000091,False,63.449,15.884
source_1,UL000091,False,64.31,19.516
source_1,UL000091,False,63.366,21.15
source_1,UL000091,False,67.549,23.506
source_1,UL000091,False,53.34,13.814
source_1,UL000091,False,53.784,15.179
source_1,UL000093,False,28.896,18.602
source_1,UL000093,False,30.342,29.708
source_1,UL000093,False,28.041,22.781
source_1,UL000093,False,27.135,21.256
source_1,UL000093,False,37.112,24.653
source_1,UL000093,False,29.713,19.109
source_1,UL000093,False,36.019,28.374
source_1,UL000093,False,35.718,22.416
source_1,UL000095,False,35.59,22.476
source_1,UL000095,False,29.51,20.317
source_1,UL000095,False,34.422,18.835
source_1,UL000095,False,29.968,19.29
source_1,UL000095,False,33.671,20.931
source_1,UL000095,False,29.077,17.951
source_1,UL000095,False,42.3,26.158
source_1,UL000095,False,38.17,28.946
source_1,UL000097,False,36.888,23.1
source_1,UL000097,False,33.085,25.92
source_1,UL000097,False,31.995,17.24
source_1,UL000097,False,33.026,23.722
source_1,UL000097,False,33.621,19.572
source_1,UL000097,False,37.227,23.513
source_1,UL000097,False,35.874,26.429
source_1,UL000097,False,31.816,18.979
source_1,UL000577,False,65.102,13.935
source_1,UL000577,False,64.642,12.205
source_1,UL000577,False,66.993,17.725
source_1,UL000577,False,69.608,16.847
source_1,UL000577,False,70.717,15.71
source_1,UL000577,False,62.989,17.542
source_1,UL000577,False,67.892,16.265
source_1,UL000577,False,66.796,17.212
source_1,UL000579,False,71.418,17.898
source_1,UL000579,False,55.81,8.72
source_1,UL000579,False,73.54,10.295
source_1,UL000579,False,57.026,14.665
source_1,UL000579,False,60.952,12.311
source_1,UL000579,False,62.945,13.775
source_1,UL000579,False,67.868,13.679
source_1,UL000579,False,61.741,9.556
source_1,UL000581,False,58.246,11.904
source_1,UL000581,False,63.633,7.745
source_1,UL000581,False,55.78,5.189
source_1,UL000581,False,54.75,0.12
source_1,UL000581,False,61.375,8.143
source_1,UL000581,False,68.065,9.025
source_1,UL000581,False,69.305,8.086
source_1,UL000581,False,63.013,8.962
source_1,UL000583,False,70.164,13.019
source_1,UL000583,False,69.312,11.907
source_1,UL000583,False,70.3,10.136
source_1,UL000583,False,66.249,9.17
source_1,UL000583,False,68.12,13.044
source_1,UL000583,False,68.476,11.112
source_1,UL000583,False,68.865,11.991
source_1,UL000583,False,65.359,8.977
source_1,UL000585,False,72.774,16.404
source_1,UL000585,False,67.331,33.974
source_1,UL000585,False,61.032,14.749
source_1,UL000585,False,68.289,14.583
source_1,UL000585,False,67.332,13.181
source_1,UL000585,False,69.408,15.471
source_1,UL000585,False,72.671,14.304
source_1,UL000585,False,65.238,16.431
source_1,UL000587,False,67.849,14.01
source_1,UL000587,False,70.382,18.093
source_1,UL000587,False,67.306,17.065
source_1,UL000587,False,68.168,12.164
source_1,UL000587,False,62.345,16.311
source_1,UL000587,False,65.833,14.848
source_1,UL000587,False,67.129,15.288
source_1,UL000587,False,70.639,19.792
source_1,UL000593,False,70.154,15.476
source_1,UL000593,False,69.336,17.506
source_1,UL000593,False,64.987,15.969
source_1,UL000593,False,62.08,16.64
source_1,UL000593,False,71.026,18.359
source_1,UL000593,False,66.23,14.254
source_1,UL000593,False,67.353,14.953
source_1,UL000593,False,64.442,15.444
source_1,UL000595,False,62.097,10.747
source_1,UL000595,False,62.781,16.584
source_1,UL000595,False,62.433,10.86
source_1,UL000595,False,60.731,11.533
source_1,UL000595,False,65.009,12.032
source_1,UL000595,False,64.319,10.196
source_1,UL000595,False,65.881,13.589
source_1,UL000595,False,63.642,11.683
source_1,UL000597,False,-15.552,-10.656
source_1,UL000597,False,-17.992,-12.543
source_1,UL000597,False,28.894,16.17
source_1,UL000597,False,-16.1,5.077
source_1,UL000597,False,21.919,-12.632
source_1,UL000597,False,15.236,1.424
source_1,UL000597,False,31.044,-2.66
source_1,UL000597,False,53.306,5.929
source_1,UL000599,False,60.403,14.825
source_1,UL000599,False,67.762,15.384
source_1,UL000599,False,69.569,13.036
source_1,UL000599,False,66.644,14.536
source_1,UL000599,False,65.5,13.579
source_1,UL000599,False,66.16,12.318
source_1,UL000599,False,68.866,14.239
source_1,UL000599,False,71.603,13.17
source_1,UL001641,False,48.407,15.685
source_1,UL001641,False,49.282,20.727
source_1,UL001641,False,53.573,17.713
source_1,UL001641,False,48.806,14.282
source_1,UL001641,False,49.275,13.124
source_1,UL001641,False,46.663,12.514
source_1,UL001641,False,49.258,13.984
source_1,UL001641,False,49.464,14.407
source_1,UL001643,False,51.263,13.284
source_1,UL001643,False,56.089,15.873
source_1,UL001643,False,58.666,14.529
source_1,UL001643,False,51.16,15.826
source_1,UL001643,False,58.204,18.592
source_1,UL001643,False,51.171,14.66
source_1,UL001643,False,56.364,16.964
source_1,UL001643,False,58.119,18.562
source_1,UL001645,False,52.138,15.965
source_1,UL001645,False,50.07,14.909
source_1,UL001645,False,47.503,15.028
source_1,UL001645,False,45.075,16.403
source_1,UL001645,False,46.819,14.628
source_1,UL001645,False,51.321,15.623
source_1,UL001645,False,51.811,13.22
source_1,UL001645,False,47.346,15.372
source_1,UL001647,False,52.276,21.196
source_1,UL001647,False,53.244,19.87
source_1,UL001647,False,52.226,22.518
source_1,UL001647,False,56.435,22.573
source_1,UL001647,False,56.716,23.913
source_1,UL001647,False,52.176,18.217
source_1,UL001647,False,52.189,21.835
source_1,UL001647,False,55.214,21.725
source_1,UL001649,False,65.275,12.313
source_1,UL001649,False,68.827,12.927
source_1,UL001649,False,58.677,20.092
source_1,UL001649,False,53.395,17.773
source_1,UL001649,False,61.329,20.973
source_1,UL001649,False,60.032,20.87
source_1,UL001649,False,57.357,16.679
source_1,UL001649,False,56.551,17.416
source_1,UL001651,False,53.71,15.827
source_1,UL001651,False,51.701,15.126
source_1,UL001651,False,49.798,14.57
source_1,UL001651,False,52.9,16.989
source_1,UL001651,False,47.445,13.611
source_1,UL001651,False,48.746,14.549
source_1,UL001651,False,53.383,16.373
source_1,UL001651,False,52.111,18.443
source_1,UL001653,False,48.004,13.557
source_1,UL001653,False,44.633,15.747
source_1,UL001653,False,51.698,19.611
source_1,UL001653,False,50.009,17.9
source_1,UL001653,False,49.835,19.416
source_1,UL001653,False,50.332,16.585
source_1,UL001653,False,46.041,14.184
source_1,UL001653,False,44.786,13.62
source_1,UL001655,False,48.368,17.618
source_1,UL001655,False,46.939,17.076
source_1,UL001655,False,45.226,17.543
source_1,UL001655,False,49.678,16.499
source_1,UL001655,False,49.931,17.242
source_1,UL001655,False,45.371,14.44
source_1,UL001655,False,43.374,14.045
source_1,UL001655,False,43.129,15.716
source_1,UL001665,False,39.776,22.546
source_1,UL001665,False,46.253,22.59
source_1,UL001665,False,43.164,19.942
source_1,UL001665,False,46.803,20.488
source_1,UL001665,False,39.329,18.9
source_1,UL001665,False,38.973,16.304
source_1,UL001665,False,37.415,17.954
source_1,UL001665,False,49.755,26.091
source_1,UL001667,False,45.162,14.123
source_1,UL001667,False,58.645,20.049
source_1,UL001667,False,48.484,12.818
source_1,UL001667,False,50.25,15.131
source_1,UL001667,False,50.101,16.283
source_1,UL001667,False,53.18,16.287
source_1,UL001667,False,46.404,18.969
source_1,UL001667,False,50.668,12.336
source_1,UL001669,False,55.825,15.756
source_1,UL001669,False,47.396,15.964
source_1,UL001669,False,57.196,17.161
source_1,UL001669,False,59.38,20.699
source_1,UL001669,False,50.495,16.697
source_1,UL001669,False,58.76,21.084
source_1,UL001669,False,59.431,22.038
source_1,UL001669,False,48.651,14.594
source_1,UL001671,False,63.371,19.002
source_1,UL001671,False,65.279,18.099
source_1,UL001671,False,66.363,20.448
source_1,UL001671,False,63.985,19.641
source_1,UL001671,False,63.926,19.313
source_1,UL001671,False,59.359,17.138
source_1,UL001671,False,63.338,19.553
source_1,UL001671,False,63.758,18.831
source_1,UL001673,False,57.033,20.748
source_1,UL001673,False,54.909,23.506
source_1,UL001673,False,58.766,19.186
source_1,UL001673,False,56.751,17.72
source_1,UL001673,False,59.675,19.279
source_1,UL001673,False,53.706,18.517
source_1,UL001673,False,56.295,19.483
source_1,UL001673,False,60.306,15.107
source_1,UL001675,False,57.048,22.49
source_1,UL001675,False,49.993,19.305
source_1,UL001675,False,54.291,23.932
source_1,UL001675,False,57.005,19.367
source_1,UL001675,False,50.8,20.231
source_1,UL001675,False,49.326,18.354
source_1,UL001675,False,49.946,19.289
source_1,UL001675,False,58.705,19.477
source_1,UL001677,False,54.789,18.662
source_1,UL001677,False,54.553,18.687
source_1,UL001677,False,56.678,20.304
source_1,UL001677,False,55.817,19.854
source_1,UL001677,False,54.213,17.716
source_1,UL001677,False,50.401,17.834
source_1,UL001677,False,56.675,16.518
source_1,UL001677,False,53.15,20.095
source_1,UL001679,False,53.556,21.527
source_1,UL001679,False,54.89,19.8
source_1,UL001679,False,54.138,19.159
source_1,UL001679,False,57.359,20.733
source_1,UL001679,False,57.98,18.247
source_1,UL001679,False,61.383,22.158
source_1,UL001679,False,61.249,24.627
source_1,UL001679,False,52.683,18.963
source_1,UL001713,False,64.304,30.45
source_1,UL001713,False,61.157,25.103
source_1,UL001713,False,63.107,27.969
source_1,UL001713,False,68.926,27.374
source_1,UL001713,False,60.808,23.821
source_1,UL001713,False,60.837,29.45
source_1,UL001713,False,62.857,25.891
source_1,UL001713,False,64.977,26.984
source_1,UL001717,False,62.866,23.662
source_1,UL001717,False,69.236,23.568
source_1,UL001717,False,68.748,23.47
source_1,UL001717,False,72.589,26.52
source_1,UL001717,False,40.454,9.593
source_1,UL001717,False,65.945,3.951
source_1,UL001717,False,26.976,0.964
source_1,UL001717,False,40.61,3.099
source_1,UL001719,False,62.343,26.294
source_1,UL001719,False,64.43,27.475
source_1,UL001719,False,62.067,26.199
source_1,UL001719,False,58.028,23.518
source_1,UL001719,False,58.483,22.55
source_1,UL001719,False,60.786,25.203
source_1,UL001719,False,55.543,26.607
source_1,UL001719,False,57.096,24.041
source_1,UL001765,False,44.031,13.267
source_1,UL001765,False,46.314,17.478
source_1,UL001765,False,44.237,15.362
source_1,UL001765,False,51.995,13.743
source_1,UL001765,False,48.332,14.792
source_1,UL001765,False,58.449,20.767
source_1,UL001765,False,55.311,20.204
source_1,UL001765,False,56.125,22.831
source_1,UL001769,False,40.941,21.15
source_1,UL001769,False,35.401,19.189
source_1,UL001769,False,38.526,19.516
source_1,UL001769,False,43.411,25.529
source_1,UL001769,False,41.189,25.002
source_1,UL001769,False,42.318,24.579
source_1,UL001769,False,48.109,27.11
source_1,UL001769,False,47.211,28.881
source_1,UL001771,False,37.394,18.281
source_1,UL001771,False,32.012,32.705
source_1,UL001771,False,36.943,18.026
source_1,UL001771,False,37.066,18.57
source_1,UL001771,False,42.986,21.248
source_1,UL001771,False,38.29,19.003
source_1,UL001771,False,39.27,17.527
source_1,UL001771,False,40.728,20.858
source_1,UL001773,False,70.819,11.722
source_1,UL001773,False,74.525,12.231
source_1,UL001773,False,78.445,16.68
source_1,UL001773,False,78.805,12.263
source_1,UL001773,False,87.348,17.526
source_1,UL001773,False,75.098,13.629
source_1,UL001773,False,89.163,22.114
source_1,UL001773,False,88.153,21.956
source_1,UL001781,False,49.69,18.362
source_1,UL001781,False,51.744,16.821
source_1,UL001781,False,48.835,16.852
source_1,UL001781,False,51.871,18.631
source_1,UL001781,False,54.485,22.409
source_1,UL001781,False,50.27,19.896
source_1,UL001781,False,52.786,18.92
source_1,UL001781,False,48.932,18.801
source_1,UL001783,False,51.115,21.134
source_1,UL001783,False,43.769,19.934
source_1,UL001783,False,49.556,20.596
source_1,UL001783,False,63.42,26.457
source_1,UL001783,False,64.808,26.093
source_1,UL001783,False,63.827,22.974
source_1,UL001783,False,64.654,28.95
source_1,UL001783,False,59.071,24.16
source_1,UL001785,False,54.153,15.124
source_1,UL001785,False,50.925,14.488
source_1,UL001785,False,56.767,17.468
source_1,UL001785,False,57.581,15.942
source_1,UL001785,False,58.632,19.201
source_1,UL001785,False,55.039,15.846
source_1,UL001785,False,61.961,17.661
source_1,UL001785,False,60.595,19.294
source_1,UL001787,False,58.702,20.915
source_1,UL001787,False,51.332,18.026
source_1,UL001787,False,55.277,18.395
source_1,UL001787,False,54.397,17.301
source_1,UL001787,False,52.882,15.179
source_1,UL001787,False,59.564,18.044
source_1,UL001787,False,55.263,24.887
source_1,UL001787,False,51.75,13.078
source_1,UL001789,False,42.577,14.936
source_1,UL001789,False,36.623,9.347
source_1,UL001789,False,36.003,12.952
source_1,UL001789,False,37.275,12.0
source_1,UL001789,False,39.76,13.784
source_1,UL001789,False,45.984,16.43
source_1,UL001789,False,47.576,12.519
source_1,UL001789,False,49.371,18.466
source_1,UL001791,False,64.99,25.629
source_1,UL001791,False,62.786,23.635
source_1,UL001791,False,57.454,20.906
source_1,UL001791,False,53.679,20.529
source_1,UL001791,False,51.472,15.684
source_1,UL001791,False,50.815,17.169
source_1,UL001791,False,62.085,24.879
source_1,UL001791,False,60.871,23.009
source_1,UL001793,False,61.671,24.734
source_1,UL001793,False,55.908,23.754
source_1,UL001793,False,49.907,22.783
source_1,UL001793,False,64.561,27.853
source_1,UL001793,False,60.108,26.969
source_1,UL001793,False,54.334,19.652
source_1,UL001793,False,51.793,20.072
source_1,UL001793,False,61.348,24.593
source_1,UL001795,False,56.135,19.934
source_1,UL001795,False,54.987,22.117
source_1,UL001795,False,59.713,18.902
source_1,UL001795,False,69.645,28.426
source_1,UL001795,False,47.454,18.182
source_1,UL001795,False,63.193,22.709
source_1,UL001795,False,61.415,21.69
source_1,UL001795,False,51.647,16.223
source_1,UL001797,False,46.804,19.862
source_1,UL001797,False,50.0,19.541
source_1,UL001797,False,57.252,21.275
source_1,UL001797,False,62.981,27.716
source_1,UL001797,False,62.431,27.415
source_1,UL001797,False,49.587,20.146
source_1,UL001797,False,59.459,21.739
source_1,UL001797,False,59.204,23.823
source_1,UL001799,False,54.062,17.266
source_1,UL001799,False,47.965,18.621
source_1,UL001799,False,56.145,22.604
source_1,UL001799,False,57.405,19.392
source_1,UL001799,False,48.92,17.472
source_1,UL001799,False,65.685,26.788
source_1,UL001799,False,64.862,24.786
source_1,UL001799,False,51.428,17.206
source_10,Dest210531-152149,False,-6.365,0.119
source_10,Dest210531-152149,False,-2.746,-3.443
source_10,Dest210531-152149,False,-8.972,3.1
source_10,Dest210531-152149,False,-5.831,-0.951
source_10,Dest210531-152149,False,-8.513,0.995
source_10,Dest210531-152149,False,-4.01,-3.334
source_10,Dest210531-152149,False,-11.108,-1.907
source_10,Dest210531-152149,False,-4.145,-3.574
source_10,Dest210531-152324,False,14.095,-18.485
source_10,Dest210531-152324,False,12.562,-17.085
source_10,Dest210531-152324,False,10.586,-15.031
source_10,Dest210531-152324,False,12.407,-16.317
source_10,Dest210531-152324,False,4.147,-14.641
source_10,Dest210531-152324,False,11.521,-16.894
source_10,Dest210531-152324,False,8.762,-16.744
source_10,Dest210531-152324,False,4.942,-16.68
source_10,Dest210531-152459,False,13.84,-21.233
source_10,Dest210531-152459,False,11.606,-19.806
source_10,Dest210531-152459,False,11.598,-19.463
source_10,Dest210531-152459,False,-6.349,-5.917
source_10,Dest210531-152459,False,7.643,-18.508
source_10,Dest210531-152459,False,7.792,-14.245
source_10,Dest210531-152459,False,11.015,-23.406
source_10,Dest210531-152459,False,1.741,-16.319
source_10,Dest210531-152634,False,4.615,-18.391
source_10,Dest210531-152634,False,15.699,-23.221
source_10,Dest210531-152634,False,7.451,-19.078
source_10,Dest210531-152634,False,12.356,-21.157
source_10,Dest210531-152634,False,5.096,-18.531
source_10,Dest210531-152634,False,7.838,-16.461
source_10,Dest210531-152634,False,8.027,-16.645
source_10,Dest210531-152634,False,3.541,-20.746
source_10,Dest210531-152810,False,8.69,-21.427
source_10,Dest210531-152810,False,9.441,-19.275
source_10,Dest210531-152810,False,4.194,-16.053
source_10,Dest210531-152810,False,7.322,-16.276
source_10,Dest210531-152810,False,8.536,-17.512
source_10,Dest210531-152810,False,2.777,-17.799
source_10,Dest210531-152810,False,9.308,-20.203
source_10,Dest210531-152810,False,4.524,-20.414
source_10,Dest210531-152945,False,9.503,-19.318
source_10,Dest210531-152945,False,9.614,-23.143
source_10,Dest210531-152945,False,12.89,-21.595
source_10,Dest210531-152945,False,9.695,-17.396
source_10,Dest210531-152945,False,5.156,-17.233
source_10,Dest210531-152945,False,9.802,-21.111
source_10,Dest210531-152945,False,9.073,-21.311
source_10,Dest210531-152945,False,1.196,-17.143
source_10,Dest210531-153120,False,9.461,-21.169
source_10,Dest210531-153120,False,13.044,-23.055
source_10,Dest210531-153120,False,6.186,-20.718
source_10,Dest210531-153120,False,7.876,-22.135
source_10,Dest210531-153120,False,9.11,-17.71
source_10,Dest210531-153120,False,12.64,-18.324
source_10,Dest210531-153120,False,5.635,-19.995
source_10,Dest210531-153120,False,10.429,-24.055
source_10,Dest210531-153804,False,0.824,-18.333
source_10,Dest210531-153804,False,-0.02,-15.477
source_10,Dest210531-153804,False,-1.027,-15.014
source_10,Dest210531-153804,False,5.675,-18.971
source_10,Dest210531-153804,False,-2.996,-13.78
source_10,Dest210531-153804,False,5.823,-20.989
source_10,Dest210531-153804,False,-3.114,-14.762
source_10,Dest210531-153804,False,-3.848,-14.289
source_10,Dest210601-153606,False,7.049,-18.574
source_10,Dest210601-153606,False,9.98,-20.553
source_10,Dest210601-153606,False,9.265,-19.963
source_10,Dest210601-153606,False,8.916,-21.531
source_10,Dest210601-153606,False,8.208,-19.164
source_10,Dest210601-153606,False,5.617,-16.746
source_10,Dest210601-153606,False,6.22,-17.741
source_10,Dest210601-153606,False,4.702,-13.766
source_10,Dest210601-153742,False,8.266,-20.084
source_10,Dest210601-153742,False,5.774,-15.82
source_10,Dest210601-153742,False,1.184,-14.281
source_10,Dest210601-153742,False,8.013,-21.286
source_10,Dest210601-153742,False,0.91,-12.013
source_10,Dest210601-153742,False,1.409,-15.493
source_10,Dest210601-153742,False,4.389,-16.413
source_10,Dest210601-153742,False,4.968,-23.74
source_10,Dest210601-153918,False,0.744,-17.671
source_10,Dest210601-153918,False,8.278,-19.007
source_10,Dest210601-153918,False,6.809,-18.435
source_10,Dest210601-153918,False,8.381,-18.836
source_10,Dest210601-153918,False,7.673,-18.389
source_10,Dest210601-153918,False,5.122,-15.02
source_10,Dest210601-153918,False,3.514,-21.375
source_10,Dest210601-153918,False,2.025,-24.06
source_10,Dest210601-154127,False,8.721,-20.913
source_10,Dest210601-154127,False,10.933,-21.533
source_10,Dest210601-154127,False,11.285,-20.379
source_10,Dest210601-154127,False,9.282,-18.903
source_10,Dest210601-154127,False,3.402,-12.691
source_10,Dest210601-154127,False,10.992,-24.259
source_10,Dest210601-154127,False,3.483,-14.219
source_10,Dest210601-154127,False,7.209,-21.022
source_10,Dest210601-154302,False,14.789,-26.375
source_10,Dest210601-154302,False,8.589,-18.493
source_10,Dest210601-154302,False,7.28,-17.627
source_10,Dest210601-154302,False,6.805,-18.372
source_10,Dest210601-154302,False,5.494,-16.433
source_10,Dest210601-154302,False,4.904,-16.679
source_10,Dest210601-154302,False,7.546,-21.631
source_10,Dest210601-154302,False,1.969,-20.144
source_10,Dest210601-154437,False,8.404,-21.931
source_10,Dest210601-154437,False,7.779,-20.329
source_10,Dest210601-154437,False,6.099,-16.952
source_10,Dest210601-154437,False,6.945,-14.727
source_10,Dest210601-154437,False,7.549,-14.608
source_10,Dest210601-154437,False,5.937,-16.342
source_10,Dest210601-154437,False,5.558,-18.521
source_10,Dest210601-154437,False,1.12,-17.666
source_10,Dest210601-154612,False,7.965,-20.593
source_10,Dest210601-154612,False,10.701,-24.785
source_10,Dest210601-154612,False,13.12,-24.654
source_10,Dest210601-154612,False,6.023,-17.414
source_10,Dest210601-154612,False,7.902,-20.034
source_10,Dest210601-154612,False,12.219,-25.368
source_10,Dest210601-154612,False,8.077,-23.29
source_10,Dest210601-154612,False,2.24,-17.421
source_10,Dest210601-154924,False,8.361,-17.862
source_10,Dest210601-154924,False,9.324,-17.47
source_10,Dest210601-154924,False,10.75,-20.237
source_10,Dest210601-154924,False,2.942,-18.859
source_10,Dest210601-154924,False,2.269,-11.608
source_10,Dest210601-154924,False,0.794,-10.232
source_10,Dest210601-154924,False,2.173,-14.052
source_10,Dest210601-154924,False,-0.46,-15.333
source_10,Dest210601-155059,False,3.679,-16.087
source_10,Dest210601-155059,False,7.305,-17.309
source_10,Dest210601-155059,False,9.324,-19.059
source_10,Dest210601-155059,False,9.095,-16.562
source_10,Dest210601-155059,False,7.549,-14.949
source_10,Dest210601-155059,False,4.854,-14.298
source_10,Dest210601-155059,False,8.469,-20.027
source_10,Dest210601-155059,False,1.781,-14.664
source_10,Dest210601-155234,False,5.326,-16.8
source_10,Dest210601-155234,False,11.205,-17.64
source_10,Dest210601-155234,False,7.568,-16.585
source_10,Dest210601-155234,False,6.88,-13.623
source_10,Dest210601-155234,False,4.533,-13.684
source_10,Dest210601-155234,False,6.044,-16.781
source_10,Dest210601-155234,False,6.697,-20.368
source_10,Dest210601-155234,False,5.794,-16.156
source_10,Dest210601-155410,False,6.908,-17.996
source_10,Dest210601-155410,False,7.492,-14.21
source_10,Dest210601-155410,False,5.465,-9.994
source_10,Dest210601-155410,False,9.625,-19.138
source_10,Dest210601-155410,False,6.02,-17.096
source_10,Dest210601-155410,False,9.355,-20.236
source_10,Dest210601-155410,False,4.508,-19.96
source_10,Dest210601-155410,False,0.613,-16.939
source_10,Dest210601-155546,False,4.573,-18.582
source_10,Dest210601-155546,False,7.833,-19.186
source_10,Dest210601-155546,False,7.315,-19.418
source_10,Dest210601-155546,False,7.701,-17.234
source_10,Dest210601-155546,False,8.372,-17.362
source_10,Dest210601-155546,False,10.956,-20.309
source_10,Dest210601-155546,False,5.059,-14.88
source_10,Dest210601-155546,False,0.378,-15.048
source_10,Dest210601-155722,False,6.298,-17.933
source_10,Dest210601-155722,False,5.741,-20.656
source_10,Dest210601-155722,False,6.436,-21.278
source_10,Dest210601-155722,False,7.421,-19.637
source_10,Dest210601-155722,False,8.183,-22.666
source_10,Dest210601-155722,False,3.836,-16.202
source_10,Dest210601-155722,False,6.225,-16.807
source_10,Dest210601-155722,False,8.583,-20.129
source_10,Dest210601-155859,False,3.271,-16.013
source_10,Dest210601-155859,False,8.103,-25.209
source_10,Dest210601-155859,False,6.243,-21.277
source_10,Dest210601-155859,False,10.248,-20.2
source_10,Dest210601-155859,False,9.792,-19.101
source_10,Dest210601-155859,False,5.715,-19.014
source_10,Dest210601-155859,False,7.624,-17.342
source_10,Dest210601-155859,False,2.845,-21.418
source_10,Dest210607-134443,False,3.621,-16.449
source_10,Dest210607-134443,False,4.518,-19.084
source_10,Dest210607-134443,False,3.701,-17.387
source_10,Dest210607-134443,False,2.331,-15.77
source_10,Dest210607-134443,False,1.985,-15.137
source_10,Dest210607-134443,False,4.154,-16.828
source_10,Dest210607-134443,False,4.218,-15.8
source_10,Dest210607-134443,False,3.996,-15.655
source_10,Dest210607-134618,False,-0.5,-18.26
source_10,Dest210607-134618,False,3.964,-15.812
source_10,Dest210607-134618,False,5.783,-20.466
source_10,Dest210607-134618,False,6.484,-18.356
source_10,Dest210607-134618,False,-1.419,-18.474
source_10,Dest210607-134618,False,1.015,-18.034
source_10,Dest210607-134618,False,2.073,-18.26
source_10,Dest210607-134618,False,0.083,-18.211
source_10,Dest210607-134930,False,7.391,-19.047
source_10,Dest210607-134930,False,5.009,-19.179
source_10,Dest210607-134930,False,5.92,-15.766
source_10,Dest210607-134930,False,5.591,-15.035
source_10,Dest210607-134930,False,4.591,-18.164
source_10,Dest210607-134930,False,-0.302,-17.304
source_10,Dest210607-134930,False,3.214,-16.255
source_10,Dest210607-134930,False,3.388,-17.829
source_10,Dest210607-135106,False,9.278,-22.504
source_10,Dest210607-135106,False,9.053,-22.285
source_10,Dest210607-135106,False,7.129,-20.578
source_10,Dest210607-135106,False,8.551,-17.597
source_10,Dest210607-135106,False,3.755,-19.412
source_10,Dest210607-135106,False,8.202,-21.594
source_10,Dest210607-135106,False,5.859,-22.455
source_10,Dest210607-135106,False,0.491,-18.555
source_10,Dest210607-135241,False,6.072,-20.187
source_10,Dest210607-135241,False,8.914,-19.607
source_10,Dest210607-135241,False,8.037,-18.599
source_10,Dest210607-135241,False,2.379,-15.304
source_10,Dest210607-135241,False,1.557,-12.069
source_10,Dest210607-135241,False,6.623,-17.32
source_10,Dest210607-135241,False,7.549,-18.755
source_10,Dest210607-135241,False,5.832,-19.997
source_10,Dest210607-135426,False,10.402,-23.453
source_10,Dest210607-135426,False,7.642,-23.362
source_10,Dest210607-135426,False,9.407,-21.46
source_10,Dest210607-135426,False,8.072,-19.294
source_10,Dest210607-135426,False,6.837,-16.915
source_10,Dest210607-135426,False,5.58,-22.173
source_10,Dest210607-135426,False,6.831,-21.703
source_10,Dest210607-135426,False,2.71,-21.432
source_10,Dest210607-135749,False,15.891,-25.398
source_10,Dest210607-135749,False,13.286,-23.344
source_10,Dest210607-135749,False,14.547,-20.82
source_10,Dest210607-135749,False,12.875,-22.238
source_10,Dest210607-135749,False,8.826,-16.496
source_10,Dest210607-135749,False,12.783,-25.616
source_10,Dest210607-135749,False,14.149,-24.693
source_10,Dest210607-135749,False,14.229,-29.241
source_10,Dest210607-140103,False,15.041,-23.643
source_10,Dest210607-140103,False,5.098,-14.418
source_10,Dest210607-140103,False,15.249,-18.285
source_10,Dest210607-140103,False,10.241,-17.389
source_10,Dest210607-140103,False,12.581,-19.666
source_10,Dest210607-140103,False,10.583,-20.505
source_10,Dest210607-140103,False,13.617,-20.095
source_10,Dest210607-140103,False,9.694,-17.923
source_10,Dest210607-140241,False,13.446,-20.78
source_10,Dest210607-140241,False,11.912,-20.047
source_10,Dest210607-140241,False,9.982,-17.085
source_10,Dest210607-140241,False,11.301,-16.287
source_10,Dest210607-140241,False,7.705,-12.78
source_10,Dest210607-140241,False,10.488,-17.156
source_10,Dest210607-140241,False,14.273,-21.041
source_10,Dest210607-140241,False,8.822,-16.038
source_10,Dest210607-140420,False,16.438,-20.137
source_10,Dest210607-140420,False,11.286,-16.984
source_10,Dest210607-140420,False,13.497,-17.985
source_10,Dest210607-140420,False,11.027,-16.435
source_10,Dest210607-140420,False,11.766,-20.208
source_10,Dest210607-140420,False,11.843,-19.198
source_10,Dest210607-140420,False,12.151,-18.92
source_10,Dest210607-140420,False,10.717,-20.716
source_10,Dest210607-140601,False,15.659,-22.549
source_10,Dest210607-140601,False,15.233,-22.804
source_10,Dest210607-140601,False,14.608,-21.397
source_10,Dest210607-140601,False,11.522,-19.423
source_10,Dest210607-140601,False,12.765,-18.492
source_10,Dest210607-140601,False,15.809,-18.291
source_10,Dest210607-140601,False,8.222,-20.672
source_10,Dest210607-140601,False,12.834,-20.351
source_10,Dest210608-150932,False,18.629,-28.019
source_10,Dest210608-150932,False,19.699,-26.812
source_10,Dest210608-150932,False,14.051,-22.432
source_10,Dest210608-150932,False,11.209,-19.016
source_10,Dest210608-150932,False,15.024,-20.069
source_10,Dest210608-150932,False,15.244,-22.333
source_10,Dest210608-150932,False,13.234,-20.933
source_10,Dest210608-150932,False,16.279,-25.064
source_10,Dest210608-151108,False,15.6,-27.665
source_10,Dest210608-151108,False,16.211,-26.913
source_10,Dest210608-151108,False,14.351,-21.128
source_10,Dest210608-151108,False,15.005,-25.129
source_10,Dest210608-151108,False,13.805,-23.548
source_10,Dest210608-151108,False,17.467,-28.239
source_10,Dest210608-151108,False,15.509,-25.095
source_10,Dest210608-151108,False,19.258,-22.151
source_10,Dest210608-151243,False,17.633,-26.332
source_10,Dest210608-151243,False,19.482,-25.976
source_10,Dest210608-151243,False,13.811,-21.722
source_10,Dest210608-151243,False,13.835,-22.618
source_10,Dest210608-151243,False,14.307,-25.172
source_10,Dest210608-151243,False,13.066,-24.566
source_10,Dest210608-151243,False,15.065,-26.189
source_10,Dest210608-151243,False,13.353,-23.388
source_10,Dest210608-151418,False,18.321,-26.753
source_10,Dest210608-151418,False,18.774,-27.571
source_10,Dest210608-151418,False,17.306,-25.8
source_10,Dest210608-151418,False,14.896,-23.882
source_10,Dest210608-151418,False,13.375,-22.25
source_10,Dest210608-151418,False,14.598,-24.453
source_10,Dest210608-151418,False,13.831,-24.044
source_10,Dest210608-151418,False,13.039,-24.41
source_10,Dest210608-151554,False,17.451,-27.704
source_10,Dest210608-151554,False,17.499,-24.629
source_10,Dest210608-151554,False,14.746,-24.827
source_10,Dest210608-151554,False,16.053,-23.281
source_10,Dest210608-151554,False,14.043,-22.447
source_10,Dest210608-151554,False,14.108,-23.841
source_10,Dest210608-151554,False,11.467,-21.711
source_10,Dest210608-151554,False,16.72,-25.315
source_10,Dest210608-151729,False,17.828,-26.653
source_10,Dest210608-151729,False,16.309,-24.92
source_10,Dest210608-151729,False,16.558,-24.123
source_10,Dest210608-151729,False,13.606,-22.061
source_10,Dest210608-151729,False,16.367,-25.62
source_10,Dest210608-151729,False,14.322,-24.021
source_10,Dest210608-151729,False,16.687,-26.707
source_10,Dest210608-151729,False,15.476,-26.503
source_10,Dest210608-152434,False,6.938,-19.007
source_10,Dest210608-152434,False,6.104,-19.751
source_10,Dest210608-152434,False,5.063,-13.275
source_10,Dest210608-152434,False,4.6,-16.604
source_10,Dest210608-152434,False,3.326,-13.839
source_10,Dest210608-152434,False,6.887,-17.49
source_10,Dest210608-152434,False,2.726,-16.622
source_10,Dest210608-152434,False,5.512,-16.484
source_10,Dest210608-152610,False,0.929,-14.905
source_10,Dest210608-152610,False,9.177,-20.466
source_10,Dest210608-152610,False,5.972,-15.361
source_10,Dest210608-152610,False,3.477,-13.894
source_10,Dest210608-152610,False,5.729,-15.66
source_10,Dest210608-152610,False,0.909,-11.634
source_10,Dest210608-152610,False,6.023,-18.593
source_10,Dest210608-152610,False,3.713,-13.254
source_10,Dest210608-152745,False,1.803,-18.241
source_10,Dest210608-152745,False,2.084,-15.995
source_10,Dest210608-152745,False,7.711,-18.59
source_10,Dest210608-152745,False,-1.099,-13.669
source_10,Dest210608-152745,False,2.907,-16.626
source_10,Dest210608-152745,False,-0.941,-12.533
source_10,Dest210608-152745,False,-1.906,-12.325
source_10,Dest210608-152745,False,2.603,-16.635
source_10,Dest210608-152921,False,1.31,-13.637
source_10,Dest210608-152921,False,1.777,-13.237
source_10,Dest210608-152921,False,2.012,-15.445
source_10,Dest210608-152921,False,1.723,-15.993
source_10,Dest210608-152921,False,-0.427,-14.326
source_10,Dest210608-152921,False,3.942,-16.795
source_10,Dest210608-152921,False,3.294,-17.669
source_10,Dest210608-152921,False,6.193,-16.795
source_10,Dest210608-153057,False,8.435,-20.266
source_10,Dest210608-153057,False,5.158,-19.555
source_10,Dest210608-153057,False,2.966,-13.591
source_10,Dest210608-153057,False,4.048,-16.063
source_10,Dest210608-153057,False,2.595,-14.445
source_10,Dest210608-153057,False,2.086,-15.144
source_10,Dest210608-153057,False,2.217,-13.872
source_10,Dest210608-153057,False,-1.722,-13.34
source_10,Dest210608-153234,False,3.078,-19.697
source_10,Dest210608-153234,False,6.12,-19.593
source_10,Dest210608-153234,False,3.925,-17.125
source_10,Dest210608-153234,False,4.322,-18.619
source_10,Dest210608-153234,False,3.505,-14.784
source_10,Dest210608-153234,False,1.802,-16.389
source_10,Dest210608-153234,False,1.593,-16.512
source_10,Dest210608-153234,False,0.315,-17.593
source_10,Dest210608-153411,False,8.128,-19.916
source_10,Dest210608-153411,False,6.325,-22.325
source_10,Dest210608-153411,False,3.968,-18.644
source_10,Dest210608-153411,False,4.374,-18.301
source_10,Dest210608-153411,False,2.668,-17.289
source_10,Dest210608-153411,False,1.919,-14.655
source_10,Dest210608-153411,False,-2.972,-12.468
source_10,Dest210608-153411,False,1.796,-19.229
source_10,Dest210614-162933,False,9.846,-20.625
source_10,Dest210614-162933,False,1.352,-15.763
source_10,Dest210614-162933,False,1.289,-10.35
source_10,Dest210614-162933,False,3.796,-12.467
source_10,Dest210614-162933,False,-0.319,-11.19
source_10,Dest210614-162933,False,9.555,-19.197
source_10,Dest210614-162933,False,-2.758,-12.042
source_10,Dest210614-162933,False,8.469,-17.288
source_10,Dest210614-163109,False,-1.314,-9.678
source_10,Dest210614-163109,False,10.301,-18.724
source_10,Dest210614-163109,False,13.594,-16.564
source_10,Dest210614-163109,False,13.425,-18.294
source_10,Dest210614-163109,False,3.546,-15.196
source_10,Dest210614-163109,False,8.164,-17.558
source_10,Dest210614-163109,False,-0.515,-12.951
source_10,Dest210614-163109,False,4.006,-17.94
source_10,Dest210614-163244,False,8.74,-21.206
source_10,Dest210614-163244,False,7.311,-17.845
source_10,Dest210614-163244,False,5.155,-16.008
source_10,Dest210614-163244,False,8.898,-16.354
source_10,Dest210614-163244,False,4.893,-16.838
source_10,Dest210614-163244,False,5.65,-16.291
source_10,Dest210614-163244,False,11.45,-18.181
source_10,Dest210614-163244,False,8.097,-16.637
source_10,Dest210614-163446,False,-4.18,-6.397
source_10,Dest210614-163446,False,1.202,-12.707
source_10,Dest210614-163446,False,9.884,-18.054
source_10,Dest210614-163446,False,5.017,-14.752
source_10,Dest210614-163446,False,12.003,-19.021
source_10,Dest210614-163446,False,2.351,-14.437
source_10,Dest210614-163446,False,12.396,-14.869
source_10,Dest210614-163446,False,10.814,-19.121
source_10,Dest210614-163621,False,12.566,-20.833
source_10,Dest210614-163621,False,6.132,-14.504
source_10,Dest210614-163621,False,14.022,-19.506
source_10,Dest210614-163621,False,13.177,-17.309
source_10,Dest210614-163621,False,2.993,-11.777
source_10,Dest210614-163621,False,12.858,-17.72
source_10,Dest210614-163621,False,6.813,-18.77
source_10,Dest210614-163621,False,3.906,-17.091
source_10,Dest210614-163756,False,6.955,-13.882
source_10,Dest210614-163756,False,8.26,-16.765
source_10,Dest210614-163756,False,6.885,-15.79
source_10,Dest210614-163756,False,13.443,-17.659
source_10,Dest210614-163756,False,14.03,-17.788
source_10,Dest210614-163756,False,13.672,-20.234
source_10,Dest210614-163756,False,5.85,-15.646
source_10,Dest210614-163756,False,14.666,-19.651
source_10,Dest210614-163932,False,10.974,-16.125
source_10,Dest210614-163932,False,7.498,-12.909
source_10,Dest210614-163932,False,8.156,-12.437
source_10,Dest210614-163932,False,8.563,-12.86
source_10,Dest210614-163932,False,8.116,-12.966
source_10,Dest210614-163932,False,9.013,-15.567
source_10,Dest210614-163932,False,19.639,-19.149
source_10,Dest210614-163932,False,5.607,-15.166
source_10,Dest210614-164243,False,3.924,-22.882
source_10,Dest210614-164243,False,15.008,-24.546
source_10,Dest210614-164243,False,0.339,-21.759
source_10,Dest210614-164243,False,15.561,-23.949
source_10,Dest210614-164243,False,12.329,-21.921
source_10,Dest210614-164243,False,5.594,-20.683
source_10,Dest210614-164243,False,8.942,-19.2
source_10,Dest210614-164243,False,4.086,-20.887
source_10,Dest210614-164418,False,8.716,-22.077
source_10,Dest210614-164418,False,17.19,-24.991
source_10,Dest210614-164418,False,9.639,-19.865
source_10,Dest210614-164418,False,13.015,-22.23
source_10,Dest210614-164418,False,4.962,-21.795
source_10,Dest210614-164418,False,14.337,-23.648
source_10,Dest210614-164418,False,9.87,-20.522
source_10,Dest210614-164418,False,7.989,-20.156
source_10,Dest210614-164553,False,1.18,-14.874
source_10,Dest210614-164553,False,11.798,-20.949
source_10,Dest210614-164553,False,4.595,-17.547
source_10,Dest210614-164553,False,6.715,-15.39
source_10,Dest210614-164553,False,3.885,-15.705
source_10,Dest210614-164553,False,12.033,-20.838
source_10,Dest210614-164553,False,3.276,-16.187
source_10,Dest210614-164553,False,3.355,-17.283
source_10,Dest210614-164730,False,-6.834,-1.895
source_10,Dest210614-164730,False,8.561,-16.738
source_10,Dest210614-164730,False,10.54,-15.37
source_10,Dest210614-164730,False,14.82,-23.009
source_10,Dest210614-164730,False,5.243,-16.417
source_10,Dest210614-164730,False,6.752,-18.671
source_10,Dest210614-164730,False,1.746,-16.862
source_10,Dest210614-164730,False,12.369,-20.697
source_10,Dest210614-164906,False,6.347,-20.569
source_10,Dest210614-164906,False,16.647,-21.594
source_10,Dest210614-164906,False,8.746,-18.379
source_10,Dest210614-164906,False,-0.618,-12.154
source_10,Dest210614-164906,False,5.198,-17.954
source_10,Dest210614-164906,False,10.669,-18.523
source_10,Dest210614-164906,False,5.115,-18.936
source_10,Dest210614-164906,False,13.867,-18.086
source_10,Dest210614-165045,False,4.095,-18.11
source_10,Dest210614-165045,False,6.638,-16.882
source_10,Dest210614-165045,False,12.683,-19.677
source_10,Dest210614-165045,False,6.127,-19.524
source_10,Dest210614-165045,False,12.409,-17.342
source_10,Dest210614-165045,False,14.471,-22.043
source_10,Dest210614-165045,False,14.42,-21.763
source_10,Dest210614-165045,False,6.019,-19.062
source_10,Dest210614-165222,False,11.282,-22.204
source_10,Dest210614-165222,False,17.617,-24.641
source_10,Dest210614-165222,False,6.385,-20.389
source_10,Dest210614-165222,False,6.031,-17.962
source_10,Dest210614-165222,False,5.5,-19.802
source_10,Dest210614-165222,False,17.364,-23.812
source_10,Dest210614-165222,False,13.836,-23.044
source_10,Dest210614-165222,False,10.872,-20.177
source_10,Dest210615-151201,False,14.546,-18.278
source_10,Dest210615-151201,False,18.371,-20.959
source_10,Dest210615-151201,False,13.74,-17.747
source_10,Dest210615-151201,False,12.746,-20.018
source_10,Dest210615-151201,False,10.844,-18.572
source_10,Dest210615-151201,False,20.341,-21.72
source_10,Dest210615-151201,False,13.847,-19.257
source_10,Dest210615-151201,False,17.348,-19.045
source_10,Dest210615-151336,False,16.496,-19.369
source_10,Dest210615-151336,False,13.155,-17.23
source_10,Dest210615-151336,False,21.049,-21.152
source_10,Dest210615-151336,False,22.895,-22.82
source_10,Dest210615-151336,False,13.761,-17.894
source_10,Dest210615-151336,False,17.941,-19.975
source_10,Dest210615-151336,False,20.018,-20.557
source_10,Dest210615-151336,False,17.51,-21.118
source_10,Dest210615-151512,False,20.335,-21.008
source_10,Dest210615-151512,False,15.131,-20.889
source_10,Dest210615-151512,False,20.81,-20.626
source_10,Dest210615-151512,False,16.787,-19.643
source_10,Dest210615-151512,False,22.299,-22.932
source_10,Dest210615-151512,False,21.542,-22.101
source_10,Dest210615-151512,False,16.43,-22.924
source_10,Dest210615-151512,False,16.631,-20.982
source_10,Dest210615-152648,False,8.09,-15.351
source_10,Dest210615-152648,False,18.97,-21.118
source_10,Dest210615-152648,False,18.353,-22.648
source_10,Dest210615-152648,False,11.018,-15.228
source_10,Dest210615-152648,False,7.569,-15.445
source_10,Dest210615-152648,False,4.385,-17.609
source_10,Dest210615-152648,False,11.888,-17.152
source_10,Dest210615-152648,False,5.335,-16.538
source_10,Dest210615-153001,False,21.651,-22.226
source_10,Dest210615-153001,False,10.095,-14.497
source_10,Dest210615-153001,False,9.675,-13.406
source_10,Dest210615-153001,False,20.272,-20.632
source_10,Dest210615-153001,False,11.346,-13.015
source_10,Dest210615-153001,False,7.049,-12.047
source_10,Dest210615-153001,False,16.425,-17.506
source_10,Dest210615-153001,False,2.713,-8.876
source_10,Dest210615-153137,False,8.933,-20.578
source_10,Dest210615-153137,False,12.116,-16.593
source_10,Dest210615-153137,False,20.16,-20.342
source_10,Dest210615-153137,False,10.87,-17.836
source_10,Dest210615-153137,False,2.185,-11.069
source_10,Dest210615-153137,False,18.055,-21.264
source_10,Dest210615-153137,False,13.935,-19.145
source_10,Dest210615-153137,False,18.103,-20.224
source_10,Dest210621-132542,False,10.102,-21.573
source_10,Dest210621-132542,False,18.779,-23.762
source_10,Dest210621-132542,False,11.769,-21.089
source_10,Dest210621-132542,False,18.906,-22.503
source_10,Dest210621-132542,False,13.496,-15.781
source_10,Dest210621-132542,False,8.077,-15.324
source_10,Dest210621-132542,False,7.303,-16.071
source_10,Dest210621-132542,False,9.908,-17.462
source_10,Dest210621-132717,False,6.239,-18.08
source_10,Dest210621-132717,False,10.678,-21.926
source_10,Dest210621-132717,False,15.739,-21.802
source_10,Dest210621-132717,False,18.97,-24.435
source_10,Dest210621-132717,False,13.836,-19.604
source_10,Dest210621-132717,False,13.954,-17.724
source_10,Dest210621-132717,False,12.842,-20.454
source_10,Dest210621-132717,False,13.126,-21.717
source_10,Dest210621-132852,False,23.004,-23.678
source_10,Dest210621-132852,False,11.85,-21.186
source_10,Dest210621-132852,False,9.155,-18.282
source_10,Dest210621-132852,False,7.24,-19.831
source_10,Dest210621-132852,False,19.086,-23.643
source_10,Dest210621-132852,False,11.629,-19.539
source_10,Dest210621-132852,False,18.917,-23.227
source_10,Dest210621-132852,False,19.042,-23.098
source_10,Dest210621-133027,False,13.998,-16.169
source_10,Dest210621-133027,False,17.363,-19.867
source_10,Dest210621-133027,False,11.684,-19.299
source_10,Dest210621-133027,False,19.74,-19.702
source_10,Dest210621-133027,False,10.51,-18.115
source_10,Dest210621-133027,False,11.029,-21.312
source_10,Dest210621-133027,False,12.874,-20.826
source_10,Dest210621-133027,False,22.718,-25.102
source_10,Dest210621-133202,False,23.23,-24.797
source_10,Dest210621-133202,False,19.511,-23.962
source_10,Dest210621-133202,False,18.552,-20.323
source_10,Dest210621-133202,False,9.474,-19.075
source_10,Dest210621-133202,False,12.337,-20.098
source_10,Dest210621-133202,False,8.218,-17.724
source_10,Dest210621-133202,False,8.782,-18.72
source_10,Dest210621-133202,False,9.826,-19.309
source_10,Dest210621-133338,False,12.267,-20.483
source_10,Dest210621-133338,False,10.953,-20.205
source_10,Dest210621-133338,False,11.565,-18.787
source_10,Dest210621-133338,False,9.732,-22.069
source_10,Dest210621-133338,False,19.518,-23.186
source_10,Dest210621-133338,False,6.944,-16.077
source_10,Dest210621-133338,False,19.679,-24.407
source_10,Dest210621-133338,False,7.79,-17.049
source_10,Dest210621-133513,False,16.298,-24.019
source_10,Dest210621-133513,False,12.359,-23.861
source_10,Dest210621-133513,False,20.959,-25.034
source_10,Dest210621-133513,False,19.661,-28.143
source_10,Dest210621-133513,False,12.0,-20.447
source_10,Dest210621-133513,False,11.165,-17.18
source_10,Dest210621-133513,False,9.078,-19.758
source_10,Dest210621-133513,False,12.921,-21.773
source_10,Dest210621-134201,False,14.236,-19.067
source_10,Dest210621-134201,False,12.232,-19.069
source_10,Dest210621-134201,False,8.566,-15.952
source_10,Dest210621-134201,False,11.099,-11.902
source_10,Dest210621-134201,False,4.828,-10.592
source_10,Dest210621-134201,False,7.796,-14.2
source_10,Dest210621-134201,False,9.534,-13.834
source_10,Dest210621-134201,False,10.295,-18.393
source_10,Dest210621-134337,False,15.603,-23.233
source_10,Dest210621-134337,False,9.839,-16.433
source_10,Dest210621-134337,False,8.858,-16.539
source_10,Dest210621-134337,False,5.237,-13.709
source_10,Dest210621-134337,False,11.086,-18.005
source_10,Dest210621-134337,False,11.262,-16.866
source_10,Dest210621-134337,False,9.244,-17.092
source_10,Dest210621-134337,False,11.811,-16.794
source_10,Dest210621-134650,False,14.181,-22.128
source_10,Dest210621-134650,False,11.43,-18.403
source_10,Dest210621-134650,False,12.626,-16.982
source_10,Dest210621-134650,False,11.659,-15.194
source_10,Dest210621-134650,False,8.085,-11.733
source_10,Dest210621-134650,False,6.836,-12.813
source_10,Dest210621-134650,False,5.66,-16.384
source_10,Dest210621-134650,False,8.445,-16.857
source_10,Dest210621-134826,False,0.556,-11.918
source_10,Dest210621-134826,False,13.95,-18.968
source_10,Dest210621-134826,False,8.676,-16.456
source_10,Dest210621-134826,False,9.643,-17.384
source_10,Dest210621-134826,False,9.911,-18.817
source_10,Dest210621-134826,False,11.038,-18.212
source_10,Dest210621-134826,False,9.963,-18.683
source_10,Dest210621-134826,False,1.299,-14.679
source_10,Dest210621-135001,False,13.338,-19.496
source_10,Dest210621-135001,False,10.508,-17.555
source_10,Dest210621-135001,False,7.211,-12.341
source_10,Dest210621-135001,False,7.461,-14.335
source_10,Dest210621-135001,False,6.907,-14.067
source_10,Dest210621-135001,False,9.35,-14.984
source_10,Dest210621-135001,False,11.903,-17.232
source_10,Dest210621-135001,False,2.985,-16.417
source_10,Dest210622-142830,False,-0.292,-13.394
source_10,Dest210622-142830,False,2.324,-17.559
source_10,Dest210622-142830,False,3.121,-15.216
source_10,Dest210622-142830,False,3.256,-13.438
source_10,Dest210622-142830,False,1.964,-15.316
source_10,Dest210622-142830,False,4.318,-18.97
source_10,Dest210622-142830,False,2.572,-16.019
source_10,Dest210622-142830,False,6.316,-18.372
source_10,Dest210622-143006,False,6.685,-20.519
source_10,Dest210622-143006,False,4.526,-19.342
source_10,Dest210622-143006,False,5.282,-15.377
source_10,Dest210622-143006,False,2.308,-15.356
source_10,Dest210622-143006,False,4.083,-18.227
source_10,Dest210622-143006,False,4.42,-18.167
source_10,Dest210622-143006,False,5.211,-17.59
source_10,Dest210622-143006,False,3.857,-20.918
source_10,Dest210622-143317,False,9.955,-23.709
source_10,Dest210622-143317,False,8.845,-22.245
source_10,Dest210622-143317,False,4.949,-19.502
source_10,Dest210622-143317,False,1.213,-17.028
source_10,Dest210622-143317,False,7.408,-21.271
source_10,Dest210622-143317,False,5.043,-17.395
source_10,Dest210622-143317,False,7.333,-20.169
source_10,Dest210622-143317,False,8.448,-19.752
source_10,Dest210622-143628,False,0.862,-17.052
source_10,Dest210622-143628,False,9.8,-22.629
source_10,Dest210622-143628,False,9.886,-22.156
source_10,Dest210622-143628,False,6.563,-19.058
source_10,Dest210622-143628,False,6.918,-17.228
source_10,Dest210622-143628,False,7.229,-21.296
source_10,Dest210622-143628,False,3.661,-17.242
source_10,Dest210622-143628,False,4.194,-16.95
source_10,Dest210622-144809,False,7.219,-20.105
source_10,Dest210622-144809,False,10.609,-23.397
source_10,Dest210622-144809,False,12.635,-25.278
source_10,Dest210622-144809,False,11.282,-19.255
source_10,Dest210622-144809,False,14.599,-22.165
source_10,Dest210622-144809,False,11.562,-22.071
source_10,Dest210622-144809,False,12.488,-21.443
source_10,Dest210622-144809,False,7.166,-21.182
source_10,Dest210622-144945,False,6.893,-16.773
source_10,Dest210622-144945,False,16.695,-24.572
source_10,Dest210622-144945,False,10.749,-19.765
source_10,Dest210622-144945,False,7.441,-16.977
source_10,Dest210622-144945,False,3.516,-13.943
source_10,Dest210622-144945,False,11.645,-22.655
source_10,Dest210622-144945,False,12.467,-24.991
source_10,Dest210622-144945,False,9.477,-21.926
source_10,Dest210622-145122,False,2.328,-13.446
source_10,Dest210622-145122,False,14.491,-26.432
source_10,Dest210622-145122,False,11.615,-23.829
source_10,Dest210622-145122,False,8.638,-21.731
source_10,Dest210622-145122,False,8.996,-20.206
source_10,Dest210622-145122,False,12.165,-23.461
source_10,Dest210622-145122,False,14.85,-26.988
source_10,Dest210622-145122,False,13.337,-24.754
source_10,Dest210622-145259,False,1.92,-13.852
source_10,Dest210622-145259,False,11.426,-22.342
source_10,Dest210622-145259,False,11.557,-21.281
source_10,Dest210622-145259,False,12.603,-22.809
source_10,Dest210622-145259,False,13.4,-24.983
source_10,Dest210622-145259,False,7.017,-20.453
source_10,Dest210622-145259,False,9.419,-24.265
source_10,Dest210622-145259,False,11.225,-21.446
source_10,Dest210705-142134,False,9.077,-16.505
source_10,Dest210705-142134,False,5.693,-17.501
source_10,Dest210705-142134,False,5.765,-18.457
source_10,Dest210705-142134,False,6.71,-20.05
source_10,Dest210705-142134,False,7.174,-19.684
source_10,Dest210705-142134,False,5.093,-18.39
source_10,Dest210705-142134,False,9.066,-17.702
source_10,Dest210705-142134,False,7.145,-16.67
source_10,Dest210705-142446,False,10.407,-19.744
source_10,Dest210705-142446,False,10.065,-22.22
source_10,Dest210705-142446,False,9.141,-22.848
source_10,Dest210705-142446,False,10.345,-20.048
source_10,Dest210705-142446,False,5.746,-18.313
source_10,Dest210705-142446,False,9.412,-18.559
source_10,Dest210705-142446,False,6.463,-17.701
source_10,Dest210705-142446,False,11.493,-22.435
source_10,Dest210705-142621,False,16.031,-18.414
source_10,Dest210705-142621,False,12.813,-17.911
source_10,Dest210705-142621,False,8.747,-15.091
source_10,Dest210705-142621,False,14.333,-18.308
source_10,Dest210705-142621,False,15.742,-24.331
source_10,Dest210705-142621,False,12.23,-17.84
source_10,Dest210705-142621,False,13.964,-17.058
source_10,Dest210705-142621,False,11.246,-15.786
source_10,Dest210705-142818,False,10.998,-20.176
source_10,Dest210705-142818,False,8.872,-19.656
source_10,Dest210705-142818,False,11.63,-19.233
source_10,Dest210705-142818,False,9.166,-18.938
source_10,Dest210705-142818,False,13.428,-19.49
source_10,Dest210705-142818,False,8.392,-18.499
source_10,Dest210705-142818,False,4.48,-18.862
source_10,Dest210705-142818,False,9.286,-16.381
source_10,Dest210705-142958,False,13.206,-21.198
source_10,Dest210705-142958,False,9.718,-18.879
source_10,Dest210705-142958,False,10.062,-22.383
source_10,Dest210705-142958,False,7.771,-18.819
source_10,Dest210705-142958,False,7.778,-17.914
source_10,Dest210705-142958,False,9.938,-22.119
source_10,Dest210705-142958,False,10.48,-23.176
source_10,Dest210705-142958,False,8.151,-22.606
source_10,Dest210705-143133,False,11.545,-23.805
source_10,Dest210705-143133,False,7.822,-17.579
source_10,Dest210705-143133,False,13.461,-20.414
source_10,Dest210705-143133,False,12.759,-23.712
source_10,Dest210705-143133,False,13.63,-23.576
source_10,Dest210705-143133,False,8.901,-19.808
source_10,Dest210705-143133,False,3.36,-21.299
source_10,Dest210705-143133,False,3.099,-16.256
source_10,Dest210705-143620,False,7.177,-15.076
source_10,Dest210705-143620,False,14.475,-21.309
source_10,Dest210705-143620,False,3.908,-14.647
source_10,Dest210705-143620,False,6.124,-14.499
source_10,Dest210705-143620,False,9.096,-20.62
source_10,Dest210705-143620,False,11.439,-20.745
source_10,Dest210705-143620,False,9.085,-22.533
source_10,Dest210705-143620,False,7.681,-19.888
source_10,Dest210705-143821,False,13.069,-24.434
source_10,Dest210705-143821,False,13.843,-25.24
source_10,Dest210705-143821,False,10.649,-15.996
source_10,Dest210705-143821,False,10.944,-19.282
source_10,Dest210705-143821,False,7.197,-15.696
source_10,Dest210705-143821,False,7.384,-17.396
source_10,Dest210705-143821,False,14.55,-23.515
source_10,Dest210705-143821,False,10.903,-23.395
source_10,Dest210705-143959,False,11.87,-20.359
source_10,Dest210705-143959,False,9.851,-19.871
source_10,Dest210705-143959,False,6.156,-18.711
source_10,Dest210705-143959,False,8.195,-15.375
source_10,Dest210705-143959,False,10.461,-19.306
source_10,Dest210705-143959,False,4.324,-17.387
source_10,Dest210705-143959,False,7.074,-18.897
source_10,Dest210705-143959,False,4.824,-17.861
source_10,Dest210705-144135,False,7.305,-11.862
source_10,Dest210705-144135,False,16.129,-25.445
source_10,Dest210705-144135,False,14.377,-20.132
source_10,Dest210705-144135,False,16.426,-23.79
source_10,Dest210705-144135,False,12.515,-19.171
source_10,Dest210705-144135,False,9.466,-14.867
source_10,Dest210705-144135,False,9.625,-19.957
source_10,Dest210705-144135,False,9.996,-20.206
source_10,Dest210705-144312,False,12.056,-21.431
source_10,Dest210705-144312,False,14.691,-20.147
source_10,Dest210705-144312,False,11.738,-22.776
source_10,Dest210705-144312,False,5.952,-14.142
source_10,Dest210705-144312,False,8.952,-15.428
source_10,Dest210705-144312,False,10.554,-19.453
source_10,Dest210705-144312,False,11.461,-19.76
source_10,Dest210705-144312,False,13.71,-22.56
source_10,Dest210705-144447,False,10.507,-20.418
source_10,Dest210705-144447,False,9.465,-16.69
source_10,Dest210705-144447,False,10.156,-19.99
source_10,Dest210705-144447,False,9.525,-18.125
source_10,Dest210705-144447,False,11.759,-21.822
source_10,Dest210705-144447,False,6.986,-18.376
source_10,Dest210705-144447,False,7.357,-20.257
source_10,Dest210705-144447,False,12.648,-20.695
source_10,Dest210705-144624,False,10.415,-21.977
source_10,Dest210705-144624,False,12.032,-23.95
source_10,Dest210705-144624,False,9.812,-19.659
source_10,Dest210705-144624,False,10.135,-20.757
source_10,Dest210705-144624,False,7.599,-17.778
source_10,Dest210705-144624,False,10.305,-21.378
source_10,Dest210705-144624,False,11.809,-21.608
source_10,Dest210705-144624,False,6.543,-21.358
source_10,Dest210707-094057,False,8.782,-17.831
source_10,Dest210707-094057,False,8.915,-20.085
source_10,Dest210707-094057,False,3.991,-12.851
source_10,Dest210707-094057,False,7.372,-19.872
source_10,Dest210707-094057,False,5.578,-16.857
source_10,Dest210707-094057,False,7.401,-17.97
source_10,Dest210707-094057,False,8.317,-19.419
source_10,Dest210707-094057,False,8.134,-18.513
source_10,Dest210707-094231,False,11.787,-19.17
source_10,Dest210707-094231,False,10.227,-19.324
source_10,Dest210707-094231,False,10.875,-24.892
source_10,Dest210707-094231,False,8.285,-22.265
source_10,Dest210707-094231,False,9.024,-22.618
source_10,Dest210707-094231,False,4.954,-17.076
source_10,Dest210707-094231,False,9.829,-25.43
source_10,Dest210707-094231,False,7.264,-15.726
source_10,Dest210707-094542,False,13.981,-22.45
source_10,Dest210707-094542,False,10.854,-20.881
source_10,Dest210707-094542,False,8.402,-21.197
source_10,Dest210707-094542,False,9.77,-21.388
source_10,Dest210707-094542,False,8.049,-19.751
source_10,Dest210707-094542,False,6.677,-19.806
source_10,Dest210707-094542,False,6.461,-18.928
source_10,Dest210707-094542,False,7.602,-20.549
source_10,Dest210726-160328,False,12.936,-22.002
source_10,Dest210726-160328,False,10.744,-21.917
source_10,Dest210726-160328,False,10.701,-22.593
source_10,Dest210726-160328,False,8.349,-17.98
source_10,Dest210726-160328,False,8.82,-15.582
source_10,Dest210726-160328,False,9.433,-17.699
source_10,Dest210726-160328,False,8.543,-18.314
source_10,Dest210726-160328,False,9.26,-21.943
source_10,Dest210726-160506,False,12.189,-20.133
source_10,Dest210726-160506,False,8.611,-17.656
source_10,Dest210726-160506,False,6.357,-14.366
source_10,Dest210726-160506,False,6.909,-14.584
source_10,Dest210726-160506,False,7.694,-16.328
source_10,Dest210726-160506,False,5.239,-15.182
source_10,Dest210726-160506,False,8.667,-18.63
source_10,Dest210726-160506,False,9.332,-17.826
source_10,Dest210726-160643,False,12.807,-25.501
source_10,Dest210726-160643,False,8.728,-16.871
source_10,Dest210726-160643,False,10.945,-21.495
source_10,Dest210726-160643,False,8.06,-18.452
source_10,Dest210726-160643,False,10.222,-20.066
source_10,Dest210726-160643,False,11.57,-21.56
source_10,Dest210726-160643,False,10.593,-20.034
source_10,Dest210726-160643,False,11.839,-21.713
source_10,Dest210726-160820,False,11.909,-20.133
source_10,Dest210726-160820,False,11.718,-21.606
source_10,Dest210726-160820,False,8.189,-18.549
source_10,Dest210726-160820,False,10.961,-18.631
source_10,Dest210726-160820,False,7.603,-17.426
source_10,Dest210726-160820,False,9.318,-19.39
source_10,Dest210726-160820,False,10.23,-21.873
source_10,Dest210726-160820,False,6.726,-19.84
source_10,Dest210726-160957,False,10.575,-20.077
source_10,Dest210726-160957,False,11.98,-23.504
source_10,Dest210726-160957,False,13.196,-24.253
source_10,Dest210726-160957,False,11.005,-21.636
source_10,Dest210726-160957,False,9.964,-18.895
source_10,Dest210726-160957,False,9.774,-22.146
source_10,Dest210726-160957,False,9.711,-19.553
source_10,Dest210726-160957,False,10.466,-20.439
source_10,Dest210726-161133,False,12.535,-23.715
source_10,Dest210726-161133,False,9.077,-19.04
source_10,Dest210726-161133,False,9.199,-16.131
source_10,Dest210726-161133,False,9.837,-20.219
source_10,Dest210726-161133,False,9.233,-18.718
source_10,Dest210726-161133,False,13.013,-24.537
source_10,Dest210726-161133,False,13.189,-25.271
source_10,Dest210726-161133,False,10.465,-22.786
source_10,Dest210726-161447,False,11.849,-25.626
source_10,Dest210726-161447,False,9.057,-20.579
source_10,Dest210726-161447,False,11.327,-20.086
source_10,Dest210726-161447,False,6.278,-16.97
source_10,Dest210726-161447,False,6.932,-17.247
source_10,Dest210726-161447,False,11.023,-22.661
source_10,Dest210726-161447,False,11.789,-22.701
source_10,Dest210726-161447,False,11.56,-25.114
source_10,Dest210726-161624,False,15.999,-26.552
source_10,Dest210726-161624,False,14.431,-28.396
source_10,Dest210726-161624,False,11.761,-22.143
source_10,Dest210726-161624,False,9.366,-21.169
source_10,Dest210726-161624,False,8.604,-23.373
source_10,Dest210726-161624,False,9.415,-17.912
source_10,Dest210726-161624,False,10.208,-21.814
source_10,Dest210726-161624,False,11.63,-22.198
source_10,Dest210726-161801,False,9.443,-18.358
source_10,Dest210726-161801,False,9.22,-20.188
source_10,Dest210726-161801,False,7.242,-17.519
source_10,Dest210726-161801,False,9.285,-20.106
source_10,Dest210726-161801,False,6.527,-16.811
source_10,Dest210726-161801,False,4.128,-14.511
source_10,Dest210726-161801,False,7.828,-19.307
source_10,Dest210726-161801,False,0.457,-13.982
source_10,Dest210726-162012,False,10.403,-20.767
source_10,Dest210726-162012,False,8.153,-17.353
source_10,Dest210726-162012,False,6.816,-16.199
source_10,Dest210726-162012,False,2.235,-13.535
source_10,Dest210726-162012,False,3.449,-11.889
source_10,Dest210726-162012,False,5.161,-11.737
source_10,Dest210726-162012,False,5.162,-18.577
source_10,Dest210726-162012,False,5.141,-17.4
source_10,Dest210726-162150,False,12.49,-20.367
source_10,Dest210726-162150,False,10.581,-20.958
source_10,Dest210726-162150,False,7.592,-17.956
source_10,Dest210726-162150,False,4.224,-14.395
source_10,Dest210726-162150,False,8.504,-19.796
source_10,Dest210726-162150,False,9.541,-21.012
source_10,Dest210726-162150,False,7.303,-17.295
source_10,Dest210726-162150,False,6.653,-16.819
source_10,Dest210726-162329,False,11.599,-20.158
source_10,Dest210726-162329,False,10.422,-20.617
source_10,Dest210726-162329,False,5.991,-17.211
source_10,Dest210726-162329,False,4.508,-14.171
source_10,Dest210726-162329,False,7.923,-20.2
source_10,Dest210726-162329,False,9.971,-20.604
source_10,Dest210726-162329,False,10.18,-21.874
source_10,Dest210726-162329,False,7.212,-18.494
source_10,Dest210726-162828,False,10.515,-21.142
source_10,Dest210726-162828,False,13.872,-19.773
source_10,Dest210726-162828,False,6.429,-15.922
source_10,Dest210726-162828,False,10.583,-19.565
source_10,Dest210726-162828,False,10.648,-22.341
source_10,Dest210726-162828,False,10.807,-21.566
source_10,Dest210726-162828,False,12.448,-23.395
source_10,Dest210726-162828,False,10.781,-21.501
source_10,Dest210726-163005,False,15.33,-25.05
source_10,Dest210726-163005,False,12.199,-24.057
source_10,Dest210726-163005,False,10.224,-21.243
source_10,Dest210726-163005,False,14.125,-20.265
source_10,Dest210726-163005,False,9.22,-18.193
source_10,Dest210726-163005,False,11.906,-21.757
source_10,Dest210726-163005,False,11.789,-23.056
source_10,Dest210726-163005,False,14.557,-23.005
source_10,Dest210726-163143,False,15.216,-27.165
source_10,Dest210726-163143,False,13.558,-24.692
source_10,Dest210726-163143,False,9.869,-21.512
source_10,Dest210726-163143,False,12.372,-23.033
source_10,Dest210726-163143,False,9.231,-19.033
source_10,Dest210726-163143,False,12.049,-22.34
source_10,Dest210726-163143,False,10.748,-22.982
source_10,Dest210726-163143,False,10.67,-23.454
source_10,Dest210726-163321,False,16.251,-29.803
source_10,Dest210726-163321,False,13.136,-23.404
source_10,Dest210726-163321,False,11.878,-20.123
source_10,Dest210726-163321,False,10.266,-22.191
source_10,Dest210726-163321,False,10.224,-24.411
source_10,Dest210726-163321,False,13.319,-22.6
source_10,Dest210726-163321,False,14.205,-27.641
source_10,Dest210726-163321,False,7.608,-23.98
source_10,Dest210726-163500,False,7.078,-22.651
source_10,Dest210726-163500,False,10.141,-20.208
source_10,Dest210726-163500,False,9.419,-19.134
source_10,Dest210726-163500,False,11.222,-21.845
source_10,Dest210726-163500,False,10.006,-18.57
source_10,Dest210726-163500,False,9.951,-18.957
source_10,Dest210726-163500,False,9.914,-21.369
source_10,Dest210726-163500,False,11.466,-22.281
source_10,Dest210727-153138,False,10.674,-19.96
source_10,Dest210727-153138,False,6.828,-15.975
source_10,Dest210727-153138,False,6.021,-15.942
source_10,Dest210727-153138,False,8.935,-18.735
source_10,Dest210727-153138,False,12.348,-20.643
source_10,Dest210727-153138,False,8.856,-22.122
source_10,Dest210727-153138,False,9.305,-21.733
source_10,Dest210727-153138,False,6.374,-17.62
source_10,Dest210727-153313,False,12.957,-23.665
source_10,Dest210727-153313,False,14.365,-19.886
source_10,Dest210727-153313,False,10.492,-20.631
source_10,Dest210727-153313,False,9.967,-21.501
source_10,Dest210727-153313,False,11.594,-18.307
source_10,Dest210727-153313,False,5.962,-19.042
source_10,Dest210727-153313,False,9.372,-20.075
source_10,Dest210727-153313,False,10.345,-21.087
source_10,Dest210727-153448,False,10.018,-20.27
source_10,Dest210727-153448,False,12.338,-24.287
source_10,Dest210727-153448,False,13.928,-23.718
source_10,Dest210727-153448,False,9.704,-20.117
source_10,Dest210727-153448,False,9.977,-23.305
source_10,Dest210727-153448,False,11.544,-22.132
source_10,Dest210727-153448,False,12.978,-22.695
source_10,Dest210727-153448,False,9.023,-20.178
source_10,Dest210727-153623,False,8.986,-20.347
source_10,Dest210727-153623,False,11.213,-21.97
source_10,Dest210727-153623,False,10.166,-20.658
source_10,Dest210727-153623,False,6.605,-16.735
source_10,Dest210727-153623,False,7.793,-17.687
source_10,Dest210727-153623,False,9.185,-18.142
source_10,Dest210727-153623,False,10.753,-22.288
source_10,Dest210727-153623,False,8.635,-23.077
source_10,Dest210727-153944,False,17.712,-26.942
source_10,Dest210727-153944,False,10.842,-22.551
source_10,Dest210727-153944,False,15.399,-23.358
source_10,Dest210727-153944,False,16.454,-23.275
source_10,Dest210727-153944,False,13.052,-22.803
source_10,Dest210727-153944,False,16.418,-26.472
source_10,Dest210727-153944,False,9.85,-22.816
source_10,Dest210727-153944,False,13.359,-24.14
source_10,Dest210727-154118,False,18.958,-28.363
source_10,Dest210727-154118,False,15.763,-25.631
source_10,Dest210727-154118,False,16.062,-23.372
source_10,Dest210727-154118,False,12.862,-23.18
source_10,Dest210727-154118,False,11.936,-19.729
source_10,Dest210727-154118,False,15.211,-25.922
source_10,Dest210727-154118,False,15.011,-26.878
source_10,Dest210727-154118,False,10.345,-21.687
source_10,Dest210727-154253,False,17.134,-24.957
source_10,Dest210727-154253,False,11.87,-21.825
source_10,Dest210727-154253,False,11.758,-23.533
source_10,Dest210727-154253,False,14.941,-23.326
source_10,Dest210727-154253,False,15.841,-24.086
source_10,Dest210727-154253,False,10.03,-22.014
source_10,Dest210727-154253,False,15.512,-27.646
source_10,Dest210727-154253,False,5.467,-20.327
source_10,Dest210727-154427,False,13.198,-26.536
source_10,Dest210727-154427,False,9.611,-22.992
source_10,Dest210727-154427,False,12.294,-23.877
source_10,Dest210727-154427,False,13.591,-25.964
source_10,Dest210727-154427,False,16.481,-23.194
source_10,Dest210727-154427,False,12.342,-22.845
source_10,Dest210727-154427,False,12.095,-24.914
source_10,Dest210727-154427,False,12.08,-23.155
source_10,Dest210727-154746,False,0.128,-17.827
source_10,Dest210727-154746,False,1.403,-15.955
source_10,Dest210727-154746,False,2.859,-15.479
source_10,Dest210727-154746,False,-0.487,-16.805
source_10,Dest210727-154746,False,0.736,-11.397
source_10,Dest210727-154746,False,5.17,-18.165
source_10,Dest210727-154746,False,0.841,-18.041
source_10,Dest210727-154746,False,2.451,-17.206
source_10,Dest210727-155549,False,3.981,-18.252
source_10,Dest210727-155549,False,3.929,-21.365
source_10,Dest210727-155549,False,0.884,-16.558
source_10,Dest210727-155549,False,-2.394,-14.749
source_10,Dest210727-155549,False,2.777,-19.79
source_10,Dest210727-155549,False,4.84,-20.797
source_10,Dest210727-155549,False,6.943,-20.268
source_10,Dest210727-155549,False,-0.621,-17.788
source_10,Dest210727-155725,False,0.62,-18.398
source_10,Dest210727-155725,False,1.487,-17.869
source_10,Dest210727-155725,False,2.738,-16.657
source_10,Dest210727-155725,False,4.934,-17.812
source_10,Dest210727-155725,False,4.938,-19.257
source_10,Dest210727-155725,False,5.858,-18.392
source_10,Dest210727-155725,False,7.015,-21.612
source_10,Dest210727-155725,False,1.723,-19.003
source_10,Dest210727-155901,False,3.474,-20.811
source_10,Dest210727-155901,False,7.127,-20.942
source_10,Dest210727-155901,False,2.183,-17.997
source_10,Dest210727-155901,False,5.476,-18.952
source_10,Dest210727-155901,False,5.669,-17.786
source_10,Dest210727-155901,False,4.588,-20.237
source_10,Dest210727-155901,False,2.437,-18.986
source_10,Dest210727-155901,False,-0.241,-18.556
source_10,Dest210727-160037,False,0.951,-15.255
source_10,Dest210727-160037,False,9.374,-25.247
source_10,Dest210727-160037,False,2.051,-17.485
source_10,Dest210727-160037,False,12.049,-26.427
source_10,Dest210727-160037,False,9.555,-23.561
source_10,Dest210727-160037,False,9.115,-24.272
source_10,Dest210727-160037,False,2.331,-20.074
source_10,Dest210727-160037,False,0.881,-19.742
source_10,Dest210803-154133,False,12.35,-19.81
source_10,Dest210803-154133,False,4.08,-15.825
source_10,Dest210803-154133,False,3.754,-15.5
source_10,Dest210803-154133,False,8.475,-14.958
source_10,Dest210803-154133,False,9.475,-12.415
source_10,Dest210803-154133,False,5.53,-10.775
source_10,Dest210803-154133,False,6.617,-15.48
source_10,Dest210803-154133,False,8.608,-17.501
source_10,Dest210803-154309,False,4.847,-13.609
source_10,Dest210803-154309,False,9.924,-20.108
source_10,Dest210803-154309,False,5.169,-16.002
source_10,Dest210803-154309,False,10.006,-16.949
source_10,Dest210803-154309,False,5.15,-13.069
source_10,Dest210803-154309,False,4.241,-12.121
source_10,Dest210803-154309,False,3.685,-10.22
source_10,Dest210803-154309,False,3.132,-14.263
source_10,Dest210803-154444,False,6.908,-15.161
source_10,Dest210803-154444,False,11.996,-17.511
source_10,Dest210803-154444,False,9.863,-12.121
source_10,Dest210803-154444,False,7.329,-11.941
source_10,Dest210803-154444,False,9.132,-16.384
source_10,Dest210803-154444,False,3.064,-12.809
source_10,Dest210803-154444,False,9.17,-16.332
source_10,Dest210803-154444,False,8.985,-16.935
source_10,Dest210803-154619,False,12.569,-18.304
source_10,Dest210803-154619,False,14.666,-17.038
source_10,Dest210803-154619,False,12.935,-16.873
source_10,Dest210803-154619,False,1.555,-9.006
source_10,Dest210803-154619,False,10.001,-11.134
source_10,Dest210803-154619,False,11.188,-14.528
source_10,Dest210803-154619,False,4.833,-13.623
source_10,Dest210803-154619,False,10.418,-14.822
source_10,Dest210803-154754,False,2.641,-15.152
source_10,Dest210803-154754,False,6.798,-15.219
source_10,Dest210803-154754,False,9.738,-19.752
source_10,Dest210803-154754,False,6.869,-9.211
source_10,Dest210803-154754,False,3.886,-12.786
source_10,Dest210803-154754,False,6.133,-12.887
source_10,Dest210803-154754,False,7.369,-14.113
source_10,Dest210803-154754,False,6.769,-17.454
source_10,Dest210803-154929,False,7.654,-17.122
source_10,Dest210803-154929,False,6.288,-13.481
source_10,Dest210803-154929,False,4.058,-9.388
source_10,Dest210803-154929,False,9.206,-13.096
source_10,Dest210803-154929,False,7.349,-13.12
source_10,Dest210803-154929,False,7.388,-13.456
source_10,Dest210803-154929,False,9.204,-17.698
source_10,Dest210803-154929,False,5.347,-15.016
source_10,Dest210803-155239,False,14.031,-21.623
source_10,Dest210803-155239,False,4.767,-16.621
source_10,Dest210803-155239,False,8.555,-11.791
source_10,Dest210803-155239,False,4.009,-13.638
source_10,Dest210803-155239,False,7.904,-12.99
source_10,Dest210803-155239,False,7.34,-15.941
source_10,Dest210803-155239,False,3.724,-15.43
source_10,Dest210803-155239,False,4.63,-16.282
source_10,Dest210803-155415,False,4.511,-18.502
source_10,Dest210803-155415,False,12.201,-16.127
source_10,Dest210803-155415,False,4.43,-14.396
source_10,Dest210803-155415,False,5.418,-13.886
source_10,Dest210803-155415,False,9.128,-14.979
source_10,Dest210803-155415,False,11.381,-13.075
source_10,Dest210803-155415,False,5.047,-15.127
source_10,Dest210803-155415,False,6.879,-13.784
source_10,Dest210803-155551,False,5.43,-7.302
source_10,Dest210803-155551,False,8.415,-13.154
source_10,Dest210803-155551,False,14.991,-18.45
source_10,Dest210803-155551,False,11.668,-12.211
source_10,Dest210803-155551,False,10.243,-10.52
source_10,Dest210803-155551,False,11.428,-12.677
source_10,Dest210803-155551,False,7.575,-11.639
source_10,Dest210803-155551,False,13.322,-14.795
source_10,Dest210803-155726,False,13.65,-18.111
source_10,Dest210803-155726,False,14.47,-17.298
source_10,Dest210803-155726,False,12.271,-13.469
source_10,Dest210803-155726,False,10.282,-12.288
source_10,Dest210803-155726,False,11.406,-11.473
source_10,Dest210803-155726,False,8.325,-10.509
source_10,Dest210803-155726,False,8.18,-10.993
source_10,Dest210803-155726,False,8.01,-11.47
source_10,Dest210803-160041,False,13.654,-14.956
source_10,Dest210803-160041,False,16.17,-15.577
source_10,Dest210803-160041,False,15.522,-14.399
source_10,Dest210803-160041,False,13.76,-12.095
source_10,Dest210803-160041,False,12.637,-12.748
source_10,Dest210803-160041,False,7.834,-12.496
source_10,Dest210803-160041,False,11.958,-14.024
source_10,Dest210803-160041,False,9.234,-13.699
source_10,Dest210803-160217,False,11.455,-13.175
source_10,Dest210803-160217,False,9.255,-9.684
source_10,Dest210803-160217,False,11.507,-11.927
source_10,Dest210803-160217,False,7.546,-10.808
source_10,Dest210803-160217,False,9.843,-12.329
source_10,Dest210803-160217,False,14.337,-14.457
source_10,Dest210803-160217,False,7.668,-13.176
source_10,Dest210803-160217,False,6.466,-12.489
source_10,Dest210803-160527,False,11.353,-16.227
source_10,Dest210803-160527,False,5.92,-12.888
source_10,Dest210803-160527,False,8.703,-11.535
source_10,Dest210803-160527,False,6.92,-10.32
source_10,Dest210803-160527,False,8.029,-15.892
source_10,Dest210803-160527,False,12.198,-14.585
source_10,Dest210803-160527,False,9.391,-14.408
source_10,Dest210803-160527,False,6.764,-15.483
source_10,Dest210803-160702,False,15.128,-16.196
source_10,Dest210803-160702,False,6.462,-8.091
source_10,Dest210803-160702,False,14.313,-14.213
source_10,Dest210803-160702,False,16.317,-16.176
source_10,Dest210803-160702,False,9.306,-9.403
source_10,Dest210803-160702,False,14.499,-15.982
source_10,Dest210803-160702,False,11.62,-16.081
source_10,Dest210803-160702,False,0.496,-8.74
source_10,Dest210803-160838,False,18.991,-19.824
source_10,Dest210803-160838,False,9.686,-14.895
source_10,Dest210803-160838,False,14.332,-13.62
source_10,Dest210803-160838,False,8.423,-11.278
source_10,Dest210803-160838,False,11.34,-13.179
source_10,Dest210803-160838,False,6.774,-11.894
source_10,Dest210803-160838,False,5.19,-10.047
source_10,Dest210803-160838,False,10.388,-15.228
source_10,Dest210803-161150,False,18.258,-20.223
source_10,Dest210803-161150,False,12.612,-17.057
source_10,Dest210803-161150,False,7.555,-10.628
source_10,Dest210803-161150,False,9.909,-13.949
source_10,Dest210803-161150,False,15.041,-17.599
source_10,Dest210803-161150,False,6.966,-12.564
source_10,Dest210803-161150,False,14.653,-17.364
source_10,Dest210803-161150,False,10.304,-14.187
source_10,Dest210809-134710,False,-1.64,-10.415
source_10,Dest210809-134710,False,4.463,-11.797
source_10,Dest210809-134710,False,5.677,-13.305
source_10,Dest210809-134710,False,6.661,-15.921
source_10,Dest210809-134710,False,0.622,-10.659
source_10,Dest210809-134710,False,7.282,-16.086
source_10,Dest210809-134710,False,1.591,-13.14
source_10,Dest210809-134710,False,-3.837,-11.227
source_10,Dest210809-134845,False,2.243,-14.442
source_10,Dest210809-134845,False,6.023,-16.483
source_10,Dest210809-134845,False,-0.285,-13.083
source_10,Dest210809-134845,False,5.225,-11.754
source_10,Dest210809-134845,False,-2.202,-9.517
source_10,Dest210809-134845,False,0.844,-14.295
source_10,Dest210809-134845,False,-1.581,-12.716
source_10,Dest210809-134845,False,1.64,-14.29
source_10,Dest210809-135020,False,1.213,-14.661
source_10,Dest210809-135020,False,2.509,-16.009
source_10,Dest210809-135020,False,2.123,-12.399
source_10,Dest210809-135020,False,1.95,-12.722
source_10,Dest210809-135020,False,7.637,-15.403
source_10,Dest210809-135020,False,2.455,-13.464
source_10,Dest210809-135020,False,4.678,-15.456
source_10,Dest210809-135020,False,3.188,-14.812
source_10,Dest210809-135156,False,-4.599,-10.418
source_10,Dest210809-135156,False,10.932,-18.342
source_10,Dest210809-135156,False,4.916,-14.889
source_10,Dest210809-135156,False,2.523,-13.977
source_10,Dest210809-135156,False,-0.163,-15.098
source_10,Dest210809-135156,False,-6.94,-9.896
source_10,Dest210809-135156,False,7.954,-16.779
source_10,Dest210809-135156,False,0.209,-13.934
source_10,Dest210809-135330,False,8.577,-19.26
source_10,Dest210809-135330,False,4.555,-13.469
source_10,Dest210809-135330,False,1.223,-10.732
source_10,Dest210809-135330,False,0.439,-12.089
source_10,Dest210809-135330,False,4.658,-14.351
source_10,Dest210809-135330,False,6.823,-15.447
source_10,Dest210809-135330,False,7.091,-17.039
source_10,Dest210809-135330,False,-3.215,-10.316
source_10,Dest210809-135505,False,7.001,-14.834
source_10,Dest210809-135505,False,4.763,-12.893
source_10,Dest210809-135505,False,4.649,-13.356
source_10,Dest210809-135505,False,-0.994,-14.381
source_10,Dest210809-135505,False,2.119,-15.874
source_10,Dest210809-135505,False,9.199,-18.544
source_10,Dest210809-135505,False,9.465,-20.125
source_10,Dest210809-135505,False,-7.826,-7.479
source_10,Dest210809-135646,False,9.413,-18.378
source_10,Dest210809-135646,False,4.265,-13.084
source_10,Dest210809-135646,False,4.656,-13.098
source_10,Dest210809-135646,False,3.664,-16.64
source_10,Dest210809-135646,False,5.689,-15.634
source_10,Dest210809-135646,False,1.177,-17.454
source_10,Dest210809-135646,False,6.418,-17.837
source_10,Dest210809-135646,False,2.515,-17.29
source_10,Dest210809-135821,False,5.687,-18.944
source_10,Dest210809-135821,False,7.428,-17.919
source_10,Dest210809-135821,False,2.169,-13.673
source_10,Dest210809-135821,False,2.506,-14.017
source_10,Dest210809-135821,False,5.294,-16.435
source_10,Dest210809-135821,False,4.965,-15.778
source_10,Dest210809-135821,False,-1.488,-13.055
source_10,Dest210809-135821,False,-2.826,-10.386
source_10,Dest210809-135957,False,4.665,-18.092
source_10,Dest210809-135957,False,9.621,-18.081
source_10,Dest210809-135957,False,4.605,-15.679
source_10,Dest210809-135957,False,3.024,-11.717
source_10,Dest210809-135957,False,0.582,-14.559
source_10,Dest210809-135957,False,8.69,-19.928
source_10,Dest210809-135957,False,3.317,-15.339
source_10,Dest210809-135957,False,-6.623,-12.372
source_10,Dest210809-140131,False,-0.171,-14.296
source_10,Dest210809-140131,False,-0.047,-9.797
source_10,Dest210809-140131,False,-3.617,-5.656
source_10,Dest210809-140131,False,-2.527,-9.172
source_10,Dest210809-140131,False,9.227,-19.133
source_10,Dest210809-140131,False,9.378,-20.154
source_10,Dest210809-140131,False,-3.07,-12.108
source_10,Dest210809-140131,False,-3.11,-11.552
source_10,Dest210809-140308,False,6.117,-18.197
source_10,Dest210809-140308,False,0.836,-14.961
source_10,Dest210809-140308,False,1.123,-12.558
source_10,Dest210809-140308,False,5.038,-13.458
source_10,Dest210809-140308,False,3.105,-11.516
source_10,Dest210809-140308,False,-2.173,-5.245
source_10,Dest210809-140308,False,2.928,-13.501
source_10,Dest210809-140308,False,0.7,-15.991
source_10,Dest210809-140929,False,1.211,-11.976
source_10,Dest210809-140929,False,7.562,-16.845
source_10,Dest210809-140929,False,4.248,-11.726
source_10,Dest210809-140929,False,1.437,-11.883
source_10,Dest210809-140929,False,-0.114,-12.329
source_10,Dest210809-140929,False,10.353,-19.906
source_10,Dest210809-140929,False,-0.117,-15.24
source_10,Dest210809-140929,False,4.361,-15.029
source_10,Dest210809-141104,False,12.571,-21.695
source_10,Dest210809-141104,False,9.299,-13.927
source_10,Dest210809-141104,False,-3.311,-8.146
source_10,Dest210809-141104,False,2.838,-14.183
source_10,Dest210809-141104,False,2.182,-15.546
source_10,Dest210809-141104,False,10.999,-20.345
source_10,Dest210809-141104,False,3.401,-16.078
source_10,Dest210809-141104,False,-3.601,-12.32
source_10,Dest210809-141456,False,3.426,-13.034
source_10,Dest210809-141456,False,5.372,-18.859
source_10,Dest210809-141456,False,8.906,-15.911
source_10,Dest210809-141456,False,3.528,-15.263
source_10,Dest210809-141456,False,2.385,-13.581
source_10,Dest210809-141456,False,-0.852,-11.862
source_10,Dest210809-141456,False,0.529,-13.447
source_10,Dest210809-141456,False,11.026,-19.407
source_10,Dest210809-141632,False,11.861,-19.421
source_10,Dest210809-141632,False,3.648,-17.385
source_10,Dest210809-141632,False,11.124,-19.996
source_10,Dest210809-141632,False,10.667,-18.779
source_10,Dest210809-141632,False,11.801,-18.349
source_10,Dest210809-141632,False,2.229,-17.745
source_10,Dest210809-141632,False,-1.847,-15.541
source_10,Dest210809-141632,False,1.221,-13.839
source_10,Dest210809-141809,False,7.249,-16.723
source_10,Dest210809-141809,False,5.928,-15.438
source_10,Dest210809-141809,False,6.468,-15.364
source_10,Dest210809-141809,False,1.438,-12.826
source_10,Dest210809-141809,False,7.298,-14.158
source_10,Dest210809-141809,False,3.889,-11.796
source_10,Dest210809-141809,False,11.451,-15.461
source_10,Dest210809-141809,False,11.024,-18.24
source_10,Dest210810-173859,False,13.792,-16.638
source_10,Dest210810-173859,False,3.854,-11.299
source_10,Dest210810-173859,False,10.752,-16.085
source_10,Dest210810-173859,False,5.345,-10.863
source_10,Dest210810-173859,False,8.513,-15.109
source_10,Dest210810-173859,False,10.703,-15.484
source_10,Dest210810-173859,False,7.428,-14.896
source_10,Dest210810-173859,False,10.47,-16.576
source_10,Dest210810-174829,False,-2.638,-5.894
source_10,Dest210810-174829,False,3.696,-12.716
source_10,Dest210810-174829,False,5.622,-10.292
source_10,Dest210810-174829,False,6.217,-10.475
source_10,Dest210810-174829,False,5.361,-6.88
source_10,Dest210810-174829,False,6.831,-8.809
source_10,Dest210810-174829,False,8.465,-13.522
source_10,Dest210810-174829,False,8.769,-11.039
source_10,Dest210810-175009,False,11.349,-17.513
source_10,Dest210810-175009,False,16.567,-18.855
source_10,Dest210810-175009,False,11.041,-18.883
source_10,Dest210810-175009,False,9.871,-16.002
source_10,Dest210810-175009,False,9.419,-16.535
source_10,Dest210810-175009,False,10.034,-16.161
source_10,Dest210810-175009,False,9.887,-14.614
source_10,Dest210810-175009,False,7.332,-12.746
source_10,Dest210810-175151,False,9.728,-17.156
source_10,Dest210810-175151,False,7.938,-14.485
source_10,Dest210810-175151,False,11.784,-17.35
source_10,Dest210810-175151,False,5.684,-13.861
source_10,Dest210810-175151,False,3.763,-11.465
source_10,Dest210810-175151,False,10.548,-16.481
source_10,Dest210810-175151,False,9.308,-14.333
source_10,Dest210810-175151,False,12.543,-17.801
source_10,Dest210810-175644,False,4.01,-14.829
source_10,Dest210810-175644,False,0.696,-15.162
source_10,Dest210810-175644,False,1.259,-13.505
source_10,Dest210810-175644,False,-8.088,-9.006
source_10,Dest210810-175644,False,4.087,-16.33
source_10,Dest210810-175644,False,0.361,-12.269
source_10,Dest210810-175644,False,3.237,-14.249
source_10,Dest210810-175644,False,1.192,-14.627
source_10,Dest210810-175828,False,-0.816,-13.077
source_10,Dest210810-175828,False,0.574,-13.079
source_10,Dest210810-175828,False,-3.101,-9.353
source_10,Dest210810-175828,False,-1.157,-11.459
source_10,Dest210810-175828,False,0.018,-13.66
source_10,Dest210810-175828,False,-2.228,-13.809
source_10,Dest210810-175828,False,2.395,-16.742
source_10,Dest210810-175828,False,-1.932,-11.245
source_10,Dest210810-180004,False,0.864,-10.687
source_10,Dest210810-180004,False,2.678,-13.328
source_10,Dest210810-180004,False,4.887,-17.556
source_10,Dest210810-180004,False,-2.033,-13.559
source_10,Dest210810-180004,False,2.754,-15.021
source_10,Dest210810-180004,False,0.713,-15.172
source_10,Dest210810-180004,False,-2.802,-11.289
source_10,Dest210810-180004,False,1.477,-12.639
source_10,Dest210810-180316,False,5.5,-18.068
source_10,Dest210810-180316,False,4.552,-16.969
source_10,Dest210810-180316,False,0.667,-11.236
source_10,Dest210810-180316,False,0.28,-12.214
source_10,Dest210810-180316,False,2.623,-11.253
source_10,Dest210810-180316,False,3.578,-14.756
source_10,Dest210810-180316,False,-0.593,-12.209
source_10,Dest210810-180316,False,3.254,-14.756
source_10,Dest210823-172626,False,5.846,-11.781
source_10,Dest210823-172626,False,1.41,-7.874
source_10,Dest210823-172626,False,2.083,-7.442
source_10,Dest210823-172626,False,0.783,-7.282
source_10,Dest210823-172626,False,2.376,-7.55
source_10,Dest210823-172626,False,4.051,-9.129
source_10,Dest210823-172626,False,-1.841,-5.059
source_10,Dest210823-172626,False,0.756,-9.122
source_10,Dest210823-172805,False,3.55,-7.481
source_10,Dest210823-172805,False,-0.327,-5.406
source_10,Dest210823-172805,False,-0.461,-4.576
source_10,Dest210823-172805,False,-0.106,-6.525
source_10,Dest210823-172805,False,3.208,-10.845
source_10,Dest210823-172805,False,-0.911,-6.887
source_10,Dest210823-172805,False,1.997,-8.97
source_10,Dest210823-172805,False,-0.119,-8.784
source_10,Dest210823-172940,False,1.682,-9.259
source_10,Dest210823-172940,False,2.794,-6.833
source_10,Dest210823-172940,False,7.175,-10.924
source_10,Dest210823-172940,False,2.454,-9.212
source_10,Dest210823-172940,False,2.158,-6.719
source_10,Dest210823-172940,False,3.19,-11.954
source_10,Dest210823-172940,False,3.129,-9.425
source_10,Dest210823-172940,False,3.659,-11.759
source_10,Dest210823-173115,False,2.334,-10.932
source_10,Dest210823-173115,False,2.596,-10.88
source_10,Dest210823-173115,False,6.136,-10.904
source_10,Dest210823-173115,False,2.989,-9.366
source_10,Dest210823-173115,False,2.742,-10.588
source_10,Dest210823-173115,False,0.392,-11.083
source_10,Dest210823-173115,False,6.505,-14.305
source_10,Dest210823-173115,False,4.487,-14.496
source_10,Dest210823-173306,False,4.61,-10.965
source_10,Dest210823-173306,False,4.43,-10.503
source_10,Dest210823-173306,False,6.349,-11.07
source_10,Dest210823-173306,False,2.136,-8.412
source_10,Dest210823-173306,False,6.784,-12.561
source_10,Dest210823-173306,False,2.726,-12.517
source_10,Dest210823-173306,False,4.917,-14.134
source_10,Dest210823-173306,False,4.582,-10.112
source_10,Dest210823-173441,False,8.76,-15.365
source_10,Dest210823-173441,False,7.46,-14.562
source_10,Dest210823-173441,False,6.923,-11.521
source_10,Dest210823-173441,False,5.399,-11.394
source_10,Dest210823-173441,False,5.691,-12.023
source_10,Dest210823-173441,False,4.113,-8.614
source_10,Dest210823-173441,False,7.811,-13.792
source_10,Dest210823-173441,False,6.38,-11.729
source_10,Dest210823-173617,False,5.526,-13.221
source_10,Dest210823-173617,False,7.658,-12.781
source_10,Dest210823-173617,False,4.338,-12.72
source_10,Dest210823-173617,False,4.946,-11.383
source_10,Dest210823-173617,False,5.497,-11.143
source_10,Dest210823-173617,False,9.584,-15.398
source_10,Dest210823-173617,False,4.326,-10.268
source_10,Dest210823-173617,False,3.914,-11.218
source_10,Dest210823-173752,False,-3.004,-6.95
source_10,Dest210823-173752,False,2.853,-10.518
source_10,Dest210823-173752,False,5.115,-13.776
source_10,Dest210823-173752,False,3.202,-13.732
source_10,Dest210823-173752,False,3.548,-9.248
source_10,Dest210823-173752,False,3.626,-12.727
source_10,Dest210823-173752,False,7.377,-15.978
source_10,Dest210823-173752,False,3.957,-12.231
source_10,Dest210823-173928,False,-0.744,-3.361
source_10,Dest210823-173928,False,8.98,-11.203
source_10,Dest210823-173928,False,2.231,-9.411
source_10,Dest210823-173928,False,3.138,-10.154
source_10,Dest210823-173928,False,-0.906,-7.306
source_10,Dest210823-173928,False,3.415,-11.095
source_10,Dest210823-173928,False,3.793,-14.443
source_10,Dest210823-173928,False,3.143,-14.383
source_10,Dest210823-174104,False,1.639,-11.957
source_10,Dest210823-174104,False,2.451,-10.997
source_10,Dest210823-174104,False,2.56,-11.759
source_10,Dest210823-174104,False,0.258,-9.656
source_10,Dest210823-174104,False,-8.092,-1.713
source_10,Dest210823-174104,False,1.78,-9.7
source_10,Dest210823-174104,False,2.015,-11.122
source_10,Dest210823-174104,False,-19.139,1.027
source_10,Dest210823-174556,False,-2.887,-8.238
source_10,Dest210823-174556,False,-1.457,-10.163
source_10,Dest210823-174556,False,-1.035,-10.016
source_10,Dest210823-174556,False,2.963,-9.886
source_10,Dest210823-174556,False,2.09,-9.356
source_10,Dest210823-174556,False,-1.234,-8.75
source_10,Dest210823-174556,False,3.779,-11.71
source_10,Dest210823-174556,False,2.325,-10.218
source_10,Dest210823-174733,False,-3.239,-2.751
source_10,Dest210823-174733,False,2.541,-11.774
source_10,Dest210823-174733,False,7.278,-16.236
source_10,Dest210823-174733,False,1.326,-11.564
source_10,Dest210823-174733,False,0.9,-12.304
source_10,Dest210823-174733,False,4.425,-12.968
source_10,Dest210823-174733,False,5.755,-16.489
source_10,Dest210823-174733,False,0.875,-8.908
source_10,Dest210823-174909,False,-4.892,-8.484
source_10,Dest210823-174909,False,3.385,-17.583
source_10,Dest210823-174909,False,2.649,-12.597
source_10,Dest210823-174909,False,2.726,-14.325
source_10,Dest210823-174909,False,5.503,-14.822
source_10,Dest210823-174909,False,4.431,-19.547
source_10,Dest210823-174909,False,4.044,-17.785
source_10,Dest210823-174909,False,1.847,-16.284
source_10,Dest210823-175044,False,5.042,-13.573
source_10,Dest210823-175044,False,4.135,-14.505
source_10,Dest210823-175044,False,4.842,-13.593
source_10,Dest210823-175044,False,2.889,-12.132
source_10,Dest210823-175044,False,1.461,-9.277
source_10,Dest210823-175044,False,2.634,-11.185
source_10,Dest210823-175044,False,5.66,-14.17
source_10,Dest210823-175044,False,1.3,-11.446
source_10,Dest210823-175219,False,-1.47,-5.235
source_10,Dest210823-175219,False,6.507,-14.656
source_10,Dest210823-175219,False,7.887,-16.187
source_10,Dest210823-175219,False,3.589,-13.659
source_10,Dest210823-175219,False,0.189,-12.086
source_10,Dest210823-175219,False,1.422,-12.539
source_10,Dest210823-175219,False,3.079,-10.233
source_10,Dest210823-175219,False,1.63,-10.061
source_10,Dest210823-175355,False,7.335,-17.184
source_10,Dest210823-175355,False,5.884,-17.919
source_10,Dest210823-175355,False,3.986,-13.888
source_10,Dest210823-175355,False,0.268,-9.707
source_10,Dest210823-175355,False,0.511,-8.571
source_10,Dest210823-175355,False,1.756,-15.662
source_10,Dest210823-175355,False,0.543,-14.282
source_10,Dest210823-175355,False,-3.547,-12.095
source_10,Dest210823-175531,False,3.72,-14.428
source_10,Dest210823-175531,False,6.011,-13.211
source_10,Dest210823-175531,False,1.141,-10.905
source_10,Dest210823-175531,False,2.895,-13.447
source_10,Dest210823-175531,False,1.528,-13.632
source_10,Dest210823-175531,False,-2.041,-11.388
source_10,Dest210823-175531,False,1.73,-13.685
source_10,Dest210823-175531,False,1.983,-15.225
source_10,Dest210823-180039,False,-5.257,-3.074
source_10,Dest210823-180039,False,3.134,-12.779
source_10,Dest210823-180039,False,-0.947,-11.879
source_10,Dest210823-180039,False,-1.413,-8.197
source_10,Dest210823-180039,False,-2.893,-10.528
source_10,Dest210823-180039,False,-3.086,-8.958
source_10,Dest210823-180039,False,-2.821,-10.216
source_10,Dest210823-180039,False,-4.361,-9.034
source_10,Dest210823-180215,False,-6.432,-6.824
source_10,Dest210823-180215,False,0.81,-12.656
source_10,Dest210823-180215,False,-2.863,-7.168
source_10,Dest210823-180215,False,0.184,-12.03
source_10,Dest210823-180215,False,0.62,-12.89
source_10,Dest210823-180215,False,2.631,-12.867
source_10,Dest210823-180215,False,2.125,-12.704
source_10,Dest210823-180215,False,-5.299,-9.395
source_10,Dest210823-180351,False,-8.925,-2.179
source_10,Dest210823-180351,False,3.853,-9.481
source_10,Dest210823-180351,False,-0.594,-10.555
source_10,Dest210823-180351,False,-1.806,-7.723
source_10,Dest210823-180351,False,1.969,-9.004
source_10,Dest210823-180351,False,1.94,-11.305
source_10,Dest210823-180351,False,-1.749,-10.214
source_10,Dest210823-180351,False,-1.702,-10.364
source_10,Dest210823-180533,False,0.583,-12.721
source_10,Dest210823-180533,False,1.548,-9.565
source_10,Dest210823-180533,False,1.475,-11.37
source_10,Dest210823-180533,False,-1.983,-8.141
source_10,Dest210823-180533,False,-0.799,-11.723
source_10,Dest210823-180533,False,-3.077,-9.563
source_10,Dest210823-180533,False,-2.857,-10.739
source_10,Dest210823-180533,False,-3.471,-8.526
source_10,Dest210823-180708,False,-5.315,-5.673
source_10,Dest210823-180708,False,2.583,-13.507
source_10,Dest210823-180708,False,2.311,-10.701
source_10,Dest210823-180708,False,1.526,-12.075
source_10,Dest210823-180708,False,-1.12,-8.442
source_10,Dest210823-180708,False,2.005,-8.894
source_10,Dest210823-180708,False,-0.935,-8.81
source_10,Dest210823-180708,False,1.296,-14.43
source_10,Dest210823-180842,False,1.928,-13.743
source_10,Dest210823-180842,False,-1.672,-10.105
source_10,Dest210823-180842,False,-0.299,-7.872
source_10,Dest210823-180842,False,-1.627,-6.701
source_10,Dest210823-180842,False,-1.28,-6.757
source_10,Dest210823-180842,False,-0.118,-8.614
source_10,Dest210823-180842,False,2.706,-11.895
source_10,Dest210823-180842,False,-2.258,-8.791
source_10,Dest210823-181018,False,-0.005,-9.288
source_10,Dest210823-181018,False,7.483,-13.541
source_10,Dest210823-181018,False,5.684,-11.249
source_10,Dest210823-181018,False,4.443,-10.752
source_10,Dest210823-181018,False,-0.445,-6.978
source_10,Dest210823-181018,False,0.765,-10.028
source_10,Dest210823-181018,False,1.59,-11.438
source_10,Dest210823-181018,False,2.842,-13.054
source_10,Dest210823-181152,False,-2.756,-5.013
source_10,Dest210823-181152,False,0.681,-9.616
source_10,Dest210823-181152,False,1.996,-9.249
source_10,Dest210823-181152,False,1.705,-5.736
source_10,Dest210823-181152,False,4.366,-12.966
source_10,Dest210823-181152,False,4.52,-13.727
source_10,Dest210823-181152,False,3.363,-13.149
source_10,Dest210823-181152,False,2.521,-10.897
source_10,Dest210823-181327,False,6.222,-14.57
source_10,Dest210823-181327,False,5.624,-12.631
source_10,Dest210823-181327,False,0.739,-8.778
source_10,Dest210823-181327,False,5.16,-12.964
source_10,Dest210823-181327,False,1.416,-12.16
source_10,Dest210823-181327,False,1.7,-11.406
source_10,Dest210823-181327,False,1.209,-12.481
source_10,Dest210823-181327,False,4.412,-15.76
source_10,Dest210823-181501,False,-1.701,-5.55
source_10,Dest210823-181501,False,10.424,-17.285
source_10,Dest210823-181501,False,3.871,-16.084
source_10,Dest210823-181501,False,0.31,-7.459
source_10,Dest210823-181501,False,2.723,-11.73
source_10,Dest210823-181501,False,4.551,-15.584
source_10,Dest210823-181501,False,3.567,-16.134
source_10,Dest210823-181501,False,4.276,-15.666
source_10,Dest210823-181636,False,1.421,-15.016
source_10,Dest210823-181636,False,6.676,-12.29
source_10,Dest210823-181636,False,3.372,-14.161
source_10,Dest210823-181636,False,1.943,-9.954
source_10,Dest210823-181636,False,-2.848,-7.662
source_10,Dest210823-181636,False,-1.159,-7.95
source_10,Dest210823-181636,False,-0.046,-10.007
source_10,Dest210823-181636,False,0.78,-14.185
source_10,Dest210823-181810,False,-4.146,-7.83
source_10,Dest210823-181810,False,-4.117,-7.093
source_10,Dest210823-181810,False,-6.055,-6.914
source_10,Dest210823-181810,False,-0.462,-10.14
source_10,Dest210823-181810,False,-9.692,-2.572
source_10,Dest210823-181810,False,-6.683,-3.77
source_10,Dest210823-181810,False,-4.236,-9.101
source_10,Dest210823-181810,False,-3.52,-6.476
source_10,Dest210823-181945,False,-2.576,-7.534
source_10,Dest210823-181945,False,3.545,-13.712
source_10,Dest210823-181945,False,1.23,-11.798
source_10,Dest210823-181945,False,-0.354,-8.871
source_10,Dest210823-181945,False,2.044,-13.592
source_10,Dest210823-181945,False,-0.422,-14.424
source_10,Dest210823-181945,False,0.452,-10.36
source_10,Dest210823-181945,False,0.886,-14.07
source_10,Dest210823-182120,False,5.608,-20.843
source_10,Dest210823-182120,False,3.214,-15.594
source_10,Dest210823-182120,False,5.204,-17.359
source_10,Dest210823-182120,False,1.242,-17.95
source_10,Dest210823-182120,False,2.414,-15.729
source_10,Dest210823-182120,False,4.653,-17.13
source_10,Dest210823-182120,False,-4.027,-13.109
source_10,Dest210823-182120,False,0.129,-15.606
source_10,Dest210823-182255,False,-10.748,-2.01
source_10,Dest210823-182255,False,5.931,-13.901
source_10,Dest210823-182255,False,3.928,-16.922
source_10,Dest210823-182255,False,3.291,-16.145
source_10,Dest210823-182255,False,1.477,-13.192
source_10,Dest210823-182255,False,1.219,-14.138
source_10,Dest210823-182255,False,2.335,-14.21
source_10,Dest210823-182255,False,-0.077,-10.93
source_10,Dest210823-182450,False,-3.599,-6.969
source_10,Dest210823-182450,False,1.333,-17.008
source_10,Dest210823-182450,False,4.779,-16.094
source_10,Dest210823-182450,False,3.489,-16.392
source_10,Dest210823-182450,False,2.218,-13.988
source_10,Dest210823-182450,False,2.002,-14.241
source_10,Dest210823-182450,False,1.799,-14.886
source_10,Dest210823-182450,False,2.804,-14.144
source_11,DMSO71-102_1,False,5.263,19.291
source_11,DMSO71-102_1,False,10.659,13.933
source_11,DMSO71-102_1,False,11.021,15.368
source_11,DMSO71-102_1,False,10.208,15.301
source_11,DMSO71-102_1,False,8.188,15.658
source_11,DMSO71-102_1,False,8.306,16.223
source_11,DMSO71-102_1,False,6.291,17.55
source_11,DMSO71-102_1,False,5.149,16.81
source_11,DMSO71-102_2,False,4.186,21.363
source_11,DMSO71-102_2,False,5.868,16.905
source_11,DMSO71-102_2,False,4.988,18.678
source_11,DMSO71-102_2,False,2.236,23.663
source_11,DMSO71-102_2,False,7.162,23.869
source_11,DMSO71-102_2,False,5.66,23.261
source_11,DMSO71-102_2,False,1.496,18.724
source_11,DMSO71-102_2,False,1.243,22.403
source_11,EC000001,False,18.813,33.445
source_11,EC000001,False,18.672,30.489
source_11,EC000001,False,19.208,31.028
source_11,EC000001,False,19.869,30.203
source_11,EC000001,False,15.818,28.912
source_11,EC000001,False,17.11,31.786
source_11,EC000001,False,16.32,32.214
source_11,EC000001,False,16.881,32.468
source_11,EC000002,False,8.336,23.39
source_11,EC000002,False,7.5,22.755
source_11,EC000002,False,6.729,24.667
source_11,EC000002,False,4.413,23.752
source_11,EC000002,False,9.308,24.727
source_11,EC000002,False,6.762,24.921
source_11,EC000002,False,10.39,25.574
source_11,EC000002,False,5.973,23.524
source_11,EC000003,False,16.727,30.664
source_11,EC000003,False,16.252,30.491
source_11,EC000003,False,17.253,33.018
source_11,EC000003,False,17.254,30.51
source_11,EC000003,False,16.054,31.61
source_11,EC000003,False,16.528,30.608
source_11,EC000003,False,14.935,30.684
source_11,EC000003,False,16.222,31.131
source_11,EC000004,False,17.507,30.128
source_11,EC000004,False,17.765,29.748
source_11,EC000004,False,15.279,28.376
source_11,EC000004,False,16.391,27.842
source_11,EC000004,False,15.268,28.433
source_11,EC000004,False,15.517,29.384
source_11,EC000004,False,16.629,31.204
source_11,EC000004,False,14.486,27.785
source_11,EC000005,False,17.082,30.802
source_11,EC000005,False,18.261,31.135
source_11,EC000005,False,14.555,29.706
source_11,EC000005,False,14.874,30.472
source_11,EC000005,False,14.273,31.268
source_11,EC000005,False,15.143,30.368
source_11,EC000005,False,14.985,29.893
source_11,EC000005,False,16.14,31.676
source_11,EC000006,False,15.961,30.908
source_11,EC000006,False,17.726,32.101
source_11,EC000006,False,14.402,30.103
source_11,EC000006,False,16.306,31.118
source_11,EC000006,False,14.866,30.355
source_11,EC000006,False,18.238,30.219
source_11,EC000006,False,15.174,32.029
source_11,EC000006,False,16.577,31.76
source_11,EC000007,False,16.57,30.067
source_11,EC000007,False,16.674,30.001
source_11,EC000007,False,18.11,30.102
source_11,EC000007,False,16.598,30.052
source_11,EC000007,False,17.887,28.787
source_11,EC000007,False,17.172,29.093
source_11,EC000007,False,16.26,29.339
source_11,EC000007,False,15.729,30.406
source_11,EC000008,False,17.659,32.014
source_11,EC000008,False,18.095,31.965
source_11,EC000008,False,15.976,29.766
source_11,EC000008,False,17.124,29.793
source_11,EC000008,False,16.403,31.032
source_11,EC000008,False,15.842,29.625
source_11,EC000008,False,16.322,30.459
source_11,EC000008,False,15.783,31.129
source_11,EC000009,False,17.42,30.888
source_11,EC000009,False,13.825,30.852
source_11,EC000009,False,16.127,31.03
source_11,EC000009,False,15.712,29.803
source_11,EC000009,False,15.44,31.94
source_11,EC000009,False,16.426,30.182
source_11,EC000009,False,15.738,30.655
source_11,EC000009,False,15.499,30.854
source_11,EC000010,False,19.51,31.303
source_11,EC000010,False,16.048,31.765
source_11,EC000010,False,17.814,31.198
source_11,EC000010,False,15.209,30.882
source_11,EC000010,False,16.987,28.928
source_11,EC000010,False,18.334,28.945
source_11,EC000010,False,17.047,30.449
source_11,EC000010,False,15.437,30.484
source_11,EC000011,False,16.955,29.972
source_11,EC000011,False,15.885,29.704
source_11,EC000011,False,13.895,30.303
source_11,EC000011,False,16.309,29.903
source_11,EC000011,False,14.669,31.194
source_11,EC000011,False,16.306,29.47
source_11,EC000011,False,17.455,32.319
source_11,EC000011,False,15.07,30.776
source_11,EC000012,False,16.242,31.462
source_11,EC000012,False,15.374,31.119
source_11,EC000012,False,16.648,31.356
source_11,EC000012,False,14.136,30.542
source_11,EC000012,False,17.006,32.286
source_11,EC000012,False,14.041,30.319
source_11,EC000012,False,14.938,31.798
source_11,EC000012,False,15.032,32.743
source_11,EC000013,False,15.552,31.28
source_11,EC000013,False,16.715,31.869
source_11,EC000013,False,15.947,30.748
source_11,EC000013,False,16.064,30.551
source_11,EC000013,False,15.566,30.423
source_11,EC000013,False,14.141,31.24
source_11,EC000013,False,15.616,31.05
source_11,EC000013,False,15.613,30.455
source_11,EC000014,False,14.947,32.227
source_11,EC000014,False,15.465,33.946
source_11,EC000014,False,15.444,31.448
source_11,EC000014,False,15.315,33.534
source_11,EC000014,False,14.569,29.106
source_11,EC000014,False,15.394,32.914
source_11,EC000014,False,15.452,30.789
source_11,EC000014,False,14.827,31.149
source_11,EC000015,False,15.869,34.944
source_11,EC000015,False,15.318,33.447
source_11,EC000015,False,14.971,30.576
source_11,EC000015,False,15.937,32.829
source_11,EC000015,False,14.474,31.971
source_11,EC000015,False,14.945,33.596
source_11,EC000015,False,14.577,32.392
source_11,EC000015,False,16.485,32.424
source_11,EC000016,False,13.645,30.127
source_11,EC000016,False,15.411,30.879
source_11,EC000016,False,15.271,30.505
source_11,EC000016,False,13.575,31.719
source_11,EC000016,False,13.61,31.816
source_11,EC000016,False,14.882,33.006
source_11,EC000016,False,12.924,32.138
source_11,EC000016,False,13.509,30.503
source_11,EC000017,False,12.309,29.471
source_11,EC000017,False,12.738,29.345
source_11,EC000017,False,10.07,29.53
source_11,EC000017,False,12.341,29.947
source_11,EC000017,False,12.392,31.53
source_11,EC000017,False,11.402,30.782
source_11,EC000017,False,12.331,30.66
source_11,EC000017,False,11.185,31.203
source_11,EC000018,False,13.255,30.761
source_11,EC000018,False,11.183,31.563
source_11,EC000018,False,13.411,31.885
source_11,EC000018,False,13.037,32.277
source_11,EC000018,False,11.362,30.617
source_11,EC000018,False,12.065,29.953
source_11,EC000018,False,12.612,33.213
source_11,EC000018,False,13.076,34.206
source_11,EC000019,False,15.781,36.669
source_11,EC000019,False,16.332,35.029
source_11,EC000019,False,16.733,35.77
source_11,EC000019,False,16.562,36.499
source_11,EC000019,False,15.386,34.063
source_11,EC000019,False,15.066,35.025
source_11,EC000019,False,17.605,37.657
source_11,EC000019,False,16.781,35.594
source_11,EC000020,False,-21.448,33.243
source_11,EC000020,False,-20.67,33.008
source_11,EC000020,False,-21.802,34.439
source_11,EC000020,False,-22.659,34.49
source_11,EC000020,False,-20.658,33.63
source_11,EC000020,False,-21.702,33.453
source_11,EC000020,False,-22.435,34.311
source_11,EC000020,False,-22.533,34.138
source_11,EC000021,False,12.045,32.752
source_11,EC000021,False,13.799,35.401
source_11,EC000021,False,16.385,34.053
source_11,EC000021,False,13.245,32.194
source_11,EC000021,False,14.71,34.453
source_11,EC000021,False,13.683,33.783
source_11,EC000021,False,11.563,31.752
source_11,EC000021,False,12.773,32.99
source_11,EC000022,False,13.825,32.888
source_11,EC000022,False,13.888,33.462
source_11,EC000022,False,13.228,31.935
source_11,EC000022,False,13.762,33.25
source_11,EC000022,False,13.554,33.57
source_11,EC000022,False,14.536,32.457
source_11,EC000022,False,13.653,32.989
source_11,EC000022,False,11.548,31.421
source_11,EC000023,False,14.102,34.49
source_11,EC000023,False,14.442,34.391
source_11,EC000023,False,13.857,35.121
source_11,EC000023,False,13.546,34.334
source_11,EC000023,False,13.407,34.728
source_11,EC000023,False,13.45,34.164
source_11,EC000023,False,12.746,32.609
source_11,EC000023,False,13.968,33.604
source_11,EC000024,False,11.927,37.63
source_11,EC000024,False,11.648,37.015
source_11,EC000024,False,10.998,36.157
source_11,EC000024,False,13.507,36.338
source_11,EC000024,False,11.798,36.347
source_11,EC000024,False,12.843,36.361
source_11,EC000024,False,10.765,35.989
source_11,EC000024,False,13.367,35.981
source_11,EC000025,False,12.497,37.184
source_11,EC000025,False,11.645,37.169
source_11,EC000025,False,9.992,35.342
source_11,EC000025,False,10.526,36.135
source_11,EC000025,False,10.295,36.811
source_11,EC000025,False,12.191,37.243
source_11,EC000025,False,11.787,37.705
source_11,EC000025,False,11.703,36.849
source_11,EC000026,False,11.938,36.503
source_11,EC000026,False,12.365,38.409
source_11,EC000026,False,11.88,37.436
source_11,EC000026,False,10.865,36.817
source_11,EC000026,False,11.374,37.127
source_11,EC000026,False,9.094,36.513
source_11,EC000026,False,12.083,36.134
source_11,EC000026,False,10.898,36.709
source_11,EC000027,False,5.061,38.486
source_11,EC000027,False,10.469,37.458
source_11,EC000027,False,4.252,37.665
source_11,EC000027,False,10.174,36.361
source_11,EC000027,False,4.594,37.879
source_11,EC000027,False,8.551,37.278
source_11,EC000027,False,9.961,36.39
source_11,EC000027,False,8.945,36.345
source_11,EC000028,False,6.164,40.818
source_11,EC000028,False,5.035,41.171
source_11,EC000028,False,6.631,40.714
source_11,EC000028,False,7.832,41.476
source_11,EC000028,False,8.343,39.522
source_11,EC000028,False,3.945,41.702
source_11,EC000028,False,4.956,39.813
source_11,EC000028,False,6.552,39.339
source_11,EC000029,False,5.414,39.573
source_11,EC000029,False,6.062,38.96
source_11,EC000029,False,6.796,38.888
source_11,EC000029,False,5.732,39.053
source_11,EC000029,False,7.44,38.603
source_11,EC000029,False,5.136,39.591
source_11,EC000029,False,1.649,36.115
source_11,EC000029,False,7.197,39.965
source_11,EC000030,False,6.443,38.262
source_11,EC000030,False,7.594,40.582
source_11,EC000030,False,7.394,39.551
source_11,EC000030,False,8.362,39.245
source_11,EC000030,False,7.298,39.967
source_11,EC000030,False,3.377,37.947
source_11,EC000030,False,6.022,40.282
source_11,EC000030,False,5.841,39.058
source_11,EC000031,False,8.013,39.396
source_11,EC000031,False,5.371,38.821
source_11,EC000031,False,6.376,38.898
source_11,EC000031,False,4.586,37.633
source_11,EC000031,False,8.275,38.72
source_11,EC000031,False,5.167,36.296
source_11,EC000031,False,6.355,39.328
source_11,EC000031,False,5.789,37.569
source_11,EC000032,False,6.768,39.413
source_11,EC000032,False,6.933,38.671
source_11,EC000032,False,6.657,38.554
source_11,EC000032,False,6.794,38.252
source_11,EC000032,False,6.963,39.029
source_11,EC000032,False,5.097,36.839
source_11,EC000032,False,7.384,37.422
source_11,EC000032,False,6.493,37.293
source_11,EC000037,False,10.701,29.59
source_11,EC000037,False,11.797,29.074
source_11,EC000037,False,13.182,26.688
source_11,EC000037,False,10.192,27.951
source_11,EC000037,False,12.992,27.842
source_11,EC000037,False,10.987,26.773
source_11,EC000037,False,10.899,28.493
source_11,EC000037,False,12.088,27.5
source_11,EC000038,False,7.887,25.591
source_11,EC000038,False,9.227,28.794
source_11,EC000038,False,9.456,28.398
source_11,EC000038,False,8.046,27.419
source_11,EC000038,False,6.932,27.358
source_11,EC000038,False,9.096,27.068
source_11,EC000038,False,6.405,29.831
source_11,EC000038,False,7.459,27.254
source_11,EC000039,False,7.614,28.604
source_11,EC000039,False,7.959,29.122
source_11,EC000039,False,7.763,28.906
source_11,EC000039,False,4.526,30.245
source_11,EC000039,False,9.012,27.386
source_11,EC000039,False,6.94,28.306
source_11,EC000039,False,7.777,30.643
source_11,EC000039,False,8.001,27.52
source_11,EC000040,False,6.819,34.152
source_11,EC000040,False,14.275,31.804
source_11,EC000040,False,12.011,32.068
source_11,EC000040,False,14.163,31.312
source_11,EC000040,False,12.486,30.261
source_11,EC000040,False,14.946,29.433
source_11,EC000040,False,11.093,30.98
source_11,EC000040,False,13.53,29.996
source_11,EC000041,False,13.694,28.213
source_11,EC000041,False,12.499,30.548
source_11,EC000041,False,10.135,31.967
source_11,EC000041,False,11.556,31.392
source_11,EC000041,False,9.041,32.066
source_11,EC000041,False,11.349,33.989
source_11,EC000041,False,11.017,30.662
source_11,EC000041,False,9.685,33.286
source_11,EC000042,False,13.286,31.261
source_11,EC000042,False,11.064,31.464
source_11,EC000042,False,13.367,31.822
source_11,EC000042,False,11.529,28.699
source_11,EC000042,False,11.106,30.951
source_11,EC000042,False,13.058,30.459
source_11,EC000042,False,10.851,32.498
source_11,EC000042,False,9.906,30.602
source_11,EC000043,False,29.18,23.212
source_11,EC000043,False,25.618,22.322
source_11,EC000043,False,24.388,23.424
source_11,EC000043,False,27.83,22.658
source_11,EC000043,False,25.793,22.265
source_11,EC000043,False,25.655,22.056
source_11,EC000043,False,24.013,23.133
source_11,EC000043,False,25.531,21.691
source_11,EC000044,False,13.611,29.753
source_11,EC000044,False,12.673,32.198
source_11,EC000044,False,12.06,31.54
source_11,EC000044,False,12.893,31.665
source_11,EC000044,False,11.015,34.336
source_11,EC000044,False,12.069,31.71
source_11,EC000044,False,12.703,32.247
source_11,EC000044,False,10.776,30.733
source_11,EC000045,False,10.905,32.135
source_11,EC000045,False,10.115,32.8
source_11,EC000045,False,12.593,30.567
source_11,EC000045,False,13.307,31.08
source_11,EC000045,False,12.113,30.536
source_11,EC000045,False,10.897,32.169
source_11,EC000045,False,8.22,33.613
source_11,EC000045,False,12.641,31.193
source_11,EC000046,False,11.49,32.131
source_11,EC000046,False,11.836,30.618
source_11,EC000046,False,10.724,32.316
source_11,EC000046,False,10.54,33.109
source_11,EC000046,False,11.193,33.011
source_11,EC000046,False,10.307,31.839
source_11,EC000046,False,10.07,32.309
source_11,EC000046,False,8.958,33.22
source_11,EC000047,False,9.759,32.401
source_11,EC000047,False,10.589,31.309
source_11,EC000047,False,8.207,31.535
source_11,EC000047,False,10.295,33.202
source_11,EC000047,False,9.931,32.252
source_11,EC000047,False,11.46,34.121
source_11,EC000047,False,8.46,33.503
source_11,EC000047,False,9.312,30.514
source_11,EC000048,False,10.349,33.799
source_11,EC000048,False,10.695,34.816
source_11,EC000048,False,12.585,32.552
source_11,EC000048,False,14.289,30.999
source_11,EC000048,False,11.826,33.363
source_11,EC000048,False,11.052,31.346
source_11,EC000048,False,10.539,33.005
source_11,EC000048,False,11.961,31.896
source_11,EC000049,False,11.13,33.265
source_11,EC000049,False,12.564,31.547
source_11,EC000049,False,11.384,33.262
source_11,EC000049,False,10.849,32.184
source_11,EC000049,False,6.729,32.827
source_11,EC000049,False,10.807,31.817
source_11,EC000049,False,9.752,32.693
source_11,EC000049,False,9.785,32.891
source_11,EC000050,False,12.254,32.075
source_11,EC000050,False,10.481,33.813
source_11,EC000050,False,11.089,34.03
source_11,EC000050,False,10.873,32.117
source_11,EC000050,False,9.914,33.414
source_11,EC000050,False,9.392,33.535
source_11,EC000050,False,9.299,34.253
source_11,EC000050,False,10.796,31.772
source_11,EC000051,False,12.03,31.599
source_11,EC000051,False,10.645,34.105
source_11,EC000051,False,12.544,32.301
source_11,EC000051,False,11.083,34.066
source_11,EC000051,False,10.178,33.796
source_11,EC000051,False,10.839,33.297
source_11,EC000051,False,9.311,33.82
source_11,EC000051,False,10.178,32.574
source_11,EC000052,False,11.396,34.534
source_11,EC000052,False,12.196,31.424
source_11,EC000052,False,10.16,31.403
source_11,EC000052,False,10.573,34.7
source_11,EC000052,False,10.055,33.152
source_11,EC000052,False,9.804,31.306
source_11,EC000052,False,8.563,33.704
source_11,EC000052,False,10.603,32.288
source_11,EC000053,False,10.322,34.049
source_11,EC000053,False,10.604,33.313
source_11,EC000053,False,11.887,32.276
source_11,EC000053,False,10.121,31.863
source_11,EC000053,False,8.119,32.994
source_11,EC000053,False,11.305,32.013
source_11,EC000053,False,11.049,33.204
source_11,EC000053,False,9.808,34.405
source_11,EC000054,False,10.44,33.122
source_11,EC000054,False,10.381,33.191
source_11,EC000054,False,9.409,32.956
source_11,EC000054,False,9.901,32.302
source_11,EC000054,False,9.451,33.23
source_11,EC000054,False,11.166,33.189
source_11,EC000054,False,8.143,33.667
source_11,EC000054,False,8.411,31.832
source_11,EC000055,False,8.489,31.794
source_11,EC000055,False,9.175,33.452
source_11,EC000055,False,8.078,32.874
source_11,EC000055,False,9.041,33.963
source_11,EC000055,False,8.523,34.081
source_11,EC000055,False,8.23,33.95
source_11,EC000055,False,8.692,33.694
source_11,EC000055,False,9.558,33.528
source_11,EC000056,False,9.338,32.289
source_11,EC000056,False,12.38,32.745
source_11,EC000056,False,9.932,33.818
source_11,EC000056,False,9.742,33.715
source_11,EC000056,False,9.811,32.217
source_11,EC000056,False,8.966,34.624
source_11,EC000056,False,8.822,33.012
source_11,EC000056,False,9.299,32.579
source_11,EC000057,False,29.118,16.988
source_11,EC000057,False,27.492,18.089
source_11,EC000057,False,23.355,18.673
source_11,EC000057,False,23.98,20.471
source_11,EC000057,False,22.8,20.383
source_11,EC000057,False,27.322,18.253
source_11,EC000057,False,23.674,18.701
source_11,EC000057,False,26.886,16.356
source_11,EC000058,False,16.422,31.005
source_11,EC000058,False,15.863,31.995
source_11,EC000058,False,12.907,32.723
source_11,EC000058,False,12.97,30.719
source_11,EC000058,False,13.471,29.954
source_11,EC000058,False,14.228,32.867
source_11,EC000058,False,14.475,30.949
source_11,EC000058,False,14.622,28.67
source_11,EC000059,False,26.852,18.777
source_11,EC000059,False,25.264,20.423
source_11,EC000059,False,25.395,19.237
source_11,EC000059,False,25.551,18.556
source_11,EC000059,False,25.236,17.688
source_11,EC000059,False,23.799,18.498
source_11,EC000059,False,25.622,17.322
source_11,EC000059,False,25.251,16.03
source_11,EC000060,False,25.111,20.075
source_11,EC000060,False,27.557,19.22
source_11,EC000060,False,24.73,19.505
source_11,EC000060,False,24.894,21.153
source_11,EC000060,False,23.947,20.887
source_11,EC000060,False,24.355,19.886
source_11,EC000060,False,23.727,21.352
source_11,EC000060,False,24.166,17.986
source_11,EC000061,False,27.4,18.352
source_11,EC000061,False,25.07,18.858
source_11,EC000061,False,24.456,19.313
source_11,EC000061,False,26.051,20.43
source_11,EC000061,False,24.771,20.147
source_11,EC000061,False,25.211,19.587
source_11,EC000061,False,25.18,17.515
source_11,EC000061,False,26.313,16.639
source_11,EC000062,False,27.459,18.941
source_11,EC000062,False,25.183,20.419
source_11,EC000062,False,25.363,20.034
source_11,EC000062,False,25.68,23.016
source_11,EC000062,False,26.341,19.909
source_11,EC000062,False,24.784,19.944
source_11,EC000062,False,26.048,21.599
source_11,EC000062,False,25.972,19.773
source_11,EC000063,False,14.65,32.518
source_11,EC000063,False,14.903,30.971
source_11,EC000063,False,14.006,33.4
source_11,EC000063,False,15.908,30.205
source_11,EC000063,False,14.606,31.196
source_11,EC000063,False,15.032,29.708
source_11,EC000063,False,15.574,31.644
source_11,EC000063,False,16.74,30.718
source_11,EC000064,False,27.885,19.678
source_11,EC000064,False,28.534,20.787
source_11,EC000064,False,29.295,20.609
source_11,EC000064,False,26.729,18.729
source_11,EC000064,False,26.381,19.427
source_11,EC000064,False,25.557,18.753
source_11,EC000064,False,26.295,20.126
source_11,EC000064,False,26.776,19.261
source_11,EC000065,False,9.034,33.194
source_11,EC000065,False,8.71,35.989
source_11,EC000065,False,7.486,33.539
source_11,EC000065,False,7.888,33.565
source_11,EC000065,False,6.865,34.409
source_11,EC000065,False,8.584,32.707
source_11,EC000065,False,8.097,51.424
source_11,EC000065,False,5.51,32.155
source_11,EC000066,False,6.833,32.558
source_11,EC000066,False,6.72,31.466
source_11,EC000066,False,7.895,36.769
source_11,EC000066,False,7.355,34.307
source_11,EC000066,False,5.311,36.586
source_11,EC000066,False,4.558,36.129
source_11,EC000066,False,6.526,34.783
source_11,EC000066,False,5.895,34.554
source_11,EC000067,False,23.842,14.42
source_11,EC000067,False,23.29,16.605
source_11,EC000067,False,23.027,16.746
source_11,EC000067,False,20.405,18.824
source_11,EC000067,False,24.309,18.047
source_11,EC000067,False,23.244,16.33
source_11,EC000067,False,25.052,18.975
source_11,EC000067,False,22.419,18.204
source_11,EC000068,False,8.906,31.588
source_11,EC000068,False,6.257,34.206
source_11,EC000068,False,5.407,34.429
source_11,EC000068,False,6.554,32.696
source_11,EC000068,False,7.59,32.978
source_11,EC000068,False,5.939,35.274
source_11,EC000068,False,5.893,34.372
source_11,EC000068,False,6.956,30.337
source_11,EC000069,False,24.502,17.879
source_11,EC000069,False,21.988,19.251
source_11,EC000069,False,22.826,18.666
source_11,EC000069,False,22.024,16.913
source_11,EC000069,False,22.738,14.422
source_11,EC000069,False,22.259,17.645
source_11,EC000069,False,23.703,19.305
source_11,EC000069,False,23.75,16.797
source_11,EC000070,False,23.638,18.991
source_11,EC000070,False,23.773,18.541
source_11,EC000070,False,23.417,17.228
source_11,EC000070,False,23.326,18.172
source_11,EC000070,False,22.761,21.522
source_11,EC000070,False,22.457,17.778
source_11,EC000070,False,22.029,18.135
source_11,EC000070,False,23.74,18.317
source_11,EC000071,False,7.345,20.996
source_11,EC000071,False,7.349,21.095
source_11,EC000071,False,6.299,22.521
source_11,EC000071,False,6.848,22.055
source_11,EC000071,False,4.245,22.584
source_11,EC000071,False,6.441,22.605
source_11,EC000071,False,4.929,22.815
source_11,EC000071,False,4.207,22.712
source_11,EC000072,False,4.822,22.809
source_11,EC000072,False,4.758,23.638
source_11,EC000072,False,3.244,22.63
source_11,EC000072,False,3.036,24.791
source_11,EC000072,False,7.195,24.186
source_11,EC000072,False,5.85,25.124
source_11,EC000072,False,3.997,24.623
source_11,EC000072,False,3.164,23.112
source_11,EC000073,False,4.134,25.395
source_11,EC000073,False,4.958,25.06
source_11,EC000073,False,5.715,25.749
source_11,EC000073,False,5.362,25.968
source_11,EC000073,False,6.445,24.292
source_11,EC000073,False,4.868,24.86
source_11,EC000073,False,5.251,27.277
source_11,EC000073,False,4.209,26.455
source_11,EC000074,False,3.784,23.481
source_11,EC000074,False,3.255,23.471
source_11,EC000074,False,2.435,24.397
source_11,EC000074,False,3.774,24.738
source_11,EC000074,False,4.022,25.53
source_11,EC000074,False,3.287,24.259
source_11,EC000074,False,4.174,25.823
source_11,EC000074,False,5.219,26.003
source_11,EC000075,False,2.903,22.764
source_11,EC000075,False,4.49,25.403
source_11,EC000075,False,4.552,26.533
source_11,EC000075,False,2.803,25.388
source_11,EC000075,False,5.423,25.144
source_11,EC000075,False,4.308,25.869
source_11,EC000075,False,1.277,24.087
source_11,EC000075,False,0.235,25.325
source_11,EC000076,False,2.45,26.311
source_11,EC000076,False,4.706,24.563
source_11,EC000076,False,4.704,25.238
source_11,EC000076,False,3.009,23.735
source_11,EC000076,False,4.185,24.226
source_11,EC000076,False,3.016,27.118
source_11,EC000076,False,4.74,25.006
source_11,EC000076,False,3.818,25.017
source_11,EC000077,False,1.639,24.268
source_11,EC000077,False,4.311,22.79
source_11,EC000077,False,4.012,26.066
source_11,EC000077,False,5.835,26.577
source_11,EC000077,False,3.256,24.185
source_11,EC000077,False,4.622,24.677
source_11,EC000077,False,5.41,26.355
source_11,EC000077,False,4.711,26.244
source_11,EC000078,False,0.932,26.178
source_11,EC000078,False,3.107,26.625
source_11,EC000078,False,1.968,27.525
source_11,EC000078,False,3.141,25.883
source_11,EC000078,False,3.35,24.305
source_11,EC000078,False,1.897,25.335
source_11,EC000078,False,1.757,26.768
source_11,EC000078,False,1.622,26.022
source_11,EC000079,False,1.224,26.702
source_11,EC000079,False,3.243,25.016
source_11,EC000079,False,2.616,25.022
source_11,EC000079,False,3.154,25.535
source_11,EC000079,False,3.58,25.995
source_11,EC000079,False,2.836,24.358
source_11,EC000079,False,3.539,26.316
source_11,EC000079,False,2.122,26.516
source_11,EC000080,False,3.835,26.893
source_11,EC000080,False,2.326,27.437
source_11,EC000080,False,3.994,27.117
source_11,EC000080,False,3.909,25.436
source_11,EC000080,False,4.231,27.999
source_11,EC000080,False,4.341,29.569
source_11,EC000080,False,2.866,28.132
source_11,EC000080,False,1.118,26.893
source_11,EC000081,False,5.538,24.325
source_11,EC000081,False,5.185,25.728
source_11,EC000081,False,5.551,26.71
source_11,EC000081,False,4.539,26.705
source_11,EC000081,False,3.615,23.937
source_11,EC000081,False,5.072,26.228
source_11,EC000081,False,2.441,25.907
source_11,EC000081,False,1.936,26.005
source_11,EC000082,False,3.362,25.933
source_11,EC000082,False,3.086,26.079
source_11,EC000082,False,2.805,26.959
source_11,EC000082,False,5.13,24.99
source_11,EC000082,False,3.588,27.079
source_11,EC000082,False,3.998,26.773
source_11,EC000082,False,2.728,26.335
source_11,EC000082,False,2.379,25.734
source_11,EC000083,False,2.282,26.345
source_11,EC000083,False,1.486,26.493
source_11,EC000083,False,4.029,25.648
source_11,EC000083,False,2.715,25.259
source_11,EC000083,False,-5.73,-6.463
source_11,EC000083,False,-7.486,-4.154
source_11,EC000083,False,2.126,26.53
source_11,EC000083,False,1.78,24.927
source_11,EC000084,False,2.563,26.106
source_11,EC000084,False,3.361,26.632
source_11,EC000084,False,3.51,27.234
source_11,EC000084,False,2.517,28.722
source_11,EC000084,False,4.695,28.246
source_11,EC000084,False,1.64,25.552
source_11,EC000084,False,2.639,28.525
source_11,EC000084,False,0.353,28.192
source_11,EC000085,False,4.121,26.026
source_11,EC000085,False,3.012,28.898
source_11,EC000085,False,2.088,27.669
source_11,EC000085,False,2.562,26.554
source_11,EC000085,False,2.552,27.465
source_11,EC000085,False,1.939,27.305
source_11,EC000085,False,0.347,27.172
source_11,EC000085,False,0.806,25.124
source_11,EC000086,False,0.727,27.978
source_11,EC000086,False,1.875,24.003
source_11,EC000086,False,2.056,25.517
source_11,EC000086,False,1.465,24.901
source_11,EC000086,False,1.559,25.696
source_11,EC000086,False,1.234,26.917
source_11,EC000086,False,-0.271,27.008
source_11,EC000086,False,-0.581,27.856
source_11,EC000087,False,1.585,27.436
source_11,EC000087,False,0.665,24.835
source_11,EC000087,False,0.571,26.843
source_11,EC000087,False,1.001,26.053
source_11,EC000087,False,0.558,26.613
source_11,EC000087,False,2.184,28.377
source_11,EC000087,False,0.261,26.169
source_11,EC000087,False,-0.028,27.128
source_11,EC000088,False,1.125,28.541
source_11,EC000088,False,1.006,27.598
source_11,EC000088,False,4.611,26.617
source_11,EC000088,False,0.393,26.384
source_11,EC000088,False,-1.65,25.489
source_11,EC000088,False,2.016,27.663
source_11,EC000088,False,1.415,24.611
source_11,EC000088,False,1.057,27.095
source_11,EC000089,False,1.106,24.124
source_11,EC000089,False,0.236,25.316
source_11,EC000089,False,1.146,24.139
source_11,EC000089,False,-0.3,26.422
source_11,EC000089,False,1.3,24.851
source_11,EC000089,False,-0.424,26.01
source_11,EC000089,False,0.737,26.892
source_11,EC000089,False,-1.655,27.509
source_11,EC000090,False,5.515,21.227
source_11,EC000090,False,-18.869,12.433
source_11,EC000090,False,3.565,26.462
source_11,EC000090,False,6.602,14.141
source_11,EC000090,False,-6.674,-6.167
source_11,EC000090,False,-7.989,-1.758
source_11,EC000090,False,-20.917,10.811
source_11,EC000090,False,0.034,23.623
source_11,EC000091,False,3.858,24.101
source_11,EC000091,False,4.317,26.241
source_11,EC000091,False,3.324,25.022
source_11,EC000091,False,3.811,27.981
source_11,EC000091,False,4.876,24.862
source_11,EC000091,False,4.788,27.587
source_11,EC000091,False,3.383,28.818
source_11,EC000091,False,3.43,27.44
source_11,EC000092,False,1.137,25.28
source_11,EC000092,False,2.365,26.658
source_11,EC000092,False,2.756,27.385
source_11,EC000092,False,-0.307,26.505
source_11,EC000092,False,1.577,26.428
source_11,EC000092,False,1.49,26.183
source_11,EC000092,False,0.808,25.793
source_11,EC000092,False,0.624,26.965
source_11,EC000093,False,2.24,25.595
source_11,EC000093,False,1.793,26.821
source_11,EC000093,False,1.456,26.764
source_11,EC000093,False,1.406,26.753
source_11,EC000093,False,-0.095,27.153
source_11,EC000093,False,-0.438,26.631
source_11,EC000093,False,0.521,26.587
source_11,EC000093,False,0.317,26.071
source_11,EC000094,False,1.313,28.492
source_11,EC000094,False,2.048,25.075
source_11,EC000094,False,5.888,25.21
source_11,EC000094,False,1.025,28.825
source_11,EC000094,False,2.751,28.022
source_11,EC000094,False,0.144,28.104
source_11,EC000094,False,-1.064,28.548
source_11,EC000094,False,-7.221,25.045
source_11,EC000095,False,1.442,27.143
source_11,EC000095,False,3.043,26.405
source_11,EC000095,False,2.197,24.374
source_11,EC000095,False,1.972,26.221
source_11,EC000095,False,1.981,25.734
source_11,EC000095,False,0.856,27.981
source_11,EC000095,False,0.879,26.317
source_11,EC000095,False,1.501,27.219
source_11,EC000096,False,0.06,26.385
source_11,EC000096,False,0.861,27.459
source_11,EC000096,False,1.311,28.284
source_11,EC000096,False,1.846,28.429
source_11,EC000096,False,0.097,27.067
source_11,EC000096,False,0.637,27.85
source_11,EC000096,False,0.471,28.733
source_11,EC000096,False,-0.6,26.445
source_11,EC000097,False,1.132,25.968
source_11,EC000097,False,2.132,27.092
source_11,EC000097,False,2.226,29.245
source_11,EC000097,False,0.194,27.662
source_11,EC000097,False,0.573,27.842
source_11,EC000097,False,0.85,28.696
source_11,EC000097,False,1.403,29.291
source_11,EC000097,False,0.17,28.671
source_11,EC000098,False,-0.39,26.617
source_11,EC000098,False,2.202,26.262
source_11,EC000098,False,1.825,27.851
source_11,EC000098,False,1.76,27.305
source_11,EC000098,False,0.467,25.397
source_11,EC000098,False,0.351,26.195
source_11,EC000098,False,0.86,28.322
source_11,EC000098,False,2.46,27.473
source_11,EC000099,False,4.588,24.87
source_11,EC000099,False,7.019,25.784
source_11,EC000099,False,6.107,23.786
source_11,EC000099,False,4.275,23.727
source_11,EC000099,False,4.788,24.523
source_11,EC000099,False,5.654,25.717
source_11,EC000099,False,3.996,24.319
source_11,EC000099,False,3.946,24.727
source_11,EC000100,False,5.231,25.571
source_11,EC000100,False,2.736,26.481
source_11,EC000100,False,6.017,25.42
source_11,EC000100,False,4.441,27.423
source_11,EC000100,False,4.368,24.856
source_11,EC000100,False,5.283,27.082
source_11,EC000100,False,5.635,25.949
source_11,EC000100,False,4.045,26.386
source_11,EC000101,False,5.011,24.88
source_11,EC000101,False,5.714,24.572
source_11,EC000101,False,4.389,25.336
source_11,EC000101,False,6.044,27.744
source_11,EC000101,False,4.452,22.87
source_11,EC000101,False,5.285,24.174
source_11,EC000101,False,4.053,24.82
source_11,EC000101,False,4.553,27.061
source_11,EC000102,False,2.492,24.855
source_11,EC000102,False,3.173,21.941
source_11,EC000102,False,2.401,22.712
source_11,EC000102,False,3.469,21.248
source_11,EC000102,False,3.826,24.423
source_11,EC000102,False,5.942,26.958
source_11,EC000102,False,0.269,23.384
source_11,EC000102,False,1.9,24.521
source_11,EC000103,False,2.76,21.658
source_11,EC000103,False,13.758,0.656
source_11,EC000103,False,7.569,22.697
source_11,EC000103,False,7.857,24.166
source_11,EC000103,False,4.689,23.015
source_11,EC000103,False,6.375,23.465
source_11,EC000103,False,3.407,22.476
source_11,EC000103,False,3.067,22.755
source_11,EC000104,False,5.594,18.547
source_11,EC000104,False,5.945,18.18
source_11,EC000104,False,3.754,18.415
source_11,EC000104,False,3.769,18.164
source_11,EC000104,False,4.971,20.521
source_11,EC000104,False,-0.297,18.253
source_11,EC000104,False,6.438,18.741
source_11,EC000104,False,0.617,19.975
source_11,EC000105,False,4.358,17.345
source_11,EC000105,False,3.391,18.627
source_11,EC000105,False,3.442,20.547
source_11,EC000105,False,13.066,19.046
source_11,EC000105,False,7.705,19.419
source_11,EC000105,False,7.866,19.352
source_11,EC000105,False,3.182,19.04
source_11,EC000105,False,6.67,19.685
source_11,EC000106,False,4.079,19.198
source_11,EC000106,False,6.306,18.689
source_11,EC000106,False,5.555,18.672
source_11,EC000106,False,6.402,19.258
source_11,EC000106,False,6.12,20.157
source_11,EC000106,False,7.116,20.363
source_11,EC000106,False,4.15,20.411
source_11,EC000106,False,6.491,19.199
source_11,EC000107,False,7.847,16.589
source_11,EC000107,False,5.201,17.523
source_11,EC000107,False,9.958,17.951
source_11,EC000107,False,7.638,18.795
source_11,EC000107,False,4.728,19.68
source_11,EC000107,False,6.987,18.54
source_11,EC000107,False,4.173,16.227
source_11,EC000107,False,5.892,17.527
source_11,EC000108,False,10.586,17.927
source_11,EC000108,False,4.005,17.106
source_11,EC000108,False,12.883,15.784
source_11,EC000108,False,12.899,17.327
source_11,EC000108,False,12.73,19.438
source_11,EC000108,False,4.356,17.335
source_11,EC000108,False,3.733,17.709
source_11,EC000108,False,4.436,18.14
source_11,EC000109,False,2.896,18.871
source_11,EC000109,False,2.357,20.233
source_11,EC000109,False,1.873,24.252
source_11,EC000109,False,2.673,19.918
source_11,EC000109,False,3.526,21.688
source_11,EC000109,False,1.343,19.861
source_11,EC000109,False,3.444,21.961
source_11,EC000109,False,2.802,19.01
source_11,EC000110,False,4.151,19.777
source_11,EC000110,False,5.292,20.07
source_11,EC000110,False,3.421,21.061
source_11,EC000110,False,5.087,19.584
source_11,EC000110,False,4.27,20.347
source_11,EC000110,False,4.126,18.295
source_11,EC000110,False,1.284,17.573
source_11,EC000110,False,3.916,20.044
source_11,EC000111,False,7.394,20.299
source_11,EC000111,False,6.569,20.765
source_11,EC000111,False,3.731,21.415
source_11,EC000111,False,5.366,21.583
source_11,EC000111,False,5.262,23.676
source_11,EC000111,False,6.344,21.246
source_11,EC000111,False,6.696,20.95
source_11,EC000111,False,5.878,19.743
source_11,EC000112,False,6.75,20.547
source_11,EC000112,False,7.747,19.793
source_11,EC000112,False,7.408,20.243
source_11,EC000112,False,7.829,20.135
source_11,EC000112,False,9.783,21.095
source_11,EC000112,False,6.52,22.479
source_11,EC000112,False,8.102,21.693
source_11,EC000112,False,8.203,21.93
source_11,EC000113,False,1.488,23.78
source_11,EC000113,False,4.884,23.62
source_11,EC000113,False,3.299,24.816
source_11,EC000113,False,3.654,22.608
source_11,EC000113,False,4.396,23.312
source_11,EC000113,False,5.084,22.813
source_11,EC000113,False,4.564,23.451
source_11,EC000113,False,2.922,24.012
source_11,EC000114,False,1.791,25.939
source_11,EC000114,False,2.137,25.262
source_11,EC000114,False,3.587,24.64
source_11,EC000114,False,2.409,25.961
source_11,EC000114,False,1.145,26.98
source_11,EC000114,False,3.378,23.854
source_11,EC000114,False,1.655,24.749
source_11,EC000114,False,1.698,24.302
source_11,EC000115,False,1.452,27.873
source_11,EC000115,False,1.223,24.554
source_11,EC000115,False,2.318,24.315
source_11,EC000115,False,0.537,25.301
source_11,EC000115,False,0.876,25.812
source_11,EC000115,False,0.649,26.013
source_11,EC000115,False,0.956,25.712
source_11,EC000115,False,1.455,25.471
source_11,EC000116,False,-2.49,27.366
source_11,EC000116,False,0.764,24.746
source_11,EC000116,False,0.867,25.791
source_11,EC000116,False,2.075,26.476
source_11,EC000116,False,2.284,24.777
source_11,EC000116,False,4.302,26.489
source_11,EC000116,False,1.502,27.173
source_11,EC000116,False,0.31,24.874
source_11,EC000117,False,-4.044,23.363
source_11,EC000117,False,0.97,27.363
source_11,EC000117,False,-4.527,25.472
source_11,EC000117,False,-5.726,26.524
source_11,EC000117,False,-4.697,24.682
source_11,EC000117,False,0.713,25.173
source_11,EC000117,False,-5.341,23.039
source_11,EC000117,False,0.822,25.787
source_11,EC000118,False,-0.8,27.228
source_11,EC000118,False,0.476,24.351
source_11,EC000118,False,1.673,24.841
source_11,EC000118,False,0.112,24.897
source_11,EC000118,False,0.449,26.914
source_11,EC000118,False,1.89,26.469
source_11,EC000118,False,0.897,25.62
source_11,EC000118,False,0.408,26.18
source_11,EC000119,False,-0.594,28.947
source_11,EC000119,False,-0.581,25.271
source_11,EC000119,False,0.255,24.702
source_11,EC000119,False,-0.793,25.616
source_11,EC000119,False,0.311,26.969
source_11,EC000119,False,3.571,25.784
source_11,EC000119,False,0.486,24.711
source_11,EC000119,False,1.549,25.236
source_11,EC000120,False,-0.09,25.347
source_11,EC000120,False,1.685,23.627
source_11,EC000120,False,2.459,23.962
source_11,EC000120,False,3.176,23.933
source_11,EC000120,False,2.278,25.906
source_11,EC000120,False,0.347,24.726
source_11,EC000120,False,5.217,25.46
source_11,EC000120,False,1.569,24.009
source_11,EC000121,False,-1.234,25.011
source_11,EC000121,False,-1.52,25.968
source_11,EC000121,False,1.331,24.298
source_11,EC000121,False,0.624,24.984
source_11,EC000121,False,1.109,25.044
source_11,EC000121,False,-0.643,25.78
source_11,EC000121,False,-0.303,27.287
source_11,EC000121,False,2.511,24.087
source_11,EC000122,False,1.825,27.418
source_11,EC000122,False,3.522,23.884
source_11,EC000122,False,1.62,23.15
source_11,EC000122,False,4.933,26.235
source_11,EC000122,False,3.103,25.434
source_11,EC000122,False,4.856,25.351
source_11,EC000122,False,5.619,25.935
source_11,EC000122,False,3.654,24.72
source_11,EC000123,False,5.841,27.209
source_11,EC000123,False,6.962,25.612
source_11,EC000123,False,4.877,28.981
source_11,EC000123,False,5.814,27.518
source_11,EC000123,False,3.947,28.325
source_11,EC000123,False,4.709,26.922
source_11,EC000123,False,5.22,26.248
source_11,EC000123,False,4.169,27.186
source_11,EC000124,False,1.262,24.226
source_11,EC000124,False,0.075,25.216
source_11,EC000124,False,-0.471,26.948
source_11,EC000124,False,-0.635,27.976
source_11,EC000124,False,0.951,25.465
source_11,EC000124,False,0.85,26.889
source_11,EC000124,False,0.03,27.885
source_11,EC000124,False,0.236,28.216
source_11,EC000125,False,-0.555,23.848
source_11,EC000125,False,-0.094,25.981
source_11,EC000125,False,1.603,26.203
source_11,EC000125,False,0.773,27.794
source_11,EC000125,False,-1.313,27.658
source_11,EC000125,False,1.048,28.227
source_11,EC000125,False,0.462,27.091
source_11,EC000125,False,-0.506,25.132
source_11,EC000126,False,1.744,22.737
source_11,EC000126,False,0.698,24.103
source_11,EC000126,False,1.168,24.45
source_11,EC000126,False,0.279,25.57
source_11,EC000126,False,-0.421,24.226
source_11,EC000126,False,-0.263,25.086
source_11,EC000126,False,0.082,26.258
source_11,EC000126,False,0.226,24.23
source_11,EC000127,False,2.969,22.55
source_11,EC000127,False,5.28,22.973
source_11,EC000127,False,4.109,24.883
source_11,EC000127,False,4.052,24.105
source_11,EC000127,False,3.878,25.118
source_11,EC000127,False,3.4,26.54
source_11,EC000127,False,5.746,24.044
source_11,EC000127,False,3.493,24.763
source_11,EC000128,False,2.306,23.886
source_11,EC000128,False,2.036,26.128
source_11,EC000128,False,4.869,23.609
source_11,EC000128,False,2.049,23.243
source_11,EC000128,False,3.635,23.733
source_11,EC000128,False,1.499,21.852
source_11,EC000128,False,1.454,24.998
source_11,EC000128,False,1.832,25.08
source_11,EC000129,False,-2.637,25.029
source_11,EC000129,False,4.124,24.337
source_11,EC000129,False,4.788,21.41
source_11,EC000129,False,3.326,23.852
source_11,EC000129,False,3.28,25.436
source_11,EC000129,False,4.315,24.538
source_11,EC000129,False,3.898,24.474
source_11,EC000129,False,4.171,23.619
source_11,EC000130,False,1.864,26.255
source_11,EC000130,False,3.631,24.749
source_11,EC000130,False,4.517,24.424
source_11,EC000130,False,3.187,25.2
source_11,EC000130,False,3.451,26.268
source_11,EC000130,False,2.594,24.929
source_11,EC000130,False,2.859,24.175
source_11,EC000130,False,5.337,27.023
source_11,EC000131,False,3.499,24.638
source_11,EC000131,False,0.708,24.971
source_11,EC000131,False,0.949,24.063
source_11,EC000131,False,-0.456,27.036
source_11,EC000131,False,2.027,26.205
source_11,EC000131,False,3.848,25.145
source_11,EC000131,False,1.573,25.926
source_11,EC000131,False,2.564,25.478
source_11,EC000132,False,1.405,26.242
source_11,EC000132,False,1.51,26.445
source_11,EC000132,False,2.364,24.107
source_11,EC000132,False,2.774,24.791
source_11,EC000132,False,3.22,25.576
source_11,EC000132,False,0.292,25.115
source_11,EC000132,False,1.843,26.817
source_11,EC000132,False,1.957,25.623
source_11,EC000133,False,17.292,13.919
source_11,EC000133,False,13.704,14.621
source_11,EC000133,False,14.436,14.535
source_11,EC000133,False,18.452,14.964
source_11,EC000133,False,16.55,14.307
source_11,EC000133,False,13.243,13.432
source_11,EC000133,False,16.412,13.101
source_11,EC000133,False,12.303,15.459
source_11,EC000134,False,8.542,17.634
source_11,EC000134,False,7.961,18.309
source_11,EC000134,False,13.379,18.083
source_11,EC000134,False,14.003,18.581
source_11,EC000134,False,11.03,17.251
source_11,EC000134,False,11.376,17.373
source_11,EC000134,False,8.723,18.29
source_11,EC000134,False,7.436,19.731
source_11,EC000135,False,9.055,16.852
source_11,EC000135,False,8.974,16.47
source_11,EC000135,False,11.106,15.08
source_11,EC000135,False,8.165,19.628
source_11,EC000135,False,9.709,15.68
source_11,EC000135,False,7.822,18.945
source_11,EC000135,False,5.992,15.605
source_11,EC000135,False,8.62,14.211
source_11,EC000136,False,7.667,15.355
source_11,EC000136,False,8.381,14.353
source_11,EC000136,False,7.824,16.825
source_11,EC000136,False,6.323,16.023
source_11,EC000136,False,9.247,15.383
source_11,EC000136,False,7.822,19.275
source_11,EC000136,False,7.217,13.683
source_11,EC000136,False,6.519,16.027
source_11,EC000137,False,8.731,19.862
source_11,EC000137,False,10.983,17.427
source_11,EC000137,False,8.127,17.599
source_11,EC000137,False,9.573,17.051
source_11,EC000137,False,5.15,17.309
source_11,EC000137,False,6.524,15.549
source_11,EC000137,False,7.138,18.388
source_11,EC000137,False,6.46,16.377
source_11,EC000138,False,4.833,16.048
source_11,EC000138,False,9.71,16.647
source_11,EC000138,False,5.046,16.514
source_11,EC000138,False,8.647,15.725
source_11,EC000138,False,8.406,17.423
source_11,EC000138,False,5.652,16.789
source_11,EC000138,False,4.962,19.095
source_11,EC000138,False,7.724,16.511
source_11,EC000139,False,6.123,16.363
source_11,EC000139,False,4.902,14.891
source_11,EC000139,False,5.406,18.444
source_11,EC000139,False,9.324,19.093
source_11,EC000139,False,5.746,18.565
source_11,EC000139,False,5.707,17.736
source_11,EC000139,False,5.774,18.406
source_11,EC000139,False,6.933,17.619
source_11,EC000140,False,6.402,16.924
source_11,EC000140,False,3.175,20.431
source_11,EC000140,False,4.667,19.104
source_11,EC000140,False,6.543,18.72
source_11,EC000140,False,4.562,17.726
source_11,EC000140,False,6.719,18.557
source_11,EC000140,False,5.316,20.775
source_11,EC000140,False,6.542,15.548
source_11,EC000141,False,4.032,19.413
source_11,EC000141,False,6.936,17.984
source_11,EC000141,False,7.378,18.178
source_11,EC000141,False,5.969,17.26
source_11,EC000141,False,6.1,20.627
source_11,EC000141,False,6.483,18.296
source_11,EC000141,False,5.103,17.876
source_11,EC000141,False,5.248,19.155
source_11,EC000142,False,6.523,15.348
source_11,EC000142,False,5.066,19.083
source_11,EC000142,False,5.196,18.209
source_11,EC000142,False,4.462,19.072
source_11,EC000142,False,6.015,19.697
source_11,EC000142,False,6.563,19.186
source_11,EC000142,False,5.485,20.416
source_11,EC000142,False,5.795,19.174
source_11,EC000143,False,7.654,18.319
source_11,EC000143,False,3.535,20.052
source_11,EC000143,False,10.684,19.653
source_11,EC000143,False,9.443,19.444
source_11,EC000143,False,8.34,19.205
source_11,EC000143,False,6.194,20.2
source_11,EC000143,False,6.872,19.388
source_11,EC000143,False,4.212,18.664
source_11,EC000144,False,7.325,20.448
source_11,EC000144,False,4.731,19.563
source_11,EC000144,False,8.327,20.26
source_11,EC000144,False,6.452,21.088
source_11,EC000144,False,7.259,19.648
source_11,EC000144,False,4.427,21.609
source_11,EC000144,False,5.646,19.603
source_11,EC000144,False,5.389,19.775
source_11,EC000145,False,3.588,19.177
source_11,EC000145,False,7.116,18.074
source_11,EC000145,False,4.935,20.497
source_11,EC000145,False,7.077,19.219
source_11,EC000145,False,7.236,19.301
source_11,EC000145,False,7.009,19.19
source_11,EC000145,False,4.615,22.171
source_11,EC000145,False,5.547,20.304
source_11,EC000146,False,4.776,20.389
source_11,EC000146,False,6.13,20.183
source_11,EC000146,False,3.09,21.503
source_11,EC000146,False,4.706,22.678
source_11,EC000146,False,4.443,22.552
source_11,EC000146,False,4.502,21.782
source_11,EC000146,False,2.887,22.256
source_11,EC000146,False,2.021,21.065
source_11,EC000147,False,5.094,21.511
source_11,EC000147,False,0.533,21.663
source_11,EC000147,False,3.118,22.141
source_11,EC000147,False,3.518,22.398
source_11,EC000147,False,5.565,21.069
source_11,EC000147,False,2.499,22.29
source_11,EC000147,False,3.89,20.798
source_11,EC000147,False,3.895,22.09
source_11,EC000148,False,0.765,20.409
source_11,EC000148,False,4.64,20.916
source_11,EC000148,False,3.269,21.833
source_11,EC000148,False,4.989,22.1
source_11,EC000148,False,3.94,21.67
source_11,EC000148,False,2.881,21.219
source_11,EC000148,False,2.776,21.623
source_11,EC000148,False,1.601,21.032
source_11,EC000149,False,2.126,22.783
source_11,EC000149,False,2.269,22.5
source_11,EC000149,False,5.075,21.301
source_11,EC000149,False,4.917,20.59
source_11,EC000149,False,4.422,22.298
source_11,EC000149,False,3.935,20.652
source_11,EC000149,False,2.479,20.494
source_11,EC000149,False,2.341,22.181
source_11,EC000150,False,1.389,23.736
source_11,EC000150,False,3.324,22.309
source_11,EC000150,False,4.026,21.881
source_11,EC000150,False,3.315,22.605
source_11,EC000150,False,3.198,24.182
source_11,EC000150,False,4.116,22.377
source_11,EC000150,False,4.717,21.497
source_11,EC000150,False,3.413,21.478
source_11,EC000151,False,3.191,23.202
source_11,EC000151,False,1.086,23.953
source_11,EC000151,False,0.73,22.803
source_11,EC000151,False,4.779,22.656
source_11,EC000151,False,2.261,23.5
source_11,EC000151,False,3.967,22.885
source_11,EC000151,False,1.166,23.071
source_11,EC000151,False,3.211,21.317
source_11,EC000152,False,1.987,22.262
source_11,EC000152,False,2.23,23.35
source_11,EC000152,False,2.867,22.358
source_11,EC000152,False,4.217,23.824
source_11,EC000152,False,3.471,24.57
source_11,EC000152,False,3.585,24.906
source_11,EC000152,False,3.189,21.235
source_11,EC000152,False,3.904,21.431
source_11,EC000153,False,1.6,23.381
source_11,EC000153,False,3.212,22.797
source_11,EC000153,False,2.403,23.756
source_11,EC000153,False,1.445,23.365
source_11,EC000153,False,1.95,25.311
source_11,EC000153,False,3.596,23.873
source_11,EC000153,False,1.417,24.812
source_11,EC000153,False,0.768,25.071
source_11,EC000154,False,-0.729,26.329
source_11,EC000154,False,-0.223,22.75
source_11,EC000154,False,-1.375,23.575
source_11,EC000154,False,-1.015,23.597
source_11,EC000154,False,1.627,25.842
source_11,EC000154,False,1.038,23.465
source_11,EC000154,False,0.258,23.223
source_11,EC000154,False,-3.642,24.916
source_11,EC000155,False,0.139,22.819
source_11,EC000155,False,-0.732,23.954
source_11,EC000155,False,-1.527,25.393
source_11,EC000155,False,-0.097,27.724
source_11,EC000155,False,1.118,24.037
source_11,EC000155,False,0.391,23.642
source_11,EC000155,False,-1.591,25.223
source_11,EC000155,False,1.425,24.835
source_11,EC000156,False,-1.162,28.176
source_11,EC000156,False,-1.122,27.415
source_11,EC000156,False,-1.043,26.339
source_11,EC000156,False,-1.45,27.484
source_11,EC000156,False,-0.072,25.982
source_11,EC000156,False,-0.43,28.098
source_11,EC000156,False,1.511,26.433
source_11,EC000156,False,-0.811,26.718
source_11,EC000157real,False,-3.181,28.594
source_11,EC000157real,False,-0.259,28.366
source_11,EC000157real,False,1.525,27.513
source_11,EC000157real,False,0.249,28.102
source_11,EC000157real,False,-0.577,28.883
source_11,EC000157real,False,-1.019,29.085
source_11,EC000157real,False,-1.245,27.256
source_11,EC000157real,False,0.345,26.759
source_11,EC000158,False,5.838,20.572
source_11,EC000158,False,7.318,23.697
source_11,EC000158,False,9.517,20.039
source_11,EC000158,False,7.178,20.75
source_11,EC000158,False,6.383,20.68
source_11,EC000158,False,8.561,22.293
source_11,EC000158,False,7.208,21.475
source_11,EC000158,False,8.32,20.276
source_11,EC000159,False,7.498,23.138
source_11,EC000159,False,6.68,22.616
source_11,EC000159,False,8.598,20.038
source_11,EC000159,False,7.294,19.79
source_11,EC000159,False,8.306,21.791
source_11,EC000159,False,11.413,21.541
source_11,EC000159,False,8.4,23.044
source_11,EC000159,False,10.229,21.512
source_11,EC000160,False,8.034,21.535
source_11,EC000160,False,8.051,21.305
source_11,EC000160,False,9.527,23.001
source_11,EC000160,False,9.523,23.786
source_11,EC000160,False,8.229,23.64
source_11,EC000160,False,8.141,21.633
source_11,EC000160,False,7.15,21.894
source_11,EC000160,False,7.01,20.216
source_11,EC000161,False,7.768,21.771
source_11,EC000161,False,8.736,19.445
source_11,EC000161,False,6.243,23.01
source_11,EC000161,False,8.9,19.791
source_11,EC000161,False,8.564,20.265
source_11,EC000161,False,8.797,19.496
source_11,EC000161,False,8.028,19.811
source_11,EC000161,False,6.078,18.727
source_11,EC000162,False,7.31,21.552
source_11,EC000162,False,4.537,22.405
source_11,EC000162,False,9.625,21.035
source_11,EC000162,False,7.336,21.16
source_11,EC000162,False,7.912,21.723
source_11,EC000162,False,7.744,23.835
source_11,EC000162,False,7.269,23.492
source_11,EC000162,False,6.459,21.267
source_11,EC000163,False,8.659,20.554
source_11,EC000163,False,9.521,21.011
source_11,EC000163,False,8.848,22.072
source_11,EC000163,False,7.801,22.417
source_11,EC000163,False,9.394,23.105
source_11,EC000163,False,6.716,22.959
source_11,EC000163,False,9.252,21.739
source_11,EC000163,False,6.921,22.531
source_11,EC000164,False,4.724,24.132
source_11,EC000164,False,4.973,23.133
source_11,EC000164,False,5.6,23.29
source_11,EC000164,False,7.674,23.052
source_11,EC000164,False,6.819,23.172
source_11,EC000164,False,7.025,23.816
source_11,EC000164,False,7.179,22.722
source_11,EC000164,False,7.26,22.552
source_11,EC000165,False,5.461,21.692
source_11,EC000165,False,9.01,20.858
source_11,EC000165,False,9.172,22.47
source_11,EC000165,False,6.692,22.922
source_11,EC000165,False,7.485,21.312
source_11,EC000165,False,7.715,20.893
source_11,EC000165,False,6.51,22.949
source_11,EC000165,False,6.327,21.534
source_11,EC000166,False,5.38,24.417
source_11,EC000166,False,6.062,21.275
source_11,EC000166,False,6.583,20.736
source_11,EC000166,False,6.375,20.869
source_11,EC000166,False,7.41,23.569
source_11,EC000166,False,6.418,23.093
source_11,EC000166,False,6.53,21.525
source_11,EC000166,False,5.09,20.282
source_11,EC000167,False,7.374,21.378
source_11,EC000167,False,7.677,20.203
source_11,EC000167,False,7.362,19.9
source_11,EC000167,False,7.531,20.534
source_11,EC000167,False,6.415,20.595
source_11,EC000167,False,6.519,22.485
source_11,EC000167,False,8.264,22.323
source_11,EC000167,False,6.977,21.02
source_11,EC000168,False,5.028,18.199
source_11,EC000168,False,7.887,16.223
source_11,EC000168,False,7.124,16.212
source_11,EC000168,False,6.949,17.565
source_11,EC000168,False,3.93,18.916
source_11,EC000168,False,7.924,16.764
source_11,EC000168,False,8.124,15.896
source_11,EC000168,False,4.119,22.001
source_11,EC000169,False,6.352,18.989
source_11,EC000169,False,6.24,19.43
source_11,EC000169,False,5.075,18.677
source_11,EC000169,False,6.69,19.532
source_11,EC000169,False,6.306,19.857
source_11,EC000169,False,5.725,19.256
source_11,EC000169,False,5.561,19.047
source_11,EC000169,False,5.329,20.653
source_11,EC000170,False,5.585,20.703
source_11,EC000170,False,6.377,21.302
source_11,EC000170,False,5.241,20.044
source_11,EC000170,False,4.905,20.285
source_11,EC000170,False,4.453,22.056
source_11,EC000170,False,4.303,23.935
source_11,EC000170,False,5.529,21.293
source_11,EC000170,False,5.037,21.796
source_11,EC000171,False,4.087,24.316
source_11,EC000171,False,3.168,20.514
source_11,EC000171,False,4.284,22.372
source_11,EC000171,False,4.731,19.49
source_11,EC000171,False,4.183,21.165
source_11,EC000171,False,4.912,23.451
source_11,EC000171,False,2.651,22.68
source_11,EC000171,False,3.717,25.759
source_11,EC103-132DMSO1,False,6.663,13.209
source_11,EC103-132DMSO1,False,8.577,16.661
source_11,EC103-132DMSO1,False,5.921,16.732
source_11,EC103-132DMSO1,False,6.117,17.591
source_11,EC103-132DMSO1,False,6.202,16.321
source_11,EC103-132DMSO1,False,4.178,15.797
source_11,EC103-132DMSO1,False,4.246,17.271
source_11,EC103-132DMSO1,False,4.53,18.538
source_11,EC103-132DMSO2,False,-9.916,26.781
source_11,EC103-132DMSO2,False,0.145,24.379
source_11,EC103-132DMSO2,False,2.246,24.604
source_11,EC103-132DMSO2,False,2.51,24.508
source_11,EC103-132DMSO2,False,4.067,24.491
source_11,EC103-132DMSO2,False,-1.086,24.385
source_11,EC103-132DMSO2,False,-0.299,24.666
source_11,EC103-132DMSO2,False,1.505,24.845
source_11,EC133-171DMSO1,False,16.667,14.177
source_11,EC133-171DMSO1,False,17.263,13.83
source_11,EC133-171DMSO1,False,13.206,14.62
source_11,EC133-171DMSO1,False,15.196,13.358
source_11,EC133-171DMSO1,False,17.232,13.486
source_11,EC133-171DMSO1,False,13.812,13.287
source_11,EC133-171DMSO1,False,18.126,13.797
source_11,EC133-171DMSO1,False,13.844,14.005
source_11,EC133-171DMSO2,False,3.548,18.79
source_11,EC133-171DMSO2,False,1.997,19.874
source_11,EC133-171DMSO2,False,2.921,21.077
source_11,EC133-171DMSO2,False,4.072,20.342
source_11,EC133-171DMSO2,False,3.963,19.146
source_11,EC133-171DMSO2,False,3.629,19.92
source_11,EC133-171DMSO2,False,3.837,17.737
source_11,EC133-171DMSO2,False,3.658,17.866
source_15,PEC00001783,False,-13.392,30.964
source_15,PEC00001783,False,-15.738,33.063
source_15,PEC00001783,False,-17.617,33.157
source_15,PEC00001783,False,-12.265,32.538
source_15,PEC00001783,False,-6.686,32.089
source_15,PEC00001783,False,-12.891,31.372
source_15,PEC00001783,False,-11.647,33.106
source_15,PEC00001783,False,-13.799,32.207
source_15,PEC00001784,False,-10.276,32.614
source_15,PEC00001784,False,-14.506,32.048
source_15,PEC00001784,False,-13.05,34.376
source_15,PEC00001784,False,-13.563,33.817
source_15,PEC00001784,False,-11.454,32.941
source_15,PEC00001784,False,-13.237,33.617
source_15,PEC00001784,False,-12.842,33.41
source_15,PEC00001784,False,-10.82,32.819
source_15,PEC00001785,False,-13.292,33.658
source_15,PEC00001785,False,-13.187,34.404
source_15,PEC00001785,False,-15.34,32.884
source_15,PEC00001785,False,-13.59,32.966
source_15,PEC00001785,False,-12.698,33.11
source_15,PEC00001785,False,-14.438,33.154
source_15,PEC00001785,False,-13.925,34.214
source_15,PEC00001785,False,-11.369,35.241
source_15,PEC00001786,False,-14.861,33.811
source_15,PEC00001786,False,-16.835,34.008
source_15,PEC00001786,False,-9.755,32.755
source_15,PEC00001786,False,-16.384,31.879
source_15,PEC00001786,False,-11.09,32.627
source_15,PEC00001786,False,-9.881,33.97
source_15,PEC00001786,False,-9.574,33.39
source_15,PEC00001786,False,-13.81,35.004
source_15,PEC00001787,False,-15.827,33.516
source_15,PEC00001787,False,-15.099,32.571
source_15,PEC00001787,False,-8.642,33.104
source_15,PEC00001787,False,-13.178,34.592
source_15,PEC00001787,False,-9.467,34.373
source_15,PEC00001787,False,-4.957,33.082
source_15,PEC00001787,False,-9.694,32.836
source_15,PEC00001787,False,-12.418,34.466
source_15,PEC00001789,False,-17.898,34.153
source_15,PEC00001789,False,-8.187,34.204
source_15,PEC00001789,False,-13.194,33.843
source_15,PEC00001789,False,-12.175,34.36
source_15,PEC00001789,False,-10.479,31.721
source_15,PEC00001789,False,-13.428,33.928
source_15,PEC00001789,False,-5.983,33.659
source_15,PEC00001789,False,-12.21,32.352
source_15,PEC00001790,False,-15.856,32.634
source_15,PEC00001790,False,-14.02,33.7
source_15,PEC00001790,False,-13.082,32.655
source_15,PEC00001790,False,-11.492,32.747
source_15,PEC00001790,False,-2.631,32.247
source_15,PEC00001790,False,-11.492,33.193
source_15,PEC00001790,False,-9.282,33.215
source_15,PEC00001790,False,-10.307,33.645
source_15,PEC00001791,False,-9.785,34.366
source_15,PEC00001791,False,-15.892,33.687
source_15,PEC00001791,False,-7.188,32.964
source_15,PEC00001791,False,-15.108,34.75
source_15,PEC00001791,False,-9.619,34.537
source_15,PEC00001791,False,-11.368,33.525
source_15,PEC00001791,False,-9.062,33.936
source_15,PEC00001791,False,-13.607,33.842
source_15,PEC00001792,False,-13.607,33.193
source_15,PEC00001792,False,-15.55,34.094
source_15,PEC00001792,False,-11.062,33.99
source_15,PEC00001792,False,-15.526,34.099
source_15,PEC00001792,False,-8.135,34.464
source_15,PEC00001792,False,-9.649,34.328
source_15,PEC00001792,False,-8.042,33.035
source_15,PEC00001792,False,-11.688,34.228
source_15,PEC00001793,False,-10.367,31.849
source_15,PEC00001793,False,-12.57,32.064
source_15,PEC00001793,False,-12.83,32.782
source_15,PEC00001793,False,-12.978,32.373
source_15,PEC00001793,False,-8.185,32.726
source_15,PEC00001793,False,-14.35,32.2
source_15,PEC00001793,False,-15.694,33.123
source_15,PEC00001793,False,-15.039,33.382
source_15,PEC00001794,False,-16.899,33.722
source_15,PEC00001794,False,-9.633,32.769
source_15,PEC00001794,False,-13.122,33.323
source_15,PEC00001794,False,-10.58,32.855
source_15,PEC00001794,False,-10.235,32.606
source_15,PEC00001794,False,-10.52,31.155
source_15,PEC00001794,False,-10.473,32.559
source_15,PEC00001794,False,-12.012,32.776
source_15,PEC00001795,False,-13.601,32.454
source_15,PEC00001795,False,-11.424,33.144
source_15,PEC00001795,False,-14.976,33.848
source_15,PEC00001795,False,-13.398,33.83
source_15,PEC00001795,False,-8.687,32.96
source_15,PEC00001795,False,-11.444,34.293
source_15,PEC00001795,False,-5.941,39.47
source_15,PEC00001795,False,-14.64,33.144
source_15,PEC00001796,False,-17.283,32.603
source_15,PEC00001796,False,-13.551,32.409
source_15,PEC00001796,False,-13.762,33.951
source_15,PEC00001796,False,-14.686,33.875
source_15,PEC00001796,False,-12.425,31.973
source_15,PEC00001796,False,-11.479,35.125
source_15,PEC00001796,False,-14.686,33.123
source_15,PEC00001796,False,-16.753,33.424
source_15,PEC00001798,False,-16.777,33.034
source_15,PEC00001798,False,-4.457,30.958
source_15,PEC00001798,False,-15.936,34.47
source_15,PEC00001798,False,-5.604,31.331
source_15,PEC00001798,False,-12.252,32.404
source_15,PEC00001798,False,-12.601,33.873
source_15,PEC00001798,False,-8.434,30.506
source_15,PEC00001798,False,-15.22,33.803
source_15,PEC00001799,False,-16.34,32.995
source_15,PEC00001799,False,-12.504,33.495
source_15,PEC00001799,False,-8.718,31.644
source_15,PEC00001799,False,-11.014,32.305
source_15,PEC00001799,False,-13.837,33.16
source_15,PEC00001799,False,-11.006,31.876
source_15,PEC00001799,False,-12.436,32.25
source_15,PEC00001799,False,-11.588,31.793
source_15,PEC00001800,False,-6.959,31.039
source_15,PEC00001800,False,-11.951,31.561
source_15,PEC00001800,False,-11.801,32.035
source_15,PEC00001800,False,-12.507,31.394
source_15,PEC00001800,False,-12.283,31.982
source_15,PEC00001800,False,-11.389,32.092
source_15,PEC00001800,False,-11.602,32.613
source_15,PEC00001800,False,-6.294,30.002
source_15,PEC00001802,False,-15.532,31.645
source_15,PEC00001802,False,-16.342,32.018
source_15,PEC00001802,False,-5.583,29.646
source_15,PEC00001802,False,-9.491,29.153
source_15,PEC00001802,False,-7.173,28.825
source_15,PEC00001802,False,-4.552,29.572
source_15,PEC00001802,False,-9.601,30.914
source_15,PEC00001802,False,-2.277,30.2
source_15,PEC00001803,False,-13.768,31.962
source_15,PEC00001803,False,-14.916,32.057
source_15,PEC00001803,False,-13.519,33.199
source_15,PEC00001803,False,-12.557,31.26
source_15,PEC00001803,False,-9.349,32.538
source_15,PEC00001803,False,-12.972,32.026
source_15,PEC00001803,False,-13.389,32.744
source_15,PEC00001803,False,-12.272,33.731
source_15,PEC00001804,False,-12.74,31.943
source_15,PEC00001804,False,-17.028,31.804
source_15,PEC00001804,False,-7.6,30.414
source_15,PEC00001804,False,-9.787,32.508
source_15,PEC00001804,False,-13.659,32.841
source_15,PEC00001804,False,-15.368,33.691
source_15,PEC00001804,False,-13.194,34.133
source_15,PEC00001804,False,-12.379,33.336
source_15,PEC00001805,False,-12.302,30.741
source_15,PEC00001805,False,-11.309,28.768
source_15,PEC00001805,False,-10.716,29.307
source_15,PEC00001805,False,-6.604,29.313
source_15,PEC00001805,False,-12.387,29.232
source_15,PEC00001805,False,-5.89,31.191
source_15,PEC00001805,False,-11.958,30.609
source_15,PEC00001805,False,-6.685,30.31
source_15,PEC00001806,False,-12.466,32.678
source_15,PEC00001806,False,-15.23,30.127
source_15,PEC00001806,False,-11.795,29.456
source_15,PEC00001806,False,-11.608,29.533
source_15,PEC00001806,False,-13.242,29.482
source_15,PEC00001806,False,-12.977,29.36
source_15,PEC00001806,False,-14.899,30.58
source_15,PEC00001806,False,-9.622,29.645
source_15,PEC00001807,False,-12.178,31.552
source_15,PEC00001807,False,-11.88,29.07
source_15,PEC00001807,False,-8.334,31.035
source_15,PEC00001807,False,-12.542,31.966
source_15,PEC00001807,False,-10.122,28.802
source_15,PEC00001807,False,-8.867,30.501
source_15,PEC00001807,False,-11.733,30.212
source_15,PEC00001807,False,-11.442,28.534
source_15,PEC00001808,False,-14.74,28.479
source_15,PEC00001808,False,-11.765,30.623
source_15,PEC00001808,False,-10.63,30.923
source_15,PEC00001808,False,-12.414,29.698
source_15,PEC00001808,False,-9.182,29.475
source_15,PEC00001808,False,-6.572,29.713
source_15,PEC00001808,False,-10.215,30.366
source_15,PEC00001808,False,-9.383,29.567
source_15,PEC00001809,False,-4.018,27.938
source_15,PEC00001809,False,-3.575,26.963
source_15,PEC00001809,False,2.053,28.433
source_15,PEC00001809,False,-7.912,29.068
source_15,PEC00001809,False,-3.276,27.143
source_15,PEC00001809,False,-9.831,28.826
source_15,PEC00001809,False,-5.829,29.192
source_15,PEC00001809,False,-10.449,29.857
source_15,PEC00001810,False,-6.597,29.098
source_15,PEC00001810,False,-6.853,30.556
source_15,PEC00001810,False,-12.193,31.896
source_15,PEC00001810,False,-12.065,29.363
source_15,PEC00001810,False,-11.636,29.868
source_15,PEC00001810,False,-6.336,29.663
source_15,PEC00001810,False,-8.604,30.305
source_15,PEC00001810,False,-11.977,28.813
source_15,PEC00001813,False,-10.712,31.821
source_15,PEC00001813,False,-8.63,29.366
source_15,PEC00001813,False,-5.862,30.865
source_15,PEC00001813,False,-10.126,30.57
source_15,PEC00001813,False,-5.379,30.321
source_15,PEC00001813,False,-10.466,31.055
source_15,PEC00001813,False,-4.177,28.904
source_15,PEC00001813,False,-6.186,30.647
source_15,PEC00001817,False,-7.176,28.534
source_15,PEC00001817,False,-8.757,29.346
source_15,PEC00001817,False,-6.67,30.131
source_15,PEC00001817,False,-9.009,29.182
source_15,PEC00001817,False,-3.83,29.888
source_15,PEC00001817,False,-6.644,29.383
source_15,PEC00001817,False,-6.95,29.459
source_15,PEC00001817,False,-7.984,30.651
source_15,PEC00001818,False,0.567,26.161
source_15,PEC00001818,False,-1.456,26.242
source_15,PEC00001818,False,-0.618,26.225
source_15,PEC00001818,False,2.463,25.913
source_15,PEC00001818,False,-7.282,30.048
source_15,PEC00001818,False,-7.982,27.183
source_15,PEC00001818,False,-2.354,26.896
source_15,PEC00001818,False,2.86,27.293
source_15,PEC00001819,False,-10.794,28.737
source_15,PEC00001819,False,-9.392,28.856
source_15,PEC00001819,False,-11.434,28.946
source_15,PEC00001819,False,-11.241,29.318
source_15,PEC00001819,False,-10.761,28.98
source_15,PEC00001819,False,-7.018,29.872
source_15,PEC00001819,False,-9.379,29.469
source_15,PEC00001819,False,-11.149,28.251
source_15,PEC00001820,False,-12.87,29.44
source_15,PEC00001820,False,-13.989,30.166
source_15,PEC00001820,False,-10.575,29.069
source_15,PEC00001820,False,-8.797,29.572
source_15,PEC00001820,False,-12.958,29.683
source_15,PEC00001820,False,-12.816,29.634
source_15,PEC00001820,False,-9.295,29.404
source_15,PEC00001820,False,-5.682,29.923
source_15,PEC00001822,False,-33.523,21.552
source_15,PEC00001822,False,-27.914,20.469
source_15,PEC00001822,False,-29.626,23.79
source_15,PEC00001822,False,-33.115,23.178
source_15,PEC00001822,False,-34.865,23.722
source_15,PEC00001822,False,-31.402,26.767
source_15,PEC00001822,False,-32.959,23.935
source_15,PEC00001822,False,-31.973,23.299
source_15,PEC00001823,False,-34.417,24.138
source_15,PEC00001823,False,-31.446,24.683
source_15,PEC00001823,False,-23.988,26.697
source_15,PEC00001823,False,-34.262,24.715
source_15,PEC00001823,False,-28.285,41.749
source_15,PEC00001823,False,-30.385,29.188
source_15,PEC00001823,False,-18.841,26.795
source_15,PEC00001823,False,-34.692,27.207
source_15,PEC00001824,False,-25.076,24.802
source_15,PEC00001824,False,-33.596,24.545
source_15,PEC00001824,False,-31.829,29.246
source_15,PEC00001824,False,-24.06,26.439
source_15,PEC00001824,False,-33.009,24.021
source_15,PEC00001824,False,-26.615,23.755
source_15,PEC00001824,False,-28.118,22.676
source_15,PEC00001824,False,-33.831,24.804
source_15,PEC00001825,False,-29.597,24.347
source_15,PEC00001825,False,-31.7,26.838
source_15,PEC00001825,False,-29.133,22.686
source_15,PEC00001825,False,-17.244,26.519
source_15,PEC00001825,False,-32.818,29.793
source_15,PEC00001825,False,-26.717,41.547
source_15,PEC00001825,False,-20.614,25.442
source_15,PEC00001825,False,-31.859,25.241
source_15,PEC00001826,False,-34.629,25.029
source_15,PEC00001826,False,-31.522,23.605
source_15,PEC00001826,False,-20.642,26.78
source_15,PEC00001826,False,-20.302,26.221
source_15,PEC00001826,False,-18.554,29.321
source_15,PEC00001826,False,-29.982,24.503
source_15,PEC00001826,False,-29.778,25.274
source_15,PEC00001826,False,-29.414,24.575
source_15,PEC00001828,False,-14.256,26.767
source_15,PEC00001828,False,-17.258,25.517
source_15,PEC00001828,False,-27.144,24.385
source_15,PEC00001828,False,-28.278,26.464
source_15,PEC00001828,False,-27.704,23.812
source_15,PEC00001828,False,-29.584,23.924
source_15,PEC00001828,False,-24.146,41.393
source_15,PEC00001828,False,-30.521,25.863
source_15,PEC00001829,False,-30.203,24.898
source_15,PEC00001829,False,-30.652,27.629
source_15,PEC00001829,False,-28.161,25.001
source_15,PEC00001829,False,-17.68,26.341
source_15,PEC00001829,False,-27.543,24.151
source_15,PEC00001829,False,-17.215,26.131
source_15,PEC00001829,False,-30.07,23.189
source_15,PEC00001829,False,-20.818,28.615
source_15,PEC00001831,False,-22.207,27.188
source_15,PEC00001831,False,-35.227,40.799
source_15,PEC00001831,False,-34.22,25.545
source_15,PEC00001831,False,-28.556,25.147
source_15,PEC00001831,False,-27.236,25.527
source_15,PEC00001831,False,-33.604,28.598
source_15,PEC00001831,False,-32.817,28.709
source_15,PEC00001831,False,-30.643,25.809
source_15,PEC00001832,False,-36.346,25.249
source_15,PEC00001832,False,-17.345,29.108
source_15,PEC00001832,False,-28.151,25.642
source_15,PEC00001832,False,-32.071,24.775
source_15,PEC00001832,False,-27.964,25.431
source_15,PEC00001832,False,-29.691,25.092
source_15,PEC00001832,False,-13.098,27.2
source_15,PEC00001832,False,-19.21,28.004
source_15,PEC00001834,False,-32.719,30.185
source_15,PEC00001834,False,-31.656,42.454
source_15,PEC00001834,False,-19.173,27.455
source_15,PEC00001834,False,-32.941,29.085
source_15,PEC00001834,False,-23.069,28.929
source_15,PEC00001834,False,-18.84,28.384
source_15,PEC00001834,False,-21.309,28.562
source_15,PEC00001834,False,-32.517,29.883
source_15,PEC00001835,False,-27.393,28.787
source_15,PEC00001835,False,-29.202,26.131
source_15,PEC00001835,False,-26.774,26.14
source_15,PEC00001835,False,-32.325,29.952
source_15,PEC00001835,False,-26.002,26.185
source_15,PEC00001835,False,-27.472,42.499
source_15,PEC00001835,False,-27.475,25.921
source_15,PEC00001835,False,-20.754,26.832
source_15,PEC00001837,False,-25.184,26.246
source_15,PEC00001837,False,-27.379,25.621
source_15,PEC00001837,False,-34.119,27.761
source_15,PEC00001837,False,-28.693,27.513
source_15,PEC00001837,False,-21.196,29.373
source_15,PEC00001837,False,-27.154,26.599
source_15,PEC00001837,False,-20.78,30.626
source_15,PEC00001837,False,-27.571,26.968
source_15,PEC00001838,False,-32.493,41.73
source_15,PEC00001838,False,-20.945,29.469
source_15,PEC00001838,False,-28.338,27.153
source_15,PEC00001838,False,-20.796,29.589
source_15,PEC00001838,False,-22.9,27.042
source_15,PEC00001838,False,-25.845,28.597
source_15,PEC00001838,False,-21.22,29.019
source_15,PEC00001838,False,-29.198,27.191
source_15,PEC00001839,False,-22.832,29.882
source_15,PEC00001839,False,-29.701,27.108
source_15,PEC00001839,False,-17.43,30.558
source_15,PEC00001839,False,-29.102,26.118
source_15,PEC00001839,False,-20.605,30.119
source_15,PEC00001839,False,-25.734,29.97
source_15,PEC00001839,False,-23.6,30.763
source_15,PEC00001839,False,-18.907,31.274
source_15,PEC00001840,False,-33.223,30.071
source_15,PEC00001840,False,-28.789,27.999
source_15,PEC00001840,False,-23.395,28.908
source_15,PEC00001840,False,-31.591,42.172
source_15,PEC00001840,False,-30.65,26.322
source_15,PEC00001840,False,-25.271,41.079
source_15,PEC00001840,False,-28.94,28.308
source_15,PEC00001840,False,-24.502,30.468
source_15,PEC00001842,False,-38.07,24.51
source_15,PEC00001842,False,-20.88,28.9
source_15,PEC00001842,False,-20.154,43.356
source_15,PEC00001842,False,-31.709,26.831
source_15,PEC00001842,False,-25.175,28.074
source_15,PEC00001842,False,-22.835,29.945
source_15,PEC00001842,False,-21.504,28.956
source_15,PEC00001842,False,-15.335,29.261
source_15,PEC00001843,False,-19.27,29.166
source_15,PEC00001843,False,-19.455,30.089
source_15,PEC00001843,False,-17.482,23.959
source_15,PEC00001843,False,-20.173,23.61
source_15,PEC00001843,False,-12.927,25.65
source_15,PEC00001843,False,-27.626,23.44
source_15,PEC00001843,False,-26.291,26.99
source_15,PEC00001843,False,-11.961,27.483
source_15,PEC00001844,False,-29.427,25.823
source_15,PEC00001844,False,-26.188,25.761
source_15,PEC00001844,False,-29.416,22.584
source_15,PEC00001844,False,-19.755,27.949
source_15,PEC00001844,False,-19.737,40.113
source_15,PEC00001844,False,-28.37,24.794
source_15,PEC00001844,False,-22.797,26.677
source_15,PEC00001844,False,-13.526,27.824
source_15,PEC00001846,False,-35.131,31.292
source_15,PEC00001846,False,-22.431,30.453
source_15,PEC00001846,False,-24.121,29.087
source_15,PEC00001846,False,-16.602,29.186
source_15,PEC00001846,False,-21.81,29.475
source_15,PEC00001846,False,-21.497,27.521
source_15,PEC00001846,False,-21.169,29.803
source_15,PEC00001846,False,-23.596,26.992
source_15,PEC00001847,False,-31.291,29.798
source_15,PEC00001847,False,-20.494,29.793
source_15,PEC00001847,False,-30.374,40.038
source_15,PEC00001847,False,-22.604,28.92
source_15,PEC00001847,False,-22.35,28.696
source_15,PEC00001847,False,-22.075,31.115
source_15,PEC00001847,False,-29.532,26.79
source_15,PEC00001847,False,-21.126,30.496
source_15,PEC00001848,False,-26.852,37.527
source_15,PEC00001848,False,-23.428,26.194
source_15,PEC00001848,False,-27.2,25.498
source_15,PEC00001848,False,-24.123,26.872
source_15,PEC00001848,False,-22.292,30.125
source_15,PEC00001848,False,-15.434,28.367
source_15,PEC00001848,False,-18.462,27.849
source_15,PEC00001848,False,-22.255,31.633
source_15,PEC00001849,False,-20.53,27.381
source_15,PEC00001849,False,-20.769,25.697
source_15,PEC00001849,False,-25.504,28.665
source_15,PEC00001849,False,-20.322,30.067
source_15,PEC00001849,False,-16.131,29.101
source_15,PEC00001849,False,-16.87,28.759
source_15,PEC00001849,False,-30.784,29.101
source_15,PEC00001849,False,-16.798,28.277
source_15,PEC00001850,False,-29.52,42.216
source_15,PEC00001850,False,-12.059,28.43
source_15,PEC00001850,False,-31.066,26.739
source_15,PEC00001850,False,-27.086,26.44
source_15,PEC00001850,False,-16.682,30.341
source_15,PEC00001850,False,-15.848,27.28
source_15,PEC00001850,False,-16.483,26.059
source_15,PEC00001850,False,-18.935,28.852
source_15,PEC00001851,False,-22.585,24.018
source_15,PEC00001851,False,-27.646,41.109
source_15,PEC00001851,False,-20.093,28.87
source_15,PEC00001851,False,-31.862,29.237
source_15,PEC00001851,False,-9.382,28.511
source_15,PEC00001851,False,-16.248,27.3
source_15,PEC00001851,False,-13.57,28.754
source_15,PEC00001851,False,-14.08,27.39
source_15,PEC00001856,False,-35.168,31.81
source_15,PEC00001856,False,-20.889,29.629
source_15,PEC00001856,False,-13.36,49.947
source_15,PEC00001856,False,-20.729,28.902
source_15,PEC00001856,False,-24.448,24.461
source_15,PEC00001856,False,-23.422,26.174
source_15,PEC00001856,False,-20.59,31.481
source_15,PEC00001856,False,-19.965,28.953
source_15,PEC00001857,False,-33.095,29.268
source_15,PEC00001857,False,-26.099,28.002
source_15,PEC00001857,False,-25.731,28.12
source_15,PEC00001857,False,-17.791,27.345
source_15,PEC00001857,False,-27.979,24.372
source_15,PEC00001857,False,-22.378,26.212
source_15,PEC00001857,False,-20.049,28.969
source_15,PEC00001857,False,-32.932,27.988
source_15,PEC00001859,False,-28.288,41.078
source_15,PEC00001859,False,-18.964,27.798
source_15,PEC00001859,False,-14.591,27.678
source_15,PEC00001859,False,-22.389,29.431
source_15,PEC00001859,False,-24.817,25.952
source_15,PEC00001859,False,-17.742,29.102
source_15,PEC00001859,False,-25.199,23.246
source_15,PEC00001859,False,-19.37,29.574
source_15,PEC00001860,False,-30.815,26.92
source_15,PEC00001860,False,-12.996,25.752
source_15,PEC00001860,False,-14.549,25.395
source_15,PEC00001860,False,-15.425,29.186
source_15,PEC00001860,False,-16.652,25.846
source_15,PEC00001860,False,-16.195,25.869
source_15,PEC00001860,False,-32.311,27.317
source_15,PEC00001860,False,-13.794,26.381
source_15,PEP00004021,False,-11.054,29.936
source_15,PEP00004021,False,-11.592,30.525
source_15,PEP00004021,False,-12.276,30.171
source_15,PEP00004021,False,-13.531,27.986
source_15,PEP00004021,False,-12.278,30.512
source_15,PEP00004021,False,-9.84,31.96
source_15,PEP00004021,False,-9.292,30.223
source_15,PEP00004021,False,-11.553,30.254
source_15,PEP00004022,False,-16.292,29.7
source_15,PEP00004022,False,-9.82,32.348
source_15,PEP00004022,False,-13.995,28.054
source_15,PEP00004022,False,-13.748,28.254
source_15,PEP00004022,False,-10.187,30.249
source_15,PEP00004022,False,-13.328,28.973
source_15,PEP00004022,False,-12.793,30.099
source_15,PEP00004022,False,-9.57,29.204
source_15,PEP00004023,False,-13.185,30.482
source_15,PEP00004023,False,-12.706,29.677
source_15,PEP00004023,False,-13.689,29.371
source_15,PEP00004023,False,-10.719,28.606
source_15,PEP00004023,False,-11.992,29.508
source_15,PEP00004023,False,-6.689,30.318
source_15,PEP00004023,False,-12.136,30.193
source_15,PEP00004023,False,-11.181,30.285
source_15,PEP00004029,False,-19.23,34.147
source_15,PEP00004029,False,-17.855,33.264
source_15,PEP00004029,False,-10.683,31.173
source_15,PEP00004029,False,-15.413,32.088
source_15,PEP00004029,False,-15.92,32.719
source_15,PEP00004029,False,-15.717,33.055
source_15,PEP00004029,False,-15.942,33.05
source_15,PEP00004029,False,-15.583,33.758
source_15,PEP00004030,False,-19.162,34.496
source_15,PEP00004030,False,-16.788,32.517
source_15,PEP00004030,False,-14.186,31.534
source_15,PEP00004030,False,-11.455,32.666
source_15,PEP00004030,False,-16.804,34.356
source_15,PEP00004030,False,-8.324,32.448
source_15,PEP00004030,False,-14.535,33.373
source_15,PEP00004030,False,-11.036,32.456
source_15,PEP00004031,False,-9.878,34.573
source_15,PEP00004031,False,-16.049,34.548
source_15,PEP00004031,False,-16.006,33.056
source_15,PEP00004031,False,-13.205,33.726
source_15,PEP00004031,False,-16.464,34.38
source_15,PEP00004031,False,-12.225,33.495
source_15,PEP00004031,False,-11.999,32.904
source_15,PEP00004031,False,-16.841,32.867
source_15,PEP00004033,False,-18.131,26.486
source_15,PEP00004033,False,-26.364,28.418
source_15,PEP00004033,False,-31.816,28.443
source_15,PEP00004033,False,-23.473,29.539
source_15,PEP00004033,False,-29.264,26.857
source_15,PEP00004033,False,-23.439,29.946
source_15,PEP00004033,False,-24.061,29.971
source_15,PEP00004033,False,-19.117,27.519
source_15,PEP00004034,False,-30.796,29.461
source_15,PEP00004034,False,-24.382,28.779
source_15,PEP00004034,False,-20.333,28.093
source_15,PEP00004034,False,-17.032,29.906
source_15,PEP00004034,False,-22.953,31.083
source_15,PEP00004034,False,-19.068,30.393
source_15,PEP00004034,False,-22.928,30.449
source_15,PEP00004034,False,-20.206,28.428
source_15,PEP00004036,False,-17.429,29.333
source_15,PEP00004036,False,-28.416,28.407
source_15,PEP00004036,False,-27.482,27.009
source_15,PEP00004036,False,-16.792,29.038
source_15,PEP00004036,False,-20.779,29.677
source_15,PEP00004036,False,-23.697,26.904
source_15,PEP00004036,False,-23.094,29.26
source_15,PEP00004036,False,-20.674,29.832
source_15,PEP00004040,False,-40.04,35.575
source_15,PEP00004040,False,-20.076,28.515
source_15,PEP00004040,False,-14.339,30.182
source_15,PEP00004040,False,-26.487,26.859
source_15,PEP00004040,False,-15.424,28.612
source_15,PEP00004040,False,-17.732,29.031
source_15,PEP00004040,False,-12.047,31.721
source_15,PEP00004040,False,-31.704,29.069
source_15,PEP00004041,False,-22.576,31.319
source_15,PEP00004041,False,-32.994,30.806
source_15,PEP00004041,False,-32.519,30.478
source_15,PEP00004041,False,-21.582,29.833
source_15,PEP00004041,False,-31.476,30.824
source_15,PEP00004041,False,-27.236,29.336
source_15,PEP00004041,False,-28.075,27.196
source_15,PEP00004041,False,-19.098,29.979
source_15,PEP00004042,False,-20.599,27.971
source_15,PEP00004042,False,-16.035,29.819
source_15,PEP00004042,False,-20.038,30.122
source_15,PEP00004042,False,-10.396,28.334
source_15,PEP00004042,False,-6.291,24.047
source_15,PEP00004042,False,-13.723,25.882
source_15,PEP00004042,False,-27.489,26.422
source_15,PEP00004042,False,-8.869,25.793
source_15,PEP00004044,False,-18.515,27.313
source_15,PEP00004044,False,-17.839,29.141
source_15,PEP00004044,False,-16.309,28.447
source_15,PEP00004044,False,-32.208,30.507
source_15,PEP00004044,False,-29.344,31.111
source_15,PEP00004044,False,-15.635,26.361
source_15,PEP00004044,False,-28.57,27.479
source_15,PEP00004044,False,-15.111,28.707
source_15,PEP00004047,False,-27.569,26.297
source_15,PEP00004047,False,-23.403,30.253
source_15,PEP00004047,False,-30.483,28.283
source_15,PEP00004047,False,-27.863,25.352
source_15,PEP00004047,False,-22.48,28.405
source_15,PEP00004047,False,-34.567,31.516
source_15,PEP00004047,False,-34.707,31.737
source_15,PEP00004047,False,-26.558,27.174
source_15,PEP00004053,False,-19.333,30.525
source_15,PEP00004053,False,-9.787,29.876
source_15,PEP00004053,False,-19.242,32.695
source_15,PEP00004053,False,-14.506,32.006
source_15,PEP00004053,False,-11.003,31.466
source_15,PEP00004053,False,-15.049,31.804
source_15,PEP00004053,False,-6.507,30.284
source_15,PEP00004053,False,-15.617,32.828
source_15,PEP00004056,False,-22.177,31.957
source_15,PEP00004056,False,-19.924,31.7
source_15,PEP00004056,False,-17.223,31.042
source_15,PEP00004056,False,-21.114,32.337
source_15,PEP00004056,False,-22.905,33.087
source_15,PEP00004056,False,-14.229,31.14
source_15,PEP00004056,False,-19.458,30.512
source_15,PEP00004056,False,-15.856,32.558
source_15,PEP00004057,False,-27.212,31.091
source_15,PEP00004057,False,-21.563,30.885
source_15,PEP00004057,False,-24.262,30.339
source_15,PEP00004057,False,-26.015,30.544
source_15,PEP00004057,False,-20.794,30.273
source_15,PEP00004057,False,-20.86,29.426
source_15,PEP00004057,False,-17.461,31.009
source_15,PEP00004057,False,-24.376,32.414
source_15,PEP00004058,False,-22.013,31.743
source_15,PEP00004058,False,-18.772,30.367
source_15,PEP00004058,False,-22.437,30.191
source_15,PEP00004058,False,-22.7,31.178
source_15,PEP00004058,False,-19.285,31.471
source_15,PEP00004058,False,-23.119,30.985
source_15,PEP00004058,False,-23.297,32.245
source_15,PEP00004058,False,-19.017,30.848
source_15,PEP00004060,False,-20.961,30.679
source_15,PEP00004060,False,-21.981,29.576
source_15,PEP00004060,False,-14.609,29.055
source_15,PEP00004060,False,-15.914,30.618
source_15,PEP00004060,False,-13.019,31.425
source_15,PEP00004060,False,-12.64,29.2
source_15,PEP00004060,False,-9.997,30.302
source_15,PEP00004060,False,-18.133,31.442
source_15,PEP00004061,False,-10.714,30.075
source_15,PEP00004061,False,-9.632,30.624
source_15,PEP00004061,False,-12.27,31.45
source_15,PEP00004061,False,-11.873,31.033
source_15,PEP00004061,False,-7.018,30.397
source_15,PEP00004061,False,-13.303,29.19
source_15,PEP00004061,False,-7.055,30.422
source_15,PEP00004061,False,-6.034,30.522
source_15,PEP00004064,False,-6.671,29.537
source_15,PEP00004064,False,-11.588,30.61
source_15,PEP00004064,False,-13.523,26.24
source_15,PEP00004064,False,-4.509,31.118
source_15,PEP00004064,False,-10.194,30.458
source_15,PEP00004064,False,-5.591,30.305
source_15,PEP00004064,False,-10.439,29.614
source_15,PEP00004064,False,-11.42,30.157
source_15,PEP00004067,False,-14.06,32.23
source_15,PEP00004067,False,-10.902,30.728
source_15,PEP00004067,False,-10.565,31.666
source_15,PEP00004067,False,-10.946,31.09
source_15,PEP00004067,False,-11.558,32.506
source_15,PEP00004067,False,-11.469,30.511
source_15,PEP00004067,False,-12.261,30.303
source_15,PEP00004067,False,-13.949,29.185
source_15,PEP00004068,False,-13.045,30.481
source_15,PEP00004068,False,-9.362,28.866
source_15,PEP00004068,False,-2.198,30.328
source_15,PEP00004068,False,-10.984,31.627
source_15,PEP00004068,False,-6.088,28.403
source_15,PEP00004068,False,-0.521,30.414
source_15,PEP00004068,False,-3.827,28.529
source_15,PEP00004068,False,-10.034,28.895
source_15,PEP00004070,False,-26.706,23.285
source_15,PEP00004070,False,-29.858,27.084
source_15,PEP00004070,False,-21.869,26.181
source_15,PEP00004070,False,-15.091,25.753
source_15,PEP00004070,False,-17.795,27.532
source_15,PEP00004070,False,-15.122,27.451
source_15,PEP00004070,False,-27.441,22.564
source_15,PEP00004070,False,-13.818,26.186
source_15,PEP00004071,False,-20.217,28.732
source_15,PEP00004071,False,-17.204,28.526
source_15,PEP00004071,False,-28.979,22.722
source_15,PEP00004071,False,-19.475,27.644
source_15,PEP00004071,False,-15.63,27.608
source_15,PEP00004071,False,-18.224,29.207
source_15,PEP00004071,False,-20.439,29.287
source_15,PEP00004071,False,-18.312,28.353
source_15,PEP00004072,False,-19.844,28.391
source_15,PEP00004072,False,-17.282,27.533
source_15,PEP00004072,False,-16.421,29.03
source_15,PEP00004072,False,-21.355,28.765
source_15,PEP00004072,False,-19.153,28.578
source_15,PEP00004072,False,-23.652,23.392
source_15,PEP00004072,False,-18.285,28.188
source_15,PEP00004072,False,-28.991,22.669
source_15,PEP00004073,False,-18.126,29.676
source_15,PEP00004073,False,-30.261,27.539
source_15,PEP00004073,False,-24.994,25.4
source_15,PEP00004073,False,-19.897,29.468
source_15,PEP00004073,False,-21.085,29.135
source_15,PEP00004073,False,-17.493,27.21
source_15,PEP00004073,False,-21.743,28.882
source_15,PEP00004073,False,-14.315,27.259
source_15,PEP00004074,False,-15.745,26.845
source_15,PEP00004074,False,-19.405,27.885
source_15,PEP00004074,False,-20.524,29.19
source_15,PEP00004074,False,-29.005,25.865
source_15,PEP00004074,False,-20.47,27.631
source_15,PEP00004074,False,-20.104,28.334
source_15,PEP00004074,False,-21.438,27.801
source_15,PEP00004074,False,-15.628,26.619
source_15,PEP00004075,False,-20.803,26.821
source_15,PEP00004075,False,-21.356,28.424
source_15,PEP00004075,False,-25.309,22.183
source_15,PEP00004075,False,-19.515,28.227
source_15,PEP00004075,False,-18.94,27.742
source_15,PEP00004075,False,-19.71,27.822
source_15,PEP00004075,False,-16.67,26.403
source_15,PEP00004075,False,-20.654,28.657
source_15,PEP00004076,False,-15.516,26.596
source_15,PEP00004076,False,-20.923,26.619
source_15,PEP00004076,False,-29.775,27.215
source_15,PEP00004076,False,-18.428,28.75
source_15,PEP00004076,False,-29.654,24.456
source_15,PEP00004076,False,-15.858,27.417
source_15,PEP00004076,False,-19.902,28.685
source_15,PEP00004076,False,-18.404,26.858
source_15,PEP00004078,False,-20.111,28.428
source_15,PEP00004078,False,-18.517,28.311
source_15,PEP00004078,False,-22.757,23.678
source_15,PEP00004078,False,-11.355,23.687
source_15,PEP00004078,False,-17.72,27.084
source_15,PEP00004078,False,-12.596,26.003
source_15,PEP00004078,False,-18.625,28.537
source_15,PEP00004078,False,-19.795,27.804
source_15,PEP00004079,False,-22.226,28.064
source_15,PEP00004079,False,-17.852,27.798
source_15,PEP00004079,False,-17.586,27.375
source_15,PEP00004079,False,-19.651,29.449
source_15,PEP00004079,False,-19.876,29.373
source_15,PEP00004079,False,-17.707,27.101
source_15,PEP00004079,False,-7.024,27.582
source_15,PEP00004079,False,-18.965,27.679
source_15,PEP00004082,False,-22.917,28.427
source_15,PEP00004082,False,-18.409,27.349
source_15,PEP00004082,False,-22.714,23.777
source_15,PEP00004082,False,-25.966,25.897
source_15,PEP00004082,False,-18.135,20.771
source_15,PEP00004082,False,-21.981,28.672
source_15,PEP00004082,False,-17.679,27.798
source_15,PEP00004082,False,-23.801,25.165
source_15,PEP00004083,False,-19.863,28.061
source_15,PEP00004083,False,-26.367,25.009
source_15,PEP00004083,False,-22.436,27.845
source_15,PEP00004083,False,-17.56,28.449
source_15,PEP00004083,False,-22.89,27.924
source_15,PEP00004083,False,-17.745,27.171
source_15,PEP00004083,False,-21.171,27.859
source_15,PEP00004083,False,-22.915,27.589
source_15,PEP00004085,False,-15.187,31.195
source_15,PEP00004085,False,-10.157,34.391
source_15,PEP00004085,False,-9.024,32.335
source_15,PEP00004085,False,-10.297,32.626
source_15,PEP00004085,False,-12.862,32.056
source_15,PEP00004085,False,-9.163,31.399
source_15,PEP00004085,False,-11.686,30.837
source_15,PEP00004085,False,-13.45,32.222
source_15,PEP00004086,False,-21.932,34.617
source_15,PEP00004086,False,-11.638,31.788
source_15,PEP00004086,False,-15.97,32.761
source_15,PEP00004086,False,-15.111,30.802
source_15,PEP00004086,False,-15.642,33.242
source_15,PEP00004086,False,-13.912,32.248
source_15,PEP00004086,False,-13.5,33.806
source_15,PEP00004086,False,-14.65,32.913
source_15,PEP00004090,False,-12.022,32.902
source_15,PEP00004090,False,-15.935,33.335
source_15,PEP00004090,False,-12.819,32.639
source_15,PEP00004090,False,-14.522,34.396
source_15,PEP00004090,False,-17.148,32.916
source_15,PEP00004090,False,-13.385,33.15
source_15,PEP00004090,False,-17.081,32.153
source_15,PEP00004090,False,-15.715,33.746
source_15,PEP00004092,False,-12.354,32.878
source_15,PEP00004092,False,-18.217,31.542
source_15,PEP00004092,False,-16.276,34.065
source_15,PEP00004092,False,-14.199,34.67
source_15,PEP00004092,False,-16.887,34.324
source_15,PEP00004092,False,-12.311,33.194
source_15,PEP00004092,False,-15.823,33.868
source_15,PEP00004092,False,-14.536,34.317
source_15,PEP00004093,False,-16.726,31.577
source_15,PEP00004093,False,-15.311,33.78
source_15,PEP00004093,False,-16.571,33.268
source_15,PEP00004093,False,-12.843,32.312
source_15,PEP00004093,False,-16.394,33.389
source_15,PEP00004093,False,-14.551,31.353
source_15,PEP00004093,False,-15.557,32.222
source_15,PEP00004093,False,-15.011,31.504
source_15,PEP00004095,False,-27.759,31.71
source_15,PEP00004095,False,-20.594,31.542
source_15,PEP00004095,False,-8.133,32.671
source_15,PEP00004095,False,-18.849,32.792
source_15,PEP00004095,False,-18.39,32.316
source_15,PEP00004095,False,-17.865,33.243
source_15,PEP00004095,False,-17.438,34.293
source_15,PEP00004095,False,-14.612,33.323
source_15,PEP00004096,False,-16.748,31.623
source_15,PEP00004096,False,-17.677,32.688
source_15,PEP00004096,False,-13.49,33.849
source_15,PEP00004096,False,-16.301,32.307
source_15,PEP00004096,False,-17.166,32.893
source_15,PEP00004096,False,-14.598,32.822
source_15,PEP00004096,False,-18.657,33.243
source_15,PEP00004096,False,-14.074,32.557
source_15,PEP00004097,False,-24.516,33.204
source_15,PEP00004097,False,-19.327,31.807
source_15,PEP00004097,False,-17.619,34.81
source_15,PEP00004097,False,-18.441,33.166
source_15,PEP00004097,False,-16.786,33.611
source_15,PEP00004097,False,-11.112,33.515
source_15,PEP00004097,False,-16.631,32.255
source_15,PEP00004097,False,-11.283,34.477
source_15,PEP00004103,False,-18.077,34.207
source_15,PEP00004103,False,-14.005,33.927
source_15,PEP00004103,False,-20.192,34.763
source_15,PEP00004103,False,-18.224,34.078
source_15,PEP00004103,False,-16.499,35.052
source_15,PEP00004103,False,-17.93,34.152
source_15,PEP00004103,False,-12.055,34.209
source_15,PEP00004103,False,-18.169,33.248
source_15,PEP00004104,False,-24.017,32.624
source_15,PEP00004104,False,-14.478,34.263
source_15,PEP00004104,False,-15.742,33.249
source_15,PEP00004104,False,-16.386,33.361
source_15,PEP00004104,False,-19.916,34.001
source_15,PEP00004104,False,-17.597,33.459
source_15,PEP00004104,False,-16.201,32.433
source_15,PEP00004104,False,-15.19,33.331
source_15,PEP00004105,False,-16.247,33.578
source_15,PEP00004105,False,-20.18,33.333
source_15,PEP00004105,False,-18.184,32.151
source_15,PEP00004105,False,-16.141,33.378
source_15,PEP00004105,False,-13.803,33.779
source_15,PEP00004105,False,-17.63,33.386
source_15,PEP00004105,False,-19.999,32.604
source_15,PEP00004105,False,-20.91,33.703
source_15,PEP00004106,False,-19.022,32.617
source_15,PEP00004106,False,-16.662,33.459
source_15,PEP00004106,False,-20.053,34.263
source_15,PEP00004106,False,-13.743,33.954
source_15,PEP00004106,False,-19.789,31.696
source_15,PEP00004106,False,-14.799,35.015
source_15,PEP00004106,False,-16.289,31.649
source_15,PEP00004106,False,-14.796,32.575
source_15,PEP00004107,False,-14.461,31.869
source_15,PEP00004107,False,-12.579,32.417
source_15,PEP00004107,False,-17.649,33.109
source_15,PEP00004107,False,-13.667,32.97
source_15,PEP00004107,False,-16.675,32.659
source_15,PEP00004107,False,-18.156,32.311
source_15,PEP00004107,False,-11.73,32.651
source_15,PEP00004107,False,-18.623,33.552
source_15,PEP00004108,False,-23.001,33.17
source_15,PEP00004108,False,-15.364,34.363
source_15,PEP00004108,False,-19.769,32.829
source_15,PEP00004108,False,-14.224,32.572
source_15,PEP00004108,False,-17.81,34.778
source_15,PEP00004108,False,-13.082,34.356
source_15,PEP00004108,False,-17.844,32.416
source_15,PEP00004108,False,-16.911,34.041
source_15,PEP00004109,False,-20.687,31.406
source_15,PEP00004109,False,-7.264,33.389
source_15,PEP00004109,False,-18.891,31.984
source_15,PEP00004109,False,-15.506,32.973
source_15,PEP00004109,False,-15.872,33.306
source_15,PEP00004109,False,-16.872,33.979
source_15,PEP00004109,False,-14.666,34.163
source_15,PEP00004109,False,-13.497,33.016
source_15,PEP00004111,False,-21.404,32.792
source_15,PEP00004111,False,-13.325,31.704
source_15,PEP00004111,False,-19.74,32.792
source_15,PEP00004111,False,-15.468,30.605
source_15,PEP00004111,False,-17.518,32.148
source_15,PEP00004111,False,-14.905,33.039
source_15,PEP00004111,False,-10.368,31.251
source_15,PEP00004111,False,-14.174,31.595
source_15,PEP00004112,False,-12.054,33.084
source_15,PEP00004112,False,-15.02,31.855
source_15,PEP00004112,False,-18.039,33.474
source_15,PEP00004112,False,-11.869,33.272
source_15,PEP00004112,False,-19.193,32.621
source_15,PEP00004112,False,-13.032,31.704
source_15,PEP00004112,False,-13.893,31.75
source_15,PEP00004112,False,-20.939,31.975
source_15,PEP00004113,False,-25.425,32.349
source_15,PEP00004113,False,-16.952,31.15
source_15,PEP00004113,False,-18.395,32.236
source_15,PEP00004113,False,-17.528,33.257
source_15,PEP00004113,False,-17.835,31.855
source_15,PEP00004113,False,-18.469,32.212
source_15,PEP00004113,False,-17.91,32.151
source_15,PEP00004113,False,-15.128,31.691
source_15,PEP00004115,False,-20.652,33.688
source_15,PEP00004115,False,-20.07,35.329
source_15,PEP00004115,False,-22.509,34.95
source_15,PEP00004115,False,-21.684,33.724
source_15,PEP00004115,False,-21.799,33.507
source_15,PEP00004115,False,-17.749,31.8
source_15,PEP00004115,False,-20.261,33.893
source_15,PEP00004115,False,-16.315,33.949
source_15,PEP00004117,False,-20.599,33.029
source_15,PEP00004117,False,-14.31,32.922
source_15,PEP00004117,False,-18.857,31.889
source_15,PEP00004117,False,-17.82,32.539
source_15,PEP00004117,False,-17.447,32.503
source_15,PEP00004117,False,-15.376,32.737
source_15,PEP00004117,False,-16.129,32.239
source_15,PEP00004117,False,-14.873,31.865
source_15,PEP00004119,False,-15.083,33.286
source_15,PEP00004119,False,-18.605,33.271
source_15,PEP00004119,False,-15.183,32.61
source_15,PEP00004119,False,-18.451,34.106
source_15,PEP00004119,False,-19.0,32.156
source_15,PEP00004119,False,-18.213,31.018
source_15,PEP00004119,False,-14.003,34.031
source_15,PEP00004119,False,-19.05,32.468
source_15,PEP00004120,False,-17.016,33.085
source_15,PEP00004120,False,-15.416,33.318
source_15,PEP00004120,False,-16.199,33.072
source_15,PEP00004120,False,-13.15,34.015
source_15,PEP00004120,False,-10.765,33.973
source_15,PEP00004120,False,-16.105,33.28
source_15,PEP00004120,False,-14.328,34.458
source_15,PEP00004120,False,-17.927,33.305
source_15,PEP00004121,False,-25.362,32.833
source_15,PEP00004121,False,-19.142,33.099
source_15,PEP00004121,False,-18.011,32.189
source_15,PEP00004121,False,-17.992,32.698
source_15,PEP00004121,False,-22.808,31.853
source_15,PEP00004121,False,-18.581,32.918
source_15,PEP00004121,False,-18.8,33.12
source_15,PEP00004121,False,-20.523,33.151
source_15,PEP00004122,False,-17.816,33.194
source_15,PEP00004122,False,-19.874,33.178
source_15,PEP00004122,False,-17.883,32.916
source_15,PEP00004122,False,-20.71,33.572
source_15,PEP00004122,False,-17.961,33.89
source_15,PEP00004122,False,-21.318,33.612
source_15,PEP00004122,False,-15.912,32.844
source_15,PEP00004122,False,-20.83,32.376
source_15,PEP00004123,False,-29.078,30.467
source_15,PEP00004123,False,-17.795,31.979
source_15,PEP00004123,False,-19.472,31.438
source_15,PEP00004123,False,-21.25,31.622
source_15,PEP00004123,False,-19.691,32.11
source_15,PEP00004123,False,-15.733,30.764
source_15,PEP00004123,False,-16.226,32.906
source_15,PEP00004123,False,-17.153,33.181
source_15,PEP00004125,False,-18.789,31.828
source_15,PEP00004125,False,-21.581,33.18
source_15,PEP00004125,False,-18.834,33.933
source_15,PEP00004125,False,-17.264,31.996
source_15,PEP00004125,False,-20.251,31.745
source_15,PEP00004125,False,-21.232,32.554
source_15,PEP00004125,False,-22.695,32.757
source_15,PEP00004125,False,-17.994,30.543
source_15,PEP00004127,False,-16.003,31.64
source_15,PEP00004127,False,-19.964,31.996
source_15,PEP00004127,False,-18.063,33.634
source_15,PEP00004127,False,-23.923,33.258
source_15,PEP00004127,False,-25.828,33.84
source_15,PEP00004127,False,-20.56,33.215
source_15,PEP00004127,False,-16.401,33.057
source_15,PEP00004127,False,-15.276,31.087
source_15,PEP00004129,False,-17.991,32.652
source_15,PEP00004129,False,-21.388,33.216
source_15,PEP00004129,False,-21.18,32.185
source_15,PEP00004129,False,-19.415,32.912
source_15,PEP00004129,False,-22.754,32.207
source_15,PEP00004129,False,-20.777,31.877
source_15,PEP00004129,False,-20.178,32.639
source_15,PEP00004129,False,-15.919,32.736
source_15,PEP00004131,False,-19.801,31.814
source_15,PEP00004131,False,-19.277,32.962
source_15,PEP00004131,False,-10.505,32.789
source_15,PEP00004131,False,-21.191,31.492
source_15,PEP00004131,False,-15.13,31.937
source_15,PEP00004131,False,-12.263,32.59
source_15,PEP00004131,False,-19.57,32.344
source_15,PEP00004131,False,-14.177,31.126
source_15,PEP00004133,False,-27.89,35.062
source_15,PEP00004133,False,-17.353,33.253
source_15,PEP00004133,False,-22.801,34.968
source_15,PEP00004133,False,-20.91,32.635
source_15,PEP00004133,False,-19.561,32.747
source_15,PEP00004133,False,-20.24,32.502
source_15,PEP00004133,False,-19.557,32.525
source_15,PEP00004133,False,-22.573,33.405
source_15,PEP00004136,False,-22.478,34.67
source_15,PEP00004136,False,-14.705,32.463
source_15,PEP00004136,False,-1.835,33.087
source_15,PEP00004136,False,-14.95,31.851
source_15,PEP00004136,False,-16.676,32.046
source_15,PEP00004136,False,-18.806,32.654
source_15,PEP00004136,False,-21.394,35.472
source_15,PEP00004136,False,-13.682,30.354
source_15,PEP00004140,False,-30.612,35.044
source_15,PEP00004140,False,-29.441,36.563
source_15,PEP00004140,False,-22.947,32.879
source_15,PEP00004140,False,-21.766,34.21
source_15,PEP00004140,False,-19.916,33.774
source_15,PEP00004140,False,-20.571,33.813
source_15,PEP00004140,False,-20.605,34.617
source_15,PEP00004140,False,-20.373,36.994
source_15,PEP00004321,False,0.17,16.954
source_15,PEP00004321,False,-3.539,21.994
source_15,PEP00004321,False,-15.545,29.629
source_15,PEP00004321,False,-11.785,32.934
source_15,PEP00004321,False,-6.425,24.889
source_15,PEP00004321,False,-11.139,32.58
source_15,PEP00004321,False,-4.431,-3.948
source_15,PEP00004321,False,4.475,-10.082
source_15,PEP00004322,False,-16.435,31.398
source_15,PEP00004322,False,-8.314,33.035
source_15,PEP00004322,False,-14.909,34.711
source_15,PEP00004322,False,-20.124,32.889
source_15,PEP00004322,False,-13.06,33.31
source_15,PEP00004322,False,6.647,-5.264
source_15,PEP00004322,False,7.18,-5.975
source_15,PEP00004322,False,1.869,-9.226
source_15,PEP00004323,False,-17.829,34.107
source_15,PEP00004323,False,-11.303,31.153
source_15,PEP00004323,False,-13.258,33.593
source_15,PEP00004323,False,-10.626,33.087
source_15,PEP00004323,False,-13.073,35.312
source_15,PEP00004323,False,-18.112,32.307
source_15,PEP00004323,False,-13.689,25.99
source_15,PEP00004323,False,3.131,-5.991
source_15,PEP00004325,False,-14.067,34.046
source_15,PEP00004325,False,-16.18,32.999
source_15,PEP00004325,False,-17.26,32.373
source_15,PEP00004325,False,-12.207,35.651
source_15,PEP00004325,False,-10.119,31.877
source_15,PEP00004325,False,-11.571,33.115
source_15,PEP00004325,False,4.629,-7.074
source_15,PEP00004325,False,4.568,-6.912
source_15,PEP00004326,False,-17.277,33.058
source_15,PEP00004326,False,-12.702,34.145
source_15,PEP00004326,False,-10.771,32.28
source_15,PEP00004326,False,-10.942,36.396
source_15,PEP00004326,False,-8.913,32.434
source_15,PEP00004326,False,-11.484,34.425
source_15,PEP00004326,False,-14.575,33.899
source_15,PEP00004326,False,-15.073,33.181
source_15,PEP00004327,False,-7.573,34.091
source_15,PEP00004327,False,-11.046,33.591
source_15,PEP00004327,False,-12.922,34.98
source_15,PEP00004327,False,-8.087,29.575
source_15,PEP00004327,False,-12.227,33.286
source_15,PEP00004327,False,-10.772,32.169
source_15,PEP00004327,False,5.88,-3.493
source_15,PEP00004327,False,7.726,-5.062
source_15,PEP00004328,False,-10.125,36.909
source_15,PEP00004328,False,-10.437,30.156
source_15,PEP00004328,False,-13.579,30.326
source_15,PEP00004328,False,-7.418,31.143
source_15,PEP00004328,False,-9.257,31.343
source_15,PEP00004328,False,-13.502,32.382
source_15,PEP00004328,False,4.126,-3.643
source_15,PEP00004328,False,-14.614,29.121
source_15,PEP00004329,False,-12.99,31.162
source_15,PEP00004329,False,-16.317,32.4
source_15,PEP00004329,False,-7.858,32.869
source_15,PEP00004329,False,-9.15,32.009
source_15,PEP00004329,False,-11.797,31.368
source_15,PEP00004329,False,-11.597,30.87
source_15,PEP00004329,False,-23.498,27.147
source_15,PEP00004329,False,-15.283,31.936
source_15,PEP00004330,False,-10.917,33.141
source_15,PEP00004330,False,-13.301,32.278
source_15,PEP00004330,False,-7.724,32.834
source_15,PEP00004330,False,-12.575,31.406
source_15,PEP00004330,False,-29.534,33.384
source_15,PEP00004330,False,-10.121,34.255
source_15,PEP00004330,False,6.256,-3.532
source_15,PEP00004330,False,-16.703,32.145
source_15,PEP00004331,False,-11.832,32.837
source_15,PEP00004331,False,-16.173,34.519
source_15,PEP00004331,False,-13.055,31.387
source_15,PEP00004331,False,-18.706,31.878
source_15,PEP00004331,False,-18.86,34.543
source_15,PEP00004331,False,-15.158,32.322
source_15,PEP00004331,False,0.284,-4.495
source_15,PEP00004331,False,-17.393,31.541
source_15,PEP00004333,False,-26.159,32.438
source_15,PEP00004333,False,-20.067,32.521
source_15,PEP00004333,False,-22.179,32.222
source_15,PEP00004333,False,-19.44,31.275
source_15,PEP00004333,False,-10.217,28.492
source_15,PEP00004333,False,-21.198,31.481
source_15,PEP00004333,False,10.041,-8.897
source_15,PEP00004333,False,-9.776,31.16
source_15,PEP00004421,False,-0.613,25.422
source_15,PEP00004421,False,4.33,26.195
source_15,PEP00004421,False,20.552,10.044
source_15,PEP00004421,False,18.372,13.524
source_15,PEP00004421,False,16.989,17.409
source_15,PEP00004421,False,16.407,15.592
source_15,PEP00004421,False,-11.056,12.962
source_15,PEP00004421,False,2.14,-7.943
source_15,PEP00004422,False,-18.397,32.817
source_15,PEP00004422,False,-19.891,34.486
source_15,PEP00004422,False,-9.429,31.191
source_15,PEP00004422,False,-17.772,32.892
source_15,PEP00004422,False,-9.074,31.7
source_15,PEP00004422,False,-17.73,33.685
source_15,PEP00004422,False,-16.709,33.105
source_15,PEP00004422,False,-6.007,18.451
source_15,PEP00004423,False,-11.349,30.423
source_15,PEP00004423,False,-25.737,34.528
source_15,PEP00004423,False,-25.894,33.728
source_15,PEP00004423,False,0.411,52.657
source_15,PEP00004423,False,-18.66,33.373
source_15,PEP00004423,False,-7.254,1.809
source_15,PEP00004423,False,-8.865,17.988
source_15,PEP00004423,False,-15.805,30.763
source_15,PEP00004425,False,-28.499,32.217
source_15,PEP00004425,False,-15.351,33.53
source_15,PEP00004425,False,-12.883,33.159
source_15,PEP00004425,False,-29.674,36.239
source_15,PEP00004425,False,-6.605,1.504
source_15,PEP00004425,False,-7.291,2.844
source_15,PEP00004425,False,-7.482,5.007
source_15,PEP00004425,False,1.14,0.923
source_15,PEP00004426,False,-16.462,33.94
source_15,PEP00004426,False,-23.559,35.005
source_15,PEP00004426,False,-24.279,36.448
source_15,PEP00004426,False,-28.536,35.624
source_15,PEP00004426,False,-5.61,2.153
source_15,PEP00004426,False,1.163,-0.369
source_15,PEP00004426,False,-10.093,3.135
source_15,PEP00004426,False,-9.271,3.384
source_15,PEP00004427,False,-17.511,33.443
source_15,PEP00004427,False,-24.257,34.669
source_15,PEP00004427,False,-24.889,36.108
source_15,PEP00004427,False,-24.906,35.916
source_15,PEP00004427,False,-19.642,34.94
source_15,PEP00004427,False,-19.516,33.088
source_15,PEP00004427,False,-20.315,20.138
source_15,PEP00004427,False,0.405,0.511
source_15,PEP00004430,False,-20.859,36.356
source_15,PEP00004430,False,-23.664,34.793
source_15,PEP00004430,False,-23.883,37.329
source_15,PEP00004430,False,-18.183,34.579
source_15,PEP00004430,False,-22.027,36.232
source_15,PEP00004430,False,-24.358,36.747
source_15,PEP00004430,False,-22.261,34.678
source_15,PEP00004430,False,-24.822,35.655
source_15,PEP00004431,False,-22.846,36.172
source_15,PEP00004431,False,-19.191,36.555
source_15,PEP00004431,False,-15.48,33.582
source_15,PEP00004431,False,-21.684,36.039
source_15,PEP00004431,False,-24.681,36.128
source_15,PEP00004431,False,-21.924,32.178
source_15,PEP00004431,False,-11.259,33.323
source_15,PEP00004431,False,-11.869,9.598
source_15,PEP00004432,False,-17.548,35.921
source_15,PEP00004432,False,-33.853,35.591
source_15,PEP00004432,False,-23.894,36.793
source_15,PEP00004432,False,-24.433,35.849
source_15,PEP00004432,False,-12.256,34.687
source_15,PEP00004432,False,-18.718,34.366
source_15,PEP00004432,False,-9.798,3.188
source_15,PEP00004432,False,-4.582,2.529
source_15,PEP00004457,False,-9.458,30.813
source_15,PEP00004457,False,-9.347,31.738
source_15,PEP00004457,False,3.374,25.406
source_15,PEP00004457,False,-11.242,32.994
source_15,PEP00004457,False,-4.979,31.328
source_15,PEP00004457,False,-12.664,31.14
source_15,PEP00004457,False,6.634,-2.495
source_15,PEP00004457,False,-4.531,30.94
source_15,PEP00004458,False,-14.766,32.929
source_15,PEP00004458,False,-3.24,31.295
source_15,PEP00004458,False,-6.713,29.237
source_15,PEP00004458,False,-6.667,30.427
source_15,PEP00004458,False,-21.203,35.024
source_15,PEP00004458,False,9.656,-2.139
source_15,PEP00004458,False,-20.158,33.369
source_15,PEP00004458,False,-3.6,31.269
source_2,1053597806,False,-36.916,-10.509
source_2,1053597806,False,-35.622,-10.688
source_2,1053597806,False,-36.237,-10.334
source_2,1053597806,False,-36.22,-8.427
source_2,1053597806,False,-37.601,-8.259
source_2,1053597806,False,-35.917,-8.497
source_2,1053597806,False,-37.218,-9.432
source_2,1053597806,False,-39.385,-8.541
source_2,1053597837,False,-34.054,-7.258
source_2,1053597837,False,-33.834,-10.45
source_2,1053597837,False,-35.635,-9.153
source_2,1053597837,False,-35.949,-10.291
source_2,1053597837,False,-34.617,-8.664
source_2,1053597837,False,-37.725,-6.829
source_2,1053597837,False,-35.708,-7.687
source_2,1053597837,False,-37.444,-9.703
source_2,1053597844,False,-37.927,-10.004
source_2,1053597844,False,-35.11,-10.068
source_2,1053597844,False,-34.127,-9.554
source_2,1053597844,False,-36.065,-10.473
source_2,1053597844,False,-34.803,-9.803
source_2,1053597844,False,-36.336,-9.192
source_2,1053597844,False,-34.741,-9.766
source_2,1053597844,False,-35.797,-10.014
source_2,1053597851,False,-35.336,-8.874
source_2,1053597851,False,-35.892,-8.937
source_2,1053597851,False,-37.147,-10.824
source_2,1053597851,False,-35.93,-10.086
source_2,1053597851,False,-37.358,-8.83
source_2,1053597851,False,-35.117,-9.841
source_2,1053597851,False,-39.556,-8.917
source_2,1053597851,False,-39.118,-8.475
source_2,1053597875,False,-44.76,-5.65
source_2,1053597875,False,-42.69,-8.322
source_2,1053597875,False,-46.409,-4.143
source_2,1053597875,False,-43.75,-8.791
source_2,1053597875,False,-51.231,-3.999
source_2,1053597875,False,-44.872,-4.808
source_2,1053597875,False,-52.781,-2.12
source_2,1053597875,False,-49.775,-4.839
source_2,1053597882,False,-39.294,-11.711
source_2,1053597882,False,-40.276,-9.203
source_2,1053597882,False,-36.836,-9.843
source_2,1053597882,False,-39.543,-7.937
source_2,1053597882,False,-38.509,-9.676
source_2,1053597882,False,-37.548,-10.554
source_2,1053597882,False,-38.585,-11.641
source_2,1053597882,False,-37.656,-9.447
source_2,1053597929,False,-33.34,-4.925
source_2,1053597929,False,-31.482,-7.97
source_2,1053597929,False,-29.57,-7.828
source_2,1053597929,False,-30.961,-9.01
source_2,1053597929,False,-30.227,-8.163
source_2,1053597929,False,-32.708,-6.82
source_2,1053597929,False,-29.248,-6.992
source_2,1053597929,False,-31.521,-7.855
source_2,1053597943,False,-29.004,-5.828
source_2,1053597943,False,-29.898,-8.167
source_2,1053597943,False,-26.664,-8.151
source_2,1053597943,False,-29.865,-9.14
source_2,1053597943,False,-29.276,-9.247
source_2,1053597943,False,-30.246,-7.032
source_2,1053597943,False,-28.116,-7.385
source_2,1053597943,False,-29.963,-7.967
source_2,1053597950,False,-30.625,-7.901
source_2,1053597950,False,-28.596,-10.511
source_2,1053597950,False,-31.78,-10.734
source_2,1053597950,False,-30.034,-10.628
source_2,1053597950,False,-30.974,-10.78
source_2,1053597950,False,-29.526,-10.807
source_2,1053597950,False,-30.628,-9.835
source_2,1053597950,False,-30.388,-9.726
source_2,1053597967,False,-26.169,-8.682
source_2,1053597967,False,-29.649,-9.454
source_2,1053597967,False,-30.959,-10.562
source_2,1053597967,False,-30.62,-9.74
source_2,1053597967,False,-29.277,-9.447
source_2,1053597967,False,-30.57,-8.762
source_2,1053597967,False,-27.498,-9.247
source_2,1053597967,False,-31.185,-7.065
source_2,1053597974,False,-28.514,-9.654
source_2,1053597974,False,-28.67,-8.75
source_2,1053597974,False,-28.016,-9.663
source_2,1053597974,False,-28.584,-8.46
source_2,1053597974,False,-27.328,-8.941
source_2,1053597974,False,-27.173,-10.29
source_2,1053597974,False,-29.463,-8.441
source_2,1053597974,False,-27.974,-8.829
source_2,1053597981,False,-26.49,-12.007
source_2,1053597981,False,-26.512,-10.351
source_2,1053597981,False,-26.9,-9.784
source_2,1053597981,False,-29.541,-8.33
source_2,1053597981,False,-28.192,-9.861
source_2,1053597981,False,-29.712,-8.576
source_2,1053597981,False,-24.926,-9.447
source_2,1053597981,False,-31.828,-6.014
source_2,1053597998,False,-29.322,-8.893
source_2,1053597998,False,-29.988,-11.167
source_2,1053597998,False,-30.368,-11.02
source_2,1053597998,False,-30.157,-10.175
source_2,1053597998,False,-28.22,-10.447
source_2,1053597998,False,-29.264,-10.993
source_2,1053597998,False,-29.789,-8.533
source_2,1053597998,False,-29.867,-9.409
source_2,1053598001,False,-30.788,-10.669
source_2,1053598001,False,-31.021,-11.587
source_2,1053598001,False,-32.938,-9.123
source_2,1053598001,False,-31.072,-9.905
source_2,1053598001,False,-31.978,-10.02
source_2,1053598001,False,-33.265,-6.563
source_2,1053598001,False,-34.783,-7.439
source_2,1053598001,False,-29.913,-9.225
source_2,1053599534,False,-73.822,0.516
source_2,1053599534,False,-73.816,0.808
source_2,1053599534,False,-79.148,0.726
source_2,1053599534,False,-75.221,-0.399
source_2,1053599534,False,-80.57,0.105
source_2,1053599534,False,-77.187,1.096
source_2,1053599534,False,-80.196,0.509
source_2,1053599534,False,-76.865,-0.273
source_2,1053599541,False,-73.206,-2.124
source_2,1053599541,False,-73.977,-0.679
source_2,1053599541,False,-76.224,-1.151
source_2,1053599541,False,-78.808,0.255
source_2,1053599541,False,-76.192,-1.341
source_2,1053599541,False,-79.444,-0.671
source_2,1053599541,False,-79.228,-0.559
source_2,1053599541,False,-78.886,0.921
source_2,1053599558,False,-76.138,-2.025
source_2,1053599558,False,-79.699,0.118
source_2,1053599558,False,-77.728,2.63
source_2,1053599558,False,-81.062,-2.078
source_2,1053599558,False,-82.382,1.479
source_2,1053599558,False,-79.622,0.436
source_2,1053599558,False,-77.127,0.139
source_2,1053599558,False,-77.959,-0.382
source_2,1053599565,False,-75.815,1.978
source_2,1053599565,False,-79.453,0.768
source_2,1053599565,False,-73.726,-3.803
source_2,1053599565,False,-72.674,-3.44
source_2,1053599565,False,-76.954,-0.253
source_2,1053599565,False,-75.166,-0.632
source_2,1053599565,False,-75.173,-3.081
source_2,1053599565,False,-77.338,2.425
source_2,1053599572,False,-69.348,-2.561
source_2,1053599572,False,-73.027,-0.804
source_2,1053599572,False,-73.648,-1.582
source_2,1053599572,False,-74.333,-1.659
source_2,1053599572,False,-79.037,0.235
source_2,1053599572,False,-71.877,-2.711
source_2,1053599572,False,-73.358,-1.405
source_2,1053599572,False,-74.887,-0.808
source_2,1053599589,False,-73.68,0.362
source_2,1053599589,False,-73.336,-0.563
source_2,1053599589,False,-79.276,-1.823
source_2,1053599589,False,-72.649,-2.976
source_2,1053599589,False,-74.596,0.114
source_2,1053599589,False,-74.485,-2.162
source_2,1053599589,False,-73.296,-1.196
source_2,1053599589,False,-79.817,0.83
source_2,1053599596,False,-75.163,-1.734
source_2,1053599596,False,-75.115,0.275
source_2,1053599596,False,-73.342,-1.091
source_2,1053599596,False,-77.123,0.36
source_2,1053599596,False,-78.729,-2.788
source_2,1053599596,False,-78.33,1.346
source_2,1053599596,False,-78.322,-1.067
source_2,1053599596,False,-78.388,1.427
source_2,1053599602,False,-76.932,0.408
source_2,1053599602,False,-80.358,-0.041
source_2,1053599602,False,-75.914,-1.411
source_2,1053599602,False,-78.55,0.337
source_2,1053599602,False,-78.299,-2.14
source_2,1053599602,False,-75.769,-3.454
source_2,1053599602,False,-78.024,-0.57
source_2,1053599602,False,-82.042,1.056
source_2,1053599619,False,-75.978,-1.199
source_2,1053599619,False,-76.736,-2.856
source_2,1053599619,False,-77.85,-1.642
source_2,1053599619,False,-76.568,-3.206
source_2,1053599619,False,-79.168,-2.247
source_2,1053599619,False,-80.59,-2.738
source_2,1053599619,False,-82.097,-0.671
source_2,1053599619,False,-78.975,-0.339
source_2,1053599626,False,-71.765,-1.917
source_2,1053599626,False,-72.485,-3.864
source_2,1053599626,False,-71.401,-1.715
source_2,1053599626,False,-77.53,-1.525
source_2,1053599626,False,-76.559,-0.013
source_2,1053599626,False,-73.502,-1.878
source_2,1053599626,False,-82.822,3.946
source_2,1053599626,False,-80.003,2.372
source_2,1053599633,False,-73.024,-3.238
source_2,1053599633,False,-76.028,-3.456
source_2,1053599633,False,-76.268,-2.368
source_2,1053599633,False,-78.433,-1.209
source_2,1053599633,False,-80.319,-3.316
source_2,1053599633,False,-76.967,-2.79
source_2,1053599633,False,-81.172,1.49
source_2,1053599633,False,-77.332,-1.613
source_2,1053599640,False,-76.921,-3.382
source_2,1053599640,False,-74.979,-2.607
source_2,1053599640,False,-75.02,-4.137
source_2,1053599640,False,-77.074,-3.189
source_2,1053599640,False,-79.159,-4.184
source_2,1053599640,False,-77.28,-3.863
source_2,1053599640,False,-80.329,-1.357
source_2,1053599640,False,-79.298,-1.076
source_2,1053599657,False,-71.01,-4.666
source_2,1053599657,False,-72.848,-4.714
source_2,1053599657,False,-73.031,-2.642
source_2,1053599657,False,-78.91,-2.921
source_2,1053599657,False,-76.267,-1.731
source_2,1053599657,False,-73.406,-3.234
source_2,1053599657,False,-74.385,-1.826
source_2,1053599657,False,-75.938,-0.994
source_2,1053599664,False,-73.619,-2.657
source_2,1053599664,False,-72.618,-3.981
source_2,1053599664,False,-71.758,-4.923
source_2,1053599664,False,-76.529,-3.095
source_2,1053599664,False,-76.856,-2.973
source_2,1053599664,False,-76.792,-0.794
source_2,1053599664,False,-76.463,-3.493
source_2,1053599664,False,-80.253,-0.785
source_2,1053599671,False,-70.656,-5.47
source_2,1053599671,False,-71.942,-3.62
source_2,1053599671,False,-81.435,-2.067
source_2,1053599671,False,-79.483,-3.41
source_2,1053599671,False,-78.423,-2.11
source_2,1053599671,False,-72.409,-2.346
source_2,1053599671,False,-74.467,-2.78
source_2,1053599671,False,-78.725,-0.451
source_2,1053599688,False,-75.865,-4.881
source_2,1053599688,False,-76.151,-1.974
source_2,1053599688,False,-72.425,-4.468
source_2,1053599688,False,-77.534,-5.518
source_2,1053599688,False,-83.414,-2.292
source_2,1053599688,False,-76.457,-4.644
source_2,1053599688,False,-79.58,-2.677
source_2,1053599688,False,-77.519,-3.304
source_2,1053599695,False,-82.948,-1.178
source_2,1053599695,False,-75.47,-4.609
source_2,1053599695,False,-77.622,-6.585
source_2,1053599695,False,-78.483,-3.35
source_2,1053599695,False,-83.002,-1.69
source_2,1053599695,False,-78.199,-3.581
source_2,1053599695,False,-77.315,-1.526
source_2,1053599695,False,-79.559,-1.639
source_2,1053600681,True,-31.305,-4.44
source_2,1053600681,True,-33.35,-5.781
source_2,1053600681,True,-35.754,-8.19
source_2,1053600681,True,-35.461,-8.841
source_2,1053600681,True,-35.468,-8.111
source_2,1053600681,True,-37.239,-9.355
source_2,1053600681,True,-35.641,-9.33
source_2,1053600681,True,-34.003,-9.285
source_2,1053600681,True,-34.594,-8.929
source_2,1053600681,True,-32.366,-10.55
source_2,1053600681,True,-34.365,-6.813
source_2,1053600681,True,-36.624,-8.522
source_2,1053600681,True,-36.327,-7.218
source_2,1053600681,True,-37.836,-8.173
source_2,1053600681,True,-36.201,-7.939
source_2,1053600681,True,-35.918,-7.351
source_2,1053600681,True,-36.313,-5.796
source_2,1053600681,True,-38.922,-5.976
source_2,1053600681,True,-34.905,-8.082
source_2,1053600681,True,-34.72,-9.903
source_2,1053600681,True,-33.495,-8.784
source_2,1053600681,True,-37.078,-7.169
source_2,1053600681,True,-37.495,-5.921
source_2,1053600681,True,-36.158,-7.203
source_2,1053600681,True,-41.539,-8.506
source_2,1053600681,True,-36.617,-10.072
source_2,1053600681,True,-41.059,-7.752
source_2,1053600681,True,-35.354,-8.272
source_2,1053600681,True,-40.121,-7.666
source_2,1053600681,True,-38.562,-9.141
source_2,1053600681,True,-38.429,-8.071
source_2,1053600681,True,-40.529,-6.405
source_2,1053600681,True,-39.913,-7.494
source_2,1053600681,True,-36.564,-7.669
source_2,1053600681,True,-33.094,-10.61
source_2,1053600681,True,-36.215,-8.437
source_2,1053600681,True,-35.583,-8.305
source_2,1053600681,True,-34.606,-7.255
source_2,1053600681,True,-34.164,-8.625
source_2,1053600681,True,-36.266,-7.228
source_2,1053600681,True,-35.089,-8.748
source_2,1053600681,True,-35.354,-9.154
source_2,1053600681,True,-35.128,-9.914
source_2,1053600681,True,-34.746,-9.997
source_2,1053600681,True,-34.814,-9.476
source_2,1053600681,True,-37.243,-8.464
source_2,1053600681,True,-35.485,-8.093
source_2,1053600681,True,-36.603,-6.531
source_2,1053600681,True,-38.439,-7.425
source_2,1053600681,True,-34.38,-11.147
source_2,1053600681,True,-32.314,-10.013
source_2,1053600681,True,-34.468,-10.89
source_2,1053600681,True,-34.81,-9.479
source_2,1053600681,True,-34.545,-9.259
source_2,1053600681,True,-34.291,-8.488
source_2,1053600681,True,-34.954,-8.467
source_2,1053600681,True,-33.749,-9.129
source_2,1053600681,True,-33.936,-8.558
source_2,1053600681,True,-34.781,-8.566
source_2,1053600681,True,-42.728,-5.659
source_2,1053600681,True,-34.088,-8.457
source_2,1053600681,True,-32.314,-9.16
source_2,1053600681,True,-34.219,-9.065
source_2,1053600681,True,-36.504,-9.089
source_2,1053600681,True,-34.455,-8.767
source_2,1053600681,True,-39.452,-6.606
source_2,1053600681,True,-38.823,-6.226
source_2,1053600681,True,-35.684,-8.116
source_2,1053600681,True,-35.816,-9.905
source_2,1053600681,True,-37.166,-8.097
source_2,1053600681,True,-36.142,-8.344
source_2,1053600681,True,-35.839,-7.979
source_2,1053600681,True,-38.566,-7.59
source_2,1053600681,True,-34.81,-11.519
source_2,1053600681,True,-37.111,-8.037
source_2,1053600681,True,-38.356,-8.676
source_2,1053600681,True,-34.825,-10.533
source_2,1053600681,True,-35.78,-8.604
source_2,1053600681,True,-34.717,-10.088
source_2,1053600681,True,-33.649,-9.241
source_2,1053600681,True,-35.511,-10.465
source_2,1053600681,True,-34.346,-9.348
source_2,1053600681,True,-34.897,-11.274
source_2,1053600681,True,-38.039,-8.933
source_2,1053600681,True,-34.296,-8.113
source_2,1053600681,True,-33.565,-9.074
source_2,1053600681,True,-33.202,-9.402
source_2,1053600681,True,-34.392,-9.593
source_2,1053600681,True,-34.857,-9.096
source_2,1053600681,True,-34.856,-9.791
source_2,1053600681,True,-34.987,-8.393
source_2,1053600681,True,-34.211,-9.65
source_2,1053600681,True,-35.663,-7.961
source_2,1053600681,True,-37.602,-9.099
source_2,1053600681,True,-37.199,-8.109
source_2,1053600681,True,-39.126,-9.135
source_2,1053600681,True,-35.508,-9.456
source_2,1053600681,True,-35.665,-8.65
source_2,1053600681,True,-34.536,-8.894
source_2,1053600681,True,-34.349,-9.199
source_2,1053600681,True,-35.96,-8.753
source_2,1053600681,True,-32.247,-10.463
source_2,1053600681,True,-34.52,-8.636
source_2,1053600681,True,-34.067,-9.416
source_2,1053600681,True,-39.245,-6.764
source_2,1053600681,True,-41.938,-7.12
source_2,1053600681,True,-33.481,-9.755
source_2,1053600681,True,-34.529,-8.617
source_2,1053600681,True,-37.943,-8.454
source_2,1053600681,True,-38.779,-7.314
source_2,1053600681,True,-40.254,-7.327
source_2,1053600681,True,-34.597,-9.201
source_2,1053600681,True,-35.617,-9.435
source_2,1053600681,True,-37.308,-7.794
source_2,1053600681,True,-35.922,-8.363
source_2,1053600681,True,-40.753,-7.201
source_2,1053600681,True,-37.115,-8.615
source_2,1053600681,True,-36.223,-9.667
source_2,1053600681,True,-38.176,-9.287
source_2,1053600681,True,-42.627,-6.378
source_2,1053600681,True,-36.279,-8.112
source_2,1053600681,True,-43.382,-6.921
source_2,1053600681,True,-38.114,-7.98
source_2,1053600681,True,-40.086,-9.338
source_2,1053600681,True,-36.808,-9.149
source_2,1053600681,True,-37.342,-9.206
source_2,1053600681,True,-36.081,-9.102
source_2,1053600681,True,-36.185,-8.281
source_2,1053600681,True,-33.805,-9.768
source_2,1053600681,True,-35.836,-10.242
source_2,1053600681,True,-34.493,-10.007
source_2,1053600681,True,-36.377,-8.904
source_2,1053600681,True,-40.523,-5.387
source_2,1053600681,True,-35.12,-9.337
source_2,1053600681,True,-43.534,-4.841
source_2,1053600681,True,-33.946,-8.211
source_2,1053600681,True,-36.927,-9.045
source_2,1053600681,True,-38.238,-7.995
source_2,1053600681,True,-41.043,-8.039
source_2,1053600681,True,-35.32,-9.553
source_2,1053600681,True,-34.586,-9.899
source_2,1053600681,True,-36.311,-10.0
source_2,1053600681,True,-37.271,-9.6
source_2,1053600681,True,-40.166,-8.361
source_2,1053600681,True,-42.221,-5.874
source_2,1053600681,True,-36.418,-10.125
source_2,1053600681,True,-36.253,-7.901
source_2,1053600681,True,-32.616,-10.106
source_2,1053600681,True,-39.286,-7.365
source_2,1053600681,True,-43.974,-6.211
source_2,1053600681,True,-35.561,-8.396
source_2,1053600681,True,-35.682,-8.723
source_2,1053600681,True,-40.676,-6.75
source_2,1053600681,True,-33.779,-10.508
source_2,1053600681,True,-36.973,-8.309
source_2,1053600681,True,-42.245,-6.476
source_2,1053600681,True,-42.44,-5.073
source_2,1053600681,True,-40.562,-6.738
source_2,1053600681,True,-44.419,-7.437
source_2,1053600681,True,-36.36,-10.027
source_2,1053600681,True,-35.944,-9.219
source_2,1053600681,True,-33.731,-9.275
source_2,1053600681,True,-36.33,-7.206
source_2,1053600681,True,-37.464,-7.926
source_2,1053600681,True,-35.473,-10.08
source_2,1053600681,True,-37.604,-9.21
source_2,1053600681,True,-38.626,-7.458
source_2,1053600681,True,-42.53,-6.46
source_2,1053600681,True,-44.424,-5.128
source_2,1053600681,True,-44.97,-6.444
source_2,1053600681,True,-39.463,-9.876
source_2,1053600681,True,-35.973,-11.162
source_2,1053600681,True,-36.802,-9.282
source_2,1053600681,True,-35.319,-9.791
source_2,1053600681,True,-35.571,-8.866
source_2,1053600681,True,-33.62,-9.519
source_2,1053600681,True,-36.292,-10.144
source_2,1053600681,True,-35.177,-9.563
source_2,1053600681,True,-36.292,-8.237
source_2,1053600681,True,-37.165,-7.023
source_2,1053600681,True,-40.522,-6.973
source_2,1053600681,True,-39.743,-8.34
source_2,1053600681,True,-36.102,-7.834
source_2,1053600681,True,-36.866,-7.327
source_2,1053600681,True,-37.698,-8.776
source_2,1053600681,True,-40.699,-5.783
source_2,1053600681,True,-35.029,-10.633
source_2,1053600681,True,-35.397,-7.96
source_2,1053600681,True,-36.2,-9.208
source_2,1053600681,True,-36.302,-10.981
source_2,1053600681,True,-37.034,-8.747
source_2,1053600681,True,-39.445,-7.273
source_2,1053600681,True,-38.05,-8.801
source_2,1053600681,True,-37.17,-8.843
source_2,1053600681,True,-35.466,-8.341
source_2,1053600681,True,-37.484,-6.918
source_2,1053600681,True,-37.997,-7.494
source_2,1053600681,True,-34.958,-10.627
source_2,1053600681,True,-34.838,-9.125
source_2,1053600681,True,-36.075,-8.219
source_2,1053600681,True,-35.869,-9.383
source_2,1053600681,True,-34.175,-10.116
source_2,1053600681,True,-35.996,-8.459
source_2,1053600681,True,-39.816,-6.517
source_2,1053600681,True,-35.995,-9.068
source_2,1053600681,True,-35.566,-9.524
source_2,1053600681,True,-35.621,-8.631
source_2,1053600681,True,-34.474,-9.228
source_2,1053600681,True,-38.053,-6.882
source_2,1053600681,True,-35.815,-9.829
source_2,1053600681,True,-34.658,-9.817
source_2,1053600681,True,-34.818,-8.875
source_2,1053600681,True,-35.517,-8.437
source_2,1053600681,True,-36.131,-9.193
source_2,1053600681,True,-38.514,-7.859
source_2,1053600681,True,-41.973,-7.15
source_2,1053600681,True,-36.872,-8.937
source_2,1053600681,True,-36.489,-8.76
source_2,1053600681,True,-35.724,-9.627
source_2,1053600681,True,-36.491,-8.974
source_2,1053600681,True,-36.637,-8.311
source_2,1053600681,True,-37.229,-9.451
source_2,1053600681,True,-32.872,-10.028
source_2,1053600681,True,-35.88,-8.533
source_2,1053600681,True,-46.042,-4.056
source_2,1053600681,True,-35.64,-9.781
source_2,1053600681,True,-42.49,-5.81
source_2,1053600681,True,-36.931,-7.558
source_2,1053600681,True,-35.805,-9.502
source_2,1053600681,True,-34.443,-9.179
source_2,1053600681,True,-36.134,-9.393
source_2,1053600681,True,-35.784,-7.812
source_2,1053600681,True,-37.36,-7.33
source_2,1053600681,True,-38.009,-7.467
source_2,1053600681,True,-32.286,-11.878
source_2,1053600681,True,-37.744,-7.376
source_2,1053600681,True,-35.197,-8.726
source_2,1053600681,True,-34.883,-11.025
source_2,1053600681,True,-38.76,-8.828
source_2,1053600681,True,-40.032,-7.157
source_2,1053600681,True,-36.637,-10.277
source_2,1053600681,True,-36.786,-7.971
source_2,1053600681,True,-33.78,-7.837
source_2,1053600681,True,-32.329,-11.486
source_2,1053600681,True,-35.156,-10.666
source_2,1053600681,True,-34.481,-9.78
source_2,1053600681,True,-34.838,-8.995
source_2,1053600681,True,-33.846,-9.57
source_2,1053600681,True,-35.754,-8.442
source_2,1053600681,True,-35.856,-8.254
source_2,1053600681,True,-41.979,-6.059
source_2,1053600681,True,-35.385,-9.161
source_2,1053600681,True,-34.138,-9.701
source_2,1053600681,True,-33.2,-10.465
source_2,1053600681,True,-33.913,-9.856
source_2,1053600681,True,-35.134,-9.862
source_2,1053600681,True,-37.115,-7.646
source_2,1053600681,True,-34.936,-8.528
source_2,1053600681,True,-36.035,-8.552
source_2,1053600681,True,-36.517,-8.124
source_2,1053600681,True,-36.767,-8.414
source_2,1053600681,True,-35.51,-8.071
source_2,1053600681,True,-37.37,-8.002
source_2,1053600681,True,-44.222,-8.007
source_2,1053600681,True,-36.546,-10.149
source_2,1053600681,True,-35.899,-9.302
source_2,1053600681,True,-35.563,-10.049
source_2,1053600681,True,-35.828,-8.065
source_2,1053600681,True,-35.663,-9.885
source_2,1053600681,True,-34.767,-9.794
source_2,1053600681,True,-36.288,-8.233
source_2,1053600681,True,-36.757,-8.996
source_2,1053600681,True,-35.749,-9.525
source_2,1053600681,True,-35.088,-8.716
source_2,1053600681,True,-34.451,-9.814
source_2,1053600681,True,-35.716,-7.437
source_2,1053600681,True,-36.132,-9.385
source_2,1053600681,True,-34.544,-9.652
source_2,1053600681,True,-34.859,-10.093
source_2,1053600681,True,-37.013,-9.164
source_2,1053600681,True,-36.469,-8.14
source_2,1053600681,True,-40.613,-5.854
source_2,1053600681,True,-39.713,-6.34
source_2,1053600681,True,-37.082,-8.524
source_2,1053600681,True,-35.332,-10.193
source_2,1053600681,True,-35.929,-8.799
source_2,1053600681,True,-36.055,-9.412
source_2,1053600681,True,-36.872,-8.77
source_2,1053600681,True,-37.752,-8.898
source_2,1053600681,True,-34.939,-10.598
source_2,1053600681,True,-35.524,-8.832
source_2,1053600681,True,-35.357,-8.602
source_2,1053600681,True,-36.735,-8.279
source_2,1053600681,True,-33.543,-10.232
source_2,1053600681,True,-38.498,-7.376
source_2,1053600681,True,-37.421,-9.59
source_2,1053600681,True,-39.826,-6.207
source_2,1053600681,True,-43.195,-6.269
source_2,1053600681,True,-38.958,-6.33
source_2,1053600681,True,-38.284,-6.597
source_2,1053600681,True,-35.684,-7.372
source_2,1053600681,True,-41.773,-5.701
source_2,1053600681,True,-34.685,-7.226
source_2,1053600681,True,-36.887,-7.825
source_2,1053600681,True,-39.47,-6.958
source_2,1053600681,True,-35.534,-8.06
source_2,1053600681,True,-33.398,-7.696
source_2,1053600681,True,-35.797,-8.131
source_2,1053600681,True,-41.66,-5.533
source_2,1053600681,True,-38.519,-8.846
source_2,1053600681,True,-36.432,-10.105
source_2,1053600681,True,-36.356,-8.808
source_2,1053600681,True,-42.31,-8.801
source_2,1053600681,True,-37.512,-8.38
source_2,1053600681,True,-35.62,-8.808
source_2,1053600681,True,-35.469,-11.407
source_2,1053600681,True,-36.305,-9.298
source_2,1053600681,True,-34.291,-8.78
source_2,1053600681,True,-35.164,-10.803
source_2,1053600681,True,-34.422,-9.133
source_2,1053600681,True,-34.719,-8.037
source_2,1053600681,True,-35.742,-6.858
source_2,1053600681,True,-38.558,-6.331
source_2,1053600681,True,-38.589,-7.43
source_2,1053600681,True,-37.511,-7.408
source_2,1053600681,True,-39.813,-6.188
source_2,1053600681,True,-44.031,-21.755
source_2,1053600681,True,-36.732,-7.024
source_2,1053600681,True,-35.403,-8.028
source_2,1053600681,True,-35.021,-7.258
source_2,1053600681,True,-34.465,-9.24
source_2,1053600681,True,-34.035,-7.962
source_2,1053600681,True,-37.042,-8.181
source_2,1053600681,True,-36.355,-8.881
source_2,1053600681,True,-35.999,-9.573
source_2,1053600681,True,-38.489,-9.126
source_2,1053600681,True,-34.688,-9.541
source_2,1053600681,True,-35.476,-7.9
source_2,1053600681,True,-34.435,-9.025
source_2,1053600681,True,-34.418,-8.263
source_2,1053600681,True,-35.376,-8.564
source_2,1053600681,True,-33.999,-8.305
source_2,1053600681,True,-35.301,-6.016
source_2,1053600681,True,-34.792,-9.425
source_2,1053600681,True,-34.298,-8.032
source_2,1053600681,True,-33.153,-8.647
source_2,1053600681,True,-33.668,-8.057
source_2,1053600681,True,-35.544,-7.326
source_2,1053600681,True,-38.681,-7.211
source_2,1053600681,True,-39.911,-4.526
source_2,1053600681,True,-34.229,-7.319
source_2,1053600681,True,-34.888,-8.296
source_2,1053600681,True,-35.455,-8.51
source_2,1053600681,True,-34.318,-9.487
source_2,1053600681,True,-37.285,-6.324
source_2,1053600681,True,-36.558,-7.002
source_2,1053600681,True,-39.041,-5.7
source_2,1053600681,True,-42.338,-6.704
source_2,1053600681,True,-35.908,-7.488
source_2,1053600681,True,-37.968,-7.288
source_2,1053600681,True,-38.182,-8.324
source_2,1053600681,True,-43.734,-4.324
source_2,1053600681,True,-37.267,-7.402
source_2,1053600681,True,-36.641,-8.888
source_2,1053600681,True,-35.882,-8.166
source_2,1053600681,True,-37.548,-6.209
source_2,1053600681,True,-36.392,-7.701
source_2,1053600681,True,-37.699,-7.563
source_2,1053600681,True,-39.079,-7.069
source_2,1053600681,True,-38.886,-5.771
source_2,1053600681,True,-39.012,-5.808
source_2,1053600681,True,-39.891,-3.957
source_2,1053600681,True,-34.671,-6.313
source_2,1053600681,True,-41.139,-3.957
source_2,1053600681,True,-39.357,-5.305
source_2,1053600681,True,-36.391,-5.898
source_2,1053600681,True,-33.54,-7.685
source_2,1053600681,True,-36.359,-7.483
source_2,1053600681,True,-37.415,-6.663
source_2,1053600681,True,-38.147,-7.307
source_2,1053600681,True,-35.977,-4.551
source_2,1053600681,True,-37.097,-8.848
source_2,1053600681,True,-36.25,-8.328
source_2,1053600681,True,-39.225,-12.005
source_2,1053600704,False,-34.503,-8.054
source_2,1053600704,False,-35.258,-9.124
source_2,1053600704,False,-34.734,-9.35
source_2,1053600704,False,-34.43,-7.397
source_2,1053600704,False,-36.462,-7.98
source_2,1053600704,False,-35.752,-9.308
source_2,1053600704,False,-36.228,-7.671
source_2,1053600704,False,-38.157,-5.692
source_2,1053600711,False,-35.007,-9.128
source_2,1053600711,False,-34.438,-10.213
source_2,1053600711,False,-34.823,-9.056
source_2,1053600711,False,-36.113,-9.058
source_2,1053600711,False,-33.737,-8.83
source_2,1053600711,False,-35.356,-8.438
source_2,1053600711,False,-36.513,-8.208
source_2,1053600711,False,-37.532,-9.005
source_2,1053600728,False,-36.573,-9.265
source_2,1053600728,False,-35.496,-7.524
source_2,1053600728,False,-35.922,-9.14
source_2,1053600728,False,-34.983,-9.337
source_2,1053600728,False,-36.868,-9.207
source_2,1053600728,False,-36.399,-8.143
source_2,1053600728,False,-36.043,-9.727
source_2,1053600728,False,-37.945,-8.899
source_2,1053600735,False,-36.263,-10.605
source_2,1053600735,False,-34.082,-9.874
source_2,1053600735,False,-35.415,-9.476
source_2,1053600735,False,-37.838,-7.155
source_2,1053600735,False,-35.323,-10.339
source_2,1053600735,False,-36.841,-10.121
source_2,1053600735,False,-35.845,-8.746
source_2,1053600735,False,-38.133,-8.267
source_2,1053600742,False,-38.528,-8.044
source_2,1053600742,False,-38.603,-9.887
source_2,1053600742,False,-36.462,-9.504
source_2,1053600742,False,-37.096,-9.512
source_2,1053600742,False,-38.067,-9.588
source_2,1053600742,False,-34.048,-10.844
source_2,1053600742,False,-37.131,-8.85
source_2,1053600742,False,-37.815,-9.252
source_2,1053600759,False,-36.379,-11.171
source_2,1053600759,False,-35.766,-8.069
source_2,1053600759,False,-36.076,-10.598
source_2,1053600759,False,-41.776,-9.746
source_2,1053600759,False,-35.027,-10.551
source_2,1053600759,False,-34.676,-11.764
source_2,1053600759,False,-40.566,-8.929
source_2,1053600759,False,-36.759,-10.8
source_2,1053600766,False,-35.31,-10.852
source_2,1053600766,False,-32.538,-14.288
source_2,1053600766,False,-35.13,-11.297
source_2,1053600766,False,-36.482,-11.048
source_2,1053600766,False,-36.836,-10.616
source_2,1053600766,False,-37.355,-11.895
source_2,1053600766,False,-36.11,-10.779
source_2,1053600766,False,-41.548,-7.521
source_2,1053600773,False,-36.649,-9.426
source_2,1053600773,False,-36.596,-8.774
source_2,1053600773,False,-37.125,-9.992
source_2,1053600773,False,-35.604,-9.402
source_2,1053600773,False,-37.45,-8.884
source_2,1053600773,False,-38.579,-9.019
source_2,1053600773,False,-38.685,-10.408
source_2,1053600773,False,-41.451,-7.54
source_2,1053600780,False,-35.507,-9.945
source_2,1053600780,False,-33.537,-10.934
source_2,1053600780,False,-36.505,-10.838
source_2,1053600780,False,-35.836,-10.584
source_2,1053600780,False,-35.353,-11.322
source_2,1053600780,False,-37.544,-10.438
source_2,1053600780,False,-39.39,-8.599
source_2,1053600780,False,-38.452,-8.776
source_2,1053600797,False,-36.081,-11.412
source_2,1053600797,False,-34.38,-10.842
source_2,1053600797,False,-34.726,-11.475
source_2,1053600797,False,-35.096,-11.944
source_2,1053600797,False,-36.566,-8.281
source_2,1053600797,False,-39.309,-8.924
source_2,1053600797,False,-38.681,-10.006
source_2,1053600797,False,-35.089,-10.268
source_2,1053600803,False,-35.937,-12.771
source_2,1053600803,False,-37.443,-11.513
source_2,1053600803,False,-37.943,-11.035
source_2,1053600803,False,-38.489,-10.458
source_2,1053600803,False,-44.246,-9.676
source_2,1053600803,False,-35.021,-13.131
source_2,1053600803,False,-32.566,-13.891
source_2,1053600803,False,-38.179,-9.58
source_2,1053600810,False,-36.372,-10.868
source_2,1053600810,False,-37.235,-11.109
source_2,1053600810,False,-37.246,-12.651
source_2,1053600810,False,-37.396,-12.133
source_2,1053600810,False,-36.712,-10.471
source_2,1053600810,False,-36.574,-8.777
source_2,1053600810,False,-37.7,-9.645
source_2,1053600810,False,-43.181,-9.574
source_2,1053600827,False,-34.916,-11.216
source_2,1053600827,False,-37.478,-12.316
source_2,1053600827,False,-33.839,-12.907
source_2,1053600827,False,-37.584,-11.646
source_2,1053600827,False,-35.369,-11.605
source_2,1053600827,False,-37.813,-11.206
source_2,1053600827,False,-37.325,-10.03
source_2,1053600827,False,-37.673,-11.391
source_2,1053600834,False,-37.808,-12.672
source_2,1053600834,False,-36.303,-12.879
source_2,1053600834,False,-35.309,-12.554
source_2,1053600834,False,-40.752,-10.194
source_2,1053600834,False,-34.922,-12.071
source_2,1053600834,False,-35.043,-12.13
source_2,1053600834,False,-37.69,-12.035
source_2,1053600834,False,-36.462,-8.046
source_2,1053600841,False,-37.736,-10.938
source_2,1053600841,False,-37.784,-11.698
source_2,1053600841,False,-38.284,-11.225
source_2,1053600841,False,-36.4,-12.417
source_2,1053600841,False,-38.413,-11.535
source_2,1053600841,False,-36.855,-10.925
source_2,1053600841,False,-35.118,-11.653
source_2,1053600841,False,-37.117,-9.722
source_2,1053600858,False,-36.725,-12.511
source_2,1053600858,False,-37.061,-11.185
source_2,1053600858,False,-37.31,-12.042
source_2,1053600858,False,-34.519,-13.313
source_2,1053600858,False,-35.81,-13.265
source_2,1053600858,False,-38.423,-10.873
source_2,1053600858,False,-39.095,-10.921
source_2,1053600858,False,-36.777,-12.889
source_2,1053600865,False,-37.138,-14.398
source_2,1053600865,False,-37.84,-12.723
source_2,1053600865,False,-37.238,-10.535
source_2,1053600865,False,-36.13,-12.476
source_2,1053600865,False,-37.596,-11.833
source_2,1053600865,False,-37.053,-11.364
source_2,1053600865,False,-39.309,-9.603
source_2,1053600865,False,-35.42,-13.211
source_2,1053600872,False,-35.565,-14.769
source_2,1053600872,False,-37.628,-11.439
source_2,1053600872,False,-36.495,-12.898
source_2,1053600872,False,-36.442,-14.666
source_2,1053600872,False,-36.355,-13.936
source_2,1053600872,False,-39.14,-12.085
source_2,1053600872,False,-36.36,-11.373
source_2,1053600872,False,-40.654,-9.0
source_2,1053600889,False,-35.006,-12.574
source_2,1053600889,False,-37.668,-12.731
source_2,1053600889,False,-37.7,-11.603
source_2,1053600889,False,-36.223,-13.42
source_2,1053600889,False,-39.667,-12.354
source_2,1053600889,False,-39.46,-12.57
source_2,1053600889,False,-35.559,-13.573
source_2,1053600889,False,-37.761,-12.926
source_2,1053600896,False,-39.169,-13.243
source_2,1053600896,False,-35.807,-15.759
source_2,1053600896,False,-38.218,-15.248
source_2,1053600896,False,-39.437,-13.868
source_2,1053600896,False,-38.759,-12.099
source_2,1053600896,False,-38.047,-14.831
source_2,1053600896,False,-39.849,-12.081
source_2,1053600896,False,-38.74,-12.035
source_2,1053601756,False,-30.51,-11.285
source_2,1053601756,False,-30.725,-11.694
source_2,1053601756,False,-31.494,-13.494
source_2,1053601756,False,-28.849,-12.019
source_2,1053601756,False,-31.69,-14.984
source_2,1053601756,False,-29.712,-11.997
source_2,1053601756,False,-30.397,-12.137
source_2,1053601756,False,-31.627,-11.115
source_2,1053601763,False,-32.586,-12.132
source_2,1053601763,False,-30.864,-14.339
source_2,1053601763,False,-31.879,-12.001
source_2,1053601763,False,-33.283,-12.044
source_2,1053601763,False,-33.243,-12.463
source_2,1053601763,False,-34.814,-9.543
source_2,1053601763,False,-32.837,-12.239
source_2,1053601763,False,-34.185,-10.772
source_2,1053601770,False,-30.667,-13.017
source_2,1053601770,False,-31.038,-12.974
source_2,1053601770,False,-33.159,-12.711
source_2,1053601770,False,-32.098,-12.237
source_2,1053601770,False,-32.935,-11.41
source_2,1053601770,False,-32.738,-8.688
source_2,1053601770,False,-33.617,-9.107
source_2,1053601770,False,-33.636,-8.936
source_2,1053601787,False,-32.878,-10.799
source_2,1053601787,False,-33.267,-12.036
source_2,1053601787,False,-33.279,-10.733
source_2,1053601787,False,-34.169,-9.621
source_2,1053601787,False,-32.4,-10.727
source_2,1053601787,False,-30.968,-12.403
source_2,1053601787,False,-34.483,-11.0
source_2,1053601787,False,-33.865,-8.795
source_2,1053601794,False,-32.876,-9.598
source_2,1053601794,False,-31.146,-14.981
source_2,1053601794,False,-30.37,-13.315
source_2,1053601794,False,-33.676,-11.555
source_2,1053601794,False,-32.219,-11.756
source_2,1053601794,False,-33.171,-11.98
source_2,1053601794,False,-33.002,-10.712
source_2,1053601794,False,-32.33,-11.729
source_2,1053601800,False,-32.036,-11.441
source_2,1053601800,False,-32.134,-11.178
source_2,1053601800,False,-34.624,-10.484
source_2,1053601800,False,-32.311,-12.176
source_2,1053601800,False,-32.678,-12.116
source_2,1053601800,False,-34.38,-12.057
source_2,1053601800,False,-34.846,-9.672
source_2,1053601800,False,-32.08,-10.574
source_2,1053601817,False,-32.021,-12.492
source_2,1053601817,False,-33.919,-9.696
source_2,1053601817,False,-31.976,-10.809
source_2,1053601817,False,-31.874,-12.885
source_2,1053601817,False,-32.61,-11.021
source_2,1053601817,False,-32.722,-12.884
source_2,1053601817,False,-31.999,-11.666
source_2,1053601817,False,-33.943,-11.778
source_2,1053601824,False,-31.343,-13.546
source_2,1053601824,False,-33.198,-12.119
source_2,1053601824,False,-31.529,-12.811
source_2,1053601824,False,-31.84,-13.714
source_2,1053601824,False,-32.086,-12.768
source_2,1053601824,False,-31.673,-12.178
source_2,1053601824,False,-31.448,-12.603
source_2,1053601824,False,-32.631,-10.729
source_2,1053601831,False,-31.973,-12.0
source_2,1053601831,False,-32.012,-13.361
source_2,1053601831,False,-29.79,-14.696
source_2,1053601831,False,-29.912,-13.672
source_2,1053601831,False,-32.782,-12.996
source_2,1053601831,False,-32.402,-14.604
source_2,1053601831,False,-32.835,-13.361
source_2,1053601831,False,-31.822,-11.402
source_2,1053601848,False,-33.272,-14.636
source_2,1053601848,False,-31.585,-15.663
source_2,1053601848,False,-34.816,-12.898
source_2,1053601848,False,-36.391,-14.254
source_2,1053601848,False,-31.88,-14.701
source_2,1053601848,False,-32.48,-14.562
source_2,1053601848,False,-33.202,-13.412
source_2,1053601848,False,-35.062,-11.821
source_2,1053601855,False,-32.203,-14.126
source_2,1053601855,False,-33.049,-13.24
source_2,1053601855,False,-34.377,-12.851
source_2,1053601855,False,-36.706,-10.739
source_2,1053601855,False,-33.356,-12.539
source_2,1053601855,False,-33.336,-10.727
source_2,1053601855,False,-33.417,-10.867
source_2,1053601855,False,-30.985,-11.372
source_2,1053601862,False,-32.31,-13.387
source_2,1053601862,False,-34.864,-12.062
source_2,1053601862,False,-33.329,-12.267
source_2,1053601862,False,-35.6,-12.156
source_2,1053601862,False,-35.303,-11.294
source_2,1053601862,False,-32.696,-12.517
source_2,1053601862,False,-33.702,-13.037
source_2,1053601862,False,-32.704,-8.888
source_2,1053601879,False,-31.833,-11.866
source_2,1053601879,False,-33.151,-12.339
source_2,1053601879,False,-32.012,-12.89
source_2,1053601879,False,-33.579,-12.509
source_2,1053601879,False,-32.455,-14.72
source_2,1053601879,False,-33.358,-14.3
source_2,1053601879,False,-33.791,-10.47
source_2,1053601879,False,-33.329,-12.707
source_2,1053601909,False,-32.392,-15.417
source_2,1053601909,False,-32.915,-14.434
source_2,1053601909,False,-32.527,-12.821
source_2,1053601909,False,-32.247,-12.724
source_2,1053601909,False,-31.575,-13.683
source_2,1053601909,False,-32.35,-14.143
source_2,1053601909,False,-29.773,-13.338
source_2,1053601909,False,-30.453,-13.33
source_2,1053601923,False,-34.81,-13.711
source_2,1053601923,False,-34.694,-15.511
source_2,1053601923,False,-34.94,-12.94
source_2,1053601923,False,-34.101,-15.159
source_2,1053601923,False,-34.182,-14.63
source_2,1053601923,False,-34.676,-13.686
source_2,1053601923,False,-32.587,-14.133
source_2,1053601923,False,-29.326,-15.289
source_2,1053601947,False,-37.471,-14.364
source_2,1053601947,False,-35.587,-14.293
source_2,1053601947,False,-36.087,-13.788
source_2,1053601947,False,-34.669,-18.033
source_2,1053601947,False,-36.472,-15.34
source_2,1053601947,False,-36.84,-14.48
source_2,1053601947,False,-37.25,-15.108
source_2,1053601947,False,-34.332,-14.041
source_2,1086289648,False,46.968,-21.902
source_2,1086289648,False,46.886,-19.236
source_2,1086289648,False,45.799,-20.641
source_2,1086289648,False,50.025,-24.234
source_2,1086289648,False,46.444,-20.895
source_2,1086289648,False,48.26,-24.123
source_2,1086289648,False,47.806,-24.166
source_2,1086289648,False,47.499,-20.897
source_2,1086289655,False,41.763,-21.471
source_2,1086289655,False,40.186,-18.237
source_2,1086289655,False,43.473,-22.323
source_2,1086289655,False,43.032,-21.306
source_2,1086289655,False,46.168,-18.966
source_2,1086289655,False,37.544,-18.945
source_2,1086289655,False,44.574,-23.472
source_2,1086289655,False,40.476,-19.554
source_2,1086289662,False,43.427,-27.288
source_2,1086289662,False,43.446,-26.757
source_2,1086289662,False,43.425,-28.281
source_2,1086289662,False,42.706,-26.639
source_2,1086289662,False,42.835,-27.365
source_2,1086289662,False,41.043,-27.203
source_2,1086289662,False,42.435,-27.152
source_2,1086289662,False,39.257,-23.7
source_2,1086289679,False,41.507,-26.314
source_2,1086289679,False,37.698,-24.591
source_2,1086289679,False,40.809,-26.396
source_2,1086289679,False,41.077,-24.363
source_2,1086289679,False,43.431,-29.099
source_2,1086289679,False,41.873,-26.787
source_2,1086289679,False,42.371,-26.803
source_2,1086289679,False,42.731,-24.011
source_2,1086289693,False,46.454,-29.304
source_2,1086289693,False,42.107,-25.806
source_2,1086289693,False,42.728,-29.204
source_2,1086289693,False,42.006,-28.215
source_2,1086289693,False,40.33,-25.629
source_2,1086289693,False,39.668,-24.994
source_2,1086289693,False,34.871,-23.177
source_2,1086289693,False,39.005,-28.316
source_2,1086289709,False,41.966,-27.548
source_2,1086289709,False,42.411,-26.073
source_2,1086289709,False,44.427,-28.991
source_2,1086289709,False,40.406,-26.669
source_2,1086289709,False,36.406,-27.017
source_2,1086289709,False,40.884,-27.291
source_2,1086289709,False,38.05,-26.067
source_2,1086289709,False,36.264,-24.505
source_2,1086289716,False,37.76,-23.161
source_2,1086289716,False,41.282,-27.675
source_2,1086289716,False,42.927,-29.737
source_2,1086289716,False,38.098,-26.061
source_2,1086289716,False,35.904,-28.36
source_2,1086289716,False,39.823,-28.741
source_2,1086289716,False,34.77,-23.434
source_2,1086289716,False,37.161,-27.492
source_2,1086289730,False,41.695,-21.208
source_2,1086289730,False,41.822,-22.437
source_2,1086289730,False,40.733,-20.827
source_2,1086289730,False,45.634,-23.743
source_2,1086289730,False,42.033,-21.275
source_2,1086289730,False,42.89,-21.968
source_2,1086289730,False,43.735,-24.14
source_2,1086289730,False,44.253,-24.356
source_2,1086289747,False,47.15,-23.621
source_2,1086289747,False,50.136,-23.271
source_2,1086289747,False,48.449,-21.139
source_2,1086289747,False,48.421,-26.187
source_2,1086289747,False,48.45,-25.324
source_2,1086289747,False,49.153,-23.953
source_2,1086289747,False,46.91,-25.808
source_2,1086289747,False,35.856,-21.957
source_2,1086289754,False,41.996,-19.233
source_2,1086289754,False,47.548,-22.488
source_2,1086289754,False,45.242,-22.707
source_2,1086289754,False,45.057,-22.357
source_2,1086289754,False,44.199,-21.464
source_2,1086289754,False,44.629,-21.694
source_2,1086289754,False,41.948,-19.941
source_2,1086289754,False,40.421,-20.177
source_2,1086289761,False,42.253,-21.977
source_2,1086289761,False,42.222,-22.437
source_2,1086289761,False,38.022,-22.335
source_2,1086289761,False,41.035,-21.829
source_2,1086289761,False,41.652,-20.504
source_2,1086289761,False,42.29,-20.592
source_2,1086289761,False,42.241,-22.145
source_2,1086289761,False,41.586,-22.242
source_2,1086289778,False,53.446,-24.762
source_2,1086289778,False,44.738,-23.966
source_2,1086289778,False,40.214,-20.828
source_2,1086289778,False,45.68,-24.101
source_2,1086289778,False,42.681,-22.506
source_2,1086289778,False,44.41,-22.345
source_2,1086289778,False,41.898,-22.753
source_2,1086289778,False,46.341,-23.797
source_2,1086289785,False,48.464,-21.912
source_2,1086289785,False,49.299,-24.011
source_2,1086289785,False,45.034,-22.279
source_2,1086289785,False,41.841,-19.302
source_2,1086289785,False,45.53,-20.332
source_2,1086289785,False,42.921,-22.196
source_2,1086289785,False,38.206,-19.234
source_2,1086289785,False,40.914,-20.649
source_2,1086289792,False,40.996,-17.242
source_2,1086289792,False,46.963,-23.901
source_2,1086289792,False,42.726,-22.828
source_2,1086289792,False,41.434,-20.666
source_2,1086289792,False,47.009,-22.441
source_2,1086289792,False,44.034,-23.198
source_2,1086289792,False,41.626,-22.245
source_2,1086289792,False,40.371,-20.854
source_2,1086290323,False,39.375,-6.096
source_2,1086290323,False,53.857,-16.479
source_2,1086290323,False,55.159,-15.353
source_2,1086290323,False,52.815,-15.801
source_2,1086290323,False,52.532,-14.949
source_2,1086290323,False,50.408,-14.154
source_2,1086290323,False,51.301,-18.115
source_2,1086290323,False,49.639,-13.701
source_2,1086290330,False,53.271,-19.711
source_2,1086290330,False,51.468,-23.038
source_2,1086290330,False,55.713,-22.765
source_2,1086290330,False,49.86,-21.284
source_2,1086290330,False,52.509,-22.219
source_2,1086290330,False,49.729,-19.45
source_2,1086290330,False,47.87,-20.986
source_2,1086290330,False,50.953,-22.858
source_2,1086290347,False,59.062,-17.626
source_2,1086290347,False,55.695,-17.962
source_2,1086290347,False,52.934,-14.802
source_2,1086290347,False,55.943,-13.586
source_2,1086290347,False,54.372,-18.706
source_2,1086290347,False,52.691,-15.643
source_2,1086290347,False,48.03,-16.449
source_2,1086290347,False,53.868,-17.23
source_2,1086290354,False,51.085,-15.619
source_2,1086290354,False,50.857,-13.79
source_2,1086290354,False,50.733,-14.785
source_2,1086290354,False,51.353,-14.983
source_2,1086290354,False,51.142,-16.095
source_2,1086290354,False,49.435,-15.898
source_2,1086290354,False,54.152,-16.558
source_2,1086290354,False,43.412,-12.217
source_2,1086290361,False,50.18,-19.333
source_2,1086290361,False,46.024,-18.338
source_2,1086290361,False,49.046,-19.021
source_2,1086290361,False,46.651,-18.955
source_2,1086290361,False,43.157,-14.979
source_2,1086290361,False,48.219,-20.398
source_2,1086290361,False,48.683,-16.649
source_2,1086290361,False,50.418,-16.06
source_2,1086290453,False,46.907,-20.069
source_2,1086290453,False,50.572,-21.553
source_2,1086290453,False,51.807,-20.345
source_2,1086290453,False,48.9,-22.549
source_2,1086290453,False,46.333,-20.108
source_2,1086290453,False,47.366,-21.886
source_2,1086290453,False,47.116,-22.299
source_2,1086290453,False,51.655,-23.64
source_2,1086290477,False,102.114,-48.597
source_2,1086290477,False,78.729,-35.959
source_2,1086290477,False,101.439,-47.879
source_2,1086290477,False,97.654,-45.767
source_2,1086290477,False,106.068,-47.856
source_2,1086290477,False,93.049,-41.088
source_2,1086290477,False,104.812,-48.831
source_2,1086290477,False,100.212,-44.935
source_2,1086290484,False,97.205,-42.004
source_2,1086290484,False,95.326,-42.664
source_2,1086290484,False,95.725,-42.855
source_2,1086290484,False,88.408,-38.035
source_2,1086290484,False,89.023,-38.183
source_2,1086290484,False,93.27,-41.489
source_2,1086290484,False,90.518,-40.196
source_2,1086290484,False,83.429,-35.652
source_2,1086290521,False,107.614,-46.226
source_2,1086290521,False,102.305,-46.858
source_2,1086290521,False,98.835,-42.514
source_2,1086290521,False,91.492,-38.703
source_2,1086290521,False,99.678,-43.182
source_2,1086290521,False,102.836,-45.09
source_2,1086290521,False,103.325,-42.831
source_2,1086290521,False,89.081,-37.295
source_2,1086290644,False,97.632,-43.614
source_2,1086290644,False,79.242,-35.946
source_2,1086290644,False,86.021,-38.124
source_2,1086290644,False,92.479,-41.379
source_2,1086290644,False,89.461,-40.921
source_2,1086290644,False,84.45,-38.385
source_2,1086290644,False,91.53,-39.475
source_2,1086290644,False,92.129,-42.741
source_2,1086290668,False,104.967,-48.578
source_2,1086290668,False,87.288,-40.997
source_2,1086290668,False,94.291,-44.627
source_2,1086290668,False,95.012,-42.523
source_2,1086290668,False,91.951,-41.322
source_2,1086290668,False,95.3,-43.918
source_2,1086290668,False,87.984,-39.243
source_2,1086290668,False,93.227,-38.993
source_2,1086291917,False,-44.169,-2.455
source_2,1086291917,False,-41.559,-3.422
source_2,1086291917,False,-39.588,-3.856
source_2,1086291917,False,-42.446,-2.424
source_2,1086291917,False,-42.092,-2.783
source_2,1086291917,False,-47.006,-0.082
source_2,1086291917,False,-42.084,-3.144
source_2,1086291917,False,-47.386,-2.447
source_2,1086291924,False,-38.831,-4.311
source_2,1086291924,False,-42.412,-7.241
source_2,1086291924,False,-42.641,-4.162
source_2,1086291924,False,-43.528,-4.798
source_2,1086291924,False,-47.491,-3.249
source_2,1086291924,False,-43.64,-4.492
source_2,1086291924,False,-42.904,-4.19
source_2,1086291924,False,-51.061,-0.902
source_2,1086291931,False,-39.985,-6.063
source_2,1086291931,False,-42.223,-2.64
source_2,1086291931,False,-42.317,-3.152
source_2,1086291931,False,-42.568,-2.674
source_2,1086291931,False,-42.836,-4.651
source_2,1086291931,False,-44.121,-5.994
source_2,1086291931,False,-42.941,-4.694
source_2,1086291931,False,-44.356,-4.35
source_2,1086291948,False,-42.673,-6.766
source_2,1086291948,False,-41.557,-7.055
source_2,1086291948,False,-41.703,-6.445
source_2,1086291948,False,-44.551,-4.279
source_2,1086291948,False,-40.787,-6.021
source_2,1086291948,False,-41.718,-7.066
source_2,1086291948,False,-42.985,-5.54
source_2,1086291948,False,-41.904,-6.181
source_2,1086291955,False,-46.527,-4.267
source_2,1086291955,False,-42.904,-6.969
source_2,1086291955,False,-42.029,-8.832
source_2,1086291955,False,-44.256,-5.443
source_2,1086291955,False,-44.301,-6.063
source_2,1086291955,False,-44.263,-7.446
source_2,1086291955,False,-44.164,-4.903
source_2,1086291955,False,-43.143,-5.778
source_2,1086291962,False,-39.907,-3.863
source_2,1086291962,False,-44.759,-6.152
source_2,1086291962,False,-40.042,-6.1
source_2,1086291962,False,-42.176,-6.345
source_2,1086291962,False,-42.086,-7.38
source_2,1086291962,False,-41.875,-6.103
source_2,1086291962,False,-42.038,-5.9
source_2,1086291962,False,-45.819,-5.978
source_2,1086291979,False,-44.991,-7.05
source_2,1086291979,False,-48.393,-6.296
source_2,1086291979,False,-45.599,-5.597
source_2,1086291979,False,-46.459,-5.955
source_2,1086291979,False,-47.047,-3.116
source_2,1086291979,False,-47.764,-7.584
source_2,1086291979,False,-50.138,-4.505
source_2,1086291979,False,-48.558,-4.854
source_2,1086291986,False,-50.578,-4.479
source_2,1086291986,False,-43.884,-7.491
source_2,1086291986,False,-42.606,-9.945
source_2,1086291986,False,-46.092,-3.959
source_2,1086291986,False,-44.475,-5.469
source_2,1086291986,False,-46.299,-9.417
source_2,1086291986,False,-44.526,-6.292
source_2,1086291986,False,-49.782,-3.595
source_2,1086292006,False,-44.874,-8.694
source_2,1086292006,False,-42.613,-8.099
source_2,1086292006,False,-43.243,-10.777
source_2,1086292006,False,-43.345,-8.286
source_2,1086292006,False,-43.621,-8.116
source_2,1086292006,False,-43.006,-7.206
source_2,1086292006,False,-44.547,-6.637
source_2,1086292006,False,-45.471,-6.271
source_2,1086292013,False,-40.74,-7.12
source_2,1086292013,False,-42.613,-7.315
source_2,1086292013,False,-46.4,-6.647
source_2,1086292013,False,-43.914,-6.811
source_2,1086292013,False,-44.106,-7.777
source_2,1086292013,False,-47.076,-7.539
source_2,1086292013,False,-44.831,-6.591
source_2,1086292013,False,-44.98,-8.931
source_2,1086292020,False,-40.401,-8.758
source_2,1086292020,False,-44.628,-7.579
source_2,1086292020,False,-46.735,-5.836
source_2,1086292020,False,-44.78,-9.071
source_2,1086292020,False,-47.767,-8.487
source_2,1086292020,False,-47.062,-7.886
source_2,1086292020,False,-44.779,-6.348
source_2,1086292020,False,-50.712,-5.483
source_2,1086292044,False,-46.517,-5.035
source_2,1086292044,False,-47.415,-5.583
source_2,1086292044,False,-43.378,-8.029
source_2,1086292044,False,-44.591,-8.141
source_2,1086292044,False,-46.087,-7.704
source_2,1086292044,False,-46.891,-7.0
source_2,1086292044,False,-47.765,-7.914
source_2,1086292044,False,-43.525,-8.945
source_2,1086292051,False,-50.051,-4.3
source_2,1086292051,False,-42.935,-7.755
source_2,1086292051,False,-47.447,-7.2
source_2,1086292051,False,-47.392,-6.283
source_2,1086292051,False,-44.465,-8.197
source_2,1086292051,False,-47.323,-8.01
source_2,1086292051,False,-46.572,-6.798
source_2,1086292051,False,-45.361,-8.656
source_2,1086292068,False,-44.237,-6.436
source_2,1086292068,False,-43.119,-7.386
source_2,1086292068,False,-45.831,-7.58
source_2,1086292068,False,-46.614,-8.042
source_2,1086292068,False,-47.794,-6.607
source_2,1086292068,False,-41.216,-6.975
source_2,1086292068,False,-47.955,-8.612
source_2,1086292068,False,-44.981,-7.922
source_2,1086292075,False,-54.687,-7.642
source_2,1086292075,False,-44.099,-9.546
source_2,1086292075,False,-44.162,-8.398
source_2,1086292075,False,-49.601,-7.16
source_2,1086292075,False,-45.99,-7.095
source_2,1086292075,False,-54.324,-5.321
source_2,1086292075,False,-48.801,-5.785
source_2,1086292075,False,-48.688,-6.485
source_2,1086292082,False,-45.743,-10.576
source_2,1086292082,False,-52.397,-8.23
source_2,1086292082,False,-49.118,-8.396
source_2,1086292082,False,-51.196,-6.955
source_2,1086292082,False,-47.399,-7.454
source_2,1086292082,False,-45.951,-10.919
source_2,1086292082,False,-48.902,-9.382
source_2,1086292082,False,-45.436,-9.197
source_2,1086292099,False,-49.554,-8.067
source_2,1086292099,False,-45.578,-8.442
source_2,1086292099,False,-46.479,-9.546
source_2,1086292099,False,-46.274,-7.199
source_2,1086292099,False,-47.824,-9.087
source_2,1086292099,False,-45.596,-10.658
source_2,1086292099,False,-48.412,-8.042
source_2,1086292099,False,-48.603,-8.132
source_2,1086292105,False,-45.343,-9.704
source_2,1086292105,False,-44.686,-8.57
source_2,1086292105,False,-45.449,-10.119
source_2,1086292105,False,-56.56,-6.565
source_2,1086292105,False,-49.973,-8.004
source_2,1086292105,False,-45.76,-9.618
source_2,1086292105,False,-45.723,-9.762
source_2,1086292105,False,-49.021,-6.772
source_2,1086292112,False,-48.57,-7.75
source_2,1086292112,False,-46.447,-9.409
source_2,1086292112,False,-49.115,-7.668
source_2,1086292112,False,-48.931,-7.861
source_2,1086292112,False,-47.992,-10.415
source_2,1086292112,False,-47.52,-7.558
source_2,1086292112,False,-49.153,-8.122
source_2,1086292112,False,-51.842,-7.901
source_2,1086292129,False,-45.754,-9.352
source_2,1086292129,False,-48.731,-7.922
source_2,1086292129,False,-45.874,-11.039
source_2,1086292129,False,-47.715,-10.901
source_2,1086292129,False,-46.775,-8.399
source_2,1086292129,False,-50.887,-8.637
source_2,1086292129,False,-46.332,-10.058
source_2,1086292129,False,-49.254,-5.732
source_2,1086292136,False,-44.559,-11.642
source_2,1086292136,False,-44.517,-12.0
source_2,1086292136,False,-47.258,-8.331
source_2,1086292136,False,-50.398,-10.602
source_2,1086292136,False,-47.22,-10.374
source_2,1086292136,False,-46.828,-11.532
source_2,1086292136,False,-50.149,-8.911
source_2,1086292136,False,-50.082,-9.548
source_2,1086292143,False,-53.088,-9.411
source_2,1086292143,False,-46.125,-11.863
source_2,1086292143,False,-48.114,-12.398
source_2,1086292143,False,-48.57,-8.982
source_2,1086292143,False,-55.885,-8.357
source_2,1086292143,False,-50.259,-9.388
source_2,1086292143,False,-54.42,-6.652
source_2,1086292143,False,-52.753,-8.462
source_2,1086292150,False,-47.226,-9.824
source_2,1086292150,False,-51.041,-9.697
source_2,1086292150,False,-43.893,-12.289
source_2,1086292150,False,-49.801,-10.061
source_2,1086292150,False,-52.078,-10.134
source_2,1086292150,False,-49.471,-9.975
source_2,1086292150,False,-48.608,-12.367
source_2,1086292150,False,-49.861,-11.224
source_2,1086292167,False,-47.136,-11.778
source_2,1086292167,False,-48.584,-12.577
source_2,1086292167,False,-49.747,-11.606
source_2,1086292167,False,-48.533,-11.31
source_2,1086292167,False,-53.298,-8.331
source_2,1086292167,False,-48.18,-12.584
source_2,1086292167,False,-45.023,-16.444
source_2,1086292167,False,-47.669,-11.579
source_2,1086292259,False,-47.308,-3.926
source_2,1086292259,False,-45.712,-4.383
source_2,1086292259,False,-51.065,-3.303
source_2,1086292259,False,-55.502,-1.316
source_2,1086292259,False,-58.634,1.054
source_2,1086292259,False,-49.47,-4.655
source_2,1086292259,False,-54.44,-3.829
source_2,1086292259,False,-52.109,-1.847
source_2,1086292266,False,-47.657,-5.388
source_2,1086292266,False,-45.853,-4.434
source_2,1086292266,False,-49.268,-0.599
source_2,1086292266,False,-47.149,-4.189
source_2,1086292266,False,-49.308,-4.858
source_2,1086292266,False,-53.172,-3.063
source_2,1086292266,False,-52.787,-2.402
source_2,1086292266,False,-51.799,-1.081
source_2,1086292273,False,-46.996,-0.948
source_2,1086292273,False,-47.63,-2.721
source_2,1086292273,False,-45.768,-4.953
source_2,1086292273,False,-50.311,-1.279
source_2,1086292273,False,-48.349,-3.594
source_2,1086292273,False,-48.361,-4.472
source_2,1086292273,False,-50.902,-2.022
source_2,1086292273,False,-47.002,-5.04
source_2,1086292280,False,-48.795,-1.619
source_2,1086292280,False,-49.621,-1.395
source_2,1086292280,False,-45.856,-4.922
source_2,1086292280,False,-50.88,-3.677
source_2,1086292280,False,-45.915,-3.208
source_2,1086292280,False,-45.714,-5.728
source_2,1086292280,False,-51.618,-3.079
source_2,1086292280,False,-50.13,-1.817
source_2,1086292297,False,-47.588,-5.735
source_2,1086292297,False,-44.995,-5.229
source_2,1086292297,False,-48.182,-3.409
source_2,1086292297,False,-49.859,-2.713
source_2,1086292297,False,-48.219,-3.837
source_2,1086292297,False,-50.684,-2.717
source_2,1086292297,False,-46.693,-4.129
source_2,1086292297,False,-50.444,-2.833
source_2,1086292303,False,-46.839,-5.056
source_2,1086292303,False,-46.511,-2.762
source_2,1086292303,False,-46.252,-2.897
source_2,1086292303,False,-49.862,-3.722
source_2,1086292303,False,-47.685,-4.095
source_2,1086292303,False,-48.67,-3.964
source_2,1086292303,False,-44.783,-6.678
source_2,1086292303,False,-50.382,-1.117
source_2,1086292310,False,-51.887,-1.685
source_2,1086292310,False,-46.422,-5.26
source_2,1086292310,False,-47.043,-5.021
source_2,1086292310,False,-44.865,-4.536
source_2,1086292310,False,-44.761,-6.152
source_2,1086292310,False,-44.532,-5.588
source_2,1086292310,False,-49.867,-4.884
source_2,1086292310,False,-48.455,-4.324
source_2,1086292327,False,-43.345,-5.635
source_2,1086292327,False,-46.169,-3.247
source_2,1086292327,False,-45.867,-4.801
source_2,1086292327,False,-43.756,-4.265
source_2,1086292327,False,-45.04,-5.058
source_2,1086292327,False,-46.843,-4.005
source_2,1086292327,False,-49.501,-3.563
source_2,1086292327,False,-49.121,-3.312
source_2,1086292341,False,-50.697,-2.033
source_2,1086292341,False,-55.908,-4.105
source_2,1086292341,False,-55.467,-3.528
source_2,1086292341,False,-45.267,-5.453
source_2,1086292341,False,-50.523,-5.009
source_2,1086292341,False,-46.588,-6.225
source_2,1086292341,False,-45.204,-4.851
source_2,1086292341,False,-47.542,-3.742
source_2,1086292358,False,-42.962,-7.619
source_2,1086292358,False,-46.309,-3.085
source_2,1086292358,False,-44.162,-6.368
source_2,1086292358,False,-45.567,-4.043
source_2,1086292358,False,-51.923,-2.91
source_2,1086292358,False,-47.576,-5.444
source_2,1086292358,False,-47.688,-4.283
source_2,1086292358,False,-44.236,-6.534
source_2,1086292365,False,-43.122,-5.64
source_2,1086292365,False,-42.856,-3.181
source_2,1086292365,False,-44.303,-4.987
source_2,1086292365,False,-44.598,-4.233
source_2,1086292365,False,-44.714,-4.292
source_2,1086292365,False,-48.373,-2.333
source_2,1086292365,False,-46.845,-2.549
source_2,1086292365,False,-48.248,-5.642
source_2,1086292372,False,-41.83,-4.378
source_2,1086292372,False,-40.798,-5.759
source_2,1086292372,False,-40.598,-5.279
source_2,1086292372,False,-42.552,-4.153
source_2,1086292372,False,-44.491,-3.267
source_2,1086292372,False,-45.021,-3.564
source_2,1086292372,False,-43.749,-3.203
source_2,1086292372,False,-43.078,-4.576
source_2,1086292396,False,-41.899,-2.674
source_2,1086292396,False,-43.211,-4.598
source_2,1086292396,False,-42.961,-3.626
source_2,1086292396,False,-43.055,-4.608
source_2,1086292396,False,-43.074,-4.533
source_2,1086292396,False,-42.19,-6.24
source_2,1086292396,False,-44.091,-5.304
source_2,1086292396,False,-51.058,-1.673
source_2,1086292402,False,-51.807,-4.55
source_2,1086292402,False,-46.424,-4.738
source_2,1086292402,False,-47.683,-4.222
source_2,1086292402,False,-52.685,-3.368
source_2,1086292402,False,-52.482,-2.295
source_2,1086292402,False,-51.302,-3.422
source_2,1086292402,False,-53.455,-4.731
source_2,1086292402,False,-63.392,2.701
source_2,1086292419,False,-46.218,-4.876
source_2,1086292419,False,-48.777,-5.055
source_2,1086292419,False,-50.901,-1.827
source_2,1086292419,False,-54.131,-5.359
source_2,1086292419,False,-51.942,-3.426
source_2,1086292419,False,-54.829,-3.023
source_2,1086292419,False,-50.126,-5.333
source_2,1086292419,False,-51.009,-4.489
source_2,1086292426,False,-48.676,-2.362
source_2,1086292426,False,-47.892,-7.302
source_2,1086292426,False,-51.959,-4.536
source_2,1086292426,False,-50.133,-4.888
source_2,1086292426,False,-50.204,-5.812
source_2,1086292426,False,-49.913,-7.815
source_2,1086292426,False,-52.433,-4.759
source_2,1086292426,False,-51.236,-5.622
source_2,1086292433,False,-46.169,-5.976
source_2,1086292433,False,-47.497,-5.174
source_2,1086292433,False,-49.913,-5.945
source_2,1086292433,False,-54.257,-5.819
source_2,1086292433,False,-50.322,-4.726
source_2,1086292433,False,-50.938,-3.929
source_2,1086292433,False,-50.213,-5.643
source_2,1086292433,False,-52.363,-5.306
source_2,1086292440,False,-47.571,-7.563
source_2,1086292440,False,-47.705,-3.536
source_2,1086292440,False,-46.153,-9.701
source_2,1086292440,False,-49.237,-7.867
source_2,1086292440,False,-47.652,-6.259
source_2,1086292440,False,-48.482,-4.845
source_2,1086292440,False,-50.173,-3.459
source_2,1086292440,False,-47.148,-6.139
source_2,1086292457,False,-49.794,-3.398
source_2,1086292457,False,-49.375,-6.378
source_2,1086292457,False,-50.157,-7.504
source_2,1086292457,False,-53.369,-4.627
source_2,1086292457,False,-48.27,-7.857
source_2,1086292457,False,-50.408,-6.166
source_2,1086292457,False,-53.096,-4.256
source_2,1086292457,False,-52.403,-5.422
source_2,1086292464,False,-44.487,-6.074
source_2,1086292464,False,-43.644,-6.438
source_2,1086292464,False,-46.814,-5.181
source_2,1086292464,False,-49.716,-5.408
source_2,1086292464,False,-49.056,-3.607
source_2,1086292464,False,-49.741,-6.398
source_2,1086292464,False,-52.927,-2.995
source_2,1086292464,False,-46.137,-6.499
source_2,1086292471,False,-44.785,-6.824
source_2,1086292471,False,-48.448,-4.79
source_2,1086292471,False,-50.28,-6.85
source_2,1086292471,False,-47.937,-5.6
source_2,1086292471,False,-49.109,-2.851
source_2,1086292471,False,-50.278,-4.961
source_2,1086292471,False,-50.813,-6.433
source_2,1086292471,False,-51.711,-5.307
source_2,1086292488,False,-47.811,-5.315
source_2,1086292488,False,-46.72,-5.167
source_2,1086292488,False,-49.366,-6.074
source_2,1086292488,False,-51.772,-4.622
source_2,1086292488,False,-55.311,-4.74
source_2,1086292488,False,-50.973,-4.423
source_2,1086292488,False,-47.374,-6.119
source_2,1086292488,False,-59.063,-2.429
source_2,1086292495,False,-46.104,-7.171
source_2,1086292495,False,-45.799,-5.609
source_2,1086292495,False,-49.096,-5.252
source_2,1086292495,False,-53.058,-5.204
source_2,1086292495,False,-51.373,-5.743
source_2,1086292495,False,-49.786,-4.78
source_2,1086292495,False,-51.493,-3.932
source_2,1086292495,False,-49.805,-6.671
source_2,1086292501,False,-46.007,-7.2
source_2,1086292501,False,-47.4,-6.383
source_2,1086292501,False,-53.8,-3.469
source_2,1086292501,False,-48.492,-4.805
source_2,1086292501,False,-49.83,-6.819
source_2,1086292501,False,-49.113,-6.893
source_2,1086292501,False,-48.649,-4.5
source_2,1086292501,False,-51.326,-5.577
source_2,1086292518,False,-49.429,-6.127
source_2,1086292518,False,-47.867,-6.077
source_2,1086292518,False,-49.266,-7.368
source_2,1086292518,False,-44.567,-7.615
source_2,1086292518,False,-52.058,-6.293
source_2,1086292518,False,-51.097,-6.343
source_2,1086292518,False,-45.123,-8.21
source_2,1086292518,False,-46.47,-8.909
source_2,1086292723,False,-35.368,-8.456
source_2,1086292723,False,-38.319,-8.927
source_2,1086292723,False,-35.714,-11.174
source_2,1086292723,False,-38.984,-7.488
source_2,1086292723,False,-41.242,-8.645
source_2,1086292723,False,-40.93,-7.8
source_2,1086292723,False,-38.667,-12.26
source_2,1086292723,False,-43.726,-9.303
source_2,1086292730,False,-35.501,-0.797
source_2,1086292730,False,-44.02,0.716
source_2,1086292730,False,-43.029,-2.75
source_2,1086292730,False,-40.584,-4.282
source_2,1086292730,False,-34.36,-4.082
source_2,1086292730,False,-35.007,-3.383
source_2,1086292730,False,-39.27,-3.29
source_2,1086292730,False,-37.78,-3.441
source_2,1086292747,False,-32.697,-3.145
source_2,1086292747,False,-32.403,-2.06
source_2,1086292747,False,-32.116,-4.003
source_2,1086292747,False,-34.237,-7.228
source_2,1086292747,False,-31.773,-3.018
source_2,1086292747,False,-32.626,-6.25
source_2,1086292747,False,-33.341,-4.337
source_2,1086292747,False,-36.473,-2.648
source_2,1086292754,False,-34.182,-3.994
source_2,1086292754,False,-32.722,-3.227
source_2,1086292754,False,-33.322,-5.697
source_2,1086292754,False,-33.291,-5.775
source_2,1086292754,False,-33.4,-1.03
source_2,1086292754,False,-32.433,-3.477
source_2,1086292754,False,-34.596,-4.528
source_2,1086292754,False,-37.883,-4.22
source_2,1086292761,False,-30.572,-4.505
source_2,1086292761,False,-31.96,-3.854
source_2,1086292761,False,-33.035,-2.622
source_2,1086292761,False,-35.623,-2.32
source_2,1086292761,False,-33.724,-6.182
source_2,1086292761,False,-36.255,-2.173
source_2,1086292761,False,-38.007,-5.925
source_2,1086292761,False,-37.933,-6.928
source_2,1086292778,False,-29.755,-4.891
source_2,1086292778,False,-33.231,-4.332
source_2,1086292778,False,-29.988,-2.167
source_2,1086292778,False,-34.102,-4.661
source_2,1086292778,False,-36.72,-2.336
source_2,1086292778,False,-32.943,-6.992
source_2,1086292778,False,-35.356,-2.918
source_2,1086292778,False,-37.096,-3.849
source_2,1086292792,False,-24.378,-7.79
source_2,1086292792,False,-26.11,-6.386
source_2,1086292792,False,-27.925,-3.21
source_2,1086292792,False,-26.663,-5.32
source_2,1086292792,False,-25.156,-5.237
source_2,1086292792,False,-26.658,-6.289
source_2,1086292792,False,-28.518,-5.569
source_2,1086292792,False,-24.779,-4.329
source_2,1086292822,False,-29.757,-3.656
source_2,1086292822,False,-31.61,-3.185
source_2,1086292822,False,-32.928,-4.049
source_2,1086292822,False,-30.023,-5.137
source_2,1086292822,False,-32.091,-5.115
source_2,1086292822,False,-30.748,-3.863
source_2,1086292822,False,-29.967,-3.977
source_2,1086292822,False,-31.246,-5.902
source_2,1086292839,False,-29.991,-4.67
source_2,1086292839,False,-29.575,-5.982
source_2,1086292839,False,-30.191,-5.387
source_2,1086292839,False,-33.417,-4.245
source_2,1086292839,False,-33.347,-3.524
source_2,1086292839,False,-30.704,-3.713
source_2,1086292839,False,-30.972,-3.412
source_2,1086292839,False,-35.279,-5.433
source_2,1086292846,False,-29.942,-5.69
source_2,1086292846,False,-28.555,-4.934
source_2,1086292846,False,-30.046,-3.551
source_2,1086292846,False,-29.275,-5.723
source_2,1086292846,False,-30.266,-4.207
source_2,1086292846,False,-32.163,-3.193
source_2,1086292846,False,-31.987,-4.864
source_2,1086292846,False,-31.275,-6.453
source_2,1086292853,False,-29.434,-4.357
source_2,1086292853,False,-29.065,-6.618
source_2,1086292853,False,-30.297,-5.091
source_2,1086292853,False,-31.072,-2.357
source_2,1086292853,False,-29.744,-6.008
source_2,1086292853,False,-29.791,-5.317
source_2,1086292853,False,-30.574,-4.646
source_2,1086292853,False,-29.824,-7.996
source_2,1086292860,False,-27.15,-5.667
source_2,1086292860,False,-27.136,-5.018
source_2,1086292860,False,-27.648,-6.078
source_2,1086292860,False,-28.307,-3.077
source_2,1086292860,False,-29.318,-2.606
source_2,1086292860,False,-29.266,-4.674
source_2,1086292860,False,-28.471,-4.429
source_2,1086292860,False,-30.923,-5.322
source_2,1086292891,False,-34.17,-5.339
source_2,1086292891,False,-28.288,-4.181
source_2,1086292891,False,-28.516,-5.193
source_2,1086292891,False,-27.463,-6.974
source_2,1086292891,False,-26.955,-4.768
source_2,1086292891,False,-27.743,-5.915
source_2,1086292891,False,-28.241,-5.631
source_2,1086292891,False,-29.216,-4.385
source_2,1086292907,False,-26.533,-6.851
source_2,1086292907,False,-25.861,-4.505
source_2,1086292907,False,-27.9,-6.502
source_2,1086292907,False,-27.754,-3.636
source_2,1086292907,False,-27.263,-4.372
source_2,1086292907,False,-27.867,-4.747
source_2,1086292907,False,-27.755,-5.728
source_2,1086292907,False,-28.986,-5.645
source_2,1086292914,False,-26.999,-3.831
source_2,1086292914,False,-27.321,-7.985
source_2,1086292914,False,-26.21,-5.287
source_2,1086292914,False,-28.431,-7.416
source_2,1086292914,False,-26.391,-6.044
source_2,1086292914,False,-28.457,-5.471
source_2,1086292914,False,-29.013,-6.178
source_2,1086292914,False,-30.13,-3.941
source_2,1086292921,False,-29.199,-7.047
source_2,1086292921,False,-29.123,-5.85
source_2,1086292921,False,-29.391,-5.607
source_2,1086292921,False,-30.044,-4.802
source_2,1086292921,False,-28.226,-5.012
source_2,1086292921,False,-29.943,-6.439
source_2,1086292921,False,-28.569,-6.472
source_2,1086292921,False,-30.815,-3.987
source_2,1086292938,False,-30.032,-5.295
source_2,1086292938,False,-27.802,-7.006
source_2,1086292938,False,-25.572,-6.551
source_2,1086292938,False,-27.719,-7.665
source_2,1086292938,False,-25.401,-6.147
source_2,1086292938,False,-28.355,-6.337
source_2,1086292938,False,-26.895,-6.005
source_2,1086292938,False,-38.452,-5.909
source_2,1086292945,False,-28.666,-4.894
source_2,1086292945,False,-27.672,-6.733
source_2,1086292945,False,-28.852,-8.352
source_2,1086292945,False,-26.606,-6.13
source_2,1086292945,False,-28.44,-5.593
source_2,1086292945,False,-26.556,-6.869
source_2,1086292945,False,-29.299,-4.661
source_2,1086292945,False,-32.678,-3.468
source_2,1086292952,False,-28.131,-5.829
source_2,1086292952,False,-27.463,-4.383
source_2,1086292952,False,-28.916,-4.824
source_2,1086292952,False,-26.113,-8.148
source_2,1086292952,False,-28.32,-5.632
source_2,1086292952,False,-28.297,-6.611
source_2,1086292952,False,-28.001,-6.81
source_2,1086292952,False,-30.78,-4.177
source_2,1086292969,False,-26.502,-7.031
source_2,1086292969,False,-27.036,-6.878
source_2,1086292969,False,-25.634,-7.206
source_2,1086292969,False,-28.271,-6.966
source_2,1086292969,False,-27.623,-8.229
source_2,1086292969,False,-26.791,-7.978
source_2,1086292969,False,-27.037,-7.448
source_2,1086292969,False,-25.985,-8.016
source_2,1086292976,False,-25.176,-8.751
source_2,1086292976,False,-24.853,-8.284
source_2,1086292976,False,-26.454,-8.053
source_2,1086292976,False,-28.433,-6.966
source_2,1086292976,False,-23.277,-7.641
source_2,1086292976,False,-26.211,-9.331
source_2,1086292976,False,-26.025,-7.533
source_2,1086292976,False,-25.588,-6.806
source_2,1086293027,False,-32.363,-4.695
source_2,1086293027,False,-32.467,-4.13
source_2,1086293027,False,-35.096,-4.722
source_2,1086293027,False,-35.978,-3.213
source_2,1086293027,False,-36.523,-5.534
source_2,1086293027,False,-35.104,-5.61
source_2,1086293027,False,-34.415,-4.722
source_2,1086293027,False,-37.793,-5.532
source_2,1086293034,False,-36.941,-1.876
source_2,1086293034,False,-37.274,-3.506
source_2,1086293034,False,-35.997,-4.0
source_2,1086293034,False,-35.897,-4.23
source_2,1086293034,False,-38.69,-3.452
source_2,1086293034,False,-35.435,-4.84
source_2,1086293034,False,-39.124,-4.073
source_2,1086293034,False,-40.438,-2.793
source_2,1086293065,False,-28.877,-3.97
source_2,1086293065,False,-29.821,-7.094
source_2,1086293065,False,-27.573,-6.294
source_2,1086293065,False,-26.474,-8.013
source_2,1086293065,False,-27.264,-6.16
source_2,1086293065,False,-28.886,-6.636
source_2,1086293065,False,-27.95,-4.526
source_2,1086293065,False,-30.815,-5.696
source_2,1086293072,False,-26.677,-6.45
source_2,1086293072,False,-30.084,-12.242
source_2,1086293072,False,-27.559,-6.732
source_2,1086293072,False,-28.044,-8.332
source_2,1086293072,False,-26.18,-6.01
source_2,1086293072,False,-29.552,-4.274
source_2,1086293072,False,-28.495,-5.894
source_2,1086293072,False,-29.578,-3.708
source_2,1086293089,False,-29.831,-5.552
source_2,1086293089,False,-27.218,-6.852
source_2,1086293089,False,-28.39,-9.913
source_2,1086293089,False,-29.053,-6.657
source_2,1086293089,False,-29.573,-6.401
source_2,1086293089,False,-27.054,-6.256
source_2,1086293089,False,-27.595,-7.577
source_2,1086293089,False,-32.559,-5.653
source_2,1086293096,False,-27.892,-8.663
source_2,1086293096,False,-26.514,-7.827
source_2,1086293096,False,-27.089,-7.417
source_2,1086293096,False,-28.829,-5.76
source_2,1086293096,False,-27.353,-7.783
source_2,1086293096,False,-30.959,-6.734
source_2,1086293096,False,-28.492,-7.523
source_2,1086293096,False,-29.517,-4.675
source_2,1086293102,False,-25.85,-7.777
source_2,1086293102,False,-28.533,-7.248
source_2,1086293102,False,-26.921,-9.421
source_2,1086293102,False,-28.039,-6.13
source_2,1086293102,False,-29.058,-7.957
source_2,1086293102,False,-27.266,-9.361
source_2,1086293102,False,-28.656,-7.6
source_2,1086293102,False,-29.532,-7.802
source_2,1086293119,False,-29.069,-10.143
source_2,1086293119,False,-26.365,-9.591
source_2,1086293119,False,-27.559,-9.476
source_2,1086293119,False,-29.809,-7.559
source_2,1086293119,False,-28.901,-9.161
source_2,1086293119,False,-27.523,-9.006
source_2,1086293119,False,-29.438,-7.842
source_2,1086293119,False,-29.717,-7.761
source_2,1086293126,False,-28.852,-6.257
source_2,1086293126,False,-29.65,-5.238
source_2,1086293126,False,-28.194,-7.096
source_2,1086293126,False,-27.305,-6.861
source_2,1086293126,False,-29.899,-8.333
source_2,1086293126,False,-29.877,-8.267
source_2,1086293126,False,-30.316,-8.88
source_2,1086293126,False,-30.957,-9.842
source_2,1086293157,False,-29.18,-8.908
source_2,1086293157,False,-27.729,-8.913
source_2,1086293157,False,-27.918,-8.974
source_2,1086293157,False,-28.416,-8.822
source_2,1086293157,False,-28.553,-10.298
source_2,1086293157,False,-29.784,-8.97
source_2,1086293157,False,-26.917,-8.65
source_2,1086293157,False,-33.531,-5.699
source_2,1086293164,False,-26.559,-8.943
source_2,1086293164,False,-30.425,-7.652
source_2,1086293164,False,-28.925,-7.759
source_2,1086293164,False,-28.175,-10.287
source_2,1086293164,False,-27.399,-9.94
source_2,1086293164,False,-29.65,-7.701
source_2,1086293164,False,-30.052,-8.801
source_2,1086293164,False,-31.19,-7.734
source_2,1086293171,False,-33.1,-5.262
source_2,1086293171,False,-32.101,-7.565
source_2,1086293171,False,-30.282,-8.52
source_2,1086293171,False,-31.749,-8.219
source_2,1086293171,False,-29.552,-7.653
source_2,1086293171,False,-32.122,-7.208
source_2,1086293171,False,-34.017,-7.503
source_2,1086293171,False,-35.963,-6.077
source_2,1086293188,False,-30.073,-8.128
source_2,1086293188,False,-31.372,-7.21
source_2,1086293188,False,-31.048,-8.582
source_2,1086293188,False,-30.023,-8.123
source_2,1086293188,False,-32.097,-8.13
source_2,1086293188,False,-31.088,-7.3
source_2,1086293188,False,-29.004,-7.284
source_2,1086293188,False,-31.058,-8.825
source_2,1086293195,False,-26.837,-8.682
source_2,1086293195,False,-30.954,-9.447
source_2,1086293195,False,-29.029,-10.424
source_2,1086293195,False,-30.115,-10.37
source_2,1086293195,False,-31.732,-8.843
source_2,1086293195,False,-31.738,-9.971
source_2,1086293195,False,-29.109,-7.431
source_2,1086293195,False,-31.052,-7.637
source_2,1086293201,False,-35.975,-6.27
source_2,1086293201,False,-33.324,-7.386
source_2,1086293201,False,-30.216,-10.386
source_2,1086293201,False,-32.637,-8.576
source_2,1086293201,False,-30.58,-10.216
source_2,1086293201,False,-30.189,-10.101
source_2,1086293201,False,-30.827,-7.312
source_2,1086293201,False,-33.423,-7.329
source_2,1086293218,False,-28.838,-9.351
source_2,1086293218,False,-29.413,-10.859
source_2,1086293218,False,-28.89,-10.371
source_2,1086293218,False,-29.932,-11.799
source_2,1086293218,False,-30.721,-9.494
source_2,1086293218,False,-31.15,-10.062
source_2,1086293218,False,-31.395,-8.55
source_2,1086293218,False,-32.154,-9.558
source_2,1086293225,False,-31.113,-9.146
source_2,1086293225,False,-29.609,-11.966
source_2,1086293225,False,-30.128,-11.577
source_2,1086293225,False,-30.826,-9.729
source_2,1086293225,False,-31.328,-11.347
source_2,1086293225,False,-31.884,-11.724
source_2,1086293225,False,-34.963,-10.102
source_2,1086293225,False,-30.397,-10.582
source_2,1086293232,False,-31.448,-9.728
source_2,1086293232,False,-29.711,-11.975
source_2,1086293232,False,-29.667,-12.376
source_2,1086293232,False,-29.745,-11.386
source_2,1086293232,False,-31.96,-9.822
source_2,1086293232,False,-31.402,-12.014
source_2,1086293232,False,-29.351,-9.467
source_2,1086293232,False,-34.788,-9.526
source_2,1086293386,False,-31.466,-5.52
source_2,1086293386,False,-29.46,-5.377
source_2,1086293386,False,-25.071,-7.107
source_2,1086293386,False,-31.837,-6.442
source_2,1086293386,False,-29.45,-5.977
source_2,1086293386,False,-29.243,-7.389
source_2,1086293386,False,-26.811,-8.696
source_2,1086293386,False,-26.897,-6.392
source_2,1086293393,False,-24.53,-7.007
source_2,1086293393,False,-24.952,-4.889
source_2,1086293393,False,-23.067,-6.128
source_2,1086293393,False,-25.512,-6.046
source_2,1086293393,False,-24.497,-6.957
source_2,1086293393,False,-24.447,-6.023
source_2,1086293393,False,-25.665,-6.806
source_2,1086293393,False,-23.118,-6.442
source_2,1086293409,False,-23.434,-7.227
source_2,1086293409,False,-22.92,-6.936
source_2,1086293409,False,-22.672,-6.107
source_2,1086293409,False,-23.553,-5.148
source_2,1086293409,False,-24.248,-6.489
source_2,1086293409,False,-25.563,-8.544
source_2,1086293409,False,-25.553,-4.991
source_2,1086293409,False,-23.911,-6.858
source_2,1086293416,False,-22.551,-6.483
source_2,1086293416,False,-22.261,-6.69
source_2,1086293416,False,-24.147,-7.086
source_2,1086293416,False,-22.671,-6.539
source_2,1086293416,False,-23.819,-5.257
source_2,1086293416,False,-22.986,-6.598
source_2,1086293416,False,-25.69,-14.635
source_2,1086293416,False,-25.713,-5.199
source_2,1086293423,False,-24.628,-6.691
source_2,1086293423,False,-23.666,-5.307
source_2,1086293423,False,-21.908,-6.176
source_2,1086293423,False,-24.455,-6.989
source_2,1086293423,False,-24.091,-4.878
source_2,1086293423,False,-24.563,-5.464
source_2,1086293423,False,-23.239,-5.406
source_2,1086293423,False,-23.723,-5.18
source_2,1086293430,False,-23.232,-3.012
source_2,1086293430,False,-27.137,-5.514
source_2,1086293430,False,-26.459,-4.03
source_2,1086293430,False,-25.09,-6.586
source_2,1086293430,False,-25.454,-5.989
source_2,1086293430,False,-27.904,-3.649
source_2,1086293430,False,-26.075,-5.888
source_2,1086293430,False,-27.612,-6.511
source_2,1086293447,False,-23.837,-7.447
source_2,1086293447,False,-28.177,-5.886
source_2,1086293447,False,-24.415,-7.878
source_2,1086293447,False,-24.982,-7.431
source_2,1086293447,False,-23.28,-8.502
source_2,1086293447,False,-25.001,-7.676
source_2,1086293447,False,-24.274,-7.899
source_2,1086293447,False,-27.403,-6.152
source_2,1086293454,False,-22.561,-7.428
source_2,1086293454,False,-21.915,-7.879
source_2,1086293454,False,-23.105,-6.558
source_2,1086293454,False,-24.014,-5.521
source_2,1086293454,False,-25.693,-6.253
source_2,1086293454,False,-24.647,-8.658
source_2,1086293454,False,-26.572,-4.341
source_2,1086293454,False,-27.326,-4.024
source_2,1086293461,False,-22.678,-6.492
source_2,1086293461,False,-25.465,-5.204
source_2,1086293461,False,-28.798,-4.358
source_2,1086293461,False,-24.062,-6.492
source_2,1086293461,False,-25.582,-5.792
source_2,1086293461,False,-27.079,-5.572
source_2,1086293461,False,-29.229,-4.292
source_2,1086293461,False,-28.565,-3.967
source_2,1086293478,False,-25.824,-8.184
source_2,1086293478,False,-23.141,-10.045
source_2,1086293478,False,-23.683,-9.034
source_2,1086293478,False,-25.347,-7.086
source_2,1086293478,False,-25.409,-8.759
source_2,1086293478,False,-24.974,-8.837
source_2,1086293478,False,-26.868,-8.428
source_2,1086293478,False,-31.063,-6.157
source_2,1086293485,False,-26.551,-7.355
source_2,1086293485,False,-24.531,-8.34
source_2,1086293485,False,-24.254,-7.974
source_2,1086293485,False,-26.699,-7.822
source_2,1086293485,False,-25.287,-7.306
source_2,1086293485,False,-25.547,-7.274
source_2,1086293485,False,-27.321,-7.159
source_2,1086293485,False,-38.755,-1.106
source_2,1086293508,False,-24.616,-9.215
source_2,1086293508,False,-26.423,-10.28
source_2,1086293508,False,-26.467,-10.199
source_2,1086293508,False,-28.747,-9.644
source_2,1086293508,False,-27.503,-9.827
source_2,1086293508,False,-27.048,-11.147
source_2,1086293508,False,-27.049,-8.352
source_2,1086293508,False,-26.381,-11.224
source_2,1086293515,False,-26.138,-9.155
source_2,1086293515,False,-25.681,-12.635
source_2,1086293515,False,-26.193,-10.061
source_2,1086293515,False,-27.172,-9.57
source_2,1086293515,False,-25.656,-9.492
source_2,1086293515,False,-27.838,-8.498
source_2,1086293515,False,-27.826,-9.1
source_2,1086293515,False,-25.949,-9.538
source_2,1086293522,False,-26.365,-8.821
source_2,1086293522,False,-28.016,-7.803
source_2,1086293522,False,-28.064,-8.899
source_2,1086293522,False,-27.355,-8.381
source_2,1086293522,False,-27.801,-9.083
source_2,1086293522,False,-27.223,-9.9
source_2,1086293522,False,-26.924,-7.652
source_2,1086293522,False,-29.96,-6.374
source_2,1086293539,False,-26.252,-10.636
source_2,1086293539,False,-29.595,-9.757
source_2,1086293539,False,-28.446,-9.859
source_2,1086293539,False,-28.788,-8.552
source_2,1086293539,False,-28.849,-7.06
source_2,1086293539,False,-27.186,-10.844
source_2,1086293539,False,-27.82,-9.706
source_2,1086293539,False,-27.73,-8.994
source_2,1086293546,False,-25.286,-12.438
source_2,1086293546,False,-29.135,-8.422
source_2,1086293546,False,-29.578,-7.541
source_2,1086293546,False,-28.628,-9.938
source_2,1086293546,False,-28.035,-10.541
source_2,1086293546,False,-27.168,-10.131
source_2,1086293546,False,-29.413,-8.612
source_2,1086293546,False,-27.079,-8.818
source_2,1086293553,False,-26.019,-10.324
source_2,1086293553,False,-30.165,-9.797
source_2,1086293553,False,-27.886,-9.489
source_2,1086293553,False,-27.728,-11.372
source_2,1086293553,False,-29.766,-9.389
source_2,1086293553,False,-29.853,-9.886
source_2,1086293553,False,-28.276,-9.957
source_2,1086293553,False,-29.996,-7.385
source_2,1086293560,False,-34.523,-6.204
source_2,1086293560,False,-33.544,-8.781
source_2,1086293560,False,-36.047,-7.737
source_2,1086293560,False,-34.151,-6.997
source_2,1086293560,False,-33.161,-8.696
source_2,1086293560,False,-31.343,-8.102
source_2,1086293560,False,-31.081,-7.523
source_2,1086293560,False,-32.554,-6.327
source_2,1086293812,False,-32.825,-5.58
source_2,1086293812,False,-31.513,-6.829
source_2,1086293812,False,-31.748,-8.003
source_2,1086293812,False,-31.984,-6.729
source_2,1086293812,False,-32.435,-7.613
source_2,1086293812,False,-34.692,-6.292
source_2,1086293812,False,-34.146,-5.963
source_2,1086293812,False,-34.839,-5.056
source_2,1086293829,False,-31.098,-7.02
source_2,1086293829,False,-33.959,-6.907
source_2,1086293829,False,-31.886,-5.385
source_2,1086293829,False,-34.805,-5.104
source_2,1086293829,False,-35.38,-4.715
source_2,1086293829,False,-34.007,-6.9
source_2,1086293829,False,-32.82,-7.656
source_2,1086293829,False,-35.927,-6.82
source_2,1086293836,False,-31.924,-6.09
source_2,1086293836,False,-34.061,-7.177
source_2,1086293836,False,-31.964,-7.587
source_2,1086293836,False,-34.065,-6.987
source_2,1086293836,False,-35.666,-5.375
source_2,1086293836,False,-36.047,-4.994
source_2,1086293836,False,-35.96,-4.9
source_2,1086293836,False,-35.349,-5.253
source_2,1086293843,False,-38.302,-4.377
source_2,1086293843,False,-32.024,-8.816
source_2,1086293843,False,-33.957,-9.246
source_2,1086293843,False,-35.016,-7.145
source_2,1086293843,False,-35.559,-7.814
source_2,1086293843,False,-34.213,-6.366
source_2,1086293843,False,-35.741,-5.666
source_2,1086293843,False,-37.388,-7.359
source_2,1086293850,False,-38.819,-5.723
source_2,1086293850,False,-33.797,-9.372
source_2,1086293850,False,-35.317,-7.003
source_2,1086293850,False,-38.989,-6.569
source_2,1086293850,False,-37.528,-7.356
source_2,1086293850,False,-37.51,-6.291
source_2,1086293850,False,-37.526,-7.492
source_2,1086293850,False,-35.306,-8.318
source_2,1086293867,False,-38.06,-6.712
source_2,1086293867,False,-35.16,-5.488
source_2,1086293867,False,-35.969,-7.624
source_2,1086293867,False,-35.759,-6.906
source_2,1086293867,False,-36.535,-6.726
source_2,1086293867,False,-40.094,-6.553
source_2,1086293867,False,-40.196,-5.552
source_2,1086293867,False,-39.596,-8.46
source_2,1086293874,False,-34.45,-8.066
source_2,1086293874,False,-34.222,-6.939
source_2,1086293874,False,-35.999,-7.871
source_2,1086293874,False,-38.632,-5.252
source_2,1086293874,False,-36.773,-7.269
source_2,1086293874,False,-35.802,-7.046
source_2,1086293874,False,-35.808,-7.785
source_2,1086293874,False,-39.366,-7.301
source_2,1086293881,False,-38.329,-6.709
source_2,1086293881,False,-37.706,-7.327
source_2,1086293881,False,-35.852,-7.495
source_2,1086293881,False,-37.974,-8.261
source_2,1086293881,False,-36.835,-8.527
source_2,1086293881,False,-36.413,-8.227
source_2,1086293881,False,-36.437,-8.177
source_2,1086293881,False,-38.059,-5.927
source_2,1086293898,False,-33.484,-9.176
source_2,1086293898,False,-37.999,-7.073
source_2,1086293898,False,-36.725,-7.199
source_2,1086293898,False,-36.961,-7.522
source_2,1086293898,False,-36.413,-6.578
source_2,1086293898,False,-38.429,-7.925
source_2,1086293898,False,-37.57,-9.342
source_2,1086293898,False,-37.638,-7.311
source_2,1086293904,False,-36.995,-8.926
source_2,1086293904,False,-35.0,-9.51
source_2,1086293904,False,-35.737,-8.812
source_2,1086293904,False,-35.917,-10.564
source_2,1086293904,False,-37.06,-9.085
source_2,1086293904,False,-37.994,-6.943
source_2,1086293904,False,-39.596,-7.515
source_2,1086293904,False,-40.11,-7.66
source_2,1086293935,False,-44.213,-7.838
source_2,1086293935,False,-40.049,-10.633
source_2,1086293935,False,-47.402,-8.322
source_2,1086293935,False,-47.376,-6.525
source_2,1086293935,False,-45.913,-7.368
source_2,1086293935,False,-45.479,-8.425
source_2,1086293935,False,-47.437,-6.637
source_2,1086293935,False,-49.656,-7.673
source_2,1086293942,False,-37.428,-8.019
source_2,1086293942,False,-36.009,-11.932
source_2,1086293942,False,-37.492,-10.042
source_2,1086293942,False,-38.439,-10.059
source_2,1086293942,False,-38.35,-8.411
source_2,1086293942,False,-38.379,-9.557
source_2,1086293942,False,-39.382,-9.073
source_2,1086293942,False,-40.957,-9.272
source_2,1086293959,False,-37.336,-10.88
source_2,1086293959,False,-35.676,-10.055
source_2,1086293959,False,-40.788,-9.095
source_2,1086293959,False,-38.215,-9.428
source_2,1086293959,False,-39.017,-8.834
source_2,1086293959,False,-39.067,-9.524
source_2,1086293959,False,-38.494,-10.137
source_2,1086293959,False,-38.81,-9.397
source_2,1086293966,False,-35.15,-12.175
source_2,1086293966,False,-36.083,-10.954
source_2,1086293966,False,-38.424,-10.292
source_2,1086293966,False,-39.545,-10.197
source_2,1086293966,False,-37.27,-10.838
source_2,1086293966,False,-39.418,-11.398
source_2,1086293966,False,-38.786,-10.597
source_2,1086293966,False,-45.197,-9.08
source_2,1086293973,False,-38.252,-10.2
source_2,1086293973,False,-39.479,-11.049
source_2,1086293973,False,-39.12,-11.491
source_2,1086293973,False,-37.715,-10.997
source_2,1086293973,False,-38.518,-11.164
source_2,1086293973,False,-38.227,-10.912
source_2,1086293973,False,-37.969,-11.367
source_2,1086293973,False,-41.689,-9.555
source_2,1086293980,False,-40.253,-9.282
source_2,1086293980,False,-39.955,-10.778
source_2,1086293980,False,-39.416,-10.648
source_2,1086293980,False,-40.769,-9.603
source_2,1086293980,False,-36.416,-13.736
source_2,1086293980,False,-41.335,-10.291
source_2,1086293980,False,-39.483,-11.213
source_2,1086293980,False,-39.302,-10.823
source_2,1086293997,False,-35.833,-10.903
source_2,1086293997,False,-36.772,-11.233
source_2,1086293997,False,-39.144,-10.242
source_2,1086293997,False,-39.49,-11.472
source_2,1086293997,False,-37.746,-11.198
source_2,1086293997,False,-39.19,-11.926
source_2,1086293997,False,-40.371,-10.082
source_2,1086293997,False,-39.287,-12.226
source_2,1086294000,False,-38.075,-13.814
source_2,1086294000,False,-37.5,-13.147
source_2,1086294000,False,-39.745,-11.503
source_2,1086294000,False,-41.415,-10.406
source_2,1086294000,False,-39.358,-11.802
source_2,1086294000,False,-37.777,-12.472
source_2,1086294000,False,-39.134,-12.946
source_2,1086294000,False,-41.101,-12.379
source_2,1086294017,False,-39.388,-10.188
source_2,1086294017,False,-36.614,-13.001
source_2,1086294017,False,-37.597,-14.858
source_2,1086294017,False,-38.097,-12.65
source_2,1086294017,False,-37.815,-13.91
source_2,1086294017,False,-39.512,-12.543
source_2,1086294017,False,-37.397,-13.796
source_2,1086294017,False,-40.062,-14.22
source_2,1086294024,False,-34.055,-15.317
source_2,1086294024,False,-34.847,-15.337
source_2,1086294024,False,-37.158,-14.275
source_2,1086294024,False,-38.803,-15.267
source_2,1086294024,False,-38.937,-13.482
source_2,1086294024,False,-42.675,-12.659
source_2,1086294024,False,-40.127,-14.459
source_2,1086294024,False,-39.133,-12.505
source_3,A12069aW,False,8.088,8.579
source_3,A12069aW,False,7.104,5.962
source_3,A12069aW,False,8.639,5.676
source_3,A12069aW,False,9.36,5.734
source_3,A12069aW,False,8.581,7.548
source_3,A12069aW,False,8.286,5.56
source_3,A12069aW,False,6.623,6.553
source_3,A12069aW,False,7.373,7.367
source_3,A12069bW,False,8.651,11.142
source_3,A12069bW,False,8.366,8.206
source_3,A12069bW,False,7.45,6.483
source_3,A12069bW,False,8.648,6.751
source_3,A12069bW,False,9.517,7.96
source_3,A12069bW,False,10.724,6.421
source_3,A12069bW,False,11.13,7.391
source_3,A12069bW,False,8.925,7.788
source_3,A12069cW,False,9.657,7.899
source_3,A12069cW,False,9.034,9.415
source_3,A12069cW,False,8.131,7.235
source_3,A12069cW,False,7.329,6.576
source_3,A12069cW,False,7.896,8.061
source_3,A12069cW,False,9.066,7.665
source_3,A12069cW,False,13.141,6.443
source_3,A12069cW,False,8.51,6.406
source_3,A12069dW,False,13.017,10.602
source_3,A12069dW,False,10.697,11.011
source_3,A12069dW,False,11.823,7.503
source_3,A12069dW,False,9.655,7.91
source_3,A12069dW,False,10.79,7.309
source_3,A12069dW,False,9.529,8.881
source_3,A12069dW,False,9.807,7.624
source_3,A12069dW,False,8.037,8.588
source_3,A12079aW,False,6.079,13.839
source_3,A12079aW,False,10.133,13.502
source_3,A12079aW,False,6.08,10.782
source_3,A12079aW,False,6.044,11.572
source_3,A12079aW,False,7.265,11.34
source_3,A12079aW,False,7.333,12.746
source_3,A12079aW,False,6.74,10.03
source_3,A12079aW,False,8.011,12.703
source_3,A12079bW,False,10.513,11.924
source_3,A12079bW,False,5.985,11.588
source_3,A12079bW,False,7.616,12.308
source_3,A12079bW,False,8.627,9.661
source_3,A12079bW,False,7.575,9.973
source_3,A12079bW,False,7.315,11.664
source_3,A12079bW,False,7.521,10.773
source_3,A12079bW,False,8.743,13.028
source_3,A12079cW,False,8.97,7.768
source_3,A12079cW,False,9.432,7.985
source_3,A12079cW,False,9.064,4.303
source_3,A12079cW,False,9.81,6.612
source_3,A12079cW,False,9.115,4.672
source_3,A12079cW,False,9.809,5.37
source_3,A12079cW,False,10.896,3.767
source_3,A12079cW,False,7.954,6.485
source_3,A12079dW,False,8.155,7.461
source_3,A12079dW,False,6.668,9.078
source_3,A12079dW,False,7.638,7.458
source_3,A12079dW,False,7.223,8.738
source_3,A12079dW,False,6.137,7.733
source_3,A12079dW,False,7.286,7.113
source_3,A12079dW,False,6.631,7.067
source_3,A12079dW,False,7.056,9.354
source_3,A12083aW,False,21.553,1.771
source_3,A12083aW,False,31.451,-0.154
source_3,A12083aW,False,21.496,-0.293
source_3,A12083aW,False,31.794,-1.756
source_3,A12083aW,False,17.846,0.561
source_3,A12083aW,False,28.384,-1.292
source_3,A12083aW,False,20.155,-0.166
source_3,A12083aW,False,18.179,2.658
source_3,A12083bW,False,20.365,0.106
source_3,A12083bW,False,21.77,0.307
source_3,A12083bW,False,19.22,-0.455
source_3,A12083bW,False,18.644,0.896
source_3,A12083bW,False,18.124,-0.354
source_3,A12083bW,False,19.261,2.531
source_3,A12083bW,False,17.87,3.225
source_3,A12083bW,False,18.294,3.445
source_3,A13407aW,False,17.758,2.251
source_3,A13407aW,False,17.27,2.534
source_3,A13407aW,False,16.381,1.726
source_3,A13407aW,False,14.274,2.391
source_3,A13407aW,False,16.657,2.034
source_3,A13407aW,False,17.717,-0.38
source_3,A13407aW,False,13.024,4.084
source_3,A13407aW,False,15.287,3.689
source_3,A13407bW,False,12.89,11.564
source_3,A13407bW,False,15.957,2.407
source_3,A13407bW,False,16.609,5.172
source_3,A13407bW,False,16.892,1.897
source_3,A13407bW,False,15.559,1.062
source_3,A13407bW,False,14.096,2.704
source_3,A13407bW,False,15.009,2.928
source_3,A13407bW,False,18.072,5.454
source_3,A13407cW,False,35.227,5.504
source_3,A13407cW,False,37.547,4.488
source_3,A13407cW,False,35.968,4.425
source_3,A13407cW,False,36.765,3.515
source_3,A13407cW,False,36.173,4.323
source_3,A13407cW,False,36.08,4.481
source_3,A13407cW,False,35.426,4.865
source_3,A13407cW,False,32.431,7.193
source_3,A13407dW,False,16.372,5.561
source_3,A13407dW,False,15.685,3.997
source_3,A13407dW,False,14.759,2.616
source_3,A13407dW,False,13.22,4.819
source_3,A13407dW,False,14.698,5.307
source_3,A13407dW,False,13.468,3.864
source_3,A13407dW,False,12.935,3.716
source_3,A13407dW,False,14.95,5.852
source_3,A13415aW,False,14.277,5.212
source_3,A13415aW,False,13.158,4.893
source_3,A13415aW,False,14.459,3.849
source_3,A13415aW,False,13.442,2.193
source_3,A13415aW,False,13.084,3.264
source_3,A13415aW,False,13.363,4.176
source_3,A13415aW,False,12.501,3.589
source_3,A13415aW,False,12.493,4.612
source_3,A13415bW,False,32.793,8.878
source_3,A13415bW,False,33.535,7.224
source_3,A13415bW,False,35.716,4.972
source_3,A13415bW,False,36.489,3.799
source_3,A13415bW,False,34.599,4.593
source_3,A13415bW,False,38.251,4.377
source_3,A13415bW,False,34.722,4.737
source_3,A13415bW,False,33.851,7.797
source_3,A13415cW,False,7.391,10.351
source_3,A13415cW,False,9.376,8.6
source_3,A13415cW,False,8.365,10.296
source_3,A13415cW,False,9.397,9.702
source_3,A13415cW,False,7.195,9.819
source_3,A13415cW,False,8.661,8.014
source_3,A13415cW,False,6.257,10.409
source_3,A13415cW,False,7.574,12.938
source_3,A13415dW,False,11.772,11.085
source_3,A13415dW,False,8.622,10.539
source_3,A13415dW,False,8.527,11.462
source_3,A13415dW,False,8.231,11.741
source_3,A13415dW,False,9.004,10.698
source_3,A13415dW,False,9.465,10.862
source_3,A13415dW,False,10.008,9.076
source_3,A13415dW,False,8.305,8.441
source_3,A13451bW,False,17.617,23.172
source_3,A13451bW,False,17.413,17.45
source_3,A13451bW,False,16.302,20.003
source_3,A13451bW,False,17.68,17.334
source_3,A13451bW,False,16.124,19.282
source_3,A13451bW,False,16.063,19.487
source_3,A13451bW,False,17.277,17.93
source_3,A13451bW,False,15.868,18.913
source_3,A13451dW,False,38.821,9.014
source_3,A13451dW,False,36.147,11.219
source_3,A13451dW,False,38.382,8.57
source_3,A13451dW,False,39.778,6.586
source_3,A13451dW,False,39.911,8.402
source_3,A13451dW,False,37.367,9.838
source_3,A13451dW,False,37.981,8.367
source_3,A13451dW,False,37.903,7.782
source_3,A13495dW,False,35.85,12.514
source_3,A13495dW,False,40.54,7.788
source_3,A13495dW,False,37.918,8.648
source_3,A13495dW,False,35.306,9.231
source_3,A13495dW,False,40.215,7.734
source_3,A13495dW,False,35.82,10.504
source_3,A13495dW,False,37.596,11.19
source_3,A13495dW,False,36.84,10.864
source_3,B040103a,False,34.128,-2.484
source_3,B040103a,False,33.643,0.493
source_3,B040103a,False,30.874,-0.231
source_3,B040103a,False,26.268,3.137
source_3,B040103a,False,31.782,2.246
source_3,B040103a,False,31.017,-0.444
source_3,B040103a,False,30.321,-1.013
source_3,B040103a,False,30.214,-0.103
source_3,B040103b,False,22.274,2.834
source_3,B040103b,False,22.346,1.836
source_3,B040103b,False,21.106,1.112
source_3,B040103b,False,22.461,0.505
source_3,B040103b,False,19.326,1.361
source_3,B040103b,False,21.822,2.22
source_3,B040103b,False,25.311,2.591
source_3,B040103b,False,19.117,3.721
source_3,B040103c,False,31.337,-0.287
source_3,B040103c,False,34.078,-0.131
source_3,B040103c,False,32.751,-0.597
source_3,B040103c,False,34.802,2.333
source_3,B040103c,False,33.702,1.494
source_3,B040103c,False,33.98,3.391
source_3,B040103c,False,32.435,3.222
source_3,B040103c,False,35.204,6.055
source_3,B040103d,False,29.205,-0.53
source_3,B040103d,False,25.314,1.217
source_3,B040103d,False,36.382,-2.749
source_3,B040103d,False,32.621,-2.02
source_3,B040103d,False,35.409,-2.9
source_3,B040103d,False,29.777,0.829
source_3,B040103d,False,28.867,0.562
source_3,B040103d,False,31.468,2.528
source_3,B040203a,False,29.667,-2.379
source_3,B040203a,False,32.081,-4.427
source_3,B040203a,False,34.892,-5.472
source_3,B040203a,False,31.2,-2.84
source_3,B040203a,False,29.313,-2.389
source_3,B040203a,False,30.038,-1.312
source_3,B040203a,False,33.704,-1.152
source_3,B040203a,False,33.658,-1.416
source_3,B040203b,False,32.597,-6.024
source_3,B040203b,False,31.319,-3.574
source_3,B040203b,False,31.808,-5.0
source_3,B040203b,False,31.798,-3.584
source_3,B040203b,False,35.679,-4.676
source_3,B040203b,False,36.01,-5.222
source_3,B040203b,False,35.891,-1.931
source_3,B040203b,False,34.245,-2.884
source_3,B040203c,False,26.351,1.259
source_3,B040203c,False,28.436,-2.146
source_3,B040203c,False,31.954,-3.844
source_3,B040203c,False,29.152,-3.083
source_3,B040203c,False,24.934,0.88
source_3,B040203c,False,28.958,-2.725
source_3,B040203c,False,29.456,-0.483
source_3,B040203c,False,32.717,-3.104
source_3,B040203d,False,25.886,-1.102
source_3,B040203d,False,21.547,1.475
source_3,B040203d,False,21.878,0.688
source_3,B040203d,False,21.928,1.475
source_3,B040203d,False,20.545,1.529
source_3,B040203d,False,22.535,2.915
source_3,B040203d,False,25.383,-0.213
source_3,B040203d,False,23.424,1.017
source_3,B040303a,False,25.634,0.343
source_3,B040303a,False,27.229,0.169
source_3,B040303a,False,26.276,-3.863
source_3,B040303a,False,22.866,-1.699
source_3,B040303a,False,27.367,-1.048
source_3,B040303a,False,28.685,-1.525
source_3,B040303a,False,29.528,1.536
source_3,B040303a,False,28.382,2.003
source_3,B040303b,False,30.234,-0.2
source_3,B040303b,False,29.943,-1.572
source_3,B040303b,False,30.576,-2.281
source_3,B040303b,False,27.668,0.07
source_3,B040303b,False,26.779,1.272
source_3,B040303b,False,30.176,0.215
source_3,B040303b,False,29.652,0.422
source_3,B040303b,False,27.739,0.507
source_3,B040303c,False,27.783,0.896
source_3,B040303c,False,30.596,-2.298
source_3,B040303c,False,29.694,-0.378
source_3,B040303c,False,29.822,-1.345
source_3,B040303c,False,31.05,-0.062
source_3,B040303c,False,27.114,-0.43
source_3,B040303c,False,32.578,-0.031
source_3,B040303c,False,30.576,0.93
source_3,B040303d,False,29.871,-2.391
source_3,B040303d,False,29.847,-6.034
source_3,B040303d,False,29.048,-3.868
source_3,B040303d,False,29.265,-4.877
source_3,B040303d,False,29.766,-4.399
source_3,B040303d,False,32.699,-1.915
source_3,B040303d,False,31.276,-2.173
source_3,B040303d,False,32.394,-2.176
source_3,B040603a,False,19.605,2.298
source_3,B040603a,False,19.472,3.346
source_3,B040603a,False,19.911,2.944
source_3,B040603a,False,20.362,0.865
source_3,B040603a,False,16.799,2.227
source_3,B040603a,False,20.302,1.119
source_3,B040603a,False,20.069,1.527
source_3,B040603a,False,24.186,2.35
source_3,B040603b,False,22.75,1.637
source_3,B040603b,False,26.06,0.333
source_3,B040603b,False,24.148,-0.068
source_3,B040603b,False,21.998,3.539
source_3,B040603b,False,24.494,0.89
source_3,B040603b,False,24.356,2.558
source_3,B040603b,False,25.057,0.943
source_3,B040603b,False,21.507,3.094
source_3,B040603c,False,33.45,-2.563
source_3,B040603c,False,34.701,-0.166
source_3,B040603c,False,36.848,-3.11
source_3,B040603c,False,36.859,-3.503
source_3,B040603c,False,38.412,-3.271
source_3,B040603c,False,33.532,-0.369
source_3,B040603c,False,32.585,-0.677
source_3,B040603c,False,30.683,0.295
source_3,B040603d,False,35.226,-2.765
source_3,B040603d,False,33.569,-5.723
source_3,B040603d,False,33.23,-3.334
source_3,B040603d,False,34.446,-2.393
source_3,B040603d,False,30.58,-4.29
source_3,B040603d,False,32.143,-0.437
source_3,B040603d,False,32.274,-3.378
source_3,B040603d,False,28.482,0.198
source_3,B040903a,False,34.803,-1.606
source_3,B040903a,False,37.64,-4.785
source_3,B040903a,False,34.083,-3.39
source_3,B040903a,False,30.61,-2.346
source_3,B040903a,False,30.207,-2.12
source_3,B040903a,False,33.652,-1.864
source_3,B040903a,False,35.384,-2.418
source_3,B040903a,False,37.467,-0.361
source_3,B040903b,False,36.563,-2.655
source_3,B040903b,False,33.524,-2.353
source_3,B040903b,False,30.179,-3.366
source_3,B040903b,False,31.98,-2.395
source_3,B040903b,False,35.482,-4.131
source_3,B040903b,False,31.008,-2.909
source_3,B040903b,False,32.708,-2.821
source_3,B040903b,False,35.268,-0.946
source_3,B040903c,False,26.711,-3.298
source_3,B040903c,False,34.668,-2.353
source_3,B040903c,False,33.133,-3.056
source_3,B040903c,False,34.114,-2.549
source_3,B040903c,False,31.952,-1.47
source_3,B040903c,False,34.233,-0.317
source_3,B040903c,False,34.399,-2.22
source_3,B040903c,False,31.835,-0.808
source_3,B040903d,False,28.973,-0.659
source_3,B040903d,False,35.301,-3.841
source_3,B040903d,False,37.158,-3.972
source_3,B040903d,False,33.6,-1.104
source_3,B040903d,False,33.739,-3.387
source_3,B040903d,False,34.613,-1.292
source_3,B040903d,False,36.291,-2.744
source_3,B040903d,False,37.455,-0.672
source_3,B40003aW,False,16.335,14.168
source_3,B40003aW,False,17.217,13.266
source_3,B40003aW,False,16.373,13.85
source_3,B40003aW,False,14.494,15.045
source_3,B40003aW,False,16.715,12.609
source_3,B40003aW,False,15.512,12.78
source_3,B40003aW,False,14.632,15.007
source_3,B40003aW,False,14.518,15.349
source_3,B40003bW,False,20.754,14.741
source_3,B40003bW,False,21.608,13.059
source_3,B40003bW,False,24.043,14.778
source_3,B40003bW,False,26.08,13.549
source_3,B40003bW,False,21.13,12.406
source_3,B40003bW,False,23.098,10.932
source_3,B40003bW,False,23.693,14.465
source_3,B40003bW,False,22.929,11.29
source_3,B40003cW,False,25.329,14.576
source_3,B40003cW,False,25.737,13.273
source_3,B40003cW,False,25.318,12.469
source_3,B40003cW,False,24.868,13.499
source_3,B40003cW,False,25.493,13.406
source_3,B40003cW,False,25.312,13.18
source_3,B40003cW,False,24.679,13.478
source_3,B40003cW,False,24.309,14.756
source_3,B40003dW,False,30.652,14.251
source_3,B40003dW,False,31.976,12.523
source_3,B40003dW,False,31.233,10.496
source_3,B40003dW,False,32.046,12.858
source_3,B40003dW,False,32.464,11.233
source_3,B40003dW,False,31.578,9.853
source_3,B40003dW,False,31.644,12.725
source_3,B40003dW,False,30.339,12.321
source_3,B40403aW,False,20.431,17.417
source_3,B40403aW,False,21.717,14.469
source_3,B40403aW,False,19.985,13.832
source_3,B40403aW,False,21.267,14.615
source_3,B40403aW,False,20.288,15.354
source_3,B40403aW,False,21.494,15.315
source_3,B40403aW,False,19.178,17.401
source_3,B40403aW,False,20.383,16.191
source_3,B40403bW,False,20.971,18.387
source_3,B40403bW,False,23.198,16.917
source_3,B40403bW,False,23.766,13.259
source_3,B40403bW,False,22.338,13.93
source_3,B40403bW,False,22.77,11.553
source_3,B40403bW,False,24.084,11.131
source_3,B40403bW,False,22.444,16.127
source_3,B40403bW,False,17.767,13.317
source_3,B40403cW,False,14.168,15.159
source_3,B40403cW,False,13.875,14.862
source_3,B40403cW,False,11.52,15.625
source_3,B40403cW,False,13.12,14.875
source_3,B40403cW,False,15.375,15.702
source_3,B40403cW,False,13.866,17.323
source_3,B40403cW,False,14.656,15.113
source_3,B40403cW,False,12.881,14.142
source_3,B40403dW,False,14.805,20.671
source_3,B40403dW,False,15.347,14.824
source_3,B40403dW,False,14.802,15.096
source_3,B40403dW,False,15.894,13.84
source_3,B40403dW,False,14.078,16.192
source_3,B40403dW,False,15.516,13.246
source_3,B40403dW,False,14.81,13.899
source_3,B40403dW,False,13.729,13.823
source_3,B40503aW,False,30.093,14.071
source_3,B40503aW,False,31.991,12.305
source_3,B40503aW,False,31.237,12.275
source_3,B40503aW,False,29.954,12.711
source_3,B40503aW,False,28.887,12.73
source_3,B40503aW,False,29.475,12.468
source_3,B40503aW,False,31.225,14.147
source_3,B40503aW,False,29.223,14.676
source_3,B40503bW,False,28.213,14.833
source_3,B40503bW,False,30.185,12.631
source_3,B40503bW,False,29.125,11.143
source_3,B40503bW,False,29.765,13.771
source_3,B40503bW,False,31.209,9.92
source_3,B40503bW,False,29.531,11.902
source_3,B40503bW,False,30.292,10.873
source_3,B40503bW,False,30.506,12.699
source_3,B40503cW,False,42.246,12.188
source_3,B40503cW,False,43.786,6.814
source_3,B40503cW,False,41.432,7.796
source_3,B40503cW,False,43.673,8.161
source_3,B40503cW,False,43.529,7.617
source_3,B40503cW,False,44.345,8.286
source_3,B40503cW,False,41.153,11.048
source_3,B40503cW,False,43.623,8.301
source_3,B40503dW,False,13.075,26.034
source_3,B40503dW,False,11.346,27.19
source_3,B40503dW,False,7.901,25.332
source_3,B40503dW,False,10.715,26.032
source_3,B40503dW,False,7.887,24.943
source_3,B40503dW,False,7.731,24.247
source_3,B40503dW,False,12.157,27.051
source_3,B40503dW,False,8.922,26.142
source_3,B40703aW,False,11.484,23.908
source_3,B40703aW,False,11.837,20.551
source_3,B40703aW,False,11.928,20.731
source_3,B40703aW,False,10.775,21.79
source_3,B40703aW,False,12.337,21.314
source_3,B40703aW,False,11.254,20.02
source_3,B40703aW,False,11.498,20.203
source_3,B40703aW,False,11.394,21.879
source_3,B40703bW,False,11.306,20.628
source_3,B40703bW,False,12.704,19.955
source_3,B40703bW,False,13.703,19.92
source_3,B40703bW,False,11.665,20.408
source_3,B40703bW,False,12.387,19.643
source_3,B40703bW,False,12.197,19.63
source_3,B40703bW,False,11.014,21.244
source_3,B40703bW,False,12.992,20.13
source_3,B40703cW,False,7.15,24.046
source_3,B40703cW,False,8.627,26.999
source_3,B40703cW,False,9.543,24.347
source_3,B40703cW,False,10.523,22.39
source_3,B40703cW,False,9.31,22.723
source_3,B40703cW,False,9.336,22.461
source_3,B40703cW,False,11.134,24.063
source_3,B40703cW,False,10.518,21.665
source_3,B40703dW,False,13.281,20.273
source_3,B40703dW,False,11.332,21.186
source_3,B40703dW,False,10.901,20.055
source_3,B40703dW,False,11.341,18.784
source_3,B40703dW,False,15.07,19.183
source_3,B40703dW,False,10.451,21.08
source_3,B40703dW,False,14.604,19.23
source_3,B40703dW,False,10.289,20.768
source_3,B40803aW,False,20.666,15.217
source_3,B40803aW,False,23.045,13.307
source_3,B40803aW,False,20.62,12.104
source_3,B40803aW,False,22.594,12.36
source_3,B40803aW,False,22.586,14.227
source_3,B40803aW,False,21.916,13.827
source_3,B40803aW,False,23.396,12.418
source_3,B40803aW,False,22.497,12.525
source_3,B40803bW,False,15.472,15.485
source_3,B40803bW,False,16.365,13.887
source_3,B40803bW,False,19.624,25.618
source_3,B40803bW,False,18.272,13.787
source_3,B40803bW,False,16.074,12.949
source_3,B40803bW,False,16.486,13.268
source_3,B40803bW,False,14.521,14.172
source_3,B40803bW,False,14.653,15.928
source_3,B40803cW,False,21.151,15.026
source_3,B40803cW,False,21.178,15.821
source_3,B40803cW,False,21.035,13.745
source_3,B40803cW,False,21.036,14.042
source_3,B40803cW,False,21.756,13.534
source_3,B40803cW,False,22.44,14.56
source_3,B40803cW,False,18.92,14.629
source_3,B40803cW,False,21.342,14.866
source_3,B40803dW,False,19.408,21.708
source_3,B40803dW,False,15.684,18.855
source_3,B40803dW,False,18.874,16.381
source_3,B40803dW,False,16.156,17.944
source_3,B40803dW,False,18.268,15.962
source_3,B40803dW,False,18.889,17.608
source_3,B40803dW,False,17.231,16.558
source_3,B40803dW,False,22.045,16.801
source_3,BAY5867a,False,9.428,11.111
source_3,BAY5867a,False,8.849,11.913
source_3,BAY5867a,False,7.652,11.995
source_3,BAY5867a,False,9.203,12.903
source_3,BAY5867a,False,6.161,13.27
source_3,BAY5867a,False,5.678,12.334
source_3,BAY5867a,False,11.811,13.041
source_3,BAY5867a,False,10.526,13.008
source_3,BAY5867b,False,20.981,12.19
source_3,BAY5867b,False,18.485,7.362
source_3,BAY5867b,False,16.228,8.119
source_3,BAY5867b,False,19.119,8.182
source_3,BAY5867b,False,20.42,10.55
source_3,BAY5867b,False,16.101,8.12
source_3,BAY5867b,False,18.646,7.355
source_3,BAY5867b,False,18.537,7.689
source_3,BAY5867c,False,19.526,8.414
source_3,BAY5867c,False,19.228,6.595
source_3,BAY5867c,False,17.453,9.435
source_3,BAY5867c,False,16.992,9.357
source_3,BAY5867c,False,18.547,8.279
source_3,BAY5867c,False,15.877,8.493
source_3,BAY5867c,False,17.076,8.823
source_3,BAY5867c,False,18.589,7.915
source_3,BAY5867d,False,16.857,10.852
source_3,BAY5867d,False,14.399,9.999
source_3,BAY5867d,False,15.358,10.754
source_3,BAY5867d,False,14.346,11.398
source_3,BAY5867d,False,14.06,10.619
source_3,BAY5867d,False,16.769,9.888
source_3,BAY5867d,False,15.643,12.19
source_3,BAY5867d,False,15.051,11.953
source_3,BAY5868a,False,4.118,21.624
source_3,BAY5868a,False,5.324,18.893
source_3,BAY5868a,False,1.832,19.044
source_3,BAY5868a,False,4.798,19.044
source_3,BAY5868a,False,4.877,18.312
source_3,BAY5868a,False,1.208,18.314
source_3,BAY5868a,False,3.157,19.451
source_3,BAY5868a,False,5.999,20.848
source_3,BAY5868b,False,19.098,9.764
source_3,BAY5868b,False,17.484,7.895
source_3,BAY5868b,False,17.026,7.555
source_3,BAY5868b,False,18.14,7.802
source_3,BAY5868b,False,17.041,7.695
source_3,BAY5868b,False,18.854,7.267
source_3,BAY5868b,False,18.191,8.487
source_3,BAY5868b,False,16.031,8.415
source_3,BAY5868c,False,20.068,7.611
source_3,BAY5868c,False,17.08,7.154
source_3,BAY5868c,False,19.04,9.002
source_3,BAY5868c,False,18.392,7.71
source_3,BAY5868c,False,14.908,9.128
source_3,BAY5868c,False,21.114,7.826
source_3,BAY5868c,False,20.845,7.716
source_3,BAY5868c,False,16.996,8.446
source_3,BAY5868d,False,19.991,8.752
source_3,BAY5868d,False,17.616,8.064
source_3,BAY5868d,False,19.583,7.289
source_3,BAY5868d,False,16.132,9.202
source_3,BAY5868d,False,17.852,8.634
source_3,BAY5868d,False,16.763,7.155
source_3,BAY5868d,False,18.496,7.847
source_3,BAY5868d,False,17.534,9.41
source_3,BAY5869a,False,15.967,9.545
source_3,BAY5869a,False,17.493,7.766
source_3,BAY5869a,False,15.508,10.48
source_3,BAY5869a,False,14.138,11.193
source_3,BAY5869a,False,19.181,9.584
source_3,BAY5869a,False,16.153,9.953
source_3,BAY5869a,False,16.636,9.432
source_3,BAY5869a,False,14.752,9.826
source_3,BAY5869b,False,18.862,8.271
source_3,BAY5869b,False,17.875,9.021
source_3,BAY5869b,False,18.321,9.65
source_3,BAY5869b,False,18.739,9.277
source_3,BAY5869b,False,15.96,9.606
source_3,BAY5869b,False,19.2,10.021
source_3,BAY5869b,False,17.46,9.079
source_3,BAY5869b,False,17.944,8.88
source_3,BAY5869c,False,11.034,19.83
source_3,BAY5869c,False,8.774,15.915
source_3,BAY5869c,False,10.041,16.139
source_3,BAY5869c,False,8.701,15.771
source_3,BAY5869c,False,7.715,15.533
source_3,BAY5869c,False,10.18,15.767
source_3,BAY5869c,False,9.647,15.532
source_3,BAY5869c,False,10.239,18.852
source_3,BAY5869d,False,12.655,17.483
source_3,BAY5869d,False,11.851,17.767
source_3,BAY5869d,False,6.85,15.597
source_3,BAY5869d,False,8.657,14.603
source_3,BAY5869d,False,6.684,15.634
source_3,BAY5869d,False,7.532,14.438
source_3,BAY5869d,False,8.761,15.327
source_3,BAY5869d,False,7.642,18.191
source_3,BAY5870a,False,8.087,20.878
source_3,BAY5870a,False,8.152,18.972
source_3,BAY5870a,False,8.241,16.851
source_3,BAY5870a,False,5.585,17.697
source_3,BAY5870a,False,6.24,17.961
source_3,BAY5870a,False,5.754,17.693
source_3,BAY5870a,False,6.267,17.954
source_3,BAY5870a,False,2.243,20.053
source_3,BAY5870b,False,25.24,6.162
source_3,BAY5870b,False,27.595,7.522
source_3,BAY5870b,False,27.063,4.349
source_3,BAY5870b,False,24.633,4.748
source_3,BAY5870b,False,26.86,4.947
source_3,BAY5870b,False,26.591,5.102
source_3,BAY5870b,False,25.58,5.098
source_3,BAY5870b,False,23.317,10.41
source_3,BAY5870c,False,39.423,12.409
source_3,BAY5870c,False,38.994,10.701
source_3,BAY5870c,False,44.075,10.212
source_3,BAY5870c,False,41.91,11.297
source_3,BAY5870c,False,40.816,11.569
source_3,BAY5870c,False,39.531,9.394
source_3,BAY5870c,False,41.098,9.146
source_3,BAY5870c,False,40.165,9.838
source_3,BAY5870d,False,17.191,12.06
source_3,BAY5870d,False,14.06,9.811
source_3,BAY5870d,False,18.28,8.06
source_3,BAY5870d,False,13.245,10.469
source_3,BAY5870d,False,14.884,9.107
source_3,BAY5870d,False,13.412,9.771
source_3,BAY5870d,False,12.297,9.983
source_3,BAY5870d,False,10.989,12.579
source_3,BAY5871a,False,12.261,14.652
source_3,BAY5871a,False,10.945,12.87
source_3,BAY5871a,False,8.514,16.779
source_3,BAY5871a,False,12.136,15.24
source_3,BAY5871a,False,10.037,15.601
source_3,BAY5871a,False,9.889,15.396
source_3,BAY5871a,False,10.097,14.093
source_3,BAY5871a,False,10.725,14.296
source_3,BAY5871b,False,8.662,19.288
source_3,BAY5871b,False,7.674,15.406
source_3,BAY5871b,False,6.961,17.732
source_3,BAY5871b,False,6.689,17.111
source_3,BAY5871b,False,8.378,15.494
source_3,BAY5871b,False,6.669,18.221
source_3,BAY5871b,False,5.743,18.431
source_3,BAY5871b,False,6.355,19.942
source_3,BAY5871c,False,11.776,14.045
source_3,BAY5871c,False,9.037,13.945
source_3,BAY5871c,False,12.126,13.991
source_3,BAY5871c,False,11.391,14.463
source_3,BAY5871c,False,12.141,14.319
source_3,BAY5871c,False,11.366,12.854
source_3,BAY5871c,False,11.808,14.533
source_3,BAY5871c,False,9.787,17.117
source_3,BAY5871d,False,26.434,8.153
source_3,BAY5871d,False,26.974,5.0
source_3,BAY5871d,False,24.386,4.636
source_3,BAY5871d,False,25.586,4.141
source_3,BAY5871d,False,25.584,4.147
source_3,BAY5871d,False,22.162,5.355
source_3,BAY5871d,False,25.253,3.681
source_3,BAY5871d,False,23.302,3.832
source_3,BAY5872a,False,-8.53,27.833
source_3,BAY5872a,False,-6.813,25.064
source_3,BAY5872a,False,-5.1,27.634
source_3,BAY5872a,False,-9.957,25.527
source_3,BAY5872a,False,-8.062,26.234
source_3,BAY5872a,False,-7.675,27.356
source_3,BAY5872a,False,-7.538,30.588
source_3,BAY5872a,False,-9.338,28.354
source_3,BAY5872b,False,-6.139,28.699
source_3,BAY5872b,False,-7.719,29.521
source_3,BAY5872b,False,-9.481,29.241
source_3,BAY5872b,False,-11.652,29.625
source_3,BAY5872b,False,-9.138,26.332
source_3,BAY5872b,False,-12.021,25.8
source_3,BAY5872b,False,-7.998,27.402
source_3,BAY5872b,False,-9.161,29.673
source_3,BAY5872c,False,-6.534,30.043
source_3,BAY5872c,False,-9.995,27.946
source_3,BAY5872c,False,-12.469,27.972
source_3,BAY5872c,False,-6.411,28.496
source_3,BAY5872c,False,-6.044,28.324
source_3,BAY5872c,False,-10.844,28.848
source_3,BAY5872c,False,-9.329,26.714
source_3,BAY5872c,False,-9.287,31.1
source_3,BAY5872d,False,-12.085,28.533
source_3,BAY5872d,False,-12.245,28.281
source_3,BAY5872d,False,-2.602,28.085
source_3,BAY5872d,False,-1.878,28.351
source_3,BAY5872d,False,-6.478,28.542
source_3,BAY5872d,False,-22.195,20.356
source_3,BAY5872d,False,-11.145,28.113
source_3,BAY5872d,False,-10.924,33.807
source_3,BAY5873a,False,-7.464,27.52
source_3,BAY5873a,False,-4.111,23.505
source_3,BAY5873a,False,-9.836,21.608
source_3,BAY5873a,False,-3.401,22.801
source_3,BAY5873a,False,-4.693,20.881
source_3,BAY5873a,False,-9.262,21.46
source_3,BAY5873a,False,-8.377,23.117
source_3,BAY5873a,False,-5.035,22.941
source_3,BAY5873b,False,-2.175,26.767
source_3,BAY5873b,False,-8.017,24.994
source_3,BAY5873b,False,-6.862,25.637
source_3,BAY5873b,False,-6.454,23.911
source_3,BAY5873b,False,-0.401,23.475
source_3,BAY5873b,False,-5.957,23.471
source_3,BAY5873b,False,-5.636,20.852
source_3,BAY5873b,False,-8.582,23.012
source_3,BAY5873c,False,-3.131,21.854
source_3,BAY5873c,False,-5.059,21.24
source_3,BAY5873c,False,-0.071,21.157
source_3,BAY5873c,False,-3.675,21.377
source_3,BAY5873c,False,-4.8,21.356
source_3,BAY5873c,False,-6.297,21.538
source_3,BAY5873c,False,-2.138,22.272
source_3,BAY5873c,False,-4.566,24.107
source_3,BAY5873d,False,-0.97,24.327
source_3,BAY5873d,False,-7.059,24.732
source_3,BAY5873d,False,-2.972,21.825
source_3,BAY5873d,False,-3.114,21.441
source_3,BAY5873d,False,-5.508,22.0
source_3,BAY5873d,False,-3.612,21.705
source_3,BAY5873d,False,-4.244,21.121
source_3,BAY5873d,False,-8.7,20.626
source_3,BAY5874a,False,-11.704,40.586
source_3,BAY5874a,False,-15.137,41.447
source_3,BAY5874a,False,-12.801,36.668
source_3,BAY5874a,False,-12.763,37.505
source_3,BAY5874a,False,-14.922,38.941
source_3,BAY5874a,False,-14.709,38.589
source_3,BAY5874a,False,-12.67,36.954
source_3,BAY5874a,False,-12.105,42.088
source_3,BAY5874b,False,-12.649,39.77
source_3,BAY5874b,False,-13.832,39.946
source_3,BAY5874b,False,-13.965,40.411
source_3,BAY5874b,False,-13.351,40.091
source_3,BAY5874b,False,-13.653,39.983
source_3,BAY5874b,False,-13.128,40.778
source_3,BAY5874b,False,-12.48,39.289
source_3,BAY5874b,False,-14.928,36.573
source_3,BAY5874c,False,-14.143,39.806
source_3,BAY5874c,False,-13.323,38.844
source_3,BAY5874c,False,-12.244,38.723
source_3,BAY5874c,False,-12.841,41.222
source_3,BAY5874c,False,-15.927,37.464
source_3,BAY5874c,False,-15.766,36.409
source_3,BAY5874c,False,-12.451,37.835
source_3,BAY5874c,False,-12.922,40.143
source_3,BAY5874d,False,-12.939,34.493
source_3,BAY5874d,False,-12.538,33.483
source_3,BAY5874d,False,-12.838,34.67
source_3,BAY5874d,False,-13.779,34.937
source_3,BAY5874d,False,-9.33,35.366
source_3,BAY5874d,False,-12.893,35.266
source_3,BAY5874d,False,-12.651,32.652
source_3,BAY5874d,False,-14.931,34.297
source_3,BAY5875a,False,-9.04,33.559
source_3,BAY5875a,False,-9.244,30.701
source_3,BAY5875a,False,-4.472,29.717
source_3,BAY5875a,False,-10.744,29.823
source_3,BAY5875a,False,-8.321,29.672
source_3,BAY5875a,False,-5.552,29.686
source_3,BAY5875a,False,-8.343,29.465
source_3,BAY5875a,False,-6.013,29.923
source_3,BAY5875b,False,-11.665,35.314
source_3,BAY5875b,False,-10.309,31.29
source_3,BAY5875b,False,-11.961,35.291
source_3,BAY5875b,False,-11.158,34.429
source_3,BAY5875b,False,-10.67,35.308
source_3,BAY5875b,False,-12.603,35.28
source_3,BAY5875b,False,-10.702,33.742
source_3,BAY5875b,False,-11.685,36.779
source_3,BAY5875c,False,-14.834,39.404
source_3,BAY5875c,False,-13.965,40.444
source_3,BAY5875c,False,-15.066,39.813
source_3,BAY5875c,False,-12.996,39.882
source_3,BAY5875c,False,-15.458,38.561
source_3,BAY5875c,False,-14.478,37.809
source_3,BAY5875c,False,-14.312,38.619
source_3,BAY5875c,False,-13.726,41.345
source_3,BAY5875d,False,-12.163,39.147
source_3,BAY5875d,False,-12.885,36.902
source_3,BAY5875d,False,-10.826,34.12
source_3,BAY5875d,False,-12.159,34.845
source_3,BAY5875d,False,-10.477,36.316
source_3,BAY5875d,False,-10.405,34.85
source_3,BAY5875d,False,-7.78,37.437
source_3,BAY5875d,False,-11.863,35.231
source_3,BAY5876a,False,-9.533,35.97
source_3,BAY5876a,False,-8.539,31.163
source_3,BAY5876a,False,-7.071,29.543
source_3,BAY5876a,False,-8.091,30.455
source_3,BAY5876a,False,-7.71,29.403
source_3,BAY5876a,False,-8.196,29.91
source_3,BAY5876a,False,-9.532,28.01
source_3,BAY5876a,False,-9.074,29.13
source_3,BAY5876b,False,-7.046,34.808
source_3,BAY5876b,False,-7.125,33.919
source_3,BAY5876b,False,-8.938,34.537
source_3,BAY5876b,False,-9.056,33.207
source_3,BAY5876b,False,-9.777,33.821
source_3,BAY5876b,False,-8.46,32.127
source_3,BAY5876b,False,-10.371,33.158
source_3,BAY5876b,False,-12.257,34.25
source_3,BAY5876c,False,-10.901,32.392
source_3,BAY5876c,False,-11.447,32.696
source_3,BAY5876c,False,-10.43,32.298
source_3,BAY5876c,False,-11.372,33.386
source_3,BAY5876c,False,-12.942,32.883
source_3,BAY5876c,False,-16.57,30.641
source_3,BAY5876c,False,-15.362,32.888
source_3,BAY5876c,False,-11.309,33.524
source_3,BAY5876d,False,-9.013,32.085
source_3,BAY5876d,False,-10.553,35.243
source_3,BAY5876d,False,-10.028,31.033
source_3,BAY5876d,False,-10.907,31.287
source_3,BAY5876d,False,-11.016,30.742
source_3,BAY5876d,False,-10.741,30.123
source_3,BAY5876d,False,-11.473,29.225
source_3,BAY5876d,False,-11.988,30.546
source_3,BR5867a3,False,24.741,8.891
source_3,BR5867a3,False,24.66,6.309
source_3,BR5867a3,False,24.52,4.406
source_3,BR5867a3,False,24.392,2.956
source_3,BR5867a3,False,24.919,3.142
source_3,BR5867a3,False,24.403,3.274
source_3,BR5867a3,False,24.274,4.341
source_3,BR5867a3,False,24.653,4.391
source_3,BR5867b3,False,24.473,2.978
source_3,BR5867b3,False,25.791,1.77
source_3,BR5867b3,False,21.781,5.094
source_3,BR5867b3,False,23.491,2.714
source_3,BR5867b3,False,24.439,2.646
source_3,BR5867b3,False,25.527,1.034
source_3,BR5867b3,False,23.003,3.891
source_3,BR5867b3,False,27.278,1.507
source_3,BR5867c3,False,26.354,3.378
source_3,BR5867c3,False,24.892,4.668
source_3,BR5867c3,False,27.289,1.042
source_3,BR5867c3,False,24.747,2.413
source_3,BR5867c3,False,23.822,3.588
source_3,BR5867c3,False,24.382,0.874
source_3,BR5867c3,False,27.244,2.125
source_3,BR5867c3,False,25.05,4.353
source_3,BR5867d3,False,24.708,6.732
source_3,BR5867d3,False,24.958,6.937
source_3,BR5867d3,False,25.018,6.54
source_3,BR5867d3,False,23.29,6.665
source_3,BR5867d3,False,24.728,5.472
source_3,BR5867d3,False,24.362,5.54
source_3,BR5867d3,False,23.487,6.629
source_3,BR5867d3,False,24.062,5.263
source_3,BR5868a3,False,23.981,4.019
source_3,BR5868a3,False,21.959,7.855
source_3,BR5868a3,False,27.387,1.535
source_3,BR5868a3,False,23.884,3.861
source_3,BR5868a3,False,23.084,4.633
source_3,BR5868a3,False,24.311,2.696
source_3,BR5868a3,False,25.044,2.846
source_3,BR5868a3,False,23.547,7.148
source_3,BR5868b3,False,25.724,6.978
source_3,BR5868b3,False,22.772,7.677
source_3,BR5868b3,False,24.896,1.72
source_3,BR5868b3,False,25.62,2.615
source_3,BR5868b3,False,25.52,1.534
source_3,BR5868b3,False,25.151,1.895
source_3,BR5868b3,False,25.555,2.643
source_3,BR5868b3,False,23.471,4.296
source_3,BR5868c3,False,26.475,7.293
source_3,BR5868c3,False,24.853,4.276
source_3,BR5868c3,False,23.905,4.547
source_3,BR5868c3,False,26.12,3.967
source_3,BR5868c3,False,25.954,2.426
source_3,BR5868c3,False,26.17,3.534
source_3,BR5868c3,False,26.527,2.468
source_3,BR5868c3,False,23.7,4.359
source_3,BR5868d3,False,20.962,8.553
source_3,BR5868d3,False,23.618,6.044
source_3,BR5868d3,False,22.019,6.612
source_3,BR5868d3,False,23.583,5.588
source_3,BR5868d3,False,24.482,5.365
source_3,BR5868d3,False,22.124,4.846
source_3,BR5868d3,False,22.177,7.656
source_3,BR5868d3,False,22.887,5.506
source_3,BR5869a3,False,20.609,7.518
source_3,BR5869a3,False,23.029,3.248
source_3,BR5869a3,False,20.725,6.625
source_3,BR5869a3,False,21.084,7.176
source_3,BR5869a3,False,22.124,5.947
source_3,BR5869a3,False,23.195,5.422
source_3,BR5869a3,False,21.848,8.047
source_3,BR5869a3,False,23.351,5.003
source_3,BR5869b3,False,23.262,4.602
source_3,BR5869b3,False,25.251,5.813
source_3,BR5869b3,False,21.964,6.641
source_3,BR5869b3,False,27.712,3.064
source_3,BR5869b3,False,25.554,3.414
source_3,BR5869b3,False,24.151,2.779
source_3,BR5869b3,False,21.911,3.786
source_3,BR5869b3,False,26.713,2.664
source_3,BR5869c3,False,23.376,9.383
source_3,BR5869c3,False,21.886,8.553
source_3,BR5869c3,False,23.137,5.504
source_3,BR5869c3,False,22.896,5.155
source_3,BR5869c3,False,26.278,3.607
source_3,BR5869c3,False,22.988,4.224
source_3,BR5869c3,False,25.744,4.6
source_3,BR5869c3,False,24.695,8.677
source_3,BR5869d3,False,29.211,3.436
source_3,BR5869d3,False,24.886,2.844
source_3,BR5869d3,False,27.974,1.118
source_3,BR5869d3,False,27.129,2.498
source_3,BR5869d3,False,26.036,0.657
source_3,BR5869d3,False,26.456,1.521
source_3,BR5869d3,False,26.712,1.9
source_3,BR5869d3,False,25.298,4.392
source_3,BR5870a3,False,23.35,6.59
source_3,BR5870a3,False,23.513,2.675
source_3,BR5870a3,False,26.923,2.957
source_3,BR5870a3,False,25.999,2.224
source_3,BR5870a3,False,26.304,2.659
source_3,BR5870a3,False,23.514,3.285
source_3,BR5870a3,False,25.908,1.098
source_3,BR5870a3,False,25.249,4.913
source_3,BR5870b3,False,28.254,5.434
source_3,BR5870b3,False,25.087,4.694
source_3,BR5870b3,False,24.458,4.606
source_3,BR5870b3,False,24.841,3.65
source_3,BR5870b3,False,23.33,7.257
source_3,BR5870b3,False,23.748,6.219
source_3,BR5870b3,False,25.545,4.118
source_3,BR5870b3,False,22.629,7.521
source_3,BR5870c3,False,26.984,7.282
source_3,BR5870c3,False,26.003,4.309
source_3,BR5870c3,False,23.764,2.664
source_3,BR5870c3,False,22.511,6.1
source_3,BR5870c3,False,24.611,3.811
source_3,BR5870c3,False,21.882,3.444
source_3,BR5870c3,False,25.149,2.198
source_3,BR5870c3,False,21.719,7.703
source_3,BR5870d3,False,27.592,6.284
source_3,BR5870d3,False,26.845,1.776
source_3,BR5870d3,False,22.7,4.792
source_3,BR5870d3,False,23.238,3.869
source_3,BR5870d3,False,24.53,1.942
source_3,BR5870d3,False,25.356,2.733
source_3,BR5870d3,False,23.185,5.746
source_3,BR5870d3,False,22.809,6.594
source_3,BR5871a3,False,26.348,8.741
source_3,BR5871a3,False,23.649,6.128
source_3,BR5871a3,False,25.032,1.339
source_3,BR5871a3,False,25.831,2.507
source_3,BR5871a3,False,24.233,2.383
source_3,BR5871a3,False,27.083,1.327
source_3,BR5871a3,False,24.517,4.206
source_3,BR5871a3,False,26.254,4.368
source_3,BR5871b3,False,27.563,5.164
source_3,BR5871b3,False,26.866,6.968
source_3,BR5871b3,False,26.65,2.34
source_3,BR5871b3,False,26.744,2.088
source_3,BR5871b3,False,25.349,1.538
source_3,BR5871b3,False,26.023,4.517
source_3,BR5871b3,False,25.243,4.875
source_3,BR5871b3,False,26.39,4.713
source_3,BR5871c3,False,24.803,7.864
source_3,BR5871c3,False,26.378,2.555
source_3,BR5871c3,False,25.706,4.027
source_3,BR5871c3,False,23.322,4.751
source_3,BR5871c3,False,26.315,3.387
source_3,BR5871c3,False,25.068,4.04
source_3,BR5871c3,False,22.391,6.366
source_3,BR5871c3,False,23.011,5.221
source_3,BR5871d3,False,23.559,2.534
source_3,BR5871d3,False,22.889,2.812
source_3,BR5871d3,False,23.958,-1.311
source_3,BR5871d3,False,22.484,2.934
source_3,BR5871d3,False,22.14,3.016
source_3,BR5871d3,False,20.649,4.918
source_3,BR5871d3,False,23.208,0.14
source_3,BR5871d3,False,22.392,6.155
source_3,BR5872a3,False,27.522,6.37
source_3,BR5872a3,False,27.394,3.422
source_3,BR5872a3,False,27.341,2.316
source_3,BR5872a3,False,25.624,7.479
source_3,BR5872a3,False,25.498,5.281
source_3,BR5872a3,False,27.073,2.476
source_3,BR5872a3,False,24.642,6.371
source_3,BR5872a3,False,27.305,5.809
source_3,BR5872b3,False,28.412,8.925
source_3,BR5872b3,False,27.085,3.561
source_3,BR5872b3,False,25.881,4.628
source_3,BR5872b3,False,26.225,2.146
source_3,BR5872b3,False,25.146,2.818
source_3,BR5872b3,False,27.336,2.697
source_3,BR5872b3,False,25.064,3.168
source_3,BR5872b3,False,26.49,3.67
source_3,BR5872c3,False,28.215,3.844
source_3,BR5872c3,False,25.148,5.904
source_3,BR5872c3,False,26.63,2.461
source_3,BR5872c3,False,24.826,5.415
source_3,BR5872c3,False,25.805,3.819
source_3,BR5872c3,False,28.116,0.788
source_3,BR5872c3,False,25.391,3.913
source_3,BR5872c3,False,25.317,5.847
source_3,BR5872d3,False,29.742,-0.214
source_3,BR5872d3,False,29.611,-2.679
source_3,BR5872d3,False,27.563,0.454
source_3,BR5872d3,False,30.096,-1.806
source_3,BR5872d3,False,28.664,0.138
source_3,BR5872d3,False,27.428,1.976
source_3,BR5872d3,False,27.922,2.118
source_3,BR5872d3,False,28.36,0.935
source_3,BR5873a3,False,25.308,2.671
source_3,BR5873a3,False,28.027,-0.662
source_3,BR5873a3,False,24.436,2.613
source_3,BR5873a3,False,25.883,2.45
source_3,BR5873a3,False,26.131,-0.17
source_3,BR5873a3,False,24.98,4.593
source_3,BR5873a3,False,26.401,1.084
source_3,BR5873a3,False,23.946,1.687
source_3,BR5873b3,False,24.612,4.091
source_3,BR5873b3,False,24.043,7.385
source_3,BR5873b3,False,22.566,4.39
source_3,BR5873b3,False,24.811,5.617
source_3,BR5873b3,False,22.664,6.604
source_3,BR5873b3,False,23.622,5.926
source_3,BR5873b3,False,22.824,6.412
source_3,BR5873b3,False,24.918,2.563
source_3,BR5873c3,False,29.402,5.27
source_3,BR5873c3,False,28.54,0.466
source_3,BR5873c3,False,28.136,0.798
source_3,BR5873c3,False,27.498,0.536
source_3,BR5873c3,False,27.769,-0.989
source_3,BR5873c3,False,26.714,-1.952
source_3,BR5873c3,False,25.559,0.223
source_3,BR5873c3,False,24.037,1.171
source_3,BR5873d3W,False,43.089,14.841
source_3,BR5873d3W,False,39.295,11.022
source_3,BR5873d3W,False,39.709,11.158
source_3,BR5873d3W,False,38.238,10.812
source_3,BR5873d3W,False,40.813,7.944
source_3,BR5873d3W,False,39.004,9.023
source_3,BR5873d3W,False,38.254,10.467
source_3,BR5873d3W,False,35.807,10.954
source_3,BR5874a3,False,26.4,0.767
source_3,BR5874a3,False,25.11,1.558
source_3,BR5874a3,False,32.536,2.585
source_3,BR5874a3,False,26.095,0.86
source_3,BR5874a3,False,25.518,0.665
source_3,BR5874a3,False,24.271,1.141
source_3,BR5874a3,False,24.722,1.062
source_3,BR5874a3,False,24.958,3.849
source_3,BR5874b3,False,24.992,5.001
source_3,BR5874b3,False,28.255,-0.778
source_3,BR5874b3,False,26.203,-1.358
source_3,BR5874b3,False,25.925,2.442
source_3,BR5874b3,False,25.234,0.119
source_3,BR5874b3,False,24.883,-0.188
source_3,BR5874b3,False,25.582,3.041
source_3,BR5874b3,False,24.247,4.773
source_3,BR5874c3,False,25.156,5.698
source_3,BR5874c3,False,26.671,0.553
source_3,BR5874c3,False,27.805,-1.848
source_3,BR5874c3,False,25.98,1.158
source_3,BR5874c3,False,28.309,0.147
source_3,BR5874c3,False,26.66,0.196
source_3,BR5874c3,False,26.748,-0.65
source_3,BR5874c3,False,26.575,-0.556
source_3,BR5874d3,False,25.895,7.392
source_3,BR5874d3,False,25.907,6.422
source_3,BR5874d3,False,26.065,5.584
source_3,BR5874d3,False,23.704,5.473
source_3,BR5874d3,False,23.606,5.412
source_3,BR5874d3,False,23.338,4.283
source_3,BR5874d3,False,27.2,5.041
source_3,BR5874d3,False,25.065,6.531
source_3,BR5875a3,False,22.702,1.342
source_3,BR5875a3,False,24.332,-1.105
source_3,BR5875a3,False,24.971,-1.238
source_3,BR5875a3,False,24.87,-1.72
source_3,BR5875a3,False,27.541,-1.273
source_3,BR5875a3,False,23.983,0.824
source_3,BR5875a3,False,26.826,-0.269
source_3,BR5875a3,False,26.888,-0.151
source_3,BR5875b3,False,27.953,3.726
source_3,BR5875b3,False,25.833,0.622
source_3,BR5875b3,False,27.621,-0.901
source_3,BR5875b3,False,26.78,-1.119
source_3,BR5875b3,False,28.383,-1.755
source_3,BR5875b3,False,27.809,1.667
source_3,BR5875b3,False,25.311,0.504
source_3,BR5875b3,False,24.28,2.624
source_3,BR5875c3,False,27.67,-0.047
source_3,BR5875c3,False,25.611,0.677
source_3,BR5875c3,False,27.872,-0.858
source_3,BR5875c3,False,27.107,-0.77
source_3,BR5875c3,False,27.516,4.115
source_3,BR5875c3,False,25.88,-0.128
source_3,BR5875c3,False,26.503,-1.011
source_3,BR5875c3,False,23.626,3.228
source_3,BR5875d3,False,29.967,5.739
source_3,BR5875d3,False,27.276,1.564
source_3,BR5875d3,False,25.754,2.792
source_3,BR5875d3,False,25.449,2.065
source_3,BR5875d3,False,25.481,2.263
source_3,BR5875d3,False,28.061,0.241
source_3,BR5875d3,False,27.062,5.037
source_3,BR5875d3,False,28.307,4.387
source_3,BR5876a3,False,21.901,6.756
source_3,BR5876a3,False,22.159,3.021
source_3,BR5876a3,False,23.151,5.583
source_3,BR5876a3,False,21.285,3.599
source_3,BR5876a3,False,21.965,4.337
source_3,BR5876a3,False,24.849,4.7
source_3,BR5876a3,False,24.897,4.7
source_3,BR5876a3,False,27.394,6.928
source_3,BR5876b3,False,25.506,6.416
source_3,BR5876b3,False,25.623,0.822
source_3,BR5876b3,False,27.6,-0.321
source_3,BR5876b3,False,25.742,0.818
source_3,BR5876b3,False,26.768,-0.769
source_3,BR5876b3,False,26.306,-0.272
source_3,BR5876b3,False,23.549,2.046
source_3,BR5876b3,False,24.442,1.693
source_3,BR5876c3,False,25.938,2.143
source_3,BR5876c3,False,25.516,0.552
source_3,BR5876c3,False,25.368,2.468
source_3,BR5876c3,False,24.677,-0.618
source_3,BR5876c3,False,23.967,2.459
source_3,BR5876c3,False,24.702,1.066
source_3,BR5876c3,False,24.72,2.117
source_3,BR5876c3,False,25.343,0.394
source_3,BR5876d3,False,24.219,1.029
source_3,BR5876d3,False,25.492,2.837
source_3,BR5876d3,False,25.524,3.134
source_3,BR5876d3,False,23.927,4.045
source_3,BR5876d3,False,28.99,2.177
source_3,BR5876d3,False,24.813,3.683
source_3,BR5876d3,False,26.373,1.727
source_3,BR5876d3,False,24.318,3.711
source_3,C13443aW,False,22.121,3.732
source_3,C13443aW,False,19.747,3.403
source_3,C13443aW,False,22.661,2.128
source_3,C13443aW,False,20.417,0.392
source_3,C13443aW,False,21.512,1.333
source_3,C13443aW,False,20.865,1.284
source_3,C13443aW,False,19.803,1.14
source_3,C13443aW,False,23.103,4.166
source_3,C13443bW,False,24.221,0.367
source_3,C13443bW,False,24.386,0.014
source_3,C13443bW,False,23.061,-0.854
source_3,C13443bW,False,22.382,0.316
source_3,C13443bW,False,22.013,0.31
source_3,C13443bW,False,22.815,1.558
source_3,C13443bW,False,25.297,1.316
source_3,C13443bW,False,21.561,1.015
source_3,C13443cW,False,23.733,2.417
source_3,C13443cW,False,24.417,1.444
source_3,C13443cW,False,22.739,0.507
source_3,C13443cW,False,23.688,-1.547
source_3,C13443cW,False,24.212,0.088
source_3,C13443cW,False,22.448,-0.407
source_3,C13443cW,False,23.837,0.266
source_3,C13443cW,False,22.32,-0.121
source_3,C13443dW,False,23.572,-1.61
source_3,C13443dW,False,22.967,-0.074
source_3,C13443dW,False,22.653,2.751
source_3,C13443dW,False,22.026,1.219
source_3,C13443dW,False,22.396,1.199
source_3,C13443dW,False,25.861,0.409
source_3,C13443dW,False,24.267,0.627
source_3,C13443dW,False,24.904,3.059
source_3,C13451aW,False,17.446,6.068
source_3,C13451aW,False,21.989,5.145
source_3,C13451aW,False,20.509,3.84
source_3,C13451aW,False,21.269,3.066
source_3,C13451aW,False,21.047,1.996
source_3,C13451aW,False,21.451,6.161
source_3,C13451aW,False,23.172,5.326
source_3,C13451aW,False,22.724,6.01
source_3,C13451cW,False,13.203,12.731
source_3,C13451cW,False,14.123,11.688
source_3,C13451cW,False,16.091,13.132
source_3,C13451cW,False,15.235,15.944
source_3,C13451cW,False,19.21,13.928
source_3,C13451cW,False,17.572,13.325
source_3,C13451cW,False,18.401,13.162
source_3,C13451cW,False,16.84,16.002
source_3,C13459aW,False,27.126,4.173
source_3,C13459aW,False,24.167,5.398
source_3,C13459aW,False,22.521,6.175
source_3,C13459aW,False,27.608,4.512
source_3,C13459aW,False,24.854,4.204
source_3,C13459aW,False,23.185,5.477
source_3,C13459aW,False,23.796,6.102
source_3,C13459aW,False,23.94,6.407
source_3,C13459bW,False,23.482,1.818
source_3,C13459bW,False,22.405,1.046
source_3,C13459bW,False,23.435,0.1
source_3,C13459bW,False,21.985,-0.208
source_3,C13459bW,False,20.091,-0.012
source_3,C13459bW,False,21.507,0.357
source_3,C13459bW,False,23.404,-0.525
source_3,C13459bW,False,21.996,0.193
source_3,C13459cW,False,22.237,4.669
source_3,C13459cW,False,19.107,2.723
source_3,C13459cW,False,23.323,2.728
source_3,C13459cW,False,20.649,2.828
source_3,C13459cW,False,27.506,0.164
source_3,C13459cW,False,21.912,2.858
source_3,C13459cW,False,21.277,2.552
source_3,C13459cW,False,22.308,4.984
source_3,C13459dW,False,23.454,-2.677
source_3,C13459dW,False,24.46,-1.887
source_3,C13459dW,False,24.016,-0.19
source_3,C13459dW,False,24.23,-0.307
source_3,C13459dW,False,25.387,-1.779
source_3,C13459dW,False,24.653,-1.048
source_3,C13459dW,False,22.532,-1.17
source_3,C13459dW,False,23.766,-0.089
source_3,C13487aW,False,24.944,-1.327
source_3,C13487aW,False,25.5,-1.809
source_3,C13487aW,False,27.068,-1.454
source_3,C13487aW,False,26.347,-1.78
source_3,C13487aW,False,25.324,-1.747
source_3,C13487aW,False,27.468,-0.08
source_3,C13487aW,False,25.079,-0.931
source_3,C13487aW,False,24.928,1.656
source_3,C13487bW,False,25.991,0.987
source_3,C13487bW,False,25.043,-2.186
source_3,C13487bW,False,25.601,-0.534
source_3,C13487bW,False,25.271,-0.068
source_3,C13487bW,False,25.7,-1.225
source_3,C13487bW,False,25.085,-0.447
source_3,C13487bW,False,26.313,1.352
source_3,C13487bW,False,24.512,2.334
source_3,C13487cW,False,25.415,1.836
source_3,C13487cW,False,25.028,-0.095
source_3,C13487cW,False,24.495,0.078
source_3,C13487cW,False,25.085,1.254
source_3,C13487cW,False,24.754,-0.192
source_3,C13487cW,False,24.685,0.95
source_3,C13487cW,False,24.46,0.544
source_3,C13487cW,False,25.519,1.128
source_3,C13487dW,False,22.765,9.317
source_3,C13487dW,False,16.934,8.712
source_3,C13487dW,False,20.276,8.164
source_3,C13487dW,False,21.088,5.01
source_3,C13487dW,False,22.137,5.649
source_3,C13487dW,False,22.864,4.482
source_3,C13487dW,False,22.397,5.64
source_3,C13487dW,False,22.009,5.126
source_3,C13495aW,False,21.752,9.168
source_3,C13495aW,False,22.874,6.548
source_3,C13495aW,False,19.024,7.179
source_3,C13495aW,False,23.106,6.589
source_3,C13495aW,False,22.318,5.92
source_3,C13495aW,False,23.084,5.274
source_3,C13495aW,False,23.287,8.833
source_3,C13495aW,False,16.559,9.469
source_3,C13495bW,False,23.412,7.944
source_3,C13495bW,False,22.349,3.163
source_3,C13495bW,False,21.486,2.6
source_3,C13495bW,False,17.989,2.95
source_3,C13495bW,False,23.468,3.416
source_3,C13495bW,False,24.194,7.648
source_3,C13495bW,False,17.656,4.039
source_3,C13495bW,False,21.651,7.577
source_3,C13495cW,False,12.968,7.875
source_3,C13495cW,False,18.343,8.015
source_3,C13495cW,False,15.236,7.22
source_3,C13495cW,False,12.358,7.997
source_3,C13495cW,False,19.919,4.675
source_3,C13495cW,False,20.343,6.011
source_3,C13495cW,False,20.861,6.683
source_3,C13495cW,False,19.603,9.377
source_3,J12284a,False,27.417,2.449
source_3,J12284a,False,24.923,3.277
source_3,J12284a,False,24.399,0.703
source_3,J12284a,False,24.842,1.534
source_3,J12284a,False,25.007,3.335
source_3,J12284a,False,26.325,1.931
source_3,J12284a,False,24.461,4.191
source_3,J12284a,False,25.267,6.335
source_3,J12284b,False,22.239,3.453
source_3,J12284b,False,25.085,2.849
source_3,J12284b,False,28.012,2.863
source_3,J12284b,False,24.258,2.748
source_3,J12284b,False,25.929,2.892
source_3,J12284b,False,23.452,4.25
source_3,J12284b,False,24.323,3.797
source_3,J12284b,False,24.206,2.871
source_3,J12284c,False,26.024,0.534
source_3,J12284c,False,25.705,1.242
source_3,J12284c,False,26.472,0.784
source_3,J12284c,False,26.273,2.135
source_3,J12284c,False,25.74,0.613
source_3,J12284c,False,25.504,2.36
source_3,J12284c,False,24.948,0.146
source_3,J12284c,False,25.607,2.071
source_3,J12284d,False,24.542,0.618
source_3,J12284d,False,22.94,0.678
source_3,J12284d,False,27.615,0.011
source_3,J12284d,False,26.293,0.581
source_3,J12284d,False,26.702,-0.859
source_3,J12284d,False,26.428,0.422
source_3,J12284d,False,24.745,0.949
source_3,J12284d,False,26.738,3.317
source_3,J12424a,False,23.841,3.21
source_3,J12424a,False,25.497,1.676
source_3,J12424a,False,23.593,2.288
source_3,J12424a,False,22.45,1.969
source_3,J12424a,False,22.957,3.044
source_3,J12424a,False,25.73,2.749
source_3,J12424a,False,24.471,1.56
source_3,J12424a,False,27.343,0.781
source_3,J12424b,False,4.546,15.716
source_3,J12424b,False,4.734,14.083
source_3,J12424b,False,6.381,13.118
source_3,J12424b,False,7.202,13.742
source_3,J12424b,False,2.577,14.556
source_3,J12424b,False,5.485,15.485
source_3,J12424b,False,5.886,15.77
source_3,J12424b,False,6.379,15.662
source_3,J12424c,False,3.586,16.874
source_3,J12424c,False,6.017,16.801
source_3,J12424c,False,5.388,14.23
source_3,J12424c,False,4.305,14.958
source_3,J12424c,False,5.302,13.964
source_3,J12424c,False,3.986,16.543
source_3,J12424c,False,4.346,15.072
source_3,J12424c,False,3.403,16.433
source_3,J12424d,False,3.928,14.45
source_3,J12424d,False,4.033,15.143
source_3,J12424d,False,6.07,13.57
source_3,J12424d,False,1.941,13.293
source_3,J12424d,False,3.184,15.444
source_3,J12424d,False,6.921,13.31
source_3,J12424d,False,6.565,14.295
source_3,J12424d,False,6.001,15.23
source_3,J12428a,False,9.322,10.168
source_3,J12428a,False,10.001,8.329
source_3,J12428a,False,10.96,9.804
source_3,J12428a,False,9.703,8.758
source_3,J12428a,False,10.177,10.43
source_3,J12428a,False,11.167,10.155
source_3,J12428a,False,10.184,10.868
source_3,J12428a,False,10.358,8.768
source_3,J12428b,False,9.933,9.235
source_3,J12428b,False,11.284,9.962
source_3,J12428b,False,10.338,7.984
source_3,J12428b,False,9.958,9.259
source_3,J12428b,False,11.286,9.116
source_3,J12428b,False,10.314,9.602
source_3,J12428b,False,9.751,9.506
source_3,J12428b,False,7.36,11.472
source_3,J12428c,False,9.393,8.707
source_3,J12428c,False,10.788,9.163
source_3,J12428c,False,11.614,8.631
source_3,J12428c,False,12.439,9.33
source_3,J12428c,False,10.555,8.41
source_3,J12428c,False,11.188,9.171
source_3,J12428c,False,9.052,10.031
source_3,J12428c,False,10.584,11.759
source_3,J12428d,False,14.969,7.275
source_3,J12428d,False,13.78,7.032
source_3,J12428d,False,13.091,8.596
source_3,J12428d,False,13.02,7.002
source_3,J12428d,False,13.874,7.825
source_3,J12428d,False,13.376,8.601
source_3,J12428d,False,13.147,6.699
source_3,J12428d,False,11.649,9.424
source_3,J12432a,False,24.275,2.389
source_3,J12432a,False,20.289,2.418
source_3,J12432a,False,25.485,1.6
source_3,J12432a,False,21.251,1.414
source_3,J12432a,False,21.834,3.516
source_3,J12432a,False,18.41,4.416
source_3,J12432a,False,18.696,4.429
source_3,J12432a,False,17.753,7.594
source_3,J12432b,False,21.366,3.315
source_3,J12432b,False,25.696,0.043
source_3,J12432b,False,23.87,2.775
source_3,J12432b,False,23.78,2.666
source_3,J12432b,False,24.65,2.281
source_3,J12432b,False,24.255,1.666
source_3,J12432b,False,20.443,3.554
source_3,J12432b,False,24.255,3.917
source_3,J12432c,False,25.664,0.908
source_3,J12432c,False,22.722,4.574
source_3,J12432c,False,21.569,6.48
source_3,J12432c,False,20.212,3.866
source_3,J12432c,False,25.25,0.765
source_3,J12432c,False,21.307,4.235
source_3,J12432c,False,18.869,5.752
source_3,J12432c,False,24.795,4.504
source_3,J12432d,False,23.265,3.086
source_3,J12432d,False,24.593,1.536
source_3,J12432d,False,25.851,-0.048
source_3,J12432d,False,24.759,0.196
source_3,J12432d,False,25.547,0.966
source_3,J12432d,False,25.193,3.386
source_3,J12432d,False,26.531,0.869
source_3,J12432d,False,25.004,2.462
source_3,J12436A,False,28.241,-2.048
source_3,J12436A,False,29.732,-1.656
source_3,J12436A,False,28.135,-2.281
source_3,J12436A,False,26.191,-0.537
source_3,J12436A,False,27.166,0.227
source_3,J12436A,False,27.116,-1.109
source_3,J12436A,False,25.388,-0.274
source_3,J12436A,False,26.904,1.039
source_3,J12436b,False,21.686,4.971
source_3,J12436b,False,20.903,3.499
source_3,J12436b,False,17.298,3.96
source_3,J12436b,False,17.034,6.645
source_3,J12436b,False,16.775,4.93
source_3,J12436b,False,16.819,7.567
source_3,J12436b,False,18.323,5.711
source_3,J12436b,False,15.683,8.491
source_3,J12436c,False,24.401,3.631
source_3,J12436c,False,19.445,3.426
source_3,J12436c,False,23.465,2.824
source_3,J12436c,False,22.457,2.692
source_3,J12436c,False,24.173,3.658
source_3,J12436c,False,24.358,4.267
source_3,J12436c,False,24.268,1.898
source_3,J12436c,False,22.899,4.208
source_3,J12436d,False,21.497,5.269
source_3,J12436d,False,19.83,4.703
source_3,J12436d,False,18.206,5.939
source_3,J12436d,False,19.939,7.586
source_3,J12436d,False,20.493,3.683
source_3,J12436d,False,21.676,2.465
source_3,J12436d,False,20.278,6.005
source_3,J12436d,False,17.65,5.662
source_3,J12440a,False,22.081,4.961
source_3,J12440a,False,22.948,5.075
source_3,J12440a,False,22.039,2.967
source_3,J12440a,False,23.549,4.25
source_3,J12440a,False,22.272,1.756
source_3,J12440a,False,20.795,5.977
source_3,J12440a,False,21.72,2.927
source_3,J12440a,False,23.176,4.689
source_3,J12440b,False,12.505,7.001
source_3,J12440b,False,13.467,8.088
source_3,J12440b,False,11.391,9.006
source_3,J12440b,False,11.933,6.152
source_3,J12440b,False,11.005,8.533
source_3,J12440b,False,12.729,7.365
source_3,J12440b,False,12.296,6.61
source_3,J12440b,False,11.245,7.735
source_3,J12440c,False,13.883,7.926
source_3,J12440c,False,14.864,7.765
source_3,J12440c,False,15.698,9.891
source_3,J12440c,False,16.113,6.565
source_3,J12440c,False,15.011,6.467
source_3,J12440c,False,15.522,7.081
source_3,J12440c,False,14.282,6.695
source_3,J12440c,False,13.706,7.972
source_3,J12440dW,False,38.752,8.692
source_3,J12440dW,False,38.217,9.733
source_3,J12440dW,False,40.339,6.705
source_3,J12440dW,False,36.511,9.267
source_3,J12440dW,False,35.46,9.422
source_3,J12440dW,False,35.218,10.978
source_3,J12440dW,False,38.83,11.227
source_3,J12440dW,False,38.693,10.433
source_3,J12446a,False,24.813,0.531
source_3,J12446a,False,28.835,-0.47
source_3,J12446a,False,27.146,-2.535
source_3,J12446a,False,24.982,0.853
source_3,J12446a,False,25.784,-0.708
source_3,J12446a,False,25.903,0.591
source_3,J12446a,False,26.563,-0.171
source_3,J12446a,False,26.936,1.695
source_3,J12446b,False,27.441,-1.99
source_3,J12446b,False,29.362,-1.863
source_3,J12446b,False,29.771,-2.408
source_3,J12446b,False,26.238,-0.244
source_3,J12446b,False,27.71,2.49
source_3,J12446b,False,25.299,0.923
source_3,J12446b,False,26.876,-0.747
source_3,J12446b,False,21.968,4.849
source_3,J12446c,False,28.582,-1.527
source_3,J12446c,False,27.33,0.212
source_3,J12446c,False,29.627,-0.418
source_3,J12446c,False,29.424,-1.079
source_3,J12446c,False,27.116,-1.653
source_3,J12446c,False,28.399,-1.431
source_3,J12446c,False,27.077,1.234
source_3,J12446c,False,28.288,1.148
source_3,J12446d,False,29.33,-0.005
source_3,J12446d,False,28.684,0.067
source_3,J12446d,False,28.766,-1.103
source_3,J12446d,False,29.122,-1.091
source_3,J12446d,False,29.435,-2.113
source_3,J12446d,False,30.749,1.775
source_3,J12446d,False,30.106,-1.086
source_3,J12446d,False,25.925,3.259
source_3,J12450a,False,26.62,0.605
source_3,J12450a,False,28.301,-0.301
source_3,J12450a,False,26.535,2.429
source_3,J12450a,False,25.858,1.158
source_3,J12450a,False,25.795,2.233
source_3,J12450a,False,25.359,1.94
source_3,J12450a,False,29.609,1.311
source_3,J12450a,False,25.604,2.962
source_3,J12450b,False,28.536,-0.803
source_3,J12450b,False,29.565,-1.475
source_3,J12450b,False,25.971,1.817
source_3,J12450b,False,30.281,-0.559
source_3,J12450b,False,27.603,2.834
source_3,J12450b,False,24.497,2.773
source_3,J12450b,False,27.296,1.152
source_3,J12450b,False,33.504,0.618
source_3,J12450c,False,25.769,1.785
source_3,J12450c,False,21.691,2.081
source_3,J12450c,False,23.282,4.397
source_3,J12450c,False,20.824,3.44
source_3,J12450c,False,24.641,2.594
source_3,J12450c,False,23.686,2.485
source_3,J12450c,False,21.353,3.673
source_3,J12450c,False,22.536,5.695
source_3,J12450d,False,25.12,0.032
source_3,J12450d,False,22.94,1.828
source_3,J12450d,False,24.936,-0.48
source_3,J12450d,False,22.95,3.27
source_3,J12450d,False,25.68,0.352
source_3,J12450d,False,25.963,3.367
source_3,J12450d,False,26.212,-0.3
source_3,J12450d,False,22.658,2.443
source_3,J12455a,False,9.324,9.609
source_3,J12455a,False,7.91,9.41
source_3,J12455a,False,5.907,12.478
source_3,J12455a,False,7.276,11.252
source_3,J12455a,False,7.741,9.744
source_3,J12455a,False,3.672,10.319
source_3,J12455a,False,10.47,9.314
source_3,J12455a,False,9.673,10.852
source_3,J12455b,False,23.598,3.817
source_3,J12455b,False,22.109,1.861
source_3,J12455b,False,23.398,3.76
source_3,J12455b,False,24.344,3.221
source_3,J12455b,False,23.585,2.794
source_3,J12455b,False,24.58,2.75
source_3,J12455b,False,22.359,3.449
source_3,J12455b,False,23.585,4.65
source_3,J12455c,False,23.494,2.786
source_3,J12455c,False,22.124,3.522
source_3,J12455c,False,22.934,4.568
source_3,J12455c,False,24.013,1.048
source_3,J12455c,False,22.666,2.16
source_3,J12455c,False,24.534,1.339
source_3,J12455c,False,22.337,3.092
source_3,J12455c,False,21.393,3.809
source_3,J12455d,False,29.495,1.799
source_3,J12455d,False,26.869,0.776
source_3,J12455d,False,27.113,1.087
source_3,J12455d,False,23.804,3.396
source_3,J12455d,False,27.83,0.263
source_3,J12455d,False,29.111,1.435
source_3,J12455d,False,25.741,3.606
source_3,J12455d,False,26.114,4.675
source_3,J12459a,False,6.236,12.68
source_3,J12459a,False,7.071,12.092
source_3,J12459a,False,4.304,13.747
source_3,J12459a,False,9.172,13.067
source_3,J12459a,False,4.949,12.839
source_3,J12459a,False,8.86,11.079
source_3,J12459a,False,4.918,14.722
source_3,J12459a,False,6.731,15.054
source_3,J12459b,False,8.152,14.703
source_3,J12459b,False,9.395,13.079
source_3,J12459b,False,8.959,10.871
source_3,J12459b,False,9.561,10.408
source_3,J12459b,False,9.505,11.053
source_3,J12459b,False,10.089,10.525
source_3,J12459b,False,7.579,13.08
source_3,J12459b,False,9.345,11.478
source_3,J12459c,False,8.93,12.133
source_3,J12459c,False,10.212,10.222
source_3,J12459c,False,9.034,10.65
source_3,J12459c,False,9.494,11.49
source_3,J12459c,False,8.866,10.311
source_3,J12459c,False,10.128,13.322
source_3,J12459c,False,9.414,10.571
source_3,J12459c,False,6.51,12.444
source_3,J12459d,False,8.628,13.797
source_3,J12459d,False,10.556,10.524
source_3,J12459d,False,9.756,10.484
source_3,J12459d,False,11.43,10.965
source_3,J12459d,False,7.728,10.258
source_3,J12459d,False,9.46,9.668
source_3,J12459d,False,9.798,9.983
source_3,J12459d,False,9.626,10.402
source_3,P16P19cW,False,17.591,18.659
source_3,P16P19cW,False,16.72,17.974
source_3,P16P19cW,False,17.804,17.679
source_3,P16P19cW,False,15.119,18.573
source_3,P16P19cW,False,18.252,18.25
source_3,P16P19cW,False,15.152,20.812
source_3,P16P19cW,False,15.974,19.469
source_3,P16P19cW,False,13.897,20.3
source_3,P24P27cW,False,42.078,9.89
source_3,P24P27cW,False,43.457,6.691
source_3,P24P27cW,False,41.466,8.173
source_3,P24P27cW,False,43.855,6.511
source_3,P24P27cW,False,42.533,7.152
source_3,P24P27cW,False,40.638,8.909
source_3,P24P27cW,False,40.495,8.492
source_3,P24P27cW,False,39.709,9.032
source_3,P24P27dW,False,16.007,19.341
source_3,P24P27dW,False,15.014,18.47
source_3,P24P27dW,False,16.175,18.624
source_3,P24P27dW,False,-32.353,76.007
source_3,P24P27dW,False,15.193,18.774
source_3,P24P27dW,False,-40.317,68.598
source_3,P24P27dW,False,17.402,17.911
source_3,P24P27dW,False,-27.385,77.736
source_3,SP01P04a,False,12.175,11.029
source_3,SP01P04a,False,11.401,11.591
source_3,SP01P04a,False,8.801,10.394
source_3,SP01P04a,False,10.024,11.625
source_3,SP01P04a,False,9.865,10.549
source_3,SP01P04a,False,10.324,11.89
source_3,SP01P04a,False,8.655,10.451
source_3,SP01P04a,False,11.757,9.879
source_3,SP01P04b,False,15.283,5.667
source_3,SP01P04b,False,17.248,5.889
source_3,SP01P04b,False,14.937,5.372
source_3,SP01P04b,False,17.332,6.555
source_3,SP01P04b,False,15.863,5.047
source_3,SP01P04b,False,17.702,6.515
source_3,SP01P04b,False,14.217,6.35
source_3,SP01P04b,False,15.633,3.735
source_3,SP01P04c,False,13.959,6.527
source_3,SP01P04c,False,17.141,4.865
source_3,SP01P04c,False,15.25,4.748
source_3,SP01P04c,False,15.159,6.092
source_3,SP01P04c,False,16.027,6.281
source_3,SP01P04c,False,16.547,5.932
source_3,SP01P04c,False,14.875,6.636
source_3,SP01P04c,False,15.955,7.17
source_3,SP01P04d,False,14.987,6.782
source_3,SP01P04d,False,15.683,7.704
source_3,SP01P04d,False,15.747,4.133
source_3,SP01P04d,False,17.619,5.295
source_3,SP01P04d,False,16.057,8.904
source_3,SP01P04d,False,15.415,6.675
source_3,SP01P04d,False,16.785,5.185
source_3,SP01P04d,False,14.93,5.068
source_3,SP05P08a,False,-1.176,24.987
source_3,SP05P08a,False,-0.642,22.093
source_3,SP05P08a,False,-4.276,23.45
source_3,SP05P08a,False,-1.578,21.876
source_3,SP05P08a,False,-1.793,22.283
source_3,SP05P08a,False,-3.579,25.635
source_3,SP05P08a,False,-1.736,22.373
source_3,SP05P08a,False,-3.947,24.547
source_3,SP05P08b,False,28.376,12.111
source_3,SP05P08b,False,29.038,4.303
source_3,SP05P08b,False,31.071,3.55
source_3,SP05P08b,False,33.653,2.482
source_3,SP05P08b,False,27.78,4.272
source_3,SP05P08b,False,28.289,5.047
source_3,SP05P08b,False,28.355,7.32
source_3,SP05P08b,False,29.048,6.105
source_3,SP05P08c,False,35.733,0.728
source_3,SP05P08c,False,35.569,1.64
source_3,SP05P08c,False,33.895,2.287
source_3,SP05P08c,False,30.463,2.015
source_3,SP05P08c,False,36.781,1.674
source_3,SP05P08c,False,36.062,0.201
source_3,SP05P08c,False,32.719,1.071
source_3,SP05P08c,False,35.392,1.293
source_3,SP05P08d,False,29.895,6.8
source_3,SP05P08d,False,31.132,4.066
source_3,SP05P08d,False,30.381,3.724
source_3,SP05P08d,False,30.904,3.2
source_3,SP05P08d,False,29.645,2.719
source_3,SP05P08d,False,27.335,3.486
source_3,SP05P08d,False,27.804,5.332
source_3,SP05P08d,False,31.637,3.406
source_3,SP09P12a,False,21.223,5.049
source_3,SP09P12a,False,23.036,4.62
source_3,SP09P12a,False,23.94,3.744
source_3,SP09P12a,False,23.439,2.612
source_3,SP09P12a,False,22.785,4.21
source_3,SP09P12a,False,21.821,3.138
source_3,SP09P12a,False,19.482,3.956
source_3,SP09P12a,False,24.375,3.334
source_3,SP09P12b,False,23.155,5.274
source_3,SP09P12b,False,23.778,4.096
source_3,SP09P12b,False,23.455,2.931
source_3,SP09P12b,False,22.072,4.066
source_3,SP09P12b,False,20.488,4.819
source_3,SP09P12b,False,22.111,5.571
source_3,SP09P12b,False,22.54,3.585
source_3,SP09P12b,False,24.115,3.04
source_3,SP09P12c,False,22.532,3.904
source_3,SP09P12c,False,24.976,3.599
source_3,SP09P12c,False,22.59,3.562
source_3,SP09P12c,False,21.424,3.315
source_3,SP09P12c,False,20.509,4.58
source_3,SP09P12c,False,25.742,4.051
source_3,SP09P12c,False,23.141,4.28
source_3,SP09P12c,False,24.155,4.819
source_3,SP09P12d,False,20.52,5.568
source_3,SP09P12d,False,23.898,1.505
source_3,SP09P12d,False,24.821,2.962
source_3,SP09P12d,False,22.522,2.771
source_3,SP09P12d,False,22.533,3.743
source_3,SP09P12d,False,22.462,2.779
source_3,SP09P12d,False,22.906,3.35
source_3,SP09P12d,False,20.792,6.229
source_3,SP13P16a,False,21.676,9.527
source_3,SP13P16a,False,17.851,10.459
source_3,SP13P16a,False,20.016,8.217
source_3,SP13P16a,False,21.052,8.43
source_3,SP13P16a,False,17.191,10.796
source_3,SP13P16a,False,16.24,9.718
source_3,SP13P16a,False,16.63,8.751
source_3,SP13P16a,False,23.07,10.314
source_3,SP13P16b,False,21.301,9.425
source_3,SP13P16b,False,18.915,9.274
source_3,SP13P16b,False,19.616,10.071
source_3,SP13P16b,False,17.823,9.589
source_3,SP13P16b,False,19.963,7.775
source_3,SP13P16b,False,18.842,8.564
source_3,SP13P16b,False,18.45,9.365
source_3,SP13P16b,False,22.488,10.07
source_3,SP13P16c,False,18.8,11.236
source_3,SP13P16c,False,18.635,7.95
source_3,SP13P16c,False,19.402,9.586
source_3,SP13P16c,False,19.247,9.055
source_3,SP13P16c,False,19.479,9.829
source_3,SP13P16c,False,20.289,7.513
source_3,SP13P16c,False,20.758,8.222
source_3,SP13P16c,False,22.064,10.114
source_3,SP13P16d,False,19.225,10.093
source_3,SP13P16d,False,20.78,7.397
source_3,SP13P16d,False,19.037,9.433
source_3,SP13P16d,False,19.272,8.113
source_3,SP13P16d,False,18.804,9.553
source_3,SP13P16d,False,21.654,7.662
source_3,SP13P16d,False,20.315,9.472
source_3,SP13P16d,False,18.884,12.689
source_3,SP16P19a,False,31.096,5.674
source_3,SP16P19a,False,30.18,4.13
source_3,SP16P19a,False,30.706,3.653
source_3,SP16P19a,False,29.984,4.681
source_3,SP16P19a,False,28.385,5.394
source_3,SP16P19a,False,27.392,6.052
source_3,SP16P19a,False,29.815,6.166
source_3,SP16P19a,False,33.927,5.358
source_3,SP16P19b,False,9.309,14.783
source_3,SP16P19b,False,5.762,14.68
source_3,SP16P19b,False,9.41,14.647
source_3,SP16P19b,False,8.672,15.638
source_3,SP16P19b,False,6.695,17.908
source_3,SP16P19b,False,7.95,16.431
source_3,SP16P19b,False,9.795,17.41
source_3,SP16P19b,False,10.903,19.842
source_3,SP16P19d,False,30.923,5.038
source_3,SP16P19d,False,29.276,3.461
source_3,SP16P19d,False,27.78,3.843
source_3,SP16P19d,False,28.314,2.979
source_3,SP16P19d,False,25.944,4.116
source_3,SP16P19d,False,27.756,2.0
source_3,SP16P19d,False,28.6,4.557
source_3,SP16P19d,False,27.094,2.657
source_3,SP20P23a,False,29.28,5.667
source_3,SP20P23a,False,26.54,4.815
source_3,SP20P23a,False,27.411,5.307
source_3,SP20P23a,False,32.549,4.858
source_3,SP20P23a,False,27.561,5.953
source_3,SP20P23a,False,26.918,5.807
source_3,SP20P23a,False,30.878,5.007
source_3,SP20P23a,False,32.965,4.38
source_3,SP20P23b,False,5.61,21.211
source_3,SP20P23b,False,5.189,20.293
source_3,SP20P23b,False,5.93,18.307
source_3,SP20P23b,False,3.515,19.548
source_3,SP20P23b,False,4.019,19.543
source_3,SP20P23b,False,3.59,20.364
source_3,SP20P23b,False,6.249,19.731
source_3,SP20P23b,False,3.361,23.189
source_3,SP20P23c,False,29.877,3.823
source_3,SP20P23c,False,31.882,2.593
source_3,SP20P23c,False,29.811,0.888
source_3,SP20P23c,False,29.193,3.767
source_3,SP20P23c,False,27.589,2.213
source_3,SP20P23c,False,29.437,3.593
source_3,SP20P23c,False,32.429,2.98
source_3,SP20P23c,False,29.237,4.458
source_3,SP20P23d,False,38.214,1.975
source_3,SP20P23d,False,35.981,1.632
source_3,SP20P23d,False,35.071,3.19
source_3,SP20P23d,False,30.698,2.94
source_3,SP20P23d,False,38.57,2.406
source_3,SP20P23d,False,35.418,4.296
source_3,SP20P23d,False,35.645,1.933
source_3,SP20P23d,False,36.293,3.907
source_3,SP24P27a,False,12.474,10.34
source_3,SP24P27a,False,14.344,8.798
source_3,SP24P27a,False,14.213,9.998
source_3,SP24P27a,False,14.499,8.212
source_3,SP24P27a,False,13.945,7.516
source_3,SP24P27a,False,13.516,7.958
source_3,SP24P27a,False,15.401,8.333
source_3,SP24P27a,False,11.123,10.998
source_3,SP24P27b,False,6.147,20.864
source_3,SP24P27b,False,5.003,18.769
source_3,SP24P27b,False,7.686,16.179
source_3,SP24P27b,False,5.026,18.598
source_3,SP24P27b,False,6.449,16.416
source_3,SP24P27b,False,2.646,20.447
source_3,SP24P27b,False,3.732,17.0
source_3,SP24P27b,False,3.866,21.23
source_3,SP28P31a,False,15.002,13.868
source_3,SP28P31a,False,16.111,10.852
source_3,SP28P31a,False,15.91,15.188
source_3,SP28P31a,False,17.104,10.883
source_3,SP28P31a,False,16.311,11.388
source_3,SP28P31a,False,14.793,12.459
source_3,SP28P31a,False,16.916,10.83
source_3,SP28P31a,False,11.273,12.737
source_3,SP28P31b,False,17.205,14.425
source_3,SP28P31b,False,17.991,10.917
source_3,SP28P31b,False,15.849,11.509
source_3,SP28P31b,False,16.899,10.716
source_3,SP28P31b,False,15.785,10.576
source_3,SP28P31b,False,17.885,12.876
source_3,SP28P31b,False,17.41,14.337
source_3,SP28P31b,False,18.185,14.581
source_3,SP28P31c,False,18.731,12.293
source_3,SP28P31c,False,17.212,11.81
source_3,SP28P31c,False,16.369,12.308
source_3,SP28P31c,False,16.784,12.042
source_3,SP28P31c,False,17.295,10.517
source_3,SP28P31c,False,17.508,11.167
source_3,SP28P31c,False,17.09,12.399
source_3,SP28P31c,False,19.547,14.363
source_3,SP28P31d,False,18.34,9.282
source_3,SP28P31d,False,16.615,11.102
source_3,SP28P31d,False,17.059,9.415
source_3,SP28P31d,False,21.297,9.394
source_3,SP28P31d,False,18.819,11.499
source_3,SP28P31d,False,20.029,10.13
source_3,SP28P31d,False,17.806,11.906
source_3,SP28P31d,False,17.423,12.668
source_3,SP32P35a,False,18.179,10.182
source_3,SP32P35a,False,19.14,7.078
source_3,SP32P35a,False,19.297,5.918
source_3,SP32P35a,False,19.221,7.833
source_3,SP32P35a,False,17.668,6.716
source_3,SP32P35a,False,19.372,8.128
source_3,SP32P35a,False,19.721,8.013
source_3,SP32P35a,False,21.08,8.658
source_3,SP32P35b,False,20.991,8.747
source_3,SP32P35b,False,19.651,8.78
source_3,SP32P35b,False,22.069,6.492
source_3,SP32P35b,False,21.002,7.577
source_3,SP32P35b,False,18.867,8.552
source_3,SP32P35b,False,18.884,8.493
source_3,SP32P35b,False,20.457,7.054
source_3,SP32P35b,False,19.165,7.073
source_3,SP32P35c,False,19.529,6.036
source_3,SP32P35c,False,19.118,7.011
source_3,SP32P35c,False,21.996,5.849
source_3,SP32P35c,False,21.514,5.008
source_3,SP32P35c,False,20.283,8.114
source_3,SP32P35c,False,19.721,7.929
source_3,SP32P35c,False,21.215,6.705
source_3,SP32P35c,False,21.378,7.269
source_3,SP32P35d,False,23.374,3.586
source_3,SP32P35d,False,21.398,3.577
source_3,SP32P35d,False,19.544,9.31
source_3,SP32P35d,False,20.901,2.655
source_3,SP32P35d,False,21.966,5.195
source_3,SP32P35d,False,23.141,4.236
source_3,SP32P35d,False,21.684,6.117
source_3,SP32P35d,False,21.322,5.943
source_3,SP36P38a,False,24.839,3.07
source_3,SP36P38a,False,25.385,1.886
source_3,SP36P38a,False,21.617,1.632
source_3,SP36P38a,False,25.979,2.67
source_3,SP36P38a,False,23.342,3.152
source_3,SP36P38a,False,23.459,3.638
source_3,SP36P38a,False,24.043,3.067
source_3,SP36P38a,False,26.781,3.258
source_3,SP36P38b,False,21.233,3.361
source_3,SP36P38b,False,28.803,1.365
source_3,SP36P38b,False,26.162,2.508
source_3,SP36P38b,False,25.967,0.894
source_3,SP36P38b,False,24.209,3.836
source_3,SP36P38b,False,24.83,1.638
source_3,SP36P38b,False,25.808,2.433
source_3,SP36P38b,False,26.333,4.025
source_3,SP36P38c,False,20.705,4.264
source_3,SP36P38c,False,23.487,2.431
source_3,SP36P38c,False,22.011,3.256
source_3,SP36P38c,False,24.094,3.094
source_3,SP36P38c,False,25.455,2.062
source_3,SP36P38c,False,22.42,5.172
source_3,SP36P38c,False,24.359,2.133
source_3,SP36P38c,False,27.635,3.948
source_5,AEOJUM201,False,-3.337,-14.941
source_5,AEOJUM201,False,-4.901,-15.844
source_5,AEOJUM201,False,-6.175,-13.804
source_5,AEOJUM201,False,-5.937,-13.229
source_5,AEOJUM201,False,-4.928,-13.24
source_5,AEOJUM201,False,-4.487,-14.105
source_5,AEOJUM201,False,-4.12,-14.128
source_5,AEOJUM201,False,-6.782,-13.687
source_5,AEOJUM202,False,-5.099,-15.028
source_5,AEOJUM202,False,-5.842,-13.775
source_5,AEOJUM202,False,-5.509,-13.441
source_5,AEOJUM202,False,-3.836,-13.46
source_5,AEOJUM202,False,-5.226,-13.999
source_5,AEOJUM202,False,-5.662,-13.779
source_5,AEOJUM202,False,-3.653,-14.539
source_5,AEOJUM202,False,-2.423,-14.084
source_5,AEOJUM203,False,-6.003,-12.652
source_5,AEOJUM203,False,-6.408,-12.857
source_5,AEOJUM203,False,-8.314,-13.558
source_5,AEOJUM203,False,-7.933,-14.348
source_5,AEOJUM203,False,-7.684,-11.105
source_5,AEOJUM203,False,-7.026,-12.339
source_5,AEOJUM203,False,-6.708,-14.28
source_5,AEOJUM203,False,-5.592,-13.99
source_5,AEOJUM204,False,-6.164,-12.332
source_5,AEOJUM204,False,-5.367,-14.16
source_5,AEOJUM204,False,-6.745,-11.85
source_5,AEOJUM204,False,-7.221,-13.658
source_5,AEOJUM204,False,-7.05,-11.451
source_5,AEOJUM204,False,-5.436,-12.658
source_5,AEOJUM204,False,-4.953,-15.901
source_5,AEOJUM204,False,-5.653,-15.024
source_5,AEOJUM205,False,-10.607,-8.643
source_5,AEOJUM205,False,-6.82,-11.977
source_5,AEOJUM205,False,-7.632,-10.831
source_5,AEOJUM205,False,-6.112,-11.885
source_5,AEOJUM205,False,-4.996,-10.799
source_5,AEOJUM205,False,-4.477,-13.407
source_5,AEOJUM205,False,-5.53,-13.906
source_5,AEOJUM205,False,-3.029,-14.558
source_5,AEOJUM301,False,-5.724,-12.439
source_5,AEOJUM301,False,-5.78,-13.071
source_5,AEOJUM301,False,-1.512,-13.627
source_5,AEOJUM301,False,-3.806,-15.489
source_5,AEOJUM301,False,-4.933,-13.808
source_5,AEOJUM301,False,-2.614,-14.773
source_5,AEOJUM301,False,-3.289,-15.918
source_5,AEOJUM301,False,-4.391,-13.926
source_5,AEOJUM303,False,-4.208,-14.012
source_5,AEOJUM303,False,-0.888,-17.874
source_5,AEOJUM303,False,-2.644,-17.021
source_5,AEOJUM303,False,-2.678,-17.063
source_5,AEOJUM303,False,0.509,-17.365
source_5,AEOJUM303,False,1.122,-18.556
source_5,AEOJUM303,False,-0.739,-16.86
source_5,AEOJUM303,False,-2.363,-16.908
source_5,AEOJUM304,False,-3.162,-17.205
source_5,AEOJUM304,False,-1.691,-16.54
source_5,AEOJUM304,False,-3.004,-17.829
source_5,AEOJUM304,False,-2.179,-17.582
source_5,AEOJUM304,False,0.471,-17.404
source_5,AEOJUM304,False,-0.911,-17.059
source_5,AEOJUM304,False,-0.679,-15.913
source_5,AEOJUM304,False,-1.681,-17.353
source_5,AEOJUM305,False,-2.77,-15.868
source_5,AEOJUM305,False,-2.015,-15.869
source_5,AEOJUM305,False,-1.34,-16.194
source_5,AEOJUM305,False,-0.818,-16.626
source_5,AEOJUM305,False,-2.93,-17.756
source_5,AEOJUM305,False,-4.196,-15.533
source_5,AEOJUM305,False,-2.595,-16.86
source_5,AEOJUM305,False,-1.92,-15.474
source_5,AEOJUM306,False,-4.305,-14.586
source_5,AEOJUM306,False,-3.695,-14.605
source_5,AEOJUM306,False,-1.549,-17.011
source_5,AEOJUM306,False,-1.978,-17.488
source_5,AEOJUM306,False,-2.806,-15.584
source_5,AEOJUM306,False,-1.107,-17.012
source_5,AEOJUM306,False,-2.479,-18.52
source_5,AEOJUM306,False,-2.165,-16.499
source_5,AEOJUM307,False,-3.503,-15.718
source_5,AEOJUM307,False,-1.173,-15.614
source_5,AEOJUM307,False,-1.395,-16.014
source_5,AEOJUM307,False,-1.664,-17.735
source_5,AEOJUM307,False,-1.997,-15.465
source_5,AEOJUM307,False,-3.465,-16.041
source_5,AEOJUM307,False,-0.275,-17.465
source_5,AEOJUM307,False,1.413,-19.631
source_5,AEOJUM401,False,-2.683,-14.764
source_5,AEOJUM401,False,-3.846,-12.809
source_5,AEOJUM401,False,-5.807,-12.635
source_5,AEOJUM401,False,-4.11,-14.982
source_5,AEOJUM401,False,-5.645,-15.214
source_5,AEOJUM401,False,-4.346,-15.478
source_5,AEOJUM401,False,-9.399,-13.277
source_5,AEOJUM401,False,-4.415,-14.289
source_5,AEOJUM402,False,-4.423,-14.628
source_5,AEOJUM402,False,-4.856,-13.792
source_5,AEOJUM402,False,-5.171,-13.594
source_5,AEOJUM402,False,-6.275,-13.027
source_5,AEOJUM402,False,-6.15,-12.239
source_5,AEOJUM402,False,-4.158,-14.833
source_5,AEOJUM402,False,-3.769,-15.847
source_5,AEOJUM402,False,-4.88,-14.415
source_5,AEOJUM403,False,-5.987,-13.299
source_5,AEOJUM403,False,-3.666,-14.878
source_5,AEOJUM403,False,-4.63,-13.645
source_5,AEOJUM403,False,-4.602,-15.636
source_5,AEOJUM403,False,-6.326,-13.967
source_5,AEOJUM403,False,-5.153,-14.858
source_5,AEOJUM403,False,-5.51,-14.875
source_5,AEOJUM403,False,-4.525,-16.64
source_5,AEOJUM404,False,-7.485,-13.513
source_5,AEOJUM404,False,-2.606,-15.043
source_5,AEOJUM404,False,-1.174,-16.365
source_5,AEOJUM404,False,-2.934,-16.644
source_5,AEOJUM404,False,-4.749,-15.251
source_5,AEOJUM404,False,-6.875,-14.47
source_5,AEOJUM404,False,-2.217,-17.187
source_5,AEOJUM404,False,-3.142,-15.55
source_5,AEOJUM405,False,-4.97,-14.638
source_5,AEOJUM405,False,-6.043,-14.588
source_5,AEOJUM405,False,-5.461,-14.641
source_5,AEOJUM405,False,-5.243,-16.103
source_5,AEOJUM405,False,-6.3,-14.542
source_5,AEOJUM405,False,-4.814,-17.192
source_5,AEOJUM405,False,-2.017,-17.362
source_5,AEOJUM405,False,-2.087,-16.111
source_5,AEOJUM406,False,-2.81,-16.542
source_5,AEOJUM406,False,-2.679,-16.403
source_5,AEOJUM406,False,-3.137,-15.907
source_5,AEOJUM406,False,-4.114,-15.693
source_5,AEOJUM406,False,-5.189,-16.796
source_5,AEOJUM406,False,-2.326,-14.26
source_5,AEOJUM406,False,-2.632,-15.956
source_5,AEOJUM406,False,-1.511,-17.17
source_5,AEOJUM407,False,-3.757,-14.39
source_5,AEOJUM407,False,-5.482,-15.434
source_5,AEOJUM407,False,-5.443,-16.076
source_5,AEOJUM407,False,-5.786,-14.115
source_5,AEOJUM407,False,-6.721,-14.062
source_5,AEOJUM407,False,-6.587,-15.668
source_5,AEOJUM407,False,-4.278,-14.048
source_5,AEOJUM407,False,-3.306,-16.751
source_5,AEOJUM501,False,-11.528,-6.99
source_5,AEOJUM501,False,-7.151,-11.526
source_5,AEOJUM501,False,-3.553,-13.321
source_5,AEOJUM501,False,-3.865,-13.259
source_5,AEOJUM501,False,-5.078,-13.365
source_5,AEOJUM501,False,-4.414,-14.661
source_5,AEOJUM501,False,-4.031,-15.474
source_5,AEOJUM501,False,-4.563,-15.183
source_5,AEOJUM502,False,-3.934,-13.859
source_5,AEOJUM502,False,-1.02,-13.403
source_5,AEOJUM502,False,-1.965,-15.132
source_5,AEOJUM502,False,-3.837,-14.584
source_5,AEOJUM502,False,-3.593,-14.676
source_5,AEOJUM502,False,-1.851,-15.656
source_5,AEOJUM502,False,-3.505,-13.291
source_5,AEOJUM502,False,-3.696,-12.432
source_5,AEOJUM504,False,-1.202,-13.965
source_5,AEOJUM504,False,-3.836,-12.522
source_5,AEOJUM504,False,-2.437,-13.848
source_5,AEOJUM504,False,-3.486,-13.111
source_5,AEOJUM504,False,-2.979,-12.779
source_5,AEOJUM504,False,-3.665,-14.968
source_5,AEOJUM504,False,-3.221,-13.34
source_5,AEOJUM504,False,-4.063,-13.71
source_5,AEOJUM505,False,-8.197,-11.917
source_5,AEOJUM505,False,-5.726,-11.946
source_5,AEOJUM505,False,-7.719,-10.39
source_5,AEOJUM505,False,-5.46,-15.064
source_5,AEOJUM505,False,-5.135,-13.456
source_5,AEOJUM505,False,-3.882,-14.774
source_5,AEOJUM505,False,-4.204,-15.445
source_5,AEOJUM505,False,-3.84,-15.06
source_5,AEOJUM604,False,-7.717,-11.84
source_5,AEOJUM604,False,-3.006,-13.576
source_5,AEOJUM604,False,-3.227,-13.857
source_5,AEOJUM604,False,-4.247,-15.155
source_5,AEOJUM604,False,-3.501,-13.586
source_5,AEOJUM604,False,-3.653,-14.155
source_5,AEOJUM604,False,-2.31,-14.872
source_5,AEOJUM604,False,-2.7,-15.525
source_5,AEOJUM605,False,-5.385,-16.586
source_5,AEOJUM605,False,-2.791,-14.414
source_5,AEOJUM605,False,-2.905,-17.03
source_5,AEOJUM605,False,-3.327,-13.761
source_5,AEOJUM605,False,-5.257,-14.098
source_5,AEOJUM605,False,-4.706,-13.155
source_5,AEOJUM605,False,-2.11,-14.075
source_5,AEOJUM605,False,-5.261,-14.924
source_5,AEOJUM701,False,-6.154,-15.453
source_5,AEOJUM701,False,-3.833,-18.392
source_5,AEOJUM701,False,-5.927,-15.82
source_5,AEOJUM701,False,-7.566,-15.319
source_5,AEOJUM701,False,-9.348,-14.056
source_5,AEOJUM701,False,-6.032,-16.734
source_5,AEOJUM701,False,-4.284,-16.024
source_5,AEOJUM701,False,-7.842,-15.917
source_5,AEOJUM702,False,-9.4,-18.24
source_5,AEOJUM702,False,-5.735,-15.319
source_5,AEOJUM702,False,-5.881,-16.781
source_5,AEOJUM702,False,-6.43,-15.271
source_5,AEOJUM702,False,-4.657,-15.821
source_5,AEOJUM702,False,-4.54,-15.669
source_5,AEOJUM702,False,-5.26,-13.713
source_5,AEOJUM702,False,-4.13,-18.092
source_5,AEOJUM703,False,-6.43,-18.736
source_5,AEOJUM703,False,-4.846,-14.151
source_5,AEOJUM703,False,-5.225,-16.374
source_5,AEOJUM703,False,-6.348,-14.114
source_5,AEOJUM703,False,-5.797,-15.954
source_5,AEOJUM703,False,-4.314,-17.653
source_5,AEOJUM703,False,-3.196,-16.932
source_5,AEOJUM703,False,-2.443,-16.761
source_5,AEOJUM706,False,-4.739,-16.88
source_5,AEOJUM706,False,-6.724,-15.888
source_5,AEOJUM706,False,-7.545,-15.92
source_5,AEOJUM706,False,-5.64,-14.912
source_5,AEOJUM706,False,-4.593,-16.511
source_5,AEOJUM706,False,-4.123,-15.644
source_5,AEOJUM706,False,-6.225,-16.503
source_5,AEOJUM706,False,-6.18,-16.323
source_5,AEOJUM707,False,-9.582,-14.52
source_5,AEOJUM707,False,-4.276,-14.493
source_5,AEOJUM707,False,-5.536,-14.243
source_5,AEOJUM707,False,-5.282,-13.534
source_5,AEOJUM707,False,-4.919,-16.076
source_5,AEOJUM707,False,-3.387,-15.672
source_5,AEOJUM707,False,-3.397,-15.113
source_5,AEOJUM707,False,-3.449,-17.736
source_5,AEOJUM803,False,-8.91,-17.509
source_5,AEOJUM803,False,-4.464,-16.524
source_5,AEOJUM803,False,-6.587,-15.102
source_5,AEOJUM803,False,-6.307,-13.546
source_5,AEOJUM803,False,-6.844,-13.889
source_5,AEOJUM803,False,-6.867,-15.639
source_5,AEOJUM803,False,-6.504,-16.174
source_5,AEOJUM803,False,-4.658,-14.595
source_5,AEOJUM806,False,0.596,-15.483
source_5,AEOJUM806,False,0.746,-15.675
source_5,AEOJUM806,False,-2.43,-14.59
source_5,AEOJUM806,False,-2.186,-14.327
source_5,AEOJUM806,False,-5.032,-14.549
source_5,AEOJUM806,False,-1.753,-14.689
source_5,AEOJUM806,False,-0.866,-15.735
source_5,AEOJUM806,False,-1.146,-16.126
source_5,AEOJUM807,False,-10.597,-13.781
source_5,AEOJUM807,False,-5.394,-15.531
source_5,AEOJUM807,False,-2.592,-14.885
source_5,AEOJUM807,False,-2.836,-14.951
source_5,AEOJUM807,False,-2.056,-15.683
source_5,AEOJUM807,False,-0.245,-16.07
source_5,AEOJUM807,False,-1.944,-15.473
source_5,AEOJUM807,False,-3.832,-15.707
source_5,AEOJUM902,False,-5.168,-13.583
source_5,AEOJUM902,False,-5.405,-14.418
source_5,AEOJUM902,False,-6.833,-13.803
source_5,AEOJUM902,False,-7.798,-15.08
source_5,AEOJUM902,False,-6.038,-15.592
source_5,AEOJUM902,False,-5.393,-14.598
source_5,AEOJUM902,False,-6.042,-14.623
source_5,AEOJUM902,False,-6.685,-15.744
source_5,AEOJUM906,False,-6.604,-14.56
source_5,AEOJUM906,False,-4.67,-15.566
source_5,AEOJUM906,False,-6.173,-14.892
source_5,AEOJUM906,False,-6.212,-14.711
source_5,AEOJUM906,False,-6.375,-14.862
source_5,AEOJUM906,False,-5.505,-15.024
source_5,AEOJUM906,False,-5.524,-14.1
source_5,AEOJUM906,False,-3.931,-14.377
source_5,AEOJUM907,False,-9.432,-17.206
source_5,AEOJUM907,False,-4.93,-15.372
source_5,AEOJUM907,False,-6.22,-14.759
source_5,AEOJUM907,False,-4.912,-14.973
source_5,AEOJUM907,False,-8.364,-14.691
source_5,AEOJUM907,False,-6.605,-15.165
source_5,AEOJUM907,False,-6.61,-13.445
source_5,AEOJUM907,False,-5.081,-13.561
source_5,AETJUM101,False,-7.422,-11.013
source_5,AETJUM101,False,-3.952,-13.268
source_5,AETJUM101,False,-6.493,-12.455
source_5,AETJUM101,False,-4.311,-13.603
source_5,AETJUM101,False,-5.148,-13.843
source_5,AETJUM101,False,-4.498,-15.022
source_5,AETJUM101,False,-5.86,-13.68
source_5,AETJUM101,False,-4.365,-15.583
source_5,AETJUM102,False,-0.279,-18.068
source_5,AETJUM102,False,-3.205,-16.678
source_5,AETJUM102,False,-4.557,-16.841
source_5,AETJUM102,False,-3.315,-15.454
source_5,AETJUM102,False,-2.798,-17.444
source_5,AETJUM102,False,-4.083,-16.271
source_5,AETJUM102,False,-2.666,-16.551
source_5,AETJUM102,False,-3.93,-17.187
source_5,AETJUM103,False,-4.562,-15.4
source_5,AETJUM103,False,-1.87,-17.533
source_5,AETJUM103,False,-4.448,-16.967
source_5,AETJUM103,False,-3.447,-16.623
source_5,AETJUM103,False,-2.249,-17.601
source_5,AETJUM103,False,-3.541,-17.32
source_5,AETJUM103,False,-3.555,-17.309
source_5,AETJUM103,False,-4.664,-15.134
source_5,AETJUM104,False,-4.63,-15.418
source_5,AETJUM104,False,-2.562,-15.344
source_5,AETJUM104,False,-4.786,-16.926
source_5,AETJUM104,False,-5.967,-15.364
source_5,AETJUM104,False,-5.258,-16.028
source_5,AETJUM104,False,-5.688,-15.564
source_5,AETJUM104,False,-5.323,-15.644
source_5,AETJUM104,False,-4.262,-16.309
source_5,AETJUM105,False,-6.402,-16.284
source_5,AETJUM105,False,-6.072,-14.84
source_5,AETJUM105,False,-4.354,-16.014
source_5,AETJUM105,False,-3.878,-15.866
source_5,AETJUM105,False,-3.398,-17.687
source_5,AETJUM105,False,-2.82,-15.001
source_5,AETJUM105,False,-4.332,-17.06
source_5,AETJUM105,False,-4.385,-17.297
source_5,AETJUM106,False,-5.563,-14.468
source_5,AETJUM106,False,-1.212,-16.826
source_5,AETJUM106,False,-1.731,-17.013
source_5,AETJUM106,False,-1.405,-15.877
source_5,AETJUM106,False,-3.333,-14.404
source_5,AETJUM106,False,-2.482,-16.983
source_5,AETJUM106,False,-4.923,-13.963
source_5,AETJUM106,False,-3.176,-15.146
source_5,AETJUM107,False,-7.306,-13.01
source_5,AETJUM107,False,-0.611,-16.15
source_5,AETJUM107,False,-0.471,-16.148
source_5,AETJUM107,False,0.191,-16.595
source_5,AETJUM107,False,-0.618,-15.454
source_5,AETJUM107,False,0.174,-17.666
source_5,AETJUM107,False,0.029,-17.419
source_5,AETJUM107,False,-1.369,-15.804
source_5,AETJUM108,False,-5.155,-12.764
source_5,AETJUM108,False,1.367,-17.119
source_5,AETJUM108,False,0.963,-16.218
source_5,AETJUM108,False,-3.696,-15.961
source_5,AETJUM108,False,0.531,-16.899
source_5,AETJUM108,False,0.104,-17.99
source_5,AETJUM108,False,1.151,-17.182
source_5,AETJUM108,False,1.203,-15.822
source_5,AETJUM109,False,-4.048,-13.579
source_5,AETJUM109,False,-0.429,-16.297
source_5,AETJUM109,False,-2.682,-15.795
source_5,AETJUM109,False,-3.157,-14.83
source_5,AETJUM109,False,-3.188,-15.855
source_5,AETJUM109,False,-4.771,-15.127
source_5,AETJUM109,False,-3.171,-17.044
source_5,AETJUM109,False,-2.16,-16.186
source_5,AETJUM110,False,-5.494,-15.705
source_5,AETJUM110,False,-3.05,-15.128
source_5,AETJUM110,False,-1.832,-15.145
source_5,AETJUM110,False,-3.214,-14.146
source_5,AETJUM110,False,-7.507,-13.206
source_5,AETJUM110,False,-2.658,-14.518
source_5,AETJUM110,False,-9.856,-12.761
source_5,AETJUM110,False,-4.501,-14.875
source_5,AETJUM111,False,-5.079,-13.88
source_5,AETJUM111,False,-5.63,-13.3
source_5,AETJUM111,False,-3.392,-15.697
source_5,AETJUM111,False,-6.577,-13.314
source_5,AETJUM111,False,-2.755,-14.178
source_5,AETJUM111,False,-3.424,-14.427
source_5,AETJUM111,False,-3.274,-13.925
source_5,AETJUM111,False,-5.372,-14.317
source_5,AETJUM112,False,-3.983,-14.222
source_5,AETJUM112,False,-3.587,-14.659
source_5,AETJUM112,False,-3.87,-15.691
source_5,AETJUM112,False,-4.053,-14.867
source_5,AETJUM112,False,-3.171,-16.08
source_5,AETJUM112,False,-3.225,-16.199
source_5,AETJUM112,False,-3.674,-16.528
source_5,AETJUM112,False,-3.533,-15.154
source_5,AETJUM113,False,-1.728,-15.149
source_5,AETJUM113,False,-2.246,-15.767
source_5,AETJUM113,False,-2.302,-15.45
source_5,AETJUM113,False,-1.079,-16.922
source_5,AETJUM113,False,-2.541,-16.323
source_5,AETJUM113,False,-0.43,-16.108
source_5,AETJUM113,False,-2.157,-16.753
source_5,AETJUM113,False,-2.562,-15.196
source_5,AETJUM114,False,0.194,-14.382
source_5,AETJUM114,False,-1.345,-14.212
source_5,AETJUM114,False,-9.956,-10.139
source_5,AETJUM114,False,-2.313,-15.387
source_5,AETJUM114,False,-1.525,-15.322
source_5,AETJUM114,False,-2.028,-14.537
source_5,AETJUM114,False,-7.671,-10.649
source_5,AETJUM114,False,-2.081,-15.732
source_5,AETJUM115,False,-7.945,-12.702
source_5,AETJUM115,False,-0.664,-14.375
source_5,AETJUM115,False,-0.63,-15.039
source_5,AETJUM115,False,-1.797,-13.528
source_5,AETJUM115,False,-4.278,-14.193
source_5,AETJUM115,False,-2.696,-14.184
source_5,AETJUM115,False,-3.063,-14.857
source_5,AETJUM115,False,-8.591,-12.815
source_5,AETJUM116,False,-1.274,-16.018
source_5,AETJUM116,False,-2.322,-15.147
source_5,AETJUM116,False,-7.398,-11.78
source_5,AETJUM116,False,-3.092,-13.838
source_5,AETJUM116,False,-8.845,-13.103
source_5,AETJUM116,False,-0.396,-15.068
source_5,AETJUM116,False,-0.211,-18.36
source_5,AETJUM116,False,0.468,-15.29
source_5,AETJUM117,False,-0.866,-15.059
source_5,AETJUM117,False,-2.536,-14.968
source_5,AETJUM117,False,-4.655,-13.587
source_5,AETJUM117,False,-3.855,-14.09
source_5,AETJUM117,False,-2.466,-15.099
source_5,AETJUM117,False,0.209,-16.841
source_5,AETJUM117,False,-2.639,-17.249
source_5,AETJUM117,False,-3.612,-15.544
source_5,AETJUM118,False,-5.74,-15.496
source_5,AETJUM118,False,-6.53,-16.062
source_5,AETJUM118,False,-7.512,-15.263
source_5,AETJUM118,False,-5.766,-15.954
source_5,AETJUM118,False,-5.861,-13.886
source_5,AETJUM118,False,-4.988,-14.046
source_5,AETJUM118,False,-5.426,-16.207
source_5,AETJUM118,False,-2.627,-15.729
source_5,AETJUM119,False,-5.589,-14.359
source_5,AETJUM119,False,-1.451,-16.303
source_5,AETJUM119,False,-3.462,-16.197
source_5,AETJUM119,False,-1.807,-15.53
source_5,AETJUM119,False,-4.362,-14.512
source_5,AETJUM119,False,-5.682,-15.635
source_5,AETJUM119,False,-1.866,-15.702
source_5,AETJUM119,False,-1.98,-16.24
source_5,AETJUM120,False,-3.374,-15.859
source_5,AETJUM120,False,-3.017,-15.925
source_5,AETJUM120,False,-8.534,-14.105
source_5,AETJUM120,False,-4.214,-15.638
source_5,AETJUM120,False,-4.065,-15.822
source_5,AETJUM120,False,-5.4,-15.987
source_5,AETJUM120,False,-3.215,-18.53
source_5,AETJUM120,False,-5.823,-15.646
source_5,AETJUM121,False,-0.867,-17.028
source_5,AETJUM121,False,-3.635,-15.145
source_5,AETJUM121,False,-3.964,-16.514
source_5,AETJUM121,False,-5.363,-14.714
source_5,AETJUM121,False,-4.441,-17.23
source_5,AETJUM121,False,-4.846,-15.477
source_5,AETJUM121,False,-6.023,-16.09
source_5,AETJUM121,False,-5.637,-16.133
source_5,AETJUM122,False,-0.942,-16.217
source_5,AETJUM122,False,-1.45,-14.591
source_5,AETJUM122,False,-9.218,-13.949
source_5,AETJUM122,False,-4.2,-14.001
source_5,AETJUM122,False,-4.49,-14.246
source_5,AETJUM122,False,-3.988,-16.343
source_5,AETJUM122,False,-3.756,-15.585
source_5,AETJUM122,False,-4.555,-14.353
source_5,AETJUM123,False,-3.987,-15.214
source_5,AETJUM123,False,-3.156,-15.384
source_5,AETJUM123,False,-4.276,-15.305
source_5,AETJUM123,False,-3.186,-17.481
source_5,AETJUM123,False,-3.094,-13.818
source_5,AETJUM123,False,-3.118,-17.388
source_5,AETJUM123,False,-4.387,-15.12
source_5,AETJUM123,False,-3.48,-16.667
source_5,AETJUM125,False,-2.725,-18.08
source_5,AETJUM125,False,-4.967,-15.349
source_5,AETJUM125,False,-14.147,-12.969
source_5,AETJUM125,False,-2.509,-15.864
source_5,AETJUM125,False,-3.405,-16.053
source_5,AETJUM125,False,-4.548,-16.479
source_5,AETJUM125,False,-3.462,-18.197
source_5,AETJUM125,False,-4.246,-15.599
source_5,AETJUM224,False,-8.543,-15.901
source_5,AETJUM224,False,-2.849,-15.654
source_5,AETJUM224,False,-5.428,-14.804
source_5,AETJUM224,False,-9.885,-11.596
source_5,AETJUM224,False,-3.667,-13.938
source_5,AETJUM224,False,-2.796,-14.054
source_5,AETJUM224,False,-4.954,-14.841
source_5,AETJUM224,False,-6.009,-15.843
source_5,AETJUM226,False,-5.19,-14.349
source_5,AETJUM226,False,-2.643,-13.948
source_5,AETJUM226,False,-1.708,-13.754
source_5,AETJUM226,False,-2.63,-14.66
source_5,AETJUM226,False,-2.168,-14.733
source_5,AETJUM226,False,-3.499,-15.256
source_5,AETJUM226,False,-5.024,-14.454
source_5,AETJUM226,False,-3.239,-14.172
source_5,AETJUM228,False,-2.376,-13.989
source_5,AETJUM228,False,-2.497,-14.7
source_5,AETJUM228,False,-0.894,-14.293
source_5,AETJUM228,False,-2.598,-14.169
source_5,AETJUM228,False,-1.064,-14.628
source_5,AETJUM228,False,-0.058,-15.142
source_5,AETJUM228,False,-0.743,-13.968
source_5,AETJUM228,False,-1.38,-15.126
source_5,AETJUM229,False,-9.992,-15.653
source_5,AETJUM229,False,-4.481,-15.413
source_5,AETJUM229,False,-5.686,-15.335
source_5,AETJUM229,False,-6.516,-15.909
source_5,AETJUM229,False,-6.2,-15.284
source_5,AETJUM229,False,-5.58,-15.233
source_5,AETJUM229,False,-5.58,-15.162
source_5,AETJUM229,False,-4.242,-15.381
source_5,AETJUM230,False,-1.226,-15.12
source_5,AETJUM230,False,1.172,-14.218
source_5,AETJUM230,False,1.138,-14.618
source_5,AETJUM230,False,-0.044,-14.498
source_5,AETJUM230,False,-0.77,-13.919
source_5,AETJUM230,False,-0.477,-13.88
source_5,AETJUM230,False,0.205,-14.998
source_5,AETJUM230,False,-0.344,-15.242
source_5,AETJUM231,False,-1.789,-14.309
source_5,AETJUM231,False,1.396,-14.683
source_5,AETJUM231,False,1.492,-14.523
source_5,AETJUM231,False,1.094,-15.238
source_5,AETJUM231,False,0.338,-14.638
source_5,AETJUM231,False,-1.207,-13.839
source_5,AETJUM231,False,0.773,-14.573
source_5,AETJUM231,False,-0.396,-14.104
source_5,AETJUM332,False,-11.725,-16.957
source_5,AETJUM332,False,-6.438,-14.189
source_5,AETJUM332,False,-6.676,-15.62
source_5,AETJUM332,False,-5.892,-14.954
source_5,AETJUM332,False,-7.252,-14.734
source_5,AETJUM332,False,-8.667,-15.077
source_5,AETJUM332,False,-7.746,-16.151
source_5,AETJUM332,False,-5.782,-14.966
source_5,AETJUM427,False,-5.189,-14.97
source_5,AETJUM427,False,-2.352,-14.864
source_5,AETJUM427,False,-1.478,-13.746
source_5,AETJUM427,False,-2.762,-14.908
source_5,AETJUM427,False,-1.751,-14.328
source_5,AETJUM427,False,-1.494,-14.734
source_5,AETJUM427,False,-1.043,-14.404
source_5,AETJUM427,False,-2.469,-13.994
source_5,APTJUM105,False,2.167,-16.146
source_5,APTJUM105,False,4.538,-18.581
source_5,APTJUM105,False,3.154,-18.886
source_5,APTJUM105,False,2.026,-16.184
source_5,APTJUM105,False,2.77,-18.153
source_5,APTJUM105,False,0.393,-16.279
source_5,APTJUM105,False,-1.694,-15.352
source_5,APTJUM105,False,1.767,-17.718
source_5,APTJUM106,False,0.867,-17.139
source_5,APTJUM106,False,1.878,-17.824
source_5,APTJUM106,False,4.369,-16.61
source_5,APTJUM106,False,4.596,-18.758
source_5,APTJUM106,False,2.35,-17.627
source_5,APTJUM106,False,4.358,-17.466
source_5,APTJUM106,False,4.065,-18.812
source_5,APTJUM106,False,4.106,-17.937
source_5,APTJUM107,False,4.017,-18.411
source_5,APTJUM107,False,3.139,-18.068
source_5,APTJUM107,False,2.231,-17.715
source_5,APTJUM107,False,3.229,-19.224
source_5,APTJUM107,False,2.868,-18.014
source_5,APTJUM107,False,2.364,-16.252
source_5,APTJUM107,False,-1.16,-17.589
source_5,APTJUM107,False,3.962,-15.869
source_5,APTJUM108,False,2.27,-18.492
source_5,APTJUM108,False,1.716,-20.545
source_5,APTJUM108,False,0.508,-17.271
source_5,APTJUM108,False,0.064,-19.544
source_5,APTJUM108,False,1.711,-16.822
source_5,APTJUM108,False,2.098,-18.821
source_5,APTJUM108,False,0.76,-19.216
source_5,APTJUM108,False,1.562,-17.976
source_5,APTJUM109,False,-6.056,-17.438
source_5,APTJUM109,False,-3.348,-17.866
source_5,APTJUM109,False,-4.216,-15.629
source_5,APTJUM109,False,-2.426,-17.787
source_5,APTJUM109,False,-4.668,-16.655
source_5,APTJUM109,False,-2.685,-17.338
source_5,APTJUM109,False,-1.147,-18.583
source_5,APTJUM109,False,-0.691,-19.261
source_5,APTJUM110,False,-3.07,-17.826
source_5,APTJUM110,False,-2.737,-17.173
source_5,APTJUM110,False,-0.849,-18.69
source_5,APTJUM110,False,-1.93,-18.278
source_5,APTJUM110,False,-2.858,-17.583
source_5,APTJUM110,False,-1.457,-19.168
source_5,APTJUM110,False,-1.226,-18.918
source_5,APTJUM110,False,-2.709,-17.373
source_5,APTJUM112,False,-2.902,-16.96
source_5,APTJUM112,False,-3.51,-18.908
source_5,APTJUM112,False,-2.273,-18.211
source_5,APTJUM112,False,-2.098,-18.299
source_5,APTJUM112,False,-4.059,-17.315
source_5,APTJUM112,False,-2.668,-18.36
source_5,APTJUM112,False,-1.219,-19.969
source_5,APTJUM112,False,-0.865,-20.827
source_5,APTJUM114,False,-2.008,-16.772
source_5,APTJUM114,False,-1.157,-15.822
source_5,APTJUM114,False,-1.944,-16.194
source_5,APTJUM114,False,-1.407,-17.155
source_5,APTJUM114,False,-2.13,-17.601
source_5,APTJUM114,False,-0.932,-17.991
source_5,APTJUM114,False,-0.012,-19.94
source_5,APTJUM114,False,-0.589,-17.944
source_5,APTJUM115,False,-2.121,-16.913
source_5,APTJUM115,False,-4.499,-16.039
source_5,APTJUM115,False,-1.464,-17.372
source_5,APTJUM115,False,-3.103,-16.878
source_5,APTJUM115,False,-2.777,-18.183
source_5,APTJUM115,False,-0.711,-17.762
source_5,APTJUM115,False,-1.1,-17.703
source_5,APTJUM115,False,-0.43,-17.563
source_5,APTJUM116,False,-2.605,-17.036
source_5,APTJUM116,False,-1.301,-18.107
source_5,APTJUM116,False,-2.693,-17.438
source_5,APTJUM116,False,0.086,-19.117
source_5,APTJUM116,False,-2.85,-18.603
source_5,APTJUM116,False,0.015,-18.927
source_5,APTJUM116,False,2.27,-19.962
source_5,APTJUM116,False,0.736,-19.633
source_5,APTJUM117,False,-2.321,-16.883
source_5,APTJUM117,False,-1.185,-15.124
source_5,APTJUM117,False,-1.353,-15.664
source_5,APTJUM117,False,-2.296,-16.789
source_5,APTJUM117,False,-1.437,-15.471
source_5,APTJUM117,False,-2.467,-16.594
source_5,APTJUM117,False,-3.515,-15.702
source_5,APTJUM117,False,-0.985,-17.165
source_5,APTJUM118,False,-0.525,-17.543
source_5,APTJUM118,False,1.092,-16.563
source_5,APTJUM118,False,0.282,-17.658
source_5,APTJUM118,False,0.975,-17.243
source_5,APTJUM118,False,1.476,-16.613
source_5,APTJUM118,False,2.919,-17.772
source_5,APTJUM118,False,0.738,-19.327
source_5,APTJUM118,False,0.322,-16.869
source_5,APTJUM120,False,1.201,-17.658
source_5,APTJUM120,False,1.154,-18.117
source_5,APTJUM120,False,0.702,-16.606
source_5,APTJUM120,False,0.557,-18.358
source_5,APTJUM120,False,0.435,-18.056
source_5,APTJUM120,False,2.201,-19.831
source_5,APTJUM120,False,1.097,-17.84
source_5,APTJUM120,False,-1.181,-17.139
source_5,APTJUM121,False,2.15,-17.115
source_5,APTJUM121,False,1.054,-16.881
source_5,APTJUM121,False,1.524,-17.83
source_5,APTJUM121,False,2.711,-17.431
source_5,APTJUM121,False,1.292,-17.792
source_5,APTJUM121,False,1.518,-17.003
source_5,APTJUM121,False,-0.793,-17.49
source_5,APTJUM121,False,1.432,-15.759
source_5,APTJUM122,False,0.415,-16.249
source_5,APTJUM122,False,0.766,-17.193
source_5,APTJUM122,False,-0.049,-16.254
source_5,APTJUM122,False,0.067,-16.931
source_5,APTJUM122,False,-1.048,-18.528
source_5,APTJUM122,False,1.866,-16.943
source_5,APTJUM122,False,0.765,-16.819
source_5,APTJUM122,False,-0.095,-17.249
source_5,APTJUM123,False,1.067,-18.194
source_5,APTJUM123,False,-0.312,-16.429
source_5,APTJUM123,False,3.365,-19.679
source_5,APTJUM123,False,-0.651,-16.626
source_5,APTJUM123,False,0.759,-17.418
source_5,APTJUM123,False,1.699,-18.095
source_5,APTJUM123,False,0.115,-18.857
source_5,APTJUM123,False,-0.123,-16.378
source_5,APTJUM124,False,1.29,-17.799
source_5,APTJUM124,False,4.04,-17.871
source_5,APTJUM124,False,0.715,-16.851
source_5,APTJUM124,False,0.311,-16.58
source_5,APTJUM124,False,1.256,-17.27
source_5,APTJUM124,False,-2.31,-17.193
source_5,APTJUM124,False,0.69,-16.582
source_5,APTJUM124,False,-0.708,-16.223
source_5,APTJUM125,False,-0.351,-19.224
source_5,APTJUM125,False,-2.826,-17.358
source_5,APTJUM125,False,-2.152,-18.373
source_5,APTJUM125,False,-1.025,-18.332
source_5,APTJUM125,False,-1.489,-17.959
source_5,APTJUM125,False,-3.967,-18.925
source_5,APTJUM125,False,-1.999,-19.743
source_5,APTJUM125,False,-2.619,-17.988
source_5,APTJUM126,False,-6.849,-17.965
source_5,APTJUM126,False,-4.838,-16.866
source_5,APTJUM126,False,-4.798,-16.261
source_5,APTJUM126,False,-3.663,-19.304
source_5,APTJUM126,False,-6.269,-15.752
source_5,APTJUM126,False,-4.783,-18.033
source_5,APTJUM126,False,-5.539,-18.701
source_5,APTJUM126,False,-4.104,-18.841
source_5,APTJUM128,False,0.521,-19.18
source_5,APTJUM128,False,-2.807,-18.932
source_5,APTJUM128,False,-2.946,-17.975
source_5,APTJUM128,False,-1.299,-19.067
source_5,APTJUM128,False,-2.551,-17.428
source_5,APTJUM128,False,-3.544,-18.732
source_5,APTJUM128,False,-0.061,-18.581
source_5,APTJUM128,False,-2.934,-18.709
source_5,APTJUM129,False,1.123,-18.351
source_5,APTJUM129,False,-1.522,-17.972
source_5,APTJUM129,False,-2.036,-15.036
source_5,APTJUM129,False,-0.872,-18.189
source_5,APTJUM129,False,-1.084,-17.335
source_5,APTJUM129,False,-1.831,-17.544
source_5,APTJUM129,False,0.786,-18.011
source_5,APTJUM129,False,-2.439,-17.91
source_5,APTJUM131,False,0.686,-19.389
source_5,APTJUM131,False,1.333,-17.493
source_5,APTJUM131,False,-0.567,-17.911
source_5,APTJUM131,False,-0.654,-18.186
source_5,APTJUM131,False,-0.947,-16.822
source_5,APTJUM131,False,-0.28,-19.258
source_5,APTJUM131,False,1.562,-19.969
source_5,APTJUM131,False,0.772,-17.42
source_5,APTJUM132,False,0.184,-19.609
source_5,APTJUM132,False,-0.941,-19.195
source_5,APTJUM132,False,1.361,-18.185
source_5,APTJUM132,False,-0.055,-16.564
source_5,APTJUM132,False,0.116,-19.23
source_5,APTJUM132,False,-1.054,-18.092
source_5,APTJUM132,False,0.543,-19.157
source_5,APTJUM132,False,0.059,-18.036
source_5,APTJUM133,False,2.787,-18.769
source_5,APTJUM133,False,3.09,-18.3
source_5,APTJUM133,False,-0.456,-16.752
source_5,APTJUM133,False,-0.498,-16.578
source_5,APTJUM133,False,0.41,-17.522
source_5,APTJUM133,False,-0.866,-15.822
source_5,APTJUM133,False,-1.122,-16.102
source_5,APTJUM133,False,1.267,-18.758
source_5,APTJUM208,False,-2.843,-17.987
source_5,APTJUM208,False,-0.943,-18.029
source_5,APTJUM208,False,0.352,-18.769
source_5,APTJUM208,False,-0.335,-16.815
source_5,APTJUM208,False,-1.721,-15.617
source_5,APTJUM208,False,-5.277,-16.632
source_5,APTJUM208,False,-1.189,-17.132
source_5,APTJUM208,False,-1.024,-17.63
source_5,APTJUM210,False,0.965,-17.876
source_5,APTJUM210,False,-0.784,-18.83
source_5,APTJUM210,False,-2.95,-17.258
source_5,APTJUM210,False,-2.179,-15.97
source_5,APTJUM210,False,-2.295,-17.575
source_5,APTJUM210,False,-1.901,-17.252
source_5,APTJUM210,False,0.081,-18.412
source_5,APTJUM210,False,-0.746,-17.187
source_5,APTJUM212,False,3.054,-17.352
source_5,APTJUM212,False,3.298,-18.029
source_5,APTJUM212,False,2.417,-16.82
source_5,APTJUM212,False,2.978,-18.781
source_5,APTJUM212,False,2.235,-17.66
source_5,APTJUM212,False,2.648,-17.197
source_5,APTJUM212,False,1.363,-18.827
source_5,APTJUM212,False,1.231,-17.395
source_5,APTJUM213,False,4.29,-17.144
source_5,APTJUM213,False,4.253,-16.769
source_5,APTJUM213,False,3.354,-18.134
source_5,APTJUM213,False,1.719,-16.377
source_5,APTJUM213,False,-0.063,-16.105
source_5,APTJUM213,False,2.223,-15.779
source_5,APTJUM213,False,2.024,-17.32
source_5,APTJUM213,False,2.415,-18.325
source_5,APTJUM214,False,0.383,-17.172
source_5,APTJUM214,False,-0.866,-18.313
source_5,APTJUM214,False,2.049,-18.095
source_5,APTJUM214,False,0.169,-17.688
source_5,APTJUM214,False,-0.314,-15.843
source_5,APTJUM214,False,-0.436,-17.373
source_5,APTJUM214,False,-5.065,-14.227
source_5,APTJUM214,False,1.864,-18.353
source_5,APTJUM216,False,1.709,-17.958
source_5,APTJUM216,False,-0.14,-17.708
source_5,APTJUM216,False,-0.801,-17.41
source_5,APTJUM216,False,-1.014,-18.227
source_5,APTJUM216,False,-3.908,-19.541
source_5,APTJUM216,False,-3.529,-18.494
source_5,APTJUM216,False,-1.831,-19.583
source_5,APTJUM216,False,-2.572,-18.656
source_5,APTJUM217,False,-2.367,-17.844
source_5,APTJUM217,False,-2.355,-17.809
source_5,APTJUM217,False,-2.138,-17.583
source_5,APTJUM217,False,-1.115,-18.311
source_5,APTJUM217,False,-2.59,-18.534
source_5,APTJUM217,False,-3.284,-19.456
source_5,APTJUM217,False,-4.133,-18.648
source_5,APTJUM217,False,-4.572,-16.853
source_5,APTJUM218,False,-2.895,-15.44
source_5,APTJUM218,False,-1.556,-16.973
source_5,APTJUM218,False,-1.923,-17.153
source_5,APTJUM218,False,-3.02,-15.594
source_5,APTJUM218,False,-2.964,-17.251
source_5,APTJUM218,False,-1.474,-16.909
source_5,APTJUM218,False,-1.784,-19.408
source_5,APTJUM218,False,-1.963,-18.384
source_5,APTJUM219,False,-4.798,-15.632
source_5,APTJUM219,False,-0.478,-16.953
source_5,APTJUM219,False,-0.514,-18.931
source_5,APTJUM219,False,-2.584,-17.144
source_5,APTJUM219,False,-2.651,-18.87
source_5,APTJUM219,False,-2.681,-17.939
source_5,APTJUM219,False,-3.241,-17.371
source_5,APTJUM219,False,0.205,-17.898
source_5,APTJUM220,False,-0.383,-16.29
source_5,APTJUM220,False,0.926,-15.398
source_5,APTJUM220,False,0.755,-17.825
source_5,APTJUM220,False,1.13,-17.654
source_5,APTJUM220,False,2.312,-18.054
source_5,APTJUM220,False,0.481,-17.552
source_5,APTJUM220,False,-0.677,-16.559
source_5,APTJUM220,False,-1.111,-16.885
source_5,APTJUM221,False,0.809,-16.702
source_5,APTJUM221,False,1.697,-18.316
source_5,APTJUM221,False,0.814,-15.733
source_5,APTJUM221,False,0.786,-19.275
source_5,APTJUM221,False,-1.513,-15.928
source_5,APTJUM221,False,-0.19,-17.31
source_5,APTJUM221,False,-2.258,-17.756
source_5,APTJUM221,False,2.134,-19.075
source_5,APTJUM228,False,-0.144,-15.549
source_5,APTJUM228,False,-1.805,-13.725
source_5,APTJUM228,False,-1.58,-16.168
source_5,APTJUM228,False,-1.003,-16.932
source_5,APTJUM228,False,1.072,-15.933
source_5,APTJUM228,False,-2.432,-16.557
source_5,APTJUM228,False,0.178,-17.354
source_5,APTJUM228,False,-2.501,-15.138
source_5,APTJUM229,False,-3.758,-13.343
source_5,APTJUM229,False,0.362,-16.598
source_5,APTJUM229,False,0.715,-17.362
source_5,APTJUM229,False,-0.234,-15.33
source_5,APTJUM229,False,1.022,-16.356
source_5,APTJUM229,False,-0.687,-15.338
source_5,APTJUM229,False,-0.733,-16.848
source_5,APTJUM229,False,0.078,-16.725
source_5,APTJUM230,False,0.679,-15.552
source_5,APTJUM230,False,0.552,-16.993
source_5,APTJUM230,False,0.284,-15.564
source_5,APTJUM230,False,1.397,-17.242
source_5,APTJUM230,False,-0.836,-16.211
source_5,APTJUM230,False,-0.554,-15.126
source_5,APTJUM230,False,0.877,-18.158
source_5,APTJUM230,False,3.401,-18.983
source_5,APTJUM231,False,1.456,-18.368
source_5,APTJUM231,False,-3.18,-13.072
source_5,APTJUM231,False,-3.117,-14.883
source_5,APTJUM231,False,-0.98,-17.105
source_5,APTJUM231,False,-0.93,-13.573
source_5,APTJUM231,False,-2.705,-16.204
source_5,APTJUM231,False,-3.565,-14.753
source_5,APTJUM231,False,-1.182,-16.17
source_5,APTJUM232,False,-0.908,-17.024
source_5,APTJUM232,False,-2.094,-18.658
source_5,APTJUM232,False,-1.907,-16.86
source_5,APTJUM232,False,-0.573,-17.644
source_5,APTJUM232,False,-1.635,-15.54
source_5,APTJUM232,False,-1.622,-18.78
source_5,APTJUM232,False,2.276,-18.466
source_5,APTJUM232,False,-0.779,-18.923
source_5,APTJUM233,False,-0.689,-17.041
source_5,APTJUM233,False,-1.148,-16.239
source_5,APTJUM233,False,-0.219,-16.224
source_5,APTJUM233,False,-1.701,-15.738
source_5,APTJUM233,False,-1.484,-18.231
source_5,APTJUM233,False,-1.538,-17.392
source_5,APTJUM233,False,-0.615,-16.76
source_5,APTJUM233,False,0.19,-17.671
source_5,APTJUM301,False,-1.75,-16.096
source_5,APTJUM301,False,-5.213,-15.946
source_5,APTJUM301,False,-5.105,-16.27
source_5,APTJUM301,False,-4.744,-15.122
source_5,APTJUM301,False,-4.216,-16.938
source_5,APTJUM301,False,-4.315,-16.496
source_5,APTJUM301,False,-5.621,-15.653
source_5,APTJUM301,False,-4.702,-15.333
source_5,APTJUM302,False,-2.292,-15.704
source_5,APTJUM302,False,-3.333,-16.235
source_5,APTJUM302,False,-0.703,-17.333
source_5,APTJUM302,False,-3.159,-15.754
source_5,APTJUM302,False,-3.322,-16.316
source_5,APTJUM302,False,-3.326,-19.418
source_5,APTJUM302,False,-3.622,-16.654
source_5,APTJUM302,False,-2.874,-16.027
source_5,APTJUM303,False,-2.51,-15.232
source_5,APTJUM303,False,-2.842,-18.066
source_5,APTJUM303,False,-4.42,-15.841
source_5,APTJUM303,False,-6.34,-17.364
source_5,APTJUM303,False,-4.527,-15.365
source_5,APTJUM303,False,-9.5,-13.754
source_5,APTJUM303,False,-5.974,-18.112
source_5,APTJUM303,False,-4.475,-15.601
source_5,APTJUM304,False,-6.838,-11.445
source_5,APTJUM304,False,-3.615,-14.119
source_5,APTJUM304,False,-5.502,-13.623
source_5,APTJUM304,False,-5.332,-14.715
source_5,APTJUM304,False,-7.047,-12.92
source_5,APTJUM304,False,-6.24,-14.138
source_5,APTJUM304,False,-5.699,-14.547
source_5,APTJUM304,False,-6.098,-15.31
source_5,APTJUM324,False,-6.137,-13.03
source_5,APTJUM324,False,-8.492,-11.465
source_5,APTJUM324,False,-8.19,-11.723
source_5,APTJUM324,False,-7.775,-12.112
source_5,APTJUM324,False,-11.163,-11.39
source_5,APTJUM324,False,-6.957,-12.726
source_5,APTJUM324,False,-9.352,-13.103
source_5,APTJUM324,False,-6.519,-13.63
source_5,APTJUM325,False,-9.99,-12.274
source_5,APTJUM325,False,-6.76,-13.408
source_5,APTJUM325,False,-6.443,-13.337
source_5,APTJUM325,False,-4.978,-15.807
source_5,APTJUM325,False,-6.892,-14.983
source_5,APTJUM325,False,-6.665,-14.582
source_5,APTJUM325,False,-7.815,-12.083
source_5,APTJUM325,False,-6.013,-13.909
source_5,APTJUM326,False,-6.92,-11.11
source_5,APTJUM326,False,-4.749,-12.689
source_5,APTJUM326,False,-4.274,-12.165
source_5,APTJUM326,False,-4.782,-12.414
source_5,APTJUM326,False,-5.746,-12.842
source_5,APTJUM326,False,-3.923,-14.308
source_5,APTJUM326,False,-2.764,-15.546
source_5,APTJUM326,False,-4.384,-12.57
source_5,APTJUM327,False,-8.102,-10.102
source_5,APTJUM327,False,-3.458,-16.01
source_5,APTJUM327,False,-7.66,-11.9
source_5,APTJUM327,False,-5.354,-12.855
source_5,APTJUM327,False,-6.557,-12.11
source_5,APTJUM327,False,-6.713,-12.647
source_5,APTJUM327,False,-3.477,-12.471
source_5,APTJUM327,False,-4.909,-13.258
source_5,APTJUM409,False,-2.16,-14.692
source_5,APTJUM409,False,-1.099,-16.93
source_5,APTJUM409,False,-1.229,-16.772
source_5,APTJUM409,False,-4.011,-15.68
source_5,APTJUM409,False,-4.535,-15.666
source_5,APTJUM409,False,-4.209,-16.486
source_5,APTJUM409,False,-4.377,-17.035
source_5,APTJUM409,False,-2.751,-16.436
source_5,APTJUM415,False,-0.325,-15.372
source_5,APTJUM415,False,-0.338,-16.533
source_5,APTJUM415,False,1.261,-16.683
source_5,APTJUM415,False,-0.346,-15.956
source_5,APTJUM415,False,0.122,-16.434
source_5,APTJUM415,False,-0.845,-15.256
source_5,APTJUM415,False,-0.842,-15.726
source_5,APTJUM415,False,1.253,-16.052
source_5,APTJUM419,False,-5.234,-15.124
source_5,APTJUM419,False,-6.037,-15.604
source_5,APTJUM419,False,-5.256,-15.344
source_5,APTJUM419,False,-6.64,-13.588
source_5,APTJUM419,False,-3.708,-15.494
source_5,APTJUM419,False,-4.242,-15.834
source_5,APTJUM419,False,-3.671,-17.092
source_5,APTJUM419,False,-5.767,-15.529
source_5,APTJUM422,False,-2.802,-14.578
source_5,APTJUM422,False,-0.629,-15.201
source_5,APTJUM422,False,-1.836,-12.626
source_5,APTJUM422,False,-6.271,-15.91
source_5,APTJUM422,False,-4.15,-14.484
source_5,APTJUM422,False,-4.024,-16.185
source_5,APTJUM422,False,-2.882,-14.678
source_5,APTJUM422,False,-3.682,-16.232
source_5,APTJUM430,False,-0.363,-14.359
source_5,APTJUM430,False,-4.155,-16.49
source_5,APTJUM430,False,-3.919,-15.625
source_5,APTJUM430,False,-3.766,-14.384
source_5,APTJUM430,False,-5.333,-14.033
source_5,APTJUM430,False,-2.442,-16.319
source_5,APTJUM430,False,-1.303,-16.916
source_5,APTJUM430,False,-1.375,-14.623
source_5,APTJUM501,False,-6.507,-13.073
source_5,APTJUM501,False,-1.878,-16.93
source_5,APTJUM501,False,-1.052,-16.767
source_5,APTJUM501,False,-2.265,-15.603
source_5,APTJUM501,False,-4.004,-16.235
source_5,APTJUM501,False,-0.293,-17.671
source_5,APTJUM501,False,0.577,-18.251
source_5,APTJUM501,False,-2.364,-15.237
source_5,APTJUM511,False,-3.879,-16.444
source_5,APTJUM511,False,-4.705,-16.763
source_5,APTJUM511,False,-5.161,-16.318
source_5,APTJUM511,False,-7.414,-14.892
source_5,APTJUM511,False,-5.922,-15.429
source_5,APTJUM511,False,-5.313,-15.749
source_5,APTJUM511,False,-4.514,-16.629
source_5,APTJUM511,False,-6.624,-15.652
source_5,APTJUM513,False,-6.374,-16.674
source_5,APTJUM513,False,-1.993,-16.539
source_5,APTJUM513,False,-2.803,-13.574
source_5,APTJUM513,False,-1.507,-15.458
source_5,APTJUM513,False,-1.558,-15.488
source_5,APTJUM513,False,-3.591,-14.775
source_5,APTJUM513,False,-2.451,-16.751
source_5,APTJUM513,False,-2.264,-15.866
source_5,APTJUM523,False,-9.551,-16.115
source_5,APTJUM523,False,-4.007,-14.039
source_5,APTJUM523,False,-5.319,-14.922
source_5,APTJUM523,False,-3.901,-14.407
source_5,APTJUM523,False,-9.17,-13.29
source_5,APTJUM523,False,-4.145,-14.833
source_5,APTJUM523,False,-4.851,-14.994
source_5,APTJUM523,False,-8.071,-13.733
source_5,APTJUM527,False,-3.043,-16.241
source_5,APTJUM527,False,-1.103,-18.336
source_5,APTJUM527,False,-0.711,-16.499
source_5,APTJUM527,False,-2.872,-16.341
source_5,APTJUM527,False,-2.302,-17.773
source_5,APTJUM527,False,-2.418,-15.68
source_5,APTJUM527,False,-2.48,-16.578
source_5,APTJUM527,False,-3.697,-18.301
source_5,APTJUM611,False,-6.501,-14.059
source_5,APTJUM611,False,-5.915,-14.675
source_5,APTJUM611,False,-7.324,-15.713
source_5,APTJUM611,False,-6.07,-17.384
source_5,APTJUM611,False,-6.642,-15.727
source_5,APTJUM611,False,-6.156,-14.055
source_5,APTJUM611,False,-5.685,-16.652
source_5,APTJUM611,False,-4.345,-15.648
source_5,ATSJUM103,False,-3.433,-15.302
source_5,ATSJUM103,False,1.642,-15.819
source_5,ATSJUM103,False,1.404,-16.833
source_5,ATSJUM103,False,-1.207,-16.283
source_5,ATSJUM103,False,-1.765,-15.377
source_5,ATSJUM103,False,2.527,-18.066
source_5,ATSJUM103,False,2.124,-16.901
source_5,ATSJUM103,False,0.787,-16.58
source_5,ATSJUM104,False,-3.458,-14.359
source_5,ATSJUM104,False,-0.479,-15.303
source_5,ATSJUM104,False,3.565,-18.08
source_5,ATSJUM104,False,2.033,-18.795
source_5,ATSJUM104,False,0.705,-16.46
source_5,ATSJUM104,False,2.538,-17.566
source_5,ATSJUM104,False,-0.204,-16.537
source_5,ATSJUM104,False,-0.377,-15.267
source_5,ATSJUM106,False,-0.152,-18.101
source_5,ATSJUM106,False,0.15,-15.915
source_5,ATSJUM106,False,-0.375,-17.447
source_5,ATSJUM106,False,-1.367,-17.427
source_5,ATSJUM106,False,-0.399,-17.331
source_5,ATSJUM106,False,-3.113,-16.562
source_5,ATSJUM106,False,-0.03,-17.617
source_5,ATSJUM106,False,2.55,-17.282
source_5,ATSJUM107,False,-0.901,-14.128
source_5,ATSJUM107,False,-1.645,-15.736
source_5,ATSJUM107,False,-2.197,-15.263
source_5,ATSJUM107,False,-3.741,-13.689
source_5,ATSJUM107,False,-1.754,-16.399
source_5,ATSJUM107,False,-2.6,-16.131
source_5,ATSJUM107,False,-0.857,-15.249
source_5,ATSJUM107,False,-2.932,-15.705
source_5,ATSJUM108,False,-3.664,-14.788
source_5,ATSJUM108,False,-1.128,-17.153
source_5,ATSJUM108,False,-1.74,-17.499
source_5,ATSJUM108,False,-2.493,-14.808
source_5,ATSJUM108,False,-4.425,-14.218
source_5,ATSJUM108,False,-4.457,-15.151
source_5,ATSJUM108,False,-2.4,-16.879
source_5,ATSJUM108,False,1.373,-15.91
source_5,ATSJUM109,False,-5.185,-12.681
source_5,ATSJUM109,False,-3.741,-14.604
source_5,ATSJUM109,False,-3.326,-14.147
source_5,ATSJUM109,False,-1.341,-15.661
source_5,ATSJUM109,False,-2.988,-13.733
source_5,ATSJUM109,False,-4.221,-14.153
source_5,ATSJUM109,False,-2.973,-16.849
source_5,ATSJUM109,False,-2.953,-15.495
source_5,ATSJUM110,False,3.16,-15.059
source_5,ATSJUM110,False,3.107,-18.09
source_5,ATSJUM110,False,2.638,-16.247
source_5,ATSJUM110,False,0.258,-15.383
source_5,ATSJUM110,False,0.281,-15.998
source_5,ATSJUM110,False,1.367,-16.305
source_5,ATSJUM110,False,-0.883,-14.358
source_5,ATSJUM110,False,-4.708,-15.433
source_5,ATSJUM111,False,3.802,-16.129
source_5,ATSJUM111,False,4.628,-16.151
source_5,ATSJUM111,False,3.359,-15.896
source_5,ATSJUM111,False,1.674,-15.095
source_5,ATSJUM111,False,2.277,-15.821
source_5,ATSJUM111,False,2.297,-15.984
source_5,ATSJUM111,False,0.888,-15.379
source_5,ATSJUM111,False,1.996,-15.443
source_5,ATSJUM112,False,0.103,-16.569
source_5,ATSJUM112,False,-0.716,-16.139
source_5,ATSJUM112,False,0.365,-15.417
source_5,ATSJUM112,False,-1.633,-15.935
source_5,ATSJUM112,False,1.033,-15.458
source_5,ATSJUM112,False,-0.028,-16.063
source_5,ATSJUM112,False,1.222,-15.053
source_5,ATSJUM112,False,-0.207,-16.109
source_5,ATSJUM113,False,-0.833,-14.241
source_5,ATSJUM113,False,1.79,-14.541
source_5,ATSJUM113,False,0.586,-14.455
source_5,ATSJUM113,False,-0.705,-15.931
source_5,ATSJUM113,False,1.217,-15.058
source_5,ATSJUM113,False,0.369,-15.125
source_5,ATSJUM113,False,1.685,-15.196
source_5,ATSJUM113,False,0.761,-17.059
source_5,ATSJUM114,False,2.764,-17.437
source_5,ATSJUM114,False,2.778,-15.032
source_5,ATSJUM114,False,3.168,-15.866
source_5,ATSJUM114,False,0.984,-14.91
source_5,ATSJUM114,False,3.611,-16.267
source_5,ATSJUM114,False,1.812,-16.312
source_5,ATSJUM114,False,1.974,-16.428
source_5,ATSJUM114,False,2.94,-17.027
source_5,ATSJUM115,False,-1.279,-16.424
source_5,ATSJUM115,False,2.482,-17.274
source_5,ATSJUM115,False,1.08,-16.657
source_5,ATSJUM115,False,0.116,-16.87
source_5,ATSJUM115,False,-1.071,-15.477
source_5,ATSJUM115,False,0.893,-16.595
source_5,ATSJUM115,False,1.91,-16.191
source_5,ATSJUM115,False,-1.217,-17.919
source_5,ATSJUM116,False,0.432,-17.371
source_5,ATSJUM116,False,-0.774,-15.337
source_5,ATSJUM116,False,0.741,-16.964
source_5,ATSJUM116,False,-1.775,-16.756
source_5,ATSJUM116,False,-0.306,-16.492
source_5,ATSJUM116,False,0.69,-17.322
source_5,ATSJUM116,False,-0.087,-16.334
source_5,ATSJUM116,False,-0.315,-16.732
source_5,ATSJUM117,False,1.825,-17.71
source_5,ATSJUM117,False,-0.794,-15.071
source_5,ATSJUM117,False,-1.188,-16.792
source_5,ATSJUM117,False,-0.661,-17.552
source_5,ATSJUM117,False,-0.601,-15.612
source_5,ATSJUM117,False,-0.69,-15.02
source_5,ATSJUM117,False,-3.533,-16.572
source_5,ATSJUM117,False,0.083,-17.842
source_5,ATSJUM118,False,-0.478,-16.719
source_5,ATSJUM118,False,1.02,-18.032
source_5,ATSJUM118,False,-0.199,-15.48
source_5,ATSJUM118,False,-0.524,-15.788
source_5,ATSJUM118,False,-1.667,-16.558
source_5,ATSJUM118,False,-2.419,-16.227
source_5,ATSJUM118,False,-0.5,-16.573
source_5,ATSJUM118,False,-1.24,-17.384
source_5,ATSJUM119,False,-0.719,-14.077
source_5,ATSJUM119,False,0.776,-17.965
source_5,ATSJUM119,False,-1.005,-16.591
source_5,ATSJUM119,False,-0.687,-15.461
source_5,ATSJUM119,False,-2.576,-14.823
source_5,ATSJUM119,False,-2.559,-15.381
source_5,ATSJUM119,False,-1.12,-17.326
source_5,ATSJUM119,False,-7.195,-14.171
source_5,ATSJUM120,False,3.888,-17.484
source_5,ATSJUM120,False,2.393,-16.115
source_5,ATSJUM120,False,-1.681,-15.043
source_5,ATSJUM120,False,2.084,-18.414
source_5,ATSJUM120,False,3.932,-17.189
source_5,ATSJUM120,False,-0.266,-15.23
source_5,ATSJUM120,False,3.473,-18.781
source_5,ATSJUM120,False,3.868,-17.835
source_5,ATSJUM121,False,3.105,-16.107
source_5,ATSJUM121,False,1.874,-15.328
source_5,ATSJUM121,False,1.44,-15.64
source_5,ATSJUM121,False,0.519,-16.982
source_5,ATSJUM121,False,-10.079,-11.578
source_5,ATSJUM121,False,-1.757,-16.763
source_5,ATSJUM121,False,-2.172,-16.812
source_5,ATSJUM121,False,0.607,-16.873
source_5,ATSJUM122,False,1.634,-17.207
source_5,ATSJUM122,False,1.187,-17.069
source_5,ATSJUM122,False,-0.465,-17.452
source_5,ATSJUM122,False,-0.519,-17.821
source_5,ATSJUM122,False,-0.283,-17.422
source_5,ATSJUM122,False,-0.751,-17.497
source_5,ATSJUM122,False,0.204,-17.241
source_5,ATSJUM122,False,0.087,-16.777
source_5,ATSJUM123,False,-0.504,-15.801
source_5,ATSJUM123,False,0.396,-16.212
source_5,ATSJUM123,False,1.022,-18.093
source_5,ATSJUM123,False,0.093,-14.933
source_5,ATSJUM123,False,-0.254,-16.706
source_5,ATSJUM123,False,-1.163,-16.123
source_5,ATSJUM123,False,-1.487,-16.086
source_5,ATSJUM123,False,0.536,-16.347
source_5,ATSJUM124,False,0.263,-15.691
source_5,ATSJUM124,False,0.431,-17.041
source_5,ATSJUM124,False,-1.128,-16.813
source_5,ATSJUM124,False,-0.741,-16.683
source_5,ATSJUM124,False,0.837,-15.525
source_5,ATSJUM124,False,-5.133,-15.302
source_5,ATSJUM124,False,0.056,-17.008
source_5,ATSJUM124,False,-1.564,-15.744
source_5,ATSJUM125,False,-1.805,-15.655
source_5,ATSJUM125,False,-1.706,-16.083
source_5,ATSJUM125,False,1.336,-16.246
source_5,ATSJUM125,False,0.156,-14.993
source_5,ATSJUM125,False,-1.26,-14.909
source_5,ATSJUM125,False,-1.541,-14.709
source_5,ATSJUM125,False,-1.762,-15.956
source_5,ATSJUM125,False,-1.412,-15.405
source_5,ATSJUM126,False,-2.646,-12.926
source_5,ATSJUM126,False,0.914,-16.9
source_5,ATSJUM126,False,-0.329,-15.188
source_5,ATSJUM126,False,-0.536,-15.449
source_5,ATSJUM126,False,-1.339,-16.954
source_5,ATSJUM126,False,0.082,-17.919
source_5,ATSJUM126,False,2.815,-17.869
source_5,ATSJUM126,False,1.084,-16.794
source_5,ATSJUM127,False,-3.425,-14.282
source_5,ATSJUM127,False,-0.139,-16.593
source_5,ATSJUM127,False,-0.857,-13.975
source_5,ATSJUM127,False,-2.66,-15.75
source_5,ATSJUM127,False,-0.086,-16.189
source_5,ATSJUM127,False,0.379,-15.884
source_5,ATSJUM127,False,1.14,-17.235
source_5,ATSJUM127,False,-0.161,-15.662
source_5,ATSJUM128,False,1.335,-16.089
source_5,ATSJUM128,False,2.122,-17.786
source_5,ATSJUM128,False,0.994,-17.727
source_5,ATSJUM128,False,-0.538,-15.091
source_5,ATSJUM128,False,2.092,-17.911
source_5,ATSJUM128,False,1.238,-16.781
source_5,ATSJUM128,False,2.144,-17.239
source_5,ATSJUM128,False,3.514,-18.285
source_5,ATSJUM129,False,0.409,-16.758
source_5,ATSJUM129,False,2.348,-17.523
source_5,ATSJUM129,False,2.395,-17.35
source_5,ATSJUM129,False,0.229,-16.75
source_5,ATSJUM129,False,1.729,-16.776
source_5,ATSJUM129,False,1.563,-17.424
source_5,ATSJUM129,False,0.785,-16.938
source_5,ATSJUM129,False,2.493,-17.235
source_5,ATSJUM130,False,-0.096,-15.51
source_5,ATSJUM130,False,2.516,-15.541
source_5,ATSJUM130,False,2.042,-15.334
source_5,ATSJUM130,False,-1.507,-15.29
source_5,ATSJUM130,False,1.174,-16.456
source_5,ATSJUM130,False,1.894,-16.086
source_5,ATSJUM130,False,3.604,-19.438
source_5,ATSJUM130,False,2.971,-17.046
source_5,ATSJUM131,False,0.81,-15.922
source_5,ATSJUM131,False,1.686,-14.307
source_5,ATSJUM131,False,1.728,-17.177
source_5,ATSJUM131,False,1.985,-15.981
source_5,ATSJUM131,False,2.36,-15.184
source_5,ATSJUM131,False,0.206,-15.833
source_5,ATSJUM131,False,1.242,-16.878
source_5,ATSJUM131,False,3.383,-17.6
source_5,ATSJUM132,False,2.792,-16.412
source_5,ATSJUM132,False,2.534,-15.164
source_5,ATSJUM132,False,1.778,-17.442
source_5,ATSJUM132,False,1.922,-16.916
source_5,ATSJUM132,False,2.036,-17.689
source_5,ATSJUM132,False,2.258,-14.776
source_5,ATSJUM132,False,1.358,-17.65
source_5,ATSJUM132,False,0.468,-15.4
source_5,ATSJUM201,False,3.875,-16.317
source_5,ATSJUM201,False,4.15,-16.671
source_5,ATSJUM201,False,4.018,-16.713
source_5,ATSJUM201,False,3.529,-16.491
source_5,ATSJUM201,False,-0.682,-15.85
source_5,ATSJUM201,False,3.538,-17.665
source_5,ATSJUM201,False,3.446,-15.686
source_5,ATSJUM201,False,3.689,-15.778
source_5,ATSJUM202,False,-0.24,-14.398
source_5,ATSJUM202,False,2.297,-15.087
source_5,ATSJUM202,False,3.195,-15.841
source_5,ATSJUM202,False,-0.184,-14.196
source_5,ATSJUM202,False,2.948,-17.017
source_5,ATSJUM202,False,1.318,-15.259
source_5,ATSJUM202,False,3.736,-16.945
source_5,ATSJUM202,False,2.923,-14.324
source_5,ATSJUM203,False,3.673,-16.364
source_5,ATSJUM203,False,4.19,-16.301
source_5,ATSJUM203,False,4.81,-17.461
source_5,ATSJUM203,False,2.828,-16.333
source_5,ATSJUM203,False,3.7,-14.664
source_5,ATSJUM203,False,2.346,-15.948
source_5,ATSJUM203,False,4.488,-18.026
source_5,ATSJUM203,False,2.027,-17.262
source_5,ATSJUM204,False,4.459,-14.406
source_5,ATSJUM204,False,3.845,-16.292
source_5,ATSJUM204,False,3.441,-16.48
source_5,ATSJUM204,False,2.775,-14.622
source_5,ATSJUM204,False,0.537,-14.59
source_5,ATSJUM204,False,1.593,-17.249
source_5,ATSJUM204,False,2.283,-16.714
source_5,ATSJUM204,False,1.643,-16.84
source_5,ATSJUM205,False,6.544,-20.239
source_5,ATSJUM205,False,5.438,-16.874
source_5,ATSJUM205,False,3.536,-16.873
source_5,ATSJUM205,False,5.113,-17.614
source_5,ATSJUM205,False,3.86,-16.872
source_5,ATSJUM205,False,4.264,-16.975
source_5,ATSJUM205,False,2.152,-17.135
source_5,ATSJUM205,False,2.304,-17.144
source_5,ATSJUM206,False,2.328,-16.245
source_5,ATSJUM206,False,1.296,-17.154
source_5,ATSJUM206,False,2.756,-18.146
source_5,ATSJUM206,False,2.559,-18.481
source_5,ATSJUM206,False,0.307,-17.293
source_5,ATSJUM206,False,0.815,-18.335
source_5,ATSJUM206,False,3.153,-18.411
source_5,ATSJUM206,False,2.009,-18.354
source_5,ATSJUM207,False,3.249,-18.82
source_5,ATSJUM207,False,1.819,-17.558
source_5,ATSJUM207,False,0.253,-18.494
source_5,ATSJUM207,False,-0.358,-16.797
source_5,ATSJUM207,False,0.678,-16.918
source_5,ATSJUM207,False,-1.143,-17.696
source_5,ATSJUM207,False,0.96,-19.176
source_5,ATSJUM207,False,1.641,-18.529
source_5,ATSJUM208,False,1.497,-17.767
source_5,ATSJUM208,False,3.355,-17.845
source_5,ATSJUM208,False,1.805,-19.163
source_5,ATSJUM208,False,0.757,-17.49
source_5,ATSJUM208,False,0.159,-18.162
source_5,ATSJUM208,False,0.282,-17.271
source_5,ATSJUM208,False,2.478,-18.785
source_5,ATSJUM208,False,2.369,-17.283
source_5,ATSJUM209,False,-1.642,-16.33
source_5,ATSJUM209,False,-1.346,-18.051
source_5,ATSJUM209,False,-2.793,-15.908
source_5,ATSJUM209,False,-2.748,-17.913
source_5,ATSJUM209,False,-3.336,-15.996
source_5,ATSJUM209,False,-2.906,-18.143
source_5,ATSJUM209,False,-3.362,-17.151
source_5,ATSJUM209,False,-0.615,-18.48
source_5,ATSJUM210,False,-5.244,-13.699
source_5,ATSJUM210,False,-0.532,-17.598
source_5,ATSJUM210,False,0.607,-17.558
source_5,ATSJUM210,False,0.972,-17.13
source_5,ATSJUM210,False,-1.496,-16.392
source_5,ATSJUM210,False,0.628,-17.64
source_5,ATSJUM210,False,-0.198,-17.396
source_5,ATSJUM210,False,2.474,-17.263
source_5,ATSJUM211,False,5.119,-18.705
source_5,ATSJUM211,False,4.283,-18.995
source_5,ATSJUM211,False,1.516,-18.764
source_5,ATSJUM211,False,2.587,-18.024
source_5,ATSJUM211,False,1.732,-18.687
source_5,ATSJUM211,False,2.12,-16.52
source_5,ATSJUM211,False,3.235,-17.679
source_5,ATSJUM211,False,1.404,-16.566
source_5,ATSJUM212,False,1.685,-16.485
source_5,ATSJUM212,False,2.512,-18.132
source_5,ATSJUM212,False,0.856,-17.774
source_5,ATSJUM212,False,0.474,-16.882
source_5,ATSJUM212,False,2.282,-18.749
source_5,ATSJUM212,False,1.226,-16.778
source_5,ATSJUM212,False,0.719,-17.203
source_5,ATSJUM212,False,2.289,-18.138
source_5,ATSJUM213,False,1.112,-17.615
source_5,ATSJUM213,False,-1.113,-16.236
source_5,ATSJUM213,False,-1.144,-16.452
source_5,ATSJUM213,False,-1.2,-16.591
source_5,ATSJUM213,False,-0.498,-16.214
source_5,ATSJUM213,False,0.769,-17.284
source_5,ATSJUM213,False,1.21,-18.154
source_5,ATSJUM213,False,1.639,-16.997
source_5,ATSJUM214,False,-1.999,-15.201
source_5,ATSJUM214,False,0.822,-18.061
source_5,ATSJUM214,False,-0.187,-17.361
source_5,ATSJUM214,False,-1.855,-16.038
source_5,ATSJUM214,False,-0.292,-16.862
source_5,ATSJUM214,False,-0.245,-18.053
source_5,ATSJUM214,False,0.808,-20.111
source_5,ATSJUM214,False,0.133,-17.225
source_5,ATSJUM215,False,0.311,-16.806
source_5,ATSJUM215,False,-3.01,-16.455
source_5,ATSJUM215,False,-3.321,-15.293
source_5,ATSJUM215,False,-2.42,-16.221
source_5,ATSJUM215,False,-2.917,-17.134
source_5,ATSJUM215,False,-3.055,-15.141
source_5,ATSJUM215,False,-4.052,-15.618
source_5,ATSJUM215,False,-2.767,-17.471
source_5,ATSJUM216,False,2.312,-19.285
source_5,ATSJUM216,False,0.172,-15.831
source_5,ATSJUM216,False,0.043,-18.685
source_5,ATSJUM216,False,1.245,-17.635
source_5,ATSJUM216,False,1.541,-18.056
source_5,ATSJUM216,False,0.78,-18.342
source_5,ATSJUM216,False,0.423,-17.247
source_5,ATSJUM216,False,0.411,-16.589
source_5,ATSJUM217,False,-0.991,-15.786
source_5,ATSJUM217,False,0.757,-14.973
source_5,ATSJUM217,False,1.176,-16.231
source_5,ATSJUM217,False,0.426,-16.049
source_5,ATSJUM217,False,-1.561,-14.909
source_5,ATSJUM217,False,-0.62,-15.531
source_5,ATSJUM217,False,1.942,-18.037
source_5,ATSJUM217,False,1.015,-18.194
source_5,ATSJUM220,False,0.525,-16.569
source_5,ATSJUM220,False,1.952,-18.113
source_5,ATSJUM220,False,1.244,-19.415
source_5,ATSJUM220,False,0.712,-17.369
source_5,ATSJUM220,False,0.681,-17.931
source_5,ATSJUM220,False,-0.16,-18.225
source_5,ATSJUM220,False,0.09,-17.776
source_5,ATSJUM220,False,0.144,-18.369
source_5,ATSJUM221,False,-6.97,-12.847
source_5,ATSJUM221,False,-3.281,-15.245
source_5,ATSJUM221,False,-4.205,-14.632
source_5,ATSJUM221,False,-5.345,-12.747
source_5,ATSJUM221,False,-4.98,-12.086
source_5,ATSJUM221,False,-8.494,-13.042
source_5,ATSJUM221,False,-6.765,-13.509
source_5,ATSJUM221,False,-5.046,-13.752
source_5,ATSJUM222,False,-6.054,-12.697
source_5,ATSJUM222,False,-3.19,-14.017
source_5,ATSJUM222,False,-2.74,-14.952
source_5,ATSJUM222,False,-3.154,-14.485
source_5,ATSJUM222,False,-4.402,-13.121
source_5,ATSJUM222,False,-5.902,-12.92
source_5,ATSJUM222,False,-5.435,-15.018
source_5,ATSJUM222,False,-8.41,-14.125
source_5,ATSJUM223,False,-1.873,-14.225
source_5,ATSJUM223,False,-3.124,-15.952
source_5,ATSJUM223,False,-5.072,-13.428
source_5,ATSJUM223,False,-5.309,-14.385
source_5,ATSJUM223,False,-4.912,-16.552
source_5,ATSJUM223,False,-6.295,-13.687
source_5,ATSJUM223,False,-5.462,-14.975
source_5,ATSJUM223,False,-5.405,-15.827
source_5,ATSJUM224,False,-6.561,-13.042
source_5,ATSJUM224,False,-5.013,-13.843
source_5,ATSJUM224,False,-5.763,-15.578
source_5,ATSJUM224,False,-4.737,-15.547
source_5,ATSJUM224,False,-9.051,-13.114
source_5,ATSJUM224,False,-4.824,-14.934
source_5,ATSJUM224,False,-4.599,-14.945
source_5,ATSJUM224,False,-4.142,-15.473
source_5,ATSJUM225,False,-0.212,-14.89
source_5,ATSJUM225,False,-1.871,-14.696
source_5,ATSJUM225,False,0.118,-14.833
source_5,ATSJUM225,False,-1.753,-15.021
source_5,ATSJUM225,False,-5.596,-12.104
source_5,ATSJUM225,False,1.001,-15.376
source_5,ATSJUM225,False,-0.484,-14.217
source_5,ATSJUM225,False,-0.873,-16.198
source_5,ATSJUM226,False,0.65,-15.284
source_5,ATSJUM226,False,2.087,-16.026
source_5,ATSJUM226,False,2.026,-15.387
source_5,ATSJUM226,False,-5.359,-14.338
source_5,ATSJUM226,False,0.888,-16.16
source_5,ATSJUM226,False,0.113,-14.383
source_5,ATSJUM226,False,-4.409,-15.032
source_5,ATSJUM226,False,0.951,-16.04
source_5,ATSJUM227,False,-4.09,-13.551
source_5,ATSJUM227,False,3.589,-15.809
source_5,ATSJUM227,False,0.523,-14.582
source_5,ATSJUM227,False,0.247,-16.1
source_5,ATSJUM227,False,-2.608,-15.481
source_5,ATSJUM227,False,-2.085,-15.579
source_5,ATSJUM227,False,-1.37,-15.748
source_5,ATSJUM227,False,-0.103,-16.942
source_5,ATSJUM228,False,-7.852,-16.31
source_5,ATSJUM228,False,-6.626,-17.987
source_5,ATSJUM228,False,-6.356,-17.507
source_5,ATSJUM228,False,-5.207,-18.917
source_5,ATSJUM228,False,-6.3,-16.85
source_5,ATSJUM228,False,-6.852,-17.189
source_5,ATSJUM228,False,-7.497,-16.376
source_5,ATSJUM228,False,-9.895,-14.644
source_5,ATSJUM229,False,-11.817,-14.717
source_5,ATSJUM229,False,-5.973,-18.149
source_5,ATSJUM229,False,-7.598,-17.093
source_5,ATSJUM229,False,-7.328,-15.271
source_5,ATSJUM229,False,-8.314,-17.033
source_5,ATSJUM229,False,-9.113,-15.71
source_5,ATSJUM229,False,-4.534,-17.107
source_5,ATSJUM229,False,-8.092,-16.695
source_5,ATSJUM230,False,-7.079,-16.632
source_5,ATSJUM230,False,-9.668,-16.21
source_5,ATSJUM230,False,-7.657,-17.268
source_5,ATSJUM230,False,-5.924,-16.393
source_5,ATSJUM230,False,-7.404,-16.287
source_5,ATSJUM230,False,-7.444,-16.274
source_5,ATSJUM230,False,-7.015,-17.676
source_5,ATSJUM230,False,-5.619,-18.872
source_5,ATSJUM231,False,-4.124,-17.731
source_5,ATSJUM231,False,-4.157,-17.811
source_5,ATSJUM231,False,-4.988,-17.97
source_5,ATSJUM231,False,-4.216,-17.482
source_5,ATSJUM231,False,-6.749,-16.134
source_5,ATSJUM231,False,-6.371,-17.426
source_5,ATSJUM231,False,-3.908,-18.458
source_5,ATSJUM231,False,-7.254,-17.591
source_5,ATSJUM232,False,-3.379,-16.873
source_5,ATSJUM232,False,-4.094,-14.749
source_5,ATSJUM232,False,-4.685,-16.844
source_5,ATSJUM232,False,-3.434,-16.521
source_5,ATSJUM232,False,-6.185,-15.146
source_5,ATSJUM232,False,-5.161,-16.078
source_5,ATSJUM232,False,-5.982,-15.57
source_5,ATSJUM232,False,-6.094,-15.331
source_5,ATSJUM401,False,-7.415,-14.927
source_5,ATSJUM401,False,-5.294,-15.578
source_5,ATSJUM401,False,-5.96,-16.289
source_5,ATSJUM401,False,-5.714,-15.978
source_5,ATSJUM401,False,-6.864,-16.066
source_5,ATSJUM401,False,-8.546,-16.336
source_5,ATSJUM401,False,-5.251,-15.117
source_5,ATSJUM401,False,-6.966,-15.747
source_5,ATSJUM405,False,-6.546,-16.243
source_5,ATSJUM405,False,-5.921,-16.52
source_5,ATSJUM405,False,-5.888,-16.364
source_5,ATSJUM405,False,-7.007,-16.468
source_5,ATSJUM405,False,-7.684,-16.337
source_5,ATSJUM405,False,-6.786,-15.418
source_5,ATSJUM405,False,-9.174,-14.95
source_5,ATSJUM405,False,-5.776,-16.128
source_5,ATSJUM418,False,-4.267,-13.954
source_5,ATSJUM418,False,-5.388,-13.799
source_5,ATSJUM418,False,-6.018,-14.177
source_5,ATSJUM418,False,-8.636,-13.303
source_5,ATSJUM418,False,-5.277,-13.553
source_5,ATSJUM418,False,-4.136,-14.144
source_5,ATSJUM418,False,-5.93,-13.422
source_5,ATSJUM418,False,-4.848,-14.032
source_5,ATSJUM419,False,-10.797,-15.107
source_5,ATSJUM419,False,-9.111,-12.498
source_5,ATSJUM419,False,-5.134,-13.754
source_5,ATSJUM419,False,-6.353,-13.637
source_5,ATSJUM419,False,-11.051,-12.464
source_5,ATSJUM419,False,-9.504,-14.416
source_5,ATSJUM419,False,-4.794,-14.098
source_5,ATSJUM419,False,-8.654,-13.864
source_5,ATSJUM502,False,-7.344,-11.426
source_5,ATSJUM502,False,-6.918,-13.07
source_5,ATSJUM502,False,-2.021,-16.412
source_5,ATSJUM502,False,-2.719,-14.4
source_5,ATSJUM502,False,-2.752,-14.458
source_5,ATSJUM502,False,-1.82,-15.773
source_5,ATSJUM502,False,-2.212,-14.971
source_5,ATSJUM502,False,-5.055,-15.457
source_5,ATTJUM202,False,-1.142,-18.748
source_5,ATTJUM202,False,0.193,-16.855
source_5,ATTJUM202,False,-0.543,-17.522
source_5,ATTJUM202,False,-1.008,-16.601
source_5,ATTJUM202,False,-1.022,-15.601
source_5,ATTJUM202,False,-0.344,-18.345
source_5,ATTJUM202,False,0.71,-17.373
source_5,ATTJUM202,False,-0.254,-17.558
source_5,ATTJUM203,False,0.91,-19.437
source_5,ATTJUM203,False,2.626,-18.937
source_5,ATTJUM203,False,1.038,-19.839
source_5,ATTJUM203,False,-1.759,-17.702
source_5,ATTJUM203,False,0.406,-16.923
source_5,ATTJUM203,False,-3.222,-16.822
source_5,ATTJUM203,False,-0.414,-18.106
source_5,ATTJUM203,False,1.932,-17.692
source_5,ATTJUM204,False,3.112,-17.854
source_5,ATTJUM204,False,3.506,-18.135
source_5,ATTJUM204,False,0.795,-14.845
source_5,ATTJUM204,False,2.125,-17.709
source_5,ATTJUM204,False,1.88,-17.31
source_5,ATTJUM204,False,3.192,-17.699
source_5,ATTJUM204,False,1.931,-17.398
source_5,ATTJUM204,False,3.973,-18.418
source_5,ATTJUM205,False,1.059,-18.967
source_5,ATTJUM205,False,-1.364,-15.702
source_5,ATTJUM205,False,-1.236,-17.143
source_5,ATTJUM205,False,-0.564,-16.078
source_5,ATTJUM205,False,0.078,-18.068
source_5,ATTJUM205,False,1.657,-17.113
source_5,ATTJUM205,False,1.447,-16.951
source_5,ATTJUM205,False,1.283,-17.639
source_5,ATTJUM206,False,-8.324,-12.75
source_5,ATTJUM206,False,-3.855,-17.466
source_5,ATTJUM206,False,-7.69,-14.483
source_5,ATTJUM206,False,-5.68,-15.231
source_5,ATTJUM206,False,-6.92,-14.858
source_5,ATTJUM206,False,-3.08,-17.203
source_5,ATTJUM206,False,-4.016,-16.959
source_5,ATTJUM206,False,-5.932,-15.117
source_5,ATTJUM207,False,-3.813,-17.173
source_5,ATTJUM207,False,-2.894,-16.351
source_5,ATTJUM207,False,-0.384,-17.551
source_5,ATTJUM207,False,-1.696,-17.841
source_5,ATTJUM207,False,-1.04,-17.628
source_5,ATTJUM207,False,-2.1,-17.312
source_5,ATTJUM207,False,-1.039,-17.957
source_5,ATTJUM207,False,-0.7,-17.105
source_6,110000293082,False,-30.913,-16.402
source_6,110000293082,False,-28.848,-16.061
source_6,110000293082,False,-30.371,-15.054
source_6,110000293082,False,-29.665,-15.642
source_6,110000293082,False,-32.381,-14.16
source_6,110000293082,False,-30.235,-15.396
source_6,110000293082,False,-32.752,-13.939
source_6,110000293082,False,-34.225,-14.165
source_6,110000293083,False,-29.999,-15.053
source_6,110000293083,False,-29.662,-15.215
source_6,110000293083,False,-29.502,-15.921
source_6,110000293083,False,-29.452,-15.464
source_6,110000293083,False,-31.681,-15.626
source_6,110000293083,False,-29.104,-15.972
source_6,110000293083,False,-31.451,-13.542
source_6,110000293083,False,-28.091,-14.774
source_6,110000293084,False,-26.895,-14.511
source_6,110000293084,False,-26.639,-13.011
source_6,110000293084,False,-27.452,-15.304
source_6,110000293084,False,-28.651,-16.1
source_6,110000293084,False,-26.928,-14.263
source_6,110000293084,False,-27.862,-13.348
source_6,110000293084,False,-29.364,-12.886
source_6,110000293084,False,-30.143,-13.766
source_6,110000293085,False,-28.742,-13.999
source_6,110000293085,False,-28.716,-14.58
source_6,110000293085,False,-27.801,-13.557
source_6,110000293085,False,-28.499,-13.909
source_6,110000293085,False,-27.937,-14.072
source_6,110000293085,False,-27.536,-13.381
source_6,110000293085,False,-28.968,-14.494
source_6,110000293085,False,-27.21,-15.11
source_6,110000293086,False,-29.114,-12.925
source_6,110000293086,False,-29.327,-12.445
source_6,110000293086,False,-28.452,-13.97
source_6,110000293086,False,-29.925,-12.926
source_6,110000293086,False,-29.039,-14.307
source_6,110000293086,False,-28.749,-15.411
source_6,110000293086,False,-31.165,-13.051
source_6,110000293086,False,-27.942,-13.526
source_6,110000293087,False,-27.865,-13.486
source_6,110000293087,False,-27.786,-12.236
source_6,110000293087,False,-29.188,-13.873
source_6,110000293087,False,-29.229,-13.672
source_6,110000293087,False,-27.3,-12.287
source_6,110000293087,False,-29.258,-12.677
source_6,110000293087,False,-28.641,-13.302
source_6,110000293087,False,-29.228,-12.184
source_6,110000293088,False,-30.037,-12.867
source_6,110000293088,False,-28.379,-13.679
source_6,110000293088,False,-29.49,-12.692
source_6,110000293088,False,-28.708,-12.838
source_6,110000293088,False,-30.22,-12.049
source_6,110000293088,False,-28.451,-14.175
source_6,110000293088,False,-31.239,-13.725
source_6,110000293088,False,-31.987,-13.157
source_6,110000293089,False,-29.071,-11.235
source_6,110000293089,False,-29.361,-10.293
source_6,110000293089,False,-28.191,-12.01
source_6,110000293089,False,-30.551,-12.914
source_6,110000293089,False,-30.131,-13.223
source_6,110000293089,False,-30.602,-10.973
source_6,110000293089,False,-30.092,-11.648
source_6,110000293089,False,-30.247,-12.534
source_6,110000293091,False,-30.333,-13.656
source_6,110000293091,False,-29.949,-13.168
source_6,110000293091,False,-30.001,-13.599
source_6,110000293091,False,-30.195,-12.156
source_6,110000293091,False,-30.473,-14.023
source_6,110000293091,False,-31.273,-13.196
source_6,110000293091,False,-30.39,-12.689
source_6,110000293091,False,-31.648,-14.169
source_6,110000293094,False,-28.82,-12.307
source_6,110000293094,False,-30.771,-12.675
source_6,110000293094,False,-29.333,-10.754
source_6,110000293094,False,-30.328,-12.576
source_6,110000293094,False,-32.628,-11.881
source_6,110000293094,False,-31.084,-13.831
source_6,110000293094,False,-32.704,-12.633
source_6,110000293094,False,-31.742,-12.309
source_6,110000293095,False,-31.519,-9.849
source_6,110000293095,False,-29.934,-10.524
source_6,110000293095,False,-29.105,-12.792
source_6,110000293095,False,-31.022,-11.779
source_6,110000293095,False,-31.427,-12.188
source_6,110000293095,False,-32.247,-11.84
source_6,110000293095,False,-32.694,-10.372
source_6,110000293095,False,-31.302,-10.837
source_6,110000293096,False,-28.298,-12.568
source_6,110000293096,False,-28.478,-12.109
source_6,110000293096,False,-30.761,-12.52
source_6,110000293096,False,-29.043,-12.685
source_6,110000293096,False,-29.92,-12.636
source_6,110000293096,False,-37.544,-7.416
source_6,110000293096,False,-27.402,-13.088
source_6,110000293096,False,-31.281,-12.426
source_6,110000293097,False,-29.513,-11.971
source_6,110000293097,False,-29.755,-11.331
source_6,110000293097,False,-29.519,-12.568
source_6,110000293097,False,-29.821,-12.218
source_6,110000293097,False,-28.981,-11.585
source_6,110000293097,False,-28.102,-10.364
source_6,110000293097,False,-30.067,-10.894
source_6,110000293097,False,-30.014,-10.017
source_6,110000293098,False,-28.06,-11.134
source_6,110000293098,False,-28.469,-10.995
source_6,110000293098,False,-29.507,-11.241
source_6,110000293098,False,-28.851,-11.903
source_6,110000293098,False,-30.963,-11.72
source_6,110000293098,False,-29.429,-11.561
source_6,110000293098,False,-29.242,-10.7
source_6,110000293098,False,-32.19,-10.777
source_6,110000293236,False,-27.702,-10.541
source_6,110000293236,False,-27.007,-11.932
source_6,110000293236,False,-27.916,-12.763
source_6,110000293236,False,-28.327,-10.835
source_6,110000293236,False,-27.378,-11.599
source_6,110000293236,False,-28.699,-11.493
source_6,110000293236,False,-28.155,-11.085
source_6,110000293236,False,-30.494,-9.795
source_6,110000293237,False,-29.945,-7.627
source_6,110000293237,False,-30.408,-9.484
source_6,110000293237,False,-27.724,-10.232
source_6,110000293237,False,-28.164,-11.468
source_6,110000293237,False,-29.036,-12.784
source_6,110000293237,False,-30.832,-11.625
source_6,110000293237,False,-30.544,-11.343
source_6,110000293237,False,-33.372,-9.791
source_6,110000293238,False,-31.33,-12.082
source_6,110000293238,False,-30.953,-12.622
source_6,110000293238,False,-30.427,-13.795
source_6,110000293238,False,-33.086,-14.551
source_6,110000293238,False,-30.509,-11.616
source_6,110000293238,False,-30.913,-13.505
source_6,110000293238,False,-30.588,-11.453
source_6,110000293238,False,-32.279,-12.151
source_6,110000294882,False,-25.345,-11.733
source_6,110000294882,False,-27.295,-11.683
source_6,110000294882,False,-25.648,-10.181
source_6,110000294882,False,-25.719,-10.727
source_6,110000294882,False,-26.49,-12.872
source_6,110000294882,False,-26.516,-10.936
source_6,110000294882,False,-29.945,-9.93
source_6,110000294882,False,-29.366,-10.987
source_6,110000294883,False,-26.357,-9.964
source_6,110000294883,False,-25.023,-9.472
source_6,110000294883,False,-24.604,-10.312
source_6,110000294883,False,-26.952,-10.232
source_6,110000294883,False,-23.765,-11.751
source_6,110000294883,False,-26.176,-9.716
source_6,110000294883,False,-27.942,-10.123
source_6,110000294883,False,-26.362,-9.484
source_6,110000294884,False,-28.713,-9.11
source_6,110000294884,False,-29.62,-9.56
source_6,110000294884,False,-32.482,-3.139
source_6,110000294884,False,-26.815,-11.275
source_6,110000294884,False,-27.096,-10.408
source_6,110000294884,False,-27.989,-9.87
source_6,110000294884,False,-26.77,-10.222
source_6,110000294884,False,-26.362,-10.27
source_6,110000294885,False,-29.094,-8.049
source_6,110000294885,False,-28.392,-8.916
source_6,110000294885,False,-28.492,-9.85
source_6,110000294885,False,-26.614,-10.56
source_6,110000294885,False,-26.585,-9.842
source_6,110000294885,False,-27.066,-10.94
source_6,110000294885,False,-27.986,-9.15
source_6,110000294885,False,-33.375,-7.489
source_6,110000294886,False,-26.555,-10.377
source_6,110000294886,False,-26.837,-8.371
source_6,110000294886,False,-28.666,-10.794
source_6,110000294886,False,-27.582,-9.527
source_6,110000294886,False,-25.734,-9.681
source_6,110000294886,False,-27.028,-10.419
source_6,110000294886,False,-26.102,-8.929
source_6,110000294886,False,-27.722,-10.328
source_6,110000294887,False,-28.908,-9.149
source_6,110000294887,False,-26.623,-10.948
source_6,110000294887,False,-27.463,-10.94
source_6,110000294887,False,-27.898,-10.132
source_6,110000294887,False,-28.449,-11.009
source_6,110000294887,False,-26.742,-11.744
source_6,110000294887,False,-28.823,-9.502
source_6,110000294887,False,-29.362,-7.977
source_6,110000294888,False,-27.693,-9.216
source_6,110000294888,False,-26.97,-7.857
source_6,110000294888,False,-28.51,-10.37
source_6,110000294888,False,-26.174,-9.268
source_6,110000294888,False,-27.312,-10.118
source_6,110000294888,False,-28.833,-10.766
source_6,110000294888,False,-27.971,-11.212
source_6,110000294888,False,-28.383,-9.956
source_6,110000294889,False,-26.731,-8.171
source_6,110000294889,False,-27.329,-9.865
source_6,110000294889,False,-26.031,-8.97
source_6,110000294889,False,-27.871,-8.931
source_6,110000294889,False,-26.347,-9.828
source_6,110000294889,False,-26.967,-11.027
source_6,110000294889,False,-26.347,-8.027
source_6,110000294889,False,-25.447,-8.949
source_6,110000294890,False,-25.12,-9.229
source_6,110000294890,False,-25.884,-10.543
source_6,110000294890,False,-22.76,-10.113
source_6,110000294890,False,-24.087,-11.216
source_6,110000294890,False,-25.108,-9.719
source_6,110000294890,False,-24.43,-11.36
source_6,110000294890,False,-25.554,-11.904
source_6,110000294890,False,-24.983,-10.449
source_6,110000294891,False,-25.475,-8.706
source_6,110000294891,False,-26.028,-9.243
source_6,110000294891,False,-26.105,-10.048
source_6,110000294891,False,-25.783,-8.215
source_6,110000294891,False,-26.164,-10.4
source_6,110000294891,False,-26.145,-9.38
source_6,110000294891,False,-24.978,-8.987
source_6,110000294891,False,-31.839,-8.192
source_6,110000294892,False,-25.773,-7.803
source_6,110000294892,False,-26.337,-8.769
source_6,110000294892,False,-26.455,-8.456
source_6,110000294892,False,-26.597,-10.636
source_6,110000294892,False,-25.466,-9.464
source_6,110000294892,False,-25.97,-9.25
source_6,110000294892,False,-26.542,-11.141
source_6,110000294892,False,-25.719,-8.278
source_6,110000294893,False,-25.574,-10.015
source_6,110000294893,False,-25.372,-10.539
source_6,110000294893,False,-23.499,-8.776
source_6,110000294893,False,-31.374,-6.921
source_6,110000294893,False,-26.142,-10.364
source_6,110000294893,False,-25.694,-9.617
source_6,110000294893,False,-25.568,-8.722
source_6,110000294893,False,-25.187,-9.325
source_6,110000294899,False,-30.46,-12.798
source_6,110000294899,False,-30.128,-13.807
source_6,110000294899,False,-29.043,-16.152
source_6,110000294899,False,-31.084,-15.448
source_6,110000294899,False,-29.94,-14.724
source_6,110000294899,False,-29.795,-16.828
source_6,110000294899,False,-30.302,-16.66
source_6,110000294899,False,-30.791,-13.268
source_6,110000294902,False,-27.636,-12.858
source_6,110000294902,False,-26.804,-12.37
source_6,110000294902,False,-28.067,-14.453
source_6,110000294902,False,-26.487,-14.024
source_6,110000294902,False,-25.719,-13.837
source_6,110000294902,False,-26.393,-13.092
source_6,110000294902,False,-27.808,-13.711
source_6,110000294902,False,-29.014,-12.462
source_6,110000294903,False,-26.48,-11.423
source_6,110000294903,False,-26.787,-11.789
source_6,110000294903,False,-26.325,-12.766
source_6,110000294903,False,-28.027,-12.23
source_6,110000294903,False,-27.896,-12.603
source_6,110000294903,False,-25.976,-12.845
source_6,110000294903,False,-26.854,-13.742
source_6,110000294903,False,-26.96,-13.564
source_6,110000294904,False,-26.093,-11.13
source_6,110000294904,False,-26.26,-10.718
source_6,110000294904,False,-29.248,-11.178
source_6,110000294904,False,-26.27,-12.006
source_6,110000294904,False,-28.238,-11.303
source_6,110000294904,False,-28.048,-12.34
source_6,110000294904,False,-27.423,-10.916
source_6,110000294904,False,-30.516,-10.127
source_6,110000294905,False,-27.772,-9.95
source_6,110000294905,False,-28.241,-8.861
source_6,110000294905,False,-26.676,-11.107
source_6,110000294905,False,-28.799,-10.628
source_6,110000294905,False,-25.483,-12.998
source_6,110000294905,False,-25.92,-11.635
source_6,110000294905,False,-27.413,-10.4
source_6,110000294905,False,-27.862,-12.187
source_6,110000294906,False,-28.601,-10.693
source_6,110000294906,False,-26.459,-10.656
source_6,110000294906,False,-27.649,-10.244
source_6,110000294906,False,-27.948,-10.735
source_6,110000294906,False,-27.284,-11.263
source_6,110000294906,False,-27.687,-12.161
source_6,110000294906,False,-26.706,-13.26
source_6,110000294906,False,-29.436,-10.929
source_6,110000294907,False,-26.944,-9.64
source_6,110000294907,False,-26.575,-11.047
source_6,110000294907,False,-28.281,-11.165
source_6,110000294907,False,-26.512,-10.952
source_6,110000294907,False,-28.678,-10.509
source_6,110000294907,False,-25.98,-12.475
source_6,110000294907,False,-27.228,-10.448
source_6,110000294907,False,-27.292,-10.679
source_6,110000294908,False,-27.363,-11.018
source_6,110000294908,False,-27.716,-11.886
source_6,110000294908,False,-27.908,-10.9
source_6,110000294908,False,-26.735,-10.572
source_6,110000294908,False,-25.958,-11.915
source_6,110000294908,False,-27.919,-10.391
source_6,110000294908,False,-25.708,-10.716
source_6,110000294908,False,-25.214,-11.842
source_6,110000294909,False,-26.963,-9.652
source_6,110000294909,False,-26.338,-12.191
source_6,110000294909,False,-27.961,-12.123
source_6,110000294909,False,-28.569,-10.544
source_6,110000294909,False,-29.644,-11.762
source_6,110000294909,False,-28.185,-11.252
source_6,110000294909,False,-27.409,-10.075
source_6,110000294909,False,-25.79,-11.343
source_6,110000294938,False,-23.29,-16.204
source_6,110000294938,False,-23.057,-16.251
source_6,110000294938,False,-24.007,-15.789
source_6,110000294938,False,-23.577,-14.283
source_6,110000294938,False,-23.914,-15.086
source_6,110000294938,False,-25.404,-15.033
source_6,110000294938,False,-25.243,-15.208
source_6,110000294938,False,-26.189,-14.67
source_6,110000295491,False,-28.759,-6.847
source_6,110000295491,False,-28.017,-10.141
source_6,110000295491,False,-28.801,-9.511
source_6,110000295491,False,-28.037,-8.768
source_6,110000295491,False,-30.645,-9.048
source_6,110000295491,False,-30.108,-8.193
source_6,110000295491,False,-29.42,-10.102
source_6,110000295491,False,-33.126,-8.372
source_6,110000295492,False,-27.998,-8.331
source_6,110000295492,False,-27.645,-9.282
source_6,110000295492,False,-28.183,-9.522
source_6,110000295492,False,-27.055,-10.58
source_6,110000295492,False,-28.749,-8.871
source_6,110000295492,False,-28.544,-8.498
source_6,110000295492,False,-29.804,-8.207
source_6,110000295492,False,-30.429,-8.264
source_6,110000295493,False,-28.535,-8.247
source_6,110000295493,False,-28.313,-10.103
source_6,110000295493,False,-28.415,-9.686
source_6,110000295493,False,-29.207,-9.062
source_6,110000295493,False,-29.959,-9.194
source_6,110000295493,False,-27.923,-9.497
source_6,110000295493,False,-28.084,-10.611
source_6,110000295493,False,-29.123,-10.324
source_6,110000295494,False,-26.06,-8.829
source_6,110000295494,False,-27.278,-10.89
source_6,110000295494,False,-27.909,-9.595
source_6,110000295494,False,-27.896,-9.851
source_6,110000295494,False,-29.004,-10.248
source_6,110000295494,False,-27.017,-9.6
source_6,110000295494,False,-30.045,-9.701
source_6,110000295494,False,-29.249,-9.311
source_6,110000295495,False,-27.877,-10.402
source_6,110000295495,False,-28.051,-9.063
source_6,110000295495,False,-28.449,-9.084
source_6,110000295495,False,-27.0,-10.131
source_6,110000295495,False,-28.637,-9.493
source_6,110000295495,False,-29.159,-9.256
source_6,110000295495,False,-30.129,-9.011
source_6,110000295495,False,-28.938,-9.183
source_6,110000295496,False,-28.804,-7.02
source_6,110000295496,False,-28.924,-7.467
source_6,110000295496,False,-30.025,-7.69
source_6,110000295496,False,-32.119,-6.989
source_6,110000295496,False,-28.341,-7.857
source_6,110000295496,False,-29.686,-7.214
source_6,110000295496,False,-31.707,-8.53
source_6,110000295496,False,-32.602,-7.006
source_6,110000295497,False,-29.1,-5.513
source_6,110000295497,False,-28.237,-8.116
source_6,110000295497,False,-29.011,-7.232
source_6,110000295497,False,-30.891,-8.858
source_6,110000295497,False,-30.68,-6.778
source_6,110000295497,False,-30.496,-7.566
source_6,110000295497,False,-32.76,-6.489
source_6,110000295497,False,-33.345,-5.964
source_6,110000295498,False,-31.738,-6.303
source_6,110000295498,False,-30.088,-6.423
source_6,110000295498,False,-32.545,-6.987
source_6,110000295498,False,-33.059,-6.744
source_6,110000295498,False,-32.908,-7.071
source_6,110000295498,False,-33.131,-6.695
source_6,110000295498,False,-31.312,-6.961
source_6,110000295498,False,-33.059,-5.422
source_6,110000295503,False,-24.877,-6.579
source_6,110000295503,False,-26.98,-11.183
source_6,110000295503,False,-26.139,-9.294
source_6,110000295503,False,-29.206,-9.456
source_6,110000295503,False,-26.721,-8.51
source_6,110000295503,False,-28.049,-9.839
source_6,110000295503,False,-27.672,-8.869
source_6,110000295503,False,-29.139,-8.07
source_6,110000295504,False,-25.451,-7.057
source_6,110000295504,False,-25.633,-8.28
source_6,110000295504,False,-24.995,-10.123
source_6,110000295504,False,-26.212,-9.691
source_6,110000295504,False,-25.429,-10.588
source_6,110000295504,False,-25.918,-9.723
source_6,110000295504,False,-27.584,-9.817
source_6,110000295504,False,-27.062,-10.169
source_6,110000295505,False,-25.604,-9.257
source_6,110000295505,False,-31.383,-7.312
source_6,110000295505,False,-27.072,-9.41
source_6,110000295505,False,-27.545,-10.813
source_6,110000295505,False,-25.232,-9.797
source_6,110000295505,False,-25.179,-11.761
source_6,110000295505,False,-28.035,-9.985
source_6,110000295505,False,-28.509,-10.469
source_6,110000295506,False,-23.201,-9.959
source_6,110000295506,False,-25.609,-11.497
source_6,110000295506,False,-25.202,-12.184
source_6,110000295506,False,-23.695,-12.806
source_6,110000295506,False,-26.377,-10.921
source_6,110000295506,False,-24.818,-12.629
source_6,110000295506,False,-25.181,-10.74
source_6,110000295506,False,-29.082,-11.443
source_6,110000295507,False,-26.884,-11.079
source_6,110000295507,False,-26.038,-9.851
source_6,110000295507,False,-27.383,-11.802
source_6,110000295507,False,-26.528,-11.945
source_6,110000295507,False,-28.01,-11.501
source_6,110000295507,False,-28.564,-10.584
source_6,110000295507,False,-28.51,-9.995
source_6,110000295507,False,-28.587,-10.919
source_6,110000295508,False,-27.716,-11.018
source_6,110000295508,False,-26.676,-10.238
source_6,110000295508,False,-28.271,-11.164
source_6,110000295508,False,-28.385,-12.159
source_6,110000295508,False,-27.626,-13.508
source_6,110000295508,False,-27.622,-10.717
source_6,110000295508,False,-27.42,-10.58
source_6,110000295508,False,-29.44,-10.922
source_6,110000295509,False,-27.865,-11.673
source_6,110000295509,False,-28.228,-11.66
source_6,110000295509,False,-29.554,-12.227
source_6,110000295509,False,-26.993,-12.874
source_6,110000295509,False,-26.391,-9.894
source_6,110000295509,False,-26.869,-13.167
source_6,110000295509,False,-29.463,-11.141
source_6,110000295509,False,-28.64,-12.801
source_6,110000295510,False,-24.807,-13.118
source_6,110000295510,False,-24.928,-11.685
source_6,110000295510,False,-25.242,-13.753
source_6,110000295510,False,-26.294,-12.888
source_6,110000295510,False,-23.969,-14.408
source_6,110000295510,False,-26.15,-12.758
source_6,110000295510,False,-27.529,-11.669
source_6,110000295510,False,-26.233,-12.68
source_6,110000295516,False,-31.94,-7.566
source_6,110000295516,False,-29.927,-8.311
source_6,110000295516,False,-32.243,-9.084
source_6,110000295516,False,-31.51,-7.479
source_6,110000295516,False,-30.13,-7.865
source_6,110000295516,False,-30.308,-8.301
source_6,110000295516,False,-33.381,-7.61
source_6,110000295516,False,-33.005,-7.212
source_6,110000295539,False,-26.27,-9.418
source_6,110000295539,False,-24.97,-8.798
source_6,110000295539,False,-25.763,-9.812
source_6,110000295539,False,-25.729,-9.179
source_6,110000295539,False,-25.767,-11.072
source_6,110000295539,False,-26.278,-9.531
source_6,110000295539,False,-27.157,-9.632
source_6,110000295539,False,-26.368,-9.587
source_6,110000295542,False,-25.667,-7.43
source_6,110000295542,False,-24.719,-8.572
source_6,110000295542,False,-24.453,-9.295
source_6,110000295542,False,-25.032,-8.468
source_6,110000295542,False,-25.781,-10.008
source_6,110000295542,False,-24.453,-10.978
source_6,110000295542,False,-24.056,-8.05
source_6,110000295542,False,-30.507,-6.797
source_6,110000295543,False,-24.63,-7.529
source_6,110000295543,False,-25.818,-8.324
source_6,110000295543,False,-24.139,-6.798
source_6,110000295543,False,-25.755,-7.411
source_6,110000295543,False,-24.046,-7.465
source_6,110000295543,False,-25.978,-9.77
source_6,110000295543,False,-24.163,-7.576
source_6,110000295543,False,-28.312,-7.817
source_6,110000295544,False,-25.327,-8.387
source_6,110000295544,False,-24.333,-7.57
source_6,110000295544,False,-23.463,-9.818
source_6,110000295544,False,-23.324,-10.863
source_6,110000295544,False,-23.837,-9.447
source_6,110000295544,False,-22.813,-10.745
source_6,110000295544,False,-26.142,-9.652
source_6,110000295544,False,-26.606,-9.732
source_6,110000295545,False,-27.193,-9.188
source_6,110000295545,False,-27.786,-8.032
source_6,110000295545,False,-25.805,-8.596
source_6,110000295545,False,-25.464,-9.283
source_6,110000295545,False,-26.18,-7.964
source_6,110000295545,False,-24.862,-9.263
source_6,110000295545,False,-24.752,-8.326
source_6,110000295545,False,-27.053,-8.298
source_6,110000295559,False,-29.68,-7.155
source_6,110000295559,False,-30.665,-8.012
source_6,110000295559,False,-29.04,-7.713
source_6,110000295559,False,-28.052,-8.164
source_6,110000295559,False,-28.37,-8.019
source_6,110000295559,False,-28.904,-7.078
source_6,110000295559,False,-26.313,-5.872
source_6,110000295559,False,-27.393,-5.823
source_6,110000295562,False,-29.652,-9.097
source_6,110000295562,False,-28.133,-9.395
source_6,110000295562,False,-28.934,-9.154
source_6,110000295562,False,-31.652,-10.209
source_6,110000295562,False,-28.469,-10.34
source_6,110000295562,False,-28.192,-9.969
source_6,110000295562,False,-32.25,-8.912
source_6,110000295562,False,-29.822,-10.088
source_6,110000295563,False,-29.419,-10.424
source_6,110000295563,False,-30.189,-9.504
source_6,110000295563,False,-30.988,-10.709
source_6,110000295563,False,-30.0,-11.086
source_6,110000295563,False,-30.418,-10.467
source_6,110000295563,False,-27.634,-10.443
source_6,110000295563,False,-30.554,-11.257
source_6,110000295563,False,-31.685,-10.559
source_6,110000295564,False,-28.457,-8.534
source_6,110000295564,False,-30.181,-8.375
source_6,110000295564,False,-29.262,-7.893
source_6,110000295564,False,-29.386,-8.799
source_6,110000295564,False,-28.869,-10.148
source_6,110000295564,False,-30.915,-9.53
source_6,110000295564,False,-30.878,-9.789
source_6,110000295564,False,-30.151,-9.896
source_6,110000295565,False,-29.721,-7.846
source_6,110000295565,False,-29.314,-9.506
source_6,110000295565,False,-29.784,-8.6
source_6,110000295565,False,-30.794,-8.651
source_6,110000295565,False,-30.593,-8.218
source_6,110000295565,False,-30.414,-9.512
source_6,110000295565,False,-30.926,-8.303
source_6,110000295565,False,-30.981,-6.984
source_6,110000295566,False,-30.564,-7.648
source_6,110000295566,False,-29.872,-11.28
source_6,110000295566,False,-29.444,-10.443
source_6,110000295566,False,-31.212,-10.102
source_6,110000295566,False,-31.961,-9.929
source_6,110000295566,False,-31.36,-8.907
source_6,110000295566,False,-30.885,-6.226
source_6,110000295566,False,-36.997,-4.243
source_6,110000295567,False,-30.739,-8.992
source_6,110000295567,False,-28.607,-8.707
source_6,110000295567,False,-30.165,-10.576
source_6,110000295567,False,-30.188,-11.09
source_6,110000295567,False,-30.012,-8.816
source_6,110000295567,False,-28.848,-11.361
source_6,110000295567,False,-29.717,-9.919
source_6,110000295567,False,-30.398,-9.133
source_6,110000295568,False,-30.43,-8.324
source_6,110000295568,False,-29.51,-8.96
source_6,110000295568,False,-31.386,-8.783
source_6,110000295568,False,-31.26,-10.659
source_6,110000295568,False,-30.733,-9.933
source_6,110000295568,False,-31.193,-9.458
source_6,110000295568,False,-29.679,-10.556
source_6,110000295568,False,-29.736,-8.736
source_6,110000295569,False,-29.583,-8.933
source_6,110000295569,False,-27.071,-6.647
source_6,110000295569,False,-29.332,-5.618
source_6,110000295569,False,-29.368,-7.041
source_6,110000295569,False,-29.027,-7.089
source_6,110000295569,False,-29.495,-10.821
source_6,110000295569,False,-30.309,-7.394
source_6,110000295569,False,-30.236,-7.958
source_6,110000295570,False,-27.203,-8.394
source_6,110000295570,False,-28.36,-8.173
source_6,110000295570,False,-28.006,-10.089
source_6,110000295570,False,-26.791,-9.201
source_6,110000295570,False,-27.661,-9.439
source_6,110000295570,False,-27.2,-8.808
source_6,110000295570,False,-26.347,-8.988
source_6,110000295570,False,-25.461,-9.355
source_6,110000295571,False,-27.398,-7.721
source_6,110000295571,False,-29.878,-6.212
source_6,110000295571,False,-30.337,-8.667
source_6,110000295571,False,-29.396,-7.346
source_6,110000295571,False,-28.932,-9.059
source_6,110000295571,False,-28.208,-9.608
source_6,110000295571,False,-27.695,-7.855
source_6,110000295571,False,-28.409,-7.7
source_6,110000295572,False,-25.473,-8.638
source_6,110000295572,False,-29.291,-9.644
source_6,110000295572,False,-26.669,-10.787
source_6,110000295572,False,-29.38,-8.691
source_6,110000295572,False,-25.404,-11.138
source_6,110000295572,False,-35.586,-6.993
source_6,110000295572,False,-33.117,-6.509
source_6,110000295572,False,-28.166,-9.66
source_6,110000295573,False,-27.346,-7.444
source_6,110000295573,False,-28.08,-11.17
source_6,110000295573,False,-27.267,-9.608
source_6,110000295573,False,-28.265,-8.424
source_6,110000295573,False,-28.408,-8.148
source_6,110000295573,False,-29.575,-9.507
source_6,110000295573,False,-28.217,-8.077
source_6,110000295573,False,-30.019,-9.16
source_6,110000295575,False,-29.858,-6.999
source_6,110000295575,False,-29.922,-7.673
source_6,110000295575,False,-29.674,-7.397
source_6,110000295575,False,-30.374,-6.676
source_6,110000295575,False,-27.942,-8.735
source_6,110000295575,False,-29.284,-10.315
source_6,110000295575,False,-31.158,-8.084
source_6,110000295575,False,-29.48,-8.871
source_6,110000295576,False,-27.025,-7.9
source_6,110000295576,False,-28.851,-7.367
source_6,110000295576,False,-32.046,-6.341
source_6,110000295576,False,-29.219,-9.314
source_6,110000295576,False,-26.816,-9.042
source_6,110000295576,False,-27.483,-9.939
source_6,110000295576,False,-28.977,-7.756
source_6,110000295576,False,-30.381,-9.814
source_6,110000295577,False,-27.301,-6.475
source_6,110000295577,False,-28.162,-7.795
source_6,110000295577,False,-26.675,-8.018
source_6,110000295577,False,-28.459,-7.87
source_6,110000295577,False,-29.417,-8.023
source_6,110000295577,False,-28.099,-7.869
source_6,110000295577,False,-29.489,-7.81
source_6,110000295577,False,-28.941,-8.359
source_6,110000295578,False,-30.045,-5.416
source_6,110000295578,False,-31.954,-6.391
source_6,110000295578,False,-29.941,-8.485
source_6,110000295578,False,-30.236,-8.276
source_6,110000295578,False,-31.985,-8.32
source_6,110000295578,False,-29.09,-9.686
source_6,110000295578,False,-33.407,-10.182
source_6,110000295578,False,-32.729,-7.43
source_6,110000295599,False,-27.897,-15.077
source_6,110000295599,False,-31.592,-14.759
source_6,110000295599,False,-31.685,-13.001
source_6,110000295599,False,-29.818,-14.212
source_6,110000295599,False,-29.626,-14.432
source_6,110000295599,False,-29.501,-12.483
source_6,110000295599,False,-32.143,-13.79
source_6,110000295599,False,-31.204,-13.377
source_6,110000295602,False,-32.216,-13.265
source_6,110000295602,False,-32.23,-11.757
source_6,110000295602,False,-32.859,-11.894
source_6,110000295602,False,-33.493,-11.551
source_6,110000295602,False,-31.6,-13.692
source_6,110000295602,False,-32.414,-12.479
source_6,110000295602,False,-30.866,-13.372
source_6,110000295602,False,-35.294,-10.763
source_6,110000295603,False,-27.874,-13.274
source_6,110000295603,False,-29.125,-13.881
source_6,110000295603,False,-27.778,-12.295
source_6,110000295603,False,-27.643,-13.398
source_6,110000295603,False,-29.994,-12.662
source_6,110000295603,False,-29.499,-12.715
source_6,110000295603,False,-27.638,-13.119
source_6,110000295603,False,-29.399,-11.871
source_6,110000295604,False,-27.717,-13.56
source_6,110000295604,False,-29.715,-10.615
source_6,110000295604,False,-28.25,-11.412
source_6,110000295604,False,-28.884,-12.443
source_6,110000295604,False,-28.939,-11.48
source_6,110000295604,False,-30.585,-11.534
source_6,110000295604,False,-30.266,-11.358
source_6,110000295604,False,-29.768,-11.02
source_6,110000295605,False,-28.197,-10.503
source_6,110000295605,False,-29.108,-10.276
source_6,110000295605,False,-28.99,-11.994
source_6,110000295605,False,-30.707,-11.083
source_6,110000295605,False,-30.593,-12.229
source_6,110000295605,False,-29.65,-11.439
source_6,110000295605,False,-30.12,-11.187
source_6,110000295605,False,-31.492,-11.712
source_6,110000295606,False,-28.266,-9.167
source_6,110000295606,False,-29.406,-11.158
source_6,110000295606,False,-29.323,-11.178
source_6,110000295606,False,-28.752,-11.521
source_6,110000295606,False,-29.242,-12.51
source_6,110000295606,False,-30.577,-10.995
source_6,110000295606,False,-29.84,-11.683
source_6,110000295606,False,-28.043,-12.121
source_6,110000295607,False,-30.95,-9.837
source_6,110000295607,False,-28.21,-13.286
source_6,110000295607,False,-29.956,-10.761
source_6,110000295607,False,-29.394,-10.732
source_6,110000295607,False,-29.206,-12.089
source_6,110000295607,False,-30.475,-10.626
source_6,110000295607,False,-30.465,-10.803
source_6,110000295607,False,-32.975,-9.427
source_6,110000295608,False,-28.047,-10.659
source_6,110000295608,False,-31.055,-11.466
source_6,110000295608,False,-31.279,-12.596
source_6,110000295608,False,-28.82,-11.494
source_6,110000295608,False,-29.947,-12.437
source_6,110000295608,False,-30.573,-11.058
source_6,110000295608,False,-31.323,-11.443
source_6,110000295608,False,-32.118,-10.59
source_6,110000295609,False,-27.094,-9.959
source_6,110000295609,False,-26.848,-10.771
source_6,110000295609,False,-26.836,-12.084
source_6,110000295609,False,-29.655,-11.634
source_6,110000295609,False,-28.384,-12.036
source_6,110000295609,False,-28.578,-10.788
source_6,110000295609,False,-28.58,-11.556
source_6,110000295609,False,-28.07,-10.33
source_6,110000295610,False,-28.542,-9.928
source_6,110000295610,False,-29.078,-10.223
source_6,110000295610,False,-28.006,-10.889
source_6,110000295610,False,-28.937,-11.505
source_6,110000295610,False,-29.206,-12.117
source_6,110000295610,False,-28.442,-11.134
source_6,110000295610,False,-29.055,-12.041
source_6,110000295610,False,-29.476,-10.183
source_6,110000295611,False,-28.514,-10.053
source_6,110000295611,False,-27.753,-11.637
source_6,110000295611,False,-28.516,-11.692
source_6,110000295611,False,-27.409,-12.249
source_6,110000295611,False,-27.501,-10.045
source_6,110000295611,False,-28.382,-11.489
source_6,110000295611,False,-28.458,-10.563
source_6,110000295611,False,-27.266,-10.69
source_6,110000295612,False,-28.46,-8.193
source_6,110000295612,False,-29.974,-10.721
source_6,110000295612,False,-27.588,-10.186
source_6,110000295612,False,-30.575,-10.101
source_6,110000295612,False,-28.949,-12.455
source_6,110000295612,False,-30.531,-10.009
source_6,110000295612,False,-29.368,-10.897
source_6,110000295612,False,-29.264,-9.576
source_6,110000295613,False,-28.29,-11.615
source_6,110000295613,False,-28.682,-11.106
source_6,110000295613,False,-30.566,-12.68
source_6,110000295613,False,-28.673,-11.847
source_6,110000295613,False,-28.49,-11.679
source_6,110000295613,False,-29.963,-10.828
source_6,110000295613,False,-30.352,-11.268
source_6,110000295613,False,-30.831,-9.494
source_6,110000295615,False,-27.89,-10.71
source_6,110000295615,False,-29.017,-9.56
source_6,110000295615,False,-29.031,-9.567
source_6,110000295615,False,-27.72,-10.159
source_6,110000295615,False,-30.119,-10.34
source_6,110000295615,False,-31.292,-10.073
source_6,110000295615,False,-26.186,-12.818
source_6,110000295615,False,-29.086,-8.601
source_6,110000295616,False,-30.063,-7.299
source_6,110000295616,False,-28.526,-8.427
source_6,110000295616,False,-31.026,-10.455
source_6,110000295616,False,-27.026,-10.716
source_6,110000295616,False,-26.033,-9.546
source_6,110000295616,False,-29.721,-10.859
source_6,110000295616,False,-26.634,-11.758
source_6,110000295616,False,-26.957,-10.315
source_6,110000295617,False,-26.622,-13.22
source_6,110000295617,False,-29.657,-9.145
source_6,110000295617,False,-29.367,-10.863
source_6,110000295617,False,-31.109,-10.215
source_6,110000295617,False,-31.701,-10.602
source_6,110000295617,False,-31.479,-11.238
source_6,110000295617,False,-29.01,-10.238
source_6,110000295617,False,-29.577,-7.914
source_6,110000295618,False,-30.706,-9.329
source_6,110000295618,False,-31.341,-9.635
source_6,110000295618,False,-30.602,-9.867
source_6,110000295618,False,-30.453,-10.371
source_6,110000295618,False,-32.332,-11.338
source_6,110000295618,False,-33.081,-8.976
source_6,110000295618,False,-31.388,-9.25
source_6,110000295618,False,-30.77,-10.194
source_6,110000295619,False,-27.843,-9.023
source_6,110000295619,False,-29.265,-9.715
source_6,110000295619,False,-29.057,-10.57
source_6,110000295619,False,-29.155,-8.967
source_6,110000295619,False,-30.263,-11.289
source_6,110000295619,False,-32.456,-9.678
source_6,110000295619,False,-30.867,-8.709
source_6,110000295619,False,-30.502,-9.147
source_6,110000295620,False,-29.172,-10.205
source_6,110000295620,False,-30.581,-9.06
source_6,110000295620,False,-28.997,-8.936
source_6,110000295620,False,-31.624,-10.778
source_6,110000295620,False,-29.779,-9.845
source_6,110000295620,False,-30.605,-9.224
source_6,110000295620,False,-30.509,-9.073
source_6,110000295620,False,-29.282,-6.896
source_6,110000295621,False,-26.646,-10.005
source_6,110000295621,False,-28.952,-8.998
source_6,110000295621,False,-31.748,-9.274
source_6,110000295621,False,-29.869,-9.994
source_6,110000295621,False,-31.612,-9.334
source_6,110000295621,False,-30.539,-8.999
source_6,110000295621,False,-30.744,-8.193
source_6,110000295621,False,-31.264,-8.442
source_6,110000295622,False,-31.558,-8.923
source_6,110000295622,False,-31.088,-9.131
source_6,110000295622,False,-30.131,-11.561
source_6,110000295622,False,-32.435,-10.729
source_6,110000295622,False,-30.429,-9.6
source_6,110000295622,False,-32.773,-9.822
source_6,110000295622,False,-33.359,-8.88
source_6,110000295622,False,-35.362,-9.168
source_6,110000295624,False,-28.967,-8.862
source_6,110000295624,False,-30.419,-7.745
source_6,110000295624,False,-31.851,-9.713
source_6,110000295624,False,-30.638,-9.334
source_6,110000295624,False,-30.923,-11.741
source_6,110000295624,False,-31.106,-9.601
source_6,110000295624,False,-33.806,-7.378
source_6,110000295624,False,-31.309,-7.164
source_6,110000295625,False,-29.884,-6.273
source_6,110000295625,False,-30.002,-7.342
source_6,110000295625,False,-30.834,-8.08
source_6,110000295625,False,-32.19,-8.783
source_6,110000295625,False,-31.908,-9.063
source_6,110000295625,False,-33.547,-9.456
source_6,110000295625,False,-33.138,-9.445
source_6,110000295625,False,-32.218,-7.876
source_6,110000295626,False,-30.204,-9.572
source_6,110000295626,False,-31.823,-8.845
source_6,110000295626,False,-31.56,-8.961
source_6,110000295626,False,-29.767,-10.462
source_6,110000295626,False,-29.82,-9.536
source_6,110000295626,False,-32.158,-7.78
source_6,110000295626,False,-30.609,-9.092
source_6,110000295626,False,-31.492,-8.752
source_6,110000295629,False,-31.42,-6.116
source_6,110000295629,False,-31.055,-8.239
source_6,110000295629,False,-32.644,-7.876
source_6,110000295629,False,-29.515,-9.928
source_6,110000295629,False,-34.177,-8.694
source_6,110000295629,False,-30.099,-6.777
source_6,110000295629,False,-29.816,-9.582
source_6,110000295629,False,-32.567,-8.955
source_6,110000296159,False,-33.727,-15.875
source_6,110000296159,False,-31.925,-15.871
source_6,110000296159,False,-34.247,-13.073
source_6,110000296159,False,-33.683,-15.08
source_6,110000296159,False,-32.014,-15.272
source_6,110000296159,False,-32.907,-15.77
source_6,110000296159,False,-35.557,-13.464
source_6,110000296159,False,-33.476,-15.458
source_6,110000296162,False,-34.02,-13.124
source_6,110000296162,False,-32.878,-13.409
source_6,110000296162,False,-37.626,-12.789
source_6,110000296162,False,-32.858,-10.729
source_6,110000296162,False,-39.321,-12.273
source_6,110000296162,False,-34.388,-12.413
source_6,110000296162,False,-33.539,-13.224
source_6,110000296162,False,-35.595,-11.246
source_6,110000296163,False,-31.659,-12.916
source_6,110000296163,False,-31.524,-12.868
source_6,110000296163,False,-31.991,-12.764
source_6,110000296163,False,-34.592,-13.467
source_6,110000296163,False,-33.914,-12.675
source_6,110000296163,False,-33.845,-12.587
source_6,110000296163,False,-32.573,-13.996
source_6,110000296163,False,-36.992,-11.978
source_6,110000296164,False,-34.303,-11.78
source_6,110000296164,False,-32.879,-12.973
source_6,110000296164,False,-32.181,-13.428
source_6,110000296164,False,-33.375,-11.459
source_6,110000296164,False,-31.235,-13.467
source_6,110000296164,False,-32.051,-12.493
source_6,110000296164,False,-33.227,-11.933
source_6,110000296164,False,-41.372,-4.219
source_6,110000296165,False,-30.233,-10.821
source_6,110000296165,False,-31.81,-10.162
source_6,110000296165,False,-34.569,-10.93
source_6,110000296165,False,-32.782,-13.11
source_6,110000296165,False,-31.952,-11.782
source_6,110000296165,False,-34.188,-11.477
source_6,110000296165,False,-32.584,-12.991
source_6,110000296165,False,-34.416,-10.908
source_6,110000296166,False,-31.966,-9.93
source_6,110000296166,False,-32.829,-10.826
source_6,110000296166,False,-33.336,-11.654
source_6,110000296166,False,-35.012,-10.276
source_6,110000296166,False,-35.207,-11.506
source_6,110000296166,False,-33.011,-12.313
source_6,110000296166,False,-33.233,-11.83
source_6,110000296166,False,-35.612,-9.222
source_6,110000296167,False,-31.522,-8.344
source_6,110000296167,False,-33.069,-10.047
source_6,110000296167,False,-32.347,-11.353
source_6,110000296167,False,-32.448,-11.388
source_6,110000296167,False,-31.501,-12.218
source_6,110000296167,False,-32.483,-13.214
source_6,110000296167,False,-31.425,-12.127
source_6,110000296167,False,-33.659,-10.651
source_6,110000296168,False,-33.147,-9.802
source_6,110000296168,False,-33.715,-10.772
source_6,110000296168,False,-35.582,-10.952
source_6,110000296168,False,-35.631,-10.081
source_6,110000296168,False,-31.906,-11.83
source_6,110000296168,False,-31.603,-11.008
source_6,110000296168,False,-35.411,-11.039
source_6,110000296168,False,-35.575,-9.582
source_6,110000296169,False,-31.378,-9.505
source_6,110000296169,False,-30.147,-9.466
source_6,110000296169,False,-30.689,-8.532
source_6,110000296169,False,-33.863,-11.716
source_6,110000296169,False,-32.309,-10.64
source_6,110000296169,False,-29.517,-10.021
source_6,110000296169,False,-33.235,-9.507
source_6,110000296169,False,-30.767,-9.211
source_6,110000296170,False,-29.777,-8.353
source_6,110000296170,False,-26.532,-12.239
source_6,110000296170,False,-28.815,-12.301
source_6,110000296170,False,-30.019,-10.134
source_6,110000296170,False,-32.985,-10.367
source_6,110000296170,False,-28.739,-11.748
source_6,110000296170,False,-31.197,-12.87
source_6,110000296170,False,-30.495,-10.063
source_6,110000296171,False,-29.829,-10.589
source_6,110000296171,False,-32.466,-10.039
source_6,110000296171,False,-30.774,-9.49
source_6,110000296171,False,-32.035,-9.289
source_6,110000296171,False,-32.585,-9.097
source_6,110000296171,False,-31.02,-10.98
source_6,110000296171,False,-32.977,-8.933
source_6,110000296171,False,-35.434,-7.742
source_6,110000296172,False,-28.272,-11.304
source_6,110000296172,False,-29.595,-10.814
source_6,110000296172,False,-30.552,-10.708
source_6,110000296172,False,-28.925,-10.275
source_6,110000296172,False,-29.756,-11.373
source_6,110000296172,False,-32.049,-10.273
source_6,110000296172,False,-28.44,-9.792
source_6,110000296172,False,-31.47,-9.101
source_6,110000296173,False,-27.823,-11.115
source_6,110000296173,False,-26.845,-11.137
source_6,110000296173,False,-30.68,-10.713
source_6,110000296173,False,-28.473,-11.917
source_6,110000296173,False,-31.667,-11.553
source_6,110000296173,False,-30.003,-10.391
source_6,110000296173,False,-28.543,-11.159
source_6,110000296173,False,-29.433,-12.925
source_6,110000296175,False,-27.858,-9.075
source_6,110000296175,False,-27.701,-10.384
source_6,110000296175,False,-24.906,-12.628
source_6,110000296175,False,-26.946,-9.556
source_6,110000296175,False,-33.42,-9.671
source_6,110000296175,False,-29.881,-8.805
source_6,110000296175,False,-30.678,-9.045
source_6,110000296175,False,-31.741,-9.506
source_6,110000296176,False,-28.824,-8.954
source_6,110000296176,False,-24.574,-10.445
source_6,110000296176,False,-26.378,-9.72
source_6,110000296176,False,-26.84,-10.494
source_6,110000296176,False,-36.234,-12.285
source_6,110000296176,False,-25.24,-11.203
source_6,110000296176,False,-27.079,-12.103
source_6,110000296176,False,-28.392,-9.106
source_6,110000296177,False,-31.497,-9.731
source_6,110000296177,False,-28.336,-9.372
source_6,110000296177,False,-30.727,-9.292
source_6,110000296177,False,-32.419,-9.444
source_6,110000296177,False,-27.725,-11.134
source_6,110000296177,False,-28.26,-9.368
source_6,110000296177,False,-28.482,-9.048
source_6,110000296177,False,-28.862,-9.147
source_6,110000296178,False,-30.958,-12.953
source_6,110000296178,False,-31.617,-9.761
source_6,110000296178,False,-31.404,-10.138
source_6,110000296178,False,-35.892,-11.319
source_6,110000296178,False,-35.293,-11.517
source_6,110000296178,False,-32.961,-12.882
source_6,110000296178,False,-35.514,-8.387
source_6,110000296178,False,-34.195,-10.993
source_6,110000296288,False,-27.829,-6.813
source_6,110000296288,False,-29.237,-9.021
source_6,110000296288,False,-27.455,-6.249
source_6,110000296288,False,-28.637,-6.843
source_6,110000296288,False,-28.674,-9.71
source_6,110000296288,False,-29.804,-8.879
source_6,110000296288,False,-33.017,-9.443
source_6,110000296288,False,-29.821,-8.285
source_6,110000296289,False,-26.847,-7.639
source_6,110000296289,False,-28.023,-10.807
source_6,110000296289,False,-29.296,-9.678
source_6,110000296289,False,-28.696,-9.805
source_6,110000296289,False,-27.624,-8.352
source_6,110000296289,False,-28.456,-7.765
source_6,110000296289,False,-29.981,-7.473
source_6,110000296289,False,-29.189,-8.379
source_6,110000296294,False,-26.846,-7.99
source_6,110000296294,False,-26.759,-7.47
source_6,110000296294,False,-27.098,-9.22
source_6,110000296294,False,-26.621,-8.227
source_6,110000296294,False,-25.344,-9.007
source_6,110000296294,False,-27.055,-7.026
source_6,110000296294,False,-26.532,-7.57
source_6,110000296294,False,-27.698,-8.6
source_6,110000296295,False,-27.428,-6.51
source_6,110000296295,False,-29.095,-7.24
source_6,110000296295,False,-26.484,-6.653
source_6,110000296295,False,-28.519,-6.147
source_6,110000296295,False,-26.004,-10.655
source_6,110000296295,False,-28.061,-7.608
source_6,110000296295,False,-29.426,-6.411
source_6,110000296295,False,-30.416,-8.238
source_6,110000296298,False,-27.708,-7.889
source_6,110000296298,False,-29.108,-7.445
source_6,110000296298,False,-30.277,-8.132
source_6,110000296298,False,-29.038,-8.968
source_6,110000296298,False,-31.368,-8.922
source_6,110000296298,False,-29.596,-7.768
source_6,110000296298,False,-29.454,-7.433
source_6,110000296298,False,-27.835,-8.983
source_6,110000296299,False,-23.377,-7.409
source_6,110000296299,False,-23.78,-8.434
source_6,110000296299,False,-23.499,-10.941
source_6,110000296299,False,-25.564,-9.601
source_6,110000296299,False,-24.892,-11.534
source_6,110000296299,False,-25.684,-9.898
source_6,110000296299,False,-25.791,-10.464
source_6,110000296299,False,-26.164,-9.153
source_6,110000296300,False,-23.876,-8.22
source_6,110000296300,False,-24.07,-9.999
source_6,110000296300,False,-23.83,-9.977
source_6,110000296300,False,-23.878,-10.925
source_6,110000296300,False,-24.082,-10.623
source_6,110000296300,False,-24.748,-11.905
source_6,110000296300,False,-26.079,-10.176
source_6,110000296300,False,-27.67,-10.013
source_6,110000296301,False,-25.593,-9.21
source_6,110000296301,False,-23.799,-8.576
source_6,110000296301,False,-22.254,-12.113
source_6,110000296301,False,-24.913,-11.754
source_6,110000296301,False,-25.076,-9.759
source_6,110000296301,False,-26.669,-11.442
source_6,110000296301,False,-26.566,-11.496
source_6,110000296301,False,-26.311,-10.378
source_6,110000296302,False,-26.487,-9.438
source_6,110000296302,False,-24.449,-9.397
source_6,110000296302,False,-24.529,-10.905
source_6,110000296302,False,-26.18,-11.668
source_6,110000296302,False,-26.666,-11.161
source_6,110000296302,False,-28.028,-11.29
source_6,110000296302,False,-25.388,-10.252
source_6,110000296302,False,-26.982,-9.666
source_6,110000296303,False,-25.235,-9.875
source_6,110000296303,False,-26.228,-9.506
source_6,110000296303,False,-27.81,-9.682
source_6,110000296303,False,-26.032,-10.735
source_6,110000296303,False,-24.912,-9.712
source_6,110000296303,False,-25.731,-10.8
source_6,110000296303,False,-26.548,-9.871
source_6,110000296303,False,-28.965,-9.512
source_6,110000296304,False,-23.249,-8.552
source_6,110000296304,False,-24.117,-8.57
source_6,110000296304,False,-25.638,-10.785
source_6,110000296304,False,-25.345,-10.127
source_6,110000296304,False,-25.768,-11.142
source_6,110000296304,False,-28.36,-10.769
source_6,110000296304,False,-26.791,-10.972
source_6,110000296304,False,-26.88,-10.6
source_6,110000296305,False,-25.849,-9.524
source_6,110000296305,False,-24.032,-9.676
source_6,110000296305,False,-24.74,-10.477
source_6,110000296305,False,-25.415,-10.358
source_6,110000296305,False,-25.667,-11.652
source_6,110000296305,False,-24.433,-11.116
source_6,110000296305,False,-27.248,-12.532
source_6,110000296305,False,-28.795,-10.26
source_6,110000296306,False,-24.928,-8.207
source_6,110000296306,False,-25.628,-8.987
source_6,110000296306,False,-25.078,-10.066
source_6,110000296306,False,-25.606,-11.639
source_6,110000296306,False,-26.332,-12.084
source_6,110000296306,False,-24.708,-12.989
source_6,110000296306,False,-26.445,-11.107
source_6,110000296306,False,-27.503,-12.212
source_6,110000296307,False,-25.888,-12.355
source_6,110000296307,False,-26.202,-12.755
source_6,110000296307,False,-24.809,-13.52
source_6,110000296307,False,-27.602,-11.997
source_6,110000296307,False,-28.542,-12.789
source_6,110000296307,False,-26.798,-13.042
source_6,110000296307,False,-28.258,-13.649
source_6,110000296307,False,-29.009,-10.258
source_6,110000296308,False,-26.881,-8.586
source_6,110000296308,False,-26.098,-11.101
source_6,110000296308,False,-26.177,-12.377
source_6,110000296308,False,-24.779,-11.589
source_6,110000296308,False,-24.051,-11.355
source_6,110000296308,False,-27.517,-12.753
source_6,110000296308,False,-27.916,-11.223
source_6,110000296308,False,-26.419,-10.944
source_6,110000296309,False,-28.064,-12.807
source_6,110000296309,False,-28.88,-11.738
source_6,110000296309,False,-28.357,-13.252
source_6,110000296309,False,-24.581,-12.581
source_6,110000296309,False,-28.266,-12.889
source_6,110000296309,False,-26.816,-12.614
source_6,110000296309,False,-28.243,-13.145
source_6,110000296309,False,-28.257,-12.019
source_6,110000296310,False,-24.299,-12.517
source_6,110000296310,False,-27.364,-12.334
source_6,110000296310,False,-26.696,-13.602
source_6,110000296310,False,-26.683,-13.176
source_6,110000296310,False,-28.045,-13.828
source_6,110000296310,False,-25.636,-14.731
source_6,110000296310,False,-27.506,-13.58
source_6,110000296310,False,-27.564,-12.331
source_6,110000296319,False,-20.835,-10.096
source_6,110000296319,False,-18.113,-13.144
source_6,110000296319,False,-22.901,-10.245
source_6,110000296319,False,-21.389,-10.012
source_6,110000296319,False,-22.49,-10.33
source_6,110000296319,False,-23.818,-12.099
source_6,110000296319,False,-24.649,-10.668
source_6,110000296319,False,-25.503,-8.055
source_6,110000296322,False,-21.924,-9.377
source_6,110000296322,False,-21.067,-10.246
source_6,110000296322,False,-21.355,-10.118
source_6,110000296322,False,-20.852,-9.64
source_6,110000296322,False,-21.653,-10.718
source_6,110000296322,False,-22.318,-8.101
source_6,110000296322,False,-24.204,-10.873
source_6,110000296322,False,-23.696,-10.972
source_6,110000296323,False,-20.637,-9.49
source_6,110000296323,False,-22.876,-10.224
source_6,110000296323,False,-21.316,-10.205
source_6,110000296323,False,-23.342,-11.036
source_6,110000296323,False,-22.541,-11.688
source_6,110000296323,False,-23.789,-10.079
source_6,110000296323,False,-24.122,-9.629
source_6,110000296323,False,-24.147,-9.462
source_6,110000296324,False,-20.867,-6.915
source_6,110000296324,False,-23.607,-6.502
source_6,110000296324,False,-22.303,-10.101
source_6,110000296324,False,-23.284,-7.893
source_6,110000296324,False,-21.778,-10.001
source_6,110000296324,False,-21.814,-9.746
source_6,110000296324,False,-22.952,-9.793
source_6,110000296324,False,-24.122,-9.371
source_6,110000296325,False,-21.049,-10.414
source_6,110000296325,False,-22.862,-12.142
source_6,110000296325,False,-22.75,-9.586
source_6,110000296325,False,-22.272,-10.357
source_6,110000296325,False,-23.165,-9.633
source_6,110000296325,False,-24.959,-9.643
source_6,110000296325,False,-24.121,-8.49
source_6,110000296325,False,-25.983,-9.12
source_6,110000296326,False,-23.512,-10.111
source_6,110000296326,False,-21.218,-9.278
source_6,110000296326,False,-24.081,-12.128
source_6,110000296326,False,-23.243,-11.47
source_6,110000296326,False,-25.247,-9.625
source_6,110000296326,False,-25.214,-10.045
source_6,110000296326,False,-24.816,-11.126
source_6,110000296326,False,-25.625,-9.675
source_6,110000296327,False,-22.955,-10.197
source_6,110000296327,False,-23.306,-10.598
source_6,110000296327,False,-25.25,-8.999
source_6,110000296327,False,-23.332,-11.652
source_6,110000296327,False,-23.189,-10.709
source_6,110000296327,False,-25.116,-10.732
source_6,110000296327,False,-24.864,-10.335
source_6,110000296327,False,-25.241,-8.037
source_6,110000296328,False,-24.164,-8.984
source_6,110000296328,False,-24.892,-9.841
source_6,110000296328,False,-25.517,-10.99
source_6,110000296328,False,-25.169,-12.122
source_6,110000296328,False,-24.592,-8.92
source_6,110000296328,False,-26.113,-11.123
source_6,110000296328,False,-26.797,-11.267
source_6,110000296328,False,-25.744,-8.86
source_6,110000296329,False,-21.609,-8.737
source_6,110000296329,False,-23.56,-7.784
source_6,110000296329,False,-22.431,-8.994
source_6,110000296329,False,-23.408,-9.131
source_6,110000296329,False,-23.358,-8.066
source_6,110000296329,False,-24.155,-9.292
source_6,110000296329,False,-24.449,-10.548
source_6,110000296329,False,-24.382,-8.923
source_6,110000296330,False,-23.105,-7.957
source_6,110000296330,False,-25.181,-9.401
source_6,110000296330,False,-22.16,-8.501
source_6,110000296330,False,-23.343,-8.45
source_6,110000296330,False,-23.304,-10.422
source_6,110000296330,False,-23.249,-9.638
source_6,110000296330,False,-22.306,-10.453
source_6,110000296330,False,-24.314,-8.446
source_6,110000296331,False,-19.572,-5.384
source_6,110000296331,False,-24.016,-10.338
source_6,110000296331,False,-22.215,-8.799
source_6,110000296331,False,-22.62,-9.319
source_6,110000296331,False,-22.65,-10.447
source_6,110000296331,False,-22.598,-10.164
source_6,110000296331,False,-23.802,-9.92
source_6,110000296331,False,-24.48,-11.125
source_6,110000296332,False,-23.462,-9.528
source_6,110000296332,False,-22.361,-11.31
source_6,110000296332,False,-22.679,-10.268
source_6,110000296332,False,-23.398,-11.121
source_6,110000296332,False,-23.461,-13.251
source_6,110000296332,False,-25.287,-11.68
source_6,110000296332,False,-22.803,-12.324
source_6,110000296332,False,-24.057,-11.25
source_6,110000296333,False,-21.788,-10.161
source_6,110000296333,False,-24.235,-10.724
source_6,110000296333,False,-24.67,-8.99
source_6,110000296333,False,-22.965,-11.57
source_6,110000296333,False,-24.17,-12.532
source_6,110000296333,False,-25.134,-9.475
source_6,110000296333,False,-23.831,-11.434
source_6,110000296333,False,-24.805,-9.836
source_6,110000296337,False,-32.009,-12.228
source_6,110000296337,False,-35.82,-12.001
source_6,110000296337,False,-33.463,-11.201
source_6,110000296337,False,-32.157,-14.106
source_6,110000296337,False,-33.107,-11.755
source_6,110000296337,False,-32.939,-11.916
source_6,110000296337,False,-34.402,-10.171
source_6,110000296337,False,-33.95,-10.934
source_6,110000296340,False,-30.092,-12.196
source_6,110000296340,False,-31.646,-11.697
source_6,110000296340,False,-33.767,-9.13
source_6,110000296340,False,-32.95,-11.509
source_6,110000296340,False,-31.215,-11.786
source_6,110000296340,False,-31.764,-9.997
source_6,110000296340,False,-31.445,-10.761
source_6,110000296340,False,-32.39,-11.115
source_6,110000296341,False,-29.888,-12.777
source_6,110000296341,False,-29.849,-11.483
source_6,110000296341,False,-29.368,-11.739
source_6,110000296341,False,-32.318,-10.545
source_6,110000296341,False,-31.341,-12.377
source_6,110000296341,False,-33.236,-9.595
source_6,110000296341,False,-29.778,-11.454
source_6,110000296341,False,-33.872,-10.581
source_6,110000296342,False,-30.728,-8.598
source_6,110000296342,False,-32.691,-8.97
source_6,110000296342,False,-31.293,-9.112
source_6,110000296342,False,-31.055,-10.562
source_6,110000296342,False,-32.591,-10.263
source_6,110000296342,False,-32.165,-9.707
source_6,110000296342,False,-32.288,-9.757
source_6,110000296342,False,-31.272,-9.727
source_6,110000296343,False,-29.975,-9.515
source_6,110000296343,False,-33.31,-9.899
source_6,110000296343,False,-32.467,-8.06
source_6,110000296343,False,-31.167,-11.063
source_6,110000296343,False,-32.275,-9.691
source_6,110000296343,False,-31.586,-10.092
source_6,110000296343,False,-31.107,-10.323
source_6,110000296343,False,-33.305,-9.012
source_6,110000296344,False,-29.801,-9.754
source_6,110000296344,False,-32.064,-8.651
source_6,110000296344,False,-31.519,-11.353
source_6,110000296344,False,-29.984,-10.134
source_6,110000296344,False,-30.474,-11.596
source_6,110000296344,False,-31.41,-11.262
source_6,110000296344,False,-31.326,-10.289
source_6,110000296344,False,-31.56,-10.061
source_6,110000296345,False,-31.16,-10.166
source_6,110000296345,False,-31.493,-10.897
source_6,110000296345,False,-31.578,-10.873
source_6,110000296345,False,-30.813,-10.265
source_6,110000296345,False,-29.556,-10.176
source_6,110000296345,False,-31.542,-10.369
source_6,110000296345,False,-31.816,-10.519
source_6,110000296345,False,-30.769,-9.08
source_6,110000296346,False,-31.897,-9.568
source_6,110000296346,False,-31.347,-11.244
source_6,110000296346,False,-32.126,-11.102
source_6,110000296346,False,-30.724,-9.725
source_6,110000296346,False,-33.597,-10.372
source_6,110000296346,False,-33.21,-11.057
source_6,110000296346,False,-33.704,-9.007
source_6,110000296346,False,-32.946,-9.919
source_6,110000296347,False,-31.273,-9.318
source_6,110000296347,False,-30.569,-9.061
source_6,110000296347,False,-29.821,-9.237
source_6,110000296347,False,-29.747,-9.197
source_6,110000296347,False,-30.16,-8.573
source_6,110000296347,False,-30.872,-8.131
source_6,110000296347,False,-29.75,-9.218
source_6,110000296347,False,-30.728,-9.111
source_6,110000296350,False,-31.908,-9.183
source_6,110000296350,False,-33.379,-9.15
source_6,110000296350,False,-30.6,-7.284
source_6,110000296350,False,-32.244,-9.192
source_6,110000296350,False,-32.946,-8.391
source_6,110000296350,False,-31.417,-7.644
source_6,110000296350,False,-30.618,-10.396
source_6,110000296350,False,-31.009,-8.106
source_6,110000296351,False,-28.821,-8.767
source_6,110000296351,False,-30.684,-9.267
source_6,110000296351,False,-30.521,-9.044
source_6,110000296351,False,-30.203,-9.98
source_6,110000296351,False,-28.101,-11.294
source_6,110000296351,False,-27.785,-11.097
source_6,110000296351,False,-29.299,-8.146
source_6,110000296351,False,-32.357,-9.14
source_6,110000296352,False,-32.381,-8.667
source_6,110000296352,False,-30.337,-8.523
source_6,110000296352,False,-29.699,-9.296
source_6,110000296352,False,-31.825,-9.447
source_6,110000296352,False,-30.415,-8.674
source_6,110000296352,False,-32.753,-8.116
source_6,110000296352,False,-33.776,-7.804
source_6,110000296352,False,-31.666,-6.946
source_6,110000296353,False,-32.102,-6.859
source_6,110000296353,False,-32.438,-10.702
source_6,110000296353,False,-31.878,-7.432
source_6,110000296353,False,-32.999,-9.094
source_6,110000296353,False,-30.829,-9.61
source_6,110000296353,False,-33.029,-8.442
source_6,110000296353,False,-32.033,-10.632
source_6,110000296353,False,-32.375,-9.36
source_6,110000296354,False,-29.83,-8.827
source_6,110000296354,False,-31.716,-8.797
source_6,110000296354,False,-32.526,-9.075
source_6,110000296354,False,-33.743,-8.545
source_6,110000296354,False,-32.23,-10.465
source_6,110000296354,False,-32.833,-10.227
source_6,110000296354,False,-31.882,-8.722
source_6,110000296354,False,-34.613,-9.686
source_6,110000296355,False,-32.625,-9.09
source_6,110000296355,False,-32.579,-9.327
source_6,110000296355,False,-34.162,-8.72
source_6,110000296355,False,-29.733,-10.603
source_6,110000296355,False,-33.403,-10.229
source_6,110000296355,False,-30.027,-10.592
source_6,110000296355,False,-30.637,-10.228
source_6,110000296355,False,-30.503,-8.545
source_6,110000296358,False,-31.678,-8.351
source_6,110000296358,False,-29.661,-7.379
source_6,110000296358,False,-30.595,-7.193
source_6,110000296358,False,-31.903,-7.543
source_6,110000296358,False,-30.393,-8.284
source_6,110000296358,False,-30.576,-7.525
source_6,110000296358,False,-29.817,-8.805
source_6,110000296358,False,-31.057,-8.477
source_6,110000296366,False,-26.916,-7.578
source_6,110000296366,False,-27.349,-8.364
source_6,110000296366,False,-28.516,-9.515
source_6,110000296366,False,-26.965,-10.083
source_6,110000296366,False,-28.766,-9.778
source_6,110000296366,False,-25.834,-9.176
source_6,110000296366,False,-28.389,-10.226
source_6,110000296366,False,-28.955,-8.44
source_6,110000296367,False,-27.988,-10.272
source_6,110000296367,False,-30.234,-10.016
source_6,110000296367,False,-29.243,-8.637
source_6,110000296367,False,-28.592,-8.951
source_6,110000296367,False,-31.209,-10.397
source_6,110000296367,False,-29.719,-9.635
source_6,110000296367,False,-29.84,-8.946
source_6,110000296367,False,-30.002,-8.517
source_6,110000296368,False,-27.591,-9.325
source_6,110000296368,False,-29.377,-8.164
source_6,110000296368,False,-28.241,-7.028
source_6,110000296368,False,-27.811,-9.14
source_6,110000296368,False,-29.335,-10.139
source_6,110000296368,False,-28.852,-9.546
source_6,110000296368,False,-30.395,-8.811
source_6,110000296368,False,-29.768,-9.151
source_6,110000296369,False,-26.351,-7.932
source_6,110000296369,False,-29.817,-7.107
source_6,110000296369,False,-28.48,-7.814
source_6,110000296369,False,-28.117,-7.196
source_6,110000296369,False,-26.424,-8.276
source_6,110000296369,False,-28.46,-8.389
source_6,110000296369,False,-29.267,-8.096
source_6,110000296369,False,-28.496,-8.077
source_6,110000296370,False,-27.894,-8.634
source_6,110000296370,False,-27.704,-9.37
source_6,110000296370,False,-27.752,-10.22
source_6,110000296370,False,-26.288,-8.907
source_6,110000296370,False,-27.822,-9.611
source_6,110000296370,False,-28.213,-9.254
source_6,110000296370,False,-26.147,-9.688
source_6,110000296370,False,-28.626,-7.686
source_6,110000296371,False,-26.677,-7.966
source_6,110000296371,False,-25.816,-8.694
source_6,110000296371,False,-27.423,-8.359
source_6,110000296371,False,-26.335,-10.26
source_6,110000296371,False,-26.057,-9.563
source_6,110000296371,False,-27.503,-12.315
source_6,110000296371,False,-27.84,-10.675
source_6,110000296371,False,-27.307,-10.126
source_6,110000296372,False,-28.06,-9.515
source_6,110000296372,False,-26.121,-9.648
source_6,110000296372,False,-27.225,-9.573
source_6,110000296372,False,-27.177,-9.534
source_6,110000296372,False,-28.878,-9.795
source_6,110000296372,False,-28.357,-9.644
source_6,110000296372,False,-30.689,-9.471
source_6,110000296372,False,-31.288,-9.598
source_6,110000296373,False,-24.796,-8.615
source_6,110000296373,False,-28.142,-10.72
source_6,110000296373,False,-27.108,-9.367
source_6,110000296373,False,-27.143,-10.459
source_6,110000296373,False,-30.391,-9.831
source_6,110000296373,False,-29.821,-9.776
source_6,110000296373,False,-27.349,-10.223
source_6,110000296373,False,-28.225,-9.205
source_6,110000296375,False,-29.206,-8.277
source_6,110000296375,False,-28.873,-9.884
source_6,110000296375,False,-27.732,-10.703
source_6,110000296375,False,-31.459,-9.709
source_6,110000296375,False,-31.377,-9.764
source_6,110000296375,False,-30.995,-11.136
source_6,110000296375,False,-29.316,-8.92
source_6,110000296375,False,-29.188,-9.418
source_6,110000296376,False,-27.472,-9.275
source_6,110000296376,False,-27.15,-9.948
source_6,110000296376,False,-30.432,-9.699
source_6,110000296376,False,-32.781,-9.575
source_6,110000296376,False,-30.262,-10.474
source_6,110000296376,False,-31.612,-9.876
source_6,110000296376,False,-30.153,-10.014
source_6,110000296376,False,-31.241,-9.663
source_6,110000296377,False,-30.16,-8.949
source_6,110000296377,False,-30.498,-10.658
source_6,110000296377,False,-27.02,-9.88
source_6,110000296377,False,-32.583,-8.181
source_6,110000296377,False,-29.064,-9.31
source_6,110000296377,False,-31.153,-9.435
source_6,110000296377,False,-32.106,-9.923
source_6,110000296377,False,-31.024,-10.56
source_6,110000296378,False,-27.471,-10.027
source_6,110000296378,False,-26.715,-10.564
source_6,110000296378,False,-31.273,-9.01
source_6,110000296378,False,-29.075,-11.307
source_6,110000296378,False,-31.26,-10.523
source_6,110000296378,False,-28.823,-8.212
source_6,110000296378,False,-32.906,-9.766
source_6,110000296378,False,-29.512,-9.494
source_6,110000296379,False,-34.208,-7.503
source_6,110000296379,False,-28.122,-7.722
source_6,110000296379,False,-30.519,-8.686
source_6,110000296379,False,-29.458,-8.394
source_6,110000296379,False,-30.48,-8.907
source_6,110000296379,False,-28.867,-10.622
source_6,110000296379,False,-29.983,-8.115
source_6,110000296379,False,-31.558,-9.277
source_6,110000296380,False,-27.667,-9.715
source_6,110000296380,False,-28.001,-8.838
source_6,110000296380,False,-29.345,-9.573
source_6,110000296380,False,-25.327,-10.114
source_6,110000296380,False,-30.443,-12.249
source_6,110000296380,False,-28.501,-11.146
source_6,110000296380,False,-33.183,-6.824
source_6,110000296380,False,-31.57,-9.18
source_6,110000296381,False,-30.488,-9.377
source_6,110000296381,False,-30.096,-8.978
source_6,110000296381,False,-30.682,-11.504
source_6,110000296381,False,-30.958,-10.191
source_6,110000296381,False,-30.02,-11.082
source_6,110000296381,False,-30.497,-11.88
source_6,110000296381,False,-31.038,-9.564
source_6,110000296381,False,-32.396,-9.068
source_6,110000296382,False,-29.398,-12.086
source_6,110000296382,False,-29.096,-9.845
source_6,110000296382,False,-31.406,-9.731
source_6,110000296382,False,-29.319,-9.798
source_6,110000296382,False,-35.545,-13.671
source_6,110000296382,False,-33.761,-11.507
source_6,110000296382,False,-34.799,-7.191
source_6,110000296382,False,-33.808,-9.239
source_6,110000296383,False,-29.326,-13.003
source_6,110000296383,False,-28.859,-10.494
source_6,110000296383,False,-31.863,-9.806
source_6,110000296383,False,-31.739,-10.186
source_6,110000296383,False,-32.206,-10.513
source_6,110000296383,False,-32.142,-11.722
source_6,110000296383,False,-29.851,-11.895
source_6,110000296383,False,-31.131,-10.661
source_6,110000296384,False,-31.018,-9.329
source_6,110000296384,False,-30.465,-8.38
source_6,110000296384,False,-30.579,-7.749
source_6,110000296384,False,-32.669,-9.204
source_6,110000296384,False,-32.881,-7.945
source_6,110000296384,False,-31.936,-9.462
source_6,110000296384,False,-33.503,-8.883
source_6,110000296384,False,-31.508,-8.476
source_6,110000296385,False,-32.376,-8.49
source_6,110000296385,False,-33.78,-7.533
source_6,110000296385,False,-33.797,-9.093
source_6,110000296385,False,-31.376,-7.754
source_6,110000296385,False,-33.156,-8.102
source_6,110000296385,False,-33.105,-8.977
source_6,110000296385,False,-32.805,-7.517
source_6,110000296385,False,-36.177,-6.506
source_6,110000296386,False,-32.351,-6.941
source_6,110000296386,False,-32.847,-8.42
source_6,110000296386,False,-32.936,-8.664
source_6,110000296386,False,-34.934,-9.472
source_6,110000296386,False,-32.217,-9.588
source_6,110000296386,False,-32.979,-10.278
source_6,110000296386,False,-32.932,-8.929
source_6,110000296386,False,-35.367,-9.17
source_6,110000296389,False,-34.097,-10.703
source_6,110000296389,False,-35.764,-10.909
source_6,110000296389,False,-34.48,-11.681
source_6,110000296389,False,-35.719,-11.74
source_6,110000296389,False,-35.111,-11.23
source_6,110000296389,False,-36.081,-10.267
source_6,110000296389,False,-36.524,-9.539
source_6,110000296389,False,-35.508,-9.788
source_6,110000296683,False,-21.963,-11.278
source_6,110000296683,False,-23.456,-12.189
source_6,110000296683,False,-22.945,-12.449
source_6,110000296683,False,-22.895,-12.764
source_6,110000296683,False,-21.816,-13.308
source_6,110000296683,False,-23.491,-11.192
source_6,110000296683,False,-22.191,-11.784
source_6,110000296683,False,-22.702,-11.814
source_6,110000296684,False,-22.961,-12.935
source_6,110000296684,False,-24.207,-16.001
source_6,110000296684,False,-22.731,-14.155
source_6,110000296684,False,-23.218,-14.451
source_6,110000296684,False,-24.779,-13.507
source_6,110000296684,False,-24.847,-13.691
source_6,110000296684,False,-24.086,-10.179
source_6,110000296684,False,-23.395,-11.174
source_6,110000296685,False,-25.154,-8.172
source_6,110000296685,False,-21.298,-11.78
source_6,110000296685,False,-21.809,-13.196
source_6,110000296685,False,-22.322,-12.544
source_6,110000296685,False,-23.348,-11.738
source_6,110000296685,False,-22.357,-12.083
source_6,110000296685,False,-22.882,-11.778
source_6,110000296685,False,-23.501,-11.462
source_6,110000296686,False,-20.537,-11.551
source_6,110000296686,False,-19.863,-10.569
source_6,110000296686,False,-21.634,-13.304
source_6,110000296686,False,-19.8,-13.589
source_6,110000296686,False,-20.952,-13.036
source_6,110000296686,False,-21.422,-13.63
source_6,110000296686,False,-22.746,-11.503
source_6,110000296686,False,-20.689,-12.739
source_6,110000296687,False,-21.95,-12.367
source_6,110000296687,False,-21.077,-14.427
source_6,110000296687,False,-22.706,-11.473
source_6,110000296687,False,-20.932,-13.069
source_6,110000296687,False,-22.438,-15.398
source_6,110000296687,False,-20.993,-13.503
source_6,110000296687,False,-22.472,-12.804
source_6,110000296687,False,-22.863,-13.123
source_6,110000296688,False,-21.983,-12.949
source_6,110000296688,False,-22.813,-15.575
source_6,110000296688,False,-22.989,-14.246
source_6,110000296688,False,-22.335,-13.633
source_6,110000296688,False,-23.681,-12.322
source_6,110000296688,False,-23.949,-15.28
source_6,110000296688,False,-23.74,-13.395
source_6,110000296688,False,-23.12,-12.754
source_6,110000296689,False,-28.456,-11.337
source_6,110000296689,False,-23.789,-15.551
source_6,110000296689,False,-22.923,-14.885
source_6,110000296689,False,-24.117,-15.515
source_6,110000296689,False,-23.61,-15.736
source_6,110000296689,False,-23.559,-12.138
source_6,110000296689,False,-22.773,-12.914
source_6,110000296689,False,-23.953,-13.311
source_6,110000296690,False,-23.206,-12.016
source_6,110000296690,False,-21.919,-17.122
source_6,110000296690,False,-23.607,-17.132
source_6,110000296690,False,-24.093,-15.78
source_6,110000296690,False,-26.036,-16.878
source_6,110000296690,False,-23.916,-14.183
source_6,110000296690,False,-25.039,-14.371
source_6,110000296690,False,-23.735,-12.209
source_6,110000296691,False,-21.895,-12.88
source_6,110000296691,False,-22.722,-14.196
source_6,110000296691,False,-22.795,-14.524
source_6,110000296691,False,-22.316,-14.783
source_6,110000296691,False,-22.534,-13.759
source_6,110000296691,False,-22.953,-13.738
source_6,110000296691,False,-22.315,-11.912
source_6,110000296691,False,-22.951,-12.303
source_6,110000297099,False,-26.523,-8.616
source_6,110000297099,False,-28.468,-9.436
source_6,110000297099,False,-27.355,-9.685
source_6,110000297099,False,-30.632,-8.921
source_6,110000297099,False,-29.51,-9.212
source_6,110000297099,False,-27.958,-9.695
source_6,110000297099,False,-28.825,-9.079
source_6,110000297099,False,-28.109,-9.53
source_6,110000297100,False,-27.546,-8.081
source_6,110000297100,False,-28.709,-9.393
source_6,110000297100,False,-28.982,-11.417
source_6,110000297100,False,-29.776,-8.486
source_6,110000297100,False,-29.88,-9.465
source_6,110000297100,False,-28.478,-10.963
source_6,110000297100,False,-29.289,-9.257
source_6,110000297100,False,-30.54,-8.533
source_6,110000297101,False,-26.755,-8.278
source_6,110000297101,False,-26.329,-10.214
source_6,110000297101,False,-26.441,-9.202
source_6,110000297101,False,-27.484,-10.506
source_6,110000297101,False,-26.782,-11.097
source_6,110000297101,False,-28.143,-9.884
source_6,110000297101,False,-28.179,-8.529
source_6,110000297101,False,-29.675,-8.816
source_6,110000297102,False,-25.563,-8.668
source_6,110000297102,False,-25.6,-8.537
source_6,110000297102,False,-27.105,-11.217
source_6,110000297102,False,-29.261,-9.738
source_6,110000297102,False,-25.886,-11.253
source_6,110000297102,False,-28.92,-8.882
source_6,110000297102,False,-28.418,-8.777
source_6,110000297102,False,-28.878,-7.347
source_6,110000297103,False,-26.515,-9.806
source_6,110000297103,False,-29.704,-9.286
source_6,110000297103,False,-28.401,-9.45
source_6,110000297103,False,-26.685,-10.316
source_6,110000297103,False,-27.36,-8.905
source_6,110000297103,False,-29.008,-8.501
source_6,110000297103,False,-26.881,-8.944
source_6,110000297103,False,-29.83,-7.638
source_6,110000297105,False,-28.513,-9.278
source_6,110000297105,False,-26.881,-9.837
source_6,110000297105,False,-27.89,-10.661
source_6,110000297105,False,-28.163,-9.447
source_6,110000297105,False,-28.002,-10.695
source_6,110000297105,False,-29.102,-9.198
source_6,110000297105,False,-27.598,-11.451
source_6,110000297105,False,-30.159,-8.898
source_6,110000297106,False,-27.367,-10.529
source_6,110000297106,False,-28.814,-10.399
source_6,110000297106,False,-28.13,-11.749
source_6,110000297106,False,-28.565,-10.696
source_6,110000297106,False,-28.853,-9.898
source_6,110000297106,False,-28.234,-10.951
source_6,110000297106,False,-29.338,-10.969
source_6,110000297106,False,-28.725,-8.886
source_6,110000297107,False,-27.241,-9.562
source_6,110000297107,False,-28.27,-9.76
source_6,110000297107,False,-28.061,-9.477
source_6,110000297107,False,-28.401,-9.697
source_6,110000297107,False,-28.95,-10.314
source_6,110000297107,False,-29.94,-9.096
source_6,110000297107,False,-29.276,-8.381
source_6,110000297107,False,-28.37,-9.214
source_6,110000297108,False,-29.981,-7.074
source_6,110000297108,False,-34.806,-6.074
source_6,110000297108,False,-24.146,-13.463
source_6,110000297108,False,-28.261,-9.504
source_6,110000297108,False,-28.118,-10.453
source_6,110000297108,False,-28.018,-10.009
source_6,110000297108,False,-29.945,-8.615
source_6,110000297108,False,-30.336,-8.055
source_6,110000297109,False,-28.479,-9.765
source_6,110000297109,False,-29.779,-10.499
source_6,110000297109,False,-28.931,-13.043
source_6,110000297109,False,-29.836,-11.635
source_6,110000297109,False,-29.272,-13.372
source_6,110000297109,False,-30.666,-11.534
source_6,110000297109,False,-30.952,-9.483
source_6,110000297109,False,-34.128,-9.323
source_6,110000297110,False,-28.456,-9.663
source_6,110000297110,False,-26.079,-12.742
source_6,110000297110,False,-28.236,-10.559
source_6,110000297110,False,-30.054,-9.648
source_6,110000297110,False,-29.746,-10.708
source_6,110000297110,False,-30.821,-11.631
source_6,110000297110,False,-31.272,-11.442
source_6,110000297110,False,-32.688,-9.912
source_6,110000297111,False,-27.712,-10.673
source_6,110000297111,False,-28.007,-10.237
source_6,110000297111,False,-29.297,-11.374
source_6,110000297111,False,-28.208,-11.46
source_6,110000297111,False,-30.167,-9.67
source_6,110000297111,False,-28.759,-10.292
source_6,110000297111,False,-30.558,-9.825
source_6,110000297111,False,-32.473,-9.6
source_6,110000297112,False,-27.963,-11.111
source_6,110000297112,False,-28.823,-12.112
source_6,110000297112,False,-30.769,-11.567
source_6,110000297112,False,-27.54,-11.841
source_6,110000297112,False,-30.143,-11.159
source_6,110000297112,False,-29.316,-11.807
source_6,110000297112,False,-32.109,-9.865
source_6,110000297112,False,-30.875,-10.826
source_6,110000297113,False,-27.919,-9.826
source_6,110000297113,False,-28.623,-10.269
source_6,110000297113,False,-28.336,-12.389
source_6,110000297113,False,-29.329,-11.462
source_6,110000297113,False,-29.43,-12.263
source_6,110000297113,False,-28.645,-11.356
source_6,110000297113,False,-31.148,-10.336
source_6,110000297113,False,-31.145,-10.573
source_6,110000297114,False,-27.185,-11.606
source_6,110000297114,False,-28.254,-11.906
source_6,110000297114,False,-29.373,-10.314
source_6,110000297114,False,-27.327,-13.24
source_6,110000297114,False,-28.308,-12.146
source_6,110000297114,False,-30.387,-11.271
source_6,110000297114,False,-29.554,-11.343
source_6,110000297114,False,-32.179,-11.632
source_6,110000297115,False,-31.499,-11.681
source_6,110000297115,False,-31.523,-10.649
source_6,110000297115,False,-28.711,-12.089
source_6,110000297115,False,-29.624,-11.405
source_6,110000297115,False,-30.94,-10.361
source_6,110000297115,False,-30.287,-11.602
source_6,110000297115,False,-32.315,-10.786
source_6,110000297115,False,-33.885,-10.727
source_6,110000297118,False,-29.726,-11.996
source_6,110000297118,False,-28.151,-13.727
source_6,110000297118,False,-28.843,-14.493
source_6,110000297118,False,-27.803,-14.893
source_6,110000297118,False,-29.685,-14.793
source_6,110000297118,False,-30.585,-13.454
source_6,110000297118,False,-29.941,-13.041
source_6,110000297118,False,-31.162,-12.344
source_6,110000297120,False,-30.279,-8.266
source_6,110000297120,False,-30.894,-9.05
source_6,110000297120,False,-28.896,-8.103
source_6,110000297120,False,-29.346,-9.456
source_6,110000297120,False,-33.433,-8.192
source_6,110000297120,False,-30.739,-7.497
source_6,110000297120,False,-31.099,-8.618
source_6,110000297120,False,-30.811,-7.69
source_6,110000297123,False,-29.295,-6.856
source_6,110000297123,False,-28.189,-8.332
source_6,110000297123,False,-30.84,-8.667
source_6,110000297123,False,-32.207,-8.408
source_6,110000297123,False,-31.416,-7.651
source_6,110000297123,False,-29.585,-7.117
source_6,110000297123,False,-31.004,-8.717
source_6,110000297123,False,-32.037,-8.442
source_6,110000297124,False,-31.211,-8.855
source_6,110000297124,False,-31.102,-7.625
source_6,110000297124,False,-32.005,-8.864
source_6,110000297124,False,-31.877,-7.649
source_6,110000297124,False,-32.368,-9.69
source_6,110000297124,False,-32.359,-9.056
source_6,110000297124,False,-31.292,-9.464
source_6,110000297124,False,-31.874,-8.983
source_6,110000297125,False,-31.879,-6.475
source_6,110000297125,False,-32.431,-7.613
source_6,110000297125,False,-31.536,-9.086
source_6,110000297125,False,-31.852,-7.31
source_6,110000297125,False,-31.506,-8.635
source_6,110000297125,False,-32.19,-9.141
source_6,110000297125,False,-31.261,-8.764
source_6,110000297125,False,-32.94,-8.97
source_6,110000297126,False,-30.174,-8.192
source_6,110000297126,False,-30.774,-8.484
source_6,110000297126,False,-32.008,-8.788
source_6,110000297126,False,-31.075,-7.707
source_6,110000297126,False,-31.155,-10.263
source_6,110000297126,False,-34.007,-7.429
source_6,110000297126,False,-31.035,-8.042
source_6,110000297126,False,-30.852,-6.997
source_6,110000297127,False,-31.212,-6.934
source_6,110000297127,False,-35.102,-7.233
source_6,110000297127,False,-30.674,-6.302
source_6,110000297127,False,-33.967,-9.408
source_6,110000297127,False,-31.771,-8.363
source_6,110000297127,False,-31.654,-8.659
source_6,110000297127,False,-32.505,-8.671
source_6,110000297127,False,-42.867,-4.123
source_6,110000297128,False,-32.158,-8.16
source_6,110000297128,False,-32.038,-8.477
source_6,110000297128,False,-30.882,-8.321
source_6,110000297128,False,-31.477,-9.035
source_6,110000297128,False,-33.135,-7.161
source_6,110000297128,False,-31.657,-7.244
source_6,110000297128,False,-31.419,-9.485
source_6,110000297128,False,-31.235,-9.34
source_6,110000297130,False,-29.729,-9.228
source_6,110000297130,False,-31.899,-8.745
source_6,110000297130,False,-33.5,-8.734
source_6,110000297130,False,-29.661,-11.282
source_6,110000297130,False,-32.763,-9.97
source_6,110000297130,False,-31.776,-8.644
source_6,110000297130,False,-31.082,-8.188
source_6,110000297130,False,-33.924,-8.289
source_6,110000297131,False,-29.864,-9.946
source_6,110000297131,False,-28.225,-8.807
source_6,110000297131,False,-28.488,-9.77
source_6,110000297131,False,-30.268,-9.794
source_6,110000297131,False,-33.655,-9.845
source_6,110000297131,False,-29.32,-9.698
source_6,110000297131,False,-32.917,-9.721
source_6,110000297131,False,-30.585,-9.386
source_6,110000297132,False,-28.021,-8.725
source_6,110000297132,False,-30.07,-9.635
source_6,110000297132,False,-29.477,-8.973
source_6,110000297132,False,-26.12,-9.402
source_6,110000297132,False,-30.112,-9.726
source_6,110000297132,False,-28.738,-10.51
source_6,110000297132,False,-27.694,-11.175
source_6,110000297132,False,-27.718,-10.01
source_6,110000297133,False,-29.147,-10.898
source_6,110000297133,False,-30.215,-9.842
source_6,110000297133,False,-29.847,-10.186
source_6,110000297133,False,-27.048,-10.159
source_6,110000297133,False,-31.982,-9.539
source_6,110000297133,False,-30.76,-11.138
source_6,110000297133,False,-33.389,-8.97
source_6,110000297133,False,-32.105,-9.923
source_6,110000297134,False,-25.076,-7.975
source_6,110000297134,False,-25.953,-8.907
source_6,110000297134,False,-28.399,-9.1
source_6,110000297134,False,-27.024,-9.46
source_6,110000297134,False,-31.094,-9.627
source_6,110000297134,False,-29.204,-9.611
source_6,110000297134,False,-29.176,-7.747
source_6,110000297134,False,-30.065,-8.828
source_7,CP1-SC1-01,False,-41.741,20.599
source_7,CP1-SC1-01,False,-41.904,19.62
source_7,CP1-SC1-01,False,-42.885,18.954
source_7,CP1-SC1-01,False,-45.755,22.745
source_7,CP1-SC1-01,False,-44.333,23.114
source_7,CP1-SC1-01,False,-44.387,19.813
source_7,CP1-SC1-01,False,-46.776,21.921
source_7,CP1-SC1-01,False,-44.496,19.527
source_7,CP1-SC1-04,False,-44.81,21.651
source_7,CP1-SC1-04,False,-43.837,19.366
source_7,CP1-SC1-04,False,-48.382,24.905
source_7,CP1-SC1-04,False,-44.244,20.689
source_7,CP1-SC1-04,False,-48.404,21.576
source_7,CP1-SC1-04,False,-47.684,17.796
source_7,CP1-SC1-04,False,-48.898,22.233
source_7,CP1-SC1-04,False,-51.79,17.548
source_7,CP1-SC1-05,False,-41.302,20.499
source_7,CP1-SC1-05,False,-41.138,18.658
source_7,CP1-SC1-05,False,-42.643,20.269
source_7,CP1-SC1-05,False,-45.984,21.221
source_7,CP1-SC1-05,False,-44.396,21.149
source_7,CP1-SC1-05,False,-50.2,23.051
source_7,CP1-SC1-05,False,-47.015,22.4
source_7,CP1-SC1-05,False,-52.218,20.866
source_7,CP1-SC1-06,False,-45.562,20.17
source_7,CP1-SC1-06,False,-45.572,21.192
source_7,CP1-SC1-06,False,-41.633,20.922
source_7,CP1-SC1-06,False,-45.183,23.246
source_7,CP1-SC1-06,False,-41.422,21.408
source_7,CP1-SC1-06,False,-45.099,23.11
source_7,CP1-SC1-06,False,-49.838,21.147
source_7,CP1-SC1-06,False,-45.681,22.545
source_7,CP1-SC1-07,False,-51.458,25.934
source_7,CP1-SC1-07,False,-42.945,19.651
source_7,CP1-SC1-07,False,-44.674,23.286
source_7,CP1-SC1-07,False,-41.784,20.946
source_7,CP1-SC1-07,False,-41.794,22.744
source_7,CP1-SC1-07,False,-39.724,18.024
source_7,CP1-SC1-07,False,-44.63,18.929
source_7,CP1-SC1-07,False,-47.078,21.986
source_7,CP1-SC1-08,False,-40.019,21.004
source_7,CP1-SC1-08,False,-43.634,22.301
source_7,CP1-SC1-08,False,-45.715,23.688
source_7,CP1-SC1-08,False,-42.908,21.524
source_7,CP1-SC1-08,False,-45.414,23.511
source_7,CP1-SC1-08,False,-46.421,22.982
source_7,CP1-SC1-08,False,-47.579,23.074
source_7,CP1-SC1-08,False,-45.594,21.347
source_7,CP1-SC1-09,False,-42.979,20.065
source_7,CP1-SC1-09,False,-39.653,20.43
source_7,CP1-SC1-09,False,-42.711,21.939
source_7,CP1-SC1-09,False,-42.299,21.813
source_7,CP1-SC1-09,False,-42.619,21.525
source_7,CP1-SC1-09,False,-44.901,21.909
source_7,CP1-SC1-09,False,-42.999,20.994
source_7,CP1-SC1-09,False,-44.778,19.563
source_7,CP1-SC1-10,False,-42.47,21.852
source_7,CP1-SC1-10,False,-44.403,21.172
source_7,CP1-SC1-10,False,-44.129,22.785
source_7,CP1-SC1-10,False,-45.54,24.971
source_7,CP1-SC1-10,False,-45.906,22.862
source_7,CP1-SC1-10,False,-45.442,22.071
source_7,CP1-SC1-10,False,-49.228,23.691
source_7,CP1-SC1-10,False,-48.967,23.586
source_7,CP1-SC1-11,False,-44.267,22.802
source_7,CP1-SC1-11,False,-44.804,21.429
source_7,CP1-SC1-11,False,-43.182,21.44
source_7,CP1-SC1-11,False,-47.581,24.351
source_7,CP1-SC1-11,False,-45.235,24.289
source_7,CP1-SC1-11,False,-45.974,23.393
source_7,CP1-SC1-11,False,-50.178,24.896
source_7,CP1-SC1-11,False,-42.581,20.343
source_7,CP1-SC1-12,False,-42.317,23.065
source_7,CP1-SC1-12,False,-40.473,20.594
source_7,CP1-SC1-12,False,-42.356,23.075
source_7,CP1-SC1-12,False,-42.608,21.81
source_7,CP1-SC1-12,False,-42.427,19.845
source_7,CP1-SC1-12,False,-45.981,22.797
source_7,CP1-SC1-12,False,-48.175,23.895
source_7,CP1-SC1-12,False,-45.461,22.658
source_7,CP1-SC1-13,False,-52.654,25.951
source_7,CP1-SC1-13,False,-40.933,21.672
source_7,CP1-SC1-13,False,-47.574,23.894
source_7,CP1-SC1-13,False,-42.054,20.157
source_7,CP1-SC1-13,False,-41.268,19.662
source_7,CP1-SC1-13,False,-50.854,24.481
source_7,CP1-SC1-13,False,-44.418,20.149
source_7,CP1-SC1-13,False,-44.409,20.742
source_7,CP1-SC1-14,False,-54.446,27.662
source_7,CP1-SC1-14,False,-45.893,23.931
source_7,CP1-SC1-14,False,-46.771,23.861
source_7,CP1-SC1-14,False,-46.343,21.814
source_7,CP1-SC1-14,False,-47.222,20.838
source_7,CP1-SC1-14,False,-53.393,25.789
source_7,CP1-SC1-14,False,-49.63,25.962
source_7,CP1-SC1-14,False,-48.471,21.886
source_7,CP1-SC1-15,False,-42.453,22.753
source_7,CP1-SC1-15,False,-42.197,22.512
source_7,CP1-SC1-15,False,-40.007,21.6
source_7,CP1-SC1-15,False,-41.106,22.327
source_7,CP1-SC1-15,False,-40.917,22.211
source_7,CP1-SC1-15,False,-41.537,22.978
source_7,CP1-SC1-15,False,-41.991,23.828
source_7,CP1-SC1-15,False,-44.389,23.501
source_7,CP1-SC1-16,False,-41.757,21.996
source_7,CP1-SC1-16,False,-38.055,20.78
source_7,CP1-SC1-16,False,-46.736,25.561
source_7,CP1-SC1-16,False,-39.041,21.454
source_7,CP1-SC1-16,False,-43.252,23.327
source_7,CP1-SC1-16,False,-37.058,19.627
source_7,CP1-SC1-16,False,-37.166,19.991
source_7,CP1-SC1-16,False,-38.044,20.29
source_7,CP1-SC1-17,False,-37.162,17.982
source_7,CP1-SC1-17,False,-36.614,18.524
source_7,CP1-SC1-17,False,-37.371,20.902
source_7,CP1-SC1-17,False,-39.166,19.954
source_7,CP1-SC1-17,False,-36.952,20.536
source_7,CP1-SC1-17,False,-35.279,18.13
source_7,CP1-SC1-17,False,-39.201,19.947
source_7,CP1-SC1-17,False,-41.811,21.096
source_7,CP1-SC1-18,False,-35.266,21.041
source_7,CP1-SC1-18,False,-31.981,19.103
source_7,CP1-SC1-18,False,-31.009,17.001
source_7,CP1-SC1-18,False,-31.546,18.427
source_7,CP1-SC1-18,False,-32.156,19.407
source_7,CP1-SC1-18,False,-32.548,18.798
source_7,CP1-SC1-18,False,-34.502,19.379
source_7,CP1-SC1-18,False,-34.004,19.393
source_7,CP1-SC1-19,False,-35.174,22.084
source_7,CP1-SC1-19,False,-37.864,22.152
source_7,CP1-SC1-19,False,-37.442,22.665
source_7,CP1-SC1-19,False,-39.656,21.98
source_7,CP1-SC1-19,False,-36.014,21.801
source_7,CP1-SC1-19,False,-38.009,22.944
source_7,CP1-SC1-19,False,-40.368,20.417
source_7,CP1-SC1-19,False,-39.753,22.21
source_7,CP1-SC1-20,False,-44.87,25.837
source_7,CP1-SC1-20,False,-33.429,21.014
source_7,CP1-SC1-20,False,-38.493,22.437
source_7,CP1-SC1-20,False,-38.054,22.642
source_7,CP1-SC1-20,False,-37.165,22.67
source_7,CP1-SC1-20,False,-38.427,22.589
source_7,CP1-SC1-20,False,-36.058,21.063
source_7,CP1-SC1-20,False,-36.984,21.757
source_7,CP1-SC1-21,False,-34.343,20.108
source_7,CP1-SC1-21,False,-35.244,19.29
source_7,CP1-SC1-21,False,-33.727,21.328
source_7,CP1-SC1-21,False,-39.325,22.493
source_7,CP1-SC1-21,False,-37.049,22.222
source_7,CP1-SC1-21,False,-37.551,21.463
source_7,CP1-SC1-21,False,-36.016,21.366
source_7,CP1-SC1-21,False,-41.708,22.608
source_7,CP1-SC1-22,False,-35.621,20.452
source_7,CP1-SC1-22,False,-38.235,20.58
source_7,CP1-SC1-22,False,-38.601,22.583
source_7,CP1-SC1-22,False,-36.085,20.702
source_7,CP1-SC1-22,False,-35.857,20.641
source_7,CP1-SC1-22,False,-36.048,20.784
source_7,CP1-SC1-22,False,-40.463,21.733
source_7,CP1-SC1-22,False,-37.881,19.84
source_7,CP1-SC1-23,False,-34.678,20.496
source_7,CP1-SC1-23,False,-33.421,20.117
source_7,CP1-SC1-23,False,-32.932,19.319
source_7,CP1-SC1-23,False,-32.958,21.035
source_7,CP1-SC1-23,False,-36.556,21.779
source_7,CP1-SC1-23,False,-33.526,19.8
source_7,CP1-SC1-23,False,-35.829,21.801
source_7,CP1-SC1-23,False,-36.434,19.274
source_7,CP1-SC1-24,False,-37.528,20.578
source_7,CP1-SC1-24,False,-34.087,21.905
source_7,CP1-SC1-24,False,-33.934,20.458
source_7,CP1-SC1-24,False,-35.844,22.817
source_7,CP1-SC1-24,False,-37.479,21.161
source_7,CP1-SC1-24,False,-36.952,20.526
source_7,CP1-SC1-24,False,-36.818,22.651
source_7,CP1-SC1-24,False,-36.085,19.893
source_7,CP2-SC1-01,False,-27.815,14.502
source_7,CP2-SC1-01,False,-23.427,13.672
source_7,CP2-SC1-01,False,-29.378,17.819
source_7,CP2-SC1-01,False,-29.419,15.002
source_7,CP2-SC1-01,False,-30.756,14.981
source_7,CP2-SC1-01,False,-27.963,16.975
source_7,CP2-SC1-01,False,-31.24,16.362
source_7,CP2-SC1-01,False,-31.067,17.921
source_7,CP2-SC1-02,False,-32.686,15.765
source_7,CP2-SC1-02,False,-31.158,15.357
source_7,CP2-SC1-02,False,-31.005,16.707
source_7,CP2-SC1-02,False,-32.515,17.865
source_7,CP2-SC1-02,False,-34.614,18.588
source_7,CP2-SC1-02,False,-33.706,17.715
source_7,CP2-SC1-02,False,-36.715,18.536
source_7,CP2-SC1-02,False,-39.67,19.954
source_7,CP2-SC1-03,False,-36.301,19.631
source_7,CP2-SC1-03,False,-33.696,19.768
source_7,CP2-SC1-03,False,-34.796,20.959
source_7,CP2-SC1-03,False,-33.274,17.607
source_7,CP2-SC1-03,False,-33.26,20.335
source_7,CP2-SC1-03,False,-32.869,18.541
source_7,CP2-SC1-03,False,-36.242,19.096
source_7,CP2-SC1-03,False,-34.078,18.671
source_7,CP2-SC1-04,False,-30.34,15.043
source_7,CP2-SC1-04,False,-30.384,18.645
source_7,CP2-SC1-04,False,-31.746,18.408
source_7,CP2-SC1-04,False,-32.367,20.332
source_7,CP2-SC1-04,False,-32.549,19.576
source_7,CP2-SC1-04,False,-35.582,19.301
source_7,CP2-SC1-04,False,-34.01,18.657
source_7,CP2-SC1-04,False,-35.152,19.969
source_7,CP2-SC1-05,False,-32.464,17.839
source_7,CP2-SC1-05,False,-31.615,20.793
source_7,CP2-SC1-05,False,-32.947,20.305
source_7,CP2-SC1-05,False,-30.584,19.432
source_7,CP2-SC1-05,False,-27.806,19.126
source_7,CP2-SC1-05,False,-34.235,20.875
source_7,CP2-SC1-05,False,-32.618,19.822
source_7,CP2-SC1-05,False,-34.694,20.368
source_7,CP2-SC1-06,False,-35.614,20.696
source_7,CP2-SC1-06,False,-30.156,18.365
source_7,CP2-SC1-06,False,-33.62,19.607
source_7,CP2-SC1-06,False,-34.764,22.435
source_7,CP2-SC1-06,False,-32.851,21.486
source_7,CP2-SC1-06,False,-33.341,19.449
source_7,CP2-SC1-06,False,-32.097,18.746
source_7,CP2-SC1-06,False,-33.634,17.212
source_7,CP2-SC1-07,False,-28.452,17.715
source_7,CP2-SC1-07,False,-30.608,18.215
source_7,CP2-SC1-07,False,-28.808,17.096
source_7,CP2-SC1-07,False,-33.836,21.67
source_7,CP2-SC1-07,False,-32.045,20.11
source_7,CP2-SC1-07,False,-35.983,20.03
source_7,CP2-SC1-07,False,-33.644,19.152
source_7,CP2-SC1-07,False,-32.974,21.775
source_7,CP2-SC1-08,False,-34.187,20.52
source_7,CP2-SC1-08,False,-29.735,19.509
source_7,CP2-SC1-08,False,-31.557,20.206
source_7,CP2-SC1-08,False,-31.54,19.719
source_7,CP2-SC1-08,False,-27.036,17.211
source_7,CP2-SC1-08,False,-31.03,19.51
source_7,CP2-SC1-08,False,-31.669,20.037
source_7,CP2-SC1-08,False,-34.733,20.368
source_7,CP2-SC1-09,False,-31.424,16.736
source_7,CP2-SC1-09,False,-30.654,18.368
source_7,CP2-SC1-09,False,-31.064,17.827
source_7,CP2-SC1-09,False,-31.456,17.045
source_7,CP2-SC1-09,False,-29.931,17.35
source_7,CP2-SC1-09,False,-37.096,21.658
source_7,CP2-SC1-09,False,-36.747,21.082
source_7,CP2-SC1-09,False,-35.808,20.196
source_7,CP2-SC1-10,False,-27.837,17.67
source_7,CP2-SC1-10,False,-31.012,17.989
source_7,CP2-SC1-10,False,-32.381,19.959
source_7,CP2-SC1-10,False,-33.444,20.932
source_7,CP2-SC1-10,False,-34.791,20.5
source_7,CP2-SC1-10,False,-32.034,19.752
source_7,CP2-SC1-10,False,-38.046,22.473
source_7,CP2-SC1-10,False,-34.523,21.198
source_7,CP2-SC1-11,False,-31.507,18.174
source_7,CP2-SC1-11,False,-31.951,18.837
source_7,CP2-SC1-11,False,-36.765,19.883
source_7,CP2-SC1-11,False,-35.905,19.626
source_7,CP2-SC1-11,False,-33.211,19.028
source_7,CP2-SC1-11,False,-35.127,19.38
source_7,CP2-SC1-11,False,-35.99,18.861
source_7,CP2-SC1-11,False,-37.373,18.058
source_7,CP2-SC1-12,False,-41.178,20.937
source_7,CP2-SC1-12,False,-35.594,17.411
source_7,CP2-SC1-12,False,-35.297,19.919
source_7,CP2-SC1-12,False,-33.947,19.4
source_7,CP2-SC1-12,False,-35.501,20.764
source_7,CP2-SC1-12,False,-35.854,20.583
source_7,CP2-SC1-12,False,-39.913,21.016
source_7,CP2-SC1-12,False,-39.114,22.815
source_7,CP2-SC1-13,False,-31.563,20.476
source_7,CP2-SC1-13,False,-31.979,18.508
source_7,CP2-SC1-13,False,-36.228,20.476
source_7,CP2-SC1-13,False,-36.072,20.405
source_7,CP2-SC1-13,False,-34.852,18.244
source_7,CP2-SC1-13,False,-39.363,21.917
source_7,CP2-SC1-13,False,-37.017,19.075
source_7,CP2-SC1-13,False,-34.365,18.599
source_7,CP2-SC1-14,False,-32.04,18.254
source_7,CP2-SC1-14,False,-38.017,18.965
source_7,CP2-SC1-14,False,-36.811,20.937
source_7,CP2-SC1-14,False,-30.32,19.412
source_7,CP2-SC1-14,False,-37.618,21.963
source_7,CP2-SC1-14,False,-38.455,20.921
source_7,CP2-SC1-14,False,-35.957,20.553
source_7,CP2-SC1-14,False,-38.756,21.081
source_7,CP2-SC1-15,False,-41.822,23.306
source_7,CP2-SC1-15,False,-33.191,21.195
source_7,CP2-SC1-15,False,-36.56,21.077
source_7,CP2-SC1-15,False,-36.566,19.699
source_7,CP2-SC1-15,False,-37.663,21.517
source_7,CP2-SC1-15,False,-36.714,20.654
source_7,CP2-SC1-15,False,-37.474,22.685
source_7,CP2-SC1-15,False,-35.838,21.818
source_7,CP2-SC1-16,False,-33.313,17.825
source_7,CP2-SC1-16,False,-31.768,18.498
source_7,CP2-SC1-16,False,-35.318,19.331
source_7,CP2-SC1-16,False,-35.495,21.536
source_7,CP2-SC1-16,False,-34.448,19.849
source_7,CP2-SC1-16,False,-31.453,20.273
source_7,CP2-SC1-16,False,-37.727,21.085
source_7,CP2-SC1-16,False,-36.961,20.792
source_7,CP2-SC1-17,False,-39.504,21.366
source_7,CP2-SC1-17,False,-32.303,20.56
source_7,CP2-SC1-17,False,-35.118,19.854
source_7,CP2-SC1-17,False,-34.571,20.457
source_7,CP2-SC1-17,False,-38.377,22.907
source_7,CP2-SC1-17,False,-33.979,20.254
source_7,CP2-SC1-17,False,-38.543,21.277
source_7,CP2-SC1-17,False,-37.289,21.522
source_7,CP2-SC1-18,False,-37.101,21.835
source_7,CP2-SC1-18,False,-33.738,21.26
source_7,CP2-SC1-18,False,-37.487,22.872
source_7,CP2-SC1-18,False,-37.136,22.461
source_7,CP2-SC1-18,False,-34.236,22.183
source_7,CP2-SC1-18,False,-38.287,21.472
source_7,CP2-SC1-18,False,-40.602,24.511
source_7,CP2-SC1-18,False,-35.119,20.647
source_7,CP2-SC1-19,False,-34.637,23.621
source_7,CP2-SC1-19,False,-32.011,22.268
source_7,CP2-SC1-19,False,-34.731,22.739
source_7,CP2-SC1-19,False,-39.249,21.875
source_7,CP2-SC1-19,False,-37.892,22.476
source_7,CP2-SC1-19,False,-40.036,25.899
source_7,CP2-SC1-19,False,-37.851,21.426
source_7,CP2-SC1-19,False,-33.155,20.632
source_7,CP2-SC1-20,False,-35.325,22.592
source_7,CP2-SC1-20,False,-35.417,22.019
source_7,CP2-SC1-20,False,-37.611,23.073
source_7,CP2-SC1-20,False,-37.419,22.724
source_7,CP2-SC1-20,False,-36.925,22.647
source_7,CP2-SC1-20,False,-37.547,23.667
source_7,CP2-SC1-20,False,-35.42,21.035
source_7,CP2-SC1-20,False,-40.955,23.732
source_7,CP2-SC1-21,False,-41.941,23.903
source_7,CP2-SC1-21,False,-35.788,19.262
source_7,CP2-SC1-21,False,-31.17,18.332
source_7,CP2-SC1-21,False,-30.741,16.225
source_7,CP2-SC1-21,False,-32.525,19.07
source_7,CP2-SC1-21,False,-34.151,21.365
source_7,CP2-SC1-21,False,-35.182,19.124
source_7,CP2-SC1-21,False,-33.474,17.314
source_7,CP2-SC1-22,False,-31.757,17.959
source_7,CP2-SC1-22,False,-37.079,20.008
source_7,CP2-SC1-22,False,-35.896,18.99
source_7,CP2-SC1-22,False,-34.512,17.012
source_7,CP2-SC1-22,False,-31.177,19.413
source_7,CP2-SC1-22,False,-36.907,20.079
source_7,CP2-SC1-22,False,-33.392,19.329
source_7,CP2-SC1-22,False,-36.603,18.702
source_7,CP2-SC1-23,False,-33.126,19.92
source_7,CP2-SC1-23,False,-31.686,19.097
source_7,CP2-SC1-23,False,-36.492,22.007
source_7,CP2-SC1-23,False,-29.249,17.898
source_7,CP2-SC1-23,False,-35.312,19.676
source_7,CP2-SC1-23,False,-36.58,21.707
source_7,CP2-SC1-23,False,-35.553,19.473
source_7,CP2-SC1-23,False,-37.352,18.148
source_7,CP2-SC1-24,False,-32.576,19.059
source_7,CP2-SC1-24,False,-34.751,20.504
source_7,CP2-SC1-24,False,-32.774,20.181
source_7,CP2-SC1-24,False,-33.556,22.392
source_7,CP2-SC1-24,False,-33.627,21.065
source_7,CP2-SC1-24,False,-34.573,20.654
source_7,CP2-SC1-24,False,-30.631,20.052
source_7,CP2-SC1-24,False,-32.631,19.847
source_7,CP3-SC1-02,False,-32.552,19.904
source_7,CP3-SC1-02,False,-35.561,20.274
source_7,CP3-SC1-02,False,-34.734,20.646
source_7,CP3-SC1-02,False,-34.613,19.973
source_7,CP3-SC1-02,False,-39.139,22.949
source_7,CP3-SC1-02,False,-40.287,24.054
source_7,CP3-SC1-02,False,-38.228,21.609
source_7,CP3-SC1-02,False,-36.883,21.468
source_7,CP3-SC1-03,False,-41.262,22.44
source_7,CP3-SC1-03,False,-35.636,18.397
source_7,CP3-SC1-03,False,-34.598,20.068
source_7,CP3-SC1-03,False,-34.58,20.619
source_7,CP3-SC1-03,False,-33.006,18.378
source_7,CP3-SC1-03,False,-34.55,19.354
source_7,CP3-SC1-03,False,-36.196,19.564
source_7,CP3-SC1-03,False,-36.72,19.474
source_7,CP3-SC1-04,False,-35.938,21.228
source_7,CP3-SC1-04,False,-37.566,21.787
source_7,CP3-SC1-04,False,-32.449,18.739
source_7,CP3-SC1-04,False,-33.62,20.275
source_7,CP3-SC1-04,False,-33.245,19.792
source_7,CP3-SC1-04,False,-41.874,21.768
source_7,CP3-SC1-04,False,-33.915,17.741
source_7,CP3-SC1-04,False,-42.136,21.004
source_7,CP3-SC1-05,False,-32.398,22.85
source_7,CP3-SC1-05,False,-35.006,21.615
source_7,CP3-SC1-05,False,-34.938,20.565
source_7,CP3-SC1-05,False,-32.49,20.525
source_7,CP3-SC1-05,False,-33.938,20.661
source_7,CP3-SC1-05,False,-35.585,20.64
source_7,CP3-SC1-05,False,-32.062,20.819
source_7,CP3-SC1-05,False,-35.566,20.952
source_7,CP3-SC1-06,False,-35.558,21.706
source_7,CP3-SC1-06,False,-39.327,22.879
source_7,CP3-SC1-06,False,-37.118,22.126
source_7,CP3-SC1-06,False,-40.111,23.149
source_7,CP3-SC1-06,False,-30.126,19.317
source_7,CP3-SC1-06,False,-36.119,19.995
source_7,CP3-SC1-06,False,-41.707,22.253
source_7,CP3-SC1-06,False,-38.079,21.096
source_7,CP3-SC1-07,False,-33.287,21.961
source_7,CP3-SC1-07,False,-32.791,20.565
source_7,CP3-SC1-07,False,-30.609,19.204
source_7,CP3-SC1-07,False,-31.339,21.351
source_7,CP3-SC1-07,False,-35.739,21.999
source_7,CP3-SC1-07,False,-30.967,20.353
source_7,CP3-SC1-07,False,-31.859,18.72
source_7,CP3-SC1-07,False,-35.563,21.273
source_7,CP3-SC1-08,False,-30.78,19.602
source_7,CP3-SC1-08,False,-28.071,19.309
source_7,CP3-SC1-08,False,-33.864,21.879
source_7,CP3-SC1-08,False,-30.346,20.231
source_7,CP3-SC1-08,False,-31.454,21.213
source_7,CP3-SC1-08,False,-31.486,19.771
source_7,CP3-SC1-08,False,-29.843,19.576
source_7,CP3-SC1-08,False,-31.829,19.421
source_7,CP3-SC1-09,False,-26.459,17.269
source_7,CP3-SC1-09,False,-28.841,19.156
source_7,CP3-SC1-09,False,-24.437,17.485
source_7,CP3-SC1-09,False,-29.956,18.463
source_7,CP3-SC1-09,False,-24.766,16.827
source_7,CP3-SC1-09,False,-31.184,19.284
source_7,CP3-SC1-09,False,-30.643,17.966
source_7,CP3-SC1-09,False,-35.596,18.912
source_7,CP3-SC1-10,False,-26.653,18.615
source_7,CP3-SC1-10,False,-27.301,19.068
source_7,CP3-SC1-10,False,-27.435,18.321
source_7,CP3-SC1-10,False,-27.86,18.018
source_7,CP3-SC1-10,False,-30.751,19.792
source_7,CP3-SC1-10,False,-28.998,18.873
source_7,CP3-SC1-10,False,-28.802,17.212
source_7,CP3-SC1-10,False,-35.41,19.514
source_7,CP3-SC1-11,False,-30.466,16.714
source_7,CP3-SC1-11,False,-30.431,19.882
source_7,CP3-SC1-11,False,-31.279,19.579
source_7,CP3-SC1-11,False,-30.45,18.645
source_7,CP3-SC1-11,False,-34.96,20.187
source_7,CP3-SC1-11,False,-31.18,20.204
source_7,CP3-SC1-11,False,-35.047,20.878
source_7,CP3-SC1-11,False,-34.066,18.58
source_7,CP3-SC1-12,False,-29.619,17.69
source_7,CP3-SC1-12,False,-30.383,18.903
source_7,CP3-SC1-12,False,-32.37,18.485
source_7,CP3-SC1-12,False,-34.878,19.86
source_7,CP3-SC1-12,False,-34.488,21.246
source_7,CP3-SC1-12,False,-34.833,18.864
source_7,CP3-SC1-12,False,-34.119,18.921
source_7,CP3-SC1-12,False,-34.895,17.686
source_7,CP3-SC1-13,False,-32.151,17.132
source_7,CP3-SC1-13,False,-31.379,18.453
source_7,CP3-SC1-13,False,-29.402,18.175
source_7,CP3-SC1-13,False,-32.16,18.969
source_7,CP3-SC1-13,False,-32.79,19.937
source_7,CP3-SC1-13,False,-36.698,22.318
source_7,CP3-SC1-13,False,-36.275,21.386
source_7,CP3-SC1-13,False,-35.936,20.847
source_7,CP3-SC1-14,False,-40.767,23.262
source_7,CP3-SC1-14,False,-36.979,21.0
source_7,CP3-SC1-14,False,-37.143,21.656
source_7,CP3-SC1-14,False,-39.49,22.964
source_7,CP3-SC1-14,False,-41.964,25.022
source_7,CP3-SC1-14,False,-37.095,21.317
source_7,CP3-SC1-14,False,-38.394,21.155
source_7,CP3-SC1-14,False,-36.082,17.785
source_7,CP3-SC1-15,False,-38.079,22.066
source_7,CP3-SC1-15,False,-39.232,21.677
source_7,CP3-SC1-15,False,-32.034,20.344
source_7,CP3-SC1-15,False,-28.584,19.701
source_7,CP3-SC1-15,False,-32.82,21.392
source_7,CP3-SC1-15,False,-33.451,21.538
source_7,CP3-SC1-15,False,-39.431,22.582
source_7,CP3-SC1-15,False,-38.19,20.289
source_7,CP3-SC1-16,False,-31.75,18.075
source_7,CP3-SC1-16,False,-29.895,18.01
source_7,CP3-SC1-16,False,-32.573,19.738
source_7,CP3-SC1-16,False,-30.311,17.888
source_7,CP3-SC1-16,False,-32.94,19.6
source_7,CP3-SC1-16,False,-28.599,18.283
source_7,CP3-SC1-16,False,-31.507,19.03
source_7,CP3-SC1-16,False,-34.595,19.168
source_7,CP3-SC1-17,False,-28.199,18.965
source_7,CP3-SC1-17,False,-30.611,19.41
source_7,CP3-SC1-17,False,-31.976,20.106
source_7,CP3-SC1-17,False,-33.106,21.936
source_7,CP3-SC1-17,False,-32.766,21.282
source_7,CP3-SC1-17,False,-29.93,19.867
source_7,CP3-SC1-17,False,-34.673,20.531
source_7,CP3-SC1-17,False,-33.939,20.609
source_7,CP3-SC1-18,False,-32.664,18.543
source_7,CP3-SC1-18,False,-32.884,21.089
source_7,CP3-SC1-18,False,-30.82,20.474
source_7,CP3-SC1-18,False,-30.38,19.73
source_7,CP3-SC1-18,False,-30.952,20.744
source_7,CP3-SC1-18,False,-30.144,20.356
source_7,CP3-SC1-18,False,-30.986,20.089
source_7,CP3-SC1-18,False,-34.082,19.712
source_7,CP3-SC1-19,False,-27.288,21.125
source_7,CP3-SC1-19,False,-32.474,21.8
source_7,CP3-SC1-19,False,-28.365,21.68
source_7,CP3-SC1-19,False,-32.938,22.371
source_7,CP3-SC1-19,False,-35.945,23.513
source_7,CP3-SC1-19,False,-30.433,21.496
source_7,CP3-SC1-19,False,-35.813,21.72
source_7,CP3-SC1-19,False,-35.417,23.122
source_7,CP3-SC1-20,False,-34.905,20.5
source_7,CP3-SC1-20,False,-24.865,17.476
source_7,CP3-SC1-20,False,-28.86,18.928
source_7,CP3-SC1-20,False,-31.219,20.105
source_7,CP3-SC1-20,False,-30.155,20.406
source_7,CP3-SC1-20,False,-32.473,20.804
source_7,CP3-SC1-20,False,-29.336,18.007
source_7,CP3-SC1-20,False,-36.99,20.665
source_7,CP3-SC1-21,False,-32.612,16.819
source_7,CP3-SC1-21,False,-27.991,16.009
source_7,CP3-SC1-21,False,-29.196,18.82
source_7,CP3-SC1-21,False,-29.894,18.045
source_7,CP3-SC1-21,False,-33.282,20.564
source_7,CP3-SC1-21,False,-31.076,18.412
source_7,CP3-SC1-21,False,-34.366,21.239
source_7,CP3-SC1-21,False,-33.336,19.282
source_7,CP3-SC1-22,False,-34.433,19.872
source_7,CP3-SC1-22,False,-33.207,17.871
source_7,CP3-SC1-22,False,-32.414,17.186
source_7,CP3-SC1-22,False,-35.897,18.075
source_7,CP3-SC1-22,False,-34.452,19.436
source_7,CP3-SC1-22,False,-37.35,20.827
source_7,CP3-SC1-22,False,-35.791,19.307
source_7,CP3-SC1-22,False,-35.239,17.603
source_7,CP3-SC1-23,False,-27.891,18.059
source_7,CP3-SC1-23,False,-30.757,18.955
source_7,CP3-SC1-23,False,-33.453,19.591
source_7,CP3-SC1-23,False,-30.795,19.699
source_7,CP3-SC1-23,False,-31.441,18.483
source_7,CP3-SC1-23,False,-34.669,18.949
source_7,CP3-SC1-23,False,-35.683,19.908
source_7,CP3-SC1-23,False,-37.208,20.46
source_7,CP3-SC1-24,False,-26.88,18.043
source_7,CP3-SC1-24,False,-26.7,16.28
source_7,CP3-SC1-24,False,-25.698,16.736
source_7,CP3-SC1-24,False,-26.491,16.408
source_7,CP3-SC1-24,False,-28.888,17.443
source_7,CP3-SC1-24,False,-29.987,18.366
source_7,CP3-SC1-24,False,-29.369,17.988
source_7,CP3-SC1-24,False,-30.555,18.628
source_7,CP3-SC2-24M,False,-25.171,15.203
source_7,CP3-SC2-24M,False,-23.446,19.117
source_7,CP3-SC2-24M,False,-23.273,16.424
source_7,CP3-SC2-24M,False,-23.602,17.363
source_7,CP3-SC2-24M,False,-27.107,16.706
source_7,CP3-SC2-24M,False,-25.901,16.342
source_7,CP3-SC2-24M,False,-25.906,16.995
source_7,CP3-SC2-24M,False,-27.429,18.555
source_7,CP4-SC1-05,False,-55.157,18.987
source_7,CP4-SC1-05,False,-50.043,12.434
source_7,CP4-SC1-05,False,-50.116,12.835
source_7,CP4-SC1-05,False,-52.119,14.58
source_7,CP4-SC1-05,False,-50.111,12.048
source_7,CP4-SC1-05,False,-53.198,15.255
source_7,CP4-SC1-05,False,-51.871,14.19
source_7,CP4-SC1-05,False,-60.2,10.766
source_7,CP4-SC1-06,False,-50.945,16.784
source_7,CP4-SC1-06,False,-54.321,13.189
source_7,CP4-SC1-06,False,-54.946,18.068
source_7,CP4-SC1-06,False,-52.892,13.58
source_7,CP4-SC1-06,False,-54.137,13.732
source_7,CP4-SC1-06,False,-52.974,17.349
source_7,CP4-SC1-06,False,-64.51,12.444
source_7,CP4-SC1-06,False,-65.553,12.686
source_7,CP4-SC1-07,False,-46.741,17.521
source_7,CP4-SC1-07,False,-53.253,13.208
source_7,CP4-SC1-07,False,-51.932,13.265
source_7,CP4-SC1-07,False,-49.703,15.475
source_7,CP4-SC1-07,False,-54.628,16.684
source_7,CP4-SC1-07,False,-52.197,9.49
source_7,CP4-SC1-07,False,-51.948,9.238
source_7,CP4-SC1-07,False,-53.925,10.471
source_7,CP4-SC1-08,False,-43.372,12.473
source_7,CP4-SC1-08,False,-47.864,15.671
source_7,CP4-SC1-08,False,-44.401,14.983
source_7,CP4-SC1-08,False,-42.912,15.925
source_7,CP4-SC1-08,False,-48.224,15.875
source_7,CP4-SC1-08,False,-45.924,17.468
source_7,CP4-SC1-08,False,-51.664,15.942
source_7,CP4-SC1-08,False,-51.883,13.638
source_7,CP4-SC1-09,False,-43.801,13.164
source_7,CP4-SC1-09,False,-39.696,17.872
source_7,CP4-SC1-09,False,-39.118,17.04
source_7,CP4-SC1-09,False,-37.353,15.595
source_7,CP4-SC1-09,False,-44.481,15.038
source_7,CP4-SC1-09,False,-42.21,18.235
source_7,CP4-SC1-09,False,-39.817,17.254
source_7,CP4-SC1-09,False,-42.39,12.471
source_7,CP4-SC1-10,False,-42.253,16.751
source_7,CP4-SC1-10,False,-45.335,19.642
source_7,CP4-SC1-10,False,-46.648,18.018
source_7,CP4-SC1-10,False,-39.687,18.396
source_7,CP4-SC1-10,False,-42.326,14.977
source_7,CP4-SC1-10,False,-44.271,15.293
source_7,CP4-SC1-10,False,-44.37,16.033
source_7,CP4-SC1-10,False,-42.774,17.436
source_7,CP4-SC1-11,False,-35.143,15.506
source_7,CP4-SC1-11,False,-37.686,16.306
source_7,CP4-SC1-11,False,-43.37,21.409
source_7,CP4-SC1-11,False,-40.153,17.698
source_7,CP4-SC1-11,False,-36.461,18.484
source_7,CP4-SC1-11,False,-43.194,17.488
source_7,CP4-SC1-11,False,-42.957,17.463
source_7,CP4-SC1-11,False,-43.636,20.286
source_7,CP4-SC1-12,False,-35.802,16.335
source_7,CP4-SC1-12,False,-37.495,18.496
source_7,CP4-SC1-12,False,-38.523,19.709
source_7,CP4-SC1-12,False,-37.018,18.601
source_7,CP4-SC1-12,False,-39.364,19.221
source_7,CP4-SC1-12,False,-38.337,18.533
source_7,CP4-SC1-12,False,-42.005,17.713
source_7,CP4-SC1-12,False,-40.857,16.447
source_7,CP4-SC1-13,False,-34.11,15.507
source_7,CP4-SC1-13,False,-33.774,17.373
source_7,CP4-SC1-13,False,-33.343,17.172
source_7,CP4-SC1-13,False,-35.597,17.061
source_7,CP4-SC1-13,False,-34.886,18.541
source_7,CP4-SC1-13,False,-33.966,16.511
source_7,CP4-SC1-13,False,-40.079,20.721
source_7,CP4-SC1-13,False,-36.953,20.496
source_7,CP4-SC1-14,False,-30.981,18.143
source_7,CP4-SC1-14,False,-38.363,21.67
source_7,CP4-SC1-14,False,-36.787,21.714
source_7,CP4-SC1-14,False,-34.83,17.623
source_7,CP4-SC1-14,False,-34.542,19.548
source_7,CP4-SC1-14,False,-39.124,20.753
source_7,CP4-SC1-14,False,-36.855,16.751
source_7,CP4-SC1-14,False,-35.06,16.406
source_7,CP4-SC1-15,False,-30.441,17.578
source_7,CP4-SC1-15,False,-35.414,19.358
source_7,CP4-SC1-15,False,-35.172,21.123
source_7,CP4-SC1-15,False,-30.913,20.184
source_7,CP4-SC1-15,False,-37.871,21.938
source_7,CP4-SC1-15,False,-36.886,21.22
source_7,CP4-SC1-15,False,-35.37,19.496
source_7,CP4-SC1-15,False,-35.187,16.194
source_7,CP4-SC1-16,False,-34.448,18.829
source_7,CP4-SC1-16,False,-35.089,17.718
source_7,CP4-SC1-16,False,-36.343,18.475
source_7,CP4-SC1-16,False,-32.803,18.551
source_7,CP4-SC1-16,False,-33.263,19.752
source_7,CP4-SC1-16,False,-32.885,18.824
source_7,CP4-SC1-16,False,-34.858,17.254
source_7,CP4-SC1-16,False,-36.716,20.206
source_7,CP4-SC1-17,False,-33.031,17.421
source_7,CP4-SC1-17,False,-34.018,18.165
source_7,CP4-SC1-17,False,-33.772,16.803
source_7,CP4-SC1-17,False,-32.004,19.798
source_7,CP4-SC1-17,False,-35.694,19.492
source_7,CP4-SC1-17,False,-35.792,19.995
source_7,CP4-SC1-17,False,-38.885,18.217
source_7,CP4-SC1-17,False,-37.361,18.119
source_7,CP4-SC1-19,False,-36.059,21.247
source_7,CP4-SC1-19,False,-34.721,20.799
source_7,CP4-SC1-19,False,-37.928,22.887
source_7,CP4-SC1-19,False,-37.353,19.044
source_7,CP4-SC1-19,False,-33.61,21.532
source_7,CP4-SC1-19,False,-35.534,20.881
source_7,CP4-SC1-19,False,-35.567,19.855
source_7,CP4-SC1-19,False,-38.122,22.806
source_7,CP4-SC1-20,False,-39.556,21.14
source_7,CP4-SC1-20,False,-34.818,20.017
source_7,CP4-SC1-20,False,-33.718,19.233
source_7,CP4-SC1-20,False,-33.566,20.16
source_7,CP4-SC1-20,False,-35.338,20.511
source_7,CP4-SC1-20,False,-36.891,19.079
source_7,CP4-SC1-20,False,-34.943,19.175
source_7,CP4-SC1-20,False,-36.306,21.424
source_7,CP4-SC1-21,False,-36.332,18.546
source_7,CP4-SC1-21,False,-31.062,18.226
source_7,CP4-SC1-21,False,-33.717,21.25
source_7,CP4-SC1-21,False,-33.026,19.649
source_7,CP4-SC1-21,False,-30.489,19.65
source_7,CP4-SC1-21,False,-34.503,18.265
source_7,CP4-SC1-21,False,-37.551,19.751
source_7,CP4-SC1-21,False,-32.804,15.632
source_7,CP4-SC1-22,False,-34.391,20.727
source_7,CP4-SC1-22,False,-33.219,19.41
source_7,CP4-SC1-22,False,-32.29,20.634
source_7,CP4-SC1-22,False,-31.088,19.202
source_7,CP4-SC1-22,False,-38.149,20.599
source_7,CP4-SC1-22,False,-31.065,20.392
source_7,CP4-SC1-22,False,-36.555,21.009
source_7,CP4-SC1-22,False,-37.304,17.223
source_7,CP4-SC1-23,False,-30.23,18.152
source_7,CP4-SC1-23,False,-31.736,18.297
source_7,CP4-SC1-23,False,-31.577,20.792
source_7,CP4-SC1-23,False,-30.994,19.141
source_7,CP4-SC1-23,False,-32.075,18.35
source_7,CP4-SC1-23,False,-32.646,19.999
source_7,CP4-SC1-23,False,-31.456,18.732
source_7,CP4-SC1-23,False,-34.286,17.766
source_7,CP4-SC1-24,False,-37.087,20.033
source_7,CP4-SC1-24,False,-35.053,21.086
source_7,CP4-SC1-24,False,-32.765,19.052
source_7,CP4-SC1-24,False,-34.234,20.081
source_7,CP4-SC1-24,False,-34.123,20.386
source_7,CP4-SC1-24,False,-33.394,18.043
source_7,CP4-SC1-24,False,-33.583,18.096
source_7,CP4-SC1-24,False,-31.881,20.004
source_7,CP5-SC1-01,False,-44.891,23.743
source_7,CP5-SC1-01,False,-46.477,18.441
source_7,CP5-SC1-01,False,-47.385,19.498
source_7,CP5-SC1-01,False,-47.636,20.286
source_7,CP5-SC1-01,False,-43.168,20.615
source_7,CP5-SC1-01,False,-42.428,19.435
source_7,CP5-SC1-01,False,-42.261,23.349
source_7,CP5-SC1-01,False,-46.711,20.235
source_7,CP5-SC1-03,False,-41.631,17.291
source_7,CP5-SC1-03,False,-43.053,20.575
source_7,CP5-SC1-03,False,-39.299,18.829
source_7,CP5-SC1-03,False,-39.335,19.767
source_7,CP5-SC1-03,False,-44.005,20.611
source_7,CP5-SC1-03,False,-36.895,18.156
source_7,CP5-SC1-03,False,-47.279,21.307
source_7,CP5-SC1-03,False,-38.728,20.683
source_7,CP5-SC1-04,False,-45.306,21.36
source_7,CP5-SC1-04,False,-43.509,22.23
source_7,CP5-SC1-04,False,-41.661,20.363
source_7,CP5-SC1-04,False,-34.686,17.886
source_7,CP5-SC1-04,False,-36.114,18.313
source_7,CP5-SC1-04,False,-44.28,20.656
source_7,CP5-SC1-04,False,-36.711,17.841
source_7,CP5-SC1-04,False,-44.661,20.371
source_7,CP5-SC1-05,False,-41.803,19.404
source_7,CP5-SC1-05,False,-41.15,21.372
source_7,CP5-SC1-05,False,-44.197,20.783
source_7,CP5-SC1-05,False,-40.019,20.274
source_7,CP5-SC1-05,False,-40.598,21.358
source_7,CP5-SC1-05,False,-45.452,23.09
source_7,CP5-SC1-05,False,-43.781,21.597
source_7,CP5-SC1-05,False,-43.079,22.081
source_7,CP5-SC1-06,False,-46.8,22.472
source_7,CP5-SC1-06,False,-47.941,24.063
source_7,CP5-SC1-06,False,-46.795,24.083
source_7,CP5-SC1-06,False,-48.037,24.832
source_7,CP5-SC1-06,False,-43.858,23.623
source_7,CP5-SC1-06,False,-49.584,25.059
source_7,CP5-SC1-06,False,-46.654,22.956
source_7,CP5-SC1-06,False,-47.56,24.411
source_7,CP5-SC1-07,False,-40.668,20.13
source_7,CP5-SC1-07,False,-40.936,20.814
source_7,CP5-SC1-07,False,-41.129,21.194
source_7,CP5-SC1-07,False,-40.504,22.193
source_7,CP5-SC1-07,False,-40.06,20.928
source_7,CP5-SC1-07,False,-43.802,22.789
source_7,CP5-SC1-07,False,-42.977,21.815
source_7,CP5-SC1-07,False,-46.408,24.369
source_7,CP5-SC1-08,False,-39.067,19.609
source_7,CP5-SC1-08,False,-37.23,19.795
source_7,CP5-SC1-08,False,-40.246,20.139
source_7,CP5-SC1-08,False,-34.495,18.694
source_7,CP5-SC1-08,False,-36.904,20.405
source_7,CP5-SC1-08,False,-34.501,18.362
source_7,CP5-SC1-08,False,-33.964,18.295
source_7,CP5-SC1-08,False,-35.305,20.448
source_7,CP5-SC1-09,False,-31.369,14.77
source_7,CP5-SC1-09,False,-34.59,17.656
source_7,CP5-SC1-09,False,-30.456,17.502
source_7,CP5-SC1-09,False,-34.742,19.775
source_7,CP5-SC1-09,False,-34.857,19.457
source_7,CP5-SC1-09,False,-33.537,19.44
source_7,CP5-SC1-09,False,-39.902,22.331
source_7,CP5-SC1-09,False,-39.1,19.994
source_7,CP5-SC1-10,False,-38.832,21.376
source_7,CP5-SC1-10,False,-43.164,22.513
source_7,CP5-SC1-10,False,-39.389,21.133
source_7,CP5-SC1-10,False,-40.458,22.784
source_7,CP5-SC1-10,False,-37.002,21.749
source_7,CP5-SC1-10,False,-41.107,22.227
source_7,CP5-SC1-10,False,-108.619,46.452
source_7,CP5-SC1-10,False,-38.182,22.375
source_7,CP5-SC1-11,False,-36.053,19.734
source_7,CP5-SC1-11,False,-35.641,18.896
source_7,CP5-SC1-11,False,-35.151,19.876
source_7,CP5-SC1-11,False,-35.293,18.159
source_7,CP5-SC1-11,False,-40.771,21.543
source_7,CP5-SC1-11,False,-39.635,20.896
source_7,CP5-SC1-11,False,-41.317,20.858
source_7,CP5-SC1-11,False,-37.066,17.882
source_7,CP5-SC1-12,False,-43.956,22.584
source_7,CP5-SC1-12,False,-39.22,19.848
source_7,CP5-SC1-12,False,-33.012,16.298
source_7,CP5-SC1-12,False,-38.492,19.218
source_7,CP5-SC1-12,False,-38.062,20.053
source_7,CP5-SC1-12,False,-37.788,20.036
source_7,CP5-SC1-12,False,-34.529,18.616
source_7,CP5-SC1-12,False,-41.189,19.222
source_7,CP5-SC1-13,False,-36.029,16.783
source_7,CP5-SC1-13,False,-35.229,18.665
source_7,CP5-SC1-13,False,-37.432,18.89
source_7,CP5-SC1-13,False,-34.528,18.257
source_7,CP5-SC1-13,False,-35.8,18.504
source_7,CP5-SC1-13,False,-36.561,19.645
source_7,CP5-SC1-13,False,-37.182,19.475
source_7,CP5-SC1-13,False,-35.053,17.458
source_7,CP5-SC1-14,False,-44.09,23.053
source_7,CP5-SC1-14,False,-40.307,19.02
source_7,CP5-SC1-14,False,-35.344,18.087
source_7,CP5-SC1-14,False,-34.228,20.81
source_7,CP5-SC1-14,False,-36.983,19.425
source_7,CP5-SC1-14,False,-35.853,18.746
source_7,CP5-SC1-14,False,-37.579,18.935
source_7,CP5-SC1-14,False,-39.392,21.244
source_7,CP5-SC1-15,False,-41.556,21.844
source_7,CP5-SC1-15,False,-40.73,20.604
source_7,CP5-SC1-15,False,-36.175,20.306
source_7,CP5-SC1-15,False,-37.056,19.196
source_7,CP5-SC1-15,False,-40.606,23.596
source_7,CP5-SC1-15,False,-38.518,21.494
source_7,CP5-SC1-15,False,-43.809,24.331
source_7,CP5-SC1-15,False,-41.533,22.336
source_7,CP5-SC1-16,False,-41.361,19.357
source_7,CP5-SC1-16,False,-33.802,17.226
source_7,CP5-SC1-16,False,-37.384,17.799
source_7,CP5-SC1-16,False,-38.932,21.741
source_7,CP5-SC1-16,False,-39.859,20.304
source_7,CP5-SC1-16,False,-40.031,19.57
source_7,CP5-SC1-16,False,-42.796,21.54
source_7,CP5-SC1-16,False,-46.948,23.561
source_7,CP5-SC1-17,False,-40.482,21.209
source_7,CP5-SC1-17,False,-41.644,21.527
source_7,CP5-SC1-17,False,-38.986,20.851
source_7,CP5-SC1-17,False,-36.365,18.915
source_7,CP5-SC1-17,False,-36.98,21.515
source_7,CP5-SC1-17,False,-38.469,23.997
source_7,CP5-SC1-17,False,-33.832,20.192
source_7,CP5-SC1-17,False,-39.417,21.468
source_7,CP5-SC1-18,False,-34.979,18.535
source_7,CP5-SC1-18,False,-37.497,19.389
source_7,CP5-SC1-18,False,-30.172,15.655
source_7,CP5-SC1-18,False,-38.435,21.502
source_7,CP5-SC1-18,False,-36.838,18.4
source_7,CP5-SC1-18,False,-38.02,19.635
source_7,CP5-SC1-18,False,-39.591,20.51
source_7,CP5-SC1-18,False,-41.723,21.87
source_7,CP5-SC1-19,False,-39.016,20.716
source_7,CP5-SC1-19,False,-41.765,20.404
source_7,CP5-SC1-19,False,-36.285,20.795
source_7,CP5-SC1-19,False,-33.895,19.858
source_7,CP5-SC1-19,False,-37.938,22.725
source_7,CP5-SC1-19,False,-35.952,21.208
source_7,CP5-SC1-19,False,-42.621,25.148
source_7,CP5-SC1-19,False,-42.276,24.769
source_7,CP5-SC1-20,False,-41.894,20.499
source_7,CP5-SC1-20,False,-34.957,19.664
source_7,CP5-SC1-20,False,-37.896,21.098
source_7,CP5-SC1-20,False,-35.496,17.783
source_7,CP5-SC1-20,False,-40.603,20.62
source_7,CP5-SC1-20,False,-41.882,22.166
source_7,CP5-SC1-20,False,-38.181,19.561
source_7,CP5-SC1-20,False,-32.217,17.816
source_7,CP5-SC1-21,False,-41.187,22.207
source_7,CP5-SC1-21,False,-41.352,22.892
source_7,CP5-SC1-21,False,-38.227,21.284
source_7,CP5-SC1-21,False,-39.736,22.955
source_7,CP5-SC1-21,False,-36.05,20.677
source_7,CP5-SC1-21,False,-39.628,22.573
source_7,CP5-SC1-21,False,-35.677,21.601
source_7,CP5-SC1-21,False,-38.359,20.988
source_7,CP5-SC1-22,False,-43.066,23.753
source_7,CP5-SC1-22,False,-36.671,20.593
source_7,CP5-SC1-22,False,-37.274,21.307
source_7,CP5-SC1-22,False,-39.924,21.487
source_7,CP5-SC1-22,False,-35.338,19.773
source_7,CP5-SC1-22,False,-35.773,18.69
source_7,CP5-SC1-22,False,-38.32,21.821
source_7,CP5-SC1-22,False,-39.319,19.702
source_7,CP5-SC1-23,False,-39.907,20.619
source_7,CP5-SC1-23,False,-32.919,20.88
source_7,CP5-SC1-23,False,-41.536,22.011
source_7,CP5-SC1-23,False,-35.08,19.857
source_7,CP5-SC1-23,False,-39.466,23.129
source_7,CP5-SC1-23,False,-36.657,20.808
source_7,CP5-SC1-23,False,-37.319,22.093
source_7,CP5-SC1-23,False,-36.582,20.837
source_7,CP5-SC1-24,False,-37.259,19.368
source_7,CP5-SC1-24,False,-36.648,19.752
source_7,CP5-SC1-24,False,-34.324,19.108
source_7,CP5-SC1-24,False,-34.036,18.396
source_7,CP5-SC1-24,False,-29.574,16.35
source_7,CP5-SC1-24,False,-35.135,19.474
source_7,CP5-SC1-24,False,-32.388,16.679
source_7,CP5-SC1-24,False,-34.852,18.697
source_7,CP6-SC1-01,False,-38.733,21.684
source_7,CP6-SC1-01,False,-34.599,19.565
source_7,CP6-SC1-01,False,-37.078,22.125
source_7,CP6-SC1-01,False,-39.61,22.312
source_7,CP6-SC1-01,False,-38.626,22.329
source_7,CP6-SC1-01,False,-37.72,22.953
source_7,CP6-SC1-01,False,-35.922,20.628
source_7,CP6-SC1-01,False,-39.356,21.924
source_7,CP6-SC1-02,False,-27.562,18.565
source_7,CP6-SC1-02,False,-27.921,21.466
source_7,CP6-SC1-02,False,-20.442,18.524
source_7,CP6-SC1-02,False,-24.733,18.851
source_7,CP6-SC1-02,False,-25.203,20.484
source_7,CP6-SC1-02,False,-26.578,22.209
source_7,CP6-SC1-02,False,-29.506,21.342
source_7,CP6-SC1-02,False,-36.252,17.262
source_7,CP6-SC1-03,False,-39.26,23.512
source_7,CP6-SC1-03,False,-36.166,22.447
source_7,CP6-SC1-03,False,-40.563,23.242
source_7,CP6-SC1-03,False,-37.059,23.689
source_7,CP6-SC1-03,False,-39.318,21.625
source_7,CP6-SC1-03,False,-41.376,22.494
source_7,CP6-SC1-03,False,-35.66,24.167
source_7,CP6-SC1-03,False,-38.73,24.349
source_7,CP6-SC1-04,False,-37.147,25.595
source_7,CP6-SC1-04,False,-30.291,23.342
source_7,CP6-SC1-04,False,-25.311,25.782
source_7,CP6-SC1-04,False,-28.164,25.922
source_7,CP6-SC1-04,False,-36.194,21.638
source_7,CP6-SC1-04,False,-36.606,20.251
source_7,CP6-SC1-04,False,-36.322,22.195
source_7,CP6-SC1-04,False,-36.129,22.994
source_7,CP6-SC1-18,False,-20.994,14.584
source_7,CP6-SC1-18,False,-23.301,14.722
source_7,CP6-SC1-18,False,-19.907,14.905
source_7,CP6-SC1-18,False,-25.002,18.891
source_7,CP6-SC1-18,False,-20.056,14.168
source_7,CP6-SC1-18,False,-29.842,17.789
source_7,CP6-SC1-18,False,-31.152,14.438
source_7,CP6-SC1-18,False,-31.941,15.395
source_7,CP7-SC1-01,False,-38.236,19.579
source_7,CP7-SC1-01,False,-33.741,19.432
source_7,CP7-SC1-01,False,-33.934,18.536
source_7,CP7-SC1-01,False,-35.204,18.751
source_7,CP7-SC1-01,False,-37.525,20.671
source_7,CP7-SC1-01,False,-33.561,19.067
source_7,CP7-SC1-01,False,-44.76,22.531
source_7,CP7-SC1-01,False,-38.652,20.315
source_7,CP7-SC1-02,False,-31.461,14.107
source_7,CP7-SC1-02,False,-38.769,15.495
source_7,CP7-SC1-02,False,-34.298,15.913
source_7,CP7-SC1-02,False,-32.667,14.433
source_7,CP7-SC1-02,False,-42.042,19.242
source_7,CP7-SC1-02,False,-42.721,18.54
source_7,CP7-SC1-02,False,-41.099,15.397
source_7,CP7-SC1-02,False,-39.298,13.754
source_7,CP7-SC1-03,False,-27.457,15.621
source_7,CP7-SC1-03,False,-21.065,16.201
source_7,CP7-SC1-03,False,-26.154,16.325
source_7,CP7-SC1-03,False,-32.991,18.594
source_7,CP7-SC1-03,False,-26.393,14.532
source_7,CP7-SC1-03,False,-35.612,18.193
source_7,CP7-SC1-03,False,-21.688,14.103
source_7,CP7-SC1-03,False,-35.374,16.492
source_7,CP8-SC1-02,False,-37.989,16.647
source_7,CP8-SC1-02,False,-37.034,17.712
source_7,CP8-SC1-02,False,-35.879,16.054
source_7,CP8-SC1-02,False,-36.648,17.385
source_7,CP8-SC1-02,False,-35.085,17.614
source_7,CP8-SC1-02,False,-34.165,16.55
source_7,CP8-SC1-02,False,-38.506,17.125
source_7,CP8-SC1-02,False,-38.284,14.494
source_8,A1166128,False,26.992,-21.081
source_8,A1166128,False,26.179,-21.27
source_8,A1166128,False,25.222,-19.001
source_8,A1166128,False,25.974,-19.402
source_8,A1166128,False,27.402,-20.61
source_8,A1166128,False,24.204,-19.635
source_8,A1166128,False,27.21,-20.039
source_8,A1166128,False,27.245,-18.963
source_8,A1166130,False,11.453,-22.848
source_8,A1166130,False,15.242,-29.607
source_8,A1166130,False,14.387,-24.222
source_8,A1166130,False,13.796,-25.841
source_8,A1166130,False,18.121,-29.442
source_8,A1166130,False,17.66,-29.235
source_8,A1166130,False,17.635,-28.735
source_8,A1166130,False,11.494,-22.522
source_8,A1166131,False,26.906,-31.957
source_8,A1166131,False,28.259,-32.587
source_8,A1166131,False,29.89,-31.925
source_8,A1166131,False,29.325,-29.986
source_8,A1166131,False,31.182,-32.534
source_8,A1166131,False,27.106,-29.786
source_8,A1166131,False,32.112,-33.617
source_8,A1166131,False,30.748,-32.361
source_8,A1166132,False,25.799,-29.811
source_8,A1166132,False,30.228,-31.133
source_8,A1166132,False,28.031,-29.599
source_8,A1166132,False,29.424,-30.432
source_8,A1166132,False,28.961,-29.495
source_8,A1166132,False,29.557,-31.336
source_8,A1166132,False,31.272,-31.44
source_8,A1166132,False,28.529,-30.133
source_8,A1166133,False,16.387,-25.987
source_8,A1166133,False,18.902,-28.175
source_8,A1166133,False,18.613,-24.181
source_8,A1166133,False,18.399,-21.968
source_8,A1166133,False,18.507,-24.978
source_8,A1166133,False,18.741,-22.96
source_8,A1166133,False,19.587,-22.851
source_8,A1166133,False,21.045,-22.317
source_8,A1166134,False,25.572,-26.248
source_8,A1166134,False,28.062,-31.454
source_8,A1166134,False,31.185,-28.345
source_8,A1166134,False,29.624,-28.303
source_8,A1166134,False,28.328,-29.781
source_8,A1166134,False,26.404,-30.439
source_8,A1166134,False,27.724,-29.978
source_8,A1166134,False,26.51,-28.481
source_8,A1166135,False,19.055,-27.344
source_8,A1166135,False,21.641,-27.288
source_8,A1166135,False,18.782,-24.242
source_8,A1166135,False,21.708,-24.309
source_8,A1166135,False,19.806,-21.578
source_8,A1166135,False,23.663,-24.3
source_8,A1166135,False,19.797,-23.805
source_8,A1166135,False,19.499,-21.624
source_8,A1166136,False,31.939,-30.422
source_8,A1166136,False,34.074,-29.647
source_8,A1166136,False,34.789,-29.564
source_8,A1166136,False,32.306,-28.887
source_8,A1166136,False,30.138,-26.191
source_8,A1166136,False,32.181,-27.082
source_8,A1166136,False,33.525,-27.765
source_8,A1166136,False,192.452,-189.96
source_8,A1166137,False,19.801,-25.468
source_8,A1166137,False,21.029,-23.577
source_8,A1166137,False,18.968,-23.368
source_8,A1166137,False,18.423,-19.08
source_8,A1166137,False,19.228,-24.251
source_8,A1166137,False,20.884,-23.385
source_8,A1166137,False,17.984,-20.362
source_8,A1166137,False,17.79,-17.248
source_8,A1166138,False,30.253,-30.677
source_8,A1166138,False,30.673,-27.96
source_8,A1166138,False,29.557,-26.684
source_8,A1166138,False,28.18,-27.008
source_8,A1166138,False,29.862,-27.035
source_8,A1166138,False,30.091,-24.58
source_8,A1166138,False,31.298,-29.393
source_8,A1166138,False,27.755,-24.273
source_8,A1166139,False,19.256,-20.261
source_8,A1166139,False,19.226,-20.511
source_8,A1166139,False,21.664,-21.718
source_8,A1166139,False,19.005,-20.513
source_8,A1166139,False,21.783,-22.115
source_8,A1166139,False,19.402,-21.036
source_8,A1166139,False,19.184,-18.762
source_8,A1166139,False,16.202,-18.715
source_8,A1166140,False,27.76,-27.942
source_8,A1166140,False,34.026,-29.172
source_8,A1166140,False,30.124,-24.89
source_8,A1166140,False,29.885,-27.086
source_8,A1166140,False,26.697,-22.307
source_8,A1166140,False,31.079,-27.093
source_8,A1166140,False,29.019,-24.974
source_8,A1166140,False,29.338,-25.675
source_8,A1166141,False,13.384,-15.855
source_8,A1166141,False,19.9,-21.308
source_8,A1166141,False,18.601,-18.784
source_8,A1166141,False,20.691,-19.377
source_8,A1166141,False,17.932,-21.098
source_8,A1166141,False,20.205,-20.67
source_8,A1166141,False,19.841,-20.609
source_8,A1166141,False,19.329,-20.435
source_8,A1166142,False,26.251,-25.229
source_8,A1166142,False,31.489,-27.689
source_8,A1166142,False,27.96,-25.617
source_8,A1166142,False,28.684,-23.68
source_8,A1166142,False,28.221,-22.558
source_8,A1166142,False,28.576,-24.015
source_8,A1166142,False,32.209,-26.596
source_8,A1166142,False,31.126,-25.812
source_8,A1166143,False,12.335,-16.365
source_8,A1166143,False,19.622,-24.049
source_8,A1166143,False,18.483,-20.632
source_8,A1166143,False,18.958,-20.143
source_8,A1166143,False,19.802,-19.762
source_8,A1166143,False,20.689,-21.377
source_8,A1166143,False,17.944,-17.872
source_8,A1166143,False,19.176,-19.048
source_8,A1166144,False,31.11,-26.14
source_8,A1166144,False,31.575,-27.224
source_8,A1166144,False,30.322,-25.04
source_8,A1166144,False,29.774,-24.131
source_8,A1166144,False,31.793,-26.428
source_8,A1166144,False,28.9,-23.159
source_8,A1166144,False,27.721,-22.779
source_8,A1166144,False,25.238,-21.398
source_8,A1166145,False,17.193,-16.939
source_8,A1166145,False,17.988,-19.744
source_8,A1166145,False,18.647,-19.083
source_8,A1166145,False,20.856,-21.302
source_8,A1166145,False,20.635,-20.529
source_8,A1166145,False,19.284,-18.028
source_8,A1166145,False,19.223,-18.457
source_8,A1166145,False,19.213,-17.564
source_8,A1166146,False,30.527,-30.427
source_8,A1166146,False,32.77,-27.27
source_8,A1166146,False,31.644,-26.044
source_8,A1166146,False,30.774,-23.102
source_8,A1166146,False,30.76,-24.86
source_8,A1166146,False,29.802,-21.574
source_8,A1166146,False,33.353,-23.874
source_8,A1166146,False,32.349,-23.666
source_8,A1166147,False,20.41,-24.044
source_8,A1166147,False,19.737,-21.167
source_8,A1166147,False,20.557,-21.227
source_8,A1166147,False,21.551,-19.886
source_8,A1166147,False,20.238,-17.767
source_8,A1166147,False,21.737,-19.009
source_8,A1166147,False,19.724,-15.813
source_8,A1166147,False,22.656,-20.971
source_8,A1166150,False,32.309,-24.711
source_8,A1166150,False,31.691,-23.921
source_8,A1166150,False,31.706,-25.134
source_8,A1166150,False,31.115,-23.441
source_8,A1166150,False,30.755,-22.341
source_8,A1166150,False,33.564,-25.178
source_8,A1166150,False,32.142,-25.129
source_8,A1166150,False,27.93,-21.571
source_8,A1166151,False,18.836,-21.592
source_8,A1166151,False,14.299,-17.512
source_8,A1166151,False,19.019,-21.308
source_8,A1166151,False,19.282,-19.438
source_8,A1166151,False,21.303,-18.947
source_8,A1166151,False,19.968,-16.6
source_8,A1166151,False,21.542,-18.921
source_8,A1166151,False,21.109,-18.388
source_8,A1166152,False,24.054,-23.292
source_8,A1166152,False,32.264,-26.403
source_8,A1166152,False,30.291,-24.161
source_8,A1166152,False,30.814,-22.863
source_8,A1166152,False,30.929,-22.581
source_8,A1166152,False,31.024,-23.037
source_8,A1166152,False,31.77,-22.01
source_8,A1166152,False,28.941,-20.54
source_8,A1166153,False,13.423,-16.327
source_8,A1166153,False,22.08,-19.225
source_8,A1166153,False,19.759,-16.183
source_8,A1166153,False,24.509,-19.605
source_8,A1166153,False,21.015,-18.584
source_8,A1166153,False,24.968,-18.447
source_8,A1166153,False,17.673,-15.7
source_8,A1166153,False,23.421,-19.553
source_8,A1166154,False,31.103,-25.677
source_8,A1166154,False,32.722,-24.525
source_8,A1166154,False,29.86,-21.202
source_8,A1166154,False,30.685,-22.744
source_8,A1166154,False,33.222,-22.73
source_8,A1166154,False,33.248,-23.617
source_8,A1166154,False,29.425,-22.557
source_8,A1166154,False,31.847,-23.695
source_8,A1166155,False,20.281,-19.869
source_8,A1166155,False,20.659,-19.824
source_8,A1166155,False,22.502,-21.126
source_8,A1166155,False,18.314,-17.288
source_8,A1166155,False,20.375,-18.669
source_8,A1166155,False,22.379,-17.991
source_8,A1166155,False,22.988,-17.814
source_8,A1166155,False,19.868,-15.35
source_8,A1166156,False,32.072,-25.102
source_8,A1166156,False,33.382,-25.217
source_8,A1166156,False,33.044,-22.584
source_8,A1166156,False,31.521,-20.837
source_8,A1166156,False,31.608,-20.955
source_8,A1166156,False,32.983,-23.382
source_8,A1166156,False,30.433,-19.942
source_8,A1166156,False,27.11,-18.25
source_8,A1166157,False,20.774,-20.092
source_8,A1166157,False,18.328,-19.21
source_8,A1166157,False,21.055,-16.54
source_8,A1166157,False,19.464,-15.797
source_8,A1166157,False,19.342,-17.193
source_8,A1166157,False,20.666,-18.033
source_8,A1166157,False,20.053,-17.196
source_8,A1166157,False,20.561,-18.715
source_8,A1166158,False,28.462,-22.747
source_8,A1166158,False,31.202,-23.515
source_8,A1166158,False,30.919,-22.553
source_8,A1166158,False,30.679,-22.578
source_8,A1166158,False,30.386,-20.562
source_8,A1166158,False,31.267,-24.703
source_8,A1166158,False,30.694,-22.982
source_8,A1166158,False,28.87,-20.606
source_8,A1166159,False,22.073,-22.382
source_8,A1166159,False,23.276,-20.534
source_8,A1166159,False,23.458,-21.664
source_8,A1166159,False,21.661,-16.985
source_8,A1166159,False,22.362,-18.01
source_8,A1166159,False,21.002,-19.824
source_8,A1166159,False,23.54,-19.052
source_8,A1166159,False,21.686,-18.659
source_8,A1166160,False,30.479,-22.779
source_8,A1166160,False,32.482,-22.463
source_8,A1166160,False,30.663,-24.528
source_8,A1166160,False,32.396,-21.466
source_8,A1166160,False,31.12,-21.098
source_8,A1166160,False,31.384,-22.706
source_8,A1166160,False,33.134,-23.003
source_8,A1166160,False,28.572,-20.561
source_8,A1166161,False,19.418,-17.8
source_8,A1166161,False,23.569,-17.679
source_8,A1166161,False,24.236,-20.215
source_8,A1166161,False,22.97,-18.126
source_8,A1166161,False,22.91,-20.013
source_8,A1166161,False,22.509,-18.487
source_8,A1166161,False,23.776,-19.838
source_8,A1166161,False,24.515,-17.673
source_8,A1166162,False,32.615,-23.474
source_8,A1166162,False,70.691,-65.501
source_8,A1166162,False,36.329,-25.133
source_8,A1166162,False,34.912,-24.157
source_8,A1166162,False,35.254,-24.113
source_8,A1166162,False,33.028,-22.471
source_8,A1166162,False,33.016,-22.602
source_8,A1166162,False,35.078,-22.924
source_8,A1166163,False,25.491,-19.381
source_8,A1166163,False,19.66,-18.664
source_8,A1166163,False,19.778,-18.012
source_8,A1166163,False,23.919,-19.019
source_8,A1166163,False,19.427,-18.926
source_8,A1166163,False,24.868,-19.02
source_8,A1166163,False,21.126,-17.746
source_8,A1166163,False,19.833,-16.532
source_8,A1166164,False,36.284,-25.169
source_8,A1166164,False,37.059,-24.16
source_8,A1166164,False,35.474,-22.295
source_8,A1166164,False,33.263,-21.598
source_8,A1166164,False,35.907,-23.205
source_8,A1166164,False,34.805,-24.048
source_8,A1166164,False,33.977,-21.488
source_8,A1166164,False,31.716,-21.226
source_8,A1166165,False,16.357,-16.807
source_8,A1166165,False,18.305,-19.613
source_8,A1166165,False,19.471,-15.315
source_8,A1166165,False,17.781,-15.226
source_8,A1166165,False,20.36,-17.68
source_8,A1166165,False,20.713,-18.483
source_8,A1166165,False,21.445,-18.405
source_8,A1166165,False,19.086,-17.385
source_8,A1166166,False,31.891,-21.592
source_8,A1166166,False,28.69,-21.436
source_8,A1166166,False,32.508,-22.487
source_8,A1166166,False,32.664,-23.98
source_8,A1166166,False,29.997,-21.061
source_8,A1166166,False,33.536,-21.958
source_8,A1166166,False,31.923,-20.86
source_8,A1166166,False,32.21,-22.099
source_8,A1166167,False,19.295,-17.796
source_8,A1166167,False,23.161,-19.534
source_8,A1166167,False,23.148,-20.122
source_8,A1166167,False,23.84,-18.302
source_8,A1166167,False,23.065,-19.865
source_8,A1166167,False,24.802,-20.613
source_8,A1166167,False,21.496,-16.28
source_8,A1166167,False,21.693,-17.284
source_8,A1166168,False,28.309,-20.741
source_8,A1166168,False,32.326,-23.366
source_8,A1166168,False,31.712,-20.991
source_8,A1166168,False,32.49,-20.643
source_8,A1166168,False,32.932,-21.933
source_8,A1166168,False,34.801,-20.756
source_8,A1166168,False,36.199,-23.468
source_8,A1166168,False,33.292,-23.139
source_8,A1166169,False,23.094,-19.472
source_8,A1166169,False,22.615,-19.337
source_8,A1166169,False,25.721,-23.803
source_8,A1166169,False,23.83,-16.633
source_8,A1166169,False,24.68,-16.522
source_8,A1166169,False,23.702,-16.595
source_8,A1166169,False,23.99,-17.936
source_8,A1166169,False,25.777,-18.939
source_8,A1166170,False,37.95,-24.624
source_8,A1166170,False,38.236,-23.387
source_8,A1166170,False,35.199,-23.676
source_8,A1166170,False,36.14,-21.966
source_8,A1166170,False,36.575,-21.673
source_8,A1166170,False,37.001,-20.878
source_8,A1166170,False,35.746,-21.28
source_8,A1166170,False,30.831,-18.959
source_8,A1166171,False,25.021,-20.168
source_8,A1166171,False,26.267,-18.491
source_8,A1166171,False,20.666,-16.004
source_8,A1166171,False,20.252,-13.629
source_8,A1166171,False,23.87,-16.606
source_8,A1166171,False,21.462,-16.006
source_8,A1166171,False,26.159,-17.981
source_8,A1166171,False,25.985,-17.423
source_8,A1166172,False,32.586,-23.482
source_8,A1166172,False,36.665,-24.404
source_8,A1166172,False,33.005,-20.87
source_8,A1166172,False,32.901,-21.442
source_8,A1166172,False,34.913,-21.932
source_8,A1166172,False,32.692,-22.298
source_8,A1166172,False,33.325,-23.115
source_8,A1166172,False,36.469,-23.311
source_8,A1166173,False,23.006,-21.076
source_8,A1166173,False,21.923,-17.818
source_8,A1166173,False,22.428,-18.388
source_8,A1166173,False,20.876,-17.018
source_8,A1166173,False,24.378,-18.96
source_8,A1166173,False,25.072,-19.447
source_8,A1166173,False,21.202,-17.555
source_8,A1166173,False,20.056,-15.469
source_8,A1166174,False,31.464,-24.95
source_8,A1166174,False,29.114,-21.41
source_8,A1166174,False,34.51,-24.831
source_8,A1166174,False,33.136,-22.463
source_8,A1166174,False,31.746,-21.289
source_8,A1166174,False,33.99,-23.036
source_8,A1166174,False,33.229,-20.916
source_8,A1166174,False,31.966,-22.518
source_8,A1166175,False,17.167,-17.88
source_8,A1166175,False,21.093,-18.082
source_8,A1166175,False,22.355,-21.373
source_8,A1166175,False,23.026,-19.007
source_8,A1166175,False,21.442,-17.713
source_8,A1166175,False,22.305,-16.837
source_8,A1166175,False,22.284,-17.998
source_8,A1166175,False,24.588,-18.139
source_8,A1166176,False,24.482,-22.105
source_8,A1166176,False,35.792,-23.867
source_8,A1166176,False,32.929,-23.84
source_8,A1166176,False,33.993,-22.832
source_8,A1166176,False,33.466,-21.196
source_8,A1166176,False,35.856,-23.317
source_8,A1166176,False,33.527,-20.324
source_8,A1166176,False,32.813,-19.636
source_8,A1166177,False,25.586,-19.372
source_8,A1166177,False,25.094,-19.036
source_8,A1166177,False,25.379,-17.95
source_8,A1166177,False,24.075,-15.301
source_8,A1166177,False,25.31,-18.111
source_8,A1166177,False,24.589,-17.644
source_8,A1166177,False,23.787,-14.989
source_8,A1166177,False,23.154,-17.285
source_8,A1166180,False,37.957,-27.443
source_8,A1166180,False,36.508,-23.277
source_8,A1166180,False,40.462,-26.271
source_8,A1166180,False,39.403,-25.185
source_8,A1166180,False,37.812,-24.001
source_8,A1166180,False,38.527,-23.841
source_8,A1166180,False,37.801,-22.547
source_8,A1166180,False,38.447,-21.73
source_8,A1170385,False,18.311,-25.675
source_8,A1170385,False,18.151,-24.154
source_8,A1170385,False,17.534,-24.558
source_8,A1170385,False,20.34,-29.508
source_8,A1170385,False,17.178,-24.617
source_8,A1170385,False,17.875,-28.457
source_8,A1170385,False,18.844,-26.527
source_8,A1170385,False,18.733,-26.068
source_8,A1170386,False,36.693,-38.072
source_8,A1170386,False,28.878,-35.893
source_8,A1170386,False,35.296,-34.898
source_8,A1170386,False,27.645,-31.903
source_8,A1170386,False,29.716,-31.008
source_8,A1170386,False,28.708,-29.654
source_8,A1170386,False,28.513,-28.07
source_8,A1170386,False,31.121,-33.252
source_8,A1170387,False,17.603,-24.513
source_8,A1170387,False,18.653,-25.97
source_8,A1170387,False,18.587,-25.268
source_8,A1170387,False,19.299,-23.418
source_8,A1170387,False,19.391,-29.886
source_8,A1170387,False,18.167,-25.16
source_8,A1170387,False,20.383,-26.121
source_8,A1170387,False,20.58,-26.78
source_8,A1170388,False,29.785,-32.252
source_8,A1170388,False,29.101,-30.352
source_8,A1170388,False,29.168,-29.392
source_8,A1170388,False,27.874,-28.295
source_8,A1170388,False,29.315,-31.002
source_8,A1170388,False,28.944,-28.492
source_8,A1170388,False,28.015,-29.67
source_8,A1170388,False,28.22,-32.345
source_8,A1170389,False,21.158,-24.834
source_8,A1170389,False,20.956,-25.332
source_8,A1170389,False,19.643,-25.499
source_8,A1170389,False,19.904,-24.583
source_8,A1170389,False,19.901,-25.798
source_8,A1170389,False,20.662,-23.734
source_8,A1170389,False,20.788,-26.571
source_8,A1170389,False,18.535,-26.283
source_8,A1170390,False,31.931,-31.893
source_8,A1170390,False,30.035,-30.638
source_8,A1170390,False,30.237,-29.668
source_8,A1170390,False,31.544,-28.584
source_8,A1170390,False,30.627,-32.009
source_8,A1170390,False,32.014,-29.459
source_8,A1170390,False,32.131,-31.742
source_8,A1170390,False,31.219,-31.136
source_8,A1170391,False,26.688,-24.02
source_8,A1170391,False,25.321,-20.245
source_8,A1170391,False,22.704,-17.986
source_8,A1170391,False,22.43,-16.043
source_8,A1170391,False,25.062,-19.809
source_8,A1170391,False,25.141,-21.225
source_8,A1170391,False,25.521,-23.176
source_8,A1170391,False,25.606,-19.322
source_8,A1170392,False,34.714,-23.184
source_8,A1170392,False,35.391,-27.118
source_8,A1170392,False,39.483,-25.88
source_8,A1170392,False,38.464,-23.818
source_8,A1170392,False,34.637,-25.212
source_8,A1170392,False,37.17,-22.603
source_8,A1170392,False,37.319,-25.373
source_8,A1170392,False,39.437,-24.666
source_8,A1170393,False,21.993,-24.132
source_8,A1170393,False,23.347,-25.131
source_8,A1170393,False,24.132,-24.493
source_8,A1170393,False,20.838,-22.622
source_8,A1170393,False,22.871,-24.563
source_8,A1170393,False,25.171,-27.336
source_8,A1170393,False,21.503,-22.97
source_8,A1170393,False,24.057,-25.824
source_8,A1170394,False,31.526,-30.813
source_8,A1170394,False,34.413,-31.664
source_8,A1170394,False,35.523,-32.287
source_8,A1170394,False,34.153,-29.032
source_8,A1170394,False,35.534,-27.4
source_8,A1170394,False,34.58,-29.63
source_8,A1170394,False,33.944,-30.309
source_8,A1170394,False,33.678,-31.554
source_8,A1170395,False,17.072,-20.836
source_8,A1170395,False,24.383,-27.111
source_8,A1170395,False,21.07,-23.156
source_8,A1170395,False,21.315,-23.996
source_8,A1170395,False,19.365,-21.387
source_8,A1170395,False,22.142,-24.062
source_8,A1170395,False,21.924,-24.588
source_8,A1170395,False,22.49,-26.038
source_8,A1170396,False,30.928,-27.867
source_8,A1170396,False,33.712,-31.225
source_8,A1170396,False,33.462,-30.464
source_8,A1170396,False,30.912,-28.101
source_8,A1170396,False,34.342,-32.208
source_8,A1170396,False,30.299,-27.257
source_8,A1170396,False,33.663,-32.952
source_8,A1170396,False,30.815,-28.54
source_8,A1170397,False,23.722,-27.973
source_8,A1170397,False,19.791,-23.508
source_8,A1170397,False,20.667,-25.021
source_8,A1170397,False,20.235,-24.249
source_8,A1170397,False,18.665,-22.17
source_8,A1170397,False,22.162,-25.47
source_8,A1170397,False,23.045,-26.206
source_8,A1170397,False,20.301,-21.574
source_8,A1170398,False,31.536,-27.853
source_8,A1170398,False,33.65,-30.98
source_8,A1170398,False,34.781,-29.832
source_8,A1170398,False,33.15,-29.075
source_8,A1170398,False,34.572,-26.816
source_8,A1170398,False,31.404,-26.386
source_8,A1170398,False,32.393,-26.135
source_8,A1170398,False,32.208,-29.58
source_8,A1170399,False,21.734,-23.499
source_8,A1170399,False,20.161,-20.699
source_8,A1170399,False,21.585,-23.634
source_8,A1170399,False,19.753,-19.311
source_8,A1170399,False,20.96,-22.97
source_8,A1170399,False,21.072,-24.13
source_8,A1170399,False,19.914,-20.821
source_8,A1170399,False,20.019,-19.63
source_8,A1170400,False,30.766,-28.357
source_8,A1170400,False,34.636,-29.694
source_8,A1170400,False,32.56,-25.778
source_8,A1170400,False,30.76,-26.008
source_8,A1170400,False,31.847,-26.105
source_8,A1170400,False,32.154,-24.831
source_8,A1170400,False,31.888,-25.176
source_8,A1170400,False,33.487,-29.518
source_8,A1170401,False,20.951,-23.466
source_8,A1170401,False,22.289,-22.55
source_8,A1170401,False,20.523,-21.36
source_8,A1170401,False,19.83,-20.569
source_8,A1170401,False,22.329,-21.353
source_8,A1170401,False,21.162,-21.499
source_8,A1170401,False,22.022,-23.303
source_8,A1170401,False,22.121,-22.492
source_8,A1170402,False,32.248,-27.689
source_8,A1170402,False,33.555,-29.731
source_8,A1170402,False,30.479,-23.129
source_8,A1170402,False,29.766,-26.377
source_8,A1170402,False,30.017,-24.867
source_8,A1170402,False,30.992,-25.211
source_8,A1170402,False,32.365,-24.975
source_8,A1170402,False,32.006,-28.164
source_8,A1170403,False,23.49,-25.396
source_8,A1170403,False,22.747,-22.946
source_8,A1170403,False,20.207,-19.514
source_8,A1170403,False,21.465,-19.789
source_8,A1170403,False,22.229,-21.662
source_8,A1170403,False,20.864,-20.844
source_8,A1170403,False,21.968,-19.967
source_8,A1170403,False,23.986,-25.351
source_8,A1170404,False,35.333,-28.944
source_8,A1170404,False,35.284,-29.179
source_8,A1170404,False,31.626,-25.862
source_8,A1170404,False,33.498,-25.865
source_8,A1170404,False,30.803,-25.563
source_8,A1170404,False,31.134,-26.192
source_8,A1170404,False,31.816,-24.854
source_8,A1170404,False,31.906,-26.69
source_8,A1170405,False,16.328,-18.653
source_8,A1170405,False,22.544,-23.073
source_8,A1170405,False,21.528,-19.687
source_8,A1170405,False,21.992,-22.366
source_8,A1170405,False,19.365,-19.291
source_8,A1170405,False,19.769,-19.239
source_8,A1170405,False,21.609,-20.91
source_8,A1170405,False,20.085,-21.187
source_8,A1170406,False,33.405,-29.113
source_8,A1170406,False,31.635,-22.389
source_8,A1170406,False,35.793,-24.653
source_8,A1170406,False,32.461,-24.073
source_8,A1170406,False,31.277,-24.158
source_8,A1170406,False,34.833,-26.777
source_8,A1170406,False,31.584,-25.595
source_8,A1170406,False,32.548,-25.307
source_8,A1170407,False,21.81,-22.683
source_8,A1170407,False,21.564,-21.614
source_8,A1170407,False,21.623,-20.611
source_8,A1170407,False,21.081,-18.759
source_8,A1170407,False,22.476,-21.898
source_8,A1170407,False,23.13,-21.804
source_8,A1170407,False,21.135,-20.496
source_8,A1170407,False,21.316,-19.886
source_8,A1170408,False,32.948,-28.161
source_8,A1170408,False,31.136,-23.675
source_8,A1170408,False,30.856,-25.1
source_8,A1170408,False,32.159,-25.946
source_8,A1170408,False,32.607,-25.58
source_8,A1170408,False,31.855,-23.959
source_8,A1170408,False,33.764,-25.768
source_8,A1170408,False,33.074,-22.47
source_8,A1170409,False,24.666,-24.781
source_8,A1170409,False,24.583,-24.011
source_8,A1170409,False,24.691,-21.483
source_8,A1170409,False,22.946,-21.256
source_8,A1170409,False,23.838,-21.588
source_8,A1170409,False,23.58,-21.508
source_8,A1170409,False,23.823,-20.818
source_8,A1170409,False,22.942,-19.938
source_8,A1170410,False,35.248,-26.199
source_8,A1170410,False,33.221,-27.999
source_8,A1170410,False,32.967,-23.312
source_8,A1170410,False,34.14,-26.955
source_8,A1170410,False,31.357,-22.51
source_8,A1170410,False,32.697,-22.73
source_8,A1170410,False,32.136,-22.222
source_8,A1170410,False,35.054,-27.473
source_8,A1170411,False,24.968,-21.926
source_8,A1170411,False,24.74,-21.253
source_8,A1170411,False,23.362,-20.691
source_8,A1170411,False,23.61,-22.11
source_8,A1170411,False,23.492,-21.335
source_8,A1170411,False,24.473,-22.43
source_8,A1170411,False,23.8,-20.853
source_8,A1170411,False,24.193,-20.635
source_8,A1170412,False,32.762,-26.998
source_8,A1170412,False,28.556,-24.924
source_8,A1170412,False,32.529,-27.109
source_8,A1170412,False,33.714,-25.61
source_8,A1170412,False,33.977,-26.94
source_8,A1170412,False,32.98,-28.008
source_8,A1170412,False,34.788,-25.515
source_8,A1170412,False,32.438,-23.837
source_8,A1170413,False,23.923,-21.734
source_8,A1170413,False,23.551,-20.197
source_8,A1170413,False,27.209,-22.226
source_8,A1170413,False,25.664,-21.261
source_8,A1170413,False,24.913,-21.52
source_8,A1170413,False,23.312,-19.791
source_8,A1170413,False,25.02,-22.187
source_8,A1170413,False,23.395,-21.548
source_8,A1170414,False,35.575,-26.992
source_8,A1170414,False,35.013,-24.664
source_8,A1170414,False,35.981,-25.568
source_8,A1170414,False,35.292,-25.997
source_8,A1170414,False,35.06,-25.022
source_8,A1170414,False,34.728,-26.293
source_8,A1170414,False,33.526,-24.758
source_8,A1170414,False,37.784,-26.062
source_8,A1170415,False,22.863,-22.251
source_8,A1170415,False,20.261,-19.554
source_8,A1170415,False,24.498,-20.804
source_8,A1170415,False,22.03,-17.072
source_8,A1170415,False,23.069,-21.506
source_8,A1170415,False,23.051,-18.727
source_8,A1170415,False,25.593,-22.577
source_8,A1170415,False,20.108,-17.789
source_8,A1170416,False,30.668,-25.736
source_8,A1170416,False,36.044,-30.117
source_8,A1170416,False,36.741,-26.933
source_8,A1170416,False,35.562,-26.029
source_8,A1170416,False,34.831,-25.756
source_8,A1170416,False,34.781,-28.232
source_8,A1170416,False,34.893,-26.003
source_8,A1170416,False,35.863,-27.716
source_8,A1170417,False,23.756,-22.346
source_8,A1170417,False,23.945,-19.667
source_8,A1170417,False,24.561,-19.404
source_8,A1170417,False,24.594,-21.604
source_8,A1170417,False,24.657,-20.314
source_8,A1170417,False,24.626,-19.724
source_8,A1170417,False,25.954,-22.919
source_8,A1170417,False,25.023,-20.447
source_8,A1170418,False,33.795,-25.297
source_8,A1170418,False,35.287,-26.435
source_8,A1170418,False,35.073,-26.657
source_8,A1170418,False,35.17,-26.852
source_8,A1170418,False,35.45,-24.889
source_8,A1170418,False,35.081,-25.656
source_8,A1170418,False,36.549,-25.571
source_8,A1170418,False,35.739,-20.95
source_8,A1170419,False,27.975,-23.014
source_8,A1170419,False,27.543,-20.186
source_8,A1170419,False,26.891,-18.329
source_8,A1170419,False,27.385,-21.226
source_8,A1170419,False,29.162,-22.758
source_8,A1170419,False,29.353,-21.278
source_8,A1170419,False,27.855,-21.167
source_8,A1170419,False,28.019,-21.361
source_8,A1170420,False,36.011,-25.654
source_8,A1170420,False,38.994,-26.804
source_8,A1170420,False,36.608,-25.725
source_8,A1170420,False,36.988,-24.996
source_8,A1170420,False,36.488,-22.831
source_8,A1170420,False,35.624,-22.79
source_8,A1170420,False,35.674,-23.242
source_8,A1170420,False,35.116,-25.767
source_8,A1170421,False,19.506,-19.124
source_8,A1170421,False,28.1,-23.736
source_8,A1170421,False,27.738,-23.363
source_8,A1170421,False,29.161,-21.94
source_8,A1170421,False,27.794,-22.393
source_8,A1170421,False,28.338,-20.443
source_8,A1170421,False,28.024,-22.411
source_8,A1170421,False,24.625,-19.803
source_8,A1170423,False,24.246,-21.05
source_8,A1170423,False,25.662,-19.337
source_8,A1170423,False,26.748,-20.857
source_8,A1170423,False,25.927,-19.629
source_8,A1170423,False,26.873,-21.785
source_8,A1170423,False,23.197,-18.269
source_8,A1170423,False,26.785,-21.932
source_8,A1170423,False,23.871,-19.127
source_8,A1170424,False,37.423,-24.744
source_8,A1170424,False,40.587,-29.088
source_8,A1170424,False,39.209,-25.062
source_8,A1170424,False,36.405,-22.75
source_8,A1170424,False,38.181,-23.524
source_8,A1170424,False,38.525,-26.897
source_8,A1170424,False,37.933,-25.724
source_8,A1170424,False,40.149,-27.484
source_8,A1170425,False,26.299,-23.432
source_8,A1170425,False,25.071,-20.313
source_8,A1170425,False,24.748,-20.991
source_8,A1170425,False,26.436,-21.083
source_8,A1170425,False,25.957,-17.758
source_8,A1170425,False,25.321,-19.632
source_8,A1170425,False,25.262,-18.982
source_8,A1170425,False,26.301,-19.253
source_8,A1170427,False,25.315,-23.433
source_8,A1170427,False,28.686,-21.208
source_8,A1170427,False,27.556,-22.357
source_8,A1170427,False,26.972,-20.001
source_8,A1170427,False,26.011,-22.405
source_8,A1170427,False,25.991,-18.022
source_8,A1170427,False,26.728,-22.25
source_8,A1170427,False,27.284,-22.216
source_8,A1170428,False,33.112,-25.854
source_8,A1170428,False,36.815,-28.258
source_8,A1170428,False,35.701,-22.3
source_8,A1170428,False,36.59,-27.101
source_8,A1170428,False,36.046,-24.197
source_8,A1170428,False,39.014,-23.829
source_8,A1170428,False,37.361,-25.176
source_8,A1170428,False,37.406,-22.48
source_8,A1170429,False,27.075,-25.406
source_8,A1170429,False,18.406,-17.467
source_8,A1170429,False,26.405,-21.354
source_8,A1170429,False,24.261,-19.515
source_8,A1170429,False,26.79,-20.638
source_8,A1170429,False,26.51,-17.952
source_8,A1170429,False,27.98,-21.026
source_8,A1170429,False,29.478,-20.447
source_8,A1170430,False,38.761,-31.078
source_8,A1170430,False,41.492,-28.643
source_8,A1170430,False,39.181,-27.339
source_8,A1170430,False,40.132,-26.53
source_8,A1170430,False,38.639,-25.415
source_8,A1170430,False,38.114,-26.216
source_8,A1170430,False,36.35,-23.767
source_8,A1170430,False,37.611,-27.243
source_8,A1170431,False,27.689,-22.812
source_8,A1170431,False,25.311,-22.356
source_8,A1170431,False,25.395,-19.76
source_8,A1170431,False,25.03,-18.393
source_8,A1170431,False,24.257,-19.686
source_8,A1170431,False,27.573,-21.313
source_8,A1170431,False,26.884,-22.03
source_8,A1170431,False,24.127,-21.683
source_8,A1170432,False,34.492,-26.788
source_8,A1170432,False,36.927,-26.112
source_8,A1170432,False,40.073,-24.221
source_8,A1170432,False,39.071,-25.136
source_8,A1170432,False,36.555,-26.742
source_8,A1170432,False,40.813,-23.297
source_8,A1170432,False,37.481,-24.147
source_8,A1170432,False,37.558,-24.797
source_8,A1170433,False,22.138,-24.716
source_8,A1170433,False,24.296,-25.697
source_8,A1170433,False,24.745,-25.621
source_8,A1170433,False,24.512,-25.73
source_8,A1170433,False,23.178,-24.11
source_8,A1170433,False,22.625,-25.13
source_8,A1170433,False,24.168,-25.308
source_8,A1170433,False,24.815,-22.156
source_8,A1170437,False,20.535,-30.777
source_8,A1170437,False,18.43,-29.125
source_8,A1170437,False,19.174,-28.886
source_8,A1170437,False,17.692,-26.597
source_8,A1170437,False,20.925,-29.468
source_8,A1170437,False,19.326,-29.035
source_8,A1170437,False,18.272,-28.806
source_8,A1170437,False,16.984,-26.561
source_8,A1170438,False,34.072,-38.998
source_8,A1170438,False,32.946,-35.596
source_8,A1170438,False,32.57,-37.76
source_8,A1170438,False,32.295,-34.519
source_8,A1170438,False,31.961,-33.882
source_8,A1170438,False,32.847,-36.79
source_8,A1170438,False,31.459,-34.132
source_8,A1170438,False,31.215,-33.887
source_8,A1170439,False,16.968,-27.855
source_8,A1170439,False,19.458,-29.435
source_8,A1170439,False,21.547,-29.242
source_8,A1170439,False,23.361,-29.033
source_8,A1170439,False,22.379,-28.809
source_8,A1170439,False,22.92,-29.534
source_8,A1170439,False,18.858,-28.112
source_8,A1170439,False,19.17,-27.041
source_8,A1170440,False,29.848,-35.237
source_8,A1170440,False,30.855,-34.731
source_8,A1170440,False,31.249,-36.331
source_8,A1170440,False,30.538,-33.577
source_8,A1170440,False,30.388,-33.214
source_8,A1170440,False,28.33,-32.107
source_8,A1170440,False,26.689,-33.679
source_8,A1170440,False,29.582,-33.464
source_8,A1170441,False,17.163,-26.524
source_8,A1170441,False,18.804,-28.424
source_8,A1170441,False,17.515,-25.828
source_8,A1170441,False,17.575,-23.907
source_8,A1170441,False,18.299,-28.216
source_8,A1170441,False,17.097,-25.55
source_8,A1170441,False,19.217,-29.799
source_8,A1170441,False,16.235,-23.424
source_8,A1170442,False,35.362,-38.444
source_8,A1170442,False,34.308,-37.207
source_8,A1170442,False,29.593,-32.51
source_8,A1170442,False,31.12,-33.755
source_8,A1170442,False,31.196,-33.085
source_8,A1170442,False,29.997,-30.91
source_8,A1170442,False,32.052,-32.519
source_8,A1170442,False,32.468,-33.975
source_8,A1170443,False,20.947,-27.784
source_8,A1170443,False,21.235,-28.088
source_8,A1170443,False,20.839,-27.178
source_8,A1170443,False,21.722,-26.549
source_8,A1170443,False,19.643,-22.584
source_8,A1170443,False,20.912,-28.056
source_8,A1170443,False,20.215,-25.982
source_8,A1170443,False,21.864,-26.483
source_8,A1170444,False,30.936,-34.415
source_8,A1170444,False,31.138,-32.445
source_8,A1170444,False,30.012,-29.016
source_8,A1170444,False,30.161,-31.976
source_8,A1170444,False,31.792,-29.035
source_8,A1170444,False,30.183,-28.268
source_8,A1170444,False,31.34,-29.152
source_8,A1170444,False,31.865,-33.142
source_8,A1170445,False,25.427,-25.374
source_8,A1170445,False,26.227,-22.623
source_8,A1170445,False,26.575,-21.773
source_8,A1170445,False,25.91,-19.429
source_8,A1170445,False,26.378,-23.349
source_8,A1170445,False,-9.613,-15.239
source_8,A1170445,False,23.695,-19.231
source_8,A1170445,False,25.454,-20.753
source_8,A1170446,False,21.65,-22.389
source_8,A1170446,False,41.758,-31.852
source_8,A1170446,False,40.929,-27.831
source_8,A1170446,False,41.166,-27.346
source_8,A1170446,False,38.394,-26.185
source_8,A1170446,False,36.548,-25.684
source_8,A1170446,False,41.135,-29.256
source_8,A1170446,False,37.434,-24.176
source_8,A1170447,False,19.71,-19.926
source_8,A1170447,False,22.931,-20.122
source_8,A1170447,False,26.499,-23.223
source_8,A1170447,False,21.861,-18.344
source_8,A1170447,False,25.466,-22.676
source_8,A1170447,False,21.726,-21.03
source_8,A1170447,False,22.257,-19.427
source_8,A1170447,False,22.977,-18.52
source_8,A1170448,False,35.804,-27.315
source_8,A1170448,False,38.892,-30.279
source_8,A1170448,False,37.693,-26.161
source_8,A1170448,False,36.521,-27.9
source_8,A1170448,False,36.702,-24.913
source_8,A1170448,False,34.061,-23.029
source_8,A1170448,False,35.841,-24.145
source_8,A1170448,False,35.183,-22.759
source_8,A1170449,False,25.172,-21.158
source_8,A1170449,False,25.589,-23.419
source_8,A1170449,False,26.53,-21.423
source_8,A1170449,False,24.287,-20.645
source_8,A1170449,False,23.988,-20.469
source_8,A1170449,False,20.36,-16.803
source_8,A1170449,False,21.782,-18.726
source_8,A1170449,False,23.184,-18.529
source_8,A1170450,False,40.314,-30.162
source_8,A1170450,False,41.264,-28.657
source_8,A1170450,False,37.689,-25.503
source_8,A1170450,False,38.845,-26.254
source_8,A1170450,False,35.658,-23.525
source_8,A1170450,False,38.88,-25.882
source_8,A1170450,False,36.403,-24.309
source_8,A1170450,False,37.745,-24.806
source_8,A1170451,False,18.849,-18.14
source_8,A1170451,False,26.613,-21.157
source_8,A1170451,False,26.249,-21.586
source_8,A1170451,False,22.411,-17.174
source_8,A1170451,False,25.342,-20.58
source_8,A1170451,False,25.527,-20.727
source_8,A1170451,False,26.362,-21.772
source_8,A1170451,False,25.428,-20.292
source_8,A1170452,False,22.386,-19.851
source_8,A1170452,False,23.595,-23.136
source_8,A1170452,False,27.353,-22.687
source_8,A1170452,False,26.225,-22.208
source_8,A1170452,False,23.673,-17.852
source_8,A1170452,False,22.911,-19.975
source_8,A1170452,False,23.302,-20.485
source_8,A1170452,False,23.722,-20.09
source_8,A1170453,False,35.45,-29.344
source_8,A1170453,False,36.349,-27.771
source_8,A1170453,False,31.623,-24.78
source_8,A1170453,False,35.506,-27.046
source_8,A1170453,False,35.977,-26.541
source_8,A1170453,False,34.802,-24.117
source_8,A1170453,False,33.763,-24.678
source_8,A1170453,False,37.17,-26.406
source_8,A1170454,False,25.479,-29.843
source_8,A1170454,False,25.33,-30.014
source_8,A1170454,False,23.554,-28.389
source_8,A1170454,False,26.104,-27.544
source_8,A1170454,False,19.733,-24.29
source_8,A1170454,False,21.906,-26.379
source_8,A1170454,False,24.974,-29.173
source_8,A1170454,False,21.049,-26.116
source_8,A1170455,False,33.622,-33.162
source_8,A1170455,False,34.237,-30.445
source_8,A1170455,False,33.251,-30.899
source_8,A1170455,False,33.141,-32.017
source_8,A1170455,False,34.661,-32.115
source_8,A1170455,False,34.868,-32.828
source_8,A1170455,False,32.277,-29.636
source_8,A1170455,False,32.507,-32.548
source_8,A1170456,False,18.153,-24.205
source_8,A1170456,False,22.668,-27.632
source_8,A1170456,False,23.28,-27.955
source_8,A1170456,False,21.31,-24.877
source_8,A1170456,False,22.711,-26.095
source_8,A1170456,False,23.232,-27.14
source_8,A1170456,False,23.238,-26.432
source_8,A1170456,False,23.605,-27.347
source_8,A1170457,False,34.43,-31.973
source_8,A1170457,False,33.132,-30.082
source_8,A1170457,False,30.926,-28.51
source_8,A1170457,False,30.594,-27.823
source_8,A1170457,False,30.327,-27.352
source_8,A1170457,False,29.937,-28.577
source_8,A1170457,False,34.514,-32.626
source_8,A1170457,False,34.176,-31.08
source_8,A1170458,False,21.101,-27.211
source_8,A1170458,False,14.654,-22.101
source_8,A1170458,False,20.727,-26.141
source_8,A1170458,False,19.682,-24.321
source_8,A1170458,False,19.5,-23.549
source_8,A1170458,False,19.61,-24.189
source_8,A1170458,False,20.231,-25.099
source_8,A1170458,False,20.964,-24.897
source_8,A1170459,False,34.214,-33.244
source_8,A1170459,False,31.286,-29.974
source_8,A1170459,False,30.158,-29.004
source_8,A1170459,False,29.678,-29.115
source_8,A1170459,False,32.573,-30.344
source_8,A1170459,False,30.481,-27.409
source_8,A1170459,False,33.455,-30.621
source_8,A1170459,False,30.159,-28.013
source_8,A1170460,False,21.29,-25.019
source_8,A1170460,False,21.382,-26.558
source_8,A1170460,False,20.657,-27.035
source_8,A1170460,False,19.77,-22.528
source_8,A1170460,False,21.416,-24.196
source_8,A1170460,False,18.96,-20.184
source_8,A1170460,False,18.079,-21.378
source_8,A1170460,False,20.974,-24.045
source_8,A1170461,False,26.774,-27.147
source_8,A1170461,False,31.886,-30.604
source_8,A1170461,False,31.32,-28.841
source_8,A1170461,False,30.222,-27.769
source_8,A1170461,False,30.085,-28.088
source_8,A1170461,False,30.879,-27.812
source_8,A1170461,False,31.105,-29.343
source_8,A1170461,False,28.996,-27.809
source_8,A1170462,False,19.077,-25.712
source_8,A1170462,False,22.362,-25.436
source_8,A1170462,False,21.664,-23.733
source_8,A1170462,False,19.126,-20.304
source_8,A1170462,False,20.714,-22.596
source_8,A1170462,False,20.428,-23.96
source_8,A1170462,False,22.235,-24.226
source_8,A1170462,False,22.06,-24.597
source_8,A1170463,False,29.494,-25.885
source_8,A1170463,False,33.84,-28.997
source_8,A1170463,False,30.6,-26.918
source_8,A1170463,False,11.867,-41.456
source_8,A1170463,False,33.101,-28.001
source_8,A1170463,False,32.307,-25.685
source_8,A1170463,False,32.83,-30.309
source_8,A1170463,False,31.595,-25.753
source_8,A1170464,False,22.362,-24.745
source_8,A1170464,False,16.39,-20.358
source_8,A1170464,False,18.734,-21.057
source_8,A1170464,False,23.576,-25.05
source_8,A1170464,False,20.273,-22.383
source_8,A1170464,False,20.204,-22.356
source_8,A1170464,False,20.479,-21.352
source_8,A1170464,False,23.388,-22.323
source_8,A1170465,False,29.31,-27.477
source_8,A1170465,False,35.292,-31.345
source_8,A1170465,False,34.556,-29.013
source_8,A1170465,False,33.633,-28.856
source_8,A1170465,False,29.688,-24.702
source_8,A1170465,False,32.148,-29.061
source_8,A1170465,False,33.975,-28.255
source_8,A1170465,False,31.283,-27.49
source_8,A1170466,False,16.317,-19.602
source_8,A1170466,False,20.369,-21.92
source_8,A1170466,False,23.043,-21.666
source_8,A1170466,False,22.939,-22.131
source_8,A1170466,False,23.186,-22.115
source_8,A1170466,False,21.803,-21.183
source_8,A1170466,False,20.528,-23.24
source_8,A1170466,False,23.187,-21.309
source_8,A1170467,False,26.83,-21.004
source_8,A1170467,False,30.13,-24.799
source_8,A1170467,False,28.645,-22.92
source_8,A1170467,False,25.109,-19.617
source_8,A1170467,False,23.821,-19.933
source_8,A1170467,False,23.376,-19.958
source_8,A1170467,False,22.242,-19.8
source_8,A1170467,False,21.492,-17.579
source_8,A1170468,False,24.941,-25.313
source_8,A1170468,False,21.567,-21.995
source_8,A1170468,False,20.251,-22.868
source_8,A1170468,False,20.05,-19.729
source_8,A1170468,False,22.339,-23.338
source_8,A1170468,False,21.61,-22.153
source_8,A1170468,False,22.562,-24.7
source_8,A1170468,False,22.226,-18.819
source_8,A1170469,False,35.869,-31.778
source_8,A1170469,False,33.271,-28.459
source_8,A1170469,False,31.806,-27.99
source_8,A1170469,False,27.927,-22.797
source_8,A1170469,False,35.32,-27.715
source_8,A1170469,False,31.947,-27.627
source_8,A1170469,False,35.687,-28.608
source_8,A1170469,False,31.395,-26.432
source_8,A1170470,False,22.684,-26.592
source_8,A1170470,False,21.174,-21.877
source_8,A1170470,False,23.204,-25.391
source_8,A1170470,False,21.613,-21.18
source_8,A1170470,False,21.478,-20.259
source_8,A1170470,False,23.97,-22.689
source_8,A1170470,False,21.62,-22.899
source_8,A1170470,False,23.569,-25.561
source_8,A1170471,False,32.571,-27.094
source_8,A1170471,False,37.284,-31.211
source_8,A1170471,False,35.596,-29.238
source_8,A1170471,False,32.7,-25.313
source_8,A1170471,False,33.444,-25.024
source_8,A1170471,False,29.753,-23.892
source_8,A1170471,False,35.175,-24.543
source_8,A1170471,False,35.426,-26.681
source_8,A1170472,False,25.225,-26.231
source_8,A1170472,False,24.379,-25.221
source_8,A1170472,False,23.522,-24.263
source_8,A1170472,False,24.343,-22.531
source_8,A1170472,False,23.479,-22.965
source_8,A1170472,False,20.906,-23.611
source_8,A1170472,False,18.101,-18.6
source_8,A1170472,False,25.704,-23.573
source_8,A1170473,False,34.095,-27.946
source_8,A1170473,False,33.927,-26.475
source_8,A1170473,False,33.553,-27.221
source_8,A1170473,False,32.951,-26.561
source_8,A1170473,False,31.535,-23.441
source_8,A1170473,False,28.62,-24.115
source_8,A1170473,False,30.975,-24.485
source_8,A1170473,False,30.465,-23.757
source_8,A1170474,False,22.632,-22.829
source_8,A1170474,False,21.589,-22.233
source_8,A1170474,False,22.663,-22.395
source_8,A1170474,False,21.098,-21.155
source_8,A1170474,False,19.522,-19.2
source_8,A1170474,False,20.335,-20.286
source_8,A1170474,False,19.307,-19.62
source_8,A1170474,False,21.724,-23.817
source_8,A1170475,False,34.222,-29.051
source_8,A1170475,False,34.07,-28.383
source_8,A1170475,False,35.249,-27.043
source_8,A1170475,False,33.851,-24.392
source_8,A1170475,False,35.384,-25.524
source_8,A1170475,False,35.237,-24.132
source_8,A1170475,False,33.124,-26.579
source_8,A1170475,False,37.125,-25.404
source_8,A1170476,False,18.662,-18.766
source_8,A1170476,False,22.124,-21.492
source_8,A1170476,False,22.184,-20.889
source_8,A1170476,False,24.863,-20.513
source_8,A1170476,False,22.161,-20.962
source_8,A1170476,False,21.335,-19.386
source_8,A1170476,False,21.627,-20.124
source_8,A1170476,False,20.418,-19.644
source_8,A1170477,False,35.012,-25.279
source_8,A1170477,False,37.289,-27.206
source_8,A1170477,False,35.472,-27.125
source_8,A1170477,False,35.972,-25.431
source_8,A1170477,False,35.122,-23.635
source_8,A1170477,False,34.529,-26.406
source_8,A1170477,False,35.521,-24.409
source_8,A1170477,False,35.948,-23.845
source_8,A1170478,False,25.044,-27.241
source_8,A1170478,False,26.892,-24.024
source_8,A1170478,False,25.644,-22.69
source_8,A1170478,False,25.14,-21.62
source_8,A1170478,False,27.162,-20.563
source_8,A1170478,False,23.946,-21.393
source_8,A1170478,False,24.461,-21.945
source_8,A1170478,False,23.735,-21.037
source_8,A1170479,False,37.502,-27.92
source_8,A1170479,False,38.567,-27.121
source_8,A1170479,False,39.152,-29.194
source_8,A1170479,False,37.524,-26.103
source_8,A1170479,False,35.389,-25.456
source_8,A1170479,False,35.98,-23.994
source_8,A1170479,False,36.741,-26.001
source_8,A1170479,False,36.241,-24.289
source_8,A1170480,False,22.544,-21.757
source_8,A1170480,False,24.083,-22.041
source_8,A1170480,False,27.761,-23.605
source_8,A1170480,False,23.355,-21.24
source_8,A1170480,False,26.222,-20.108
source_8,A1170480,False,22.515,-19.457
source_8,A1170480,False,26.367,-19.83
source_8,A1170480,False,24.311,-20.393
source_8,A1170481,False,37.866,-26.34
source_8,A1170481,False,42.34,-31.32
source_8,A1170481,False,38.125,-28.233
source_8,A1170481,False,38.689,-26.814
source_8,A1170481,False,35.46,-24.606
source_8,A1170481,False,34.501,-24.214
source_8,A1170481,False,36.589,-27.85
source_8,A1170481,False,39.196,-28.447
source_8,A1170482,False,37.954,-27.968
source_8,A1170482,False,36.702,-27.325
source_8,A1170482,False,37.027,-23.67
source_8,A1170482,False,37.34,-26.516
source_8,A1170482,False,37.67,-25.669
source_8,A1170482,False,39.042,-24.929
source_8,A1170482,False,36.022,-24.1
source_8,A1170482,False,38.676,-27.688
source_8,A1170483,False,33.937,-24.666
source_8,A1170483,False,37.047,-28.088
source_8,A1170483,False,35.668,-24.966
source_8,A1170483,False,31.631,-24.541
source_8,A1170483,False,34.08,-22.761
source_8,A1170483,False,38.14,-25.159
source_8,A1170483,False,31.884,-23.373
source_8,A1170483,False,37.97,-27.53
source_8,A1170484,False,25.758,-22.548
source_8,A1170484,False,17.562,-20.624
source_8,A1170484,False,25.392,-20.532
source_8,A1170484,False,25.767,-19.879
source_8,A1170484,False,25.07,-18.813
source_8,A1170484,False,25.786,-20.143
source_8,A1170484,False,24.905,-22.161
source_8,A1170484,False,26.985,-20.743
source_8,A1170485,False,26.564,-23.627
source_8,A1170485,False,22.889,-20.849
source_8,A1170485,False,21.916,-18.775
source_8,A1170485,False,25.864,-19.785
source_8,A1170485,False,26.726,-21.211
source_8,A1170485,False,26.629,-21.763
source_8,A1170485,False,23.44,-20.512
source_8,A1170485,False,23.99,-21.834
source_8,A1170486,False,33.541,-24.319
source_8,A1170486,False,36.536,-26.885
source_8,A1170486,False,37.348,-25.53
source_8,A1170486,False,36.009,-26.239
source_8,A1170486,False,34.213,-23.333
source_8,A1170486,False,34.734,-26.671
source_8,A1170486,False,34.952,-25.421
source_8,A1170486,False,34.416,-24.14
source_8,A1170487,False,25.335,-22.41
source_8,A1170487,False,25.733,-23.039
source_8,A1170487,False,24.096,-21.418
source_8,A1170487,False,22.054,-19.194
source_8,A1170487,False,23.414,-20.052
source_8,A1170487,False,24.762,-20.181
source_8,A1170487,False,22.832,-19.086
source_8,A1170487,False,21.11,-19.169
source_8,A1170488,False,35.39,-24.492
source_8,A1170488,False,38.581,-27.396
source_8,A1170488,False,39.67,-27.092
source_8,A1170488,False,38.746,-26.352
source_8,A1170488,False,36.341,-24.527
source_8,A1170488,False,34.828,-23.317
source_8,A1170488,False,36.361,-23.342
source_8,A1170488,False,37.129,-22.547
source_8,A1170491,False,33.48,-33.373
source_8,A1170491,False,32.931,-30.875
source_8,A1170491,False,30.157,-29.37
source_8,A1170491,False,32.952,-30.701
source_8,A1170491,False,30.395,-31.186
source_8,A1170491,False,31.754,-31.833
source_8,A1170491,False,33.191,-32.364
source_8,A1170491,False,33.281,-32.466
source_8,A1170493,False,14.16,-26.14
source_8,A1170493,False,17.602,-27.066
source_8,A1170493,False,19.117,-29.282
source_8,A1170493,False,18.726,-28.55
source_8,A1170493,False,18.898,-30.892
source_8,A1170493,False,19.761,-29.349
source_8,A1170493,False,18.219,-28.563
source_8,A1170493,False,16.712,-27.013
source_8,A1170494,False,35.853,-36.634
source_8,A1170494,False,33.445,-35.546
source_8,A1170494,False,34.34,-36.174
source_8,A1170494,False,31.867,-32.176
source_8,A1170494,False,33.054,-34.794
source_8,A1170494,False,32.923,-35.564
source_8,A1170494,False,33.064,-34.516
source_8,A1170494,False,31.601,-36.842
source_8,A1170495,False,29.279,-33.434
source_8,A1170495,False,32.677,-36.209
source_8,A1170495,False,37.045,-36.807
source_8,A1170495,False,37.469,-36.526
source_8,A1170495,False,35.613,-34.841
source_8,A1170495,False,32.016,-33.511
source_8,A1170495,False,37.099,-34.501
source_8,A1170495,False,37.047,-35.908
source_8,A1170496,False,23.153,-31.369
source_8,A1170496,False,22.119,-29.751
source_8,A1170496,False,18.956,-26.66
source_8,A1170496,False,20.412,-29.719
source_8,A1170496,False,19.63,-26.324
source_8,A1170496,False,15.75,-25.937
source_8,A1170496,False,18.84,-28.497
source_8,A1170496,False,15.844,-23.9
source_8,A1170497,False,31.065,-33.186
source_8,A1170497,False,30.026,-32.046
source_8,A1170497,False,30.971,-31.135
source_8,A1170497,False,32.017,-34.305
source_8,A1170497,False,32.903,-33.674
source_8,A1170497,False,30.408,-30.562
source_8,A1170497,False,30.939,-30.741
source_8,A1170497,False,30.298,-32.093
source_8,A1170498,False,17.347,-24.125
source_8,A1170498,False,19.084,-21.888
source_8,A1170498,False,20.431,-23.125
source_8,A1170498,False,23.546,-27.946
source_8,A1170498,False,21.59,-26.551
source_8,A1170498,False,20.843,-24.246
source_8,A1170498,False,20.749,-25.922
source_8,A1170498,False,20.547,-25.59
source_8,A1170499,False,34.62,-33.578
source_8,A1170499,False,34.944,-32.383
source_8,A1170499,False,31.678,-27.731
source_8,A1170499,False,34.039,-31.347
source_8,A1170499,False,35.819,-31.139
source_8,A1170499,False,34.98,-33.773
source_8,A1170499,False,35.101,-32.054
source_8,A1170499,False,31.854,-31.336
source_8,A1170500,False,23.168,-28.573
source_8,A1170500,False,23.361,-25.582
source_8,A1170500,False,23.693,-27.775
source_8,A1170500,False,22.399,-23.74
source_8,A1170500,False,24.011,-26.734
source_8,A1170500,False,22.605,-26.475
source_8,A1170500,False,23.767,-27.379
source_8,A1170500,False,24.244,-25.361
source_8,A1170501,False,34.162,-33.024
source_8,A1170501,False,33.551,-29.03
source_8,A1170501,False,33.91,-30.855
source_8,A1170501,False,36.407,-32.33
source_8,A1170501,False,35.842,-32.434
source_8,A1170501,False,36.259,-32.369
source_8,A1170501,False,34.106,-30.226
source_8,A1170501,False,34.591,-32.668
source_8,A1170502,False,25.854,-26.335
source_8,A1170502,False,22.182,-24.454
source_8,A1170502,False,25.374,-25.286
source_8,A1170502,False,21.875,-23.338
source_8,A1170502,False,25.37,-27.183
source_8,A1170502,False,24.417,-26.893
source_8,A1170502,False,22.124,-22.839
source_8,A1170502,False,28.592,-27.964
source_8,A1170503,False,28.424,-29.46
source_8,A1170503,False,32.926,-31.095
source_8,A1170503,False,32.805,-29.446
source_8,A1170503,False,36.23,-31.961
source_8,A1170503,False,36.708,-30.973
source_8,A1170503,False,32.93,-30.924
source_8,A1170503,False,36.095,-32.191
source_8,A1170503,False,33.792,-29.986
source_8,A1170504,False,21.506,-23.566
source_8,A1170504,False,23.257,-23.047
source_8,A1170504,False,24.251,-26.302
source_8,A1170504,False,23.447,-24.348
source_8,A1170504,False,21.21,-21.414
source_8,A1170504,False,22.754,-23.246
source_8,A1170504,False,24.999,-26.551
source_8,A1170504,False,24.618,-25.807
source_8,A1170505,False,34.541,-31.17
source_8,A1170505,False,35.527,-31.205
source_8,A1170505,False,30.195,-29.561
source_8,A1170505,False,32.001,-29.423
source_8,A1170505,False,31.532,-26.45
source_8,A1170505,False,33.165,-29.04
source_8,A1170505,False,32.006,-27.154
source_8,A1170505,False,32.824,-28.257
source_8,A1170506,False,19.619,-22.411
source_8,A1170506,False,20.966,-24.991
source_8,A1170506,False,20.593,-22.428
source_8,A1170506,False,21.914,-23.795
source_8,A1170506,False,20.453,-24.026
source_8,A1170506,False,19.606,-21.839
source_8,A1170506,False,20.098,-21.516
source_8,A1170506,False,18.33,-20.655
source_8,A1170507,False,28.86,-26.302
source_8,A1170507,False,34.87,-29.297
source_8,A1170507,False,35.443,-30.409
source_8,A1170507,False,31.767,-27.853
source_8,A1170507,False,32.269,-27.909
source_8,A1170507,False,33.067,-29.015
source_8,A1170507,False,32.66,-26.518
source_8,A1170507,False,31.109,-26.866
source_8,A1170508,False,19.639,-22.903
source_8,A1170508,False,19.922,-22.922
source_8,A1170508,False,21.259,-24.515
source_8,A1170508,False,18.66,-20.898
source_8,A1170508,False,21.587,-24.175
source_8,A1170508,False,22.938,-25.573
source_8,A1170508,False,18.822,-22.787
source_8,A1170508,False,19.973,-23.126
source_8,A1170509,False,25.914,-26.505
source_8,A1170509,False,34.4,-28.245
source_8,A1170509,False,33.847,-30.563
source_8,A1170509,False,31.426,-26.739
source_8,A1170509,False,33.762,-28.02
source_8,A1170509,False,35.767,-29.262
source_8,A1170509,False,33.068,-28.289
source_8,A1170509,False,34.1,-30.039
source_8,A1170510,False,17.79,-20.83
source_8,A1170510,False,19.483,-21.317
source_8,A1170510,False,23.486,-23.321
source_8,A1170510,False,25.376,-24.957
source_8,A1170510,False,19.586,-19.295
source_8,A1170510,False,21.874,-20.66
source_8,A1170510,False,24.557,-22.051
source_8,A1170510,False,20.064,-19.701
source_8,A1170511,False,28.726,-25.612
source_8,A1170511,False,31.755,-27.406
source_8,A1170511,False,33.807,-29.134
source_8,A1170511,False,30.414,-27.37
source_8,A1170511,False,35.914,-30.284
source_8,A1170511,False,32.092,-25.361
source_8,A1170511,False,35.197,-28.106
source_8,A1170511,False,33.763,-24.965
source_8,A1170513,False,36.841,-27.792
source_8,A1170513,False,35.764,-26.563
source_8,A1170513,False,34.717,-24.079
source_8,A1170513,False,36.895,-28.424
source_8,A1170513,False,33.597,-25.639
source_8,A1170513,False,34.714,-27.391
source_8,A1170513,False,35.108,-25.732
source_8,A1170513,False,33.579,-24.721
source_8,A1170514,False,19.517,-24.577
source_8,A1170514,False,22.101,-23.45
source_8,A1170514,False,21.714,-21.041
source_8,A1170514,False,23.219,-20.562
source_8,A1170514,False,23.766,-23.85
source_8,A1170514,False,25.662,-21.391
source_8,A1170514,False,25.149,-21.718
source_8,A1170514,False,21.662,-21.645
source_8,A1170515,False,35.902,-29.487
source_8,A1170515,False,33.864,-27.231
source_8,A1170515,False,34.523,-28.534
source_8,A1170515,False,34.351,-26.548
source_8,A1170515,False,37.046,-26.588
source_8,A1170515,False,34.458,-27.791
source_8,A1170515,False,36.607,-29.313
source_8,A1170515,False,36.117,-28.337
source_8,A1170516,False,24.736,-23.584
source_8,A1170516,False,25.007,-24.211
source_8,A1170516,False,23.978,-21.441
source_8,A1170516,False,20.162,-17.698
source_8,A1170516,False,22.08,-21.62
source_8,A1170516,False,27.117,-21.229
source_8,A1170516,False,25.962,-20.547
source_8,A1170516,False,24.696,-22.263
source_8,A1170517,False,33.673,-28.902
source_8,A1170517,False,32.628,-26.604
source_8,A1170517,False,33.902,-27.041
source_8,A1170517,False,32.692,-26.033
source_8,A1170517,False,31.438,-24.255
source_8,A1170517,False,34.304,-25.728
source_8,A1170517,False,36.575,-27.742
source_8,A1170517,False,31.993,-25.884
source_8,A1170518,False,11.212,-16.447
source_8,A1170518,False,24.06,-21.695
source_8,A1170518,False,21.696,-19.51
source_8,A1170518,False,24.123,-20.064
source_8,A1170518,False,24.387,-21.565
source_8,A1170518,False,22.483,-18.383
source_8,A1170518,False,24.105,-21.062
source_8,A1170518,False,22.801,-21.381
source_8,A1170519,False,34.814,-27.251
source_8,A1170519,False,36.626,-27.75
source_8,A1170519,False,34.43,-26.603
source_8,A1170519,False,36.898,-25.442
source_8,A1170519,False,38.496,-26.89
source_8,A1170519,False,38.686,-28.137
source_8,A1170519,False,34.321,-25.715
source_8,A1170519,False,33.833,-25.66
source_8,A1170520,False,18.113,-19.134
source_8,A1170520,False,17.582,-19.278
source_8,A1170520,False,21.911,-20.396
source_8,A1170520,False,25.799,-18.562
source_8,A1170520,False,22.694,-19.057
source_8,A1170520,False,25.981,-19.004
source_8,A1170520,False,25.566,-20.03
source_8,A1170520,False,27.78,-22.555
source_8,A1170521,False,36.625,-30.569
source_8,A1170521,False,36.15,-26.045
source_8,A1170521,False,37.034,-27.143
source_8,A1170521,False,34.855,-24.409
source_8,A1170521,False,36.688,-25.726
source_8,A1170521,False,34.185,-25.693
source_8,A1170521,False,35.877,-25.402
source_8,A1170521,False,36.021,-28.282
source_8,A1170522,False,23.013,-24.028
source_8,A1170522,False,22.14,-21.415
source_8,A1170522,False,21.342,-21.118
source_8,A1170522,False,21.611,-21.17
source_8,A1170522,False,23.042,-20.838
source_8,A1170522,False,21.359,-20.355
source_8,A1170522,False,21.969,-19.478
source_8,A1170522,False,21.9,-19.522
source_8,A1170523,False,35.305,-29.826
source_8,A1170523,False,24.949,-25.393
source_8,A1170523,False,33.095,-24.559
source_8,A1170523,False,32.189,-24.193
source_8,A1170523,False,35.103,-25.615
source_8,A1170523,False,35.769,-25.557
source_8,A1170523,False,36.444,-25.797
source_8,A1170523,False,34.149,-25.505
source_8,A1170524,False,25.886,-20.804
source_8,A1170524,False,25.172,-21.864
source_8,A1170524,False,24.565,-22.791
source_8,A1170524,False,23.325,-22.461
source_8,A1170524,False,23.984,-19.292
source_8,A1170524,False,24.705,-19.921
source_8,A1170524,False,24.428,-21.805
source_8,A1170524,False,25.018,-19.864
source_8,A1170525,False,33.624,-27.797
source_8,A1170525,False,36.652,-28.448
source_8,A1170525,False,35.12,-27.187
source_8,A1170525,False,36.88,-28.587
source_8,A1170525,False,34.84,-24.79
source_8,A1170525,False,39.019,-26.614
source_8,A1170525,False,36.316,-28.605
source_8,A1170525,False,37.174,-26.821
source_8,A1170526,False,28.169,-25.045
source_8,A1170526,False,15.333,-36.097
source_8,A1170526,False,27.844,-20.773
source_8,A1170526,False,24.965,-22.539
source_8,A1170526,False,24.517,-20.31
source_8,A1170526,False,25.378,-20.154
source_8,A1170526,False,25.84,-21.863
source_8,A1170526,False,27.131,-22.999
source_8,A1170527,False,40.098,-29.929
source_8,A1170527,False,20.685,-15.944
source_8,A1170527,False,22.147,-17.53
source_8,A1170527,False,39.905,-25.472
source_8,A1170527,False,38.09,-26.806
source_8,A1170527,False,21.657,-15.305
source_8,A1170527,False,38.833,-26.717
source_8,A1170527,False,35.307,-25.382
source_8,A1170528,False,24.687,-20.938
source_8,A1170528,False,27.599,-21.898
source_8,A1170528,False,28.163,-23.24
source_8,A1170528,False,21.649,-17.95
source_8,A1170528,False,27.06,-21.505
source_8,A1170528,False,26.35,-21.824
source_8,A1170528,False,26.972,-19.782
source_8,A1170528,False,22.983,-18.484
source_8,A1170529,False,40.686,-28.402
source_8,A1170529,False,37.487,-26.273
source_8,A1170529,False,38.313,-25.712
source_8,A1170529,False,37.319,-24.988
source_8,A1170529,False,38.143,-25.486
source_8,A1170529,False,37.27,-24.092
source_8,A1170529,False,36.457,-24.984
source_8,A1170529,False,37.807,-24.502
source_8,A1170530,False,22.26,-19.322
source_8,A1170530,False,23.597,-19.045
source_8,A1170530,False,22.126,-20.834
source_8,A1170530,False,23.251,-19.047
source_8,A1170530,False,23.856,-20.467
source_8,A1170530,False,22.975,-18.323
source_8,A1170530,False,23.181,-18.725
source_8,A1170530,False,24.128,-20.139
source_8,A1170531,False,39.258,-27.792
source_8,A1170531,False,34.885,-25.516
source_8,A1170531,False,35.04,-26.773
source_8,A1170531,False,38.89,-27.322
source_8,A1170531,False,37.786,-24.647
source_8,A1170531,False,34.823,-24.304
source_8,A1170531,False,37.032,-26.496
source_8,A1170531,False,34.057,-24.069
source_8,A1170532,False,25.46,-21.241
source_8,A1170532,False,25.31,-20.912
source_8,A1170532,False,24.123,-19.592
source_8,A1170532,False,24.215,-19.419
source_8,A1170532,False,24.768,-19.271
source_8,A1170532,False,26.746,-18.399
source_8,A1170532,False,25.82,-19.802
source_8,A1170532,False,27.462,-21.934
source_8,A1170533,False,35.757,-29.62
source_8,A1170533,False,23.193,-21.489
source_8,A1170533,False,36.625,-27.546
source_8,A1170533,False,32.579,-22.394
source_8,A1170533,False,31.966,-22.162
source_8,A1170533,False,34.929,-24.529
source_8,A1170533,False,36.584,-26.616
source_8,A1170533,False,36.437,-26.315
source_8,A1170534,False,26.516,-23.004
source_8,A1170534,False,25.853,-21.245
source_8,A1170534,False,29.335,-20.194
source_8,A1170534,False,26.196,-20.742
source_8,A1170534,False,28.42,-21.961
source_8,A1170534,False,25.683,-19.412
source_8,A1170534,False,27.237,-22.333
source_8,A1170534,False,28.086,-21.066
source_8,A1170535,False,37.718,-27.055
source_8,A1170535,False,36.709,-25.034
source_8,A1170535,False,37.81,-25.824
source_8,A1170535,False,35.653,-20.637
source_8,A1170535,False,39.076,-24.403
source_8,A1170535,False,36.479,-23.871
source_8,A1170535,False,37.42,-22.382
source_8,A1170535,False,36.857,-23.138
source_8,A1170536,False,28.768,-22.486
source_8,A1170536,False,11.87,-14.31
source_8,A1170536,False,23.399,-20.164
source_8,A1170536,False,27.015,-20.699
source_8,A1170536,False,23.214,-16.399
source_8,A1170536,False,24.609,-17.796
source_8,A1170536,False,23.5,-17.839
source_8,A1170536,False,32.104,-21.649
source_8,A1170537,False,37.004,-27.746
source_8,A1170537,False,24.348,-22.697
source_8,A1170537,False,35.459,-22.793
source_8,A1170537,False,37.705,-29.093
source_8,A1170537,False,36.248,-23.471
source_8,A1170537,False,37.308,-25.689
source_8,A1170537,False,36.804,-24.977
source_8,A1170537,False,36.151,-23.883
source_8,A1170538,False,25.64,-24.738
source_8,A1170538,False,24.378,-20.838
source_8,A1170538,False,23.348,-19.449
source_8,A1170538,False,25.912,-20.43
source_8,A1170538,False,22.602,-18.447
source_8,A1170538,False,21.177,-17.127
source_8,A1170538,False,25.309,-20.125
source_8,A1170538,False,25.036,-21.307
source_8,A1170539,False,38.464,-27.0
source_8,A1170539,False,37.96,-25.641
source_8,A1170539,False,38.64,-26.239
source_8,A1170539,False,37.344,-23.399
source_8,A1170539,False,38.36,-25.709
source_8,A1170539,False,35.853,-22.917
source_8,A1170539,False,38.384,-25.143
source_8,A1170539,False,36.621,-23.156
source_8,A1170540,False,25.218,-20.737
source_8,A1170540,False,23.614,-21.025
source_8,A1170540,False,25.207,-19.626
source_8,A1170540,False,22.401,-20.457
source_8,A1170540,False,22.833,-15.658
source_8,A1170540,False,24.154,-19.127
source_8,A1170540,False,22.407,-19.134
source_8,A1170540,False,23.345,-16.384
source_8,A1170541,False,35.926,-29.539
source_8,A1170541,False,23.316,-22.266
source_8,A1170541,False,35.612,-24.79
source_8,A1170541,False,36.343,-24.242
source_8,A1170541,False,33.249,-22.806
source_8,A1170541,False,36.498,-24.565
source_8,A1170541,False,36.45,-27.018
source_8,A1170541,False,37.538,-25.737
source_8,A1170542,False,25.38,-20.497
source_8,A1170542,False,28.568,-22.206
source_8,A1170542,False,21.101,-18.147
source_8,A1170542,False,25.472,-20.67
source_8,A1170542,False,23.464,-17.233
source_8,A1170542,False,26.322,-20.483
source_8,A1170542,False,28.031,-21.594
source_8,A1170542,False,27.236,-21.047
source_8,A1170543,False,33.579,-23.32
source_8,A1170543,False,37.07,-29.866
source_8,A1170543,False,35.274,-28.312
source_8,A1170543,False,35.677,-26.403
source_8,A1170543,False,36.13,-24.638
source_8,A1170543,False,35.438,-23.284
source_8,A1170543,False,37.992,-27.492
source_8,A1170543,False,35.275,-23.342
source_8,A1170544,False,18.972,-18.778
source_8,A1170544,False,24.535,-20.729
source_8,A1170544,False,23.257,-19.033
source_8,A1170544,False,21.313,-14.784
source_8,A1170544,False,25.049,-20.435
source_8,A1170544,False,24.094,-17.646
source_8,A1170544,False,25.595,-18.792
source_8,A1170544,False,20.691,-14.509
source_9,GR00003279,False,74.223,30.949
source_9,GR00003279,False,76.805,25.008
source_9,GR00003279,False,76.087,24.886
source_9,GR00003279,False,70.309,25.193
source_9,GR00003279,False,73.476,26.323
source_9,GR00003279,False,72.925,23.198
source_9,GR00003279,False,75.376,30.964
source_9,GR00003279,False,66.811,24.439
source_9,GR00003280,False,72.45,26.367
source_9,GR00003280,False,73.912,26.709
source_9,GR00003280,False,75.312,30.238
source_9,GR00003280,False,72.304,25.3
source_9,GR00003280,False,77.608,17.245
source_9,GR00003280,False,63.945,22.468
source_9,GR00003280,False,68.981,26.18
source_9,GR00003280,False,75.066,24.997
source_9,GR00003281,False,70.95,25.318
source_9,GR00003281,False,77.205,27.146
source_9,GR00003281,False,77.557,26.945
source_9,GR00003281,False,71.82,21.245
source_9,GR00003281,False,75.916,21.11
source_9,GR00003281,False,70.785,21.879
source_9,GR00003281,False,79.866,26.401
source_9,GR00003281,False,78.837,28.4
source_9,GR00003282,False,79.963,22.663
source_9,GR00003282,False,76.127,29.972
source_9,GR00003282,False,81.822,22.834
source_9,GR00003282,False,78.892,22.656
source_9,GR00003282,False,77.76,21.512
source_9,GR00003282,False,74.19,22.64
source_9,GR00003282,False,83.421,26.234
source_9,GR00003282,False,76.253,27.091
source_9,GR00003284,False,72.416,25.71
source_9,GR00003284,False,77.491,20.829
source_9,GR00003284,False,73.791,24.184
source_9,GR00003284,False,75.166,25.769
source_9,GR00003284,False,81.003,24.832
source_9,GR00003284,False,73.705,26.311
source_9,GR00003284,False,77.526,22.981
source_9,GR00003284,False,74.162,20.79
source_9,GR00003285,False,78.662,24.536
source_9,GR00003285,False,71.403,20.334
source_9,GR00003285,False,74.34,24.045
source_9,GR00003285,False,75.863,21.533
source_9,GR00003285,False,80.744,21.806
source_9,GR00003285,False,76.335,23.375
source_9,GR00003285,False,75.184,24.243
source_9,GR00003285,False,75.793,20.444
source_9,GR00003286,False,78.809,23.551
source_9,GR00003286,False,77.399,26.599
source_9,GR00003286,False,82.425,22.075
source_9,GR00003286,False,79.563,21.224
source_9,GR00003286,False,76.529,25.132
source_9,GR00003286,False,83.064,29.041
source_9,GR00003286,False,81.818,26.87
source_9,GR00003286,False,78.65,26.379
source_9,GR00003287,False,84.161,20.226
source_9,GR00003287,False,82.577,24.391
source_9,GR00003287,False,83.774,25.325
source_9,GR00003287,False,71.683,23.046
source_9,GR00003287,False,76.279,21.492
source_9,GR00003287,False,75.813,23.519
source_9,GR00003287,False,82.701,25.848
source_9,GR00003287,False,81.662,25.286
source_9,GR00003288,False,80.792,24.383
source_9,GR00003288,False,74.303,19.905
source_9,GR00003288,False,82.607,21.308
source_9,GR00003288,False,79.307,20.167
source_9,GR00003288,False,81.631,23.574
source_9,GR00003288,False,77.96,20.297
source_9,GR00003288,False,79.275,21.574
source_9,GR00003288,False,78.633,23.356
source_9,GR00003289,False,73.286,22.275
source_9,GR00003289,False,77.996,25.015
source_9,GR00003289,False,76.87,19.443
source_9,GR00003289,False,85.176,24.425
source_9,GR00003289,False,79.927,20.628
source_9,GR00003289,False,84.388,24.417
source_9,GR00003289,False,77.219,23.37
source_9,GR00003289,False,75.23,23.116
source_9,GR00003290,False,76.101,23.616
source_9,GR00003290,False,73.754,19.811
source_9,GR00003290,False,74.716,20.078
source_9,GR00003290,False,72.681,20.547
source_9,GR00003290,False,70.367,25.674
source_9,GR00003290,False,73.499,23.061
source_9,GR00003290,False,71.173,19.831
source_9,GR00003290,False,73.402,25.366
source_9,GR00003296,False,60.508,22.007
source_9,GR00003296,False,58.79,18.768
source_9,GR00003296,False,61.335,25.247
source_9,GR00003296,False,55.798,17.623
source_9,GR00003296,False,58.939,19.333
source_9,GR00003296,False,59.356,18.654
source_9,GR00003296,False,61.299,17.545
source_9,GR00003296,False,59.21,19.991
source_9,GR00003297,False,60.474,20.812
source_9,GR00003297,False,54.796,20.812
source_9,GR00003297,False,58.358,19.443
source_9,GR00003297,False,57.246,20.893
source_9,GR00003297,False,58.041,18.823
source_9,GR00003297,False,58.601,18.004
source_9,GR00003297,False,59.458,16.032
source_9,GR00003297,False,54.622,19.708
source_9,GR00003298,False,58.542,19.093
source_9,GR00003298,False,54.222,21.239
source_9,GR00003298,False,56.004,20.465
source_9,GR00003298,False,53.552,22.486
source_9,GR00003298,False,62.23,16.453
source_9,GR00003298,False,54.979,18.734
source_9,GR00003298,False,58.514,20.214
source_9,GR00003298,False,60.706,19.251
source_9,GR00003299,False,62.747,24.74
source_9,GR00003299,False,55.854,18.23
source_9,GR00003299,False,58.258,23.006
source_9,GR00003299,False,59.695,17.568
source_9,GR00003299,False,58.554,16.852
source_9,GR00003299,False,58.549,19.079
source_9,GR00003299,False,55.951,17.355
source_9,GR00003299,False,57.912,18.835
source_9,GR00003301,False,56.187,19.656
source_9,GR00003301,False,59.187,24.283
source_9,GR00003301,False,56.373,18.024
source_9,GR00003301,False,58.146,18.859
source_9,GR00003301,False,60.995,20.627
source_9,GR00003301,False,55.703,17.132
source_9,GR00003301,False,53.893,17.371
source_9,GR00003301,False,62.37,18.306
source_9,GR00003302,False,52.721,21.503
source_9,GR00003302,False,52.002,18.836
source_9,GR00003302,False,55.239,17.869
source_9,GR00003302,False,53.448,18.434
source_9,GR00003302,False,59.54,21.145
source_9,GR00003302,False,51.835,22.016
source_9,GR00003302,False,52.852,18.262
source_9,GR00003302,False,54.083,20.663
source_9,GR00003303,False,57.394,18.979
source_9,GR00003303,False,53.191,17.819
source_9,GR00003303,False,55.269,21.6
source_9,GR00003303,False,57.729,19.19
source_9,GR00003303,False,52.916,17.685
source_9,GR00003303,False,55.128,20.649
source_9,GR00003303,False,60.135,19.005
source_9,GR00003303,False,54.202,20.675
source_9,GR00003306,False,64.348,16.466
source_9,GR00003306,False,58.994,19.108
source_9,GR00003306,False,65.924,14.312
source_9,GR00003306,False,60.546,14.399
source_9,GR00003306,False,64.881,14.114
source_9,GR00003306,False,72.39,17.247
source_9,GR00003306,False,64.657,16.388
source_9,GR00003306,False,66.444,14.498
source_9,GR00003307,False,64.54,15.132
source_9,GR00003307,False,60.874,13.688
source_9,GR00003307,False,64.144,14.043
source_9,GR00003307,False,64.502,14.465
source_9,GR00003307,False,66.783,19.584
source_9,GR00003307,False,63.404,17.674
source_9,GR00003307,False,64.781,18.352
source_9,GR00003307,False,64.183,11.177
source_9,GR00003308,False,62.681,17.125
source_9,GR00003308,False,65.452,14.725
source_9,GR00003308,False,62.866,15.094
source_9,GR00003308,False,65.572,18.526
source_9,GR00003308,False,62.797,18.817
source_9,GR00003308,False,63.992,20.069
source_9,GR00003308,False,61.675,13.467
source_9,GR00003308,False,62.043,17.112
source_9,GR00003309,False,60.77,18.606
source_9,GR00003309,False,61.068,16.922
source_9,GR00003309,False,64.033,15.968
source_9,GR00003309,False,61.068,14.089
source_9,GR00003309,False,63.579,16.703
source_9,GR00003309,False,59.367,19.545
source_9,GR00003309,False,58.687,16.696
source_9,GR00003309,False,60.054,16.996
source_9,GR00003311,False,59.624,22.324
source_9,GR00003311,False,58.824,16.177
source_9,GR00003311,False,58.487,16.412
source_9,GR00003311,False,58.625,18.224
source_9,GR00003311,False,60.815,19.312
source_9,GR00003311,False,60.19,19.674
source_9,GR00003311,False,57.601,19.873
source_9,GR00003311,False,59.428,20.155
source_9,GR00003313,False,65.552,18.169
source_9,GR00003313,False,63.065,20.135
source_9,GR00003313,False,62.388,17.977
source_9,GR00003313,False,68.27,20.426
source_9,GR00003313,False,70.626,20.902
source_9,GR00003313,False,65.894,15.118
source_9,GR00003313,False,64.847,15.546
source_9,GR00003313,False,62.86,21.602
source_9,GR00003314,False,68.84,13.817
source_9,GR00003314,False,63.844,14.431
source_9,GR00003314,False,66.844,18.13
source_9,GR00003314,False,67.377,18.993
source_9,GR00003314,False,64.923,15.512
source_9,GR00003314,False,65.241,15.209
source_9,GR00003314,False,66.457,16.209
source_9,GR00003314,False,66.046,19.959
source_9,GR00003315,False,65.92,18.804
source_9,GR00003315,False,63.298,18.88
source_9,GR00003315,False,65.58,19.438
source_9,GR00003315,False,64.148,14.521
source_9,GR00003315,False,65.762,17.645
source_9,GR00003315,False,67.232,14.452
source_9,GR00003315,False,65.434,15.434
source_9,GR00003315,False,48.087,14.495
source_9,GR00003316,False,60.395,19.171
source_9,GR00003316,False,60.276,16.597
source_9,GR00003316,False,58.885,18.76
source_9,GR00003316,False,62.784,15.563
source_9,GR00003316,False,60.02,16.241
source_9,GR00003316,False,58.537,15.238
source_9,GR00003316,False,62.734,20.168
source_9,GR00003316,False,62.135,21.327
source_9,GR00003317,False,61.884,22.261
source_9,GR00003317,False,57.601,20.19
source_9,GR00003317,False,57.732,16.711
source_9,GR00003317,False,59.045,16.573
source_9,GR00003317,False,60.701,19.781
source_9,GR00003317,False,59.986,17.1
source_9,GR00003317,False,62.283,19.239
source_9,GR00003317,False,62.158,19.765
source_9,GR00003318,False,63.59,21.56
source_9,GR00003318,False,72.608,14.039
source_9,GR00003318,False,61.3,21.4
source_9,GR00003318,False,53.739,23.543
source_9,GR00003318,False,62.384,23.795
source_9,GR00003318,False,59.353,26.541
source_9,GR00003318,False,59.47,18.901
source_9,GR00003318,False,55.842,12.502
source_9,GR00003330,False,66.189,26.432
source_9,GR00003330,False,63.051,25.891
source_9,GR00003330,False,60.591,18.412
source_9,GR00003330,False,58.137,23.76
source_9,GR00003330,False,64.877,16.69
source_9,GR00003330,False,59.769,24.728
source_9,GR00003330,False,67.503,23.678
source_9,GR00003330,False,65.575,26.726
source_9,GR00003331,False,60.735,23.912
source_9,GR00003331,False,53.528,22.334
source_9,GR00003331,False,57.07,25.838
source_9,GR00003331,False,59.727,22.003
source_9,GR00003331,False,60.209,19.698
source_9,GR00003331,False,69.122,30.619
source_9,GR00003331,False,60.698,23.313
source_9,GR00003331,False,63.127,27.535
source_9,GR00003332,False,62.362,25.642
source_9,GR00003332,False,59.612,25.995
source_9,GR00003332,False,62.748,26.474
source_9,GR00003332,False,62.694,23.816
source_9,GR00003332,False,64.73,24.616
source_9,GR00003332,False,60.754,22.03
source_9,GR00003332,False,63.22,25.7
source_9,GR00003332,False,60.126,24.447
source_9,GR00003333,False,52.761,21.54
source_9,GR00003333,False,64.373,25.545
source_9,GR00003333,False,62.085,25.581
source_9,GR00003333,False,61.502,23.845
source_9,GR00003333,False,64.403,26.999
source_9,GR00003333,False,63.245,21.38
source_9,GR00003333,False,60.12,21.747
source_9,GR00003333,False,65.472,22.881
source_9,GR00003335,False,58.276,25.441
source_9,GR00003335,False,61.832,25.553
source_9,GR00003335,False,63.54,30.569
source_9,GR00003335,False,64.425,30.037
source_9,GR00003335,False,60.814,23.236
source_9,GR00003335,False,62.268,29.52
source_9,GR00003335,False,64.118,22.194
source_9,GR00003335,False,65.341,22.918
source_9,GR00003336,False,65.73,25.29
source_9,GR00003336,False,64.561,23.892
source_9,GR00003336,False,62.409,26.375
source_9,GR00003336,False,64.389,22.663
source_9,GR00003336,False,65.14,25.46
source_9,GR00003336,False,66.654,23.382
source_9,GR00003336,False,63.85,21.18
source_9,GR00003336,False,62.605,22.592
source_9,GR00003337,False,63.554,27.031
source_9,GR00003337,False,64.064,21.708
source_9,GR00003337,False,62.481,22.072
source_9,GR00003337,False,64.092,23.447
source_9,GR00003337,False,64.267,21.259
source_9,GR00003337,False,65.369,20.711
source_9,GR00003337,False,64.766,23.966
source_9,GR00003337,False,64.821,23.027
source_9,GR00003338,False,60.949,23.475
source_9,GR00003338,False,66.276,24.643
source_9,GR00003338,False,65.038,24.331
source_9,GR00003338,False,59.852,22.292
source_9,GR00003338,False,62.059,22.351
source_9,GR00003338,False,63.146,21.755
source_9,GR00003338,False,65.499,20.698
source_9,GR00003338,False,61.442,23.015
source_9,GR00003339,False,68.424,25.184
source_9,GR00003339,False,63.294,16.548
source_9,GR00003339,False,66.53,20.485
source_9,GR00003339,False,66.577,21.038
source_9,GR00003339,False,62.477,21.715
source_9,GR00003339,False,62.468,19.669
source_9,GR00003339,False,66.078,20.564
source_9,GR00003339,False,66.326,24.327
source_9,GR00003341,False,63.231,15.893
source_9,GR00003341,False,63.19,22.993
source_9,GR00003341,False,60.927,16.925
source_9,GR00003341,False,67.739,21.046
source_9,GR00003341,False,62.433,14.8
source_9,GR00003341,False,63.172,13.82
source_9,GR00003341,False,62.748,19.629
source_9,GR00003341,False,62.938,15.325
source_9,GR00003342,False,63.91,19.552
source_9,GR00003342,False,64.168,20.063
source_9,GR00003342,False,62.015,16.067
source_9,GR00003342,False,65.494,19.592
source_9,GR00003342,False,64.749,19.482
source_9,GR00003342,False,64.61,21.069
source_9,GR00003342,False,63.435,20.683
source_9,GR00003342,False,64.47,17.486
source_9,GR00003343,False,62.05,19.315
source_9,GR00003343,False,65.373,20.336
source_9,GR00003343,False,56.147,19.514
source_9,GR00003343,False,69.36,19.628
source_9,GR00003343,False,60.456,13.876
source_9,GR00003343,False,64.587,14.929
source_9,GR00003343,False,62.056,22.383
source_9,GR00003343,False,63.783,17.554
source_9,GR00003344,False,57.978,21.215
source_9,GR00003344,False,60.023,20.734
source_9,GR00003344,False,63.758,19.758
source_9,GR00003344,False,64.42,18.88
source_9,GR00003344,False,64.81,19.815
source_9,GR00003344,False,67.808,20.192
source_9,GR00003344,False,64.288,14.374
source_9,GR00003344,False,62.559,19.796
source_9,GR00003381,False,65.209,22.716
source_9,GR00003381,False,64.563,21.848
source_9,GR00003381,False,69.284,22.417
source_9,GR00003381,False,66.093,20.455
source_9,GR00003381,False,67.375,25.153
source_9,GR00003381,False,67.312,24.727
source_9,GR00003381,False,72.716,24.976
source_9,GR00003381,False,67.109,20.863
source_9,GR00003382,False,70.957,21.818
source_9,GR00003382,False,70.526,19.463
source_9,GR00003382,False,70.579,24.995
source_9,GR00003382,False,69.189,19.606
source_9,GR00003382,False,68.241,21.216
source_9,GR00003382,False,67.904,24.573
source_9,GR00003382,False,68.886,24.328
source_9,GR00003382,False,73.214,25.527
source_9,GR00003383,False,65.728,22.982
source_9,GR00003383,False,71.002,23.693
source_9,GR00003383,False,70.652,20.076
source_9,GR00003383,False,70.478,21.381
source_9,GR00003383,False,68.6,21.482
source_9,GR00003383,False,71.435,21.157
source_9,GR00003383,False,75.235,24.355
source_9,GR00003383,False,69.619,20.111
source_9,GR00003384,False,73.418,20.828
source_9,GR00003384,False,70.713,21.766
source_9,GR00003384,False,69.174,20.092
source_9,GR00003384,False,70.961,18.38
source_9,GR00003384,False,67.104,20.628
source_9,GR00003384,False,70.098,21.68
source_9,GR00003384,False,68.189,20.215
source_9,GR00003384,False,70.898,20.427
source_9,GR00003386,False,69.63,24.633
source_9,GR00003386,False,71.925,20.87
source_9,GR00003386,False,70.484,23.232
source_9,GR00003386,False,63.326,22.034
source_9,GR00003386,False,66.888,20.957
source_9,GR00003386,False,74.558,24.197
source_9,GR00003386,False,68.929,20.185
source_9,GR00003386,False,68.23,22.169
source_9,GR00003387,False,65.227,22.302
source_9,GR00003387,False,71.074,22.34
source_9,GR00003387,False,67.437,21.462
source_9,GR00003387,False,63.902,24.859
source_9,GR00003387,False,72.751,26.931
source_9,GR00003387,False,67.414,22.784
source_9,GR00003387,False,64.905,21.468
source_9,GR00003387,False,68.185,22.026
source_9,GR00003390,False,49.267,21.119
source_9,GR00003390,False,51.841,18.468
source_9,GR00003390,False,53.61,21.077
source_9,GR00003390,False,55.565,18.177
source_9,GR00003390,False,53.284,17.951
source_9,GR00003390,False,53.863,18.528
source_9,GR00003390,False,55.69,21.529
source_9,GR00003390,False,53.898,20.865
source_9,GR00003391,False,66.122,21.241
source_9,GR00003391,False,66.471,23.809
source_9,GR00003391,False,70.809,18.247
source_9,GR00003391,False,69.935,18.297
source_9,GR00003391,False,65.777,21.639
source_9,GR00003391,False,67.827,22.929
source_9,GR00003391,False,69.321,22.343
source_9,GR00003391,False,66.636,22.839
source_9,GR00003392,False,73.607,21.268
source_9,GR00003392,False,71.276,20.605
source_9,GR00003392,False,71.463,16.903
source_9,GR00003392,False,68.251,18.001
source_9,GR00003392,False,67.29,22.307
source_9,GR00003392,False,72.09,18.541
source_9,GR00003392,False,69.65,22.442
source_9,GR00003392,False,72.231,21.069
source_9,GR00003393,False,73.849,22.527
source_9,GR00003393,False,62.164,21.91
source_9,GR00003393,False,69.751,21.932
source_9,GR00003393,False,78.034,19.562
source_9,GR00003393,False,72.937,20.795
source_9,GR00003393,False,74.455,18.252
source_9,GR00003393,False,75.604,27.053
source_9,GR00003393,False,71.16,18.636
source_9,GR00003395,False,64.172,22.924
source_9,GR00003395,False,65.888,21.538
source_9,GR00003395,False,73.229,17.447
source_9,GR00003395,False,72.246,19.497
source_9,GR00003395,False,68.075,16.756
source_9,GR00003395,False,72.403,19.582
source_9,GR00003395,False,67.563,20.796
source_9,GR00003395,False,72.298,20.699
source_9,GR00003396,False,71.031,20.68
source_9,GR00003396,False,72.724,17.36
source_9,GR00003396,False,71.453,19.683
source_9,GR00003396,False,77.199,18.346
source_9,GR00003396,False,77.986,19.407
source_9,GR00003396,False,73.956,17.928
source_9,GR00003396,False,76.087,21.103
source_9,GR00003396,False,72.897,20.107
source_9,GR00003412,False,71.1,17.645
source_9,GR00003412,False,74.499,18.368
source_9,GR00003412,False,75.541,21.099
source_9,GR00003412,False,74.877,17.675
source_9,GR00003412,False,74.415,17.925
source_9,GR00003412,False,71.741,21.949
source_9,GR00003412,False,73.286,23.398
source_9,GR00003412,False,74.555,23.26
source_9,GR00003413,False,68.971,24.906
source_9,GR00003413,False,66.155,27.155
source_9,GR00003413,False,76.108,18.887
source_9,GR00003413,False,71.309,18.566
source_9,GR00003413,False,78.903,17.962
source_9,GR00003413,False,70.897,19.056
source_9,GR00003413,False,70.761,18.001
source_9,GR00003413,False,74.627,22.943
source_9,GR00004367,False,65.387,17.997
source_9,GR00004367,False,65.487,19.436
source_9,GR00004367,False,69.256,17.611
source_9,GR00004367,False,59.78,17.863
source_9,GR00004367,False,58.078,20.741
source_9,GR00004367,False,66.108,25.034
source_9,GR00004367,False,65.748,16.275
source_9,GR00004367,False,66.982,15.698
source_9,GR00004368,False,61.785,17.619
source_9,GR00004368,False,64.133,14.934
source_9,GR00004368,False,65.154,18.49
source_9,GR00004368,False,66.863,17.435
source_9,GR00004368,False,64.059,18.575
source_9,GR00004368,False,64.296,15.42
source_9,GR00004368,False,69.688,16.093
source_9,GR00004368,False,68.225,18.682
source_9,GR00004369,False,64.684,16.672
source_9,GR00004369,False,66.387,19.219
source_9,GR00004369,False,67.664,16.733
source_9,GR00004369,False,61.144,17.744
source_9,GR00004369,False,66.144,15.058
source_9,GR00004369,False,67.701,15.315
source_9,GR00004369,False,67.604,18.499
source_9,GR00004369,False,66.825,19.194
source_9,GR00004370,False,68.661,19.254
source_9,GR00004370,False,65.557,18.714
source_9,GR00004370,False,69.523,17.48
source_9,GR00004370,False,63.515,15.549
source_9,GR00004370,False,67.492,17.055
source_9,GR00004370,False,68.939,18.592
source_9,GR00004370,False,67.593,18.43
source_9,GR00004370,False,67.449,16.234
source_9,GR00004372,False,71.649,17.929
source_9,GR00004372,False,67.011,18.86
source_9,GR00004372,False,68.827,13.539
source_9,GR00004372,False,72.607,17.273
source_9,GR00004372,False,76.727,16.97
source_9,GR00004372,False,71.528,17.204
source_9,GR00004372,False,67.975,18.578
source_9,GR00004372,False,71.019,17.42
source_9,GR00004373,False,69.01,19.576
source_9,GR00004373,False,69.39,15.253
source_9,GR00004373,False,74.913,15.225
source_9,GR00004373,False,67.623,13.051
source_9,GR00004373,False,76.216,15.275
source_9,GR00004373,False,69.223,13.082
source_9,GR00004373,False,72.871,15.961
source_9,GR00004373,False,66.483,16.854
source_9,GR00004374,False,63.149,17.586
source_9,GR00004374,False,66.583,14.869
source_9,GR00004374,False,65.669,16.702
source_9,GR00004374,False,75.284,14.583
source_9,GR00004374,False,70.035,15.042
source_9,GR00004374,False,70.481,17.336
source_9,GR00004374,False,70.675,16.101
source_9,GR00004374,False,68.071,17.153
source_9,GR00004375,False,73.338,12.058
source_9,GR00004375,False,73.769,14.37
source_9,GR00004375,False,75.971,14.673
source_9,GR00004375,False,73.305,16.48
source_9,GR00004375,False,73.445,10.391
source_9,GR00004375,False,78.259,11.382
source_9,GR00004375,False,73.923,12.959
source_9,GR00004375,False,74.617,11.304
source_9,GR00004377,False,66.552,24.561
source_9,GR00004377,False,66.502,26.801
source_9,GR00004377,False,62.238,24.713
source_9,GR00004377,False,65.188,22.844
source_9,GR00004377,False,65.441,23.313
source_9,GR00004377,False,71.104,24.085
source_9,GR00004377,False,66.558,24.273
source_9,GR00004377,False,66.791,22.758
source_9,GR00004378,False,72.263,17.933
source_9,GR00004378,False,74.998,18.781
source_9,GR00004378,False,65.608,24.71
source_9,GR00004378,False,67.638,20.981
source_9,GR00004378,False,61.507,20.901
source_9,GR00004378,False,69.315,18.658
source_9,GR00004378,False,69.454,19.626
source_9,GR00004378,False,69.115,20.861
source_9,GR00004379,False,71.92,21.977
source_9,GR00004379,False,73.796,20.061
source_9,GR00004379,False,63.198,19.429
source_9,GR00004379,False,70.146,20.682
source_9,GR00004379,False,67.332,21.417
source_9,GR00004379,False,65.508,19.332
source_9,GR00004379,False,68.98,24.624
source_9,GR00004379,False,64.985,21.441
source_9,GR00004380,False,65.488,22.113
source_9,GR00004380,False,65.914,20.069
source_9,GR00004380,False,67.325,22.231
source_9,GR00004380,False,64.03,19.691
source_9,GR00004380,False,59.877,20.453
source_9,GR00004380,False,66.309,20.981
source_9,GR00004380,False,67.53,18.406
source_9,GR00004380,False,64.462,19.403
source_9,GR00004382,False,69.567,18.73
source_9,GR00004382,False,69.572,19.786
source_9,GR00004382,False,60.444,19.382
source_9,GR00004382,False,69.766,22.458
source_9,GR00004382,False,65.022,18.806
source_9,GR00004382,False,75.002,16.747
source_9,GR00004382,False,67.948,19.776
source_9,GR00004382,False,75.115,22.43
source_9,GR00004383,False,72.098,18.905
source_9,GR00004383,False,67.652,19.543
source_9,GR00004383,False,73.508,19.92
source_9,GR00004383,False,66.678,22.206
source_9,GR00004383,False,65.771,22.385
source_9,GR00004383,False,65.079,21.401
source_9,GR00004383,False,65.331,21.014
source_9,GR00004383,False,73.237,24.097
source_9,GR00004384,False,65.67,23.72
source_9,GR00004384,False,66.736,20.82
source_9,GR00004384,False,70.43,24.998
source_9,GR00004384,False,63.001,20.281
source_9,GR00004384,False,62.12,19.882
source_9,GR00004384,False,64.42,20.098
source_9,GR00004384,False,69.223,22.906
source_9,GR00004384,False,67.652,22.601
source_9,GR00004385,False,80.252,16.435
source_9,GR00004385,False,83.336,11.343
source_9,GR00004385,False,72.401,16.401
source_9,GR00004385,False,75.586,17.91
source_9,GR00004385,False,75.965,13.671
source_9,GR00004385,False,75.569,13.75
source_9,GR00004385,False,79.587,7.669
source_9,GR00004385,False,90.043,13.623
source_9,GR00004389,False,74.198,27.008
source_9,GR00004389,False,67.584,24.448
source_9,GR00004389,False,67.351,23.699
source_9,GR00004389,False,69.329,20.711
source_9,GR00004389,False,74.826,24.21
source_9,GR00004389,False,71.5,22.662
source_9,GR00004389,False,71.415,20.096
source_9,GR00004389,False,76.432,24.642
source_9,GR00004391,False,51.076,20.221
source_9,GR00004391,False,44.866,20.065
source_9,GR00004391,False,43.953,19.009
source_9,GR00004391,False,56.047,23.498
source_9,GR00004391,False,49.839,20.924
source_9,GR00004391,False,51.308,20.931
source_9,GR00004391,False,52.45,20.41
source_9,GR00004391,False,51.493,21.039
source_9,GR00004392,False,44.596,21.683
source_9,GR00004392,False,48.387,23.164
source_9,GR00004392,False,45.352,22.983
source_9,GR00004392,False,52.401,20.776
source_9,GR00004392,False,53.838,21.606
source_9,GR00004392,False,50.678,19.512
source_9,GR00004392,False,49.161,21.294
source_9,GR00004392,False,50.419,23.41
source_9,GR00004393,False,51.722,21.294
source_9,GR00004393,False,49.645,21.513
source_9,GR00004393,False,52.925,23.18
source_9,GR00004393,False,53.946,19.978
source_9,GR00004393,False,50.707,20.472
source_9,GR00004393,False,53.793,20.375
source_9,GR00004393,False,49.047,21.811
source_9,GR00004393,False,55.926,18.628
source_9,GR00004394,False,45.663,21.837
source_9,GR00004394,False,54.438,22.315
source_9,GR00004394,False,58.243,21.669
source_9,GR00004394,False,52.32,20.778
source_9,GR00004394,False,53.654,21.372
source_9,GR00004394,False,52.705,22.224
source_9,GR00004394,False,56.0,17.006
source_9,GR00004394,False,50.742,19.958
source_9,GR00004396,False,51.828,22.675
source_9,GR00004396,False,46.147,21.067
source_9,GR00004396,False,48.195,21.676
source_9,GR00004396,False,48.026,19.169
source_9,GR00004396,False,51.438,19.139
source_9,GR00004396,False,53.498,19.685
source_9,GR00004396,False,52.748,17.604
source_9,GR00004396,False,49.473,22.108
source_9,GR00004397,False,49.789,20.848
source_9,GR00004397,False,58.518,18.803
source_9,GR00004397,False,55.722,20.401
source_9,GR00004397,False,54.487,19.73
source_9,GR00004397,False,54.74,19.08
source_9,GR00004397,False,54.298,19.229
source_9,GR00004397,False,52.945,17.503
source_9,GR00004397,False,54.366,18.98
source_9,GR00004398,False,54.589,19.084
source_9,GR00004398,False,53.845,23.026
source_9,GR00004398,False,55.545,20.594
source_9,GR00004398,False,48.626,19.448
source_9,GR00004398,False,53.593,17.229
source_9,GR00004398,False,53.11,17.337
source_9,GR00004398,False,55.241,18.117
source_9,GR00004398,False,53.813,19.412
source_9,GR00004399,False,50.649,20.98
source_9,GR00004399,False,53.293,20.432
source_9,GR00004399,False,50.9,19.525
source_9,GR00004399,False,47.276,19.438
source_9,GR00004399,False,51.998,20.22
source_9,GR00004399,False,52.795,17.921
source_9,GR00004399,False,56.237,17.035
source_9,GR00004399,False,56.749,16.932
source_9,GR00004400,False,52.433,20.156
source_9,GR00004400,False,48.286,21.175
source_9,GR00004400,False,53.045,19.438
source_9,GR00004400,False,53.184,14.959
source_9,GR00004400,False,52.041,21.341
source_9,GR00004400,False,56.64,20.732
source_9,GR00004400,False,49.836,21.906
source_9,GR00004400,False,51.422,15.968
source_9,GR00004401,False,44.408,29.532
source_9,GR00004401,False,52.569,19.333
source_9,GR00004401,False,52.059,17.981
source_9,GR00004401,False,53.276,21.807
source_9,GR00004401,False,54.918,17.072
source_9,GR00004401,False,54.401,22.292
source_9,GR00004401,False,54.048,22.434
source_9,GR00004401,False,51.161,20.279
source_9,GR00004405,False,50.934,26.643
source_9,GR00004405,False,59.743,26.49
source_9,GR00004405,False,56.946,22.843
source_9,GR00004405,False,56.378,23.657
source_9,GR00004405,False,57.095,25.772
source_9,GR00004405,False,49.529,22.985
source_9,GR00004405,False,52.466,26.79
source_9,GR00004405,False,64.073,27.189
source_9,GR00004406,False,62.955,24.245
source_9,GR00004406,False,54.922,23.017
source_9,GR00004406,False,59.304,25.021
source_9,GR00004406,False,63.295,23.588
source_9,GR00004406,False,60.945,20.859
source_9,GR00004406,False,63.653,21.039
source_9,GR00004406,False,60.671,21.928
source_9,GR00004406,False,63.026,23.702
source_9,GR00004407,False,60.216,22.977
source_9,GR00004407,False,52.976,23.443
source_9,GR00004407,False,58.526,22.503
source_9,GR00004407,False,53.487,25.566
source_9,GR00004407,False,59.776,22.005
source_9,GR00004407,False,57.065,22.485
source_9,GR00004407,False,50.832,27.426
source_9,GR00004407,False,52.782,18.52
source_9,GR00004408,False,50.681,25.793
source_9,GR00004408,False,61.025,24.596
source_9,GR00004408,False,57.995,23.209
source_9,GR00004408,False,57.73,23.341
source_9,GR00004408,False,64.8,25.07
source_9,GR00004408,False,60.945,23.824
source_9,GR00004408,False,56.433,24.549
source_9,GR00004408,False,58.028,24.2
source_9,GR00004410,False,54.137,24.575
source_9,GR00004410,False,57.997,23.999
source_9,GR00004410,False,58.14,20.781
source_9,GR00004410,False,62.917,23.459
source_9,GR00004410,False,55.78,22.622
source_9,GR00004410,False,61.571,21.496
source_9,GR00004410,False,54.552,21.58
source_9,GR00004410,False,54.651,22.591
source_9,GR00004411,False,55.701,23.771
source_9,GR00004411,False,55.092,22.021
source_9,GR00004411,False,53.389,25.188
source_9,GR00004411,False,55.874,24.64
source_9,GR00004411,False,62.645,22.672
source_9,GR00004411,False,58.414,22.933
source_9,GR00004411,False,58.88,21.764
source_9,GR00004411,False,59.874,21.719
source_9,GR00004412,False,54.919,22.073
source_9,GR00004412,False,57.527,24.078
source_9,GR00004412,False,57.366,25.303
source_9,GR00004412,False,55.195,21.132
source_9,GR00004412,False,64.405,21.671
source_9,GR00004412,False,51.329,23.789
source_9,GR00004412,False,61.533,23.338
source_9,GR00004412,False,60.939,21.354
source_9,GR00004413,False,62.08,21.982
source_9,GR00004413,False,68.588,22.719
source_9,GR00004413,False,63.889,19.193
source_9,GR00004413,False,68.464,22.007
source_9,GR00004413,False,66.671,20.256
source_9,GR00004413,False,68.633,21.613
source_9,GR00004413,False,65.347,19.762
source_9,GR00004413,False,69.152,23.657
source_9,GR00004414,False,66.247,22.748
source_9,GR00004414,False,55.877,20.035
source_9,GR00004414,False,59.675,18.816
source_9,GR00004414,False,61.199,19.468
source_9,GR00004414,False,62.59,18.488
source_9,GR00004414,False,67.88,21.851
source_9,GR00004414,False,66.768,19.296
source_9,GR00004414,False,63.741,20.525
source_9,GR00004415,False,62.403,21.642
source_9,GR00004415,False,61.56,22.963
source_9,GR00004415,False,60.449,20.204
source_9,GR00004415,False,57.687,21.621
source_9,GR00004415,False,60.558,22.07
source_9,GR00004415,False,59.641,19.284
source_9,GR00004415,False,60.859,18.77
source_9,GR00004415,False,62.069,23.857
source_9,GR00004416,False,70.667,24.562
source_9,GR00004416,False,75.951,25.961
source_9,GR00004416,False,73.662,24.047
source_9,GR00004416,False,71.842,23.178
source_9,GR00004416,False,72.602,21.14
source_9,GR00004416,False,68.984,17.371
source_9,GR00004416,False,72.266,23.636
source_9,GR00004416,False,74.196,24.351
source_9,GR00004417,False,76.316,30.2
source_9,GR00004417,False,76.141,29.367
source_9,GR00004417,False,83.489,26.121
source_9,GR00004417,False,79.58,25.92
source_9,GR00004417,False,77.047,25.328
source_9,GR00004417,False,79.701,26.267
source_9,GR00004417,False,77.523,25.864
source_9,GR00004417,False,76.313,25.565
source_9,GR00004418,False,79.783,31.06
source_9,GR00004418,False,73.085,28.034
source_9,GR00004418,False,72.836,27.643
source_9,GR00004418,False,67.905,25.953
source_9,GR00004418,False,71.883,24.857
source_9,GR00004418,False,75.036,24.296
source_9,GR00004418,False,78.022,27.188
source_9,GR00004418,False,73.413,26.255
source_9,GR00004419,False,74.533,23.725
source_9,GR00004419,False,74.556,25.408
source_9,GR00004419,False,75.119,26.936
source_9,GR00004419,False,69.863,27.255
source_9,GR00004419,False,79.119,24.004
source_9,GR00004419,False,71.872,24.773
source_9,GR00004419,False,73.541,21.859
source_9,GR00004419,False,75.65,23.657
source_9,GR00004420,False,70.478,28.813
source_9,GR00004420,False,69.403,28.798
source_9,GR00004420,False,72.045,26.611
source_9,GR00004420,False,73.242,24.532
source_9,GR00004420,False,78.318,25.314
source_9,GR00004420,False,72.18,26.192
source_9,GR00004420,False,72.646,26.692
source_9,GR00004420,False,74.765,28.981
source_9,GR00004421,False,71.8,33.999
source_9,GR00004421,False,78.805,29.522
source_9,GR00004421,False,73.329,25.469
source_9,GR00004421,False,73.633,22.36
source_9,GR00004421,False,82.145,30.272
source_9,GR00004421,False,90.778,32.409
source_9,GR00004421,False,79.214,27.413
source_9,GR00004421,False,72.515,23.36
