compound,control_distance,effect_disagreement,source
AMG900,1.0305931568145752,0.10092520713806152,source_2
AMG900,1.0316288471221924,0.14784860610961914,source_2
AMG900,1.038230061531067,0.10692453384399414,source_2
AMG900,1.05032217502594,0.11160999536514282,source_2
AMG900,1.1830042600631714,0.12349969148635864,source_2
AMG900,1.0762486457824707,0.10753118991851807,source_2
AMG900,0.9796935319900513,0.10502058267593384,source_2
AMG900,0.9717709422111511,0.13491582870483398,source_2
AMG900,1.00404953956604,0.10478687286376953,source_2
AMG900,0.9787495732307434,0.09518414735794067,source_2
AMG900,0.9758021831512451,0.10285115242004395,source_2
AMG900,0.9728068113327026,0.14977240562438965,source_2
AMG900,1.009095311164856,0.12190145254135132,source_2
AMG900,1.024733066558838,0.11005675792694092,source_2
AMG900,1.9336682558059692,0.2774357795715332,source_2
AMG900,1.9699431657791138,0.286393404006958,source_2
AMG900,1.992943525314331,0.3473206162452698,source_2
AMG900,1.885191559791565,0.2574695348739624,source_2
AMG900,1.8514950275421143,0.25347912311553955,source_2
AMG900,1.8711854219436646,0.8824580907821655,source_2
AMG900,1.9614861011505127,0.40864312648773193,source_2
AMG900,1.9579455852508545,0.29922258853912354,source_2
AMG900,2.046285629272461,0.38049066066741943,source_2
AMG900,1.873935341835022,0.2821968197822571,source_2
AMG900,1.8917497396469116,0.29598522186279297,source_2
AMG900,1.8942205905914307,0.25340700149536133,source_2
AMG900,1.8452379703521729,0.3875889182090759,source_2
AMG900,1.8741562366485596,0.2810322642326355,source_2
AMG900,1.8830540180206299,0.3301994800567627,source_2
AMG900,1.9647119045257568,0.3629072308540344,source_2
AMG900,1.958827018737793,0.4167604446411133,source_2
AMG900,1.1010894775390625,0.140575110912323,source_2
AMG900,1.099949836730957,0.2905315160751343,source_2
AMG900,1.1111040115356445,0.1673983335494995,source_2
AMG900,1.0937632322311401,0.11957377195358276,source_2
AMG900,1.1033638715744019,0.12235367298126221,source_2
AMG900,1.1076698303222656,0.12014579772949219,source_2
AMG900,1.1078948974609375,0.11334115266799927,source_2
AMG900,1.1095927953720093,0.12755048274993896,source_2
AMG900,1.1014865636825562,0.11391651630401611,source_2
AMG900,1.1065266132354736,0.21990644931793213,source_2
AMG900,1.1146103143692017,0.12422055006027222,source_2
AMG900,1.1131936311721802,0.12482529878616333,source_2
AMG900,1.1149033308029175,0.1172410249710083,source_2
AMG900,1.1234982013702393,0.15166974067687988,source_2
AMG900,1.1243171691894531,0.14528405666351318,source_2
AMG900,1.1180320978164673,0.3020566701889038,source_2
AMG900,1.1285600662231445,0.18600159883499146,source_2
AMG900,1.1276271343231201,0.21963101625442505,source_2
AMG900,1.1380565166473389,0.157109797000885,source_2
AMG900,1.1624988317489624,0.13251447677612305,source_2
AMG900,1.041762113571167,0.10195845365524292,source_2
AMG900,1.0511369705200195,0.13999950885772705,source_2
AMG900,1.0634430646896362,0.12084555625915527,source_2
AMG900,1.0557583570480347,0.11747962236404419,source_2
AMG900,1.0619159936904907,0.09573620557785034,source_2
AMG900,1.0654977560043335,0.12095105648040771,source_2
AMG900,1.0605775117874146,0.10150408744812012,source_2
AMG900,1.0592325925827026,0.10890954732894897,source_2
AMG900,1.0721867084503174,0.10861361026763916,source_2
AMG900,1.0930922031402588,0.11172658205032349,source_2
AMG900,1.0612552165985107,0.13074445724487305,source_2
AMG900,1.0848692655563354,0.14801853895187378,source_2
AMG900,1.0708552598953247,0.13421398401260376,source_2
AMG900,1.0633842945098877,0.18543314933776855,source_2
AMG900,1.0896159410476685,0.11299121379852295,source_2
AMG900,1.1359928846359253,0.13693201541900635,source_2
AMG900,1.127510905265808,0.15070199966430664,source_2
AMG900,1.0436123609542847,0.20217585563659668,source_2
AMG900,1.0313382148742676,0.13409173488616943,source_2
AMG900,1.042995810508728,0.13368159532546997,source_2
AMG900,1.0016454458236694,0.1359996795654297,source_2
AMG900,0.9713514447212219,0.1268330216407776,source_2
AMG900,1.0332368612289429,0.13554948568344116,source_2
AMG900,1.0844674110412598,0.12941956520080566,source_2
AMG900,1.0569671392440796,0.1226891279220581,source_2
AMG900,1.0140291452407837,0.11915469169616699,source_2
AMG900,1.073196530342102,0.14331090450286865,source_2
AMG900,1.0409797430038452,0.12518596649169922,source_2
AMG900,1.080599308013916,0.12538284063339233,source_2
AMG900,1.2290669679641724,0.16791093349456787,source_2
AMG900,1.2232766151428223,0.13298547267913818,source_2
AMG900,1.2890727519989014,0.22342920303344727,source_2
AMG900,1.1846356391906738,0.14008891582489014,source_2
AMG900,1.1599687337875366,0.12345147132873535,source_2
AMG900,2.727022647857666,0.31509149074554443,source_2
AMG900,2.882880449295044,0.3091484308242798,source_2
AMG900,2.723323345184326,0.31725502014160156,source_2
AMG900,2.6994519233703613,0.2772873044013977,source_2
AMG900,1.1123573780059814,0.09853434562683105,source_2
AMG900,1.1239899396896362,0.12042069435119629,source_2
AMG900,1.0998737812042236,0.09541541337966919,source_2
AMG900,1.097739338874817,0.09627437591552734,source_2
AMG900,1.1444138288497925,0.1113160252571106,source_2
AMG900,1.1060454845428467,0.14135503768920898,source_2
AMG900,1.1881412267684937,0.13632243871688843,source_2
AMG900,1.1628673076629639,0.5570784211158752,source_2
AMG900,1.1502139568328857,0.17687487602233887,source_2
AMG900,1.1317996978759766,0.1082717776298523,source_2
AMG900,1.1670174598693848,0.43226051330566406,source_2
AMG900,1.1502571105957031,0.1128043532371521,source_2
AMG900,1.1756632328033447,0.11319541931152344,source_2
AMG900,1.1537288427352905,0.11803793907165527,source_2
AMG900,1.248084306716919,0.1216161847114563,source_2
AMG900,1.249279260635376,0.11717700958251953,source_2
AMG900,1.2126343250274658,0.16296374797821045,source_2
AMG900,1.1965014934539795,0.11452513933181763,source_2
AMG900,1.223354697227478,0.1252427101135254,source_2
AMG900,1.219850778579712,0.12001639604568481,source_2
AMG900,1.2364460229873657,0.11424553394317627,source_2
AMG900,1.303392767906189,0.12558454275131226,source_2
AMG900,1.2764787673950195,0.12241899967193604,source_2
AMG900,1.2343688011169434,0.10827982425689697,source_2
AMG900,1.219467043876648,0.22050905227661133,source_2
AMG900,1.2042635679244995,0.11723601818084717,source_2
AMG900,1.2170161008834839,0.12892794609069824,source_2
AMG900,1.201846718788147,0.1127699613571167,source_2
AMG900,1.2022920846939087,0.1223260760307312,source_2
AMG900,1.1700459718704224,0.12195056676864624,source_2
AMG900,1.2116317749023438,0.11455404758453369,source_2
AMG900,1.1902482509613037,0.10977095365524292,source_2
AMG900,1.1537145376205444,0.11564469337463379,source_2
AMG900,1.0969194173812866,0.10128962993621826,source_2
AMG900,1.1228225231170654,0.09805947542190552,source_2
AMG900,1.2462009191513062,0.10869669914245605,source_2
AMG900,1.2193827629089355,0.11511993408203125,source_2
AMG900,1.235282301902771,0.11236423254013062,source_2
AMG900,1.2313328981399536,0.1157311201095581,source_2
AMG900,1.1953941583633423,0.1083301305770874,source_2
AMG900,1.2298719882965088,0.11425983905792236,source_2
AMG900,1.1786644458770752,0.11047685146331787,source_2
AMG900,1.2261714935302734,0.1266944408416748,source_2
AMG900,1.2534304857254028,0.2010408639907837,source_2
AMG900,1.2292985916137695,0.1290358304977417,source_2
AMG900,1.2091525793075562,0.11838841438293457,source_2
AMG900,1.04007089138031,0.1051633358001709,source_2
AMG900,0.9790961742401123,0.0933108925819397,source_2
AMG900,0.9779314398765564,0.6388548612594604,source_2
AMG900,0.9812828898429871,0.08240723609924316,source_2
AMG900,0.9722282290458679,0.17319387197494507,source_2
AMG900,0.9037846326828003,0.07823240756988525,source_2
AMG900,0.947555422782898,0.07826149463653564,source_2
AMG900,0.9721398949623108,0.08201324939727783,source_2
AMG900,0.948245108127594,0.09897816181182861,source_2
AMG900,0.9389373660087585,0.080405592918396,source_2
AMG900,0.928533673286438,0.07275736331939697,source_2
AMG900,0.9201298356056213,0.0849754810333252,source_2
AMG900,0.9229199290275574,0.07606154680252075,source_2
AMG900,0.9138315320014954,0.07785797119140625,source_2
AMG900,0.9400967955589294,0.07893764972686768,source_2
AMG900,0.9202777743339539,0.0832517147064209,source_2
AMG900,0.9278185963630676,0.07794463634490967,source_2
AMG900,0.9211828708648682,0.08183568716049194,source_2
AMG900,0.9195734858512878,0.08005034923553467,source_2
AMG900,0.8939695358276367,0.08075743913650513,source_2
AMG900,1.025093913078308,0.09727680683135986,source_2
AMG900,0.918601393699646,0.10563540458679199,source_2
AMG900,0.9076372981071472,0.14420092105865479,source_2
AMG900,0.9185219407081604,0.07869172096252441,source_2
AMG900,0.9165230393409729,0.15942609310150146,source_2
AMG900,0.9186311960220337,0.07530879974365234,source_2
AMG900,0.9273250699043274,0.07948589324951172,source_2
AMG900,0.927374005317688,0.08961695432662964,source_2
AMG900,0.9208568930625916,0.0867120623588562,source_2
AMG900,0.930061399936676,0.08039438724517822,source_2
AMG900,0.9566289782524109,0.13140082359313965,source_2
AMG900,0.9474840760231018,0.13503658771514893,source_2
AMG900,0.9394665360450745,0.08651775121688843,source_2
AMG900,0.9632516503334045,0.111735999584198,source_2
AMG900,0.9567491412162781,0.09970635175704956,source_2
AMG900,0.9676685929298401,0.09152889251708984,source_2
AMG900,0.9646694660186768,0.0948534607887268,source_2
AMG900,0.8896378874778748,0.09494787454605103,source_2
AMG900,0.8845226168632507,0.09286242723464966,source_2
AMG900,0.8734164834022522,0.09902083873748779,source_2
AMG900,0.890309751033783,0.10886973142623901,source_2
AMG900,0.8913121819496155,0.10475409030914307,source_2
AMG900,0.8931504487991333,0.10576343536376953,source_2
AMG900,0.8850570917129517,0.15738070011138916,source_2
AMG900,0.9061081409454346,0.09315109252929688,source_2
AMG900,0.9044787883758545,0.10071825981140137,source_2
AMG900,0.9154572486877441,0.09263777732849121,source_2
AMG900,0.9244836568832397,0.09664493799209595,source_2
AMG900,0.9249939918518066,0.08669686317443848,source_2
AMG900,0.9359138607978821,0.09253811836242676,source_2
AMG900,0.9351152181625366,0.09075307846069336,source_2
AMG900,0.9385316371917725,0.10639011859893799,source_2
AMG900,0.9472618103027344,0.08912825584411621,source_2
AMG900,0.9951973557472229,0.09421885013580322,source_2
AMG900,0.9829486608505249,0.10651344060897827,source_2
AMG900,0.9860420227050781,0.11008298397064209,source_2
AMG900,0.9914345741271973,0.11351174116134644,source_2
AMG900,1.0196418762207031,0.11304402351379395,source_2
AMG900,1.0343098640441895,0.17839819192886353,source_2
AMG900,1.044756293296814,0.1425303816795349,source_2
AMG900,1.0171494483947754,0.13179433345794678,source_2
AMG900,1.0302977561950684,0.11444211006164551,source_2
AMG900,1.0325887203216553,0.11557912826538086,source_2
AMG900,1.0321006774902344,0.11609780788421631,source_2
AMG900,1.1941498517990112,0.1663353443145752,source_2
AMG900,1.06875741481781,0.12555867433547974,source_2
AMG900,1.06747305393219,0.6015886068344116,source_2
AMG900,1.0756549835205078,0.12283706665039062,source_2
AMG900,1.09194016456604,0.13067710399627686,source_2
AMG900,1.0921874046325684,0.5206627249717712,source_2
AMG900,1.0823276042938232,0.11901915073394775,source_2
AMG900,1.1047136783599854,0.1214069128036499,source_2
AMG900,1.1275585889816284,0.12892305850982666,source_2
AMG900,0.9875828623771667,0.06346094608306885,source_6
AMG900,0.9690775871276855,0.05781829357147217,source_6
AMG900,0.9294679164886475,0.05739814043045044,source_6
AMG900,0.9307568669319153,0.0624159574508667,source_6
AMG900,0.9414159655570984,0.061717987060546875,source_6
AMG900,0.9321046471595764,0.06245976686477661,source_6
AMG900,0.9419704079627991,0.061676979064941406,source_6
AMG900,0.9310316443443298,0.059972941875457764,source_6
AMG900,0.9710522890090942,0.06059598922729492,source_6
AMG900,0.9549092650413513,0.06045103073120117,source_6
AMG900,0.9320846796035767,0.06261152029037476,source_6
AMG900,0.910632312297821,0.06439173221588135,source_6
AMG900,0.9261836409568787,0.0643765926361084,source_6
AMG900,0.913024365901947,0.06438052654266357,source_6
AMG900,0.9303575158119202,0.058481812477111816,source_6
AMG900,0.9747910499572754,0.06765472888946533,source_6
AMG900,0.8845386505126953,0.0656399130821228,source_6
AMG900,0.8792388439178467,0.06876075267791748,source_6
AMG900,0.8884406089782715,0.06508183479309082,source_6
AMG900,0.8913818597793579,0.06552958488464355,source_6
AMG900,0.8768104910850525,0.0682516098022461,source_6
AMG900,0.9077911376953125,0.06534403562545776,source_6
AMG900,0.9072461128234863,0.06455683708190918,source_6
AMG900,0.8777554035186768,0.06855791807174683,source_6
AMG900,0.8615472912788391,0.06613969802856445,source_6
AMG900,0.8604143261909485,0.06401467323303223,source_6
AMG900,0.8678549528121948,0.06861519813537598,source_6
AMG900,0.8733618855476379,0.07355642318725586,source_6
AMG900,0.8917244076728821,0.05943417549133301,source_6
AMG900,0.8867327570915222,0.05961298942565918,source_6
AMG900,0.8968932628631592,0.062219977378845215,source_6
AMG900,0.8910518288612366,0.06215691566467285,source_6
AMG900,0.8888673186302185,0.06131148338317871,source_6
AMG900,0.883137583732605,0.06232881546020508,source_6
AMG900,0.8801957964897156,0.05878925323486328,source_6
AMG900,0.8963082432746887,0.06422007083892822,source_6
AMG900,0.9335282444953918,0.06654870510101318,source_6
AMG900,0.9100169539451599,0.0744863748550415,source_6
AMG900,0.927730143070221,0.06406843662261963,source_6
AMG900,0.914759635925293,0.06960588693618774,source_6
AMG900,0.9314994215965271,0.0701683759689331,source_6
AMG900,0.9382925629615784,0.07345956563949585,source_6
AMG900,0.9431030750274658,0.07826972007751465,source_6
AMG900,0.9557077884674072,0.06667160987854004,source_6
AMG900,0.9156282544136047,0.062004148960113525,source_6
AMG900,0.8833410143852234,0.06551516056060791,source_6
AMG900,0.892914354801178,0.06311869621276855,source_6
AMG900,0.8816642761230469,0.06364953517913818,source_6
AMG900,0.9018277525901794,0.06177729368209839,source_6
AMG900,0.9080389738082886,0.06129366159439087,source_6
AMG900,0.9194785952568054,0.0626906156539917,source_6
AMG900,0.8955592513084412,0.06367617845535278,source_6
AMG900,0.8845133185386658,0.06743508577346802,source_6
AMG900,0.8615077137947083,0.05547773838043213,source_6
AMG900,0.8652416467666626,0.06138324737548828,source_6
AMG900,0.8873893618583679,0.06505751609802246,source_6
AMG900,0.9449164271354675,0.0725165605545044,source_6
AMG900,0.9309121966362,0.07148188352584839,source_6
AMG900,0.9293908476829529,0.0750197172164917,source_6
AMG900,0.94234299659729,0.07052570581436157,source_6
AMG900,0.9424647092819214,0.08501362800598145,source_6
AMG900,0.9386748671531677,0.07453286647796631,source_6
AMG900,0.9536768794059753,0.07324588298797607,source_6
AMG900,0.9141986966133118,0.07380050420761108,source_6
AMG900,0.8933819532394409,0.06565278768539429,source_6
AMG900,0.9176583290100098,0.07071089744567871,source_6
AMG900,0.9047401547431946,0.0751199722290039,source_6
AMG900,0.9068616032600403,0.06497550010681152,source_6
AMG900,0.9210564494132996,0.07492709159851074,source_6
AMG900,0.9211028218269348,0.07909512519836426,source_6
AMG900,0.921805202960968,0.07534223794937134,source_6
AMG900,0.9775531888008118,0.08179783821105957,source_6
AMG900,0.9664843678474426,0.06863260269165039,source_6
AMG900,0.9037936925888062,0.0654900074005127,source_6
AMG900,0.9099990725517273,0.06182992458343506,source_6
AMG900,0.9328910708427429,0.06972485780715942,source_6
AMG900,0.9171048998832703,0.0629734992980957,source_6
AMG900,0.9217126369476318,0.06638163328170776,source_6
AMG900,0.9366518259048462,0.06370759010314941,source_6
AMG900,0.9153289198875427,0.06883537769317627,source_6
AMG900,0.9125669598579407,0.0661088228225708,source_6
AMG900,0.9071902632713318,0.08974862098693848,source_6
AMG900,0.919581413269043,0.06769943237304688,source_6
AMG900,0.9236836433410645,0.0716625452041626,source_6
AMG900,0.9116888046264648,0.06302064657211304,source_6
AMG900,0.9003638625144958,0.06104379892349243,source_6
AMG900,0.9289759993553162,0.06710028648376465,source_6
AMG900,0.9521116614341736,0.06222522258758545,source_6
AMG900,0.9204267263412476,0.06504547595977783,source_6
AMG900,0.9213022589683533,0.06658029556274414,source_6
AMG900,0.93220055103302,0.06628239154815674,source_6
AMG900,0.9449268579483032,0.06500959396362305,source_6
AMG900,0.9422096610069275,0.06948816776275635,source_6
AMG900,0.9583530426025391,0.06804311275482178,source_6
AMG900,0.9391269683837891,0.06720614433288574,source_6
AMG900,1.045364260673523,0.07470107078552246,source_6
AMG900,1.0376017093658447,0.06962674856185913,source_6
AMG900,0.9992409944534302,0.06659793853759766,source_6
AMG900,0.9983330965042114,0.13069260120391846,source_6
AMG900,1.0089157819747925,0.0741426944732666,source_6
AMG900,0.9983081221580505,0.0753585696220398,source_6
AMG900,1.0162965059280396,0.07582294940948486,source_6
AMG900,0.9441982507705688,0.06554180383682251,source_6
AMG900,0.950977623462677,0.06474840641021729,source_6
AMG900,0.970402717590332,0.0676349401473999,source_6
AMG900,0.9458617568016052,0.06504297256469727,source_6
AMG900,0.930841326713562,0.06191444396972656,source_6
AMG900,0.9235552549362183,0.0696415901184082,source_6
AMG900,0.9290858507156372,0.07165718078613281,source_6
AMG900,0.9458059072494507,0.06732404232025146,source_6
AMG900,1.0262858867645264,0.06738156080245972,source_6
AMG900,0.9226470589637756,0.07461690902709961,source_6
AMG900,0.9123364686965942,0.07640272378921509,source_6
AMG900,0.8855107426643372,0.08430349826812744,source_6
AMG900,0.9139220714569092,0.07666409015655518,source_6
AMG900,0.8502560257911682,0.06907510757446289,source_6
AMG900,0.8636308312416077,0.06776392459869385,source_6
AMG900,0.8831206560134888,0.06996673345565796,source_6
AMG900,0.8823503255844116,0.06933557987213135,source_6
AMG900,0.8804886341094971,0.06974446773529053,source_6
AMG900,0.8848413825035095,0.06861424446105957,source_6
AMG900,0.8818726539611816,0.07272756099700928,source_6
AMG900,0.8969539403915405,0.06647205352783203,source_6
AMG900,0.9072041511535645,0.06982594728469849,source_6
AMG900,0.9005616307258606,0.07380425930023193,source_6
AMG900,0.9279975295066833,0.07690286636352539,source_6
AMG900,0.9136485457420349,0.07444310188293457,source_6
AMG900,0.851645827293396,0.07100629806518555,source_6
AMG900,0.8470475673675537,0.06828141212463379,source_6
AMG900,0.8381161093711853,0.07087427377700806,source_6
AMG900,0.8515269160270691,0.07154965400695801,source_6
AMG900,0.8564513921737671,0.0731661319732666,source_6
AMG900,0.867660641670227,0.072986900806427,source_6
AMG900,0.8880574107170105,0.06801974773406982,source_6
AMG900,0.8532392978668213,0.06984531879425049,source_6
AMG900,0.8451563119888306,0.07505911588668823,source_6
AMG900,0.8487455248832703,0.07391524314880371,source_6
AMG900,0.8576387763023376,0.07132691144943237,source_6
AMG900,0.8446177840232849,0.06302368640899658,source_6
AMG900,0.9467216730117798,0.06265062093734741,source_6
AMG900,0.9404508471488953,0.066520094871521,source_6
AMG900,0.9481207132339478,0.0754544734954834,source_6
AMG900,0.9471482634544373,0.0688011646270752,source_6
AMG900,0.9438918232917786,0.07146710157394409,source_6
AMG900,0.9394038319587708,0.06540834903717041,source_6
AMG900,0.9658015370368958,0.06320512294769287,source_6
AMG900,0.9192186594009399,0.06948858499526978,source_6
AMG900,0.9437753558158875,0.0684242844581604,source_6
AMG900,0.9195136427879333,0.1927863359451294,source_6
AMG900,0.9230955839157104,0.07114601135253906,source_6
AMG900,0.9567211270332336,0.06896460056304932,source_6
AMG900,0.9521952271461487,0.07191967964172363,source_6
AMG900,0.9426183104515076,0.06897521018981934,source_6
AMG900,0.9057161808013916,0.06833577156066895,source_6
AMG900,0.9199166893959045,0.07065069675445557,source_6
AMG900,0.9180125594139099,0.06364673376083374,source_6
AMG900,0.8813466429710388,0.06410360336303711,source_6
AMG900,0.8818365931510925,0.15573525428771973,source_6
AMG900,0.8895772695541382,0.06247901916503906,source_6
AMG900,0.9035123586654663,0.06917089223861694,source_6
AMG900,0.8999499082565308,0.06994223594665527,source_6
AMG900,0.933915913105011,0.07484745979309082,source_6
AMG900,0.9273735284805298,0.06588339805603027,source_6
AMG900,0.9235552549362183,0.06178659200668335,source_6
AMG900,0.9339292645454407,0.0690162181854248,source_6
AMG900,0.9186457395553589,0.06391346454620361,source_6
AMG900,0.9180110692977905,0.06373655796051025,source_6
AMG900,0.9340420365333557,0.07170259952545166,source_6
AMG900,0.9566152691841125,0.06760740280151367,source_6
AMG900,0.9480758309364319,0.06308126449584961,source_6
AMG900,0.9532966017723083,0.06964766979217529,source_6
AMG900,0.9714323878288269,0.07674026489257812,source_6
AMG900,0.9936434030532837,0.0710763931274414,source_6
AMG900,0.8326422572135925,0.06020939350128174,source_6
AMG900,0.8577989339828491,0.06682425737380981,source_6
AMG900,0.8284213542938232,0.06255388259887695,source_6
AMG900,0.8137025237083435,0.0680508017539978,source_6
AMG900,0.8355607390403748,0.05870819091796875,source_6
AMG900,0.8576772809028625,0.070090651512146,source_6
AMG900,0.8615961074829102,0.06444787979125977,source_6
AMG900,0.8784698247909546,0.06984400749206543,source_6
AMG900,0.8396720290184021,0.06225097179412842,source_6
AMG900,0.934228241443634,0.07124614715576172,source_6
AMG900,0.9232168793678284,0.07055258750915527,source_6
AMG900,0.913551926612854,0.06985902786254883,source_6
AMG900,0.9087904095649719,0.06554436683654785,source_6
AMG900,0.9127599596977234,0.07001638412475586,source_6
AMG900,0.9075224995613098,0.06654846668243408,source_6
AMG900,0.910495400428772,0.06470340490341187,source_6
AMG900,0.9082393050193787,0.05936479568481445,source_6
AMG900,0.9190161824226379,0.10100781917572021,source_6
AMG900,0.9470386505126953,0.06942504644393921,source_6
AMG900,0.9415091276168823,0.06925469636917114,source_6
AMG900,0.9329204559326172,0.06791138648986816,source_6
AMG900,0.933239221572876,0.0629035234451294,source_6
AMG900,0.9403699040412903,0.0707826018333435,source_6
AMG900,0.9364833235740662,0.06973445415496826,source_6
AMG900,0.9530637860298157,0.07041049003601074,source_6
AMG900,0.9588328003883362,0.07714676856994629,source_6
AMG900,0.973656952381134,0.06979352235794067,source_6
AMG900,0.9627459645271301,0.08334887027740479,source_6
AMG900,0.9661443829536438,0.07129979133605957,source_6
AMG900,0.976225733757019,0.07195413112640381,source_6
AMG900,0.9758988618850708,0.07327878475189209,source_6
AMG900,0.9409775137901306,0.07122290134429932,source_6
AMG900,0.9335401654243469,0.061401963233947754,source_6
AMG900,0.9162108898162842,0.06394302845001221,source_6
AMG900,0.9223672747612,0.06293380260467529,source_6
AMG900,0.9122447371482849,0.07020002603530884,source_6
AMG900,0.7340586185455322,0.07428622245788574,source_8
AMG900,0.9281929731369019,0.12460899353027344,source_8
AMG900,0.8744111061096191,0.09650528430938721,source_8
AMG900,0.6836337447166443,0.06666946411132812,source_8
AMG900,0.827415406703949,0.0923154354095459,source_8
AMG900,0.6629169583320618,0.061298489570617676,source_8
AMG900,1.141701340675354,0.1303861141204834,source_8
AMG900,0.61981600522995,0.0529518723487854,source_8
AMG900,0.7947167158126831,0.09129154682159424,source_8
AMG900,0.6120732426643372,0.05898916721343994,source_8
AMG900,0.7524213790893555,0.08610886335372925,source_8
AMG900,0.5880542397499084,0.05548584461212158,source_8
AMG900,0.7342283725738525,0.07294023036956787,source_8
AMG900,0.5995533466339111,0.0511016845703125,source_8
AMG900,0.7503295540809631,0.09379565715789795,source_8
AMG900,0.58113694190979,0.0459476113319397,source_8
AMG900,0.7421464920043945,0.07597565650939941,source_8
AMG900,0.5827152729034424,0.05207866430282593,source_8
AMG900,0.7234045267105103,0.06460177898406982,source_8
AMG900,0.5994588732719421,0.05198812484741211,source_8
AMG900,0.7209023833274841,0.08747982978820801,source_8
AMG900,0.5669990181922913,0.044930100440979004,source_8
AMG900,0.7186117172241211,0.07402968406677246,source_8
AMG900,0.5934810638427734,0.061056673526763916,source_8
AMG900,0.7073437571525574,0.06999480724334717,source_8
AMG900,0.5643445253372192,0.04708874225616455,source_8
AMG900,0.7228564023971558,0.07813948392868042,source_8
AMG900,0.5791866779327393,0.06899267435073853,source_8
AMG900,0.8812059164047241,0.08957070112228394,source_8
AMG900,0.5759458541870117,0.05356800556182861,source_8
AMG900,0.809643566608429,0.07375764846801758,source_8
AMG900,0.5675411224365234,0.043758273124694824,source_8
AMG900,0.7830514311790466,0.09747356176376343,source_8
AMG900,0.5406150817871094,0.041867077350616455,source_8
AMG900,0.7282206416130066,0.075558602809906,source_8
AMG900,0.5641313195228577,0.04282689094543457,source_8
AMG900,0.7210825681686401,0.06664133071899414,source_8
AMG900,0.5957756042480469,0.05114084482192993,source_8
AMG900,0.7840587496757507,0.07685673236846924,source_8
AMG900,0.5595481395721436,0.04239296913146973,source_8
AMG900,0.7442046999931335,0.08776551485061646,source_8
AMG900,0.5465141534805298,0.04774165153503418,source_8
AMG900,0.7456681728363037,0.08458799123764038,source_8
AMG900,0.5528202652931213,0.054838359355926514,source_8
AMG900,0.7208882570266724,0.06961750984191895,source_8
AMG900,0.5667109489440918,0.04885679483413696,source_8
AMG900,0.789992094039917,0.07569003105163574,source_8
AMG900,0.9781021475791931,0.14526605606079102,source_8
AMG900,0.7291496992111206,0.07711136341094971,source_8
AMG900,0.8962234258651733,0.11836636066436768,source_8
AMG900,0.7242303490638733,0.05909597873687744,source_8
AMG900,0.9092778563499451,0.13073885440826416,source_8
AMG900,0.6261014938354492,0.05337166786193848,source_8
AMG900,0.8117229342460632,0.1299627423286438,source_8
AMG900,0.6956148147583008,0.06645292043685913,source_8
AMG900,0.9393864870071411,0.10431039333343506,source_8
AMG900,0.677232027053833,0.05243116617202759,source_8
AMG900,0.9168741106987,0.10914605855941772,source_8
AMG900,0.6750360131263733,0.05963265895843506,source_8
AMG900,0.8587704300880432,0.07413822412490845,source_8
AMG900,0.6376339793205261,0.04445290565490723,source_8
AMG900,0.8413451313972473,0.09798967838287354,source_8
AMG900,0.6345636248588562,0.05153989791870117,source_8
AMG900,0.7998962998390198,0.09099102020263672,source_8
AMG900,0.6245207786560059,0.04748725891113281,source_8
AMG900,0.8124527931213379,0.07448422908782959,source_8
AMG900,0.6152032017707825,0.04787898063659668,source_8
AMG900,0.818236768245697,0.08489435911178589,source_8
AMG900,0.6120657324790955,0.043831706047058105,source_8
AMG900,0.8017855882644653,0.09974551200866699,source_8
AMG900,0.6246873140335083,0.04589211940765381,source_8
AMG900,0.7827420830726624,0.09449523687362671,source_8
AMG900,0.6253777742385864,0.04960203170776367,source_8
AMG900,0.8083148002624512,0.0962594747543335,source_8
AMG900,0.6347422003746033,0.06013530492782593,source_8
AMG900,0.8389586806297302,0.10737472772598267,source_8
AMG900,0.607815146446228,0.04864907264709473,source_8
AMG900,0.8238356113433838,0.08405697345733643,source_8
AMG900,0.6136397123336792,0.05515938997268677,source_8
AMG900,0.817761242389679,0.10682356357574463,source_8
AMG900,0.6401637196540833,0.04629874229431152,source_8
AMG900,0.8273544907569885,0.11115622520446777,source_8
AMG900,0.6384966373443604,0.05781447887420654,source_8
AMG900,0.6212508678436279,0.04487830400466919,source_8
AMG900,0.8633613586425781,0.12914425134658813,source_8
AMG900,0.623217761516571,0.051155924797058105,source_8
AMG900,0.646845817565918,0.0539780855178833,source_8
AMG900,0.8365171551704407,0.11196839809417725,source_8
AMG900,0.6473516821861267,0.06500482559204102,source_8
AMG900,0.8955092430114746,0.14992892742156982,source_8
AMG900,0.6421003937721252,0.06056952476501465,source_8
AMG900,0.9293414950370789,0.18473637104034424,source_8
AMG900,0.808430552482605,0.09033417701721191,source_8
AMG900,1.0716115236282349,0.13002264499664307,source_8
AMG900,0.7956074476242065,0.08342766761779785,source_8
AMG900,1.0040770769119263,0.1256706714630127,source_8
AMG900,0.7419978380203247,0.08132809400558472,source_8
AMG900,0.9705765247344971,0.11534202098846436,source_8
AMG900,0.7194200754165649,0.06378346681594849,source_8
AMG900,0.9190186858177185,0.11917829513549805,source_8
AMG900,0.656783938407898,0.06287598609924316,source_8
AMG900,0.9340088367462158,0.11898213624954224,source_8
AMG900,0.6373874545097351,0.051941514015197754,source_8
AMG900,0.8514571785926819,0.11855524778366089,source_8
AMG900,0.6114959716796875,0.06350398063659668,source_8
AMG900,0.8959174752235413,0.14486074447631836,source_8
AMG900,0.6442720293998718,0.06944477558135986,source_8
AMG900,0.6455619931221008,0.048367440700531006,source_8
AMG900,0.8515380024909973,0.10367357730865479,source_8
AMG900,0.7320777773857117,0.06757146120071411,source_8
AMG900,0.974041223526001,0.11526572704315186,source_8
AMG900,0.6942538619041443,0.056162476539611816,source_8
AMG900,0.9259143471717834,0.10633766651153564,source_8
AMG900,0.6753620505332947,0.06115001440048218,source_8
AMG900,0.8616188764572144,0.09994363784790039,source_8
AMG900,0.6490331292152405,0.06009674072265625,source_8
AMG900,0.8244113326072693,0.09545493125915527,source_8
AMG900,0.6451765894889832,0.05096793174743652,source_8
AMG900,0.824501633644104,0.09180247783660889,source_8
AMG900,0.6414192914962769,0.17532765865325928,source_8
AMG900,0.8471817374229431,0.12134730815887451,source_8
AMG900,0.6399927139282227,0.05977123975753784,source_8
AMG900,0.6379532814025879,0.05401611328125,source_8
AMG900,0.6346341967582703,0.0522117018699646,source_8
AMG900,0.8353796601295471,0.12123751640319824,source_8
AMG900,0.6328305006027222,0.06302547454833984,source_8
AMG900,0.8324345946311951,0.08093112707138062,source_8
AMG900,0.6264567375183105,0.11844944953918457,source_8
AMG900,0.7979576587677002,0.09796726703643799,source_8
AMG900,0.6121832728385925,0.06404244899749756,source_8
AMG900,0.8236252665519714,0.13138043880462646,source_8
AMG900,0.5995004177093506,0.05433499813079834,source_8
AMG900,0.8630850315093994,0.09227967262268066,source_8
AMG900,0.6268372535705566,0.052847981452941895,source_8
AMG900,0.8871863484382629,0.12303191423416138,source_8
AMG900,0.6401596665382385,0.06841415166854858,source_8
AMG900,0.9157595038414001,0.11303329467773438,source_8
AMG900,0.9101373553276062,0.13701683282852173,source_8
AMG900,0.8597490191459656,0.09833788871765137,source_8
AMG900,0.6418514251708984,0.06922245025634766,source_8
AMG900,0.6359990239143372,0.051618218421936035,source_8
AMG900,0.8515469431877136,0.0834352970123291,source_8
AMG900,0.615717351436615,0.05959010124206543,source_8
AMG900,0.8745982050895691,0.1115109920501709,source_8
AMG900,0.800573468208313,0.08300668001174927,source_8
AMG900,1.0859400033950806,0.1295272707939148,source_8
AMG900,1.1179872751235962,0.16982829570770264,source_8
AMG900,0.8009933233261108,0.07370114326477051,source_8
AMG900,0.9842972159385681,0.10798108577728271,source_8
AMG900,0.7341738939285278,0.07883936166763306,source_8
AMG900,0.9785498380661011,0.13299238681793213,source_8
AMG900,0.7541295886039734,0.0803447961807251,source_8
AMG900,1.0062987804412842,0.12973499298095703,source_8
AMG900,0.7322285175323486,0.0886380672454834,source_8
AMG900,0.9917340874671936,0.15291094779968262,source_8
AMG900,0.7015195488929749,0.06947195529937744,source_8
AMG900,0.9000590443611145,0.11447244882583618,source_8
AMG900,0.6762839555740356,0.0636407732963562,source_8
AMG900,0.9153687953948975,0.09409093856811523,source_8
AMG900,0.677830159664154,0.05499768257141113,source_8
AMG900,0.9002791047096252,0.13859140872955322,source_8
AMG900,0.6683627963066101,0.056810200214385986,source_8
AMG900,0.8880885243415833,0.10492020845413208,source_8
AMG900,0.861159086227417,0.11086148023605347,source_8
AMG900,0.656656801700592,0.05573272705078125,source_8
AMG900,0.8832257986068726,0.10296642780303955,source_8
AMG900,0.6445432901382446,0.05788588523864746,source_8
AMG900,0.8566056489944458,0.09911072254180908,source_8
AMG900,0.6437320709228516,0.06428438425064087,source_8
AMG900,0.859661340713501,0.13570928573608398,source_8
AMG900,0.6306006908416748,0.06208372116088867,source_8
AMG900,0.8656826615333557,0.07954943180084229,source_8
AMG900,0.6393658518791199,0.06600236892700195,source_8
AMG900,0.8475890755653381,0.09883862733840942,source_8
AMG900,0.6475273370742798,0.06348812580108643,source_8
AMG900,0.8592355251312256,0.11181902885437012,source_8
AMG900,0.6890464425086975,0.06613796949386597,source_8
AMG900,0.7212410569190979,0.06642770767211914,source_8
AMG900,0.6291778087615967,0.08367937803268433,source_8
AMG900,0.9086681604385376,0.12261354923248291,source_8
AMG900,0.6139785647392273,0.05312901735305786,source_8
AMG900,0.8763331770896912,0.09269499778747559,source_8
AMG900,0.6310015320777893,0.0514790415763855,source_8
AMG900,0.8302111029624939,0.07987469434738159,source_8
AMG900,0.6375564932823181,0.06046205759048462,source_8
AMG900,0.868700385093689,0.08975392580032349,source_8
AMG900,0.6318729519844055,0.0648277997970581,source_8
AMG900,0.8983975648880005,0.09428304433822632,source_8
AMG900,0.6207162141799927,0.047783732414245605,source_8
AMG900,0.8894177675247192,0.10024702548980713,source_8
AMG900,0.6107983589172363,0.055400967597961426,source_8
AMG900,0.8529881238937378,0.10130691528320312,source_8
AMG900,0.6323885917663574,0.0573430061340332,source_8
AMG900,0.8587661981582642,0.11694663763046265,source_8
AMG900,0.6178416609764099,0.05216604471206665,source_8
AMG900,0.5996682643890381,0.9839300774037838,source_3
AMG900,0.6230122447013855,0.8383387625217438,source_3
AMG900,0.6198635697364807,1.0617878623306751,source_3
AMG900,0.5535006523132324,0.7345854043960571,source_3
AMG900,0.5684861540794373,0.8313231766223907,source_3
AMG900,0.5893366932868958,0.9708956815302372,source_3
AMG900,0.6120830178260803,1.3013355135917664,source_3
AMG900,0.5705263018608093,0.7418621182441711,source_3
AMG900,0.609998345375061,0.8015568852424622,source_3
AMG900,0.6559404134750366,0.8068326562643051,source_3
AMG900,0.5970445275306702,0.877209760248661,source_3
AMG900,0.6096326112747192,1.0892399549484253,source_3
AMG900,0.6540133357048035,0.9858231227844954,source_3
AMG900,0.5403845906257629,0.7699648439884186,source_3
AMG900,0.5891312956809998,0.9959664978086948,source_3
AMG900,0.6610137820243835,1.1800825744867325,source_3
AMG900,0.6155496835708618,1.2179381847381592,source_3
AMG900,0.5190552473068237,0.9296979457139969,source_3
AMG900,0.5894386768341064,1.1033964157104492,source_3
AMG900,0.7352344989776611,1.2754948139190674,source_3
AMG900,0.735124945640564,1.0078856870532036,source_3
AMG900,0.6886591911315918,0.07729417085647583,source_5
AMG900,0.682624101638794,0.07229447364807129,source_5
AMG900,0.6946238279342651,0.0763852596282959,source_5
AMG900,0.6895954012870789,0.07064783573150635,source_5
AMG900,0.6868112087249756,0.07139873504638672,source_5
AMG900,0.6914821863174438,0.07619255781173706,source_5
AMG900,0.700269341468811,0.06981587409973145,source_5
AMG900,0.7060083150863647,0.07822287082672119,source_5
AMG900,0.696448028087616,0.07445865869522095,source_5
AMG900,0.7034600377082825,0.08607351779937744,source_5
AMG900,0.705940842628479,0.06987416744232178,source_5
AMG900,0.6928442120552063,0.07415670156478882,source_5
AMG900,0.7024758458137512,0.08112549781799316,source_5
AMG900,0.6998400092124939,0.08072984218597412,source_5
AMG900,0.6938983798027039,0.08093702793121338,source_5
AMG900,0.6838425397872925,0.08185994625091553,source_5
AMG900,0.6828692555427551,0.08661484718322754,source_5
AMG900,0.695300281047821,0.08759850263595581,source_5
AMG900,0.6821972131729126,0.07409560680389404,source_5
AMG900,0.677436888217926,0.07337993383407593,source_5
AMG900,0.6703794002532959,0.073417067527771,source_5
AMG900,0.6843375563621521,0.07655179500579834,source_5
AMG900,0.6909279227256775,0.09294676780700684,source_5
AMG900,0.6971735954284668,0.11337029933929443,source_5
AMG900,0.692138671875,0.0816655158996582,source_5
AMG900,0.7211413979530334,0.11194676160812378,source_5
AMG900,0.7222829461097717,0.11985582113265991,source_5
AMG900,0.7266436219215393,0.11359584331512451,source_5
AMG900,0.7148712277412415,0.1036301851272583,source_5
AMG900,0.7015231251716614,0.09929841756820679,source_5
AMG900,0.6643915176391602,0.09168648719787598,source_5
AMG900,0.6739948391914368,0.08914065361022949,source_5
AMG900,0.6810452342033386,0.08461809158325195,source_5
AMG900,0.6974601149559021,0.09721261262893677,source_5
AMG900,0.704286515712738,0.08764863014221191,source_5
AMG900,0.6979945302009583,0.08304345607757568,source_5
AMG900,0.6728981137275696,0.09814560413360596,source_5
AMG900,0.6783417463302612,0.08297550678253174,source_5
AMG900,0.6862267851829529,0.08087807893753052,source_5
AMG900,0.6822279691696167,0.08252722024917603,source_5
AMG900,0.6885761022567749,0.08860743045806885,source_5
AMG900,0.6852564215660095,0.08005619049072266,source_5
AMG900,0.6718346476554871,0.07474899291992188,source_5
AMG900,0.692543625831604,0.08293509483337402,source_5
AMG900,0.6524384617805481,0.07766848802566528,source_5
AMG900,0.6517457365989685,0.07979226112365723,source_5
AMG900,0.6591514348983765,0.07607543468475342,source_5
AMG900,0.6579924821853638,0.07586991786956787,source_5
AMG900,0.6551392078399658,0.07509589195251465,source_5
AMG900,0.6662417054176331,0.07128751277923584,source_5
AMG900,0.6674573421478271,0.07445347309112549,source_5
AMG900,0.6734402179718018,0.0734778642654419,source_5
AMG900,0.7260584831237793,0.2043321132659912,source_5
AMG900,0.7158082127571106,0.0815424919128418,source_5
AMG900,0.7205216288566589,0.08231461048126221,source_5
AMG900,0.7211717963218689,0.08347296714782715,source_5
AMG900,0.6999331116676331,0.08137202262878418,source_5
AMG900,0.7132751941680908,0.15578019618988037,source_5
AMG900,0.7207156419754028,0.08969771862030029,source_5
AMG900,0.7112074494361877,0.10201621055603027,source_5
AMG900,0.6738078594207764,0.09087610244750977,source_5
AMG900,0.6701700687408447,0.07784926891326904,source_5
AMG900,0.673568844795227,0.0833171010017395,source_5
AMG900,0.6641220450401306,0.07940554618835449,source_5
AMG900,0.6676461696624756,0.07395482063293457,source_5
AMG900,0.6808179020881653,0.07924622297286987,source_5
AMG900,0.6533839106559753,0.07507848739624023,source_5
AMG900,0.6532665491104126,0.08322644233703613,source_5
AMG900,0.6587871313095093,0.08850157260894775,source_5
AMG900,0.6609733700752258,0.11152756214141846,source_5
AMG900,0.6649209260940552,0.13431990146636963,source_5
AMG900,0.654924213886261,0.07834506034851074,source_5
AMG900,0.6577163338661194,0.08552193641662598,source_5
AMG900,0.6605387330055237,0.08811241388320923,source_5
AMG900,0.6479352712631226,0.08062934875488281,source_5
AMG900,0.6495640873908997,0.07308363914489746,source_5
AMG900,0.6494491696357727,0.08194100856781006,source_5
AMG900,0.6256919503211975,0.08255195617675781,source_5
AMG900,0.6302260756492615,0.0895547866821289,source_5
AMG900,0.6367409229278564,0.08430266380310059,source_5
AMG900,0.6306893229484558,0.08104878664016724,source_5
AMG900,0.6332005858421326,0.08822095394134521,source_5
AMG900,0.6413710117340088,0.07627749443054199,source_5
AMG900,0.6389178037643433,0.0764462947845459,source_5
AMG900,0.6599479913711548,0.09220284223556519,source_5
AMG900,0.6775903105735779,0.09300088882446289,source_5
AMG900,0.6725478768348694,0.11552715301513672,source_5
AMG900,0.656105637550354,0.07817471027374268,source_5
AMG900,0.6593345999717712,0.08579707145690918,source_5
AMG900,0.6568967700004578,0.07771128416061401,source_5
AMG900,0.6282676458358765,0.07280230522155762,source_5
AMG900,0.6319606304168701,0.07641559839248657,source_5
AMG900,0.6386500597000122,0.07870990037918091,source_5
AMG900,0.6329352259635925,0.07200050354003906,source_5
AMG900,0.6326931118965149,0.0707927942276001,source_5
AMG900,0.6430453658103943,0.07229465246200562,source_5
AMG900,0.6481317281723022,0.08513939380645752,source_5
AMG900,0.661342442035675,0.0910995602607727,source_5
AMG900,0.6603527069091797,0.08176577091217041,source_5
AMG900,0.6584030389785767,0.0808631181716919,source_5
AMG900,0.6452168226242065,0.07468521595001221,source_5
AMG900,0.651069164276123,0.07241147756576538,source_5
AMG900,0.6657274961471558,0.07757866382598877,source_5
AMG900,0.661785900592804,0.07508713006973267,source_5
AMG900,0.6645241379737854,0.07815563678741455,source_5
AMG900,0.6599166393280029,0.07359051704406738,source_5
AMG900,0.6285086870193481,0.07649880647659302,source_5
AMG900,0.6332676410675049,0.07682371139526367,source_5
AMG900,0.6983906030654907,0.08724761009216309,source_5
AMG900,0.6984323859214783,0.08675950765609741,source_5
AMG900,0.7044170498847961,0.09808194637298584,source_5
AMG900,0.678826093673706,0.07886654138565063,source_5
AMG900,0.6966452598571777,0.08561444282531738,source_5
AMG900,0.6865890026092529,0.08006370067596436,source_5
AMG900,0.6823027729988098,0.06901121139526367,source_5
AMG900,0.6904852390289307,0.07853364944458008,source_5
AMG900,0.6870647072792053,0.08636927604675293,source_5
AMG900,0.6681134700775146,0.07437866926193237,source_5
AMG900,0.6844095587730408,0.07611751556396484,source_5
AMG900,0.6810087561607361,0.07380878925323486,source_5
AMG900,0.6821924448013306,0.09527480602264404,source_5
AMG900,0.6792736053466797,0.08561825752258301,source_5
AMG900,0.6856545805931091,0.07289296388626099,source_5
AMG900,0.6923719644546509,0.09290540218353271,source_5
AMG900,0.7054017782211304,0.08417510986328125,source_5
AMG900,0.6780983209609985,0.07879877090454102,source_5
AMG900,0.6978553533554077,0.08605426549911499,source_5
AMG900,0.6267969012260437,0.06756913661956787,source_5
AMG900,0.6302157640457153,0.06849992275238037,source_5
AMG900,0.6486083269119263,0.07460492849349976,source_5
AMG900,0.6369785070419312,0.08197152614593506,source_5
AMG900,0.6401369571685791,0.07486486434936523,source_5
AMG900,0.6424005627632141,0.073108971118927,source_5
AMG900,0.6410953998565674,0.07668459415435791,source_5
AMG900,0.6419905424118042,0.0718119740486145,source_5
AMG900,0.6580125689506531,0.06826436519622803,source_5
AMG900,0.6566631197929382,0.07110083103179932,source_5
AMG900,0.6529250144958496,0.15450024604797363,source_5
AMG900,0.6548436880111694,0.08500659465789795,source_5
AMG900,0.6579908132553101,0.0871042013168335,source_5
AMG900,0.6642143726348877,0.08533000946044922,source_5
AMG900,0.6617921590805054,0.08748304843902588,source_5
AMG900,0.6614917516708374,0.07725352048873901,source_5
AMG900,0.65839684009552,0.07365018129348755,source_5
AMG900,0.6623432636260986,0.0752866268157959,source_5
AMG900,0.6707444787025452,0.07866168022155762,source_5
AMG900,0.6726229190826416,0.08699893951416016,source_5
AMG900,0.6686863303184509,0.08810257911682129,source_5
AMG900,0.6717250347137451,0.0885467529296875,source_5
AMG900,0.6712784171104431,0.08495211601257324,source_5
AMG900,0.6753908395767212,0.07712268829345703,source_5
AMG900,0.678800642490387,0.08265542984008789,source_5
AMG900,0.6829452514648438,0.08057200908660889,source_5
AMG900,0.6713822484016418,0.07476645708084106,source_5
AMG900,0.678307831287384,0.07847082614898682,source_5
AMG900,0.6809439659118652,0.08230358362197876,source_5
AMG900,0.6736052632331848,0.08493107557296753,source_5
AMG900,0.6739484071731567,0.07223761081695557,source_5
AMG900,0.6853549480438232,0.08115565776824951,source_5
AMG900,0.6801620721817017,0.07736468315124512,source_5
AMG900,0.6875477433204651,0.07731950283050537,source_5
AMG900,0.6794896125793457,0.09381473064422607,source_5
AMG900,0.688766598701477,0.0856848955154419,source_5
AMG900,0.6836733222007751,0.08938056230545044,source_5
AMG900,0.6978744268417358,0.09365713596343994,source_5
AMG900,0.6790773868560791,0.08666348457336426,source_5
AMG900,0.6789159178733826,0.07890266180038452,source_5
AMG900,0.6818345785140991,0.08645343780517578,source_5
AMG900,0.6839433312416077,0.08250081539154053,source_5
AMG900,0.695559561252594,0.08257007598876953,source_5
AMG900,0.69586181640625,0.08578497171401978,source_5
AMG900,0.7005262970924377,0.08518099784851074,source_5
AMG900,0.6848046183586121,0.07642477750778198,source_5
AMG900,0.698492705821991,0.0787729024887085,source_5
AMG900,0.6986687779426575,0.08794063329696655,source_5
AMG900,0.6983036994934082,0.08500909805297852,source_5
AMG900,0.7037301063537598,0.08839714527130127,source_5
AMG900,0.7017300128936768,0.07936787605285645,source_5
AMG900,0.6948624849319458,0.09509921073913574,source_5
AMG900,0.6963965892791748,0.08970844745635986,source_5
AMG900,0.6985854506492615,0.08511084318161011,source_5
AMG900,0.7257619500160217,0.10781991481781006,source_5
AMG900,0.7248404026031494,0.1045641303062439,source_5
AMG900,0.7338423132896423,0.10728508234024048,source_5
AMG900,0.7215590476989746,0.10134148597717285,source_5
AMG900,0.6921917200088501,0.09051740169525146,source_5
AMG900,0.6870286464691162,0.08335751295089722,source_5
AMG900,0.6961726546287537,0.08740943670272827,source_5
AMG900,0.7026640772819519,0.08781832456588745,source_5
AMG900,0.7017874121665955,0.08810055255889893,source_5
AMG900,0.7006317377090454,0.0850147008895874,source_5
AMG900,0.6417679786682129,0.07732677459716797,source_5
AMG900,0.645996630191803,0.08015680313110352,source_5
AMG900,0.6439048051834106,0.07262885570526123,source_5
AMG900,0.6515172123908997,0.06967902183532715,source_5
AMG900,0.6710565090179443,0.07761013507843018,source_5
AMG900,0.6582479476928711,0.08197855949401855,source_5
AMG900,0.5836070775985718,0.10223132371902466,source_3
AMG900,0.5981117486953735,0.10352551937103271,source_3
AMG900,0.6031301617622375,0.11501646041870117,source_3
AMG900,0.5961374044418335,0.10214090347290039,source_3
AMG900,0.7165937423706055,0.13061559200286865,source_3
AMG900,0.7270040512084961,0.16102612018585205,source_3
AMG900,0.6479475498199463,0.11746805906295776,source_3
AMG900,0.5926424264907837,0.10401344299316406,source_3
AMG900,0.6238167881965637,0.12150955200195312,source_3
AMG900,0.6392449140548706,0.11599326133728027,source_3
AMG900,0.6282803416252136,0.12413978576660156,source_3
AMG900,0.6639497876167297,0.14990335702896118,source_3
AMG900,0.6040899753570557,0.10809886455535889,source_3
AMG900,0.6134955883026123,0.09751743078231812,source_3
AMG900,0.6753056049346924,0.13772642612457275,source_3
AMG900,0.6769551038742065,0.12319010496139526,source_3
AMG900,0.6655948758125305,0.12857764959335327,source_3
AMG900,0.6651871204376221,0.13699376583099365,source_3
AMG900,0.6386991143226624,0.11112308502197266,source_3
AMG900,0.6725649833679199,0.13487792015075684,source_3
AMG900,0.5207311511039734,0.08626067638397217,source_3
AMG900,0.5782876014709473,0.10099625587463379,source_3
AMG900,0.5702030062675476,0.10622596740722656,source_3
AMG900,0.5992295145988464,0.15385478734970093,source_3
AMG900,0.5754720568656921,0.08549630641937256,source_3
AMG900,0.5680087804794312,0.09091460704803467,source_3
AMG900,0.534924328327179,0.08069407939910889,source_3
AMG900,0.5282779335975647,0.08757299184799194,source_3
AMG900,0.6025388836860657,0.15549683570861816,source_3
AMG900,0.6051704287528992,0.14415371417999268,source_3
AMG900,0.7699668407440186,0.2978365421295166,source_3
AMG900,0.6496105790138245,0.1121600866317749,source_3
AMG900,0.5749631524085999,0.09052777290344238,source_3
AMG900,0.5843514800071716,0.0892561674118042,source_3
AMG900,0.6294429898262024,0.10822141170501709,source_3
AMG900,0.5809742212295532,0.09456992149353027,source_3
AMG900,0.5543214678764343,0.08985698223114014,source_3
AMG900,0.5402359366416931,0.08183598518371582,source_3
AMG900,0.5676370859146118,0.08316320180892944,source_3
AMG900,0.5585834383964539,0.0871133804321289,source_3
AMG900,0.653171956539154,0.8720734417438507,source_3
AMG900,0.6452330350875854,0.7875937521457672,source_3
AMG900,0.6329552531242371,1.2365819811820984,source_3
AMG900,0.5946083664894104,0.7129741907119751,source_3
AMG900,0.6806858777999878,1.0456265769898891,source_3
AMG900,0.6322954297065735,0.8859066218137741,source_3
AMG900,0.6427746415138245,0.9159570336341858,source_3
AMG900,0.6022472977638245,0.6065150201320648,source_3
AMG900,0.621512770652771,0.750901609659195,source_3
AMG900,0.6397337913513184,1.0182999595999718,source_3
AMG900,0.6357105374336243,0.7528200745582581,source_3
AMG900,0.6311674118041992,1.132659673690796,source_3
AMG900,0.65976881980896,1.145561695098877,source_3
AMG900,0.6604949235916138,0.632060706615448,source_3
AMG900,0.8665473461151123,1.0703392922878265,source_3
AMG900,0.6061413884162903,1.1876613944768906,source_3
AMG900,0.6384682059288025,0.8772908300161362,source_3
AMG900,0.6551523208618164,1.0043843355961144,source_3
AMG900,0.6240780353546143,0.8040870577096939,source_3
AMG900,0.6644260287284851,0.22304809093475342,source_3
AMG900,0.8512309789657593,0.937141552567482,source_3
AMG900,0.8760470151901245,1.224505603313446,source_3
AMG900,0.8729403614997864,1.1497642397880554,source_3
AMG900,0.8320139646530151,0.9168555065989494,source_3
AMG900,0.7918898463249207,0.8690149188041687,source_3
AMG900,0.7559844851493835,0.7939647287130356,source_3
AMG900,0.7282935976982117,0.9337923303246498,source_3
AMG900,0.7288774847984314,0.9765684586018324,source_3
AMG900,1.0943078994750977,0.9842979162931442,source_3
AMG900,1.1062707901000977,1.2154781222343445,source_3
AMG900,1.0772042274475098,1.1316305100917816,source_3
AMG900,0.9556097388267517,1.0547132082283497,source_3
AMG900,0.8788667917251587,0.7852224111557007,source_3
AMG900,0.9817133545875549,1.3325434923171997,source_3
AMG900,1.093528389930725,1.0235846117138863,source_3
AMG900,0.9879788160324097,0.8887616842985153,source_3
AMG900,0.8877352476119995,1.027168545871973,source_3
AMG900,0.9679760932922363,1.0854152664542198,source_3
AMG900,0.9715948104858398,1.0311225019395351,source_3
AMG900,0.8975558280944824,1.037840485572815,source_3
AMG900,0.5445321202278137,0.0990743637084961,source_3
AMG900,0.5542600750923157,0.08719038963317871,source_3
AMG900,0.5603033304214478,0.09898436069488525,source_3
AMG900,0.5058062076568604,0.09513437747955322,source_3
AMG900,0.5339706540107727,0.07698321342468262,source_3
AMG900,0.5396550893783569,0.106536865234375,source_3
AMG900,0.555944561958313,0.10100167989730835,source_3
AMG900,0.5173291563987732,0.09069561958312988,source_3
AMG900,0.5246511697769165,0.08104395866394043,source_3
AMG900,0.561436653137207,0.10603857040405273,source_3
AMG900,0.500761866569519,0.088603675365448,source_3
AMG900,0.5818254351615906,0.1106799840927124,source_3
AMG900,0.5727534294128418,0.09012776613235474,source_3
AMG900,0.5158975124359131,0.10632193088531494,source_3
AMG900,0.5575428009033203,0.09420561790466309,source_3
AMG900,0.5841132402420044,0.09284329414367676,source_3
AMG900,0.572507917881012,0.10365176200866699,source_3
AMG900,0.5758947134017944,0.1074451208114624,source_3
AMG900,0.5804470181465149,0.0843762755393982,source_3
AMG900,0.5999414920806885,0.10370379686355591,source_3
AMG900,0.5457763671875,0.09748512506484985,source_3
AMG900,0.5574971437454224,0.09104245901107788,source_3
AMG900,0.5506851673126221,0.08933717012405396,source_3
AMG900,0.6328579783439636,0.10954481363296509,source_3
AMG900,0.6016655564308167,0.10053741931915283,source_3
AMG900,0.536433219909668,0.09215432405471802,source_3
AMG900,0.663735032081604,0.11079573631286621,source_3
AMG900,0.70135098695755,0.161901593208313,source_3
AMG900,0.6013749241828918,0.09582442045211792,source_3
AMG900,0.6158700585365295,0.08798128366470337,source_3
AMG900,0.6306511759757996,0.08787506818771362,source_3
AMG900,0.5334679484367371,0.09039533138275146,source_3
AMG900,0.6153985857963562,0.08578735589981079,source_3
AMG900,0.6418440937995911,0.09496563673019409,source_3
AMG900,0.6592233180999756,0.10002404451370239,source_3
AMG900,0.6020299196243286,0.11111301183700562,source_3
AMG900,0.5282220244407654,0.07470178604125977,source_3
AMG900,0.6153180003166199,0.09288465976715088,source_3
AMG900,0.6428673267364502,0.10387790203094482,source_3
AMG900,0.5988472700119019,0.09668838977813721,source_3
AMG900,0.5674463510513306,0.07207584381103516,source_3
AMG900,0.589401125907898,0.07917791604995728,source_3
AMG900,0.5986008644104004,0.08096146583557129,source_3
AMG900,0.5895670652389526,0.08574783802032471,source_3
AMG900,0.49013951420783997,0.06633609533309937,source_3
AMG900,0.51319819688797,0.06014859676361084,source_3
AMG900,0.49200239777565,0.0747295618057251,source_3
AMG900,0.5770546793937683,0.0896499752998352,source_3
AMG900,0.594610333442688,0.07613855600357056,source_3
AMG900,0.6011142134666443,0.07886087894439697,source_3
AMG900,0.6146664619445801,0.09139406681060791,source_3
AMG900,0.6303322315216064,0.08554255962371826,source_3
AMG900,0.6299753785133362,0.08855235576629639,source_3
AMG900,0.502512514591217,0.06615018844604492,source_3
AMG900,0.4581645131111145,0.07757705450057983,source_3
AMG900,0.4878444969654083,0.07151144742965698,source_3
AMG900,0.4961055815219879,0.06812644004821777,source_3
AMG900,1.4306142330169678,0.5095797181129456,source_7
AMG900,1.4551661014556885,0.4855390191078186,source_7
AMG900,1.4380979537963867,0.4988677501678467,source_7
AMG900,1.4188005924224854,0.515221506357193,source_7
AMG900,1.4584928750991821,0.470625102519989,source_7
AMG900,1.425976276397705,0.49704062938690186,source_7
AMG900,1.424285888671875,0.4769538640975952,source_7
AMG900,1.447680115699768,0.5491461455821991,source_7
AMG900,1.4179556369781494,0.5606021583080292,source_7
AMG900,1.4055894613265991,0.46128177642822266,source_7
AMG900,1.4251904487609863,0.5066598653793335,source_7
AMG900,1.4775640964508057,0.4970487952232361,source_7
AMG900,1.392528772354126,0.4681185483932495,source_7
AMG900,1.3165977001190186,0.5156671404838562,source_7
AMG900,1.2928571701049805,0.4998699426651001,source_7
AMG900,1.226798176765442,0.4776521921157837,source_7
AMG900,1.2870069742202759,0.4836096167564392,source_7
AMG900,1.3037352561950684,0.47358185052871704,source_7
AMG900,1.2903873920440674,0.5297023952007294,source_7
AMG900,1.3061497211456299,0.43618643283843994,source_7
AMG900,1.2561111450195312,0.416365385055542,source_7
AMG900,1.1869113445281982,0.495555579662323,source_7
AMG900,1.225843906402588,0.4676404595375061,source_7
AMG900,1.2661973237991333,0.4622398614883423,source_7
AMG900,1.2052016258239746,0.5095857977867126,source_7
AMG900,1.192463755607605,0.4762120842933655,source_7
AMG900,1.2177760601043701,0.517760306596756,source_7
AMG900,1.1836559772491455,0.5104728043079376,source_7
AMG900,1.1847130060195923,0.4693506956100464,source_7
AMG900,1.1786301136016846,0.5094242990016937,source_7
AMG900,1.1849616765975952,0.4723416566848755,source_7
AMG900,1.1836515665054321,0.49261796474456787,source_7
AMG900,1.2285593748092651,0.4602745771408081,source_7
AMG900,1.1818798780441284,0.5306798815727234,source_7
AMG900,1.1822854280471802,0.5020002722740173,source_7
AMG900,1.203763723373413,0.46671444177627563,source_7
AMG900,1.1863212585449219,0.4510419964790344,source_7
AMG900,1.189944863319397,0.508209764957428,source_7
AMG900,1.2171918153762817,0.47438883781433105,source_7
AMG900,1.2123773097991943,0.4838656187057495,source_7
AMG900,1.2280588150024414,0.4542347192764282,source_7
AMG900,1.2024974822998047,0.6240471303462982,source_7
AMG900,1.2126517295837402,0.5016600489616394,source_7
AMG900,1.2211945056915283,0.524634063243866,source_7
AMG900,1.234215259552002,0.502016007900238,source_7
AMG900,1.224427580833435,0.5374463796615601,source_7
AMG900,1.2251694202423096,0.5107069909572601,source_7
AMG900,1.188146948814392,0.48312944173812866,source_7
AMG900,1.229832649230957,0.47382068634033203,source_7
AMG900,1.1716248989105225,0.4824671745300293,source_7
AMG900,1.1732230186462402,0.46942102909088135,source_7
AMG900,1.1283754110336304,0.47035515308380127,source_7
AMG900,1.1284343004226685,0.4787217378616333,source_7
AMG900,1.1734367609024048,0.5173507034778595,source_7
AMG900,1.1792402267456055,0.5096662938594818,source_7
AMG900,1.204894781112671,0.49065160751342773,source_7
AMG900,1.2420583963394165,0.510776162147522,source_7
AMG900,1.1915682554244995,0.5358217656612396,source_7
AMG900,1.152854084968567,0.5030824840068817,source_7
AMG900,1.1833912134170532,0.4850899577140808,source_7
AMG900,1.1723792552947998,0.50251305103302,source_7
AMG900,1.1792675256729126,0.5337911248207092,source_7
AMG900,1.171044945716858,0.43387913703918457,source_7
AMG900,1.1683679819107056,0.4957387447357178,source_7
AMG900,1.2121447324752808,0.47623467445373535,source_7
AMG900,1.2089941501617432,0.5669971406459808,source_7
AMG900,1.601305365562439,0.5484329462051392,source_7
AMG900,1.67333984375,0.5381870269775391,source_7
AMG900,1.5457361936569214,0.5244519710540771,source_7
AMG900,1.4162824153900146,0.5295689702033997,source_7
AMG900,1.3281848430633545,0.5256135165691376,source_7
AMG900,1.3175978660583496,0.4774453043937683,source_7
AMG900,1.3161457777023315,0.5279234349727631,source_7
AMG900,1.2890905141830444,0.536628782749176,source_7
AMG900,1.2413021326065063,0.4941790699958801,source_7
AMG900,1.210310459136963,0.4913904070854187,source_7
AMG900,1.2087419033050537,0.5364505350589752,source_7
AMG900,1.1868391036987305,0.4788212776184082,source_7
AMG900,1.1790745258331299,0.5245164334774017,source_7
AMG900,1.24618399143219,0.4853419065475464,source_7
AMG900,1.2148240804672241,0.515044093132019,source_7
AMG900,1.1977145671844482,0.52406445145607,source_7
AMG900,1.2189075946807861,0.541348785161972,source_7
AMG900,1.1885440349578857,0.5348694324493408,source_7
AMG900,1.3549684286117554,0.6034546196460724,source_7
AMG900,1.2950310707092285,0.5711535215377808,source_7
AMG900,1.2686691284179688,0.5486347675323486,source_7
AMG900,1.3151423931121826,0.5357792973518372,source_7
AMG900,1.4250410795211792,0.5389564633369446,source_7
AMG900,1.3143818378448486,0.5118156671524048,source_7
AMG900,1.2344833612442017,0.5496211349964142,source_7
AMG900,1.2224172353744507,0.5641021132469177,source_7
AMG900,1.3855907917022705,0.5290782749652863,source_7
AMG900,1.2847121953964233,0.502877950668335,source_7
AMG900,1.2386231422424316,0.5695269107818604,source_7
AMG900,1.2360666990280151,0.5276351571083069,source_7
AMG900,1.2754029035568237,0.5203184485435486,source_7
AMG900,1.2698265314102173,0.5717383325099945,source_7
AMG900,1.2572208642959595,0.5543848872184753,source_7
AMG900,1.2848684787750244,0.4963632822036743,source_7
AMG900,1.270529866218567,0.5392590165138245,source_7
AMG900,1.2438545227050781,0.5729409754276276,source_7
AMG900,1.2642794847488403,0.5752797722816467,source_7
AMG900,1.2795637845993042,0.5409434735774994,source_7
AMG900,1.26340651512146,0.49544453620910645,source_7
AMG900,1.2465578317642212,0.5170972943305969,source_7
AMG900,1.2562206983566284,0.5347216725349426,source_7
AMG900,1.1330314874649048,0.47607821226119995,source_7
AMG900,1.2962646484375,0.4705241322517395,source_7
AMG900,1.211053729057312,0.45862627029418945,source_7
AMG900,1.0527299642562866,0.4978100061416626,source_7
AMG900,1.2013533115386963,0.47896748781204224,source_7
AMG900,1.1686055660247803,0.5031940937042236,source_7
AMG900,1.0588973760604858,0.5729009211063385,source_7
AMG900,1.1956089735031128,0.48986291885375977,source_7
AMG900,0.7652983069419861,0.10340702533721924,source_10
AMG900,0.70418381690979,0.11098062992095947,source_10
AMG900,0.7394319772720337,0.10726940631866455,source_10
AMG900,0.7632085680961609,0.12254780530929565,source_10
AMG900,0.7627989649772644,0.20825588703155518,source_10
AMG900,0.7807422876358032,0.13491857051849365,source_10
AMG900,0.7858739495277405,0.16546475887298584,source_10
AMG900,0.8394156694412231,0.14755940437316895,source_10
AMG900,0.7159210443496704,0.10433661937713623,source_10
AMG900,0.7286481261253357,0.1108325719833374,source_10
AMG900,0.7389408349990845,0.12903422117233276,source_10
AMG900,0.7246220707893372,0.10593158006668091,source_10
AMG900,0.7301930785179138,0.16319012641906738,source_10
AMG900,0.7254037261009216,0.10343962907791138,source_10
AMG900,0.7375603318214417,0.12145161628723145,source_10
AMG900,0.6938991546630859,0.14218974113464355,source_10
AMG900,0.6935639381408691,0.13145023584365845,source_10
AMG900,0.6832239031791687,0.09335780143737793,source_10
AMG900,0.7051969766616821,0.10559636354446411,source_10
AMG900,0.7107673287391663,0.1170952320098877,source_10
AMG900,0.707205593585968,0.10597139596939087,source_10
AMG900,0.7179107666015625,0.16345608234405518,source_10
AMG900,0.7242607474327087,0.1545034646987915,source_10
AMG900,0.7483208775520325,0.1617436408996582,source_10
AMG900,0.7293388247489929,0.1337534785270691,source_10
AMG900,0.7499856948852539,0.1870402693748474,source_10
AMG900,0.7427662014961243,0.11673372983932495,source_10
AMG900,0.7585691809654236,0.2004874348640442,source_10
AMG900,0.7186317443847656,0.14976191520690918,source_10
AMG900,0.6484324932098389,0.10408180952072144,source_10
AMG900,0.6375455856323242,0.10130095481872559,source_10
AMG900,0.6621318459510803,0.2188207507133484,source_10
AMG900,0.7042112350463867,0.12422126531600952,source_10
AMG900,0.7368509769439697,0.13145601749420166,source_10
AMG900,0.7484428882598877,0.12301039695739746,source_10
AMG900,0.7452749609947205,0.16573959589004517,source_10
AMG900,0.7502570748329163,0.13122761249542236,source_10
AMG900,0.7402638792991638,0.13125652074813843,source_10
AMG900,0.7542449235916138,0.14799624681472778,source_10
AMG900,0.716702938079834,0.11365115642547607,source_10
AMG900,0.705208420753479,0.11341410875320435,source_10
AMG900,0.7431174516677856,0.18163692951202393,source_10
AMG900,0.7309626936912537,0.11554276943206787,source_10
AMG900,0.7361827492713928,0.12876242399215698,source_10
AMG900,0.7438428997993469,0.11997681856155396,source_10
AMG900,0.7569270133972168,0.14212071895599365,source_10
AMG900,0.7161357998847961,0.14125841856002808,source_10
AMG900,0.698437511920929,0.10607767105102539,source_10
AMG900,0.7182675004005432,0.11424016952514648,source_10
AMG900,0.7024641633033752,0.11042094230651855,source_10
AMG900,0.720037043094635,0.11554276943206787,source_10
AMG900,0.7115004658699036,0.10872209072113037,source_10
AMG900,0.6392455101013184,0.11237204074859619,source_10
AMG900,0.8135678172111511,0.18815851211547852,source_10
AMG900,0.7836143374443054,0.1566786766052246,source_10
AMG900,0.7625885009765625,0.16611719131469727,source_10
AMG900,0.7378958463668823,0.1167149543762207,source_10
AMG900,0.7535517811775208,0.12412786483764648,source_10
AMG900,0.7714757919311523,0.1327592134475708,source_10
AMG900,0.7828425765037537,0.14159703254699707,source_10
AMG900,0.6643677353858948,0.12037903070449829,source_10
AMG900,0.6956585049629211,0.1219668984413147,source_10
AMG900,0.7332441210746765,0.13197243213653564,source_10
AMG900,0.7017207145690918,0.11684966087341309,source_10
AMG900,0.6356827616691589,0.12334096431732178,source_10
AMG900,0.7115398645401001,0.1479066014289856,source_10
AMG900,0.6897315979003906,0.10577714443206787,source_10
AMG900,0.7418475151062012,0.14162003993988037,source_10
AMG900,0.7428884506225586,0.12224888801574707,source_10
AMG900,0.7356809377670288,0.163671612739563,source_10
AMG900,0.7318363785743713,0.10169148445129395,source_10
AMG900,0.7264675498008728,0.12079042196273804,source_10
AMG900,0.7486199736595154,0.10683846473693848,source_10
AMG900,0.6535945534706116,0.11637282371520996,source_10
AMG900,0.67091965675354,0.09511667490005493,source_10
AMG900,0.6723655462265015,0.16359227895736694,source_10
AMG900,0.6676797270774841,0.11592191457748413,source_10
AMG900,0.677435576915741,0.09940284490585327,source_10
AMG900,0.7529630661010742,0.12980520725250244,source_10
AMG900,0.7650482654571533,0.1257261037826538,source_10
AMG900,0.7829801440238953,0.1592673659324646,source_10
AMG900,0.7900485992431641,0.14247369766235352,source_10
AMG900,0.7750866413116455,0.14431434869766235,source_10
AMG900,0.7292654514312744,0.12191987037658691,source_10
AMG900,0.7599695920944214,0.12608081102371216,source_10
AMG900,0.7796003222465515,0.1551039218902588,source_10
AMG900,0.7334724068641663,0.1344708800315857,source_10
AMG900,0.7484967112541199,0.12540841102600098,source_10
AMG900,0.6239322423934937,0.09795361757278442,source_10
AMG900,0.740860104560852,0.13935840129852295,source_10
AMG900,0.7616809606552124,0.13175541162490845,source_10
AMG900,0.7604078650474548,0.288257360458374,source_10
AMG900,0.7059587240219116,0.11277413368225098,source_10
AMG900,0.7154203653335571,0.12804687023162842,source_10
AMG900,0.7249951958656311,0.1088641881942749,source_10
AMG900,0.7115234732627869,0.11434483528137207,source_10
AMG900,0.7178288102149963,0.1398823857307434,source_10
AMG900,0.7160231471061707,0.10786861181259155,source_10
AMG900,0.7428821325302124,0.20783507823944092,source_10
AMG900,0.7451248168945312,0.2132178544998169,source_10
AMG900,0.7655348777770996,0.12460470199584961,source_10
AMG900,0.7543515563011169,0.1332688331604004,source_10
AMG900,0.7086412310600281,0.1234886646270752,source_10
AMG900,0.6942333579063416,0.24735325574874878,source_10
AMG900,0.7202811241149902,0.1861262321472168,source_10
AMG900,0.7211544513702393,0.13270950317382812,source_10
AMG900,0.7139182090759277,0.13182997703552246,source_10
AMG900,0.74519944190979,0.14033973217010498,source_10
AMG900,0.7730028629302979,0.14038240909576416,source_10
AMG900,0.7818006873130798,0.33350807428359985,source_10
AMG900,0.6599276065826416,0.14701515436172485,source_10
AMG900,0.653968095779419,0.11853116750717163,source_10
AMG900,0.672362744808197,0.11504751443862915,source_10
AMG900,0.6770431995391846,0.14194703102111816,source_10
AMG900,0.7184799909591675,0.17779171466827393,source_10
AMG900,0.7274882793426514,0.1408821940422058,source_10
AMG900,0.7264822721481323,0.2798119783401489,source_10
AMG900,0.7522729635238647,0.14257800579071045,source_10
AMG900,0.7362505197525024,0.15926909446716309,source_10
AMG900,0.6835898756980896,0.12222808599472046,source_10
AMG900,0.7057796120643616,0.11020028591156006,source_10
AMG900,0.7191607356071472,0.12332862615585327,source_10
AMG900,0.7077642679214478,0.1272975206375122,source_10
AMG900,0.7497695088386536,0.13749992847442627,source_10
AMG900,0.7731326222419739,0.14165544509887695,source_10
AMG900,0.746772289276123,0.11641395092010498,source_10
AMG900,0.7661683559417725,0.11906564235687256,source_10
AMG900,0.7851459980010986,0.3646085262298584,source_10
AMG900,0.816535472869873,0.24344128370285034,source_10
AMG900,0.8155383467674255,0.14195120334625244,source_10
AMG900,0.8216452598571777,0.1568964123725891,source_10
AMG900,0.8592255711555481,0.1673251986503601,source_10
AMG900,0.7116147875785828,0.17605209350585938,source_10
AMG900,0.7015097737312317,0.1767282485961914,source_10
AMG900,0.7085792422294617,0.1623740792274475,source_10
AMG900,0.7162646055221558,0.15412110090255737,source_10
AMG900,0.720564067363739,0.1935800313949585,source_10
AMG900,0.71439528465271,0.18112188577651978,source_10
AMG900,0.730579674243927,0.1566256284713745,source_10
AMG900,0.7309128046035767,0.1599947214126587,source_10
AMG900,0.6899097561836243,0.14358896017074585,source_10
AMG900,0.6766301989555359,0.16469192504882812,source_10
AMG900,0.6664231419563293,0.15181052684783936,source_10
AMG900,0.6620888113975525,0.15965837240219116,source_10
AMG900,0.6863516569137573,0.14525598287582397,source_10
AMG900,0.6758784651756287,0.1590564250946045,source_10
AMG900,0.6806051731109619,0.13512545824050903,source_10
AMG900,0.6985185146331787,0.12687301635742188,source_10
AMG900,0.7641133666038513,0.1338951587677002,source_10
AMG900,0.7702850699424744,0.13623303174972534,source_10
AMG900,0.7793917655944824,0.14851772785186768,source_10
AMG900,0.8457093834877014,0.1502552032470703,source_10
AMG900,0.8112646341323853,0.1506415605545044,source_10
AMG900,0.8064252734184265,0.2009047269821167,source_10
AMG900,0.7904064059257507,0.14982545375823975,source_10
AMG900,0.8093577027320862,0.13913488388061523,source_10
AMG900,0.9076381325721741,0.21591663360595703,source_10
AMG900,0.8930073380470276,0.2304161787033081,source_10
AMG900,0.8508678078651428,0.23023700714111328,source_10
AMG900,0.8903152346611023,0.5268381237983704,source_10
AMG900,0.8651230931282043,0.152066171169281,source_10
AMG900,0.8587285280227661,0.1690959334373474,source_10
AMG900,0.8465259075164795,0.2888403534889221,source_10
AMG900,0.8594754934310913,0.16987967491149902,source_10
AMG900,0.6139491200447083,0.16858714818954468,source_10
AMG900,0.669258713722229,0.1584237813949585,source_10
AMG900,0.6756889224052429,0.12581098079681396,source_10
AMG900,0.6789767146110535,0.16461634635925293,source_10
AMG900,0.8345683813095093,0.17763197422027588,source_10
AMG900,0.812421441078186,0.1954951286315918,source_10
AMG900,0.8033387660980225,0.163038969039917,source_10
AMG900,0.7905353307723999,0.18116480112075806,source_10
AMG900,0.5729721188545227,0.10211938619613647,source_10
AMG900,0.5786065459251404,0.1329561471939087,source_10
AMG900,0.585746169090271,0.336253821849823,source_10
AMG900,0.598438560962677,0.09299081563949585,source_10
AMG900,0.5650374293327332,0.07866561412811279,source_10
AMG900,0.5804135799407959,0.143646240234375,source_10
AMG900,0.6016756892204285,0.08324861526489258,source_10
AMG900,0.6141834259033203,0.09652692079544067,source_10
AMG900,0.6090579628944397,0.12597262859344482,source_10
AMG900,0.6404841542243958,0.09700292348861694,source_10
AMG900,0.6496130228042603,0.08900821208953857,source_10
AMG900,0.6466056108474731,0.09858226776123047,source_10
AMG900,0.704303503036499,0.1260923147201538,source_10
AMG900,0.6420024037361145,0.1209905743598938,source_10
AMG900,0.657358705997467,0.11214590072631836,source_10
AMG900,0.6776136755943298,0.21567606925964355,source_10
AMG900,0.7444429397583008,0.16075801849365234,source_10
AMG900,0.7198286056518555,0.1244657039642334,source_10
AMG900,0.7121924757957458,0.11830180883407593,source_10
AMG900,0.6838411688804626,0.10549873113632202,source_10
AMG900,0.6885408759117126,0.12582796812057495,source_10
AMG900,0.6912370920181274,0.12392330169677734,source_10
AMG900,0.6715067028999329,0.12213629484176636,source_10
AMG900,0.6664788126945496,0.1247018575668335,source_10
AMG900,0.6553277373313904,0.10847216844558716,source_10
AMG900,0.6887909173965454,0.11311328411102295,source_10
AMG900,0.7039315700531006,0.12654978036880493,source_10
AMG900,0.704410195350647,0.13585638999938965,source_10
AMG900,0.7328311800956726,0.1503690481185913,source_10
AMG900,0.7305453419685364,0.15318316221237183,source_10
AMG900,0.8332264423370361,0.20516932010650635,source_10
AMG900,0.7410414814949036,0.13669228553771973,source_10
AMG900,0.7437527775764465,0.20242464542388916,source_10
AMG900,0.8762803077697754,0.16390180587768555,source_11
AMG900,0.6814315319061279,1.2373302429914474,source_11
AMG900,0.8401833176612854,0.17497670650482178,source_11
AMG900,0.7771334052085876,0.13088452816009521,source_11
AMG900,0.8106127381324768,0.14545738697052002,source_11
AMG900,0.8140944838523865,0.14481347799301147,source_11
AMG900,0.7866015434265137,0.1373273730278015,source_11
AMG900,0.7967389225959778,0.13161325454711914,source_11
AMG900,0.7885661125183105,0.1378800868988037,source_11
AMG900,0.7864782810211182,0.12943071126937866,source_11
AMG900,0.7971920967102051,0.12948113679885864,source_11
AMG900,0.797740638256073,0.11987388134002686,source_11
AMG900,0.7746882438659668,0.12311732769012451,source_11
AMG900,0.7924286723136902,0.1231234073638916,source_11
AMG900,0.7905193567276001,0.12192970514297485,source_11
AMG900,0.7783341407775879,0.11816751956939697,source_11
AMG900,0.7673214077949524,0.10474896430969238,source_11
AMG900,0.7765673995018005,0.11484271287918091,source_11
AMG900,0.9223527312278748,0.14790868759155273,source_11
AMG900,2.3302690982818604,0.26117223501205444,source_11
AMG900,0.8007583022117615,0.11442363262176514,source_11
AMG900,0.7817443013191223,0.10738348960876465,source_11
AMG900,0.808056116104126,0.12354552745819092,source_11
AMG900,0.8618075847625732,0.13078689575195312,source_11
AMG900,0.8744598031044006,0.1472463607788086,source_11
AMG900,0.8797157406806946,0.13254785537719727,source_11
AMG900,0.900375247001648,0.1318150758743286,source_11
AMG900,0.9318448305130005,0.130387544631958,source_11
AMG900,0.9087428450584412,0.12939006090164185,source_11
AMG900,0.9174678921699524,0.14747333526611328,source_11
AMG900,0.925312876701355,0.1425173282623291,source_11
AMG900,0.9203751087188721,0.14155125617980957,source_11
AMG900,0.7072758078575134,0.11499685049057007,source_11
AMG900,0.7588546276092529,0.12413477897644043,source_11
AMG900,0.7640963196754456,0.10699081420898438,source_11
AMG900,0.7535000443458557,0.11593163013458252,source_11
AMG900,0.7439536452293396,0.10714352130889893,source_11
AMG900,0.7606989145278931,0.11781054735183716,source_11
AMG900,0.6963871121406555,0.0860743522644043,source_11
AMG900,0.7682688236236572,0.10955262184143066,source_11
AMG900,0.7436428070068359,0.11187881231307983,source_11
AMG900,0.758987545967102,0.10888057947158813,source_11
AMG900,0.7721652388572693,0.10633528232574463,source_11
AMG900,0.7657034397125244,0.11487340927124023,source_11
AMG900,0.7629616260528564,0.11085408926010132,source_11
AMG900,0.7573415637016296,0.10966074466705322,source_11
AMG900,0.7650513648986816,0.11231803894042969,source_11
AMG900,0.7631709575653076,0.10239845514297485,source_11
AMG900,0.7525855302810669,0.10550796985626221,source_11
AMG900,0.7542561292648315,0.1045336127281189,source_11
AMG900,0.7479984760284424,0.11285614967346191,source_11
AMG900,0.7492328882217407,0.10510021448135376,source_11
AMG900,0.6893424987792969,1.280543327331543,source_11
AMG900,0.7512556910514832,0.09483933448791504,source_11
AMG900,0.6962010860443115,0.08644348382949829,source_11
AMG900,0.6864461898803711,0.09033143520355225,source_11
AMG900,0.6770073175430298,0.08668410778045654,source_11
AMG900,0.6775131821632385,0.08466333150863647,source_11
AMG900,0.7195623517036438,0.09952503442764282,source_11
AMG900,0.6895283460617065,0.09139275550842285,source_11
AMG900,0.8039683103561401,0.11345851421356201,source_11
AMG900,0.8207468390464783,0.12864458560943604,source_11
AMG900,0.6896951198577881,0.09775900840759277,source_11
AMG900,0.7893663048744202,0.1045333743095398,source_11
AMG900,0.6851550936698914,0.09812569618225098,source_11
AMG900,0.6902034282684326,0.09708976745605469,source_11
AMG900,0.6019285321235657,0.08837664127349854,source_11
AMG900,0.6270532608032227,0.07946574687957764,source_11
AMG900,0.7151877284049988,0.2609766125679016,source_11
AMG900,0.7414900660514832,0.09942948818206787,source_11
AMG900,0.7393670678138733,0.08615767955780029,source_11
AMG900,0.7343968152999878,0.09726494550704956,source_11
AMG900,0.7379288077354431,0.09284704923629761,source_11
AMG900,0.755223274230957,0.08631455898284912,source_11
AMG900,0.7619494795799255,0.09832048416137695,source_11
AMG900,0.7991955876350403,0.09366095066070557,source_11
AMG900,0.7852873206138611,0.10034263134002686,source_11
AMG900,0.7571706175804138,0.09869778156280518,source_11
AMG900,0.7799707055091858,0.08870810270309448,source_11
AMG900,0.7936691641807556,0.0974891185760498,source_11
AMG900,0.7977330684661865,0.09495818614959717,source_11
AMG900,0.764511227607727,0.0928223729133606,source_11
AMG900,0.7759761214256287,0.09435045719146729,source_11
AMG900,0.7985495328903198,0.09836947917938232,source_11
AMG900,0.7894326448440552,0.09533655643463135,source_11
AMG900,0.9657838940620422,0.2202012538909912,source_11
AMG900,0.7442619204521179,0.0902286171913147,source_11
AMG900,0.7200722694396973,0.08794033527374268,source_11
AMG900,0.7163341045379639,0.09311783313751221,source_11
AMG900,0.7362458109855652,0.09375399351119995,source_11
AMG900,0.7213684320449829,0.08774203062057495,source_11
AMG900,0.7443557381629944,0.09471780061721802,source_11
AMG900,0.7372967004776001,0.08974486589431763,source_11
AMG900,0.7303957343101501,0.09354472160339355,source_11
AMG900,0.7244401574134827,0.08852607011795044,source_11
AMG900,0.7482700943946838,0.08766937255859375,source_11
AMG900,0.7659741044044495,0.09279847145080566,source_11
AMG900,0.7634040117263794,0.1069977879524231,source_11
AMG900,0.6392013430595398,0.09165221452713013,source_11
AMG900,0.6214981079101562,0.08885300159454346,source_11
AMG900,0.6142867803573608,0.08449286222457886,source_11
AMG900,0.6048598885536194,0.07923483848571777,source_11
AMG900,0.5946870446205139,0.07676613330841064,source_11
AMG900,0.5731348991394043,0.08515489101409912,source_11
AMG900,0.6564903855323792,0.09121483564376831,source_11
AMG900,0.628959596157074,0.08404576778411865,source_11
AMG900,0.6249617338180542,0.07917797565460205,source_11
AMG900,0.6230652928352356,0.07974457740783691,source_11
AMG900,0.636570930480957,0.09153902530670166,source_11
AMG900,0.6576693058013916,0.08298736810684204,source_11
AMG900,0.6639955043792725,0.20101171731948853,source_11
AMG900,0.6594400405883789,0.080161452293396,source_11
AMG900,0.6998178362846375,0.07986772060394287,source_11
AMG900,0.6637460589408875,0.08087170124053955,source_11
AMG900,0.6620199084281921,0.07948732376098633,source_11
AMG900,0.6586936116218567,0.07899534702301025,source_11
AMG900,0.6619295477867126,0.07719850540161133,source_11
AMG900,0.6633977293968201,0.0813257098197937,source_11
AMG900,0.6870746612548828,0.08363574743270874,source_11
AMG900,0.694177508354187,0.0879443883895874,source_11
AMG900,0.6930871605873108,0.08600664138793945,source_11
AMG900,0.6741482615470886,0.08057713508605957,source_11
AMG900,0.6444092392921448,0.08227533102035522,source_11
AMG900,0.6320933103561401,0.07924008369445801,source_11
AMG900,0.6423236727714539,0.0763239860534668,source_11
AMG900,0.6602877974510193,0.08254754543304443,source_11
AMG900,0.6700467467308044,0.08417767286300659,source_11
AMG900,0.6791892051696777,0.08974349498748779,source_11
AMG900,0.5837270617485046,0.10434985160827637,source_11
AMG900,0.6296789646148682,0.1002616286277771,source_11
AMG900,0.6062349677085876,0.09731578826904297,source_11
AMG900,0.6078348159790039,0.10373681783676147,source_11
AMG900,0.5860455632209778,0.09463357925415039,source_11
AMG900,0.5822856426239014,0.08337408304214478,source_11
AMG900,0.6237034797668457,0.09418833255767822,source_11
AMG900,0.6287588477134705,0.09401047229766846,source_11
AMG900,0.6044526100158691,0.08218789100646973,source_11
AMG900,0.5906784534454346,0.08923298120498657,source_11
AMG900,0.5912590622901917,0.08765769004821777,source_11
AMG900,0.5985388159751892,0.08138734102249146,source_11
AMG900,0.607309103012085,0.09076458215713501,source_11
AMG900,0.6163328886032104,0.08281052112579346,source_11
AMG900,0.6199547052383423,0.08381617069244385,source_11
AMG900,0.6142506003379822,0.08530068397521973,source_11
AMG900,0.617939829826355,0.0801546573638916,source_11
AMG900,0.6177982687950134,0.08000314235687256,source_11
AMG900,0.623991072177887,0.08448934555053711,source_11
AMG900,0.620307207107544,0.08459651470184326,source_11
AMG900,0.6365894079208374,0.07967936992645264,source_11
AMG900,0.6658560037612915,0.09060263633728027,source_11
AMG900,0.6685888767242432,0.08663761615753174,source_11
AMG900,0.6880010366439819,0.0794302225112915,source_11
AMG900,0.6960781216621399,0.07902908325195312,source_11
AMG900,0.6081535220146179,0.07380211353302002,source_11
AMG900,0.6108137369155884,0.07946258783340454,source_11
AMG900,0.6128284335136414,0.07998883724212646,source_11
AMG900,0.5994865894317627,0.07911109924316406,source_11
AMG900,0.6067666411399841,0.07622343301773071,source_11
AMG900,0.5854618549346924,0.07778185606002808,source_11
AMG900,0.5994867086410522,0.07553887367248535,source_11
AMG900,0.5933526754379272,0.08186161518096924,source_11
AMG900,0.5997709035873413,0.08113038539886475,source_11
AMG900,0.5936220288276672,0.07976830005645752,source_11
AMG900,0.6037037372589111,0.0795212984085083,source_11
AMG900,0.611723780632019,0.07989013195037842,source_11
AMG900,0.629884660243988,0.08117789030075073,source_11
AMG900,0.6359416842460632,0.08368480205535889,source_11
AMG900,1.3072987794876099,0.2359093427658081,source_9
AMG900,1.3121410608291626,0.23614859580993652,source_9
AMG900,1.348684310913086,0.23426556587219238,source_9
AMG900,1.3747519254684448,0.26041096448898315,source_9
AMG900,1.3484938144683838,0.2543705105781555,source_9
AMG900,1.4070252180099487,0.24133622646331787,source_9
AMG900,1.4246435165405273,0.2434760332107544,source_9
AMG900,1.418972373008728,0.25482237339019775,source_9
AMG900,1.4116911888122559,0.2514737844467163,source_9
AMG900,1.4530301094055176,0.29091060161590576,source_9
AMG900,1.3119350671768188,0.20835572481155396,source_9
AMG900,1.0521678924560547,0.18938565254211426,source_9
AMG900,1.0175387859344482,0.18096452951431274,source_9
AMG900,1.0351316928863525,0.1849769949913025,source_9
AMG900,1.035152792930603,0.1829962134361267,source_9
AMG900,1.0162403583526611,0.17357707023620605,source_9
AMG900,0.9600366353988647,0.16057860851287842,source_9
AMG900,0.9614169001579285,0.16911327838897705,source_9
AMG900,1.1199935674667358,0.21349376440048218,source_9
AMG900,1.127833366394043,0.20999455451965332,source_9
AMG900,1.0859726667404175,0.2092067003250122,source_9
AMG900,1.0637474060058594,0.1965334415435791,source_9
AMG900,1.0497697591781616,0.19582796096801758,source_9
AMG900,1.4087159633636475,0.24682223796844482,source_9
AMG900,1.3831603527069092,0.25177013874053955,source_9
AMG900,1.333739161491394,0.23133599758148193,source_9
AMG900,1.0427526235580444,0.19512027502059937,source_9
AMG900,1.0627758502960205,0.18871307373046875,source_9
AMG900,1.0921040773391724,0.19234895706176758,source_9
AMG900,1.1138331890106201,0.20725691318511963,source_9
AMG900,1.0857090950012207,0.19636476039886475,source_9
AMG900,1.0642503499984741,0.17872017621994019,source_9
AMG900,1.0710664987564087,0.19609689712524414,source_9
AMG900,1.1093686819076538,0.19276916980743408,source_9
AMG900,1.0941929817199707,0.1978282928466797,source_9
AMG900,1.104285717010498,0.19361191987991333,source_9
AMG900,1.0462584495544434,0.17649883031845093,source_9
AMG900,1.330102801322937,0.2398514747619629,source_9
AMG900,1.2644844055175781,0.2284489870071411,source_9
AMG900,1.2643234729766846,0.21819782257080078,source_9
AMG900,1.2366276979446411,0.22091305255889893,source_9
AMG900,1.2272967100143433,0.20942825078964233,source_9
AMG900,1.1495637893676758,0.20987725257873535,source_9
AMG900,1.1872199773788452,0.21463358402252197,source_9
AMG900,1.1767783164978027,0.2181912064552307,source_9
AMG900,1.1884874105453491,0.21302145719528198,source_9
AMG900,1.160212516784668,0.22003388404846191,source_9
AMG900,1.1159241199493408,0.19934296607971191,source_9
AMG900,0.961532711982727,0.16130948066711426,source_9
AMG900,1.245252013206482,0.20593905448913574,source_9
AMG900,1.264335036277771,0.22429949045181274,source_9
AMG900,1.3059659004211426,0.2276778221130371,source_9
AMG900,1.256657361984253,0.20540940761566162,source_9
AMG900,1.354046106338501,0.23922491073608398,source_9
AMG900,1.3619858026504517,0.2271183729171753,source_9
AMG900,1.3201069831848145,0.23776745796203613,source_9
AMG900,1.138745903968811,0.21423065662384033,source_9
AMG900,1.1239449977874756,0.22196638584136963,source_9
AMG900,1.164457082748413,0.24284672737121582,source_9
AMG900,1.1677212715148926,0.23166942596435547,source_9
AMG900,1.1759124994277954,0.23599380254745483,source_9
AMG900,1.1769452095031738,0.2897531986236572,source_9
AMG900,1.1887598037719727,0.2522813677787781,source_9
AMG900,1.266378402709961,0.23306357860565186,source_9
AMG900,1.1978317499160767,0.1719592809677124,source_9
AMG900,1.2116823196411133,0.17953288555145264,source_9
AMG900,1.1968953609466553,0.17106425762176514,source_9
AMG900,1.1538735628128052,0.1686907410621643,source_9
AMG900,1.2233151197433472,0.184869647026062,source_9
AMG900,1.2037724256515503,0.2030397653579712,source_9
AMG900,1.2045005559921265,0.2044605016708374,source_9
AMG900,1.550626516342163,0.19307589530944824,source_9
AMG900,1.3251707553863525,0.19456565380096436,source_9
AMG900,0.867683470249176,0.17289990186691284,source_9
AMG900,0.8747799396514893,0.15612101554870605,source_9
AMG900,0.8861604928970337,0.16805005073547363,source_9
AMG900,0.8740310072898865,0.16006028652191162,source_9
AMG900,0.8534346222877502,0.14440292119979858,source_9
AMG900,0.8705681562423706,0.15178585052490234,source_9
AMG900,0.8663101196289062,0.15382617712020874,source_9
AMG900,0.8498462438583374,0.14839041233062744,source_9
AMG900,0.8453109860420227,0.15470051765441895,source_9
AMG900,0.8364151120185852,0.14788371324539185,source_9
AMG900,1.0756402015686035,0.2137371301651001,source_9
AMG900,1.1174017190933228,0.2031172513961792,source_9
AMG900,1.094044804573059,0.196086585521698,source_9
AMG900,1.0720874071121216,0.19908159971237183,source_9
AMG900,1.0795444250106812,0.19670778512954712,source_9
AMG900,1.0755060911178589,0.19449305534362793,source_9
AMG900,1.0809051990509033,0.19010210037231445,source_9
AMG900,1.2013200521469116,0.2199540138244629,source_9
AMG900,1.1662226915359497,0.21382015943527222,source_9
AMG900,1.1533100605010986,0.2113339900970459,source_9
AMG900,1.330249547958374,0.32622408866882324,source_9
AMG900,1.4611716270446777,0.3051993250846863,source_9
AMG900,1.3955636024475098,0.3026820421218872,source_9
AMG900,1.3215426206588745,0.29248690605163574,source_9
AMG900,1.3277003765106201,0.30619096755981445,source_9
AMG900,1.5293734073638916,0.3066188097000122,source_9
AMG900,0.5638136267662048,0.09152626991271973,source_3
AMG900,0.5748992562294006,0.09732991456985474,source_3
AMG900,0.5993490219116211,0.09617602825164795,source_3
AMG900,0.6068795919418335,0.10228455066680908,source_3
AMG900,0.6510651111602783,0.11324918270111084,source_3
AMG900,0.6421610713005066,0.09233975410461426,source_3
AMG900,0.6472292542457581,0.09226471185684204,source_3
AMG900,0.627417802810669,0.09088826179504395,source_3
AMG900,0.6109505295753479,0.13076061010360718,source_3
AMG900,0.6224256157875061,0.09961134195327759,source_3
AMG900,0.6222532987594604,0.09887337684631348,source_3
AMG900,0.6163987517356873,0.10098075866699219,source_3
AMG900,0.5984443426132202,0.09601205587387085,source_3
AMG900,0.6049248576164246,0.11235547065734863,source_3
AMG900,0.6095687747001648,0.10246241092681885,source_3
AMG900,0.620859682559967,0.09834367036819458,source_3
AMG900,0.6310884356498718,0.12256991863250732,source_3
AMG900,0.586614191532135,0.0933951735496521,source_3
AMG900,0.5615650415420532,0.10761845111846924,source_3
AMG900,0.5954417586326599,0.09178578853607178,source_3
AMG900,0.6397931575775146,0.09719210863113403,source_3
AMG900,0.634217381477356,0.09588515758514404,source_3
AMG900,0.632230818271637,0.09496653079986572,source_3
AMG900,0.7228387594223022,0.8791338205337524,source_3
AMG900,0.6149634122848511,0.09959214925765991,source_3
AMG900,0.6209994554519653,0.11258494853973389,source_3
AMG900,0.6292142868041992,0.13128381967544556,source_3
AMG900,0.6406103372573853,0.11388230323791504,source_3
AMG900,0.6272311210632324,0.11666899919509888,source_3
AMG900,0.6531482934951782,0.11530041694641113,source_3
AMG900,0.6092008948326111,0.0961461067199707,source_3
AMG900,0.630473792552948,0.10419541597366333,source_3
AMG900,0.6339556574821472,0.09004008769989014,source_3
AMG900,0.6483010649681091,0.10617858171463013,source_3
AMG900,0.6481868624687195,0.1012190580368042,source_3
AMG900,0.6582861542701721,0.11050492525100708,source_3
AMG900,0.6404402852058411,0.11049437522888184,source_3
AMG900,0.6199134588241577,0.0982632040977478,source_3
AMG900,0.6361297369003296,0.09041285514831543,source_3
AMG900,0.6295416951179504,0.09387481212615967,source_3
AMG900,0.6407245993614197,1.122802160680294,source_3
AMG900,0.8433385491371155,1.15581014752388,source_3
AMG900,2.265998363494873,0.9354116022586823,source_3
AMG900,1.0224090814590454,0.14253073930740356,source_15
AMG900,1.0130330324172974,0.13592541217803955,source_15
AMG900,1.013933777809143,0.13362526893615723,source_15
AMG900,0.99753737449646,0.1348944902420044,source_15
AMG900,1.008743166923523,0.14072716236114502,source_15
AMG900,0.999633252620697,0.130010724067688,source_15
AMG900,0.9810957908630371,0.13107573986053467,source_15
AMG900,1.005934238433838,0.9909232025966048,source_15
AMG900,1.0190885066986084,1.0101033737882972,source_15
AMG900,0.9986845850944519,0.13317662477493286,source_15
AMG900,1.0122877359390259,0.13505667448043823,source_15
AMG900,1.01631760597229,0.13769519329071045,source_15
AMG900,1.0140562057495117,0.13606959581375122,source_15
AMG900,1.0000004768371582,0.1384294033050537,source_15
AMG900,0.9836962223052979,0.12577831745147705,source_15
AMG900,0.9632105231285095,0.13685345649719238,source_15
AMG900,0.9708866477012634,0.13324177265167236,source_15
AMG900,0.9908077120780945,0.13428211212158203,source_15
AMG900,1.0032525062561035,0.1370614767074585,source_15
AMG900,0.9612215161323547,0.13194501399993896,source_15
AMG900,0.9871081709861755,0.14042067527770996,source_15
AMG900,0.968478798866272,0.1425575613975525,source_15
AMG900,0.9719699025154114,0.13299858570098877,source_15
AMG900,0.9450015425682068,0.13063931465148926,source_15
AMG900,0.9707340598106384,0.1352267861366272,source_15
AMG900,0.9552086591720581,0.13264811038970947,source_15
AMG900,0.9497371912002563,0.133639395236969,source_15
AMG900,0.9362878799438477,0.13627660274505615,source_15
AMG900,0.9674478769302368,0.15967720746994019,source_15
AMG900,0.9734851717948914,0.1384754180908203,source_15
AMG900,1.5749577283859253,0.18901395797729492,source_15
AMG900,1.7570830583572388,0.24495410919189453,source_15
AMG900,1.717093825340271,0.24718856811523438,source_15
AMG900,1.600181221961975,0.24105221033096313,source_15
AMG900,1.5460113286972046,0.2385958433151245,source_15
AMG900,1.487447738647461,0.2217550277709961,source_15
AMG900,1.5201447010040283,0.2220051884651184,source_15
AMG900,1.4563734531402588,0.22289115190505981,source_15
AMG900,1.4531662464141846,0.19918954372406006,source_15
AMG900,1.4319326877593994,0.20842552185058594,source_15
AMG900,1.4064453840255737,0.19269001483917236,source_15
AMG900,1.3889410495758057,0.1877334713935852,source_15
AMG900,1.4265897274017334,0.20485055446624756,source_15
AMG900,1.3520561456680298,0.18872570991516113,source_15
AMG900,1.3075355291366577,0.17615985870361328,source_15
AMG900,1.287063717842102,0.19069123268127441,source_15
AMG900,1.3109468221664429,0.18084216117858887,source_15
AMG900,1.3116960525512695,0.16564226150512695,source_15
AMG900,1.2968109846115112,0.17246443033218384,source_15
AMG900,1.3189669847488403,0.17061948776245117,source_15
AMG900,1.3557794094085693,0.178583025932312,source_15
AMG900,1.349768877029419,0.1760389804840088,source_15
AMG900,1.2327172756195068,0.16030669212341309,source_15
AMG900,1.2552893161773682,0.17559707164764404,source_15
AMG900,1.2288994789123535,0.18426978588104248,source_15
AMG900,1.256510853767395,0.1756608486175537,source_15
AMG900,1.2012132406234741,0.16705948114395142,source_15
AMG900,1.2512092590332031,0.1685945987701416,source_15
AMG900,0.9726229310035706,0.1277540922164917,source_15
AMG900,0.9789671897888184,0.13563799858093262,source_15
AMG900,0.9715533256530762,0.22806072235107422,source_15
AMG900,1.0045086145401,0.13897275924682617,source_15
AMG900,1.0155137777328491,0.14034342765808105,source_15
AMG900,1.0129822492599487,1.2535277605056763,source_15
AMG900,1.2404969930648804,0.15658533573150635,source_15
AMG900,1.1508779525756836,0.14134317636489868,source_15
AMG900,1.137974739074707,0.1498672366142273,source_15
AMG900,1.1457581520080566,0.15797960758209229,source_15
AMG900,1.239436149597168,0.18797647953033447,source_15
AMG900,1.1187489032745361,0.14661449193954468,source_15
AMG900,1.255850911140442,0.17658114433288574,source_15
AMG900,1.3250095844268799,0.1662358045578003,source_15
AMG900,0.9647864699363708,0.14245331287384033,source_15
AMG900,1.1179115772247314,0.16083288192749023,source_15
AMG900,1.1836652755737305,0.16412127017974854,source_15
AMG900,1.1726138591766357,0.16172850131988525,source_15
AMG900,0.9842622876167297,0.1446349024772644,source_15
AMG900,0.9625005722045898,0.13580387830734253,source_15
AMG900,0.9621437191963196,0.13325655460357666,source_15
AMG900,0.9484245777130127,0.13823848962783813,source_15
AMG900,0.9449869990348816,0.13614630699157715,source_15
AMG900,1.2592051029205322,0.1710866093635559,source_15
AMG900,1.277018427848816,0.16137999296188354,source_15
AMG900,1.2543630599975586,0.1598556637763977,source_15
AMG900,1.2508695125579834,0.16878962516784668,source_15
AMG900,1.236382007598877,0.16163671016693115,source_15
AMG900,1.2718323469161987,0.16562128067016602,source_15
AMG900,1.2543238401412964,0.16437411308288574,source_15
AMG900,1.25525963306427,0.15845823287963867,source_15
AMG900,1.244489073753357,0.15145885944366455,source_15
AMG900,0.9095419645309448,0.12370026111602783,source_15
AMG900,0.910750687122345,0.12001436948776245,source_15
AMG900,0.9722983241081238,0.13731718063354492,source_15
AMG900,0.9951710104942322,0.13928329944610596,source_15
AMG900,0.9980770945549011,0.1425875425338745,source_15
AMG900,1.0111883878707886,0.13160276412963867,source_15
AMG900,1.0104434490203857,0.13600671291351318,source_15
AMG900,1.010553002357483,0.14069700241088867,source_15
AMG900,1.0033190250396729,0.14142578840255737,source_15
AMG900,1.0267781019210815,0.15285372734069824,source_15
AMG900,1.0475424528121948,0.1479617953300476,source_15
AMG900,1.043564796447754,0.1499577760696411,source_15
AMG900,1.049211859703064,0.14895141124725342,source_15
AMG900,1.0301547050476074,0.1471942663192749,source_15
AMG900,1.0177428722381592,0.17323577404022217,source_15
AMG900,1.0314322710037231,0.14767718315124512,source_15
AMG900,1.0235172510147095,0.1438426971435547,source_15
AMG900,1.0169967412948608,0.1471773386001587,source_15
AMG900,1.009968638420105,0.1421697735786438,source_15
AMG900,1.0298712253570557,0.14594173431396484,source_15
AMG900,1.056311011314392,0.145749032497406,source_15
AMG900,1.0399996042251587,0.14743304252624512,source_15
AMG900,1.0362403392791748,0.1454189419746399,source_15
AMG900,1.0203012228012085,0.14833033084869385,source_15
AMG900,1.0146422386169434,0.15903210639953613,source_15
AMG900,1.0267856121063232,0.1485046148300171,source_15
AMG900,1.0058927536010742,0.14928752183914185,source_15
AMG900,1.0650709867477417,0.16280639171600342,source_15
AMG900,1.0602937936782837,0.15599346160888672,source_15
AMG900,1.0600076913833618,0.1554487943649292,source_15
AMG900,0.9856053590774536,0.14573240280151367,source_15
AMG900,1.0288923978805542,0.15521687269210815,source_15
AMG900,1.0203713178634644,0.15444040298461914,source_15
AMG900,1.053465485572815,0.15430867671966553,source_15
AMG900,0.920109748840332,0.16447579860687256,source_15
AMG900,0.9884553551673889,0.1545582413673401,source_15
AMG900,0.9792335629463196,0.15584838390350342,source_15
AMG900,0.9211306571960449,0.1371467113494873,source_15
AMG900,0.9317896962165833,0.13861709833145142,source_15
AMG900,0.8990591168403625,0.14574742317199707,source_15
AMG900,0.9192075729370117,0.14420056343078613,source_15
AMG900,0.941734254360199,0.14293193817138672,source_15
AMG900,0.906723141670227,0.13846540451049805,source_15
AMG900,0.9581092596054077,0.15222883224487305,source_15
AMG900,1.031287670135498,0.1530081033706665,source_15
AMG900,0.9677035808563232,0.16251659393310547,source_15
AMG900,0.9523977637290955,0.1620476245880127,source_15
AMG900,1.0218837261199951,0.19947826862335205,source_15
AMG900,1.0658077001571655,0.203851580619812,source_15
AMG900,1.0469592809677124,0.18757528066635132,source_15
AMG900,1.0520001649856567,0.170340895652771,source_15
AMG900,1.0590115785598755,0.1812971830368042,source_15
AMG900,1.0200605392456055,0.1683870553970337,source_15
AMG900,1.0301812887191772,0.1692122220993042,source_15
AMG900,0.9072862267494202,0.15061622858047485,source_15
AMG900,0.9372161030769348,0.17355507612228394,source_15
AMG900,0.5948193669319153,0.10108911991119385,source_3
AMG900,0.5824570059776306,0.08523344993591309,source_3
AMG900,0.5879406332969666,0.08155298233032227,source_3
AMG900,0.57337486743927,0.0912962555885315,source_3
AMG900,0.7586053609848022,0.10121297836303711,source_3
AMG900,0.5569820404052734,0.1002507209777832,source_3
AMG900,0.5760741233825684,0.12433230876922607,source_3
AMG900,0.5249798893928528,0.09377861022949219,source_3
AMG900,0.5986803770065308,0.08335864543914795,source_3
AMG900,0.6190364360809326,0.12239092588424683,source_3
AMG900,0.623282253742218,0.0826653242111206,source_3
AMG900,0.6223523616790771,0.09858787059783936,source_3
AMG900,0.5637431740760803,0.0879511833190918,source_3
AMG900,0.5877677202224731,0.08820772171020508,source_3
AMG900,0.5881014466285706,0.09177535772323608,source_3
AMG900,0.5857774019241333,0.091072678565979,source_3
AMG900,0.5478916168212891,0.11043751239776611,source_3
AMG900,0.622915506362915,0.0877307653427124,source_3
AMG900,0.5292037725448608,0.081764817237854,source_3
AMG900,0.5375195145606995,0.11002051830291748,source_3
AMG900,0.6648093461990356,0.0888817310333252,source_3
AMG900,0.5471058487892151,0.1329280138015747,source_3
AMG900,0.5920587778091431,0.1317758560180664,source_3
AMG900,0.574116051197052,0.0898587703704834,source_3
AMG900,0.6373608708381653,0.08374667167663574,source_3
AMG900,0.5740023255348206,0.07933640480041504,source_3
AMG900,0.5824000239372253,0.08692276477813721,source_3
AMG900,0.5773681402206421,0.08128947019577026,source_3
AMG900,0.5909578204154968,0.07976055145263672,source_3
AMG900,0.599174439907074,0.09753149747848511,source_3
AMG900,0.6018074154853821,0.10429757833480835,source_3
AMG900,0.5971568822860718,0.09720921516418457,source_3
AMG900,0.5926021337509155,0.09262323379516602,source_3
AMG900,0.6324806213378906,0.09411466121673584,source_3
AMG900,0.6498435735702515,0.1047830581665039,source_3
AMG900,0.6511631608009338,0.0922200083732605,source_3
AMG900,1.2158666849136353,0.16956210136413574,source_1
AMG900,1.4573760032653809,0.3339618444442749,source_1
AMG900,1.0313482284545898,0.14849740266799927,source_1
AMG900,0.9583494663238525,0.15186136960983276,source_1
AMG900,1.1127898693084717,0.15456926822662354,source_1
AMG900,1.105958104133606,0.31835252046585083,source_1
AMG900,1.1475428342819214,0.2462185025215149,source_1
AMG900,1.0957715511322021,0.24269098043441772,source_1
AMG900,1.4428616762161255,0.26423466205596924,source_1
AMG900,1.465000867843628,0.25108009576797485,source_1
AMG900,1.3838093280792236,0.22187459468841553,source_1
AMG900,1.501639485359192,0.23449194431304932,source_1
AMG900,1.4902454614639282,0.2437666654586792,source_1
AMG900,1.5038257837295532,0.2159026861190796,source_1
AMG900,1.4735769033432007,0.25358855724334717,source_1
AMG900,1.379946231842041,0.22092926502227783,source_1
AMG900,3.189445734024048,0.9684465155005455,source_1
AMG900,1.5403259992599487,0.20931392908096313,source_1
AMG900,1.0443648099899292,0.15200036764144897,source_1
AMG900,1.0405616760253906,0.1544896364212036,source_1
AMG900,1.069350242614746,0.16657179594039917,source_1
AMG900,1.2654722929000854,0.17879003286361694,source_1
AMG900,1.3089591264724731,0.19217658042907715,source_1
AMG900,0.9940695762634277,0.143410325050354,source_1
AMG900,0.9591876268386841,0.14210200309753418,source_1
AMG900,1.002697229385376,0.14099282026290894,source_1
AMG900,1.0486360788345337,0.15830814838409424,source_1
AMG900,1.1739920377731323,0.18124091625213623,source_1
AMG900,1.0339958667755127,0.13170230388641357,source_1
AMG900,1.2362374067306519,0.17926478385925293,source_1
AMG900,1.222861647605896,0.18017446994781494,source_1
AMG900,1.2100468873977661,0.17652112245559692,source_1
AMG900,1.2419575452804565,0.17819058895111084,source_1
AMG900,1.2842003107070923,0.20619618892669678,source_1
AMG900,1.4062556028366089,0.23153555393218994,source_1
AMG900,1.750292420387268,0.28984761238098145,source_1
AMG900,1.306849479675293,0.23839837312698364,source_1
AMG900,1.1391727924346924,0.18700945377349854,source_1
AMG900,1.1715625524520874,0.22539931535720825,source_1
AMG900,1.1517963409423828,0.22516614198684692,source_1
AMG900,1.7399686574935913,0.2798161506652832,source_1
AMG900,1.0184811353683472,0.1776334047317505,source_1
AMG900,1.0987828969955444,0.16552281379699707,source_1
AMG900,1.0525791645050049,0.15564513206481934,source_1
AMG900,1.046615719795227,0.15024292469024658,source_1
AMG900,0.8354742527008057,0.1294812560081482,source_1
AMG900,1.2332355976104736,0.2236223816871643,source_1
AMG900,1.2572070360183716,0.18879848718643188,source_1
AMG900,1.3197033405303955,0.1987248659133911,source_1
AMG900,1.2271136045455933,0.18456506729125977,source_1
AMG900,1.2463610172271729,0.18123328685760498,source_1
dexamethasone,1.0305931568145752,0.262284517288208,source_2
dexamethasone,1.0316288471221924,0.20964044332504272,source_2
dexamethasone,1.038230061531067,0.23652541637420654,source_2
dexamethasone,1.05032217502594,0.19440317153930664,source_2
dexamethasone,1.1830042600631714,0.5033243596553802,source_2
dexamethasone,1.0762486457824707,0.21008843183517456,source_2
dexamethasone,0.9796935319900513,0.25342702865600586,source_2
dexamethasone,0.9717709422111511,0.2703320384025574,source_2
dexamethasone,1.00404953956604,0.30982840061187744,source_2
dexamethasone,0.9787495732307434,0.2099706530570984,source_2
dexamethasone,0.9758021831512451,0.26969826221466064,source_2
dexamethasone,0.9728068113327026,0.24633574485778809,source_2
dexamethasone,1.009095311164856,0.21588551998138428,source_2
dexamethasone,1.024733066558838,0.2788543701171875,source_2
dexamethasone,1.9336682558059692,0.4631059765815735,source_2
dexamethasone,1.9699431657791138,0.490586519241333,source_2
dexamethasone,1.992943525314331,0.463859498500824,source_2
dexamethasone,1.885191559791565,0.5566860139369965,source_2
dexamethasone,1.8514950275421143,0.4312494993209839,source_2
dexamethasone,1.8711854219436646,0.4924805760383606,source_2
dexamethasone,1.9614861011505127,0.48101240396499634,source_2
dexamethasone,1.9579455852508545,0.4544031620025635,source_2
dexamethasone,2.046285629272461,0.5102924704551697,source_2
dexamethasone,1.873935341835022,0.45028287172317505,source_2
dexamethasone,1.8917497396469116,0.5787573158740997,source_2
dexamethasone,1.8942205905914307,0.47942012548446655,source_2
dexamethasone,1.8452379703521729,0.4458671808242798,source_2
dexamethasone,1.8741562366485596,0.46789002418518066,source_2
dexamethasone,1.8830540180206299,0.568268358707428,source_2
dexamethasone,1.9647119045257568,0.5508504211902618,source_2
dexamethasone,1.958827018737793,0.5140047669410706,source_2
dexamethasone,1.1010894775390625,0.3527054190635681,source_2
dexamethasone,1.099949836730957,0.4061089754104614,source_2
dexamethasone,1.1111040115356445,0.47244060039520264,source_2
dexamethasone,1.0937632322311401,0.41336047649383545,source_2
dexamethasone,1.1033638715744019,0.42985379695892334,source_2
dexamethasone,1.1076698303222656,0.390285849571228,source_2
dexamethasone,1.1078948974609375,0.3957173824310303,source_2
dexamethasone,1.1095927953720093,0.43668484687805176,source_2
dexamethasone,1.1014865636825562,0.393036425113678,source_2
dexamethasone,1.1065266132354736,0.34127676486968994,source_2
dexamethasone,1.1146103143692017,0.29567718505859375,source_2
dexamethasone,1.1131936311721802,0.3513401746749878,source_2
dexamethasone,1.1149033308029175,0.38392943143844604,source_2
dexamethasone,1.1234982013702393,0.5624274015426636,source_2
dexamethasone,1.1243171691894531,0.4279139041900635,source_2
dexamethasone,1.1180320978164673,0.37363314628601074,source_2
dexamethasone,1.1285600662231445,0.4081510901451111,source_2
dexamethasone,1.1276271343231201,0.39707279205322266,source_2
dexamethasone,1.1380565166473389,0.42182791233062744,source_2
dexamethasone,1.1624988317489624,0.5236137807369232,source_2
dexamethasone,1.041762113571167,0.37981176376342773,source_2
dexamethasone,1.0511369705200195,0.3501765727996826,source_2
dexamethasone,1.0634430646896362,0.3730199337005615,source_2
dexamethasone,1.0557583570480347,0.3046889901161194,source_2
dexamethasone,1.0619159936904907,0.2599979043006897,source_2
dexamethasone,1.0654977560043335,0.36720573902130127,source_2
dexamethasone,1.0605775117874146,0.24561583995819092,source_2
dexamethasone,1.0592325925827026,0.37263643741607666,source_2
dexamethasone,1.0721867084503174,0.3643062114715576,source_2
dexamethasone,1.0930922031402588,0.4185607433319092,source_2
dexamethasone,1.0612552165985107,0.32774245738983154,source_2
dexamethasone,1.0848692655563354,0.28721582889556885,source_2
dexamethasone,1.0708552598953247,0.33210551738739014,source_2
dexamethasone,1.0633842945098877,0.25133830308914185,source_2
dexamethasone,1.0896159410476685,0.39989399909973145,source_2
dexamethasone,1.1359928846359253,0.40615588426589966,source_2
dexamethasone,1.127510905265808,0.44465172290802,source_2
dexamethasone,1.0436123609542847,0.40066027641296387,source_2
dexamethasone,1.0313382148742676,0.3480023145675659,source_2
dexamethasone,1.042995810508728,0.33330947160720825,source_2
dexamethasone,1.0016454458236694,0.27634119987487793,source_2
dexamethasone,0.9713514447212219,0.31809383630752563,source_2
dexamethasone,1.0332368612289429,0.5954766869544983,source_2
dexamethasone,1.0844674110412598,0.33794307708740234,source_2
dexamethasone,1.0569671392440796,0.38479411602020264,source_2
dexamethasone,1.0140291452407837,0.3579295873641968,source_2
dexamethasone,1.073196530342102,0.3922905921936035,source_2
dexamethasone,1.0409797430038452,0.38983023166656494,source_2
dexamethasone,1.080599308013916,0.42858779430389404,source_2
dexamethasone,1.2290669679641724,0.5828037261962891,source_2
dexamethasone,1.2232766151428223,0.5080061554908752,source_2
dexamethasone,1.2890727519989014,0.4614701271057129,source_2
dexamethasone,1.1846356391906738,0.4715762734413147,source_2
dexamethasone,1.1599687337875366,0.4793565273284912,source_2
dexamethasone,2.727022647857666,0.6549257338047028,source_2
dexamethasone,2.882880449295044,0.5116475820541382,source_2
dexamethasone,2.723323345184326,0.5440306067466736,source_2
dexamethasone,2.6994519233703613,0.6158389151096344,source_2
dexamethasone,1.1123573780059814,0.6106643080711365,source_2
dexamethasone,1.1239899396896362,0.6004711985588074,source_2
dexamethasone,1.0998737812042236,0.6878028213977814,source_2
dexamethasone,1.097739338874817,0.6656355559825897,source_2
dexamethasone,1.1444138288497925,0.6226794719696045,source_2
dexamethasone,1.1060454845428467,0.5983671247959137,source_2
dexamethasone,1.1881412267684937,0.661151111125946,source_2
dexamethasone,1.1628673076629639,0.6443293690681458,source_2
dexamethasone,1.1502139568328857,0.677283525466919,source_2
dexamethasone,1.1317996978759766,0.6720947027206421,source_2
dexamethasone,1.1670174598693848,0.688484787940979,source_2
dexamethasone,1.1502571105957031,0.6332904696464539,source_2
dexamethasone,1.1756632328033447,0.5511421263217926,source_2
dexamethasone,1.1537288427352905,0.5786043703556061,source_2
dexamethasone,1.248084306716919,0.700692892074585,source_2
dexamethasone,1.249279260635376,0.7907976806163788,source_2
dexamethasone,1.2126343250274658,0.6855973899364471,source_2
dexamethasone,1.1965014934539795,0.6721663475036621,source_2
dexamethasone,1.223354697227478,0.6500919461250305,source_2
dexamethasone,1.219850778579712,0.7196126580238342,source_2
dexamethasone,1.2364460229873657,0.6630488932132721,source_2
dexamethasone,1.303392767906189,0.6541372537612915,source_2
dexamethasone,1.2764787673950195,0.688208281993866,source_2
dexamethasone,1.2343688011169434,0.5708448886871338,source_2
dexamethasone,1.219467043876648,0.5260417461395264,source_2
dexamethasone,1.2042635679244995,0.5186139941215515,source_2
dexamethasone,1.2170161008834839,0.6561304330825806,source_2
dexamethasone,1.201846718788147,0.6322570443153381,source_2
dexamethasone,1.2022920846939087,0.5533637702465057,source_2
dexamethasone,1.1700459718704224,0.6465256810188293,source_2
dexamethasone,1.2116317749023438,0.5474478006362915,source_2
dexamethasone,1.1902482509613037,0.6316660046577454,source_2
dexamethasone,1.1537145376205444,0.5998294055461884,source_2
dexamethasone,1.0969194173812866,0.548334389925003,source_2
dexamethasone,1.1228225231170654,0.5783820748329163,source_2
dexamethasone,1.2462009191513062,0.5830149054527283,source_2
dexamethasone,1.2193827629089355,0.5574404895305634,source_2
dexamethasone,1.235282301902771,0.5624439120292664,source_2
dexamethasone,1.2313328981399536,0.4786679744720459,source_2
dexamethasone,1.1953941583633423,0.575200766324997,source_2
dexamethasone,1.2298719882965088,0.6653625667095184,source_2
dexamethasone,1.1786644458770752,0.6040157973766327,source_2
dexamethasone,1.2261714935302734,0.6068081855773926,source_2
dexamethasone,1.2534304857254028,0.5640422999858856,source_2
dexamethasone,1.2292985916137695,0.6058144569396973,source_2
dexamethasone,1.2091525793075562,0.4960618019104004,source_2
dexamethasone,1.04007089138031,0.5200603306293488,source_2
dexamethasone,0.9790961742401123,0.43876171112060547,source_2
dexamethasone,0.9779314398765564,0.5287491679191589,source_2
dexamethasone,0.9812828898429871,0.5140183568000793,source_2
dexamethasone,0.9722282290458679,0.5360694527626038,source_2
dexamethasone,0.9037846326828003,0.45684581995010376,source_2
dexamethasone,0.947555422782898,0.4972497224807739,source_2
dexamethasone,0.9721398949623108,0.47676193714141846,source_2
dexamethasone,0.948245108127594,0.49801456928253174,source_2
dexamethasone,0.9389373660087585,0.5499281287193298,source_2
dexamethasone,0.928533673286438,0.510832667350769,source_2
dexamethasone,0.9201298356056213,0.557150661945343,source_2
dexamethasone,0.9229199290275574,0.5970664024353027,source_2
dexamethasone,0.9138315320014954,0.4861356019973755,source_2
dexamethasone,0.9400967955589294,0.49906885623931885,source_2
dexamethasone,0.9202777743339539,0.5844371020793915,source_2
dexamethasone,0.9278185963630676,0.5067750811576843,source_2
dexamethasone,0.9211828708648682,0.5628657341003418,source_2
dexamethasone,0.9195734858512878,0.5595095455646515,source_2
dexamethasone,0.8939695358276367,0.5409026741981506,source_2
dexamethasone,1.025093913078308,0.2933924198150635,source_2
dexamethasone,0.918601393699646,0.2593115568161011,source_2
dexamethasone,0.9076372981071472,0.24926698207855225,source_2
dexamethasone,0.9185219407081604,0.2718316316604614,source_2
dexamethasone,0.9165230393409729,0.3171123266220093,source_2
dexamethasone,0.9186311960220337,0.25612974166870117,source_2
dexamethasone,0.9273250699043274,0.33000707626342773,source_2
dexamethasone,0.927374005317688,0.26511287689208984,source_2
dexamethasone,0.9208568930625916,0.25931406021118164,source_2
dexamethasone,0.930061399936676,0.2312988042831421,source_2
dexamethasone,0.9566289782524109,0.4530547261238098,source_2
dexamethasone,0.9474840760231018,0.48877203464508057,source_2
dexamethasone,0.9394665360450745,0.35830092430114746,source_2
dexamethasone,0.9632516503334045,0.4004494547843933,source_2
dexamethasone,0.9567491412162781,0.5890547037124634,source_2
dexamethasone,0.9676685929298401,0.5458877980709076,source_2
dexamethasone,0.9646694660186768,0.283574640750885,source_2
dexamethasone,0.8896378874778748,0.23176813125610352,source_2
dexamethasone,0.8845226168632507,0.1779693365097046,source_2
dexamethasone,0.8734164834022522,0.28900736570358276,source_2
dexamethasone,0.890309751033783,0.245802104473114,source_2
dexamethasone,0.8913121819496155,0.20157361030578613,source_2
dexamethasone,0.8931504487991333,0.22300124168395996,source_2
dexamethasone,0.8850570917129517,0.21280741691589355,source_2
dexamethasone,0.9061081409454346,0.2319549322128296,source_2
dexamethasone,0.9044787883758545,0.21926653385162354,source_2
dexamethasone,0.9154572486877441,0.29944896697998047,source_2
dexamethasone,0.9244836568832397,0.20499181747436523,source_2
dexamethasone,0.9249939918518066,0.1524251103401184,source_2
dexamethasone,0.9359138607978821,0.15557503700256348,source_2
dexamethasone,0.9351152181625366,0.26325559616088867,source_2
dexamethasone,0.9385316371917725,0.1959627866744995,source_2
dexamethasone,0.9472618103027344,0.20468223094940186,source_2
dexamethasone,0.9951973557472229,0.23429375886917114,source_2
dexamethasone,0.9829486608505249,0.37774658203125,source_2
dexamethasone,0.9860420227050781,0.19842451810836792,source_2
dexamethasone,0.9914345741271973,0.2524237632751465,source_2
dexamethasone,1.0196418762207031,0.22786414623260498,source_2
dexamethasone,1.0343098640441895,0.19358456134796143,source_2
dexamethasone,1.044756293296814,0.21355164051055908,source_2
dexamethasone,1.0171494483947754,0.3062315583229065,source_2
dexamethasone,1.0302977561950684,0.20783233642578125,source_2
dexamethasone,1.0325887203216553,0.21466004848480225,source_2
dexamethasone,1.0321006774902344,0.2185666561126709,source_2
dexamethasone,1.1941498517990112,0.4269900918006897,source_2
dexamethasone,1.06875741481781,0.26198917627334595,source_2
dexamethasone,1.06747305393219,0.18829309940338135,source_2
dexamethasone,1.0756549835205078,0.20067071914672852,source_2
dexamethasone,1.09194016456604,0.20884323120117188,source_2
dexamethasone,1.0921874046325684,0.269112229347229,source_2
dexamethasone,1.0823276042938232,0.18484234809875488,source_2
dexamethasone,1.1047136783599854,0.20887398719787598,source_2
dexamethasone,1.1275585889816284,0.2141551971435547,source_2
dexamethasone,0.9875828623771667,0.18765902519226074,source_6
dexamethasone,0.9690775871276855,0.1914609670639038,source_6
dexamethasone,0.9294679164886475,0.23995625972747803,source_6
dexamethasone,0.9307568669319153,0.1975921392440796,source_6
dexamethasone,0.9414159655570984,0.2723546028137207,source_6
dexamethasone,0.9321046471595764,0.1953791379928589,source_6
dexamethasone,0.9419704079627991,0.22141993045806885,source_6
dexamethasone,0.9310316443443298,0.282676100730896,source_6
dexamethasone,0.9710522890090942,0.1854509711265564,source_6
dexamethasone,0.9549092650413513,0.12656521797180176,source_6
dexamethasone,0.9320846796035767,0.21738779544830322,source_6
dexamethasone,0.910632312297821,0.1620524525642395,source_6
dexamethasone,0.9261836409568787,0.16950196027755737,source_6
dexamethasone,0.913024365901947,0.17100286483764648,source_6
dexamethasone,0.9303575158119202,0.22147917747497559,source_6
dexamethasone,0.9747910499572754,0.1564241647720337,source_6
dexamethasone,0.8845386505126953,0.23806583881378174,source_6
dexamethasone,0.8792388439178467,0.194102942943573,source_6
dexamethasone,0.8884406089782715,0.1735846996307373,source_6
dexamethasone,0.8913818597793579,0.27674221992492676,source_6
dexamethasone,0.8768104910850525,0.19752085208892822,source_6
dexamethasone,0.9077911376953125,0.18800628185272217,source_6
dexamethasone,0.9072461128234863,0.1839735507965088,source_6
dexamethasone,0.8777554035186768,0.19528299570083618,source_6
dexamethasone,0.8615472912788391,0.2891920804977417,source_6
dexamethasone,0.8604143261909485,0.24985873699188232,source_6
dexamethasone,0.8678549528121948,0.21490943431854248,source_6
dexamethasone,0.8733618855476379,0.22656065225601196,source_6
dexamethasone,0.8917244076728821,0.18313848972320557,source_6
dexamethasone,0.8867327570915222,0.211861252784729,source_6
dexamethasone,0.8968932628631592,0.19808173179626465,source_6
dexamethasone,0.8910518288612366,0.21333599090576172,source_6
dexamethasone,0.8888673186302185,0.1806468963623047,source_6
dexamethasone,0.883137583732605,0.18951880931854248,source_6
dexamethasone,0.8801957964897156,0.20673930644989014,source_6
dexamethasone,0.8963082432746887,0.1950613260269165,source_6
dexamethasone,0.9335282444953918,0.16331976652145386,source_6
dexamethasone,0.9100169539451599,0.14167797565460205,source_6
dexamethasone,0.927730143070221,0.20265710353851318,source_6
dexamethasone,0.914759635925293,0.2063586711883545,source_6
dexamethasone,0.9314994215965271,0.18322086334228516,source_6
dexamethasone,0.9382925629615784,0.1624951958656311,source_6
dexamethasone,0.9431030750274658,0.15563201904296875,source_6
dexamethasone,0.9557077884674072,0.21621227264404297,source_6
dexamethasone,0.9156282544136047,0.17550963163375854,source_6
dexamethasone,0.8833410143852234,0.21493256092071533,source_6
dexamethasone,0.892914354801178,0.1786184310913086,source_6
dexamethasone,0.8816642761230469,0.23422789573669434,source_6
dexamethasone,0.9018277525901794,0.24031704664230347,source_6
dexamethasone,0.9080389738082886,0.21547937393188477,source_6
dexamethasone,0.9194785952568054,0.20281684398651123,source_6
dexamethasone,0.8955592513084412,0.1946682333946228,source_6
dexamethasone,0.8845133185386658,0.18712520599365234,source_6
dexamethasone,0.8615077137947083,0.15981197357177734,source_6
dexamethasone,0.8652416467666626,0.16505932807922363,source_6
dexamethasone,0.8873893618583679,0.16927438974380493,source_6
dexamethasone,0.9449164271354675,0.3006572723388672,source_6
dexamethasone,0.9309121966362,0.2770498991012573,source_6
dexamethasone,0.9293908476829529,0.28891754150390625,source_6
dexamethasone,0.94234299659729,0.24588429927825928,source_6
dexamethasone,0.9424647092819214,0.41317224502563477,source_6
dexamethasone,0.9386748671531677,0.2872747778892517,source_6
dexamethasone,0.9536768794059753,0.28077614307403564,source_6
dexamethasone,0.9141986966133118,0.24864065647125244,source_6
dexamethasone,0.8933819532394409,0.19670385122299194,source_6
dexamethasone,0.9176583290100098,0.2561523914337158,source_6
dexamethasone,0.9047401547431946,0.27402132749557495,source_6
dexamethasone,0.9068616032600403,0.3112054467201233,source_6
dexamethasone,0.9210564494132996,0.26045703887939453,source_6
dexamethasone,0.9211028218269348,0.33134573698043823,source_6
dexamethasone,0.921805202960968,0.26366865634918213,source_6
dexamethasone,0.9775531888008118,0.34671783447265625,source_6
dexamethasone,0.9664843678474426,0.26620030403137207,source_6
dexamethasone,0.9037936925888062,0.2047945261001587,source_6
dexamethasone,0.9099990725517273,0.25518321990966797,source_6
dexamethasone,0.9328910708427429,0.2342078685760498,source_6
dexamethasone,0.9171048998832703,0.21711665391921997,source_6
dexamethasone,0.9217126369476318,0.2962355613708496,source_6
dexamethasone,0.9366518259048462,0.2820438742637634,source_6
dexamethasone,0.9153289198875427,0.2988438606262207,source_6
dexamethasone,0.9125669598579407,0.23108738660812378,source_6
dexamethasone,0.9071902632713318,0.2912944555282593,source_6
dexamethasone,0.919581413269043,0.27753758430480957,source_6
dexamethasone,0.9236836433410645,0.20077675580978394,source_6
dexamethasone,0.9116888046264648,0.23614037036895752,source_6
dexamethasone,0.9003638625144958,0.2227630615234375,source_6
dexamethasone,0.9289759993553162,0.30187541246414185,source_6
dexamethasone,0.9521116614341736,0.27030009031295776,source_6
dexamethasone,0.9204267263412476,0.24911534786224365,source_6
dexamethasone,0.9213022589683533,0.3025892972946167,source_6
dexamethasone,0.93220055103302,0.3330714702606201,source_6
dexamethasone,0.9449268579483032,0.2355210781097412,source_6
dexamethasone,0.9422096610069275,0.2376447319984436,source_6
dexamethasone,0.9583530426025391,0.24080055952072144,source_6
dexamethasone,0.9391269683837891,0.1999254822731018,source_6
dexamethasone,1.045364260673523,0.1747983694076538,source_6
dexamethasone,1.0376017093658447,0.19439268112182617,source_6
dexamethasone,0.9992409944534302,0.2131134271621704,source_6
dexamethasone,0.9983330965042114,0.1483691930770874,source_6
dexamethasone,1.0089157819747925,0.18065547943115234,source_6
dexamethasone,0.9983081221580505,0.20596396923065186,source_6
dexamethasone,1.0162965059280396,0.1890707015991211,source_6
dexamethasone,0.9441982507705688,0.17677843570709229,source_6
dexamethasone,0.950977623462677,0.21296155452728271,source_6
dexamethasone,0.970402717590332,0.19785702228546143,source_6
dexamethasone,0.9458617568016052,0.1437395215034485,source_6
dexamethasone,0.930841326713562,0.20814001560211182,source_6
dexamethasone,0.9235552549362183,0.1965734362602234,source_6
dexamethasone,0.9290858507156372,0.191087007522583,source_6
dexamethasone,0.9458059072494507,0.20346641540527344,source_6
dexamethasone,1.0262858867645264,0.2473299503326416,source_6
dexamethasone,0.9226470589637756,0.2893558740615845,source_6
dexamethasone,0.9123364686965942,0.3314116597175598,source_6
dexamethasone,0.8855107426643372,0.1791030764579773,source_6
dexamethasone,0.9139220714569092,0.339804470539093,source_6
dexamethasone,0.8502560257911682,0.3184433579444885,source_6
dexamethasone,0.8636308312416077,0.25075721740722656,source_6
dexamethasone,0.8831206560134888,0.35993629693984985,source_6
dexamethasone,0.8823503255844116,0.29994070529937744,source_6
dexamethasone,0.8804886341094971,0.6803317666053772,source_6
dexamethasone,0.8848413825035095,0.2620178461074829,source_6
dexamethasone,0.8818726539611816,0.3609609603881836,source_6
dexamethasone,0.8969539403915405,0.356151819229126,source_6
dexamethasone,0.9072041511535645,0.2774466276168823,source_6
dexamethasone,0.9005616307258606,0.256575345993042,source_6
dexamethasone,0.9279975295066833,0.24046695232391357,source_6
dexamethasone,0.9136485457420349,0.2430964708328247,source_6
dexamethasone,0.851645827293396,0.2891157865524292,source_6
dexamethasone,0.8470475673675537,0.3228219747543335,source_6
dexamethasone,0.8381161093711853,0.24510633945465088,source_6
dexamethasone,0.8515269160270691,0.24760079383850098,source_6
dexamethasone,0.8564513921737671,0.2770824432373047,source_6
dexamethasone,0.867660641670227,0.35994160175323486,source_6
dexamethasone,0.8880574107170105,0.3564867377281189,source_6
dexamethasone,0.8532392978668213,0.2278914451599121,source_6
dexamethasone,0.8451563119888306,0.25008636713027954,source_6
dexamethasone,0.8487455248832703,0.308962345123291,source_6
dexamethasone,0.8576387763023376,0.3180505037307739,source_6
dexamethasone,0.8446177840232849,0.3331204056739807,source_6
dexamethasone,0.9467216730117798,0.20001661777496338,source_6
dexamethasone,0.9404508471488953,0.25572794675827026,source_6
dexamethasone,0.9481207132339478,0.24560296535491943,source_6
dexamethasone,0.9471482634544373,0.3605310916900635,source_6
dexamethasone,0.9438918232917786,0.21660470962524414,source_6
dexamethasone,0.9394038319587708,0.21953421831130981,source_6
dexamethasone,0.9658015370368958,0.23985522985458374,source_6
dexamethasone,0.9192186594009399,0.2864886522293091,source_6
dexamethasone,0.9437753558158875,0.25417470932006836,source_6
dexamethasone,0.9195136427879333,0.27813422679901123,source_6
dexamethasone,0.9230955839157104,0.22551488876342773,source_6
dexamethasone,0.9567211270332336,0.19839274883270264,source_6
dexamethasone,0.9521952271461487,0.22708135843276978,source_6
dexamethasone,0.9426183104515076,0.19225364923477173,source_6
dexamethasone,0.9057161808013916,0.23395150899887085,source_6
dexamethasone,0.9199166893959045,0.2368309497833252,source_6
dexamethasone,0.9180125594139099,0.25370848178863525,source_6
dexamethasone,0.8813466429710388,0.2424718737602234,source_6
dexamethasone,0.8818365931510925,0.2870345115661621,source_6
dexamethasone,0.8895772695541382,0.2612677216529846,source_6
dexamethasone,0.9035123586654663,0.2236979603767395,source_6
dexamethasone,0.8999499082565308,0.2395678162574768,source_6
dexamethasone,0.933915913105011,0.2759302854537964,source_6
dexamethasone,0.9273735284805298,0.2226710319519043,source_6
dexamethasone,0.9235552549362183,0.217290461063385,source_6
dexamethasone,0.9339292645454407,0.2605236768722534,source_6
dexamethasone,0.9186457395553589,0.2829798460006714,source_6
dexamethasone,0.9180110692977905,0.26923245191574097,source_6
dexamethasone,0.9340420365333557,0.24937379360198975,source_6
dexamethasone,0.9566152691841125,0.2795090675354004,source_6
dexamethasone,0.9480758309364319,0.26427125930786133,source_6
dexamethasone,0.9532966017723083,0.26850807666778564,source_6
dexamethasone,0.9714323878288269,0.27217233180999756,source_6
dexamethasone,0.9936434030532837,0.2685058116912842,source_6
dexamethasone,0.8326422572135925,0.2073659896850586,source_6
dexamethasone,0.8577989339828491,0.33666062355041504,source_6
dexamethasone,0.8284213542938232,0.1470518708229065,source_6
dexamethasone,0.8137025237083435,0.22743380069732666,source_6
dexamethasone,0.8355607390403748,0.21002936363220215,source_6
dexamethasone,0.8576772809028625,0.23824697732925415,source_6
dexamethasone,0.8615961074829102,0.24544286727905273,source_6
dexamethasone,0.8784698247909546,0.2844921350479126,source_6
dexamethasone,0.8396720290184021,0.17384719848632812,source_6
dexamethasone,0.934228241443634,0.2413765788078308,source_6
dexamethasone,0.9232168793678284,0.2249472737312317,source_6
dexamethasone,0.913551926612854,0.24522262811660767,source_6
dexamethasone,0.9087904095649719,0.2218090295791626,source_6
dexamethasone,0.9127599596977234,0.2231907844543457,source_6
dexamethasone,0.9075224995613098,0.2508658170700073,source_6
dexamethasone,0.910495400428772,0.2047608494758606,source_6
dexamethasone,0.9082393050193787,0.2137451171875,source_6
dexamethasone,0.9190161824226379,0.22616815567016602,source_6
dexamethasone,0.9470386505126953,0.18776750564575195,source_6
dexamethasone,0.9415091276168823,0.21112215518951416,source_6
dexamethasone,0.9329204559326172,0.22181063890457153,source_6
dexamethasone,0.933239221572876,0.16727125644683838,source_6
dexamethasone,0.9403699040412903,0.1986778974533081,source_6
dexamethasone,0.9364833235740662,0.20400571823120117,source_6
dexamethasone,0.9530637860298157,0.17152953147888184,source_6
dexamethasone,0.9588328003883362,0.23136675357818604,source_6
dexamethasone,0.973656952381134,0.24139082431793213,source_6
dexamethasone,0.9627459645271301,0.24624687433242798,source_6
dexamethasone,0.9661443829536438,0.24546200037002563,source_6
dexamethasone,0.976225733757019,0.2566160559654236,source_6
dexamethasone,0.9758988618850708,0.3257865309715271,source_6
dexamethasone,0.9409775137901306,0.1895340085029602,source_6
dexamethasone,0.9335401654243469,0.1874328851699829,source_6
dexamethasone,0.9162108898162842,0.24622654914855957,source_6
dexamethasone,0.9223672747612,0.2405012845993042,source_6
dexamethasone,0.9122447371482849,0.2611587643623352,source_6
dexamethasone,0.7340586185455322,0.24683117866516113,source_8
dexamethasone,0.9281929731369019,0.2849842309951782,source_8
dexamethasone,0.8744111061096191,0.274055540561676,source_8
dexamethasone,0.6836337447166443,0.28228557109832764,source_8
dexamethasone,0.827415406703949,0.3466794490814209,source_8
dexamethasone,0.6629169583320618,0.25017035007476807,source_8
dexamethasone,1.141701340675354,0.6898029446601868,source_8
dexamethasone,0.61981600522995,0.19600260257720947,source_8
dexamethasone,0.7947167158126831,0.2365317940711975,source_8
dexamethasone,0.6120732426643372,0.2396472692489624,source_8
dexamethasone,0.7524213790893555,0.40050208568573,source_8
dexamethasone,0.5880542397499084,0.23253238201141357,source_8
dexamethasone,0.7342283725738525,0.2064511775970459,source_8
dexamethasone,0.5995533466339111,0.21887671947479248,source_8
dexamethasone,0.7503295540809631,0.2715846300125122,source_8
dexamethasone,0.58113694190979,0.21500647068023682,source_8
dexamethasone,0.7421464920043945,0.21419131755828857,source_8
dexamethasone,0.5827152729034424,0.21615159511566162,source_8
dexamethasone,0.7234045267105103,0.19665777683258057,source_8
dexamethasone,0.5994588732719421,0.16066986322402954,source_8
dexamethasone,0.7209023833274841,0.26713502407073975,source_8
dexamethasone,0.5669990181922913,0.19496303796768188,source_8
dexamethasone,0.7186117172241211,0.26104509830474854,source_8
dexamethasone,0.5934810638427734,0.2467135190963745,source_8
dexamethasone,0.7073437571525574,0.20955562591552734,source_8
dexamethasone,0.5643445253372192,0.22529244422912598,source_8
dexamethasone,0.7228564023971558,0.17147672176361084,source_8
dexamethasone,0.5791866779327393,0.21129125356674194,source_8
dexamethasone,0.8812059164047241,0.5082823932170868,source_8
dexamethasone,0.5759458541870117,0.41459929943084717,source_8
dexamethasone,0.809643566608429,0.18277347087860107,source_8
dexamethasone,0.5675411224365234,0.2129749059677124,source_8
dexamethasone,0.7830514311790466,0.20108163356781006,source_8
dexamethasone,0.5406150817871094,0.20772361755371094,source_8
dexamethasone,0.7282206416130066,0.190129816532135,source_8
dexamethasone,0.5641313195228577,0.18452072143554688,source_8
dexamethasone,0.7210825681686401,0.2198190689086914,source_8
dexamethasone,0.5957756042480469,0.20485758781433105,source_8
dexamethasone,0.7840587496757507,0.2136932611465454,source_8
dexamethasone,0.5595481395721436,0.19285649061203003,source_8
dexamethasone,0.7442046999931335,0.2400493621826172,source_8
dexamethasone,0.5465141534805298,0.20814234018325806,source_8
dexamethasone,0.7456681728363037,0.19949740171432495,source_8
dexamethasone,0.5528202652931213,0.2988027334213257,source_8
dexamethasone,0.7208882570266724,0.1899254322052002,source_8
dexamethasone,0.5667109489440918,0.18345320224761963,source_8
dexamethasone,0.789992094039917,0.3506348133087158,source_8
dexamethasone,0.9781021475791931,0.23321551084518433,source_8
dexamethasone,0.7291496992111206,0.4834634065628052,source_8
dexamethasone,0.8962234258651733,0.24308454990386963,source_8
dexamethasone,0.7242303490638733,0.22068583965301514,source_8
dexamethasone,0.9092778563499451,0.2575382590293884,source_8
dexamethasone,0.6261014938354492,0.23691225051879883,source_8
dexamethasone,0.8117229342460632,0.2647840976715088,source_8
dexamethasone,0.6956148147583008,0.24376511573791504,source_8
dexamethasone,0.9393864870071411,0.23758244514465332,source_8
dexamethasone,0.677232027053833,0.20256364345550537,source_8
dexamethasone,0.9168741106987,0.24453812837600708,source_8
dexamethasone,0.6750360131263733,0.2521677017211914,source_8
dexamethasone,0.8587704300880432,0.19634759426116943,source_8
dexamethasone,0.6376339793205261,0.2857203483581543,source_8
dexamethasone,0.8413451313972473,0.16233456134796143,source_8
dexamethasone,0.6345636248588562,0.2345125675201416,source_8
dexamethasone,0.7998962998390198,0.2990589141845703,source_8
dexamethasone,0.6245207786560059,0.22819387912750244,source_8
dexamethasone,0.8124527931213379,0.25514012575149536,source_8
dexamethasone,0.6152032017707825,0.19619649648666382,source_8
dexamethasone,0.818236768245697,0.1955500841140747,source_8
dexamethasone,0.6120657324790955,0.2331351637840271,source_8
dexamethasone,0.8017855882644653,0.2329692840576172,source_8
dexamethasone,0.6246873140335083,0.16086459159851074,source_8
dexamethasone,0.7827420830726624,0.21582865715026855,source_8
dexamethasone,0.6253777742385864,0.2015131115913391,source_8
dexamethasone,0.8083148002624512,0.24330008029937744,source_8
dexamethasone,0.6347422003746033,0.21248531341552734,source_8
dexamethasone,0.8389586806297302,0.2347860336303711,source_8
dexamethasone,0.607815146446228,0.17220479249954224,source_8
dexamethasone,0.8238356113433838,0.2983173131942749,source_8
dexamethasone,0.6136397123336792,0.19562435150146484,source_8
dexamethasone,0.817761242389679,0.14481818675994873,source_8
dexamethasone,0.6401637196540833,0.13472795486450195,source_8
dexamethasone,0.8273544907569885,0.16370028257369995,source_8
dexamethasone,0.6384966373443604,0.1328730583190918,source_8
dexamethasone,0.6212508678436279,0.1745988130569458,source_8
dexamethasone,0.8633613586425781,0.2021607756614685,source_8
dexamethasone,0.623217761516571,0.20441699028015137,source_8
dexamethasone,0.646845817565918,0.18602097034454346,source_8
dexamethasone,0.8365171551704407,0.20481747388839722,source_8
dexamethasone,0.6473516821861267,0.1999739408493042,source_8
dexamethasone,0.8955092430114746,0.21734696626663208,source_8
dexamethasone,0.6421003937721252,0.19280922412872314,source_8
dexamethasone,0.9293414950370789,0.16737735271453857,source_8
dexamethasone,0.808430552482605,0.32987499237060547,source_8
dexamethasone,1.0716115236282349,0.31567227840423584,source_8
dexamethasone,0.7956074476242065,0.2834317684173584,source_8
dexamethasone,1.0040770769119263,0.3850975036621094,source_8
dexamethasone,0.7419978380203247,0.33155012130737305,source_8
dexamethasone,0.9705765247344971,0.3517085313796997,source_8
dexamethasone,0.7194200754165649,0.22374069690704346,source_8
dexamethasone,0.9190186858177185,0.20809781551361084,source_8
dexamethasone,0.656783938407898,0.2813146114349365,source_8
dexamethasone,0.9340088367462158,0.21782976388931274,source_8
dexamethasone,0.6373874545097351,0.24400591850280762,source_8
dexamethasone,0.8514571785926819,0.17944097518920898,source_8
dexamethasone,0.6114959716796875,0.17813420295715332,source_8
dexamethasone,0.8959174752235413,0.30277764797210693,source_8
dexamethasone,0.6442720293998718,0.20472872257232666,source_8
dexamethasone,0.6455619931221008,0.2344985008239746,source_8
dexamethasone,0.8515380024909973,0.2565063238143921,source_8
dexamethasone,0.7320777773857117,0.19051897525787354,source_8
dexamethasone,0.974041223526001,0.22815406322479248,source_8
dexamethasone,0.6942538619041443,0.19711852073669434,source_8
dexamethasone,0.9259143471717834,0.3012933135032654,source_8
dexamethasone,0.6753620505332947,0.24387061595916748,source_8
dexamethasone,0.8616188764572144,0.16959643363952637,source_8
dexamethasone,0.6490331292152405,0.23124969005584717,source_8
dexamethasone,0.8244113326072693,0.2354590892791748,source_8
dexamethasone,0.6451765894889832,0.24460536241531372,source_8
dexamethasone,0.824501633644104,0.3477681875228882,source_8
dexamethasone,0.6414192914962769,0.2241746187210083,source_8
dexamethasone,0.8471817374229431,0.2135707139968872,source_8
dexamethasone,0.6399927139282227,0.19123393297195435,source_8
dexamethasone,0.6379532814025879,0.16241151094436646,source_8
dexamethasone,0.6346341967582703,0.22852766513824463,source_8
dexamethasone,0.8353796601295471,0.18026447296142578,source_8
dexamethasone,0.6328305006027222,0.22768425941467285,source_8
dexamethasone,0.8324345946311951,0.2591322064399719,source_8
dexamethasone,0.6264567375183105,0.2085639238357544,source_8
dexamethasone,0.7979576587677002,0.19249647855758667,source_8
dexamethasone,0.6121832728385925,0.2401115894317627,source_8
dexamethasone,0.8236252665519714,0.33637189865112305,source_8
dexamethasone,0.5995004177093506,0.18480366468429565,source_8
dexamethasone,0.8630850315093994,0.17368245124816895,source_8
dexamethasone,0.6268372535705566,0.22221195697784424,source_8
dexamethasone,0.8871863484382629,0.18971383571624756,source_8
dexamethasone,0.6401596665382385,0.20284998416900635,source_8
dexamethasone,0.9157595038414001,0.17022323608398438,source_8
dexamethasone,0.9101373553276062,0.22737061977386475,source_8
dexamethasone,0.8597490191459656,0.20312285423278809,source_8
dexamethasone,0.6418514251708984,0.1882237195968628,source_8
dexamethasone,0.6359990239143372,0.2319267988204956,source_8
dexamethasone,0.8515469431877136,0.21546566486358643,source_8
dexamethasone,0.615717351436615,0.1868581771850586,source_8
dexamethasone,0.8745982050895691,0.19236695766448975,source_8
dexamethasone,0.800573468208313,0.2534400224685669,source_8
dexamethasone,1.0859400033950806,0.27513962984085083,source_8
dexamethasone,1.1179872751235962,0.3436625599861145,source_8
dexamethasone,0.8009933233261108,0.36334967613220215,source_8
dexamethasone,0.9842972159385681,0.34007763862609863,source_8
dexamethasone,0.7341738939285278,0.22146958112716675,source_8
dexamethasone,0.9785498380661011,0.2573525905609131,source_8
dexamethasone,0.7541295886039734,0.2484227418899536,source_8
dexamethasone,1.0062987804412842,0.27133452892303467,source_8
dexamethasone,0.7322285175323486,0.3074406385421753,source_8
dexamethasone,0.9917340874671936,0.2217235565185547,source_8
dexamethasone,0.7015195488929749,0.3088127374649048,source_8
dexamethasone,0.9000590443611145,0.37968552112579346,source_8
dexamethasone,0.6762839555740356,0.47139233350753784,source_8
dexamethasone,0.9153687953948975,0.2972220182418823,source_8
dexamethasone,0.677830159664154,0.21084129810333252,source_8
dexamethasone,0.9002791047096252,0.3460817337036133,source_8
dexamethasone,0.6683627963066101,0.23076790571212769,source_8
dexamethasone,0.8880885243415833,0.26282548904418945,source_8
dexamethasone,0.861159086227417,0.30338430404663086,source_8
dexamethasone,0.656656801700592,0.22842448949813843,source_8
dexamethasone,0.8832257986068726,0.20689070224761963,source_8
dexamethasone,0.6445432901382446,0.20913243293762207,source_8
dexamethasone,0.8566056489944458,0.2669193148612976,source_8
dexamethasone,0.6437320709228516,0.1923796534538269,source_8
dexamethasone,0.859661340713501,0.22930943965911865,source_8
dexamethasone,0.6306006908416748,0.20833027362823486,source_8
dexamethasone,0.8656826615333557,0.20086824893951416,source_8
dexamethasone,0.6393658518791199,0.2781667709350586,source_8
dexamethasone,0.8475890755653381,0.28617942333221436,source_8
dexamethasone,0.6475273370742798,0.2341809868812561,source_8
dexamethasone,0.8592355251312256,0.21681249141693115,source_8
dexamethasone,0.6890464425086975,0.28172361850738525,source_8
dexamethasone,0.7212410569190979,0.2715473175048828,source_8
dexamethasone,0.6291778087615967,0.24559283256530762,source_8
dexamethasone,0.9086681604385376,0.3383876085281372,source_8
dexamethasone,0.6139785647392273,0.23054426908493042,source_8
dexamethasone,0.8763331770896912,0.36503857374191284,source_8
dexamethasone,0.6310015320777893,0.20997154712677002,source_8
dexamethasone,0.8302111029624939,0.21368050575256348,source_8
dexamethasone,0.6375564932823181,0.28041088581085205,source_8
dexamethasone,0.868700385093689,0.25684332847595215,source_8
dexamethasone,0.6318729519844055,0.22892218828201294,source_8
dexamethasone,0.8983975648880005,0.21181833744049072,source_8
dexamethasone,0.6207162141799927,0.2349320650100708,source_8
dexamethasone,0.8894177675247192,0.2130226492881775,source_8
dexamethasone,0.6107983589172363,0.2142632007598877,source_8
dexamethasone,0.8529881238937378,0.2764438986778259,source_8
dexamethasone,0.6323885917663574,0.17884564399719238,source_8
dexamethasone,0.8587661981582642,0.28507059812545776,source_8
dexamethasone,0.6178416609764099,0.1987971067428589,source_8
dexamethasone,0.5996682643890381,0.9556583166122437,source_3
dexamethasone,0.6230122447013855,0.9078484624624252,source_3
dexamethasone,0.6198635697364807,0.6603036820888519,source_3
dexamethasone,0.5535006523132324,1.0515595227479935,source_3
dexamethasone,0.5684861540794373,0.9907981362193823,source_3
dexamethasone,0.5893366932868958,0.7961342334747314,source_3
dexamethasone,0.6120830178260803,0.6723300814628601,source_3
dexamethasone,0.5705263018608093,1.0343082137405872,source_3
dexamethasone,0.609998345375061,0.9433904737234116,source_3
dexamethasone,0.6559404134750366,1.0882777571678162,source_3
dexamethasone,0.5970445275306702,0.8429363071918488,source_3
dexamethasone,0.6096326112747192,0.9984103962779045,source_3
dexamethasone,0.6540133357048035,1.0064200274646282,source_3
dexamethasone,0.5403845906257629,0.6937187314033508,source_3
dexamethasone,0.5891312956809998,0.8824222236871719,source_3
dexamethasone,0.6610137820243835,0.8559836894273758,source_3
dexamethasone,0.6155496835708618,0.9236309826374054,source_3
dexamethasone,0.5190552473068237,0.7528498768806458,source_3
dexamethasone,0.5894386768341064,1.0509467907249928,source_3
dexamethasone,0.7352344989776611,0.8275308459997177,source_3
dexamethasone,0.735124945640564,1.018857091665268,source_3
dexamethasone,0.6886591911315918,0.2514253854751587,source_5
dexamethasone,0.682624101638794,0.17403417825698853,source_5
dexamethasone,0.6946238279342651,0.13918554782867432,source_5
dexamethasone,0.6895954012870789,0.17271661758422852,source_5
dexamethasone,0.6868112087249756,0.15854650735855103,source_5
dexamethasone,0.6914821863174438,0.20933854579925537,source_5
dexamethasone,0.700269341468811,0.20975029468536377,source_5
dexamethasone,0.7060083150863647,0.17156654596328735,source_5
dexamethasone,0.696448028087616,0.1847999095916748,source_5
dexamethasone,0.7034600377082825,0.15477770566940308,source_5
dexamethasone,0.705940842628479,0.19154131412506104,source_5
dexamethasone,0.6928442120552063,0.12556803226470947,source_5
dexamethasone,0.7024758458137512,0.24872779846191406,source_5
dexamethasone,0.6998400092124939,0.23633593320846558,source_5
dexamethasone,0.6938983798027039,0.2617795467376709,source_5
dexamethasone,0.6838425397872925,0.14373904466629028,source_5
dexamethasone,0.6828692555427551,0.16720592975616455,source_5
dexamethasone,0.695300281047821,0.13493376970291138,source_5
dexamethasone,0.6821972131729126,0.26376956701278687,source_5
dexamethasone,0.677436888217926,0.18050086498260498,source_5
dexamethasone,0.6703794002532959,0.17518234252929688,source_5
dexamethasone,0.6843375563621521,0.19983476400375366,source_5
dexamethasone,0.6909279227256775,0.13540083169937134,source_5
dexamethasone,0.6971735954284668,0.23281848430633545,source_5
dexamethasone,0.692138671875,0.31292635202407837,source_5
dexamethasone,0.7211413979530334,0.1439456343650818,source_5
dexamethasone,0.7222829461097717,0.14768993854522705,source_5
dexamethasone,0.7266436219215393,0.1655675172805786,source_5
dexamethasone,0.7148712277412415,0.18892216682434082,source_5
dexamethasone,0.7015231251716614,0.20549499988555908,source_5
dexamethasone,0.6643915176391602,0.17987853288650513,source_5
dexamethasone,0.6739948391914368,0.12438791990280151,source_5
dexamethasone,0.6810452342033386,0.15127265453338623,source_5
dexamethasone,0.6974601149559021,0.1949862241744995,source_5
dexamethasone,0.704286515712738,0.1819312572479248,source_5
dexamethasone,0.6979945302009583,0.28932106494903564,source_5
dexamethasone,0.6728981137275696,0.15163159370422363,source_5
dexamethasone,0.6783417463302612,0.1536538004875183,source_5
dexamethasone,0.6862267851829529,0.20314478874206543,source_5
dexamethasone,0.6822279691696167,0.16803550720214844,source_5
dexamethasone,0.6885761022567749,0.2684895992279053,source_5
dexamethasone,0.6852564215660095,0.1376328468322754,source_5
dexamethasone,0.6718346476554871,0.17626309394836426,source_5
dexamethasone,0.692543625831604,0.2343205213546753,source_5
dexamethasone,0.6524384617805481,0.1638331413269043,source_5
dexamethasone,0.6517457365989685,0.286639928817749,source_5
dexamethasone,0.6591514348983765,0.2019411325454712,source_5
dexamethasone,0.6579924821853638,0.17941701412200928,source_5
dexamethasone,0.6551392078399658,0.2126559019088745,source_5
dexamethasone,0.6662417054176331,0.21419310569763184,source_5
dexamethasone,0.6674573421478271,0.2366088628768921,source_5
dexamethasone,0.6734402179718018,0.198921799659729,source_5
dexamethasone,0.7260584831237793,0.24806785583496094,source_5
dexamethasone,0.7158082127571106,0.2096034288406372,source_5
dexamethasone,0.7205216288566589,0.1939355731010437,source_5
dexamethasone,0.7211717963218689,0.20175880193710327,source_5
dexamethasone,0.6999331116676331,0.24130642414093018,source_5
dexamethasone,0.7132751941680908,0.28045976161956787,source_5
dexamethasone,0.7207156419754028,0.15755468606948853,source_5
dexamethasone,0.7112074494361877,0.18399208784103394,source_5
dexamethasone,0.6738078594207764,0.16685926914215088,source_5
dexamethasone,0.6701700687408447,0.1428818702697754,source_5
dexamethasone,0.673568844795227,0.15053898096084595,source_5
dexamethasone,0.6641220450401306,0.1704084277153015,source_5
dexamethasone,0.6676461696624756,0.18524420261383057,source_5
dexamethasone,0.6808179020881653,0.22531276941299438,source_5
dexamethasone,0.6533839106559753,0.17058312892913818,source_5
dexamethasone,0.6532665491104126,0.16433197259902954,source_5
dexamethasone,0.6587871313095093,0.2063581943511963,source_5
dexamethasone,0.6609733700752258,0.358680784702301,source_5
dexamethasone,0.6649209260940552,0.160053551197052,source_5
dexamethasone,0.654924213886261,0.19431036710739136,source_5
dexamethasone,0.6577163338661194,0.25390827655792236,source_5
dexamethasone,0.6605387330055237,0.16412222385406494,source_5
dexamethasone,0.6479352712631226,0.1642773151397705,source_5
dexamethasone,0.6495640873908997,0.16408240795135498,source_5
dexamethasone,0.6494491696357727,0.14613854885101318,source_5
dexamethasone,0.6256919503211975,0.16416513919830322,source_5
dexamethasone,0.6302260756492615,0.15953373908996582,source_5
dexamethasone,0.6367409229278564,0.15191125869750977,source_5
dexamethasone,0.6306893229484558,0.11122488975524902,source_5
dexamethasone,0.6332005858421326,0.1705208420753479,source_5
dexamethasone,0.6413710117340088,0.18786919116973877,source_5
dexamethasone,0.6389178037643433,0.11817431449890137,source_5
dexamethasone,0.6599479913711548,0.1492760181427002,source_5
dexamethasone,0.6775903105735779,0.16429519653320312,source_5
dexamethasone,0.6725478768348694,0.1514793038368225,source_5
dexamethasone,0.656105637550354,0.1438688039779663,source_5
dexamethasone,0.6593345999717712,0.11349058151245117,source_5
dexamethasone,0.6568967700004578,0.13241565227508545,source_5
dexamethasone,0.6282676458358765,0.19519460201263428,source_5
dexamethasone,0.6319606304168701,0.21452009677886963,source_5
dexamethasone,0.6386500597000122,0.2096472978591919,source_5
dexamethasone,0.6329352259635925,0.1772928237915039,source_5
dexamethasone,0.6326931118965149,0.2108933925628662,source_5
dexamethasone,0.6430453658103943,0.1704779863357544,source_5
dexamethasone,0.6481317281723022,0.11719340085983276,source_5
dexamethasone,0.661342442035675,0.5285472273826599,source_5
dexamethasone,0.6603527069091797,0.16752469539642334,source_5
dexamethasone,0.6584030389785767,0.21030199527740479,source_5
dexamethasone,0.6452168226242065,0.21112024784088135,source_5
dexamethasone,0.651069164276123,0.205641508102417,source_5
dexamethasone,0.6657274961471558,0.22638988494873047,source_5
dexamethasone,0.661785900592804,0.17222094535827637,source_5
dexamethasone,0.6645241379737854,0.19447147846221924,source_5
dexamethasone,0.6599166393280029,0.26737916469573975,source_5
dexamethasone,0.6285086870193481,0.1429956555366516,source_5
dexamethasone,0.6332676410675049,0.1983194351196289,source_5
dexamethasone,0.6983906030654907,0.2174668312072754,source_5
dexamethasone,0.6984323859214783,0.1467435359954834,source_5
dexamethasone,0.7044170498847961,0.1869099736213684,source_5
dexamethasone,0.678826093673706,0.17922770977020264,source_5
dexamethasone,0.6966452598571777,0.2411225438117981,source_5
dexamethasone,0.6865890026092529,0.21510708332061768,source_5
dexamethasone,0.6823027729988098,0.20562469959259033,source_5
dexamethasone,0.6904852390289307,0.2605735659599304,source_5
dexamethasone,0.6870647072792053,0.2986857295036316,source_5
dexamethasone,0.6681134700775146,0.18278563022613525,source_5
dexamethasone,0.6844095587730408,0.2619144320487976,source_5
dexamethasone,0.6810087561607361,0.2117556929588318,source_5
dexamethasone,0.6821924448013306,0.2204393744468689,source_5
dexamethasone,0.6792736053466797,0.2457597255706787,source_5
dexamethasone,0.6856545805931091,0.23886454105377197,source_5
dexamethasone,0.6923719644546509,0.14918440580368042,source_5
dexamethasone,0.7054017782211304,0.2587801218032837,source_5
dexamethasone,0.6780983209609985,0.21743881702423096,source_5
dexamethasone,0.6978553533554077,0.26418638229370117,source_5
dexamethasone,0.6267969012260437,0.1353718638420105,source_5
dexamethasone,0.6302157640457153,0.11308056116104126,source_5
dexamethasone,0.6486083269119263,0.19256532192230225,source_5
dexamethasone,0.6369785070419312,0.1830378770828247,source_5
dexamethasone,0.6401369571685791,0.19360864162445068,source_5
dexamethasone,0.6424005627632141,0.17907404899597168,source_5
dexamethasone,0.6410953998565674,0.2284945249557495,source_5
dexamethasone,0.6419905424118042,0.11887043714523315,source_5
dexamethasone,0.6580125689506531,0.15357935428619385,source_5
dexamethasone,0.6566631197929382,0.17980533838272095,source_5
dexamethasone,0.6529250144958496,0.1207430362701416,source_5
dexamethasone,0.6548436880111694,0.16246628761291504,source_5
dexamethasone,0.6579908132553101,0.12271523475646973,source_5
dexamethasone,0.6642143726348877,0.15950262546539307,source_5
dexamethasone,0.6617921590805054,0.1876823902130127,source_5
dexamethasone,0.6614917516708374,0.2400950789451599,source_5
dexamethasone,0.65839684009552,0.2053247094154358,source_5
dexamethasone,0.6623432636260986,0.17691028118133545,source_5
dexamethasone,0.6707444787025452,0.2197800874710083,source_5
dexamethasone,0.6726229190826416,0.21457970142364502,source_5
dexamethasone,0.6686863303184509,0.19917833805084229,source_5
dexamethasone,0.6717250347137451,0.22885644435882568,source_5
dexamethasone,0.6712784171104431,0.1924225091934204,source_5
dexamethasone,0.6753908395767212,0.15732550621032715,source_5
dexamethasone,0.678800642490387,0.13436567783355713,source_5
dexamethasone,0.6829452514648438,0.22412395477294922,source_5
dexamethasone,0.6713822484016418,0.15371668338775635,source_5
dexamethasone,0.678307831287384,0.17406797409057617,source_5
dexamethasone,0.6809439659118652,0.3584246039390564,source_5
dexamethasone,0.6736052632331848,0.1751117706298828,source_5
dexamethasone,0.6739484071731567,0.1969253420829773,source_5
dexamethasone,0.6853549480438232,0.1644381880760193,source_5
dexamethasone,0.6801620721817017,0.2066185474395752,source_5
dexamethasone,0.6875477433204651,0.19368839263916016,source_5
dexamethasone,0.6794896125793457,0.15815627574920654,source_5
dexamethasone,0.688766598701477,0.19874000549316406,source_5
dexamethasone,0.6836733222007751,0.1369306445121765,source_5
dexamethasone,0.6978744268417358,0.15344655513763428,source_5
dexamethasone,0.6790773868560791,0.15214449167251587,source_5
dexamethasone,0.6789159178733826,0.21034181118011475,source_5
dexamethasone,0.6818345785140991,0.21278953552246094,source_5
dexamethasone,0.6839433312416077,0.11686885356903076,source_5
dexamethasone,0.695559561252594,0.12492537498474121,source_5
dexamethasone,0.69586181640625,0.1328534483909607,source_5
dexamethasone,0.7005262970924377,0.14423882961273193,source_5
dexamethasone,0.6848046183586121,0.14372169971466064,source_5
dexamethasone,0.698492705821991,0.1347733736038208,source_5
dexamethasone,0.6986687779426575,0.2935674786567688,source_5
dexamethasone,0.6983036994934082,0.24914181232452393,source_5
dexamethasone,0.7037301063537598,0.1930212378501892,source_5
dexamethasone,0.7017300128936768,0.2099786400794983,source_5
dexamethasone,0.6948624849319458,0.22888004779815674,source_5
dexamethasone,0.6963965892791748,0.2205398678779602,source_5
dexamethasone,0.6985854506492615,0.14409112930297852,source_5
dexamethasone,0.7257619500160217,0.19787174463272095,source_5
dexamethasone,0.7248404026031494,0.21634739637374878,source_5
dexamethasone,0.7338423132896423,0.22473061084747314,source_5
dexamethasone,0.7215590476989746,0.18997561931610107,source_5
dexamethasone,0.6921917200088501,0.2217615842819214,source_5
dexamethasone,0.6870286464691162,0.17847144603729248,source_5
dexamethasone,0.6961726546287537,0.14478766918182373,source_5
dexamethasone,0.7026640772819519,0.28588569164276123,source_5
dexamethasone,0.7017874121665955,0.2034893035888672,source_5
dexamethasone,0.7006317377090454,0.16519761085510254,source_5
dexamethasone,0.6417679786682129,0.12644803524017334,source_5
dexamethasone,0.645996630191803,0.15001976490020752,source_5
dexamethasone,0.6439048051834106,0.16344624757766724,source_5
dexamethasone,0.6515172123908997,0.25984448194503784,source_5
dexamethasone,0.6710565090179443,0.22408968210220337,source_5
dexamethasone,0.6582479476928711,0.19766104221343994,source_5
dexamethasone,0.5836070775985718,0.332271933555603,source_3
dexamethasone,0.5981117486953735,0.32925641536712646,source_3
dexamethasone,0.6031301617622375,0.23752373456954956,source_3
dexamethasone,0.5961374044418335,0.44219261407852173,source_3
dexamethasone,0.7165937423706055,0.2599167823791504,source_3
dexamethasone,0.7270040512084961,0.2323472499847412,source_3
dexamethasone,0.6479475498199463,0.32629287242889404,source_3
dexamethasone,0.5926424264907837,0.49456536769866943,source_3
dexamethasone,0.6238167881965637,0.27461886405944824,source_3
dexamethasone,0.6392449140548706,0.24812555313110352,source_3
dexamethasone,0.6282803416252136,0.3171153664588928,source_3
dexamethasone,0.6639497876167297,0.2912193536758423,source_3
dexamethasone,0.6040899753570557,0.22421765327453613,source_3
dexamethasone,0.6134955883026123,0.313981294631958,source_3
dexamethasone,0.6753056049346924,0.2946176528930664,source_3
dexamethasone,0.6769551038742065,0.3215770721435547,source_3
dexamethasone,0.6655948758125305,0.3225611448287964,source_3
dexamethasone,0.6651871204376221,0.4193228483200073,source_3
dexamethasone,0.6386991143226624,0.32923591136932373,source_3
dexamethasone,0.6725649833679199,0.3809010982513428,source_3
dexamethasone,0.5207311511039734,0.2469477653503418,source_3
dexamethasone,0.5782876014709473,0.3919546604156494,source_3
dexamethasone,0.5702030062675476,0.314891517162323,source_3
dexamethasone,0.5992295145988464,0.4021339416503906,source_3
dexamethasone,0.5754720568656921,0.38466453552246094,source_3
dexamethasone,0.5680087804794312,0.3596853017807007,source_3
dexamethasone,0.534924328327179,0.20195358991622925,source_3
dexamethasone,0.5282779335975647,0.3966958522796631,source_3
dexamethasone,0.6025388836860657,0.36176055669784546,source_3
dexamethasone,0.6051704287528992,0.30234336853027344,source_3
dexamethasone,0.7699668407440186,0.4090505838394165,source_3
dexamethasone,0.6496105790138245,0.3388795852661133,source_3
dexamethasone,0.5749631524085999,0.2742156982421875,source_3
dexamethasone,0.5843514800071716,0.23308593034744263,source_3
dexamethasone,0.6294429898262024,0.2834588885307312,source_3
dexamethasone,0.5809742212295532,0.6319271326065063,source_3
dexamethasone,0.5543214678764343,0.3379408121109009,source_3
dexamethasone,0.5402359366416931,0.3822908401489258,source_3
dexamethasone,0.5676370859146118,0.4128044843673706,source_3
dexamethasone,0.5585834383964539,0.3375856876373291,source_3
dexamethasone,0.653171956539154,1.082058146595955,source_3
dexamethasone,0.6452330350875854,0.7412209212779999,source_3
dexamethasone,0.6329552531242371,0.8645662665367126,source_3
dexamethasone,0.5946083664894104,0.7087087035179138,source_3
dexamethasone,0.6806858777999878,1.0826787650585175,source_3
dexamethasone,0.6322954297065735,0.9242631271481514,source_3
dexamethasone,0.6427746415138245,0.8152514547109604,source_3
dexamethasone,0.6022472977638245,0.8840091973543167,source_3
dexamethasone,0.621512770652771,0.8927249982953072,source_3
dexamethasone,0.6397337913513184,1.0993843376636505,source_3
dexamethasone,0.6357105374336243,1.0868183076381683,source_3
dexamethasone,0.6311674118041992,0.8055554330348969,source_3
dexamethasone,0.65976881980896,0.9224530383944511,source_3
dexamethasone,0.6604949235916138,0.9328122064471245,source_3
dexamethasone,0.8665473461151123,1.1038993746042252,source_3
dexamethasone,0.6061413884162903,1.0125805921852589,source_3
dexamethasone,0.6384682059288025,0.8565513491630554,source_3
dexamethasone,0.6551523208618164,1.0287698954343796,source_3
dexamethasone,0.6240780353546143,0.8336580991744995,source_3
dexamethasone,0.6644260287284851,0.7787290960550308,source_3
dexamethasone,0.8512309789657593,0.928203359246254,source_3
dexamethasone,0.8760470151901245,0.8404326736927032,source_3
dexamethasone,0.8729403614997864,0.7898283004760742,source_3
dexamethasone,0.8320139646530151,1.1929716765880585,source_3
dexamethasone,0.7918898463249207,0.7948403656482697,source_3
dexamethasone,0.7559844851493835,0.9555959925055504,source_3
dexamethasone,0.7282935976982117,0.7997233420610428,source_3
dexamethasone,0.7288774847984314,1.0631409212946892,source_3
dexamethasone,1.0943078994750977,1.0195880308747292,source_3
dexamethasone,1.1062707901000977,0.8307497352361679,source_3
dexamethasone,1.0772042274475098,0.9443659596145153,source_3
dexamethasone,0.9556097388267517,0.9990199245512486,source_3
dexamethasone,0.8788667917251587,0.9312361404299736,source_3
dexamethasone,0.9817133545875549,0.9454609528183937,source_3
dexamethasone,1.093528389930725,1.0083761811256409,source_3
dexamethasone,0.9879788160324097,0.9224779009819031,source_3
dexamethasone,0.8877352476119995,0.8935686722397804,source_3
dexamethasone,0.9679760932922363,0.7251312136650085,source_3
dexamethasone,0.9715948104858398,0.9289722517132759,source_3
dexamethasone,0.8975558280944824,0.8684839606285095,source_3
dexamethasone,0.5445321202278137,0.30092954635620117,source_3
dexamethasone,0.5542600750923157,0.29795968532562256,source_3
dexamethasone,0.5603033304214478,0.30262476205825806,source_3
dexamethasone,0.5058062076568604,0.2520028352737427,source_3
dexamethasone,0.5339706540107727,0.24644386768341064,source_3
dexamethasone,0.5396550893783569,0.3536774516105652,source_3
dexamethasone,0.555944561958313,0.38354384899139404,source_3
dexamethasone,0.5173291563987732,0.26215559244155884,source_3
dexamethasone,0.5246511697769165,0.33203089237213135,source_3
dexamethasone,0.561436653137207,0.2729783058166504,source_3
dexamethasone,0.500761866569519,0.2654592990875244,source_3
dexamethasone,0.5818254351615906,0.38323187828063965,source_3
dexamethasone,0.5727534294128418,0.34519851207733154,source_3
dexamethasone,0.5158975124359131,0.2978667616844177,source_3
dexamethasone,0.5575428009033203,0.2939133644104004,source_3
dexamethasone,0.5841132402420044,0.3346133828163147,source_3
dexamethasone,0.572507917881012,0.2508585453033447,source_3
dexamethasone,0.5758947134017944,0.40858757495880127,source_3
dexamethasone,0.5804470181465149,0.2500649094581604,source_3
dexamethasone,0.5999414920806885,0.38442933559417725,source_3
dexamethasone,0.5457763671875,0.5600073337554932,source_3
dexamethasone,0.5574971437454224,0.40008389949798584,source_3
dexamethasone,0.5506851673126221,0.36583220958709717,source_3
dexamethasone,0.6328579783439636,0.40048593282699585,source_3
dexamethasone,0.6016655564308167,0.39517223834991455,source_3
dexamethasone,0.536433219909668,0.2601640224456787,source_3
dexamethasone,0.663735032081604,0.258581280708313,source_3
dexamethasone,0.70135098695755,0.2512962818145752,source_3
dexamethasone,0.6013749241828918,0.3091445565223694,source_3
dexamethasone,0.6158700585365295,0.30159199237823486,source_3
dexamethasone,0.6306511759757996,0.28830909729003906,source_3
dexamethasone,0.5334679484367371,0.22454649209976196,source_3
dexamethasone,0.6153985857963562,0.33119267225265503,source_3
dexamethasone,0.6418440937995911,0.26542508602142334,source_3
dexamethasone,0.6592233180999756,0.3202720880508423,source_3
dexamethasone,0.6020299196243286,0.3154696226119995,source_3
dexamethasone,0.5282220244407654,0.2421441674232483,source_3
dexamethasone,0.6153180003166199,0.2639104127883911,source_3
dexamethasone,0.6428673267364502,0.3417644500732422,source_3
dexamethasone,0.5988472700119019,0.2725578546524048,source_3
dexamethasone,0.5674463510513306,0.35415077209472656,source_3
dexamethasone,0.589401125907898,0.23984289169311523,source_3
dexamethasone,0.5986008644104004,0.3373945951461792,source_3
dexamethasone,0.5895670652389526,0.2677161693572998,source_3
dexamethasone,0.49013951420783997,0.2680375576019287,source_3
dexamethasone,0.51319819688797,0.30935800075531006,source_3
dexamethasone,0.49200239777565,0.25841307640075684,source_3
dexamethasone,0.5770546793937683,0.2259465456008911,source_3
dexamethasone,0.594610333442688,0.2943152189254761,source_3
dexamethasone,0.6011142134666443,0.3377251625061035,source_3
dexamethasone,0.6146664619445801,0.28258216381073,source_3
dexamethasone,0.6303322315216064,0.2866196036338806,source_3
dexamethasone,0.6299753785133362,0.2654041051864624,source_3
dexamethasone,0.502512514591217,0.2408202886581421,source_3
dexamethasone,0.4581645131111145,0.25989294052124023,source_3
dexamethasone,0.4878444969654083,0.3284637928009033,source_3
dexamethasone,0.4961055815219879,0.2984929084777832,source_3
dexamethasone,1.4306142330169678,0.4372355341911316,source_7
dexamethasone,1.4551661014556885,0.5988156199455261,source_7
dexamethasone,1.4380979537963867,0.5257487297058105,source_7
dexamethasone,1.4188005924224854,0.519328236579895,source_7
dexamethasone,1.4584928750991821,0.654503345489502,source_7
dexamethasone,1.425976276397705,0.518414318561554,source_7
dexamethasone,1.424285888671875,0.5900546312332153,source_7
dexamethasone,1.447680115699768,0.5526147782802582,source_7
dexamethasone,1.4179556369781494,0.5578275918960571,source_7
dexamethasone,1.4055894613265991,0.6134857535362244,source_7
dexamethasone,1.4251904487609863,0.6306277513504028,source_7
dexamethasone,1.4775640964508057,0.46556973457336426,source_7
dexamethasone,1.392528772354126,0.5089988708496094,source_7
dexamethasone,1.3165977001190186,0.6349214017391205,source_7
dexamethasone,1.2928571701049805,0.5045897364616394,source_7
dexamethasone,1.226798176765442,0.5643501877784729,source_7
dexamethasone,1.2870069742202759,0.35192275047302246,source_7
dexamethasone,1.3037352561950684,0.4943082332611084,source_7
dexamethasone,1.2903873920440674,0.48608458042144775,source_7
dexamethasone,1.3061497211456299,0.35839223861694336,source_7
dexamethasone,1.2561111450195312,0.37938934564590454,source_7
dexamethasone,1.1869113445281982,0.4145272374153137,source_7
dexamethasone,1.225843906402588,0.5272817611694336,source_7
dexamethasone,1.2661973237991333,0.5245698988437653,source_7
dexamethasone,1.2052016258239746,0.7224626839160919,source_7
dexamethasone,1.192463755607605,0.43831074237823486,source_7
dexamethasone,1.2177760601043701,0.5854689478874207,source_7
dexamethasone,1.1836559772491455,0.6176548004150391,source_7
dexamethasone,1.1847130060195923,0.4380730390548706,source_7
dexamethasone,1.1786301136016846,0.49415403604507446,source_7
dexamethasone,1.1849616765975952,0.5277067720890045,source_7
dexamethasone,1.1836515665054321,0.31461280584335327,source_7
dexamethasone,1.2285593748092651,0.6566998958587646,source_7
dexamethasone,1.1818798780441284,0.36844348907470703,source_7
dexamethasone,1.1822854280471802,0.4202651381492615,source_7
dexamethasone,1.203763723373413,0.41917622089385986,source_7
dexamethasone,1.1863212585449219,0.3386681079864502,source_7
dexamethasone,1.189944863319397,0.3547549247741699,source_7
dexamethasone,1.2171918153762817,0.5581090450286865,source_7
dexamethasone,1.2123773097991943,0.502674013376236,source_7
dexamethasone,1.2280588150024414,0.41430461406707764,source_7
dexamethasone,1.2024974822998047,0.3553372621536255,source_7
dexamethasone,1.2126517295837402,0.3186536431312561,source_7
dexamethasone,1.2211945056915283,0.34051650762557983,source_7
dexamethasone,1.234215259552002,0.5511665046215057,source_7
dexamethasone,1.224427580833435,0.46608638763427734,source_7
dexamethasone,1.2251694202423096,0.6409665048122406,source_7
dexamethasone,1.188146948814392,0.4686863422393799,source_7
dexamethasone,1.229832649230957,0.4373328685760498,source_7
dexamethasone,1.1716248989105225,0.5216745734214783,source_7
dexamethasone,1.1732230186462402,0.662011444568634,source_7
dexamethasone,1.1283754110336304,0.45113444328308105,source_7
dexamethasone,1.1284343004226685,0.6417956650257111,source_7
dexamethasone,1.1734367609024048,0.29444777965545654,source_7
dexamethasone,1.1792402267456055,0.44719040393829346,source_7
dexamethasone,1.204894781112671,0.42355090379714966,source_7
dexamethasone,1.2420583963394165,0.5641978681087494,source_7
dexamethasone,1.1915682554244995,0.3828471302986145,source_7
dexamethasone,1.152854084968567,0.4632747173309326,source_7
dexamethasone,1.1833912134170532,0.4522823691368103,source_7
dexamethasone,1.1723792552947998,0.4399780035018921,source_7
dexamethasone,1.1792675256729126,0.4052300453186035,source_7
dexamethasone,1.171044945716858,0.5172370076179504,source_7
dexamethasone,1.1683679819107056,0.4199202060699463,source_7
dexamethasone,1.2121447324752808,0.3777282238006592,source_7
dexamethasone,1.2089941501617432,0.3742806315422058,source_7
dexamethasone,1.601305365562439,0.5968627333641052,source_7
dexamethasone,1.67333984375,0.7527237832546234,source_7
dexamethasone,1.5457361936569214,0.6137874126434326,source_7
dexamethasone,1.4162824153900146,0.6316766738891602,source_7
dexamethasone,1.3281848430633545,0.49363476037979126,source_7
dexamethasone,1.3175978660583496,0.4893186092376709,source_7
dexamethasone,1.3161457777023315,0.5109784305095673,source_7
dexamethasone,1.2890905141830444,0.4349634647369385,source_7
dexamethasone,1.2413021326065063,0.47552579641342163,source_7
dexamethasone,1.210310459136963,0.5976106524467468,source_7
dexamethasone,1.2087419033050537,0.40702080726623535,source_7
dexamethasone,1.1868391036987305,0.4364270567893982,source_7
dexamethasone,1.1790745258331299,0.3260310888290405,source_7
dexamethasone,1.24618399143219,0.5169806480407715,source_7
dexamethasone,1.2148240804672241,0.3951455354690552,source_7
dexamethasone,1.1977145671844482,0.44191157817840576,source_7
dexamethasone,1.2189075946807861,0.35149085521698,source_7
dexamethasone,1.1885440349578857,0.44660133123397827,source_7
dexamethasone,1.3549684286117554,0.5015926659107208,source_7
dexamethasone,1.2950310707092285,0.503831684589386,source_7
dexamethasone,1.2686691284179688,0.63079434633255,source_7
dexamethasone,1.3151423931121826,0.5354253351688385,source_7
dexamethasone,1.4250410795211792,0.6037014126777649,source_7
dexamethasone,1.3143818378448486,0.5471009910106659,source_7
dexamethasone,1.2344833612442017,0.4901202917098999,source_7
dexamethasone,1.2224172353744507,0.46237385272979736,source_7
dexamethasone,1.3855907917022705,0.8899090886116028,source_7
dexamethasone,1.2847121953964233,0.6968286335468292,source_7
dexamethasone,1.2386231422424316,0.687764436006546,source_7
dexamethasone,1.2360666990280151,0.4327300786972046,source_7
dexamethasone,1.2754029035568237,0.5576053857803345,source_7
dexamethasone,1.2698265314102173,0.5095280110836029,source_7
dexamethasone,1.2572208642959595,0.47878533601760864,source_7
dexamethasone,1.2848684787750244,0.46610796451568604,source_7
dexamethasone,1.270529866218567,0.548463374376297,source_7
dexamethasone,1.2438545227050781,0.5205145478248596,source_7
dexamethasone,1.2642794847488403,0.48692673444747925,source_7
dexamethasone,1.2795637845993042,0.5795643031597137,source_7
dexamethasone,1.26340651512146,0.854899063706398,source_7
dexamethasone,1.2465578317642212,0.5763319432735443,source_7
dexamethasone,1.2562206983566284,0.4543754458427429,source_7
dexamethasone,1.1330314874649048,0.5647631883621216,source_7
dexamethasone,1.2962646484375,0.47363537549972534,source_7
dexamethasone,1.211053729057312,0.5622457265853882,source_7
dexamethasone,1.0527299642562866,0.378684401512146,source_7
dexamethasone,1.2013533115386963,0.46632325649261475,source_7
dexamethasone,1.1686055660247803,0.5099409222602844,source_7
dexamethasone,1.0588973760604858,0.44686436653137207,source_7
dexamethasone,1.1956089735031128,0.5135296583175659,source_7
dexamethasone,0.7652983069419861,0.14516031742095947,source_10
dexamethasone,0.70418381690979,0.23059678077697754,source_10
dexamethasone,0.7394319772720337,0.2331702709197998,source_10
dexamethasone,0.7632085680961609,0.226973295211792,source_10
dexamethasone,0.7627989649772644,0.29501020908355713,source_10
dexamethasone,0.7807422876358032,0.29068243503570557,source_10
dexamethasone,0.7858739495277405,0.28349417448043823,source_10
dexamethasone,0.8394156694412231,0.3734116554260254,source_10
dexamethasone,0.7159210443496704,0.284173846244812,source_10
dexamethasone,0.7286481261253357,0.2218468189239502,source_10
dexamethasone,0.7389408349990845,0.5480352938175201,source_10
dexamethasone,0.7246220707893372,0.40573251247406006,source_10
dexamethasone,0.7301930785179138,0.3419013023376465,source_10
dexamethasone,0.7254037261009216,0.4099705219268799,source_10
dexamethasone,0.7375603318214417,0.3899952173233032,source_10
dexamethasone,0.6938991546630859,0.2738206386566162,source_10
dexamethasone,0.6935639381408691,0.3313170075416565,source_10
dexamethasone,0.6832239031791687,0.2777858376502991,source_10
dexamethasone,0.7051969766616821,0.2738568186759949,source_10
dexamethasone,0.7107673287391663,0.33899712562561035,source_10
dexamethasone,0.707205593585968,0.3313395380973816,source_10
dexamethasone,0.7179107666015625,0.2529086470603943,source_10
dexamethasone,0.7242607474327087,0.4028562903404236,source_10
dexamethasone,0.7483208775520325,0.376007080078125,source_10
dexamethasone,0.7293388247489929,0.41588538885116577,source_10
dexamethasone,0.7499856948852539,0.2755213975906372,source_10
dexamethasone,0.7427662014961243,0.36031007766723633,source_10
dexamethasone,0.7585691809654236,0.3403524160385132,source_10
dexamethasone,0.7186317443847656,0.46670103073120117,source_10
dexamethasone,0.6484324932098389,0.23772203922271729,source_10
dexamethasone,0.6375455856323242,0.24729090929031372,source_10
dexamethasone,0.6621318459510803,0.29333287477493286,source_10
dexamethasone,0.7042112350463867,0.3702334761619568,source_10
dexamethasone,0.7368509769439697,0.36262714862823486,source_10
dexamethasone,0.7484428882598877,0.29092633724212646,source_10
dexamethasone,0.7452749609947205,0.22477185726165771,source_10
dexamethasone,0.7502570748329163,0.30787360668182373,source_10
dexamethasone,0.7402638792991638,0.23996418714523315,source_10
dexamethasone,0.7542449235916138,0.3067554235458374,source_10
dexamethasone,0.716702938079834,0.39586102962493896,source_10
dexamethasone,0.705208420753479,0.25099802017211914,source_10
dexamethasone,0.7431174516677856,0.26160502433776855,source_10
dexamethasone,0.7309626936912537,0.393013060092926,source_10
dexamethasone,0.7361827492713928,0.34691667556762695,source_10
dexamethasone,0.7438428997993469,0.7444940209388733,source_10
dexamethasone,0.7569270133972168,0.38321733474731445,source_10
dexamethasone,0.7161357998847961,0.2363361120223999,source_10
dexamethasone,0.698437511920929,0.1958911418914795,source_10
dexamethasone,0.7182675004005432,0.49834781885147095,source_10
dexamethasone,0.7024641633033752,0.3635596036911011,source_10
dexamethasone,0.720037043094635,0.2921708822250366,source_10
dexamethasone,0.7115004658699036,0.4129278063774109,source_10
dexamethasone,0.6392455101013184,0.2503321170806885,source_10
dexamethasone,0.8135678172111511,0.241540789604187,source_10
dexamethasone,0.7836143374443054,0.33511388301849365,source_10
dexamethasone,0.7625885009765625,0.29894739389419556,source_10
dexamethasone,0.7378958463668823,0.3719421625137329,source_10
dexamethasone,0.7535517811775208,0.34514695405960083,source_10
dexamethasone,0.7714757919311523,0.27923470735549927,source_10
dexamethasone,0.7828425765037537,0.33276480436325073,source_10
dexamethasone,0.6643677353858948,0.17799162864685059,source_10
dexamethasone,0.6956585049629211,0.22521239519119263,source_10
dexamethasone,0.7332441210746765,0.26123476028442383,source_10
dexamethasone,0.7017207145690918,0.3682945966720581,source_10
dexamethasone,0.6356827616691589,0.19914281368255615,source_10
dexamethasone,0.7115398645401001,0.2998958230018616,source_10
dexamethasone,0.6897315979003906,0.2473219633102417,source_10
dexamethasone,0.7418475151062012,0.39002764225006104,source_10
dexamethasone,0.7428884506225586,0.3435131311416626,source_10
dexamethasone,0.7356809377670288,0.2486628293991089,source_10
dexamethasone,0.7318363785743713,0.33624136447906494,source_10
dexamethasone,0.7264675498008728,0.3196678161621094,source_10
dexamethasone,0.7486199736595154,0.315865159034729,source_10
dexamethasone,0.6535945534706116,0.29539400339126587,source_10
dexamethasone,0.67091965675354,0.21871423721313477,source_10
dexamethasone,0.6723655462265015,0.2078736424446106,source_10
dexamethasone,0.6676797270774841,0.28470122814178467,source_10
dexamethasone,0.677435576915741,0.33163225650787354,source_10
dexamethasone,0.7529630661010742,0.3589526414871216,source_10
dexamethasone,0.7650482654571533,0.3649742603302002,source_10
dexamethasone,0.7829801440238953,0.2941349744796753,source_10
dexamethasone,0.7900485992431641,0.33181893825531006,source_10
dexamethasone,0.7750866413116455,0.2414156198501587,source_10
dexamethasone,0.7292654514312744,0.23678547143936157,source_10
dexamethasone,0.7599695920944214,0.3651224374771118,source_10
dexamethasone,0.7796003222465515,0.3770971894264221,source_10
dexamethasone,0.7334724068641663,0.45710647106170654,source_10
dexamethasone,0.7484967112541199,0.43980634212493896,source_10
dexamethasone,0.6239322423934937,0.316180944442749,source_10
dexamethasone,0.740860104560852,0.3559335470199585,source_10
dexamethasone,0.7616809606552124,0.2273038625717163,source_10
dexamethasone,0.7604078650474548,0.5517609715461731,source_10
dexamethasone,0.7059587240219116,0.3605433702468872,source_10
dexamethasone,0.7154203653335571,0.3496229648590088,source_10
dexamethasone,0.7249951958656311,0.39248836040496826,source_10
dexamethasone,0.7115234732627869,0.5025207102298737,source_10
dexamethasone,0.7178288102149963,0.27944517135620117,source_10
dexamethasone,0.7160231471061707,0.3170100450515747,source_10
dexamethasone,0.7428821325302124,0.3229523301124573,source_10
dexamethasone,0.7451248168945312,0.31170815229415894,source_10
dexamethasone,0.7655348777770996,0.32333946228027344,source_10
dexamethasone,0.7543515563011169,0.2855076789855957,source_10
dexamethasone,0.7086412310600281,0.26026248931884766,source_10
dexamethasone,0.6942333579063416,0.278420627117157,source_10
dexamethasone,0.7202811241149902,0.2665867209434509,source_10
dexamethasone,0.7211544513702393,0.3572242856025696,source_10
dexamethasone,0.7139182090759277,0.37549400329589844,source_10
dexamethasone,0.74519944190979,0.4056718349456787,source_10
dexamethasone,0.7730028629302979,0.3073933720588684,source_10
dexamethasone,0.7818006873130798,0.5206102132797241,source_10
dexamethasone,0.6599276065826416,0.3667416572570801,source_10
dexamethasone,0.653968095779419,0.25140225887298584,source_10
dexamethasone,0.672362744808197,0.2896620035171509,source_10
dexamethasone,0.6770431995391846,0.26772111654281616,source_10
dexamethasone,0.7184799909591675,0.45266449451446533,source_10
dexamethasone,0.7274882793426514,0.23631638288497925,source_10
dexamethasone,0.7264822721481323,0.32772767543792725,source_10
dexamethasone,0.7522729635238647,0.29266607761383057,source_10
dexamethasone,0.7362505197525024,0.24535727500915527,source_10
dexamethasone,0.6835898756980896,0.24007683992385864,source_10
dexamethasone,0.7057796120643616,0.22797542810440063,source_10
dexamethasone,0.7191607356071472,0.2937436103820801,source_10
dexamethasone,0.7077642679214478,0.41860127449035645,source_10
dexamethasone,0.7497695088386536,0.3701094388961792,source_10
dexamethasone,0.7731326222419739,0.3273586630821228,source_10
dexamethasone,0.746772289276123,0.38765716552734375,source_10
dexamethasone,0.7661683559417725,0.3311185836791992,source_10
dexamethasone,0.7851459980010986,0.4066910743713379,source_10
dexamethasone,0.816535472869873,0.30838775634765625,source_10
dexamethasone,0.8155383467674255,0.44205236434936523,source_10
dexamethasone,0.8216452598571777,0.4064851403236389,source_10
dexamethasone,0.8592255711555481,0.41139549016952515,source_10
dexamethasone,0.7116147875785828,0.3791542053222656,source_10
dexamethasone,0.7015097737312317,0.40515387058258057,source_10
dexamethasone,0.7085792422294617,0.37482112646102905,source_10
dexamethasone,0.7162646055221558,0.3839970827102661,source_10
dexamethasone,0.720564067363739,0.3614840507507324,source_10
dexamethasone,0.71439528465271,0.35712337493896484,source_10
dexamethasone,0.730579674243927,0.4004676342010498,source_10
dexamethasone,0.7309128046035767,0.4499903917312622,source_10
dexamethasone,0.6899097561836243,0.40374624729156494,source_10
dexamethasone,0.6766301989555359,0.38985395431518555,source_10
dexamethasone,0.6664231419563293,0.3523283004760742,source_10
dexamethasone,0.6620888113975525,0.3411635160446167,source_10
dexamethasone,0.6863516569137573,0.42354297637939453,source_10
dexamethasone,0.6758784651756287,0.39961665868759155,source_10
dexamethasone,0.6806051731109619,0.44299882650375366,source_10
dexamethasone,0.6985185146331787,0.41350293159484863,source_10
dexamethasone,0.7641133666038513,0.3277592062950134,source_10
dexamethasone,0.7702850699424744,0.25878095626831055,source_10
dexamethasone,0.7793917655944824,0.33954089879989624,source_10
dexamethasone,0.8457093834877014,0.4690314531326294,source_10
dexamethasone,0.8112646341323853,0.21744030714035034,source_10
dexamethasone,0.8064252734184265,0.37925606966018677,source_10
dexamethasone,0.7904064059257507,0.2963472604751587,source_10
dexamethasone,0.8093577027320862,0.30096590518951416,source_10
dexamethasone,0.9076381325721741,0.4262041449546814,source_10
dexamethasone,0.8930073380470276,0.5788281559944153,source_10
dexamethasone,0.8508678078651428,0.40947431325912476,source_10
dexamethasone,0.8903152346611023,0.38726216554641724,source_10
dexamethasone,0.8651230931282043,0.37961119413375854,source_10
dexamethasone,0.8587285280227661,0.4307992458343506,source_10
dexamethasone,0.8465259075164795,0.48551881313323975,source_10
dexamethasone,0.8594754934310913,0.38889068365097046,source_10
dexamethasone,0.6139491200447083,0.557154506444931,source_10
dexamethasone,0.669258713722229,0.49066007137298584,source_10
dexamethasone,0.6756889224052429,0.5400159955024719,source_10
dexamethasone,0.6789767146110535,0.35519492626190186,source_10
dexamethasone,0.8345683813095093,0.6805285513401031,source_10
dexamethasone,0.812421441078186,0.45533156394958496,source_10
dexamethasone,0.8033387660980225,0.6676435470581055,source_10
dexamethasone,0.7905353307723999,0.40887486934661865,source_10
dexamethasone,0.5729721188545227,0.19589751958847046,source_10
dexamethasone,0.5786065459251404,0.2639350891113281,source_10
dexamethasone,0.585746169090271,0.23817217350006104,source_10
dexamethasone,0.598438560962677,0.2909349203109741,source_10
dexamethasone,0.5650374293327332,0.3093876838684082,source_10
dexamethasone,0.5804135799407959,0.3326888084411621,source_10
dexamethasone,0.6016756892204285,0.3414657711982727,source_10
dexamethasone,0.6141834259033203,0.27658188343048096,source_10
dexamethasone,0.6090579628944397,0.43667328357696533,source_10
dexamethasone,0.6404841542243958,0.2618987560272217,source_10
dexamethasone,0.6496130228042603,0.4414219856262207,source_10
dexamethasone,0.6466056108474731,0.41037166118621826,source_10
dexamethasone,0.704303503036499,0.3670041561126709,source_10
dexamethasone,0.6420024037361145,0.3767632246017456,source_10
dexamethasone,0.657358705997467,0.4873243570327759,source_10
dexamethasone,0.6776136755943298,0.46705949306488037,source_10
dexamethasone,0.7444429397583008,0.5104659199714661,source_10
dexamethasone,0.7198286056518555,0.3354857563972473,source_10
dexamethasone,0.7121924757957458,0.2730679512023926,source_10
dexamethasone,0.6838411688804626,0.3730311393737793,source_10
dexamethasone,0.6885408759117126,0.33374732732772827,source_10
dexamethasone,0.6912370920181274,0.3888711929321289,source_10
dexamethasone,0.6715067028999329,0.33337491750717163,source_10
dexamethasone,0.6664788126945496,0.27912968397140503,source_10
dexamethasone,0.6553277373313904,0.2540937662124634,source_10
dexamethasone,0.6887909173965454,0.3370927572250366,source_10
dexamethasone,0.7039315700531006,0.36165904998779297,source_10
dexamethasone,0.704410195350647,0.4264153242111206,source_10
dexamethasone,0.7328311800956726,0.5123255848884583,source_10
dexamethasone,0.7305453419685364,0.3214729428291321,source_10
dexamethasone,0.8332264423370361,0.49020081758499146,source_10
dexamethasone,0.7410414814949036,0.4694787263870239,source_10
dexamethasone,0.7437527775764465,0.34384751319885254,source_10
dexamethasone,0.8762803077697754,0.3129713535308838,source_11
dexamethasone,0.6814315319061279,1.0397209636867046,source_11
dexamethasone,0.8401833176612854,0.35508161783218384,source_11
dexamethasone,0.7771334052085876,0.2752925157546997,source_11
dexamethasone,0.8106127381324768,0.3837313652038574,source_11
dexamethasone,0.8140944838523865,0.36487090587615967,source_11
dexamethasone,0.7866015434265137,0.38525688648223877,source_11
dexamethasone,0.7967389225959778,0.31583642959594727,source_11
dexamethasone,0.7885661125183105,0.28636980056762695,source_11
dexamethasone,0.7864782810211182,0.34073424339294434,source_11
dexamethasone,0.7971920967102051,0.2847093939781189,source_11
dexamethasone,0.797740638256073,0.29664111137390137,source_11
dexamethasone,0.7746882438659668,0.3416658639907837,source_11
dexamethasone,0.7924286723136902,0.396500825881958,source_11
dexamethasone,0.7905193567276001,0.42895543575286865,source_11
dexamethasone,0.7783341407775879,0.256056547164917,source_11
dexamethasone,0.7673214077949524,0.29229283332824707,source_11
dexamethasone,0.7765673995018005,0.3613269329071045,source_11
dexamethasone,0.9223527312278748,0.2744584083557129,source_11
dexamethasone,2.3302690982818604,0.6618216037750244,source_11
dexamethasone,0.8007583022117615,0.3615407943725586,source_11
dexamethasone,0.7817443013191223,0.4256312847137451,source_11
dexamethasone,0.808056116104126,0.41686081886291504,source_11
dexamethasone,0.8618075847625732,0.439461886882782,source_11
dexamethasone,0.8744598031044006,0.37025225162506104,source_11
dexamethasone,0.8797157406806946,0.3597095012664795,source_11
dexamethasone,0.900375247001648,0.3587517738342285,source_11
dexamethasone,0.9318448305130005,0.2800911068916321,source_11
dexamethasone,0.9087428450584412,0.30049681663513184,source_11
dexamethasone,0.9174678921699524,0.30943936109542847,source_11
dexamethasone,0.925312876701355,0.3854764699935913,source_11
dexamethasone,0.9203751087188721,0.3447643518447876,source_11
dexamethasone,0.7072758078575134,0.46880948543548584,source_11
dexamethasone,0.7588546276092529,0.4662485122680664,source_11
dexamethasone,0.7640963196754456,0.3587226867675781,source_11
dexamethasone,0.7535000443458557,0.4227638244628906,source_11
dexamethasone,0.7439536452293396,0.31403660774230957,source_11
dexamethasone,0.7606989145278931,0.47274792194366455,source_11
dexamethasone,0.6963871121406555,0.3459944725036621,source_11
dexamethasone,0.7682688236236572,0.4515727758407593,source_11
dexamethasone,0.7436428070068359,0.3488832712173462,source_11
dexamethasone,0.758987545967102,0.3778495192527771,source_11
dexamethasone,0.7721652388572693,0.36702001094818115,source_11
dexamethasone,0.7657034397125244,0.5355835855007172,source_11
dexamethasone,0.7629616260528564,0.40234434604644775,source_11
dexamethasone,0.7573415637016296,0.29439544677734375,source_11
dexamethasone,0.7650513648986816,0.3486543297767639,source_11
dexamethasone,0.7631709575653076,0.3560901880264282,source_11
dexamethasone,0.7525855302810669,0.3404430150985718,source_11
dexamethasone,0.7542561292648315,0.3543814420700073,source_11
dexamethasone,0.7479984760284424,0.3664279580116272,source_11
dexamethasone,0.7492328882217407,0.3080402612686157,source_11
dexamethasone,0.6893424987792969,0.9495146684348583,source_11
dexamethasone,0.7512556910514832,0.28216254711151123,source_11
dexamethasone,0.6962010860443115,0.28955399990081787,source_11
dexamethasone,0.6864461898803711,0.27271920442581177,source_11
dexamethasone,0.6770073175430298,0.30448055267333984,source_11
dexamethasone,0.6775131821632385,0.5276500582695007,source_11
dexamethasone,0.7195623517036438,0.33376288414001465,source_11
dexamethasone,0.6895283460617065,0.3084549903869629,source_11
dexamethasone,0.8039683103561401,0.4320020079612732,source_11
dexamethasone,0.8207468390464783,0.3114020824432373,source_11
dexamethasone,0.6896951198577881,0.29387056827545166,source_11
dexamethasone,0.7893663048744202,0.5364194810390472,source_11
dexamethasone,0.6851550936698914,0.43063944578170776,source_11
dexamethasone,0.6902034282684326,0.3323037624359131,source_11
dexamethasone,0.6019285321235657,0.38794833421707153,source_11
dexamethasone,0.6270532608032227,0.2815585136413574,source_11
dexamethasone,0.7151877284049988,0.3660491704940796,source_11
dexamethasone,0.7414900660514832,0.36746054887771606,source_11
dexamethasone,0.7393670678138733,0.251348614692688,source_11
dexamethasone,0.7343968152999878,0.3679245710372925,source_11
dexamethasone,0.7379288077354431,0.3072397708892822,source_11
dexamethasone,0.755223274230957,0.3384914994239807,source_11
dexamethasone,0.7619494795799255,0.2577587366104126,source_11
dexamethasone,0.7991955876350403,0.3445519208908081,source_11
dexamethasone,0.7852873206138611,0.30634939670562744,source_11
dexamethasone,0.7571706175804138,0.2941601276397705,source_11
dexamethasone,0.7799707055091858,0.5738810896873474,source_11
dexamethasone,0.7936691641807556,0.3196525573730469,source_11
dexamethasone,0.7977330684661865,0.3805961012840271,source_11
dexamethasone,0.764511227607727,0.32227373123168945,source_11
dexamethasone,0.7759761214256287,0.2147272825241089,source_11
dexamethasone,0.7985495328903198,0.28303611278533936,source_11
dexamethasone,0.7894326448440552,0.3210652470588684,source_11
dexamethasone,0.9657838940620422,1.1839173585176468,source_11
dexamethasone,0.7442619204521179,0.28756314516067505,source_11
dexamethasone,0.7200722694396973,0.39339643716812134,source_11
dexamethasone,0.7163341045379639,0.31421375274658203,source_11
dexamethasone,0.7362458109855652,0.49838513135910034,source_11
dexamethasone,0.7213684320449829,0.3934890031814575,source_11
dexamethasone,0.7443557381629944,0.2729946970939636,source_11
dexamethasone,0.7372967004776001,0.29795658588409424,source_11
dexamethasone,0.7303957343101501,0.5723593533039093,source_11
dexamethasone,0.7244401574134827,0.3758259415626526,source_11
dexamethasone,0.7482700943946838,0.4186004400253296,source_11
dexamethasone,0.7659741044044495,0.37354105710983276,source_11
dexamethasone,0.7634040117263794,0.25971388816833496,source_11
dexamethasone,0.6392013430595398,0.6137976050376892,source_11
dexamethasone,0.6214981079101562,0.2936910390853882,source_11
dexamethasone,0.6142867803573608,0.27598071098327637,source_11
dexamethasone,0.6048598885536194,0.3571575880050659,source_11
dexamethasone,0.5946870446205139,0.2978147268295288,source_11
dexamethasone,0.5731348991394043,0.24137115478515625,source_11
dexamethasone,0.6564903855323792,0.418096661567688,source_11
dexamethasone,0.628959596157074,0.24280452728271484,source_11
dexamethasone,0.6249617338180542,0.2554539442062378,source_11
dexamethasone,0.6230652928352356,0.3908560276031494,source_11
dexamethasone,0.636570930480957,0.31749653816223145,source_11
dexamethasone,0.6576693058013916,0.29283297061920166,source_11
dexamethasone,0.6639955043792725,0.30807173252105713,source_11
dexamethasone,0.6594400405883789,0.30703920125961304,source_11
dexamethasone,0.6998178362846375,0.28779661655426025,source_11
dexamethasone,0.6637460589408875,0.3552490472793579,source_11
dexamethasone,0.6620199084281921,0.3750007152557373,source_11
dexamethasone,0.6586936116218567,0.2501068115234375,source_11
dexamethasone,0.6619295477867126,0.3188866376876831,source_11
dexamethasone,0.6633977293968201,0.2776537537574768,source_11
dexamethasone,0.6870746612548828,0.30421125888824463,source_11
dexamethasone,0.694177508354187,0.29461121559143066,source_11
dexamethasone,0.6930871605873108,0.3466792106628418,source_11
dexamethasone,0.6741482615470886,0.29862070083618164,source_11
dexamethasone,0.6444092392921448,0.26572394371032715,source_11
dexamethasone,0.6320933103561401,0.24036508798599243,source_11
dexamethasone,0.6423236727714539,0.30582964420318604,source_11
dexamethasone,0.6602877974510193,0.31035107374191284,source_11
dexamethasone,0.6700467467308044,0.36886370182037354,source_11
dexamethasone,0.6791892051696777,0.2589089274406433,source_11
dexamethasone,0.5837270617485046,0.26833629608154297,source_11
dexamethasone,0.6296789646148682,0.3586950898170471,source_11
dexamethasone,0.6062349677085876,0.326712429523468,source_11
dexamethasone,0.6078348159790039,0.37215912342071533,source_11
dexamethasone,0.5860455632209778,0.6029863953590393,source_11
dexamethasone,0.5822856426239014,0.28606677055358887,source_11
dexamethasone,0.6237034797668457,0.29757583141326904,source_11
dexamethasone,0.6287588477134705,0.2312471866607666,source_11
dexamethasone,0.6044526100158691,0.41591185331344604,source_11
dexamethasone,0.5906784534454346,0.3115025758743286,source_11
dexamethasone,0.5912590622901917,0.2757880687713623,source_11
dexamethasone,0.5985388159751892,0.29184508323669434,source_11
dexamethasone,0.607309103012085,0.30480289459228516,source_11
dexamethasone,0.6163328886032104,0.3073396682739258,source_11
dexamethasone,0.6199547052383423,0.2476751208305359,source_11
dexamethasone,0.6142506003379822,0.31740522384643555,source_11
dexamethasone,0.617939829826355,0.3529782295227051,source_11
dexamethasone,0.6177982687950134,0.3307163715362549,source_11
dexamethasone,0.623991072177887,0.2962038516998291,source_11
dexamethasone,0.620307207107544,0.3223761320114136,source_11
dexamethasone,0.6365894079208374,0.4040759801864624,source_11
dexamethasone,0.6658560037612915,0.4483805298805237,source_11
dexamethasone,0.6685888767242432,0.2971618175506592,source_11
dexamethasone,0.6880010366439819,0.29096388816833496,source_11
dexamethasone,0.6960781216621399,0.4333639144897461,source_11
dexamethasone,0.6081535220146179,0.24647438526153564,source_11
dexamethasone,0.6108137369155884,0.32516729831695557,source_11
dexamethasone,0.6128284335136414,0.5082699656486511,source_11
dexamethasone,0.5994865894317627,0.3953566551208496,source_11
dexamethasone,0.6067666411399841,0.326712965965271,source_11
dexamethasone,0.5854618549346924,0.2990521192550659,source_11
dexamethasone,0.5994867086410522,0.38805651664733887,source_11
dexamethasone,0.5933526754379272,0.30531829595565796,source_11
dexamethasone,0.5997709035873413,0.4051738977432251,source_11
dexamethasone,0.5936220288276672,0.38425159454345703,source_11
dexamethasone,0.6037037372589111,0.3519630432128906,source_11
dexamethasone,0.611723780632019,0.29468899965286255,source_11
dexamethasone,0.629884660243988,0.375776469707489,source_11
dexamethasone,0.6359416842460632,0.339189350605011,source_11
dexamethasone,1.3072987794876099,0.3200119733810425,source_9
dexamethasone,1.3121410608291626,0.2628817558288574,source_9
dexamethasone,1.348684310913086,0.3441268801689148,source_9
dexamethasone,1.3747519254684448,0.32707250118255615,source_9
dexamethasone,1.3484938144683838,0.2487460970878601,source_9
dexamethasone,1.4070252180099487,0.22314441204071045,source_9
dexamethasone,1.4246435165405273,0.2562931776046753,source_9
dexamethasone,1.418972373008728,0.21640098094940186,source_9
dexamethasone,1.4116911888122559,0.290132999420166,source_9
dexamethasone,1.4530301094055176,0.5517467260360718,source_9
dexamethasone,1.3119350671768188,0.33456313610076904,source_9
dexamethasone,1.0521678924560547,0.3280537724494934,source_9
dexamethasone,1.0175387859344482,0.27705132961273193,source_9
dexamethasone,1.0351316928863525,0.2972338795661926,source_9
dexamethasone,1.035152792930603,0.2946511507034302,source_9
dexamethasone,1.0162403583526611,0.3302059769630432,source_9
dexamethasone,0.9600366353988647,0.34738606214523315,source_9
dexamethasone,0.9614169001579285,0.44575560092926025,source_9
dexamethasone,1.1199935674667358,0.3664921522140503,source_9
dexamethasone,1.127833366394043,0.3410511016845703,source_9
dexamethasone,1.0859726667404175,0.305494487285614,source_9
dexamethasone,1.0637474060058594,0.2906234860420227,source_9
dexamethasone,1.0497697591781616,0.2469193935394287,source_9
dexamethasone,1.4087159633636475,0.41180580854415894,source_9
dexamethasone,1.3831603527069092,0.4338471293449402,source_9
dexamethasone,1.333739161491394,0.42569589614868164,source_9
dexamethasone,1.0427526235580444,0.2795531749725342,source_9
dexamethasone,1.0627758502960205,0.23420411348342896,source_9
dexamethasone,1.0921040773391724,0.22720718383789062,source_9
dexamethasone,1.1138331890106201,0.37732458114624023,source_9
dexamethasone,1.0857090950012207,0.4519296884536743,source_9
dexamethasone,1.0642503499984741,0.28513461351394653,source_9
dexamethasone,1.0710664987564087,0.2556334137916565,source_9
dexamethasone,1.1093686819076538,0.2953411340713501,source_9
dexamethasone,1.0941929817199707,0.2789977192878723,source_9
dexamethasone,1.104285717010498,0.21501082181930542,source_9
dexamethasone,1.0462584495544434,0.301555335521698,source_9
dexamethasone,1.330102801322937,0.5288175046443939,source_9
dexamethasone,1.2644844055175781,0.5390893518924713,source_9
dexamethasone,1.2643234729766846,0.5354393124580383,source_9
dexamethasone,1.2366276979446411,0.3606724143028259,source_9
dexamethasone,1.2272967100143433,0.37092530727386475,source_9
dexamethasone,1.1495637893676758,0.2935798168182373,source_9
dexamethasone,1.1872199773788452,0.4036715030670166,source_9
dexamethasone,1.1767783164978027,0.4819384217262268,source_9
dexamethasone,1.1884874105453491,0.39029693603515625,source_9
dexamethasone,1.160212516784668,0.329364538192749,source_9
dexamethasone,1.1159241199493408,0.3398284912109375,source_9
dexamethasone,0.961532711982727,0.351548433303833,source_9
dexamethasone,1.245252013206482,0.3956202268600464,source_9
dexamethasone,1.264335036277771,0.36338114738464355,source_9
dexamethasone,1.3059659004211426,0.3051987886428833,source_9
dexamethasone,1.256657361984253,0.27888596057891846,source_9
dexamethasone,1.354046106338501,0.37002551555633545,source_9
dexamethasone,1.3619858026504517,0.3301209807395935,source_9
dexamethasone,1.3201069831848145,0.3761632442474365,source_9
dexamethasone,1.138745903968811,0.25577861070632935,source_9
dexamethasone,1.1239449977874756,0.23101890087127686,source_9
dexamethasone,1.164457082748413,0.24637436866760254,source_9
dexamethasone,1.1677212715148926,0.23134469985961914,source_9
dexamethasone,1.1759124994277954,0.30941277742385864,source_9
dexamethasone,1.1769452095031738,0.39575767517089844,source_9
dexamethasone,1.1887598037719727,0.31746745109558105,source_9
dexamethasone,1.266378402709961,0.3754746913909912,source_9
dexamethasone,1.1978317499160767,0.3577324151992798,source_9
dexamethasone,1.2116823196411133,0.4707484245300293,source_9
dexamethasone,1.1968953609466553,0.4575155973434448,source_9
dexamethasone,1.1538735628128052,0.46389394998550415,source_9
dexamethasone,1.2233151197433472,0.5241093039512634,source_9
dexamethasone,1.2037724256515503,0.37876492738723755,source_9
dexamethasone,1.2045005559921265,0.39906054735183716,source_9
dexamethasone,1.550626516342163,0.44438600540161133,source_9
dexamethasone,1.3251707553863525,0.4397850036621094,source_9
dexamethasone,0.867683470249176,0.3462730646133423,source_9
dexamethasone,0.8747799396514893,0.30601298809051514,source_9
dexamethasone,0.8861604928970337,0.29369890689849854,source_9
dexamethasone,0.8740310072898865,0.3348778486251831,source_9
dexamethasone,0.8534346222877502,0.2525991201400757,source_9
dexamethasone,0.8705681562423706,0.3695206046104431,source_9
dexamethasone,0.8663101196289062,0.2860247492790222,source_9
dexamethasone,0.8498462438583374,0.2758878469467163,source_9
dexamethasone,0.8453109860420227,0.41740280389785767,source_9
dexamethasone,0.8364151120185852,0.35214364528656006,source_9
dexamethasone,1.0756402015686035,0.5420856475830078,source_9
dexamethasone,1.1174017190933228,0.38899898529052734,source_9
dexamethasone,1.094044804573059,0.5121338963508606,source_9
dexamethasone,1.0720874071121216,0.27339857816696167,source_9
dexamethasone,1.0795444250106812,0.3752002716064453,source_9
dexamethasone,1.0755060911178589,0.33775877952575684,source_9
dexamethasone,1.0809051990509033,0.36670541763305664,source_9
dexamethasone,1.2013200521469116,0.4414210319519043,source_9
dexamethasone,1.1662226915359497,0.3831862211227417,source_9
dexamethasone,1.1533100605010986,0.7471877336502075,source_9
dexamethasone,1.330249547958374,0.3607292175292969,source_9
dexamethasone,1.4611716270446777,0.3271968960762024,source_9
dexamethasone,1.3955636024475098,0.6849648356437683,source_9
dexamethasone,1.3215426206588745,0.4218873977661133,source_9
dexamethasone,1.3277003765106201,0.36413490772247314,source_9
dexamethasone,1.5293734073638916,0.31277430057525635,source_9
dexamethasone,0.5638136267662048,0.3007202744483948,source_3
dexamethasone,0.5748992562294006,0.2657887935638428,source_3
dexamethasone,0.5993490219116211,0.2443951964378357,source_3
dexamethasone,0.6068795919418335,0.26105010509490967,source_3
dexamethasone,0.6510651111602783,0.29595959186553955,source_3
dexamethasone,0.6421610713005066,0.1812029480934143,source_3
dexamethasone,0.6472292542457581,0.2694074511528015,source_3
dexamethasone,0.627417802810669,0.24596619606018066,source_3
dexamethasone,0.6109505295753479,0.1750035285949707,source_3
dexamethasone,0.6224256157875061,0.7008031010627747,source_3
dexamethasone,0.6222532987594604,0.23239243030548096,source_3
dexamethasone,0.6163987517356873,0.18482232093811035,source_3
dexamethasone,0.5984443426132202,0.2160400152206421,source_3
dexamethasone,0.6049248576164246,0.24671316146850586,source_3
dexamethasone,0.6095687747001648,0.2850579023361206,source_3
dexamethasone,0.620859682559967,0.1521398425102234,source_3
dexamethasone,0.6310884356498718,0.2059183120727539,source_3
dexamethasone,0.586614191532135,0.18699133396148682,source_3
dexamethasone,0.5615650415420532,0.20880663394927979,source_3
dexamethasone,0.5954417586326599,0.25877857208251953,source_3
dexamethasone,0.6397931575775146,0.3421809673309326,source_3
dexamethasone,0.634217381477356,0.16947221755981445,source_3
dexamethasone,0.632230818271637,0.18787848949432373,source_3
dexamethasone,0.7228387594223022,1.1135679706931114,source_3
dexamethasone,0.6149634122848511,0.270910382270813,source_3
dexamethasone,0.6209994554519653,0.21981292963027954,source_3
dexamethasone,0.6292142868041992,0.2416316270828247,source_3
dexamethasone,0.6406103372573853,0.20618653297424316,source_3
dexamethasone,0.6272311210632324,0.1878591775894165,source_3
dexamethasone,0.6531482934951782,0.20630323886871338,source_3
dexamethasone,0.6092008948326111,0.20935100317001343,source_3
dexamethasone,0.630473792552948,0.20851236581802368,source_3
dexamethasone,0.6339556574821472,0.2670968770980835,source_3
dexamethasone,0.6483010649681091,0.22693908214569092,source_3
dexamethasone,0.6481868624687195,0.33817344903945923,source_3
dexamethasone,0.6582861542701721,0.2738848328590393,source_3
dexamethasone,0.6404402852058411,0.16730999946594238,source_3
dexamethasone,0.6199134588241577,0.33912599086761475,source_3
dexamethasone,0.6361297369003296,0.23886960744857788,source_3
dexamethasone,0.6295416951179504,0.1849677562713623,source_3
dexamethasone,0.6407245993614197,0.7511822432279587,source_3
dexamethasone,0.8433385491371155,0.8249659538269043,source_3
dexamethasone,2.265998363494873,0.9898784859105945,source_3
dexamethasone,1.0224090814590454,0.33944427967071533,source_15
dexamethasone,1.0130330324172974,0.28947722911834717,source_15
dexamethasone,1.013933777809143,0.28742116689682007,source_15
dexamethasone,0.99753737449646,0.30729544162750244,source_15
dexamethasone,1.008743166923523,0.3812044858932495,source_15
dexamethasone,0.999633252620697,0.29588788747787476,source_15
dexamethasone,0.9810957908630371,0.2709801197052002,source_15
dexamethasone,1.005934238433838,1.0444949343800545,source_15
dexamethasone,1.0190885066986084,0.74833545088768,source_15
dexamethasone,0.9986845850944519,0.3781367540359497,source_15
dexamethasone,1.0122877359390259,0.3141564130783081,source_15
dexamethasone,1.01631760597229,0.2348642349243164,source_15
dexamethasone,1.0140562057495117,0.5170340538024902,source_15
dexamethasone,1.0000004768371582,0.3495190739631653,source_15
dexamethasone,0.9836962223052979,0.32625889778137207,source_15
dexamethasone,0.9632105231285095,0.3604217767715454,source_15
dexamethasone,0.9708866477012634,0.3339186906814575,source_15
dexamethasone,0.9908077120780945,0.2786637544631958,source_15
dexamethasone,1.0032525062561035,0.36910080909729004,source_15
dexamethasone,0.9612215161323547,0.3358370065689087,source_15
dexamethasone,0.9871081709861755,0.3275798559188843,source_15
dexamethasone,0.968478798866272,0.3695771098136902,source_15
dexamethasone,0.9719699025154114,0.2893623113632202,source_15
dexamethasone,0.9450015425682068,0.3112694025039673,source_15
dexamethasone,0.9707340598106384,0.34347158670425415,source_15
dexamethasone,0.9552086591720581,0.38419950008392334,source_15
dexamethasone,0.9497371912002563,0.3075699210166931,source_15
dexamethasone,0.9362878799438477,0.3082556128501892,source_15
dexamethasone,0.9674478769302368,0.35606926679611206,source_15
dexamethasone,0.9734851717948914,0.3413141369819641,source_15
dexamethasone,1.5749577283859253,0.8338499218225479,source_15
dexamethasone,1.7570830583572388,0.801343560218811,source_15
dexamethasone,1.717093825340271,0.8084875196218491,source_15
dexamethasone,1.600181221961975,0.8472312092781067,source_15
dexamethasone,1.5460113286972046,0.797713503241539,source_15
dexamethasone,1.487447738647461,0.9139493778347969,source_15
dexamethasone,1.5201447010040283,0.8543282300233841,source_15
dexamethasone,1.4563734531402588,0.8157492130994797,source_15
dexamethasone,1.4531662464141846,0.8329946100711823,source_15
dexamethasone,1.4319326877593994,0.7915211617946625,source_15
dexamethasone,1.4064453840255737,0.7981562614440918,source_15
dexamethasone,1.3889410495758057,0.8331372141838074,source_15
dexamethasone,1.4265897274017334,0.8285082131624222,source_15
dexamethasone,1.3520561456680298,0.8087393641471863,source_15
dexamethasone,1.3075355291366577,0.7969031929969788,source_15
dexamethasone,1.287063717842102,0.753393828868866,source_15
dexamethasone,1.3109468221664429,0.8121034055948257,source_15
dexamethasone,1.3116960525512695,0.8547194302082062,source_15
dexamethasone,1.2968109846115112,0.8038091659545898,source_15
dexamethasone,1.3189669847488403,0.8380337953567505,source_15
dexamethasone,1.3557794094085693,0.8704776018857956,source_15
dexamethasone,1.349768877029419,0.7884298712015152,source_15
dexamethasone,1.2327172756195068,0.8557612150907516,source_15
dexamethasone,1.2552893161773682,0.7720668166875839,source_15
dexamethasone,1.2288994789123535,0.8722181767225266,source_15
dexamethasone,1.256510853767395,0.8350992500782013,source_15
dexamethasone,1.2012132406234741,0.8369399011135101,source_15
dexamethasone,1.2512092590332031,0.7559842765331268,source_15
dexamethasone,0.9726229310035706,0.28176748752593994,source_15
dexamethasone,0.9789671897888184,0.2797485589981079,source_15
dexamethasone,0.9715533256530762,0.3177224397659302,source_15
dexamethasone,1.0045086145401,0.3566964268684387,source_15
dexamethasone,1.0155137777328491,0.3128044605255127,source_15
dexamethasone,1.0129822492599487,0.6431891024112701,source_15
dexamethasone,1.2404969930648804,0.6732979714870453,source_15
dexamethasone,1.1508779525756836,0.7054576277732849,source_15
dexamethasone,1.137974739074707,0.7183794379234314,source_15
dexamethasone,1.1457581520080566,0.6405332088470459,source_15
dexamethasone,1.239436149597168,0.770136296749115,source_15
dexamethasone,1.1187489032745361,0.444230854511261,source_15
dexamethasone,1.255850911140442,0.5493195652961731,source_15
dexamethasone,1.3250095844268799,0.6832777261734009,source_15
dexamethasone,0.9647864699363708,0.3156895041465759,source_15
dexamethasone,1.1179115772247314,0.41515839099884033,source_15
dexamethasone,1.1836652755737305,0.4776729941368103,source_15
dexamethasone,1.1726138591766357,0.3660084009170532,source_15
dexamethasone,0.9842622876167297,0.4096810221672058,source_15
dexamethasone,0.9625005722045898,0.3544483184814453,source_15
dexamethasone,0.9621437191963196,0.3415029048919678,source_15
dexamethasone,0.9484245777130127,0.4961720108985901,source_15
dexamethasone,0.9449869990348816,0.40509164333343506,source_15
dexamethasone,1.2592051029205322,0.6109395623207092,source_15
dexamethasone,1.277018427848816,0.6161271929740906,source_15
dexamethasone,1.2543630599975586,0.5472010374069214,source_15
dexamethasone,1.2508695125579834,0.6257069408893585,source_15
dexamethasone,1.236382007598877,0.6802482903003693,source_15
dexamethasone,1.2718323469161987,0.5133658051490784,source_15
dexamethasone,1.2543238401412964,0.6172189712524414,source_15
dexamethasone,1.25525963306427,0.4919790029525757,source_15
dexamethasone,1.244489073753357,0.6847122013568878,source_15
dexamethasone,0.9095419645309448,0.4445139169692993,source_15
dexamethasone,0.910750687122345,0.3765793442726135,source_15
dexamethasone,0.9722983241081238,0.36413460969924927,source_15
dexamethasone,0.9951710104942322,0.3539245128631592,source_15
dexamethasone,0.9980770945549011,0.3666706085205078,source_15
dexamethasone,1.0111883878707886,0.3895101547241211,source_15
dexamethasone,1.0104434490203857,0.42434215545654297,source_15
dexamethasone,1.010553002357483,0.4980166554450989,source_15
dexamethasone,1.0033190250396729,0.48295748233795166,source_15
dexamethasone,1.0267781019210815,0.4839780330657959,source_15
dexamethasone,1.0475424528121948,0.3960763216018677,source_15
dexamethasone,1.043564796447754,0.41327959299087524,source_15
dexamethasone,1.049211859703064,0.40239083766937256,source_15
dexamethasone,1.0301547050476074,0.4225127696990967,source_15
dexamethasone,1.0177428722381592,0.3996347188949585,source_15
dexamethasone,1.0314322710037231,0.49553513526916504,source_15
dexamethasone,1.0235172510147095,0.34948766231536865,source_15
dexamethasone,1.0169967412948608,0.4412361979484558,source_15
dexamethasone,1.009968638420105,0.453521728515625,source_15
dexamethasone,1.0298712253570557,0.45472562313079834,source_15
dexamethasone,1.056311011314392,0.4020630717277527,source_15
dexamethasone,1.0399996042251587,0.44969642162323,source_15
dexamethasone,1.0362403392791748,0.4474625587463379,source_15
dexamethasone,1.0203012228012085,0.4885432720184326,source_15
dexamethasone,1.0146422386169434,0.3976924419403076,source_15
dexamethasone,1.0267856121063232,0.46691828966140747,source_15
dexamethasone,1.0058927536010742,0.3868595361709595,source_15
dexamethasone,1.0650709867477417,0.4086623191833496,source_15
dexamethasone,1.0602937936782837,0.4081888794898987,source_15
dexamethasone,1.0600076913833618,0.4980010986328125,source_15
dexamethasone,0.9856053590774536,0.4764993190765381,source_15
dexamethasone,1.0288923978805542,0.4669279456138611,source_15
dexamethasone,1.0203713178634644,0.4676344394683838,source_15
dexamethasone,1.053465485572815,0.5441828072071075,source_15
dexamethasone,0.920109748840332,0.9623169079422951,source_15
dexamethasone,0.9884553551673889,0.9396211579442024,source_15
dexamethasone,0.9792335629463196,0.8471669554710388,source_15
dexamethasone,0.9211306571960449,0.44296514987945557,source_15
dexamethasone,0.9317896962165833,0.36463749408721924,source_15
dexamethasone,0.8990591168403625,0.47967296838760376,source_15
dexamethasone,0.9192075729370117,0.6015985608100891,source_15
dexamethasone,0.941734254360199,1.05311369150877,source_15
dexamethasone,0.906723141670227,0.4544558525085449,source_15
dexamethasone,0.9581092596054077,0.8211232572793961,source_15
dexamethasone,1.031287670135498,0.4399823546409607,source_15
dexamethasone,0.9677035808563232,0.7605597823858261,source_15
dexamethasone,0.9523977637290955,0.566819965839386,source_15
dexamethasone,1.0218837261199951,0.5300489068031311,source_15
dexamethasone,1.0658077001571655,0.5609226822853088,source_15
dexamethasone,1.0469592809677124,0.910313069820404,source_15
dexamethasone,1.0520001649856567,0.5193949341773987,source_15
dexamethasone,1.0590115785598755,1.0084183253347874,source_15
dexamethasone,1.0200605392456055,0.7394077181816101,source_15
dexamethasone,1.0301812887191772,0.590520441532135,source_15
dexamethasone,0.9072862267494202,0.7155069708824158,source_15
dexamethasone,0.9372161030769348,0.5115486681461334,source_15
dexamethasone,0.5948193669319153,0.18278247117996216,source_3
dexamethasone,0.5824570059776306,0.23534506559371948,source_3
dexamethasone,0.5879406332969666,0.2613030672073364,source_3
dexamethasone,0.57337486743927,0.2043466567993164,source_3
dexamethasone,0.7586053609848022,0.19127416610717773,source_3
dexamethasone,0.5569820404052734,0.2465660572052002,source_3
dexamethasone,0.5760741233825684,0.20067232847213745,source_3
dexamethasone,0.5249798893928528,0.23041844367980957,source_3
dexamethasone,0.5986803770065308,0.25525444746017456,source_3
dexamethasone,0.6190364360809326,0.18112701177597046,source_3
dexamethasone,0.623282253742218,0.2184157371520996,source_3
dexamethasone,0.6223523616790771,0.17176830768585205,source_3
dexamethasone,0.5637431740760803,0.29981446266174316,source_3
dexamethasone,0.5877677202224731,0.2725091576576233,source_3
dexamethasone,0.5881014466285706,0.3142286539077759,source_3
dexamethasone,0.5857774019241333,0.2458907961845398,source_3
dexamethasone,0.5478916168212891,0.18787157535552979,source_3
dexamethasone,0.622915506362915,0.21715569496154785,source_3
dexamethasone,0.5292037725448608,0.20653879642486572,source_3
dexamethasone,0.5375195145606995,0.13318181037902832,source_3
dexamethasone,0.6648093461990356,0.22886693477630615,source_3
dexamethasone,0.5471058487892151,0.20611608028411865,source_3
dexamethasone,0.5920587778091431,0.18490010499954224,source_3
dexamethasone,0.574116051197052,0.26306891441345215,source_3
dexamethasone,0.6373608708381653,0.1875377893447876,source_3
dexamethasone,0.5740023255348206,0.23266875743865967,source_3
dexamethasone,0.5824000239372253,0.24389863014221191,source_3
dexamethasone,0.5773681402206421,0.212640643119812,source_3
dexamethasone,0.5909578204154968,0.19083213806152344,source_3
dexamethasone,0.599174439907074,0.25186091661453247,source_3
dexamethasone,0.6018074154853821,0.3272145986557007,source_3
dexamethasone,0.5971568822860718,0.21851301193237305,source_3
dexamethasone,0.5926021337509155,0.23854345083236694,source_3
dexamethasone,0.6324806213378906,0.22182172536849976,source_3
dexamethasone,0.6498435735702515,0.23645102977752686,source_3
dexamethasone,0.6511631608009338,0.2362983226776123,source_3
dexamethasone,1.2158666849136353,0.3253539800643921,source_1
dexamethasone,1.4573760032653809,0.9149047583341599,source_1
dexamethasone,1.0313482284545898,0.3579084873199463,source_1
dexamethasone,0.9583494663238525,0.1940094232559204,source_1
dexamethasone,1.1127898693084717,0.2964228391647339,source_1
dexamethasone,1.105958104133606,0.2657257318496704,source_1
dexamethasone,1.1475428342819214,0.38234806060791016,source_1
dexamethasone,1.0957715511322021,0.2094859480857849,source_1
dexamethasone,1.4428616762161255,0.7878887355327606,source_1
dexamethasone,1.465000867843628,0.7698711007833481,source_1
dexamethasone,1.3838093280792236,0.7837983816862106,source_1
dexamethasone,1.501639485359192,0.6637195646762848,source_1
dexamethasone,1.4902454614639282,0.6915552914142609,source_1
dexamethasone,1.5038257837295532,0.6232925653457642,source_1
dexamethasone,1.4735769033432007,0.7947489321231842,source_1
dexamethasone,1.379946231842041,0.770721971988678,source_1
dexamethasone,3.189445734024048,1.0224458184093237,source_1
dexamethasone,1.5403259992599487,0.7405933141708374,source_1
dexamethasone,1.0443648099899292,0.21931177377700806,source_1
dexamethasone,1.0405616760253906,0.2676788568496704,source_1
dexamethasone,1.069350242614746,0.3586520552635193,source_1
dexamethasone,1.2654722929000854,0.29685771465301514,source_1
dexamethasone,1.3089591264724731,0.3481481671333313,source_1
dexamethasone,0.9940695762634277,0.29074323177337646,source_1
dexamethasone,0.9591876268386841,0.24301737546920776,source_1
dexamethasone,1.002697229385376,0.22433173656463623,source_1
dexamethasone,1.0486360788345337,0.2168900966644287,source_1
dexamethasone,1.1739920377731323,0.2848423719406128,source_1
dexamethasone,1.0339958667755127,0.3567776679992676,source_1
dexamethasone,1.2362374067306519,0.2957956790924072,source_1
dexamethasone,1.222861647605896,0.31413722038269043,source_1
dexamethasone,1.2100468873977661,0.3315499424934387,source_1
dexamethasone,1.2419575452804565,0.30263495445251465,source_1
dexamethasone,1.2842003107070923,0.3270702362060547,source_1
dexamethasone,1.4062556028366089,0.5547606348991394,source_1
dexamethasone,1.750292420387268,0.6633657217025757,source_1
dexamethasone,1.306849479675293,0.4839717149734497,source_1
dexamethasone,1.1391727924346924,0.29876041412353516,source_1
dexamethasone,1.1715625524520874,0.26657748222351074,source_1
dexamethasone,1.1517963409423828,0.3053850531578064,source_1
dexamethasone,1.7399686574935913,0.43831437826156616,source_1
dexamethasone,1.0184811353683472,0.2767922282218933,source_1
dexamethasone,1.0987828969955444,0.2582155466079712,source_1
dexamethasone,1.0525791645050049,0.23887395858764648,source_1
dexamethasone,1.046615719795227,0.2566206455230713,source_1
dexamethasone,0.8354742527008057,0.20466119050979614,source_1
dexamethasone,1.2332355976104736,0.37011730670928955,source_1
dexamethasone,1.2572070360183716,0.49525606632232666,source_1
dexamethasone,1.3197033405303955,0.47431862354278564,source_1
dexamethasone,1.2271136045455933,0.27327561378479004,source_1
dexamethasone,1.2463610172271729,0.32532382011413574,source_1
FK-866,1.0305931568145752,0.18701648712158203,source_2
FK-866,1.0316288471221924,0.17823898792266846,source_2
FK-866,1.038230061531067,0.15790843963623047,source_2
FK-866,1.05032217502594,0.17569708824157715,source_2
FK-866,1.1830042600631714,0.1757529377937317,source_2
FK-866,1.0762486457824707,0.15737080574035645,source_2
FK-866,0.9796935319900513,0.20907771587371826,source_2
FK-866,0.9717709422111511,0.18022549152374268,source_2
FK-866,1.00404953956604,0.16915154457092285,source_2
FK-866,0.9787495732307434,0.19132113456726074,source_2
FK-866,0.9758021831512451,0.20288926362991333,source_2
FK-866,0.9728068113327026,0.18136370182037354,source_2
FK-866,1.009095311164856,0.18318277597427368,source_2
FK-866,1.024733066558838,0.20222222805023193,source_2
FK-866,1.9336682558059692,0.5101252198219299,source_2
FK-866,1.9699431657791138,0.493690550327301,source_2
FK-866,1.992943525314331,0.4893357753753662,source_2
FK-866,1.885191559791565,0.5065897703170776,source_2
FK-866,1.8514950275421143,0.44066929817199707,source_2
FK-866,1.8711854219436646,0.39346301555633545,source_2
FK-866,1.9614861011505127,0.45709025859832764,source_2
FK-866,1.9579455852508545,0.5343842804431915,source_2
FK-866,2.046285629272461,0.3975139856338501,source_2
FK-866,1.873935341835022,0.40475356578826904,source_2
FK-866,1.8917497396469116,0.41585272550582886,source_2
FK-866,1.8942205905914307,0.4453098773956299,source_2
FK-866,1.8452379703521729,0.39132261276245117,source_2
FK-866,1.8741562366485596,0.42170023918151855,source_2
FK-866,1.8830540180206299,0.5384996235370636,source_2
FK-866,1.9647119045257568,0.48131585121154785,source_2
FK-866,1.958827018737793,0.4569711685180664,source_2
FK-866,1.1010894775390625,0.2704014778137207,source_2
FK-866,1.099949836730957,0.2959848642349243,source_2
FK-866,1.1111040115356445,0.2859382629394531,source_2
FK-866,1.0937632322311401,0.2641485929489136,source_2
FK-866,1.1033638715744019,0.4354788064956665,source_2
FK-866,1.1076698303222656,0.26496052742004395,source_2
FK-866,1.1078948974609375,0.2435874342918396,source_2
FK-866,1.1095927953720093,0.27840471267700195,source_2
FK-866,1.1014865636825562,0.27250683307647705,source_2
FK-866,1.1065266132354736,0.24520337581634521,source_2
FK-866,1.1146103143692017,0.21907204389572144,source_2
FK-866,1.1131936311721802,0.33754658699035645,source_2
FK-866,1.1149033308029175,0.2767890691757202,source_2
FK-866,1.1234982013702393,0.2750558853149414,source_2
FK-866,1.1243171691894531,0.26849365234375,source_2
FK-866,1.1180320978164673,0.23183143138885498,source_2
FK-866,1.1285600662231445,0.2783172130584717,source_2
FK-866,1.1276271343231201,0.27980726957321167,source_2
FK-866,1.1380565166473389,0.26661229133605957,source_2
FK-866,1.1624988317489624,0.27226734161376953,source_2
FK-866,1.041762113571167,0.22622227668762207,source_2
FK-866,1.0511369705200195,0.28106218576431274,source_2
FK-866,1.0634430646896362,0.2455437183380127,source_2
FK-866,1.0557583570480347,0.21964937448501587,source_2
FK-866,1.0619159936904907,0.1993948221206665,source_2
FK-866,1.0654977560043335,0.17295420169830322,source_2
FK-866,1.0605775117874146,0.1989349126815796,source_2
FK-866,1.0592325925827026,0.22313719987869263,source_2
FK-866,1.0721867084503174,0.1884777545928955,source_2
FK-866,1.0930922031402588,0.23414796590805054,source_2
FK-866,1.0612552165985107,0.17463171482086182,source_2
FK-866,1.0848692655563354,0.22224551439285278,source_2
FK-866,1.0708552598953247,0.19948971271514893,source_2
FK-866,1.0633842945098877,0.1758168339729309,source_2
FK-866,1.0896159410476685,0.209195077419281,source_2
FK-866,1.1359928846359253,0.25308191776275635,source_2
FK-866,1.127510905265808,0.27516698837280273,source_2
FK-866,1.0436123609542847,0.22652983665466309,source_2
FK-866,1.0313382148742676,0.20071160793304443,source_2
FK-866,1.042995810508728,0.2092878818511963,source_2
FK-866,1.0016454458236694,0.2066470980644226,source_2
FK-866,0.9713514447212219,0.21163249015808105,source_2
FK-866,1.0332368612289429,0.24679166078567505,source_2
FK-866,1.0844674110412598,0.267254114151001,source_2
FK-866,1.0569671392440796,0.22436779737472534,source_2
FK-866,1.0140291452407837,0.2246561050415039,source_2
FK-866,1.073196530342102,0.24538791179656982,source_2
FK-866,1.0409797430038452,0.252260684967041,source_2
FK-866,1.080599308013916,0.2341156005859375,source_2
FK-866,1.2290669679641724,0.339413046836853,source_2
FK-866,1.2232766151428223,0.3404831886291504,source_2
FK-866,1.2890727519989014,0.3380810022354126,source_2
FK-866,1.1846356391906738,0.6547260880470276,source_2
FK-866,1.1599687337875366,0.3277456760406494,source_2
FK-866,2.727022647857666,0.5430994033813477,source_2
FK-866,2.882880449295044,0.49125975370407104,source_2
FK-866,2.723323345184326,0.5025484263896942,source_2
FK-866,2.6994519233703613,0.4598461985588074,source_2
FK-866,1.1123573780059814,0.22234618663787842,source_2
FK-866,1.1239899396896362,0.21130293607711792,source_2
FK-866,1.0998737812042236,0.25384724140167236,source_2
FK-866,1.097739338874817,0.18242812156677246,source_2
FK-866,1.1444138288497925,0.20943164825439453,source_2
FK-866,1.1060454845428467,0.20216089487075806,source_2
FK-866,1.1881412267684937,0.18834775686264038,source_2
FK-866,1.1628673076629639,0.22089791297912598,source_2
FK-866,1.1502139568328857,0.18819814920425415,source_2
FK-866,1.1317996978759766,0.1947040557861328,source_2
FK-866,1.1670174598693848,0.17386394739151,source_2
FK-866,1.1502571105957031,0.20962166786193848,source_2
FK-866,1.1756632328033447,0.20818305015563965,source_2
FK-866,1.1537288427352905,0.19088876247406006,source_2
FK-866,1.248084306716919,0.2155168056488037,source_2
FK-866,1.249279260635376,0.16449010372161865,source_2
FK-866,1.2126343250274658,0.18894743919372559,source_2
FK-866,1.1965014934539795,0.22177481651306152,source_2
FK-866,1.223354697227478,0.21209251880645752,source_2
FK-866,1.219850778579712,0.20294028520584106,source_2
FK-866,1.2364460229873657,0.26605796813964844,source_2
FK-866,1.303392767906189,0.22024035453796387,source_2
FK-866,1.2764787673950195,0.21921449899673462,source_2
FK-866,1.2343688011169434,0.2538667321205139,source_2
FK-866,1.219467043876648,0.26533663272857666,source_2
FK-866,1.2042635679244995,0.2462593913078308,source_2
FK-866,1.2170161008834839,0.2425745725631714,source_2
FK-866,1.201846718788147,0.2301267385482788,source_2
FK-866,1.2022920846939087,0.21888750791549683,source_2
FK-866,1.1700459718704224,0.2196512222290039,source_2
FK-866,1.2116317749023438,0.2229708433151245,source_2
FK-866,1.1902482509613037,0.24458062648773193,source_2
FK-866,1.1537145376205444,0.23240149021148682,source_2
FK-866,1.0969194173812866,0.20646053552627563,source_2
FK-866,1.1228225231170654,0.21439027786254883,source_2
FK-866,1.2462009191513062,0.2264748215675354,source_2
FK-866,1.2193827629089355,0.21163982152938843,source_2
FK-866,1.235282301902771,0.25693559646606445,source_2
FK-866,1.2313328981399536,0.215337336063385,source_2
FK-866,1.1953941583633423,0.21946072578430176,source_2
FK-866,1.2298719882965088,0.2337019443511963,source_2
FK-866,1.1786644458770752,0.23053550720214844,source_2
FK-866,1.2261714935302734,0.2501908540725708,source_2
FK-866,1.2534304857254028,0.21091872453689575,source_2
FK-866,1.2292985916137695,0.21539628505706787,source_2
FK-866,1.2091525793075562,0.25817108154296875,source_2
FK-866,1.04007089138031,0.26876628398895264,source_2
FK-866,0.9790961742401123,0.21364015340805054,source_2
FK-866,0.9779314398765564,0.24592489004135132,source_2
FK-866,0.9812828898429871,0.2094212770462036,source_2
FK-866,0.9722282290458679,0.36967337131500244,source_2
FK-866,0.9037846326828003,0.1674942970275879,source_2
FK-866,0.947555422782898,0.18247956037521362,source_2
FK-866,0.9721398949623108,0.19233757257461548,source_2
FK-866,0.948245108127594,0.18087369203567505,source_2
FK-866,0.9389373660087585,0.1808551549911499,source_2
FK-866,0.928533673286438,0.18118369579315186,source_2
FK-866,0.9201298356056213,0.18508487939834595,source_2
FK-866,0.9229199290275574,0.1694629192352295,source_2
FK-866,0.9138315320014954,0.17760038375854492,source_2
FK-866,0.9400967955589294,0.5522224307060242,source_2
FK-866,0.9202777743339539,0.16985374689102173,source_2
FK-866,0.9278185963630676,0.18457549810409546,source_2
FK-866,0.9211828708648682,0.18708336353302002,source_2
FK-866,0.9195734858512878,0.1983007788658142,source_2
FK-866,0.8939695358276367,0.17137032747268677,source_2
FK-866,1.025093913078308,0.2646494507789612,source_2
FK-866,0.918601393699646,0.17061960697174072,source_2
FK-866,0.9076372981071472,0.18013060092926025,source_2
FK-866,0.9185219407081604,0.16532379388809204,source_2
FK-866,0.9165230393409729,0.1609058380126953,source_2
FK-866,0.9186311960220337,0.1717454195022583,source_2
FK-866,0.9273250699043274,0.1581708788871765,source_2
FK-866,0.927374005317688,0.1873820424079895,source_2
FK-866,0.9208568930625916,0.17652451992034912,source_2
FK-866,0.930061399936676,0.18096405267715454,source_2
FK-866,0.9566289782524109,0.21746259927749634,source_2
FK-866,0.9474840760231018,0.19197607040405273,source_2
FK-866,0.9394665360450745,0.1684877872467041,source_2
FK-866,0.9632516503334045,0.21928775310516357,source_2
FK-866,0.9567491412162781,0.18839508295059204,source_2
FK-866,0.9676685929298401,0.20142263174057007,source_2
FK-866,0.9646694660186768,0.19393867254257202,source_2
FK-866,0.8896378874778748,0.18173450231552124,source_2
FK-866,0.8845226168632507,0.8539072126150131,source_2
FK-866,0.8734164834022522,0.15873980522155762,source_2
FK-866,0.890309751033783,0.19470763206481934,source_2
FK-866,0.8913121819496155,0.1922605037689209,source_2
FK-866,0.8931504487991333,0.17931288480758667,source_2
FK-866,0.8850570917129517,0.5365960896015167,source_2
FK-866,0.9061081409454346,0.18793153762817383,source_2
FK-866,0.9044787883758545,0.36238253116607666,source_2
FK-866,0.9154572486877441,0.25946807861328125,source_2
FK-866,0.9244836568832397,0.15170174837112427,source_2
FK-866,0.9249939918518066,0.16465425491333008,source_2
FK-866,0.9359138607978821,0.1597505807876587,source_2
FK-866,0.9351152181625366,0.19662970304489136,source_2
FK-866,0.9385316371917725,0.1868194341659546,source_2
FK-866,0.9472618103027344,0.1516658067703247,source_2
FK-866,0.9951973557472229,0.20960688591003418,source_2
FK-866,0.9829486608505249,0.1874731183052063,source_2
FK-866,0.9860420227050781,0.16809046268463135,source_2
FK-866,0.9914345741271973,0.17936837673187256,source_2
FK-866,1.0196418762207031,0.19124740362167358,source_2
FK-866,1.0343098640441895,0.18748903274536133,source_2
FK-866,1.044756293296814,0.2130197286605835,source_2
FK-866,1.0171494483947754,0.1999083161354065,source_2
FK-866,1.0302977561950684,0.1608492136001587,source_2
FK-866,1.0325887203216553,0.22835057973861694,source_2
FK-866,1.0321006774902344,0.19932067394256592,source_2
FK-866,1.1941498517990112,0.23042309284210205,source_2
FK-866,1.06875741481781,0.26877403259277344,source_2
FK-866,1.06747305393219,0.20062381029129028,source_2
FK-866,1.0756549835205078,0.19266843795776367,source_2
FK-866,1.09194016456604,0.1670372486114502,source_2
FK-866,1.0921874046325684,0.17346316576004028,source_2
FK-866,1.0823276042938232,0.17212671041488647,source_2
FK-866,1.1047136783599854,0.18756568431854248,source_2
FK-866,1.1275585889816284,0.19042181968688965,source_2
FK-866,0.9875828623771667,0.10110592842102051,source_6
FK-866,0.9690775871276855,0.09502589702606201,source_6
FK-866,0.9294679164886475,0.09850752353668213,source_6
FK-866,0.9307568669319153,0.09480178356170654,source_6
FK-866,0.9414159655570984,0.10604441165924072,source_6
FK-866,0.9321046471595764,0.10443723201751709,source_6
FK-866,0.9419704079627991,0.10705125331878662,source_6
FK-866,0.9310316443443298,0.09972500801086426,source_6
FK-866,0.9710522890090942,0.09718447923660278,source_6
FK-866,0.9549092650413513,0.11137884855270386,source_6
FK-866,0.9320846796035767,0.1036948561668396,source_6
FK-866,0.910632312297821,0.10501176118850708,source_6
FK-866,0.9261836409568787,0.11065411567687988,source_6
FK-866,0.913024365901947,0.1028738021850586,source_6
FK-866,0.9303575158119202,0.09780168533325195,source_6
FK-866,0.9747910499572754,0.13330048322677612,source_6
FK-866,0.8845386505126953,0.10144674777984619,source_6
FK-866,0.8792388439178467,0.12131887674331665,source_6
FK-866,0.8884406089782715,0.12079465389251709,source_6
FK-866,0.8913818597793579,0.12440598011016846,source_6
FK-866,0.8768104910850525,0.11943680047988892,source_6
FK-866,0.9077911376953125,0.12675637006759644,source_6
FK-866,0.9072461128234863,0.12378406524658203,source_6
FK-866,0.8777554035186768,0.1365870237350464,source_6
FK-866,0.8615472912788391,0.13728481531143188,source_6
FK-866,0.8604143261909485,0.14541029930114746,source_6
FK-866,0.8678549528121948,0.13512331247329712,source_6
FK-866,0.8733618855476379,0.15960484743118286,source_6
FK-866,0.8917244076728821,0.12499314546585083,source_6
FK-866,0.8867327570915222,0.12459993362426758,source_6
FK-866,0.8968932628631592,0.13992315530776978,source_6
FK-866,0.8910518288612366,0.1398777961730957,source_6
FK-866,0.8888673186302185,0.12080389261245728,source_6
FK-866,0.883137583732605,0.12124431133270264,source_6
FK-866,0.8801957964897156,0.12071621417999268,source_6
FK-866,0.8963082432746887,0.12291276454925537,source_6
FK-866,0.9335282444953918,0.09212344884872437,source_6
FK-866,0.9100169539451599,0.08958959579467773,source_6
FK-866,0.927730143070221,0.10995644330978394,source_6
FK-866,0.914759635925293,0.10351979732513428,source_6
FK-866,0.9314994215965271,0.10766327381134033,source_6
FK-866,0.9382925629615784,0.10766345262527466,source_6
FK-866,0.9431030750274658,0.10533773899078369,source_6
FK-866,0.9557077884674072,0.1152505874633789,source_6
FK-866,0.9156282544136047,0.10203838348388672,source_6
FK-866,0.8833410143852234,0.09441113471984863,source_6
FK-866,0.892914354801178,0.09842759370803833,source_6
FK-866,0.8816642761230469,0.10867971181869507,source_6
FK-866,0.9018277525901794,0.09600776433944702,source_6
FK-866,0.9080389738082886,0.09695190191268921,source_6
FK-866,0.9194785952568054,0.10310661792755127,source_6
FK-866,0.8955592513084412,0.10417914390563965,source_6
FK-866,0.8845133185386658,0.10538709163665771,source_6
FK-866,0.8615077137947083,0.10239064693450928,source_6
FK-866,0.8652416467666626,0.10421472787857056,source_6
FK-866,0.8873893618583679,0.09415543079376221,source_6
FK-866,0.9449164271354675,0.11758828163146973,source_6
FK-866,0.9309121966362,0.11660903692245483,source_6
FK-866,0.9293908476829529,0.10449564456939697,source_6
FK-866,0.94234299659729,0.1181492805480957,source_6
FK-866,0.9424647092819214,0.11830013990402222,source_6
FK-866,0.9386748671531677,0.1053154468536377,source_6
FK-866,0.9536768794059753,0.12864387035369873,source_6
FK-866,0.9141986966133118,0.10612189769744873,source_6
FK-866,0.8933819532394409,0.10436922311782837,source_6
FK-866,0.9176583290100098,0.10196387767791748,source_6
FK-866,0.9047401547431946,0.113009512424469,source_6
FK-866,0.9068616032600403,0.11706411838531494,source_6
FK-866,0.9210564494132996,0.10605025291442871,source_6
FK-866,0.9211028218269348,0.1153181791305542,source_6
FK-866,0.921805202960968,0.11644291877746582,source_6
FK-866,0.9775531888008118,0.16413021087646484,source_6
FK-866,0.9664843678474426,0.10735940933227539,source_6
FK-866,0.9037936925888062,0.1203305721282959,source_6
FK-866,0.9099990725517273,0.11275863647460938,source_6
FK-866,0.9328910708427429,0.11070621013641357,source_6
FK-866,0.9171048998832703,0.1084473729133606,source_6
FK-866,0.9217126369476318,0.10667741298675537,source_6
FK-866,0.9366518259048462,0.11512613296508789,source_6
FK-866,0.9153289198875427,0.12163311243057251,source_6
FK-866,0.9125669598579407,0.11303603649139404,source_6
FK-866,0.9071902632713318,0.11265528202056885,source_6
FK-866,0.919581413269043,0.11606860160827637,source_6
FK-866,0.9236836433410645,0.132726788520813,source_6
FK-866,0.9116888046264648,0.12570631504058838,source_6
FK-866,0.9003638625144958,0.11357998847961426,source_6
FK-866,0.9289759993553162,0.14461970329284668,source_6
FK-866,0.9521116614341736,0.1253417730331421,source_6
FK-866,0.9204267263412476,0.15017729997634888,source_6
FK-866,0.9213022589683533,0.22136259078979492,source_6
FK-866,0.93220055103302,0.14396226406097412,source_6
FK-866,0.9449268579483032,0.16070759296417236,source_6
FK-866,0.9422096610069275,0.14715224504470825,source_6
FK-866,0.9583530426025391,0.13962364196777344,source_6
FK-866,0.9391269683837891,0.1250954270362854,source_6
FK-866,1.045364260673523,0.1000552773475647,source_6
FK-866,1.0376017093658447,0.10549944639205933,source_6
FK-866,0.9992409944534302,0.09651285409927368,source_6
FK-866,0.9983330965042114,0.09130418300628662,source_6
FK-866,1.0089157819747925,0.09986352920532227,source_6
FK-866,0.9983081221580505,0.09336799383163452,source_6
FK-866,1.0162965059280396,0.0944896936416626,source_6
FK-866,0.9441982507705688,0.0829019546508789,source_6
FK-866,0.950977623462677,0.09374332427978516,source_6
FK-866,0.970402717590332,0.09776443243026733,source_6
FK-866,0.9458617568016052,0.08744633197784424,source_6
FK-866,0.930841326713562,0.0957726240158081,source_6
FK-866,0.9235552549362183,0.10092121362686157,source_6
FK-866,0.9290858507156372,0.09051388502120972,source_6
FK-866,0.9458059072494507,0.09977859258651733,source_6
FK-866,1.0262858867645264,0.10748171806335449,source_6
FK-866,0.9226470589637756,0.11244279146194458,source_6
FK-866,0.9123364686965942,0.11528152227401733,source_6
FK-866,0.8855107426643372,0.11425530910491943,source_6
FK-866,0.9139220714569092,0.13294434547424316,source_6
FK-866,0.8502560257911682,0.14784812927246094,source_6
FK-866,0.8636308312416077,0.11107504367828369,source_6
FK-866,0.8831206560134888,0.10934042930603027,source_6
FK-866,0.8823503255844116,0.14493095874786377,source_6
FK-866,0.8804886341094971,0.11551856994628906,source_6
FK-866,0.8848413825035095,0.12539172172546387,source_6
FK-866,0.8818726539611816,0.11302614212036133,source_6
FK-866,0.8969539403915405,0.11200648546218872,source_6
FK-866,0.9072041511535645,0.11448967456817627,source_6
FK-866,0.9005616307258606,0.10772067308425903,source_6
FK-866,0.9279975295066833,0.09897154569625854,source_6
FK-866,0.9136485457420349,0.11809074878692627,source_6
FK-866,0.851645827293396,0.1296013593673706,source_6
FK-866,0.8470475673675537,0.13559436798095703,source_6
FK-866,0.8381161093711853,0.11837530136108398,source_6
FK-866,0.8515269160270691,0.1235116720199585,source_6
FK-866,0.8564513921737671,0.12544822692871094,source_6
FK-866,0.867660641670227,0.11626142263412476,source_6
FK-866,0.8880574107170105,0.14641785621643066,source_6
FK-866,0.8532392978668213,0.12824797630310059,source_6
FK-866,0.8451563119888306,0.11598265171051025,source_6
FK-866,0.8487455248832703,0.11271274089813232,source_6
FK-866,0.8576387763023376,0.1313314437866211,source_6
FK-866,0.8446177840232849,0.11487281322479248,source_6
FK-866,0.9467216730117798,0.10812050104141235,source_6
FK-866,0.9404508471488953,0.13077974319458008,source_6
FK-866,0.9481207132339478,0.1367415189743042,source_6
FK-866,0.9471482634544373,0.11546504497528076,source_6
FK-866,0.9438918232917786,0.11482101678848267,source_6
FK-866,0.9394038319587708,0.115306556224823,source_6
FK-866,0.9658015370368958,0.12436580657958984,source_6
FK-866,0.9192186594009399,0.1357777714729309,source_6
FK-866,0.9437753558158875,0.13840758800506592,source_6
FK-866,0.9195136427879333,0.13237428665161133,source_6
FK-866,0.9230955839157104,0.1270732879638672,source_6
FK-866,0.9567211270332336,0.12470436096191406,source_6
FK-866,0.9521952271461487,0.1380174160003662,source_6
FK-866,0.9426183104515076,0.12543010711669922,source_6
FK-866,0.9057161808013916,0.16074955463409424,source_6
FK-866,0.9199166893959045,0.13875162601470947,source_6
FK-866,0.9180125594139099,0.1433171033859253,source_6
FK-866,0.8813466429710388,0.13852578401565552,source_6
FK-866,0.8818365931510925,0.1350749135017395,source_6
FK-866,0.8895772695541382,0.14439618587493896,source_6
FK-866,0.9035123586654663,0.13244140148162842,source_6
FK-866,0.8999499082565308,0.15410995483398438,source_6
FK-866,0.933915913105011,0.12312567234039307,source_6
FK-866,0.9273735284805298,0.12041878700256348,source_6
FK-866,0.9235552549362183,0.12737226486206055,source_6
FK-866,0.9339292645454407,0.14115577936172485,source_6
FK-866,0.9186457395553589,0.12789958715438843,source_6
FK-866,0.9180110692977905,0.1221919059753418,source_6
FK-866,0.9340420365333557,0.1115904450416565,source_6
FK-866,0.9566152691841125,0.10596543550491333,source_6
FK-866,0.9480758309364319,0.11789590120315552,source_6
FK-866,0.9532966017723083,0.11526697874069214,source_6
FK-866,0.9714323878288269,0.12142133712768555,source_6
FK-866,0.9936434030532837,0.10417461395263672,source_6
FK-866,0.8326422572135925,0.14490944147109985,source_6
FK-866,0.8577989339828491,0.10909473896026611,source_6
FK-866,0.8284213542938232,0.12032532691955566,source_6
FK-866,0.8137025237083435,0.1156274676322937,source_6
FK-866,0.8355607390403748,0.1302320957183838,source_6
FK-866,0.8576772809028625,0.12162041664123535,source_6
FK-866,0.8615961074829102,0.12563174962997437,source_6
FK-866,0.8784698247909546,0.10996782779693604,source_6
FK-866,0.8396720290184021,0.12502753734588623,source_6
FK-866,0.934228241443634,0.20968687534332275,source_6
FK-866,0.9232168793678284,0.1821441650390625,source_6
FK-866,0.913551926612854,0.17708414793014526,source_6
FK-866,0.9087904095649719,0.16704320907592773,source_6
FK-866,0.9127599596977234,0.1955796480178833,source_6
FK-866,0.9075224995613098,0.17993545532226562,source_6
FK-866,0.910495400428772,0.16419047117233276,source_6
FK-866,0.9082393050193787,0.16131144762039185,source_6
FK-866,0.9190161824226379,0.16522830724716187,source_6
FK-866,0.9470386505126953,0.17148548364639282,source_6
FK-866,0.9415091276168823,0.1537368893623352,source_6
FK-866,0.9329204559326172,0.14259696006774902,source_6
FK-866,0.933239221572876,0.15634608268737793,source_6
FK-866,0.9403699040412903,0.16353607177734375,source_6
FK-866,0.9364833235740662,0.1577068567276001,source_6
FK-866,0.9530637860298157,0.13354229927062988,source_6
FK-866,0.9588328003883362,0.17171567678451538,source_6
FK-866,0.973656952381134,0.16940546035766602,source_6
FK-866,0.9627459645271301,0.1633589267730713,source_6
FK-866,0.9661443829536438,0.1669166088104248,source_6
FK-866,0.976225733757019,0.15280616283416748,source_6
FK-866,0.9758988618850708,0.18183225393295288,source_6
FK-866,0.9409775137901306,0.1422126293182373,source_6
FK-866,0.9335401654243469,0.13711875677108765,source_6
FK-866,0.9162108898162842,0.13035887479782104,source_6
FK-866,0.9223672747612,0.14687323570251465,source_6
FK-866,0.9122447371482849,0.1475602388381958,source_6
FK-866,0.7340586185455322,0.17189598083496094,source_8
FK-866,0.9281929731369019,0.18913698196411133,source_8
FK-866,0.8744111061096191,0.18150019645690918,source_8
FK-866,0.6836337447166443,0.1586970090866089,source_8
FK-866,0.827415406703949,0.1679304838180542,source_8
FK-866,0.6629169583320618,0.1414656639099121,source_8
FK-866,1.141701340675354,0.36085474491119385,source_8
FK-866,0.61981600522995,0.1606670618057251,source_8
FK-866,0.7947167158126831,0.1408224105834961,source_8
FK-866,0.6120732426643372,0.15959250926971436,source_8
FK-866,0.7524213790893555,0.17487013339996338,source_8
FK-866,0.5880542397499084,0.19068169593811035,source_8
FK-866,0.7342283725738525,0.14898288249969482,source_8
FK-866,0.5995533466339111,0.16993367671966553,source_8
FK-866,0.7503295540809631,0.1597137451171875,source_8
FK-866,0.58113694190979,0.1577690839767456,source_8
FK-866,0.7421464920043945,0.14354264736175537,source_8
FK-866,0.5827152729034424,0.1656477451324463,source_8
FK-866,0.7234045267105103,0.1490645408630371,source_8
FK-866,0.5994588732719421,0.15313303470611572,source_8
FK-866,0.7209023833274841,0.7949383854866028,source_8
FK-866,0.5669990181922913,0.15313541889190674,source_8
FK-866,0.7186117172241211,0.1531459093093872,source_8
FK-866,0.5934810638427734,0.15123319625854492,source_8
FK-866,0.7073437571525574,0.14578378200531006,source_8
FK-866,0.5643445253372192,0.18295502662658691,source_8
FK-866,0.7228564023971558,0.14322036504745483,source_8
FK-866,0.5791866779327393,0.15167856216430664,source_8
FK-866,0.8812059164047241,0.22152113914489746,source_8
FK-866,0.5759458541870117,0.14795303344726562,source_8
FK-866,0.809643566608429,0.17643922567367554,source_8
FK-866,0.5675411224365234,0.14365023374557495,source_8
FK-866,0.7830514311790466,0.13064289093017578,source_8
FK-866,0.5406150817871094,0.17168712615966797,source_8
FK-866,0.7282206416130066,0.16748595237731934,source_8
FK-866,0.5641313195228577,0.14650726318359375,source_8
FK-866,0.7210825681686401,0.49906760454177856,source_8
FK-866,0.5957756042480469,0.14277136325836182,source_8
FK-866,0.7840587496757507,0.13723713159561157,source_8
FK-866,0.5595481395721436,0.14717090129852295,source_8
FK-866,0.7442046999931335,0.17542660236358643,source_8
FK-866,0.5465141534805298,0.1363435983657837,source_8
FK-866,0.7456681728363037,0.11963021755218506,source_8
FK-866,0.5528202652931213,0.11954295635223389,source_8
FK-866,0.7208882570266724,0.13351094722747803,source_8
FK-866,0.5667109489440918,0.13171792030334473,source_8
FK-866,0.789992094039917,0.16499686241149902,source_8
FK-866,0.9781021475791931,0.19744205474853516,source_8
FK-866,0.7291496992111206,0.21557575464248657,source_8
FK-866,0.8962234258651733,0.15700876712799072,source_8
FK-866,0.7242303490638733,0.16897380352020264,source_8
FK-866,0.9092778563499451,0.18221360445022583,source_8
FK-866,0.6261014938354492,0.15204143524169922,source_8
FK-866,0.8117229342460632,0.20709383487701416,source_8
FK-866,0.6956148147583008,0.14891886711120605,source_8
FK-866,0.9393864870071411,0.16524732112884521,source_8
FK-866,0.677232027053833,0.15290653705596924,source_8
FK-866,0.9168741106987,0.17565804719924927,source_8
FK-866,0.6750360131263733,0.1446671485900879,source_8
FK-866,0.8587704300880432,0.14282548427581787,source_8
FK-866,0.6376339793205261,0.13321983814239502,source_8
FK-866,0.8413451313972473,0.16256821155548096,source_8
FK-866,0.6345636248588562,0.14008748531341553,source_8
FK-866,0.7998962998390198,0.15799850225448608,source_8
FK-866,0.6245207786560059,0.14713728427886963,source_8
FK-866,0.8124527931213379,0.17067945003509521,source_8
FK-866,0.6152032017707825,0.17715394496917725,source_8
FK-866,0.818236768245697,0.17522341012954712,source_8
FK-866,0.6120657324790955,0.16180646419525146,source_8
FK-866,0.8017855882644653,0.17628026008605957,source_8
FK-866,0.6246873140335083,0.15495604276657104,source_8
FK-866,0.7827420830726624,0.2059110403060913,source_8
FK-866,0.6253777742385864,0.1414167881011963,source_8
FK-866,0.8083148002624512,0.1817416548728943,source_8
FK-866,0.6347422003746033,0.14473450183868408,source_8
FK-866,0.8389586806297302,0.17716670036315918,source_8
FK-866,0.607815146446228,0.151239812374115,source_8
FK-866,0.8238356113433838,0.18771839141845703,source_8
FK-866,0.6136397123336792,0.15400081872940063,source_8
FK-866,0.817761242389679,0.12576580047607422,source_8
FK-866,0.6401637196540833,0.12609702348709106,source_8
FK-866,0.8273544907569885,0.1637287139892578,source_8
FK-866,0.6384966373443604,0.13927745819091797,source_8
FK-866,0.6212508678436279,0.13939237594604492,source_8
FK-866,0.8633613586425781,0.1250685453414917,source_8
FK-866,0.623217761516571,0.16939663887023926,source_8
FK-866,0.646845817565918,0.1290196180343628,source_8
FK-866,0.8365171551704407,0.13774091005325317,source_8
FK-866,0.6473516821861267,0.1598498821258545,source_8
FK-866,0.8955092430114746,0.1931329369544983,source_8
FK-866,0.6421003937721252,0.16881054639816284,source_8
FK-866,0.9293414950370789,0.12770164012908936,source_8
FK-866,0.808430552482605,0.1818886399269104,source_8
FK-866,1.0716115236282349,0.23244810104370117,source_8
FK-866,0.7956074476242065,0.21895551681518555,source_8
FK-866,1.0040770769119263,0.20250928401947021,source_8
FK-866,0.7419978380203247,0.16478872299194336,source_8
FK-866,0.9705765247344971,0.22854840755462646,source_8
FK-866,0.7194200754165649,0.17972922325134277,source_8
FK-866,0.9190186858177185,0.18688154220581055,source_8
FK-866,0.656783938407898,0.20570820569992065,source_8
FK-866,0.9340088367462158,0.20401841402053833,source_8
FK-866,0.6373874545097351,0.19164401292800903,source_8
FK-866,0.8514571785926819,0.177575945854187,source_8
FK-866,0.6114959716796875,0.16879141330718994,source_8
FK-866,0.8959174752235413,0.20846670866012573,source_8
FK-866,0.6442720293998718,0.17671328783035278,source_8
FK-866,0.6455619931221008,0.1470571756362915,source_8
FK-866,0.8515380024909973,0.1558515429496765,source_8
FK-866,0.7320777773857117,0.14688777923583984,source_8
FK-866,0.974041223526001,0.19239193201065063,source_8
FK-866,0.6942538619041443,0.16730165481567383,source_8
FK-866,0.9259143471717834,0.1728990077972412,source_8
FK-866,0.6753620505332947,0.18504297733306885,source_8
FK-866,0.8616188764572144,0.17907190322875977,source_8
FK-866,0.6490331292152405,0.17658019065856934,source_8
FK-866,0.8244113326072693,0.21029341220855713,source_8
FK-866,0.6451765894889832,0.18428832292556763,source_8
FK-866,0.824501633644104,0.19266819953918457,source_8
FK-866,0.6414192914962769,0.15586847066879272,source_8
FK-866,0.8471817374229431,0.1757582426071167,source_8
FK-866,0.6399927139282227,0.17588329315185547,source_8
FK-866,0.6379532814025879,0.15351450443267822,source_8
FK-866,0.6346341967582703,0.19874060153961182,source_8
FK-866,0.8353796601295471,0.18666136264801025,source_8
FK-866,0.6328305006027222,0.17010730504989624,source_8
FK-866,0.8324345946311951,0.15113818645477295,source_8
FK-866,0.6264567375183105,0.14624136686325073,source_8
FK-866,0.7979576587677002,0.1490190029144287,source_8
FK-866,0.6121832728385925,0.15967726707458496,source_8
FK-866,0.8236252665519714,0.2143263816833496,source_8
FK-866,0.5995004177093506,0.19485986232757568,source_8
FK-866,0.8630850315093994,0.18647581338882446,source_8
FK-866,0.6268372535705566,0.16349709033966064,source_8
FK-866,0.8871863484382629,0.15959614515304565,source_8
FK-866,0.6401596665382385,0.1531934142112732,source_8
FK-866,0.9157595038414001,0.1940414309501648,source_8
FK-866,0.9101373553276062,0.19216769933700562,source_8
FK-866,0.8597490191459656,0.15912777185440063,source_8
FK-866,0.6418514251708984,0.22202110290527344,source_8
FK-866,0.6359990239143372,0.13157612085342407,source_8
FK-866,0.8515469431877136,0.1476128101348877,source_8
FK-866,0.615717351436615,0.1496262550354004,source_8
FK-866,0.8745982050895691,0.17020702362060547,source_8
FK-866,0.800573468208313,0.17848163843154907,source_8
FK-866,1.0859400033950806,0.23014605045318604,source_8
FK-866,1.1179872751235962,0.2067883014678955,source_8
FK-866,0.8009933233261108,0.15375149250030518,source_8
FK-866,0.9842972159385681,0.20913231372833252,source_8
FK-866,0.7341738939285278,0.1811070442199707,source_8
FK-866,0.9785498380661011,0.20351111888885498,source_8
FK-866,0.7541295886039734,0.1701260209083557,source_8
FK-866,1.0062987804412842,0.2641090154647827,source_8
FK-866,0.7322285175323486,0.1857544183731079,source_8
FK-866,0.9917340874671936,0.23882389068603516,source_8
FK-866,0.7015195488929749,0.17126017808914185,source_8
FK-866,0.9000590443611145,0.23274743556976318,source_8
FK-866,0.6762839555740356,0.1825699806213379,source_8
FK-866,0.9153687953948975,0.20792096853256226,source_8
FK-866,0.677830159664154,0.17260289192199707,source_8
FK-866,0.9002791047096252,0.20714616775512695,source_8
FK-866,0.6683627963066101,0.15913254022598267,source_8
FK-866,0.8880885243415833,0.2728506326675415,source_8
FK-866,0.861159086227417,0.19911551475524902,source_8
FK-866,0.656656801700592,0.19234734773635864,source_8
FK-866,0.8832257986068726,0.1445324420928955,source_8
FK-866,0.6445432901382446,0.25823938846588135,source_8
FK-866,0.8566056489944458,0.22869014739990234,source_8
FK-866,0.6437320709228516,0.18283629417419434,source_8
FK-866,0.859661340713501,0.219590961933136,source_8
FK-866,0.6306006908416748,0.16763347387313843,source_8
FK-866,0.8656826615333557,0.18479442596435547,source_8
FK-866,0.6393658518791199,0.21423131227493286,source_8
FK-866,0.8475890755653381,0.24646610021591187,source_8
FK-866,0.6475273370742798,0.16276752948760986,source_8
FK-866,0.8592355251312256,0.19472992420196533,source_8
FK-866,0.6890464425086975,0.17807400226593018,source_8
FK-866,0.7212410569190979,0.15340131521224976,source_8
FK-866,0.6291778087615967,0.17211532592773438,source_8
FK-866,0.9086681604385376,0.22525525093078613,source_8
FK-866,0.6139785647392273,0.14362913370132446,source_8
FK-866,0.8763331770896912,0.23116934299468994,source_8
FK-866,0.6310015320777893,0.15041673183441162,source_8
FK-866,0.8302111029624939,0.20830845832824707,source_8
FK-866,0.6375564932823181,0.1774536371231079,source_8
FK-866,0.868700385093689,0.25618767738342285,source_8
FK-866,0.6318729519844055,0.21594315767288208,source_8
FK-866,0.8983975648880005,0.2165929079055786,source_8
FK-866,0.6207162141799927,0.19079166650772095,source_8
FK-866,0.8894177675247192,0.2454705834388733,source_8
FK-866,0.6107983589172363,0.1628779172897339,source_8
FK-866,0.8529881238937378,0.2602606415748596,source_8
FK-866,0.6323885917663574,0.1587984561920166,source_8
FK-866,0.8587661981582642,0.21670347452163696,source_8
FK-866,0.6178416609764099,0.1617160439491272,source_8
FK-866,0.5996682643890381,0.9210185781121254,source_3
FK-866,0.6230122447013855,0.6909070312976837,source_3
FK-866,0.6198635697364807,1.0091241504997015,source_3
FK-866,0.5535006523132324,0.8633183985948563,source_3
FK-866,0.5684861540794373,0.8656505942344666,source_3
FK-866,0.5893366932868958,0.9627111069858074,source_3
FK-866,0.6120830178260803,0.843374639749527,source_3
FK-866,0.5705263018608093,0.7242558896541595,source_3
FK-866,0.609998345375061,0.9932356644421816,source_3
FK-866,0.6559404134750366,1.0121099380776286,source_3
FK-866,0.5970445275306702,0.7242211103439331,source_3
FK-866,0.6096326112747192,0.9327169507741928,source_3
FK-866,0.6540133357048035,1.023498311638832,source_3
FK-866,0.5403845906257629,0.66535285115242,source_3
FK-866,0.5891312956809998,0.7403336763381958,source_3
FK-866,0.6610137820243835,1.1735393851995468,source_3
FK-866,0.6155496835708618,0.8607273697853088,source_3
FK-866,0.5190552473068237,0.8904239982366562,source_3
FK-866,0.5894386768341064,0.8835358694195747,source_3
FK-866,0.7352344989776611,0.8562552034854889,source_3
FK-866,0.735124945640564,0.8448257446289062,source_3
FK-866,0.6886591911315918,0.10925757884979248,source_5
FK-866,0.682624101638794,0.11039966344833374,source_5
FK-866,0.6946238279342651,0.1189454197883606,source_5
FK-866,0.6895954012870789,0.09784913063049316,source_5
FK-866,0.6868112087249756,0.10370051860809326,source_5
FK-866,0.6914821863174438,0.09647780656814575,source_5
FK-866,0.700269341468811,0.10918843746185303,source_5
FK-866,0.7060083150863647,0.11168521642684937,source_5
FK-866,0.696448028087616,0.09570896625518799,source_5
FK-866,0.7034600377082825,0.1096729040145874,source_5
FK-866,0.705940842628479,0.11195772886276245,source_5
FK-866,0.6928442120552063,0.11768490076065063,source_5
FK-866,0.7024758458137512,0.12783777713775635,source_5
FK-866,0.6998400092124939,0.09882903099060059,source_5
FK-866,0.6938983798027039,0.11462581157684326,source_5
FK-866,0.6838425397872925,0.13643312454223633,source_5
FK-866,0.6828692555427551,0.13737499713897705,source_5
FK-866,0.695300281047821,0.13080310821533203,source_5
FK-866,0.6821972131729126,0.0868910551071167,source_5
FK-866,0.677436888217926,0.08048301935195923,source_5
FK-866,0.6703794002532959,0.09371578693389893,source_5
FK-866,0.6843375563621521,0.09489363431930542,source_5
FK-866,0.6909279227256775,0.14381426572799683,source_5
FK-866,0.6971735954284668,0.16250187158584595,source_5
FK-866,0.692138671875,0.12537848949432373,source_5
FK-866,0.7211413979530334,0.16924160718917847,source_5
FK-866,0.7222829461097717,0.17175638675689697,source_5
FK-866,0.7266436219215393,0.19040369987487793,source_5
FK-866,0.7148712277412415,0.15634453296661377,source_5
FK-866,0.7015231251716614,0.1606898307800293,source_5
FK-866,0.6643915176391602,0.1333547830581665,source_5
FK-866,0.6739948391914368,0.14030581712722778,source_5
FK-866,0.6810452342033386,0.16079699993133545,source_5
FK-866,0.6974601149559021,0.17103272676467896,source_5
FK-866,0.704286515712738,0.15070033073425293,source_5
FK-866,0.6979945302009583,0.12757515907287598,source_5
FK-866,0.6728981137275696,0.14141982793807983,source_5
FK-866,0.6783417463302612,0.1475542187690735,source_5
FK-866,0.6862267851829529,0.15403825044631958,source_5
FK-866,0.6822279691696167,0.1410844326019287,source_5
FK-866,0.6885761022567749,0.1699112057685852,source_5
FK-866,0.6852564215660095,0.1550966501235962,source_5
FK-866,0.6718346476554871,0.1471552848815918,source_5
FK-866,0.692543625831604,0.15808242559432983,source_5
FK-866,0.6524384617805481,0.10664033889770508,source_5
FK-866,0.6517457365989685,0.1101616621017456,source_5
FK-866,0.6591514348983765,0.10188430547714233,source_5
FK-866,0.6579924821853638,0.1143714189529419,source_5
FK-866,0.6551392078399658,0.1031457781791687,source_5
FK-866,0.6662417054176331,0.12161189317703247,source_5
FK-866,0.6674573421478271,0.1160312294960022,source_5
FK-866,0.6734402179718018,0.11693871021270752,source_5
FK-866,0.7260584831237793,0.11692464351654053,source_5
FK-866,0.7158082127571106,0.11642920970916748,source_5
FK-866,0.7205216288566589,0.12109041213989258,source_5
FK-866,0.7211717963218689,0.12992680072784424,source_5
FK-866,0.6999331116676331,0.12956488132476807,source_5
FK-866,0.7132751941680908,0.11924266815185547,source_5
FK-866,0.7207156419754028,0.13301169872283936,source_5
FK-866,0.7112074494361877,0.13636881113052368,source_5
FK-866,0.6738078594207764,0.13426238298416138,source_5
FK-866,0.6701700687408447,0.12019306421279907,source_5
FK-866,0.673568844795227,0.1453077793121338,source_5
FK-866,0.6641220450401306,0.1271599531173706,source_5
FK-866,0.6676461696624756,0.13663405179977417,source_5
FK-866,0.6808179020881653,0.15074282884597778,source_5
FK-866,0.6533839106559753,0.11678135395050049,source_5
FK-866,0.6532665491104126,0.12906253337860107,source_5
FK-866,0.6587871313095093,0.11700659990310669,source_5
FK-866,0.6609733700752258,0.1708216667175293,source_5
FK-866,0.6649209260940552,0.14539694786071777,source_5
FK-866,0.654924213886261,0.11722958087921143,source_5
FK-866,0.6577163338661194,0.11792415380477905,source_5
FK-866,0.6605387330055237,0.11236333847045898,source_5
FK-866,0.6479352712631226,0.1122846007347107,source_5
FK-866,0.6495640873908997,0.08685135841369629,source_5
FK-866,0.6494491696357727,0.10031622648239136,source_5
FK-866,0.6256919503211975,0.09486198425292969,source_5
FK-866,0.6302260756492615,0.09816575050354004,source_5
FK-866,0.6367409229278564,0.09880894422531128,source_5
FK-866,0.6306893229484558,0.10106778144836426,source_5
FK-866,0.6332005858421326,0.09591412544250488,source_5
FK-866,0.6413710117340088,0.08295536041259766,source_5
FK-866,0.6389178037643433,0.09488183259963989,source_5
FK-866,0.6599479913711548,0.12023067474365234,source_5
FK-866,0.6775903105735779,0.1365411877632141,source_5
FK-866,0.6725478768348694,0.1521739959716797,source_5
FK-866,0.656105637550354,0.11518716812133789,source_5
FK-866,0.6593345999717712,0.1343553066253662,source_5
FK-866,0.6568967700004578,0.11572051048278809,source_5
FK-866,0.6282676458358765,0.09546005725860596,source_5
FK-866,0.6319606304168701,0.0935789942741394,source_5
FK-866,0.6386500597000122,0.10219192504882812,source_5
FK-866,0.6329352259635925,0.0959007740020752,source_5
FK-866,0.6326931118965149,0.09668070077896118,source_5
FK-866,0.6430453658103943,0.09680259227752686,source_5
FK-866,0.6481317281723022,0.08939629793167114,source_5
FK-866,0.661342442035675,0.1037057638168335,source_5
FK-866,0.6603527069091797,0.09142768383026123,source_5
FK-866,0.6584030389785767,0.10648107528686523,source_5
FK-866,0.6452168226242065,0.09628510475158691,source_5
FK-866,0.651069164276123,0.09115731716156006,source_5
FK-866,0.6657274961471558,0.13130539655685425,source_5
FK-866,0.661785900592804,0.10402262210845947,source_5
FK-866,0.6645241379737854,0.10447561740875244,source_5
FK-866,0.6599166393280029,0.09186363220214844,source_5
FK-866,0.6285086870193481,0.12033385038375854,source_5
FK-866,0.6332676410675049,0.10223448276519775,source_5
FK-866,0.6983906030654907,0.1303425431251526,source_5
FK-866,0.6984323859214783,0.12267196178436279,source_5
FK-866,0.7044170498847961,0.12981772422790527,source_5
FK-866,0.678826093673706,0.1219019889831543,source_5
FK-866,0.6966452598571777,0.13414156436920166,source_5
FK-866,0.6865890026092529,0.15287083387374878,source_5
FK-866,0.6823027729988098,0.13354766368865967,source_5
FK-866,0.6904852390289307,0.1410064697265625,source_5
FK-866,0.6870647072792053,0.09765428304672241,source_5
FK-866,0.6681134700775146,0.09387516975402832,source_5
FK-866,0.6844095587730408,0.12173247337341309,source_5
FK-866,0.6810087561607361,0.10774266719818115,source_5
FK-866,0.6821924448013306,0.10641545057296753,source_5
FK-866,0.6792736053466797,0.10198837518692017,source_5
FK-866,0.6856545805931091,0.10976016521453857,source_5
FK-866,0.6923719644546509,0.15125411748886108,source_5
FK-866,0.7054017782211304,0.124106764793396,source_5
FK-866,0.6780983209609985,0.10772889852523804,source_5
FK-866,0.6978553533554077,0.11259126663208008,source_5
FK-866,0.6267969012260437,0.10366439819335938,source_5
FK-866,0.6302157640457153,0.09604978561401367,source_5
FK-866,0.6486083269119263,0.13232731819152832,source_5
FK-866,0.6369785070419312,0.09851491451263428,source_5
FK-866,0.6401369571685791,0.11250829696655273,source_5
FK-866,0.6424005627632141,0.12177526950836182,source_5
FK-866,0.6410953998565674,0.0981905460357666,source_5
FK-866,0.6419905424118042,0.11116546392440796,source_5
FK-866,0.6580125689506531,0.09377086162567139,source_5
FK-866,0.6566631197929382,0.11479341983795166,source_5
FK-866,0.6529250144958496,0.11214077472686768,source_5
FK-866,0.6548436880111694,0.11982882022857666,source_5
FK-866,0.6579908132553101,0.12550437450408936,source_5
FK-866,0.6642143726348877,0.12069231271743774,source_5
FK-866,0.6617921590805054,0.11265665292739868,source_5
FK-866,0.6614917516708374,0.09998548030853271,source_5
FK-866,0.65839684009552,0.10981249809265137,source_5
FK-866,0.6623432636260986,0.10201096534729004,source_5
FK-866,0.6707444787025452,0.12128090858459473,source_5
FK-866,0.6726229190826416,0.12611377239227295,source_5
FK-866,0.6686863303184509,0.12359088659286499,source_5
FK-866,0.6717250347137451,0.16152536869049072,source_5
FK-866,0.6712784171104431,0.13993382453918457,source_5
FK-866,0.6753908395767212,0.1459716558456421,source_5
FK-866,0.678800642490387,0.11819028854370117,source_5
FK-866,0.6829452514648438,0.10728466510772705,source_5
FK-866,0.6713822484016418,0.10321664810180664,source_5
FK-866,0.678307831287384,0.09178316593170166,source_5
FK-866,0.6809439659118652,0.11491554975509644,source_5
FK-866,0.6736052632331848,0.11179661750793457,source_5
FK-866,0.6739484071731567,0.09138226509094238,source_5
FK-866,0.6853549480438232,0.10148870944976807,source_5
FK-866,0.6801620721817017,0.11607140302658081,source_5
FK-866,0.6875477433204651,0.12235862016677856,source_5
FK-866,0.6794896125793457,0.11153459548950195,source_5
FK-866,0.688766598701477,0.128606915473938,source_5
FK-866,0.6836733222007751,0.13490009307861328,source_5
FK-866,0.6978744268417358,0.13404399156570435,source_5
FK-866,0.6790773868560791,0.11618173122406006,source_5
FK-866,0.6789159178733826,0.10766071081161499,source_5
FK-866,0.6818345785140991,0.10825836658477783,source_5
FK-866,0.6839433312416077,0.14676058292388916,source_5
FK-866,0.695559561252594,0.13017410039901733,source_5
FK-866,0.69586181640625,0.14704221487045288,source_5
FK-866,0.7005262970924377,0.16206324100494385,source_5
FK-866,0.6848046183586121,0.13294380903244019,source_5
FK-866,0.698492705821991,0.1531815528869629,source_5
FK-866,0.6986687779426575,0.13559651374816895,source_5
FK-866,0.6983036994934082,0.12601900100708008,source_5
FK-866,0.7037301063537598,0.12882447242736816,source_5
FK-866,0.7017300128936768,0.14163190126419067,source_5
FK-866,0.6948624849319458,0.13482218980789185,source_5
FK-866,0.6963965892791748,0.11551624536514282,source_5
FK-866,0.6985854506492615,0.10695463418960571,source_5
FK-866,0.7257619500160217,0.15546536445617676,source_5
FK-866,0.7248404026031494,0.14487433433532715,source_5
FK-866,0.7338423132896423,0.14657777547836304,source_5
FK-866,0.7215590476989746,0.13757455348968506,source_5
FK-866,0.6921917200088501,0.1228722333908081,source_5
FK-866,0.6870286464691162,0.115334153175354,source_5
FK-866,0.6961726546287537,0.15326857566833496,source_5
FK-866,0.7026640772819519,0.1654207706451416,source_5
FK-866,0.7017874121665955,0.145915687084198,source_5
FK-866,0.7006317377090454,0.15186166763305664,source_5
FK-866,0.6417679786682129,0.10093289613723755,source_5
FK-866,0.645996630191803,0.10429930686950684,source_5
FK-866,0.6439048051834106,0.09908461570739746,source_5
FK-866,0.6515172123908997,0.09574449062347412,source_5
FK-866,0.6710565090179443,0.11371976137161255,source_5
FK-866,0.6582479476928711,0.1066012978553772,source_5
FK-866,0.5836070775985718,0.22739267349243164,source_3
FK-866,0.5981117486953735,0.19745546579360962,source_3
FK-866,0.6031301617622375,0.16787242889404297,source_3
FK-866,0.5961374044418335,0.23785364627838135,source_3
FK-866,0.7165937423706055,0.22803354263305664,source_3
FK-866,0.7270040512084961,0.1972205638885498,source_3
FK-866,0.6479475498199463,0.17516058683395386,source_3
FK-866,0.5926424264907837,0.25971847772598267,source_3
FK-866,0.6238167881965637,0.1851104497909546,source_3
FK-866,0.6392449140548706,0.21420103311538696,source_3
FK-866,0.6282803416252136,0.19519966840744019,source_3
FK-866,0.6639497876167297,0.20934265851974487,source_3
FK-866,0.6040899753570557,0.17945420742034912,source_3
FK-866,0.6134955883026123,0.19335412979125977,source_3
FK-866,0.6753056049346924,0.22814583778381348,source_3
FK-866,0.6769551038742065,0.24259912967681885,source_3
FK-866,0.6655948758125305,0.21955633163452148,source_3
FK-866,0.6651871204376221,0.21244627237319946,source_3
FK-866,0.6386991143226624,0.18028217554092407,source_3
FK-866,0.6725649833679199,0.2345200777053833,source_3
FK-866,0.5207311511039734,0.20154261589050293,source_3
FK-866,0.5782876014709473,0.1797502040863037,source_3
FK-866,0.5702030062675476,0.17205893993377686,source_3
FK-866,0.5992295145988464,0.20249605178833008,source_3
FK-866,0.5754720568656921,0.17670929431915283,source_3
FK-866,0.5680087804794312,0.16325795650482178,source_3
FK-866,0.534924328327179,0.3072509765625,source_3
FK-866,0.5282779335975647,0.2523007392883301,source_3
FK-866,0.6025388836860657,0.2270943522453308,source_3
FK-866,0.6051704287528992,0.22465598583221436,source_3
FK-866,0.7699668407440186,0.29315274953842163,source_3
FK-866,0.6496105790138245,0.28703540563583374,source_3
FK-866,0.5749631524085999,0.2591439485549927,source_3
FK-866,0.5843514800071716,0.2440662384033203,source_3
FK-866,0.6294429898262024,0.2851378917694092,source_3
FK-866,0.5809742212295532,0.3169668912887573,source_3
FK-866,0.5543214678764343,0.17372804880142212,source_3
FK-866,0.5402359366416931,0.22166526317596436,source_3
FK-866,0.5676370859146118,0.18694424629211426,source_3
FK-866,0.5585834383964539,0.24509936571121216,source_3
FK-866,0.653171956539154,0.8207724392414093,source_3
FK-866,0.6452330350875854,0.6966670751571655,source_3
FK-866,0.6329552531242371,0.7638437449932098,source_3
FK-866,0.5946083664894104,0.6226186156272888,source_3
FK-866,0.6806858777999878,0.9362534806132317,source_3
FK-866,0.6322954297065735,0.7769090831279755,source_3
FK-866,0.6427746415138245,0.9134775400161743,source_3
FK-866,0.6022472977638245,0.8243487775325775,source_3
FK-866,0.621512770652771,0.7988007068634033,source_3
FK-866,0.6397337913513184,0.92534539103508,source_3
FK-866,0.6357105374336243,0.8474340438842773,source_3
FK-866,0.6311674118041992,1.0835858881473541,source_3
FK-866,0.65976881980896,1.0644309148192406,source_3
FK-866,0.6604949235916138,0.8167315423488617,source_3
FK-866,0.8665473461151123,0.9862881293520331,source_3
FK-866,0.6061413884162903,0.8315059840679169,source_3
FK-866,0.6384682059288025,0.9536728411912918,source_3
FK-866,0.6551523208618164,1.0248479098081589,source_3
FK-866,0.6240780353546143,0.8154589533805847,source_3
FK-866,0.6644260287284851,0.9232033491134644,source_3
FK-866,0.8512309789657593,0.8728870153427124,source_3
FK-866,0.8760470151901245,0.9112752377986908,source_3
FK-866,0.8729403614997864,1.1253208816051483,source_3
FK-866,0.8320139646530151,0.8678905516862869,source_3
FK-866,0.7918898463249207,0.9224297106266022,source_3
FK-866,0.7559844851493835,0.9752060808241367,source_3
FK-866,0.7282935976982117,0.8216317296028137,source_3
FK-866,0.7288774847984314,0.9692202098667622,source_3
FK-866,1.0943078994750977,0.8685675412416458,source_3
FK-866,1.1062707901000977,0.8497409224510193,source_3
FK-866,1.0772042274475098,0.742241382598877,source_3
FK-866,0.9556097388267517,1.0543167740106583,source_3
FK-866,0.8788667917251587,0.9553908780217171,source_3
FK-866,0.9817133545875549,1.0530638135969639,source_3
FK-866,1.093528389930725,0.8561411648988724,source_3
FK-866,0.9879788160324097,0.917078822851181,source_3
FK-866,0.8877352476119995,0.7704782038927078,source_3
FK-866,0.9679760932922363,0.9902871772646904,source_3
FK-866,0.9715948104858398,1.0960036143660545,source_3
FK-866,0.8975558280944824,0.9736173767596483,source_3
FK-866,0.5445321202278137,0.18095719814300537,source_3
FK-866,0.5542600750923157,0.1848585605621338,source_3
FK-866,0.5603033304214478,0.18210214376449585,source_3
FK-866,0.5058062076568604,0.17542147636413574,source_3
FK-866,0.5339706540107727,0.16890275478363037,source_3
FK-866,0.5396550893783569,0.17438989877700806,source_3
FK-866,0.555944561958313,0.2002948522567749,source_3
FK-866,0.5173291563987732,0.17574059963226318,source_3
FK-866,0.5246511697769165,0.18416762351989746,source_3
FK-866,0.561436653137207,0.18522590398788452,source_3
FK-866,0.500761866569519,0.18330812454223633,source_3
FK-866,0.5818254351615906,0.18298596143722534,source_3
FK-866,0.5727534294128418,0.22236984968185425,source_3
FK-866,0.5158975124359131,0.19250130653381348,source_3
FK-866,0.5575428009033203,0.20961976051330566,source_3
FK-866,0.5841132402420044,0.1955878734588623,source_3
FK-866,0.572507917881012,0.2055821418762207,source_3
FK-866,0.5758947134017944,0.20358651876449585,source_3
FK-866,0.5804470181465149,0.20784413814544678,source_3
FK-866,0.5999414920806885,0.20220136642456055,source_3
FK-866,0.5457763671875,0.1444385051727295,source_3
FK-866,0.5574971437454224,0.15194040536880493,source_3
FK-866,0.5506851673126221,0.12316393852233887,source_3
FK-866,0.6328579783439636,0.15022623538970947,source_3
FK-866,0.6016655564308167,0.16948813199996948,source_3
FK-866,0.536433219909668,0.12618190050125122,source_3
FK-866,0.663735032081604,0.16781562566757202,source_3
FK-866,0.70135098695755,0.2226783037185669,source_3
FK-866,0.6013749241828918,0.12651562690734863,source_3
FK-866,0.6158700585365295,0.1690082550048828,source_3
FK-866,0.6306511759757996,0.14871400594711304,source_3
FK-866,0.5334679484367371,0.12828975915908813,source_3
FK-866,0.6153985857963562,0.1578192114830017,source_3
FK-866,0.6418440937995911,0.14989876747131348,source_3
FK-866,0.6592233180999756,0.16286855936050415,source_3
FK-866,0.6020299196243286,0.15796655416488647,source_3
FK-866,0.5282220244407654,0.127616286277771,source_3
FK-866,0.6153180003166199,0.1569533348083496,source_3
FK-866,0.6428673267364502,0.15939664840698242,source_3
FK-866,0.5988472700119019,0.14163482189178467,source_3
FK-866,0.5674463510513306,0.20273995399475098,source_3
FK-866,0.589401125907898,0.19026625156402588,source_3
FK-866,0.5986008644104004,0.18818020820617676,source_3
FK-866,0.5895670652389526,0.17955785989761353,source_3
FK-866,0.49013951420783997,0.16899114847183228,source_3
FK-866,0.51319819688797,0.17529559135437012,source_3
FK-866,0.49200239777565,0.15328586101531982,source_3
FK-866,0.5770546793937683,0.19818353652954102,source_3
FK-866,0.594610333442688,0.19565117359161377,source_3
FK-866,0.6011142134666443,0.19421309232711792,source_3
FK-866,0.6146664619445801,0.1852617859840393,source_3
FK-866,0.6303322315216064,0.2049524188041687,source_3
FK-866,0.6299753785133362,0.1902785301208496,source_3
FK-866,0.502512514591217,0.13847053050994873,source_3
FK-866,0.4581645131111145,0.1578516960144043,source_3
FK-866,0.4878444969654083,0.16434717178344727,source_3
FK-866,0.4961055815219879,0.15964555740356445,source_3
FK-866,1.4306142330169678,0.45369040966033936,source_7
FK-866,1.4551661014556885,0.3296191692352295,source_7
FK-866,1.4380979537963867,0.2940826416015625,source_7
FK-866,1.4188005924224854,0.2748834490776062,source_7
FK-866,1.4584928750991821,0.28605324029922485,source_7
FK-866,1.425976276397705,0.2470841407775879,source_7
FK-866,1.424285888671875,0.3420419692993164,source_7
FK-866,1.447680115699768,0.34487736225128174,source_7
FK-866,1.4179556369781494,0.2608298063278198,source_7
FK-866,1.4055894613265991,0.24230611324310303,source_7
FK-866,1.4251904487609863,0.26371437311172485,source_7
FK-866,1.4775640964508057,0.3085426688194275,source_7
FK-866,1.392528772354126,0.28321170806884766,source_7
FK-866,1.3165977001190186,0.2763679027557373,source_7
FK-866,1.2928571701049805,0.2495518922805786,source_7
FK-866,1.226798176765442,0.26577627658843994,source_7
FK-866,1.2870069742202759,0.27736514806747437,source_7
FK-866,1.3037352561950684,0.23334580659866333,source_7
FK-866,1.2903873920440674,0.25517845153808594,source_7
FK-866,1.3061497211456299,0.3045617341995239,source_7
FK-866,1.2561111450195312,0.24813681840896606,source_7
FK-866,1.1869113445281982,0.35150599479675293,source_7
FK-866,1.225843906402588,0.2872811555862427,source_7
FK-866,1.2661973237991333,0.32351505756378174,source_7
FK-866,1.2052016258239746,0.24441683292388916,source_7
FK-866,1.192463755607605,0.25603634119033813,source_7
FK-866,1.2177760601043701,0.25489699840545654,source_7
FK-866,1.1836559772491455,0.4905652403831482,source_7
FK-866,1.1847130060195923,0.2367795705795288,source_7
FK-866,1.1786301136016846,0.2653799057006836,source_7
FK-866,1.1849616765975952,0.21140050888061523,source_7
FK-866,1.1836515665054321,0.2884320020675659,source_7
FK-866,1.2285593748092651,0.22613799571990967,source_7
FK-866,1.1818798780441284,0.24005496501922607,source_7
FK-866,1.1822854280471802,0.3021467924118042,source_7
FK-866,1.203763723373413,0.28925085067749023,source_7
FK-866,1.1863212585449219,0.2481309175491333,source_7
FK-866,1.189944863319397,0.2525014281272888,source_7
FK-866,1.2171918153762817,0.36174702644348145,source_7
FK-866,1.2123773097991943,0.264589786529541,source_7
FK-866,1.2280588150024414,0.25766193866729736,source_7
FK-866,1.2024974822998047,0.263655424118042,source_7
FK-866,1.2126517295837402,0.37410056591033936,source_7
FK-866,1.2211945056915283,0.26484715938568115,source_7
FK-866,1.234215259552002,0.49293065071105957,source_7
FK-866,1.224427580833435,0.34503376483917236,source_7
FK-866,1.2251694202423096,0.32425594329833984,source_7
FK-866,1.188146948814392,0.3188728094100952,source_7
FK-866,1.229832649230957,0.29912877082824707,source_7
FK-866,1.1716248989105225,0.34787046909332275,source_7
FK-866,1.1732230186462402,0.36683154106140137,source_7
FK-866,1.1283754110336304,0.30996227264404297,source_7
FK-866,1.1284343004226685,0.32738518714904785,source_7
FK-866,1.1734367609024048,0.31422626972198486,source_7
FK-866,1.1792402267456055,0.329903244972229,source_7
FK-866,1.204894781112671,0.3114062547683716,source_7
FK-866,1.2420583963394165,0.2947436571121216,source_7
FK-866,1.1915682554244995,0.2865000367164612,source_7
FK-866,1.152854084968567,0.26625126600265503,source_7
FK-866,1.1833912134170532,0.3126862049102783,source_7
FK-866,1.1723792552947998,0.2679765224456787,source_7
FK-866,1.1792675256729126,0.27320098876953125,source_7
FK-866,1.171044945716858,0.2770324945449829,source_7
FK-866,1.1683679819107056,0.2885240316390991,source_7
FK-866,1.2121447324752808,0.3454585075378418,source_7
FK-866,1.2089941501617432,0.32860225439071655,source_7
FK-866,1.601305365562439,0.5554230511188507,source_7
FK-866,1.67333984375,0.5184565186500549,source_7
FK-866,1.5457361936569214,0.45073401927948,source_7
FK-866,1.4162824153900146,0.4043586254119873,source_7
FK-866,1.3281848430633545,0.34641921520233154,source_7
FK-866,1.3175978660583496,0.32620418071746826,source_7
FK-866,1.3161457777023315,0.2978947162628174,source_7
FK-866,1.2890905141830444,0.3119300603866577,source_7
FK-866,1.2413021326065063,0.2794334292411804,source_7
FK-866,1.210310459136963,0.3522465229034424,source_7
FK-866,1.2087419033050537,0.33970844745635986,source_7
FK-866,1.1868391036987305,0.4095686674118042,source_7
FK-866,1.1790745258331299,0.3696770668029785,source_7
FK-866,1.24618399143219,0.2720518112182617,source_7
FK-866,1.2148240804672241,0.33482009172439575,source_7
FK-866,1.1977145671844482,0.4238553047180176,source_7
FK-866,1.2189075946807861,0.354442834854126,source_7
FK-866,1.1885440349578857,0.3561588525772095,source_7
FK-866,1.3549684286117554,0.4795769453048706,source_7
FK-866,1.2950310707092285,0.41298818588256836,source_7
FK-866,1.2686691284179688,0.4359503388404846,source_7
FK-866,1.3151423931121826,0.4833347201347351,source_7
FK-866,1.4250410795211792,0.4375854730606079,source_7
FK-866,1.3143818378448486,0.39207005500793457,source_7
FK-866,1.2344833612442017,0.4523470997810364,source_7
FK-866,1.2224172353744507,0.40524619817733765,source_7
FK-866,1.3855907917022705,0.3201320171356201,source_7
FK-866,1.2847121953964233,0.36239349842071533,source_7
FK-866,1.2386231422424316,0.39801859855651855,source_7
FK-866,1.2360666990280151,0.43280768394470215,source_7
FK-866,1.2754029035568237,0.3991222381591797,source_7
FK-866,1.2698265314102173,0.4167764186859131,source_7
FK-866,1.2572208642959595,0.48548412322998047,source_7
FK-866,1.2848684787750244,0.3890935182571411,source_7
FK-866,1.270529866218567,0.390200138092041,source_7
FK-866,1.2438545227050781,0.4097188711166382,source_7
FK-866,1.2642794847488403,0.3904792070388794,source_7
FK-866,1.2795637845993042,0.39057672023773193,source_7
FK-866,1.26340651512146,0.37438738346099854,source_7
FK-866,1.2465578317642212,0.3874783515930176,source_7
FK-866,1.2562206983566284,0.39640867710113525,source_7
FK-866,1.1330314874649048,0.29040801525115967,source_7
FK-866,1.2962646484375,0.28950250148773193,source_7
FK-866,1.211053729057312,0.4073296785354614,source_7
FK-866,1.0527299642562866,0.3406173586845398,source_7
FK-866,1.2013533115386963,0.3871791958808899,source_7
FK-866,1.1686055660247803,0.21977519989013672,source_7
FK-866,1.0588973760604858,0.33083099126815796,source_7
FK-866,1.1956089735031128,0.31952035427093506,source_7
FK-866,0.7652983069419861,0.1748836636543274,source_10
FK-866,0.70418381690979,0.16017591953277588,source_10
FK-866,0.7394319772720337,0.18866372108459473,source_10
FK-866,0.7632085680961609,0.16219842433929443,source_10
FK-866,0.7627989649772644,0.19925707578659058,source_10
FK-866,0.7807422876358032,0.17594408988952637,source_10
FK-866,0.7858739495277405,0.1877257227897644,source_10
FK-866,0.8394156694412231,0.20315557718276978,source_10
FK-866,0.7159210443496704,0.15848296880722046,source_10
FK-866,0.7286481261253357,0.15514039993286133,source_10
FK-866,0.7389408349990845,0.1806444525718689,source_10
FK-866,0.7246220707893372,0.13578271865844727,source_10
FK-866,0.7301930785179138,0.16173654794692993,source_10
FK-866,0.7254037261009216,0.14855259656906128,source_10
FK-866,0.7375603318214417,0.16916239261627197,source_10
FK-866,0.6938991546630859,0.19202953577041626,source_10
FK-866,0.6935639381408691,0.16502785682678223,source_10
FK-866,0.6832239031791687,0.22986853122711182,source_10
FK-866,0.7051969766616821,0.18570613861083984,source_10
FK-866,0.7107673287391663,0.20674574375152588,source_10
FK-866,0.707205593585968,0.16516196727752686,source_10
FK-866,0.7179107666015625,0.2137410044670105,source_10
FK-866,0.7242607474327087,0.21513378620147705,source_10
FK-866,0.7483208775520325,0.21036666631698608,source_10
FK-866,0.7293388247489929,0.1846015453338623,source_10
FK-866,0.7499856948852539,0.18943440914154053,source_10
FK-866,0.7427662014961243,0.19987595081329346,source_10
FK-866,0.7585691809654236,0.17909961938858032,source_10
FK-866,0.7186317443847656,0.1908988356590271,source_10
FK-866,0.6484324932098389,0.1896369457244873,source_10
FK-866,0.6375455856323242,0.1758188009262085,source_10
FK-866,0.6621318459510803,0.22537803649902344,source_10
FK-866,0.7042112350463867,0.2405698299407959,source_10
FK-866,0.7368509769439697,0.1653132438659668,source_10
FK-866,0.7484428882598877,0.1833704710006714,source_10
FK-866,0.7452749609947205,0.1661531925201416,source_10
FK-866,0.7502570748329163,0.19293105602264404,source_10
FK-866,0.7402638792991638,0.17074108123779297,source_10
FK-866,0.7542449235916138,0.1844925880432129,source_10
FK-866,0.716702938079834,0.17176347970962524,source_10
FK-866,0.705208420753479,0.164811909198761,source_10
FK-866,0.7431174516677856,0.1888183355331421,source_10
FK-866,0.7309626936912537,0.17870211601257324,source_10
FK-866,0.7361827492713928,0.19682252407073975,source_10
FK-866,0.7438428997993469,0.18869125843048096,source_10
FK-866,0.7569270133972168,0.21484971046447754,source_10
FK-866,0.7161357998847961,0.18877410888671875,source_10
FK-866,0.698437511920929,0.15302830934524536,source_10
FK-866,0.7182675004005432,0.14951050281524658,source_10
FK-866,0.7024641633033752,0.1565847396850586,source_10
FK-866,0.720037043094635,0.16395527124404907,source_10
FK-866,0.7115004658699036,0.18694722652435303,source_10
FK-866,0.6392455101013184,0.1538744568824768,source_10
FK-866,0.8135678172111511,0.33076512813568115,source_10
FK-866,0.7836143374443054,0.24333393573760986,source_10
FK-866,0.7625885009765625,0.22618353366851807,source_10
FK-866,0.7378958463668823,0.18467265367507935,source_10
FK-866,0.7535517811775208,0.20283818244934082,source_10
FK-866,0.7714757919311523,0.20347273349761963,source_10
FK-866,0.7828425765037537,0.21552997827529907,source_10
FK-866,0.6643677353858948,0.17176276445388794,source_10
FK-866,0.6956585049629211,0.160314679145813,source_10
FK-866,0.7332441210746765,0.1816520094871521,source_10
FK-866,0.7017207145690918,0.1926180124282837,source_10
FK-866,0.6356827616691589,0.17523682117462158,source_10
FK-866,0.7115398645401001,0.22938400506973267,source_10
FK-866,0.6897315979003906,0.1787346601486206,source_10
FK-866,0.7418475151062012,0.20913165807724,source_10
FK-866,0.7428884506225586,0.1810605525970459,source_10
FK-866,0.7356809377670288,0.17823278903961182,source_10
FK-866,0.7318363785743713,0.1749277114868164,source_10
FK-866,0.7264675498008728,0.19546616077423096,source_10
FK-866,0.7486199736595154,0.21736997365951538,source_10
FK-866,0.6535945534706116,0.1729753017425537,source_10
FK-866,0.67091965675354,0.17250967025756836,source_10
FK-866,0.6723655462265015,0.16967737674713135,source_10
FK-866,0.6676797270774841,0.2111770510673523,source_10
FK-866,0.677435576915741,0.16911548376083374,source_10
FK-866,0.7529630661010742,0.23846745491027832,source_10
FK-866,0.7650482654571533,0.23317945003509521,source_10
FK-866,0.7829801440238953,0.2267528772354126,source_10
FK-866,0.7900485992431641,0.22652137279510498,source_10
FK-866,0.7750866413116455,0.2512919306755066,source_10
FK-866,0.7292654514312744,0.25618278980255127,source_10
FK-866,0.7599695920944214,0.2334589958190918,source_10
FK-866,0.7796003222465515,0.28262245655059814,source_10
FK-866,0.7334724068641663,0.18699300289154053,source_10
FK-866,0.7484967112541199,0.19041985273361206,source_10
FK-866,0.6239322423934937,0.27973783016204834,source_10
FK-866,0.740860104560852,0.22550398111343384,source_10
FK-866,0.7616809606552124,0.21528416872024536,source_10
FK-866,0.7604078650474548,0.300856351852417,source_10
FK-866,0.7059587240219116,0.21269088983535767,source_10
FK-866,0.7154203653335571,0.24050045013427734,source_10
FK-866,0.7249951958656311,0.23320841789245605,source_10
FK-866,0.7115234732627869,0.24186921119689941,source_10
FK-866,0.7178288102149963,0.19158858060836792,source_10
FK-866,0.7160231471061707,0.20719194412231445,source_10
FK-866,0.7428821325302124,0.20438778400421143,source_10
FK-866,0.7451248168945312,0.22508728504180908,source_10
FK-866,0.7655348777770996,0.25452691316604614,source_10
FK-866,0.7543515563011169,0.22642838954925537,source_10
FK-866,0.7086412310600281,0.192499577999115,source_10
FK-866,0.6942333579063416,0.2634774446487427,source_10
FK-866,0.7202811241149902,0.2310248613357544,source_10
FK-866,0.7211544513702393,0.23715072870254517,source_10
FK-866,0.7139182090759277,0.24377059936523438,source_10
FK-866,0.74519944190979,0.24896615743637085,source_10
FK-866,0.7730028629302979,0.2476763129234314,source_10
FK-866,0.7818006873130798,0.2516721487045288,source_10
FK-866,0.6599276065826416,0.20192885398864746,source_10
FK-866,0.653968095779419,0.19173204898834229,source_10
FK-866,0.672362744808197,0.18287348747253418,source_10
FK-866,0.6770431995391846,0.20744061470031738,source_10
FK-866,0.7184799909591675,0.19280612468719482,source_10
FK-866,0.7274882793426514,0.17966628074645996,source_10
FK-866,0.7264822721481323,0.1940203309059143,source_10
FK-866,0.7522729635238647,0.1800408959388733,source_10
FK-866,0.7362505197525024,0.2174052596092224,source_10
FK-866,0.6835898756980896,0.19904685020446777,source_10
FK-866,0.7057796120643616,0.22426140308380127,source_10
FK-866,0.7191607356071472,0.23772680759429932,source_10
FK-866,0.7077642679214478,0.2135084867477417,source_10
FK-866,0.7497695088386536,0.2500211000442505,source_10
FK-866,0.7731326222419739,0.21880781650543213,source_10
FK-866,0.746772289276123,0.2559075355529785,source_10
FK-866,0.7661683559417725,0.2477504014968872,source_10
FK-866,0.7851459980010986,0.33263933658599854,source_10
FK-866,0.816535472869873,0.28108900785446167,source_10
FK-866,0.8155383467674255,0.31477123498916626,source_10
FK-866,0.8216452598571777,0.29690712690353394,source_10
FK-866,0.8592255711555481,0.3000425696372986,source_10
FK-866,0.7116147875785828,0.1850946545600891,source_10
FK-866,0.7015097737312317,0.20211201906204224,source_10
FK-866,0.7085792422294617,0.20615291595458984,source_10
FK-866,0.7162646055221558,0.20202255249023438,source_10
FK-866,0.720564067363739,0.194341242313385,source_10
FK-866,0.71439528465271,0.2110912799835205,source_10
FK-866,0.730579674243927,0.23175013065338135,source_10
FK-866,0.7309128046035767,0.20984166860580444,source_10
FK-866,0.6899097561836243,0.21165674924850464,source_10
FK-866,0.6766301989555359,0.1926133632659912,source_10
FK-866,0.6664231419563293,0.19519996643066406,source_10
FK-866,0.6620888113975525,0.19487667083740234,source_10
FK-866,0.6863516569137573,0.22883403301239014,source_10
FK-866,0.6758784651756287,0.18916046619415283,source_10
FK-866,0.6806051731109619,0.2045506238937378,source_10
FK-866,0.6985185146331787,0.21397781372070312,source_10
FK-866,0.7641133666038513,0.2528188228607178,source_10
FK-866,0.7702850699424744,0.2235015630722046,source_10
FK-866,0.7793917655944824,0.21152377128601074,source_10
FK-866,0.8457093834877014,0.25638866424560547,source_10
FK-866,0.8112646341323853,0.24766796827316284,source_10
FK-866,0.8064252734184265,0.23245751857757568,source_10
FK-866,0.7904064059257507,0.205610454082489,source_10
FK-866,0.8093577027320862,0.256555438041687,source_10
FK-866,0.9076381325721741,0.26384806632995605,source_10
FK-866,0.8930073380470276,0.38989508152008057,source_10
FK-866,0.8508678078651428,0.29788732528686523,source_10
FK-866,0.8903152346611023,0.3273981809616089,source_10
FK-866,0.8651230931282043,0.3237237334251404,source_10
FK-866,0.8587285280227661,0.3275914192199707,source_10
FK-866,0.8465259075164795,0.2674698233604431,source_10
FK-866,0.8594754934310913,0.2928588390350342,source_10
FK-866,0.6139491200447083,0.21192210912704468,source_10
FK-866,0.669258713722229,0.21196389198303223,source_10
FK-866,0.6756889224052429,0.190623939037323,source_10
FK-866,0.6789767146110535,0.1791452169418335,source_10
FK-866,0.8345683813095093,0.31005990505218506,source_10
FK-866,0.812421441078186,0.3165135383605957,source_10
FK-866,0.8033387660980225,0.3419543504714966,source_10
FK-866,0.7905353307723999,0.2991480231285095,source_10
FK-866,0.5729721188545227,0.13349658250808716,source_10
FK-866,0.5786065459251404,0.13725876808166504,source_10
FK-866,0.585746169090271,0.1451454758644104,source_10
FK-866,0.598438560962677,0.15439236164093018,source_10
FK-866,0.5650374293327332,0.14723646640777588,source_10
FK-866,0.5804135799407959,0.16986531019210815,source_10
FK-866,0.6016756892204285,0.15099918842315674,source_10
FK-866,0.6141834259033203,0.17045152187347412,source_10
FK-866,0.6090579628944397,0.15803325176239014,source_10
FK-866,0.6404841542243958,0.15846621990203857,source_10
FK-866,0.6496130228042603,0.17450284957885742,source_10
FK-866,0.6466056108474731,0.1990375518798828,source_10
FK-866,0.704303503036499,0.25730013847351074,source_10
FK-866,0.6420024037361145,0.2007061243057251,source_10
FK-866,0.657358705997467,0.20132684707641602,source_10
FK-866,0.6776136755943298,0.292375385761261,source_10
FK-866,0.7444429397583008,0.3052399158477783,source_10
FK-866,0.7198286056518555,0.2681284546852112,source_10
FK-866,0.7121924757957458,0.2784227728843689,source_10
FK-866,0.6838411688804626,0.2353566288948059,source_10
FK-866,0.6885408759117126,0.25174081325531006,source_10
FK-866,0.6912370920181274,0.238572359085083,source_10
FK-866,0.6715067028999329,0.21055293083190918,source_10
FK-866,0.6664788126945496,0.25350236892700195,source_10
FK-866,0.6553277373313904,0.25240856409072876,source_10
FK-866,0.6887909173965454,0.2734799385070801,source_10
FK-866,0.7039315700531006,0.23067986965179443,source_10
FK-866,0.704410195350647,0.23832547664642334,source_10
FK-866,0.7328311800956726,0.2815834879875183,source_10
FK-866,0.7305453419685364,0.26286566257476807,source_10
FK-866,0.8332264423370361,0.37493717670440674,source_10
FK-866,0.7410414814949036,0.28464674949645996,source_10
FK-866,0.7437527775764465,0.31975609064102173,source_10
FK-866,0.8762803077697754,0.34071481227874756,source_11
FK-866,0.6814315319061279,0.9226104989647865,source_11
FK-866,0.8401833176612854,0.3245834708213806,source_11
FK-866,0.7771334052085876,0.2693408727645874,source_11
FK-866,0.8106127381324768,0.27570050954818726,source_11
FK-866,0.8140944838523865,0.3215506672859192,source_11
FK-866,0.7866015434265137,0.32955747842788696,source_11
FK-866,0.7967389225959778,0.32928466796875,source_11
FK-866,0.7885661125183105,0.27217280864715576,source_11
FK-866,0.7864782810211182,0.27201318740844727,source_11
FK-866,0.7971920967102051,0.21864211559295654,source_11
FK-866,0.797740638256073,0.2716262936592102,source_11
FK-866,0.7746882438659668,0.2629510760307312,source_11
FK-866,0.7924286723136902,0.29195165634155273,source_11
FK-866,0.7905193567276001,0.2391999363899231,source_11
FK-866,0.7783341407775879,0.19355279207229614,source_11
FK-866,0.7673214077949524,0.20298898220062256,source_11
FK-866,0.7765673995018005,0.2051558494567871,source_11
FK-866,0.9223527312278748,0.2139231562614441,source_11
FK-866,2.3302690982818604,0.3244408965110779,source_11
FK-866,0.8007583022117615,0.1855819821357727,source_11
FK-866,0.7817443013191223,0.20367997884750366,source_11
FK-866,0.808056116104126,0.1848037838935852,source_11
FK-866,0.8618075847625732,0.1712249517440796,source_11
FK-866,0.8744598031044006,0.2307286262512207,source_11
FK-866,0.8797157406806946,0.1901414394378662,source_11
FK-866,0.900375247001648,0.17867308855056763,source_11
FK-866,0.9318448305130005,0.19985580444335938,source_11
FK-866,0.9087428450584412,0.19213300943374634,source_11
FK-866,0.9174678921699524,0.18038016557693481,source_11
FK-866,0.925312876701355,0.2139892578125,source_11
FK-866,0.9203751087188721,0.19993996620178223,source_11
FK-866,0.7072758078575134,0.3622063398361206,source_11
FK-866,0.7588546276092529,0.36232542991638184,source_11
FK-866,0.7640963196754456,0.3673247694969177,source_11
FK-866,0.7535000443458557,0.40026378631591797,source_11
FK-866,0.7439536452293396,0.36794066429138184,source_11
FK-866,0.7606989145278931,0.3558918237686157,source_11
FK-866,0.6963871121406555,0.24660271406173706,source_11
FK-866,0.7682688236236572,0.3527226448059082,source_11
FK-866,0.7436428070068359,0.38341546058654785,source_11
FK-866,0.758987545967102,0.32940948009490967,source_11
FK-866,0.7721652388572693,0.34450018405914307,source_11
FK-866,0.7657034397125244,0.36562395095825195,source_11
FK-866,0.7629616260528564,0.28419458866119385,source_11
FK-866,0.7573415637016296,0.3189937472343445,source_11
FK-866,0.7650513648986816,0.3230198621749878,source_11
FK-866,0.7631709575653076,0.3238234519958496,source_11
FK-866,0.7525855302810669,0.3205499053001404,source_11
FK-866,0.7542561292648315,0.3197065591812134,source_11
FK-866,0.7479984760284424,0.30617135763168335,source_11
FK-866,0.7492328882217407,0.3287079334259033,source_11
FK-866,0.6893424987792969,0.6783426702022552,source_11
FK-866,0.7512556910514832,0.31079572439193726,source_11
FK-866,0.6962010860443115,0.27021872997283936,source_11
FK-866,0.6864461898803711,0.20399540662765503,source_11
FK-866,0.6770073175430298,0.23975789546966553,source_11
FK-866,0.6775131821632385,0.22920501232147217,source_11
FK-866,0.7195623517036438,0.3393009305000305,source_11
FK-866,0.6895283460617065,0.22041118144989014,source_11
FK-866,0.8039683103561401,0.3146423101425171,source_11
FK-866,0.8207468390464783,0.3181980848312378,source_11
FK-866,0.6896951198577881,0.23662227392196655,source_11
FK-866,0.7893663048744202,0.3119910955429077,source_11
FK-866,0.6851550936698914,0.23938590288162231,source_11
FK-866,0.6902034282684326,0.24774062633514404,source_11
FK-866,0.6019285321235657,0.15410244464874268,source_11
FK-866,0.6270532608032227,0.1774768829345703,source_11
FK-866,0.7151877284049988,0.24291080236434937,source_11
FK-866,0.7414900660514832,0.2708265781402588,source_11
FK-866,0.7393670678138733,0.2617456316947937,source_11
FK-866,0.7343968152999878,0.2873728275299072,source_11
FK-866,0.7379288077354431,0.25249719619750977,source_11
FK-866,0.755223274230957,0.2251725196838379,source_11
FK-866,0.7619494795799255,0.23726212978363037,source_11
FK-866,0.7991955876350403,0.3037031888961792,source_11
FK-866,0.7852873206138611,0.3084070682525635,source_11
FK-866,0.7571706175804138,0.2711060047149658,source_11
FK-866,0.7799707055091858,0.45301568508148193,source_11
FK-866,0.7936691641807556,0.23684018850326538,source_11
FK-866,0.7977330684661865,0.2612873315811157,source_11
FK-866,0.764511227607727,0.20950853824615479,source_11
FK-866,0.7759761214256287,0.19733744859695435,source_11
FK-866,0.7985495328903198,0.2414054274559021,source_11
FK-866,0.7894326448440552,0.2474510669708252,source_11
FK-866,0.9657838940620422,0.7917426824569702,source_11
FK-866,0.7442619204521179,0.35889506340026855,source_11
FK-866,0.7200722694396973,0.24491512775421143,source_11
FK-866,0.7163341045379639,0.2661347985267639,source_11
FK-866,0.7362458109855652,0.2806133031845093,source_11
FK-866,0.7213684320449829,0.22445827722549438,source_11
FK-866,0.7443557381629944,0.2070096731185913,source_11
FK-866,0.7372967004776001,0.20582550764083862,source_11
FK-866,0.7303957343101501,0.2086782455444336,source_11
FK-866,0.7244401574134827,0.20925331115722656,source_11
FK-866,0.7482700943946838,0.22076576948165894,source_11
FK-866,0.7659741044044495,0.22544199228286743,source_11
FK-866,0.7634040117263794,0.20158106088638306,source_11
FK-866,0.6392013430595398,0.22042495012283325,source_11
FK-866,0.6214981079101562,0.2275257706642151,source_11
FK-866,0.6142867803573608,0.25115132331848145,source_11
FK-866,0.6048598885536194,0.2700151205062866,source_11
FK-866,0.5946870446205139,0.2603759169578552,source_11
FK-866,0.5731348991394043,0.260867714881897,source_11
FK-866,0.6564903855323792,0.24516594409942627,source_11
FK-866,0.628959596157074,0.2543911933898926,source_11
FK-866,0.6249617338180542,0.27831095457077026,source_11
FK-866,0.6230652928352356,0.2384963035583496,source_11
FK-866,0.636570930480957,0.2522423267364502,source_11
FK-866,0.6576693058013916,0.23835712671279907,source_11
FK-866,0.6639955043792725,0.23034286499023438,source_11
FK-866,0.6594400405883789,0.2463492751121521,source_11
FK-866,0.6998178362846375,0.19984525442123413,source_11
FK-866,0.6637460589408875,0.19291555881500244,source_11
FK-866,0.6620199084281921,0.21051764488220215,source_11
FK-866,0.6586936116218567,0.19800961017608643,source_11
FK-866,0.6619295477867126,0.17117798328399658,source_11
FK-866,0.6633977293968201,0.18737924098968506,source_11
FK-866,0.6870746612548828,0.19235074520111084,source_11
FK-866,0.694177508354187,0.2546401619911194,source_11
FK-866,0.6930871605873108,0.22600007057189941,source_11
FK-866,0.6741482615470886,0.21968865394592285,source_11
FK-866,0.6444092392921448,0.22316420078277588,source_11
FK-866,0.6320933103561401,0.21453529596328735,source_11
FK-866,0.6423236727714539,0.1954575777053833,source_11
FK-866,0.6602877974510193,0.18676221370697021,source_11
FK-866,0.6700467467308044,0.24055659770965576,source_11
FK-866,0.6791892051696777,0.2071472406387329,source_11
FK-866,0.5837270617485046,0.45426952838897705,source_11
FK-866,0.6296789646148682,0.3322758078575134,source_11
FK-866,0.6062349677085876,0.3065788745880127,source_11
FK-866,0.6078348159790039,0.31368106603622437,source_11
FK-866,0.5860455632209778,0.2712617516517639,source_11
FK-866,0.5822856426239014,0.2482699155807495,source_11
FK-866,0.6237034797668457,0.2617335319519043,source_11
FK-866,0.6287588477134705,0.2906230688095093,source_11
FK-866,0.6044526100158691,0.2503925561904907,source_11
FK-866,0.5906784534454346,0.2646912932395935,source_11
FK-866,0.5912590622901917,0.2649790048599243,source_11
FK-866,0.5985388159751892,0.2723987102508545,source_11
FK-866,0.607309103012085,0.28518760204315186,source_11
FK-866,0.6163328886032104,0.28444719314575195,source_11
FK-866,0.6199547052383423,0.27918344736099243,source_11
FK-866,0.6142506003379822,0.2646893262863159,source_11
FK-866,0.617939829826355,0.2754322290420532,source_11
FK-866,0.6177982687950134,0.2892332077026367,source_11
FK-866,0.623991072177887,0.32303857803344727,source_11
FK-866,0.620307207107544,0.26700150966644287,source_11
FK-866,0.6365894079208374,0.27944129705429077,source_11
FK-866,0.6658560037612915,0.2741563320159912,source_11
FK-866,0.6685888767242432,0.30348825454711914,source_11
FK-866,0.6880010366439819,0.26482200622558594,source_11
FK-866,0.6960781216621399,0.2600136399269104,source_11
FK-866,0.6081535220146179,0.2109571099281311,source_11
FK-866,0.6108137369155884,0.22449368238449097,source_11
FK-866,0.6128284335136414,0.23400771617889404,source_11
FK-866,0.5994865894317627,0.2029341459274292,source_11
FK-866,0.6067666411399841,0.21520286798477173,source_11
FK-866,0.5854618549346924,0.3382718563079834,source_11
FK-866,0.5994867086410522,0.32351958751678467,source_11
FK-866,0.5933526754379272,0.35348260402679443,source_11
FK-866,0.5997709035873413,0.34456777572631836,source_11
FK-866,0.5936220288276672,0.2984774112701416,source_11
FK-866,0.6037037372589111,0.31864267587661743,source_11
FK-866,0.611723780632019,0.3227805495262146,source_11
FK-866,0.629884660243988,0.33099693059921265,source_11
FK-866,0.6359416842460632,0.3235742449760437,source_11
FK-866,1.3072987794876099,0.5248568952083588,source_9
FK-866,1.3121410608291626,0.5238087773323059,source_9
FK-866,1.348684310913086,0.5217044353485107,source_9
FK-866,1.3747519254684448,0.5365830659866333,source_9
FK-866,1.3484938144683838,0.5376490652561188,source_9
FK-866,1.4070252180099487,0.5329181551933289,source_9
FK-866,1.4246435165405273,0.5189444422721863,source_9
FK-866,1.418972373008728,0.5311932563781738,source_9
FK-866,1.4116911888122559,0.5354576706886292,source_9
FK-866,1.4530301094055176,0.5470008850097656,source_9
FK-866,1.3119350671768188,0.6552194356918335,source_9
FK-866,1.0521678924560547,0.6330388188362122,source_9
FK-866,1.0175387859344482,0.5880809724330902,source_9
FK-866,1.0351316928863525,0.6041676700115204,source_9
FK-866,1.035152792930603,0.5928680896759033,source_9
FK-866,1.0162403583526611,0.5866333842277527,source_9
FK-866,0.9600366353988647,0.5906030535697937,source_9
FK-866,0.9614169001579285,0.5925186574459076,source_9
FK-866,1.1199935674667358,0.6105261445045471,source_9
FK-866,1.127833366394043,0.6604936122894287,source_9
FK-866,1.0859726667404175,0.5921205282211304,source_9
FK-866,1.0637474060058594,0.5634201169013977,source_9
FK-866,1.0497697591781616,0.5360614657402039,source_9
FK-866,1.4087159633636475,0.6614910364151001,source_9
FK-866,1.3831603527069092,0.6623838543891907,source_9
FK-866,1.333739161491394,0.6352885067462921,source_9
FK-866,1.0427526235580444,0.542983204126358,source_9
FK-866,1.0627758502960205,0.5418068766593933,source_9
FK-866,1.0921040773391724,0.5245935320854187,source_9
FK-866,1.1138331890106201,0.6181812882423401,source_9
FK-866,1.0857090950012207,0.5769281685352325,source_9
FK-866,1.0642503499984741,0.5623449981212616,source_9
FK-866,1.0710664987564087,0.5663811564445496,source_9
FK-866,1.1093686819076538,0.5531787872314453,source_9
FK-866,1.0941929817199707,0.547619640827179,source_9
FK-866,1.104285717010498,0.5547617673873901,source_9
FK-866,1.0462584495544434,0.5316812992095947,source_9
FK-866,1.330102801322937,0.6187346577644348,source_9
FK-866,1.2644844055175781,0.5967035889625549,source_9
FK-866,1.2643234729766846,0.5829895734786987,source_9
FK-866,1.2366276979446411,0.5984108448028564,source_9
FK-866,1.2272967100143433,0.5822435021400452,source_9
FK-866,1.1495637893676758,0.47742336988449097,source_9
FK-866,1.1872199773788452,0.4810326099395752,source_9
FK-866,1.1767783164978027,0.46599096059799194,source_9
FK-866,1.1884874105453491,0.46371084451675415,source_9
FK-866,1.160212516784668,0.47938650846481323,source_9
FK-866,1.1159241199493408,0.4551018476486206,source_9
FK-866,0.961532711982727,0.5382061004638672,source_9
FK-866,1.245252013206482,0.606712818145752,source_9
FK-866,1.264335036277771,0.6039090156555176,source_9
FK-866,1.3059659004211426,0.6111555397510529,source_9
FK-866,1.256657361984253,0.5895653665065765,source_9
FK-866,1.354046106338501,0.6005397439002991,source_9
FK-866,1.3619858026504517,0.6047011017799377,source_9
FK-866,1.3201069831848145,0.5885655879974365,source_9
FK-866,1.138745903968811,0.5655779242515564,source_9
FK-866,1.1239449977874756,0.5451377630233765,source_9
FK-866,1.164457082748413,0.5428280234336853,source_9
FK-866,1.1677212715148926,0.5419308543205261,source_9
FK-866,1.1759124994277954,0.5694094598293304,source_9
FK-866,1.1769452095031738,0.5617634654045105,source_9
FK-866,1.1887598037719727,0.540225088596344,source_9
FK-866,1.266378402709961,0.515493631362915,source_9
FK-866,1.1978317499160767,0.6378935277462006,source_9
FK-866,1.2116823196411133,0.6252005100250244,source_9
FK-866,1.1968953609466553,0.6362694203853607,source_9
FK-866,1.1538735628128052,0.6081051230430603,source_9
FK-866,1.2233151197433472,0.6301863789558411,source_9
FK-866,1.2037724256515503,0.633932501077652,source_9
FK-866,1.2045005559921265,0.6458995938301086,source_9
FK-866,1.550626516342163,0.6406198740005493,source_9
FK-866,1.3251707553863525,0.6582823991775513,source_9
FK-866,0.867683470249176,0.6216851472854614,source_9
FK-866,0.8747799396514893,0.5970533490180969,source_9
FK-866,0.8861604928970337,0.5737901926040649,source_9
FK-866,0.8740310072898865,0.5550464987754822,source_9
FK-866,0.8534346222877502,0.5400126278400421,source_9
FK-866,0.8705681562423706,0.5324298441410065,source_9
FK-866,0.8663101196289062,0.5074025690555573,source_9
FK-866,0.8498462438583374,0.5027258694171906,source_9
FK-866,0.8453109860420227,0.511467456817627,source_9
FK-866,0.8364151120185852,0.4656757116317749,source_9
FK-866,1.0756402015686035,0.5488234162330627,source_9
FK-866,1.1174017190933228,0.5369211137294769,source_9
FK-866,1.094044804573059,0.5341559946537018,source_9
FK-866,1.0720874071121216,0.5273496508598328,source_9
FK-866,1.0795444250106812,0.5333932936191559,source_9
FK-866,1.0755060911178589,0.5367854833602905,source_9
FK-866,1.0809051990509033,0.5577338337898254,source_9
FK-866,1.2013200521469116,0.5426027178764343,source_9
FK-866,1.1662226915359497,0.5951978266239166,source_9
FK-866,1.1533100605010986,0.5886822640895844,source_9
FK-866,1.330249547958374,0.327467679977417,source_9
FK-866,1.4611716270446777,0.35974955558776855,source_9
FK-866,1.3955636024475098,0.3754770755767822,source_9
FK-866,1.3215426206588745,0.6658904254436493,source_9
FK-866,1.3277003765106201,0.32483524084091187,source_9
FK-866,1.5293734073638916,0.34160661697387695,source_9
FK-866,0.5638136267662048,0.15361952781677246,source_3
FK-866,0.5748992562294006,0.11806106567382812,source_3
FK-866,0.5993490219116211,0.1415921449661255,source_3
FK-866,0.6068795919418335,0.13874799013137817,source_3
FK-866,0.6510651111602783,0.17632520198822021,source_3
FK-866,0.6421610713005066,0.11125028133392334,source_3
FK-866,0.6472292542457581,0.11645209789276123,source_3
FK-866,0.627417802810669,0.11504286527633667,source_3
FK-866,0.6109505295753479,0.12399250268936157,source_3
FK-866,0.6224256157875061,0.13568472862243652,source_3
FK-866,0.6222532987594604,0.13314449787139893,source_3
FK-866,0.6163987517356873,0.11303460597991943,source_3
FK-866,0.5984443426132202,0.156446635723114,source_3
FK-866,0.6049248576164246,0.14226067066192627,source_3
FK-866,0.6095687747001648,0.16046607494354248,source_3
FK-866,0.620859682559967,0.15993571281433105,source_3
FK-866,0.6310884356498718,0.13570767641067505,source_3
FK-866,0.586614191532135,0.13679790496826172,source_3
FK-866,0.5615650415420532,0.1293230652809143,source_3
FK-866,0.5954417586326599,0.14936161041259766,source_3
FK-866,0.6397931575775146,0.14971095323562622,source_3
FK-866,0.634217381477356,0.12327152490615845,source_3
FK-866,0.632230818271637,0.11285519599914551,source_3
FK-866,0.7228387594223022,1.0583751983940601,source_3
FK-866,0.6149634122848511,0.1404637098312378,source_3
FK-866,0.6209994554519653,0.12315607070922852,source_3
FK-866,0.6292142868041992,0.13780081272125244,source_3
FK-866,0.6406103372573853,0.1664649248123169,source_3
FK-866,0.6272311210632324,0.14760243892669678,source_3
FK-866,0.6531482934951782,0.16746973991394043,source_3
FK-866,0.6092008948326111,0.14162003993988037,source_3
FK-866,0.630473792552948,0.17191362380981445,source_3
FK-866,0.6339556574821472,0.12892818450927734,source_3
FK-866,0.6483010649681091,0.15339720249176025,source_3
FK-866,0.6481868624687195,0.14432013034820557,source_3
FK-866,0.6582861542701721,0.16302144527435303,source_3
FK-866,0.6404402852058411,0.12276601791381836,source_3
FK-866,0.6199134588241577,0.12391102313995361,source_3
FK-866,0.6361297369003296,0.12225914001464844,source_3
FK-866,0.6295416951179504,0.12872403860092163,source_3
FK-866,0.6407245993614197,0.8480055034160614,source_3
FK-866,0.8433385491371155,0.8674074411392212,source_3
FK-866,2.265998363494873,0.8869489133358002,source_3
FK-866,1.0224090814590454,0.2007739543914795,source_15
FK-866,1.0130330324172974,0.23119688034057617,source_15
FK-866,1.013933777809143,0.18012094497680664,source_15
FK-866,0.99753737449646,0.17170917987823486,source_15
FK-866,1.008743166923523,0.1589503288269043,source_15
FK-866,0.999633252620697,0.1772581934928894,source_15
FK-866,0.9810957908630371,0.16757732629776,source_15
FK-866,1.005934238433838,1.1438181400299072,source_15
FK-866,1.0190885066986084,1.0597858540713787,source_15
FK-866,0.9986845850944519,0.18896079063415527,source_15
FK-866,1.0122877359390259,0.2236417531967163,source_15
FK-866,1.01631760597229,0.23435860872268677,source_15
FK-866,1.0140562057495117,0.24143844842910767,source_15
FK-866,1.0000004768371582,0.23509806394577026,source_15
FK-866,0.9836962223052979,0.22603946924209595,source_15
FK-866,0.9632105231285095,0.28431594371795654,source_15
FK-866,0.9708866477012634,0.22286087274551392,source_15
FK-866,0.9908077120780945,0.20129317045211792,source_15
FK-866,1.0032525062561035,0.18681329488754272,source_15
FK-866,0.9612215161323547,0.17401111125946045,source_15
FK-866,0.9871081709861755,0.17474550008773804,source_15
FK-866,0.968478798866272,0.17978531122207642,source_15
FK-866,0.9719699025154114,0.185349702835083,source_15
FK-866,0.9450015425682068,0.18164312839508057,source_15
FK-866,0.9707340598106384,0.16737216711044312,source_15
FK-866,0.9552086591720581,0.19098305702209473,source_15
FK-866,0.9497371912002563,0.19134902954101562,source_15
FK-866,0.9362878799438477,0.20711112022399902,source_15
FK-866,0.9674478769302368,0.19113194942474365,source_15
FK-866,0.9734851717948914,0.20712977647781372,source_15
FK-866,1.5749577283859253,0.2539708614349365,source_15
FK-866,1.7570830583572388,0.2722035050392151,source_15
FK-866,1.717093825340271,0.28386175632476807,source_15
FK-866,1.600181221961975,0.2944607734680176,source_15
FK-866,1.5460113286972046,0.2981758117675781,source_15
FK-866,1.487447738647461,0.3006494641304016,source_15
FK-866,1.5201447010040283,0.45361435413360596,source_15
FK-866,1.4563734531402588,0.28087860345840454,source_15
FK-866,1.4531662464141846,0.27651190757751465,source_15
FK-866,1.4319326877593994,0.2849712371826172,source_15
FK-866,1.4064453840255737,0.2777758836746216,source_15
FK-866,1.3889410495758057,0.24416160583496094,source_15
FK-866,1.4265897274017334,0.365226686000824,source_15
FK-866,1.3520561456680298,0.27370578050613403,source_15
FK-866,1.3075355291366577,0.2644639015197754,source_15
FK-866,1.287063717842102,0.2582669258117676,source_15
FK-866,1.3109468221664429,0.22174477577209473,source_15
FK-866,1.3116960525512695,0.22778838872909546,source_15
FK-866,1.2968109846115112,0.23577213287353516,source_15
FK-866,1.3189669847488403,0.2461894154548645,source_15
FK-866,1.3557794094085693,0.38775134086608887,source_15
FK-866,1.349768877029419,0.3776909112930298,source_15
FK-866,1.2327172756195068,0.2541227340698242,source_15
FK-866,1.2552893161773682,0.35525304079055786,source_15
FK-866,1.2288994789123535,0.26207417249679565,source_15
FK-866,1.256510853767395,0.31726789474487305,source_15
FK-866,1.2012132406234741,0.28875696659088135,source_15
FK-866,1.2512092590332031,0.29396873712539673,source_15
FK-866,0.9726229310035706,0.19877409934997559,source_15
FK-866,0.9789671897888184,0.19763898849487305,source_15
FK-866,0.9715533256530762,0.18189996480941772,source_15
FK-866,1.0045086145401,0.16652846336364746,source_15
FK-866,1.0155137777328491,0.20267146825790405,source_15
FK-866,1.0129822492599487,0.8773687109351158,source_15
FK-866,1.2404969930648804,0.20930051803588867,source_15
FK-866,1.1508779525756836,0.13768810033798218,source_15
FK-866,1.137974739074707,0.19001281261444092,source_15
FK-866,1.1457581520080566,0.318830668926239,source_15
FK-866,1.239436149597168,0.3306295871734619,source_15
FK-866,1.1187489032745361,0.2666459083557129,source_15
FK-866,1.255850911140442,0.2191469669342041,source_15
FK-866,1.3250095844268799,0.3395113945007324,source_15
FK-866,0.9647864699363708,0.21362721920013428,source_15
FK-866,1.1179115772247314,0.2152411937713623,source_15
FK-866,1.1836652755737305,0.28610968589782715,source_15
FK-866,1.1726138591766357,0.2606436610221863,source_15
FK-866,0.9842622876167297,0.2710682153701782,source_15
FK-866,0.9625005722045898,0.23233503103256226,source_15
FK-866,0.9621437191963196,0.280032753944397,source_15
FK-866,0.9484245777130127,0.19648635387420654,source_15
FK-866,0.9449869990348816,0.1901383399963379,source_15
FK-866,1.2592051029205322,0.23719793558120728,source_15
FK-866,1.277018427848816,0.2664196491241455,source_15
FK-866,1.2543630599975586,0.23445403575897217,source_15
FK-866,1.2508695125579834,0.2821251153945923,source_15
FK-866,1.236382007598877,0.24281901121139526,source_15
FK-866,1.2718323469161987,0.27031612396240234,source_15
FK-866,1.2543238401412964,0.26874977350234985,source_15
FK-866,1.25525963306427,0.31586313247680664,source_15
FK-866,1.244489073753357,0.5319650173187256,source_15
FK-866,0.9095419645309448,0.42227983474731445,source_15
FK-866,0.910750687122345,0.3108229637145996,source_15
FK-866,0.9722983241081238,0.24709820747375488,source_15
FK-866,0.9951710104942322,0.24478095769882202,source_15
FK-866,0.9980770945549011,0.19302940368652344,source_15
FK-866,1.0111883878707886,0.1993856430053711,source_15
FK-866,1.0104434490203857,0.19899356365203857,source_15
FK-866,1.010553002357483,0.19124996662139893,source_15
FK-866,1.0033190250396729,0.19225919246673584,source_15
FK-866,1.0267781019210815,0.21442925930023193,source_15
FK-866,1.0475424528121948,0.5096257030963898,source_15
FK-866,1.043564796447754,0.4558532238006592,source_15
FK-866,1.049211859703064,0.3975830078125,source_15
FK-866,1.0301547050476074,0.3687237501144409,source_15
FK-866,1.0177428722381592,0.3045365810394287,source_15
FK-866,1.0314322710037231,0.29243147373199463,source_15
FK-866,1.0235172510147095,0.2629292607307434,source_15
FK-866,1.0169967412948608,0.2663334608078003,source_15
FK-866,1.009968638420105,0.24375033378601074,source_15
FK-866,1.0298712253570557,0.23272913694381714,source_15
FK-866,1.056311011314392,0.21962571144104004,source_15
FK-866,1.0399996042251587,0.1945575475692749,source_15
FK-866,1.0362403392791748,0.19266510009765625,source_15
FK-866,1.0203012228012085,0.19960904121398926,source_15
FK-866,1.0146422386169434,0.6621807813644409,source_15
FK-866,1.0267856121063232,0.6043823957443237,source_15
FK-866,1.0058927536010742,0.639954149723053,source_15
FK-866,1.0650709867477417,0.6013101637363434,source_15
FK-866,1.0602937936782837,0.5234379768371582,source_15
FK-866,1.0600076913833618,0.40063929557800293,source_15
FK-866,0.9856053590774536,0.3052194118499756,source_15
FK-866,1.0288923978805542,0.2876424789428711,source_15
FK-866,1.0203713178634644,0.2701716423034668,source_15
FK-866,1.053465485572815,0.22696375846862793,source_15
FK-866,0.920109748840332,0.2830371856689453,source_15
FK-866,0.9884553551673889,0.25410836935043335,source_15
FK-866,0.9792335629463196,0.29429131746292114,source_15
FK-866,0.9211306571960449,0.24147552251815796,source_15
FK-866,0.9317896962165833,0.2680307626724243,source_15
FK-866,0.8990591168403625,0.3387247323989868,source_15
FK-866,0.9192075729370117,0.3783087730407715,source_15
FK-866,0.941734254360199,0.3368048667907715,source_15
FK-866,0.906723141670227,0.29337143898010254,source_15
FK-866,0.9581092596054077,0.2719905972480774,source_15
FK-866,1.031287670135498,0.34297293424606323,source_15
FK-866,0.9677035808563232,0.3717106580734253,source_15
FK-866,0.9523977637290955,0.2845776677131653,source_15
FK-866,1.0218837261199951,0.3875923156738281,source_15
FK-866,1.0658077001571655,0.32834911346435547,source_15
FK-866,1.0469592809677124,0.30137956142425537,source_15
FK-866,1.0520001649856567,0.31469297409057617,source_15
FK-866,1.0590115785598755,0.413555383682251,source_15
FK-866,1.0200605392456055,0.24826180934906006,source_15
FK-866,1.0301812887191772,0.38941752910614014,source_15
FK-866,0.9072862267494202,0.27855491638183594,source_15
FK-866,0.9372161030769348,0.2762744426727295,source_15
FK-866,0.5948193669319153,0.14335203170776367,source_3
FK-866,0.5824570059776306,0.15279138088226318,source_3
FK-866,0.5879406332969666,0.16687792539596558,source_3
FK-866,0.57337486743927,0.13072896003723145,source_3
FK-866,0.7586053609848022,0.19942760467529297,source_3
FK-866,0.5569820404052734,0.13648754358291626,source_3
FK-866,0.5760741233825684,0.14253365993499756,source_3
FK-866,0.5249798893928528,0.13767725229263306,source_3
FK-866,0.5986803770065308,0.14659178256988525,source_3
FK-866,0.6190364360809326,0.15763938426971436,source_3
FK-866,0.623282253742218,0.15292704105377197,source_3
FK-866,0.6223523616790771,0.13935500383377075,source_3
FK-866,0.5637431740760803,0.1621599793434143,source_3
FK-866,0.5877677202224731,0.16284418106079102,source_3
FK-866,0.5881014466285706,0.15542137622833252,source_3
FK-866,0.5857774019241333,0.16135770082473755,source_3
FK-866,0.5478916168212891,0.16340863704681396,source_3
FK-866,0.622915506362915,0.19493639469146729,source_3
FK-866,0.5292037725448608,0.1460813283920288,source_3
FK-866,0.5375195145606995,0.13210636377334595,source_3
FK-866,0.6648093461990356,0.18988603353500366,source_3
FK-866,0.5471058487892151,0.13653242588043213,source_3
FK-866,0.5920587778091431,0.1252351999282837,source_3
FK-866,0.574116051197052,0.17421555519104004,source_3
FK-866,0.6373608708381653,0.1863018274307251,source_3
FK-866,0.5740023255348206,0.20389503240585327,source_3
FK-866,0.5824000239372253,0.2071574330329895,source_3
FK-866,0.5773681402206421,0.1875385046005249,source_3
FK-866,0.5909578204154968,0.1864546537399292,source_3
FK-866,0.599174439907074,0.19944554567337036,source_3
FK-866,0.6018074154853821,0.17341184616088867,source_3
FK-866,0.5971568822860718,0.1355530023574829,source_3
FK-866,0.5926021337509155,0.1641002893447876,source_3
FK-866,0.6324806213378906,0.14187997579574585,source_3
FK-866,0.6498435735702515,0.147205650806427,source_3
FK-866,0.6511631608009338,0.14296042919158936,source_3
FK-866,1.2158666849136353,0.38964617252349854,source_1
FK-866,1.4573760032653809,0.754753589630127,source_1
FK-866,1.0313482284545898,0.3612939119338989,source_1
FK-866,0.9583494663238525,0.29507821798324585,source_1
FK-866,1.1127898693084717,0.38989514112472534,source_1
FK-866,1.105958104133606,0.6672852337360382,source_1
FK-866,1.1475428342819214,0.6240410506725311,source_1
FK-866,1.0957715511322021,0.5948050320148468,source_1
FK-866,1.4428616762161255,0.41398733854293823,source_1
FK-866,1.465000867843628,0.457649827003479,source_1
FK-866,1.3838093280792236,0.4920821189880371,source_1
FK-866,1.501639485359192,0.4600180387496948,source_1
FK-866,1.4902454614639282,0.5426008701324463,source_1
FK-866,1.5038257837295532,0.4763147234916687,source_1
FK-866,1.4735769033432007,0.5143612027168274,source_1
FK-866,1.379946231842041,0.45828068256378174,source_1
FK-866,3.189445734024048,1.039878524839878,source_1
FK-866,1.5403259992599487,0.46261972188949585,source_1
FK-866,1.0443648099899292,0.3496522903442383,source_1
FK-866,1.0405616760253906,0.3477950096130371,source_1
FK-866,1.069350242614746,0.3509434461593628,source_1
FK-866,1.2654722929000854,0.3695208430290222,source_1
FK-866,1.3089591264724731,0.3821752667427063,source_1
FK-866,0.9940695762634277,0.3135843873023987,source_1
FK-866,0.9591876268386841,0.3089967370033264,source_1
FK-866,1.002697229385376,0.306602418422699,source_1
FK-866,1.0486360788345337,0.33786141872406006,source_1
FK-866,1.1739920377731323,0.4092257022857666,source_1
FK-866,1.0339958667755127,0.3353981375694275,source_1
FK-866,1.2362374067306519,0.352008581161499,source_1
FK-866,1.222861647605896,0.3511834144592285,source_1
FK-866,1.2100468873977661,0.3715015649795532,source_1
FK-866,1.2419575452804565,0.362196683883667,source_1
FK-866,1.2842003107070923,0.35522735118865967,source_1
FK-866,1.4062556028366089,0.4229602813720703,source_1
FK-866,1.750292420387268,0.5832313299179077,source_1
FK-866,1.306849479675293,0.40645480155944824,source_1
FK-866,1.1391727924346924,0.3760477900505066,source_1
FK-866,1.1715625524520874,0.5617149472236633,source_1
FK-866,1.1517963409423828,0.5637309551239014,source_1
FK-866,1.7399686574935913,0.4973960518836975,source_1
FK-866,1.0184811353683472,0.2838631868362427,source_1
FK-866,1.0987828969955444,0.3551368713378906,source_1
FK-866,1.0525791645050049,0.33040475845336914,source_1
FK-866,1.046615719795227,0.3072941303253174,source_1
FK-866,0.8354742527008057,0.2561269998550415,source_1
FK-866,1.2332355976104736,0.38806164264678955,source_1
FK-866,1.2572070360183716,0.3777085542678833,source_1
FK-866,1.3197033405303955,0.3669847249984741,source_1
FK-866,1.2271136045455933,0.3743187189102173,source_1
FK-866,1.2463610172271729,0.38538455963134766,source_1
LY2109761,1.0305931568145752,0.12072503566741943,source_2
LY2109761,1.0316288471221924,0.10437017679214478,source_2
LY2109761,1.038230061531067,0.10734313726425171,source_2
LY2109761,1.05032217502594,0.10230469703674316,source_2
LY2109761,1.1830042600631714,0.17358267307281494,source_2
LY2109761,1.0762486457824707,0.10435009002685547,source_2
LY2109761,0.9796935319900513,0.1256524920463562,source_2
LY2109761,0.9717709422111511,0.11937057971954346,source_2
LY2109761,1.00404953956604,0.12694096565246582,source_2
LY2109761,0.9787495732307434,0.12069416046142578,source_2
LY2109761,0.9758021831512451,0.12429690361022949,source_2
LY2109761,0.9728068113327026,0.1051056981086731,source_2
LY2109761,1.009095311164856,0.12954449653625488,source_2
LY2109761,1.024733066558838,0.12483429908752441,source_2
LY2109761,1.9336682558059692,0.23289597034454346,source_2
LY2109761,1.9699431657791138,0.24017727375030518,source_2
LY2109761,1.992943525314331,0.22143995761871338,source_2
LY2109761,1.885191559791565,0.21845173835754395,source_2
LY2109761,1.8514950275421143,0.2061910629272461,source_2
LY2109761,1.8711854219436646,0.22054040431976318,source_2
LY2109761,1.9614861011505127,0.24934935569763184,source_2
LY2109761,1.9579455852508545,0.22064262628555298,source_2
LY2109761,2.046285629272461,0.2480793595314026,source_2
LY2109761,1.873935341835022,0.1970607042312622,source_2
LY2109761,1.8917497396469116,0.2436951994895935,source_2
LY2109761,1.8942205905914307,0.17947900295257568,source_2
LY2109761,1.8452379703521729,0.2157256007194519,source_2
LY2109761,1.8741562366485596,0.2299460768699646,source_2
LY2109761,1.8830540180206299,0.21700257062911987,source_2
LY2109761,1.9647119045257568,0.26313161849975586,source_2
LY2109761,1.958827018737793,0.24501937627792358,source_2
LY2109761,1.1010894775390625,0.12790870666503906,source_2
LY2109761,1.099949836730957,0.12987017631530762,source_2
LY2109761,1.1111040115356445,0.14635086059570312,source_2
LY2109761,1.0937632322311401,0.10889506340026855,source_2
LY2109761,1.1033638715744019,0.1072617769241333,source_2
LY2109761,1.1076698303222656,0.12083756923675537,source_2
LY2109761,1.1078948974609375,0.11798059940338135,source_2
LY2109761,1.1095927953720093,0.13445264101028442,source_2
LY2109761,1.1014865636825562,0.13365525007247925,source_2
LY2109761,1.1065266132354736,0.11821573972702026,source_2
LY2109761,1.1146103143692017,0.1283097267150879,source_2
LY2109761,1.1131936311721802,0.11705482006072998,source_2
LY2109761,1.1149033308029175,0.12834644317626953,source_2
LY2109761,1.1234982013702393,0.10837411880493164,source_2
LY2109761,1.1243171691894531,0.1266903281211853,source_2
LY2109761,1.1180320978164673,0.12505954504013062,source_2
LY2109761,1.1285600662231445,0.11827069520950317,source_2
LY2109761,1.1276271343231201,0.13260924816131592,source_2
LY2109761,1.1380565166473389,0.1954960823059082,source_2
LY2109761,1.1624988317489624,0.1658390760421753,source_2
LY2109761,1.041762113571167,0.11165982484817505,source_2
LY2109761,1.0511369705200195,0.10278666019439697,source_2
LY2109761,1.0634430646896362,0.10645473003387451,source_2
LY2109761,1.0557583570480347,0.10520213842391968,source_2
LY2109761,1.0619159936904907,0.09960269927978516,source_2
LY2109761,1.0654977560043335,0.10448598861694336,source_2
LY2109761,1.0605775117874146,0.10297054052352905,source_2
LY2109761,1.0592325925827026,0.12480831146240234,source_2
LY2109761,1.0721867084503174,0.10759556293487549,source_2
LY2109761,1.0930922031402588,0.11974960565567017,source_2
LY2109761,1.0612552165985107,0.10124528408050537,source_2
LY2109761,1.0848692655563354,0.11458349227905273,source_2
LY2109761,1.0708552598953247,0.10538661479949951,source_2
LY2109761,1.0633842945098877,0.12792694568634033,source_2
LY2109761,1.0896159410476685,0.11391651630401611,source_2
LY2109761,1.1359928846359253,0.11338245868682861,source_2
LY2109761,1.127510905265808,0.1544409990310669,source_2
LY2109761,1.0436123609542847,0.13825303316116333,source_2
LY2109761,1.0313382148742676,0.1423780918121338,source_2
LY2109761,1.042995810508728,0.12551987171173096,source_2
LY2109761,1.0016454458236694,0.12108039855957031,source_2
LY2109761,0.9713514447212219,0.13060522079467773,source_2
LY2109761,1.0332368612289429,0.2120753526687622,source_2
LY2109761,1.0844674110412598,0.16056227684020996,source_2
LY2109761,1.0569671392440796,0.13051551580429077,source_2
LY2109761,1.0140291452407837,0.14512407779693604,source_2
LY2109761,1.073196530342102,0.14977169036865234,source_2
LY2109761,1.0409797430038452,0.17376506328582764,source_2
LY2109761,1.080599308013916,0.13178503513336182,source_2
LY2109761,1.2290669679641724,0.1680072546005249,source_2
LY2109761,1.2232766151428223,0.16029763221740723,source_2
LY2109761,1.2890727519989014,0.17106109857559204,source_2
LY2109761,1.1846356391906738,0.21378076076507568,source_2
LY2109761,1.1599687337875366,0.13980913162231445,source_2
LY2109761,2.727022647857666,0.34527039527893066,source_2
LY2109761,2.882880449295044,0.3854024410247803,source_2
LY2109761,2.723323345184326,0.3733038902282715,source_2
LY2109761,2.6994519233703613,0.3639390468597412,source_2
LY2109761,1.1123573780059814,0.1097407341003418,source_2
LY2109761,1.1239899396896362,0.09894073009490967,source_2
LY2109761,1.0998737812042236,0.09679675102233887,source_2
LY2109761,1.097739338874817,0.09805703163146973,source_2
LY2109761,1.1444138288497925,0.10605359077453613,source_2
LY2109761,1.1060454845428467,0.0937873125076294,source_2
LY2109761,1.1881412267684937,0.18132716417312622,source_2
LY2109761,1.1628673076629639,0.14783638715744019,source_2
LY2109761,1.1502139568328857,0.1616455316543579,source_2
LY2109761,1.1317996978759766,0.10373163223266602,source_2
LY2109761,1.1670174598693848,0.0920100212097168,source_2
LY2109761,1.1502571105957031,0.10572439432144165,source_2
LY2109761,1.1756632328033447,0.11747121810913086,source_2
LY2109761,1.1537288427352905,0.11305689811706543,source_2
LY2109761,1.248084306716919,0.19998401403427124,source_2
LY2109761,1.249279260635376,0.12633275985717773,source_2
LY2109761,1.2126343250274658,0.14561182260513306,source_2
LY2109761,1.1965014934539795,0.11926555633544922,source_2
LY2109761,1.223354697227478,0.11206400394439697,source_2
LY2109761,1.219850778579712,0.11162567138671875,source_2
LY2109761,1.2364460229873657,0.10931307077407837,source_2
LY2109761,1.303392767906189,0.1278536319732666,source_2
LY2109761,1.2764787673950195,0.13391822576522827,source_2
LY2109761,1.2343688011169434,0.10960006713867188,source_2
LY2109761,1.219467043876648,0.1056252121925354,source_2
LY2109761,1.2042635679244995,0.30656129121780396,source_2
LY2109761,1.2170161008834839,0.11106574535369873,source_2
LY2109761,1.201846718788147,0.10273969173431396,source_2
LY2109761,1.2022920846939087,0.11060106754302979,source_2
LY2109761,1.1700459718704224,0.11067259311676025,source_2
LY2109761,1.2116317749023438,0.10666412115097046,source_2
LY2109761,1.1902482509613037,0.11034327745437622,source_2
LY2109761,1.1537145376205444,0.10605907440185547,source_2
LY2109761,1.0969194173812866,0.10128319263458252,source_2
LY2109761,1.1228225231170654,0.1120648980140686,source_2
LY2109761,1.2462009191513062,0.11088860034942627,source_2
LY2109761,1.2193827629089355,0.11856019496917725,source_2
LY2109761,1.235282301902771,0.11240839958190918,source_2
LY2109761,1.2313328981399536,0.12537795305252075,source_2
LY2109761,1.1953941583633423,0.10978299379348755,source_2
LY2109761,1.2298719882965088,0.12151718139648438,source_2
LY2109761,1.1786644458770752,0.12818551063537598,source_2
LY2109761,1.2261714935302734,0.11871492862701416,source_2
LY2109761,1.2534304857254028,0.1130291223526001,source_2
LY2109761,1.2292985916137695,0.25880008935928345,source_2
LY2109761,1.2091525793075562,0.12660610675811768,source_2
LY2109761,1.04007089138031,0.11006921529769897,source_2
LY2109761,0.9790961742401123,0.08966052532196045,source_2
LY2109761,0.9779314398765564,0.09528160095214844,source_2
LY2109761,0.9812828898429871,0.09823483228683472,source_2
LY2109761,0.9722282290458679,0.09530830383300781,source_2
LY2109761,0.9037846326828003,0.12031245231628418,source_2
LY2109761,0.947555422782898,0.09535431861877441,source_2
LY2109761,0.9721398949623108,0.09245699644088745,source_2
LY2109761,0.948245108127594,0.09229797124862671,source_2
LY2109761,0.9389373660087585,0.08945918083190918,source_2
LY2109761,0.928533673286438,0.09839320182800293,source_2
LY2109761,0.9201298356056213,0.08966952562332153,source_2
LY2109761,0.9229199290275574,0.0965428352355957,source_2
LY2109761,0.9138315320014954,0.08585071563720703,source_2
LY2109761,0.9400967955589294,0.08742821216583252,source_2
LY2109761,0.9202777743339539,0.08867090940475464,source_2
LY2109761,0.9278185963630676,0.09248745441436768,source_2
LY2109761,0.9211828708648682,0.09127044677734375,source_2
LY2109761,0.9195734858512878,0.09253859519958496,source_2
LY2109761,0.8939695358276367,0.09104001522064209,source_2
LY2109761,1.025093913078308,0.0982825756072998,source_2
LY2109761,0.918601393699646,0.10085433721542358,source_2
LY2109761,0.9076372981071472,0.09010756015777588,source_2
LY2109761,0.9185219407081604,0.08263146877288818,source_2
LY2109761,0.9165230393409729,0.1771092414855957,source_2
LY2109761,0.9186311960220337,0.09547829627990723,source_2
LY2109761,0.9273250699043274,0.1007986068725586,source_2
LY2109761,0.927374005317688,0.09019529819488525,source_2
LY2109761,0.9208568930625916,0.09087193012237549,source_2
LY2109761,0.930061399936676,0.08980053663253784,source_2
LY2109761,0.9566289782524109,0.11603152751922607,source_2
LY2109761,0.9474840760231018,0.10080015659332275,source_2
LY2109761,0.9394665360450745,0.09027743339538574,source_2
LY2109761,0.9632516503334045,0.0840907096862793,source_2
LY2109761,0.9567491412162781,0.09225159883499146,source_2
LY2109761,0.9676685929298401,0.09648269414901733,source_2
LY2109761,0.9646694660186768,0.0784028172492981,source_2
LY2109761,0.8896378874778748,0.09008872509002686,source_2
LY2109761,0.8845226168632507,0.10798072814941406,source_2
LY2109761,0.8734164834022522,0.0898624062538147,source_2
LY2109761,0.890309751033783,0.10156673192977905,source_2
LY2109761,0.8913121819496155,0.10170489549636841,source_2
LY2109761,0.8931504487991333,0.10420733690261841,source_2
LY2109761,0.8850570917129517,0.20184051990509033,source_2
LY2109761,0.9061081409454346,0.1042523980140686,source_2
LY2109761,0.9044787883758545,0.08664178848266602,source_2
LY2109761,0.9154572486877441,0.10353004932403564,source_2
LY2109761,0.9244836568832397,0.08805632591247559,source_2
LY2109761,0.9249939918518066,0.09090125560760498,source_2
LY2109761,0.9359138607978821,0.09985882043838501,source_2
LY2109761,0.9351152181625366,0.09029930830001831,source_2
LY2109761,0.9385316371917725,0.10451531410217285,source_2
LY2109761,0.9472618103027344,0.09870731830596924,source_2
LY2109761,0.9951973557472229,0.0994412899017334,source_2
LY2109761,0.9829486608505249,0.10198509693145752,source_2
LY2109761,0.9860420227050781,0.09762102365493774,source_2
LY2109761,0.9914345741271973,0.10189259052276611,source_2
LY2109761,1.0196418762207031,0.08947789669036865,source_2
LY2109761,1.0343098640441895,0.09191524982452393,source_2
LY2109761,1.044756293296814,0.10572314262390137,source_2
LY2109761,1.0171494483947754,0.09849083423614502,source_2
LY2109761,1.0302977561950684,0.149844229221344,source_2
LY2109761,1.0325887203216553,0.11126071214675903,source_2
LY2109761,1.0321006774902344,0.0901867151260376,source_2
LY2109761,1.1941498517990112,0.1548212170600891,source_2
LY2109761,1.06875741481781,0.10353541374206543,source_2
LY2109761,1.06747305393219,0.10488075017929077,source_2
LY2109761,1.0756549835205078,0.09208595752716064,source_2
LY2109761,1.09194016456604,0.0983237624168396,source_2
LY2109761,1.0921874046325684,0.09461045265197754,source_2
LY2109761,1.0823276042938232,0.10048502683639526,source_2
LY2109761,1.1047136783599854,0.10214221477508545,source_2
LY2109761,1.1275585889816284,0.10712802410125732,source_2
LY2109761,0.9875828623771667,0.17570555210113525,source_6
LY2109761,0.9690775871276855,0.16314715147018433,source_6
LY2109761,0.9294679164886475,0.1461796760559082,source_6
LY2109761,0.9307568669319153,0.16396427154541016,source_6
LY2109761,0.9414159655570984,0.15418827533721924,source_6
LY2109761,0.9321046471595764,0.17150413990020752,source_6
LY2109761,0.9419704079627991,0.18839704990386963,source_6
LY2109761,0.9310316443443298,0.16002869606018066,source_6
LY2109761,0.9710522890090942,0.16328167915344238,source_6
LY2109761,0.9549092650413513,0.14478528499603271,source_6
LY2109761,0.9320846796035767,0.17951953411102295,source_6
LY2109761,0.910632312297821,0.15905559062957764,source_6
LY2109761,0.9261836409568787,0.15276974439620972,source_6
LY2109761,0.913024365901947,0.1548604965209961,source_6
LY2109761,0.9303575158119202,0.16194069385528564,source_6
LY2109761,0.9747910499572754,0.1881588101387024,source_6
LY2109761,0.8845386505126953,0.1822032928466797,source_6
LY2109761,0.8792388439178467,0.17561876773834229,source_6
LY2109761,0.8884406089782715,0.1712346076965332,source_6
LY2109761,0.8913818597793579,0.17820417881011963,source_6
LY2109761,0.8768104910850525,0.18798911571502686,source_6
LY2109761,0.9077911376953125,0.17109191417694092,source_6
LY2109761,0.9072461128234863,0.18844950199127197,source_6
LY2109761,0.8777554035186768,0.17297089099884033,source_6
LY2109761,0.8615472912788391,0.18055611848831177,source_6
LY2109761,0.8604143261909485,0.204201340675354,source_6
LY2109761,0.8678549528121948,0.15211308002471924,source_6
LY2109761,0.8733618855476379,0.21676021814346313,source_6
LY2109761,0.8917244076728821,0.22667217254638672,source_6
LY2109761,0.8867327570915222,0.21277177333831787,source_6
LY2109761,0.8968932628631592,0.21422529220581055,source_6
LY2109761,0.8910518288612366,0.1937122344970703,source_6
LY2109761,0.8888673186302185,0.2174239158630371,source_6
LY2109761,0.883137583732605,0.18711280822753906,source_6
LY2109761,0.8801957964897156,0.19273698329925537,source_6
LY2109761,0.8963082432746887,0.21521562337875366,source_6
LY2109761,0.9335282444953918,0.1416405439376831,source_6
LY2109761,0.9100169539451599,0.15390819311141968,source_6
LY2109761,0.927730143070221,0.1529076099395752,source_6
LY2109761,0.914759635925293,0.16934120655059814,source_6
LY2109761,0.9314994215965271,0.16662949323654175,source_6
LY2109761,0.9382925629615784,0.14989161491394043,source_6
LY2109761,0.9431030750274658,0.14054840803146362,source_6
LY2109761,0.9557077884674072,0.15444016456604004,source_6
LY2109761,0.9156282544136047,0.16942858695983887,source_6
LY2109761,0.8833410143852234,0.12342536449432373,source_6
LY2109761,0.892914354801178,0.14774072170257568,source_6
LY2109761,0.8816642761230469,0.1405918002128601,source_6
LY2109761,0.9018277525901794,0.16208171844482422,source_6
LY2109761,0.9080389738082886,0.13842546939849854,source_6
LY2109761,0.9194785952568054,0.12842226028442383,source_6
LY2109761,0.8955592513084412,0.11993253231048584,source_6
LY2109761,0.8845133185386658,0.144112229347229,source_6
LY2109761,0.8615077137947083,0.1265169382095337,source_6
LY2109761,0.8652416467666626,0.16384035348892212,source_6
LY2109761,0.8873893618583679,0.1458754539489746,source_6
LY2109761,0.9449164271354675,0.15758252143859863,source_6
LY2109761,0.9309121966362,0.16141676902770996,source_6
LY2109761,0.9293908476829529,0.1538858413696289,source_6
LY2109761,0.94234299659729,0.17267948389053345,source_6
LY2109761,0.9424647092819214,0.19797825813293457,source_6
LY2109761,0.9386748671531677,0.189145028591156,source_6
LY2109761,0.9536768794059753,0.19733822345733643,source_6
LY2109761,0.9141986966133118,0.1933729648590088,source_6
LY2109761,0.8933819532394409,0.1602291464805603,source_6
LY2109761,0.9176583290100098,0.15633046627044678,source_6
LY2109761,0.9047401547431946,0.18441283702850342,source_6
LY2109761,0.9068616032600403,0.16559982299804688,source_6
LY2109761,0.9210564494132996,0.16210275888442993,source_6
LY2109761,0.9211028218269348,0.16662085056304932,source_6
LY2109761,0.921805202960968,0.18797004222869873,source_6
LY2109761,0.9775531888008118,0.22911041975021362,source_6
LY2109761,0.9664843678474426,0.23074489831924438,source_6
LY2109761,0.9037936925888062,0.21583342552185059,source_6
LY2109761,0.9099990725517273,0.1847512125968933,source_6
LY2109761,0.9328910708427429,0.22089654207229614,source_6
LY2109761,0.9171048998832703,0.18424248695373535,source_6
LY2109761,0.9217126369476318,0.2232602834701538,source_6
LY2109761,0.9366518259048462,0.2560765743255615,source_6
LY2109761,0.9153289198875427,0.2927281856536865,source_6
LY2109761,0.9125669598579407,0.24480384588241577,source_6
LY2109761,0.9071902632713318,0.2641761302947998,source_6
LY2109761,0.919581413269043,0.2390691041946411,source_6
LY2109761,0.9236836433410645,0.2357945442199707,source_6
LY2109761,0.9116888046264648,0.1950550675392151,source_6
LY2109761,0.9003638625144958,0.20187842845916748,source_6
LY2109761,0.9289759993553162,0.23555833101272583,source_6
LY2109761,0.9521116614341736,0.241041898727417,source_6
LY2109761,0.9204267263412476,0.25314944982528687,source_6
LY2109761,0.9213022589683533,0.23464536666870117,source_6
LY2109761,0.93220055103302,0.2562546730041504,source_6
LY2109761,0.9449268579483032,0.259776771068573,source_6
LY2109761,0.9422096610069275,0.2765387296676636,source_6
LY2109761,0.9583530426025391,0.2523805499076843,source_6
LY2109761,0.9391269683837891,0.2504160404205322,source_6
LY2109761,1.045364260673523,0.16524040699005127,source_6
LY2109761,1.0376017093658447,0.14989781379699707,source_6
LY2109761,0.9992409944534302,0.16006064414978027,source_6
LY2109761,0.9983330965042114,0.1628698706626892,source_6
LY2109761,1.0089157819747925,0.15282559394836426,source_6
LY2109761,0.9983081221580505,0.16961169242858887,source_6
LY2109761,1.0162965059280396,0.17636293172836304,source_6
LY2109761,0.9441982507705688,0.15964537858963013,source_6
LY2109761,0.950977623462677,0.1649816632270813,source_6
LY2109761,0.970402717590332,0.1438225507736206,source_6
LY2109761,0.9458617568016052,0.15240341424942017,source_6
LY2109761,0.930841326713562,0.16916733980178833,source_6
LY2109761,0.9235552549362183,0.15234136581420898,source_6
LY2109761,0.9290858507156372,0.13690948486328125,source_6
LY2109761,0.9458059072494507,0.18435132503509521,source_6
LY2109761,1.0262858867645264,0.23636645078659058,source_6
LY2109761,0.9226470589637756,0.15037846565246582,source_6
LY2109761,0.9123364686965942,0.19058573246002197,source_6
LY2109761,0.8855107426643372,0.20559728145599365,source_6
LY2109761,0.9139220714569092,0.19523489475250244,source_6
LY2109761,0.8502560257911682,0.25416135787963867,source_6
LY2109761,0.8636308312416077,0.23036885261535645,source_6
LY2109761,0.8831206560134888,0.18856334686279297,source_6
LY2109761,0.8823503255844116,0.20941001176834106,source_6
LY2109761,0.8804886341094971,0.16143155097961426,source_6
LY2109761,0.8848413825035095,0.17490535974502563,source_6
LY2109761,0.8818726539611816,0.1718742847442627,source_6
LY2109761,0.8969539403915405,0.1836698055267334,source_6
LY2109761,0.9072041511535645,0.16575491428375244,source_6
LY2109761,0.9005616307258606,0.17499256134033203,source_6
LY2109761,0.9279975295066833,0.17039287090301514,source_6
LY2109761,0.9136485457420349,0.16431736946105957,source_6
LY2109761,0.851645827293396,0.18724274635314941,source_6
LY2109761,0.8470475673675537,0.1993390917778015,source_6
LY2109761,0.8381161093711853,0.169369637966156,source_6
LY2109761,0.8515269160270691,0.1686997413635254,source_6
LY2109761,0.8564513921737671,0.15298879146575928,source_6
LY2109761,0.867660641670227,0.1649494767189026,source_6
LY2109761,0.8880574107170105,0.23205816745758057,source_6
LY2109761,0.8532392978668213,0.1809161901473999,source_6
LY2109761,0.8451563119888306,0.1415189504623413,source_6
LY2109761,0.8487455248832703,0.17357516288757324,source_6
LY2109761,0.8576387763023376,0.18613970279693604,source_6
LY2109761,0.8446177840232849,0.19516390562057495,source_6
LY2109761,0.9467216730117798,0.18635332584381104,source_6
LY2109761,0.9404508471488953,0.2305395007133484,source_6
LY2109761,0.9481207132339478,0.22984397411346436,source_6
LY2109761,0.9471482634544373,0.20612215995788574,source_6
LY2109761,0.9438918232917786,0.228898286819458,source_6
LY2109761,0.9394038319587708,0.2423931360244751,source_6
LY2109761,0.9658015370368958,0.2504969835281372,source_6
LY2109761,0.9192186594009399,0.2465653419494629,source_6
LY2109761,0.9437753558158875,0.21535539627075195,source_6
LY2109761,0.9195136427879333,0.21888518333435059,source_6
LY2109761,0.9230955839157104,0.21445268392562866,source_6
LY2109761,0.9567211270332336,0.20364171266555786,source_6
LY2109761,0.9521952271461487,0.22887039184570312,source_6
LY2109761,0.9426183104515076,0.21226108074188232,source_6
LY2109761,0.9057161808013916,0.2642488479614258,source_6
LY2109761,0.9199166893959045,0.2538183331489563,source_6
LY2109761,0.9180125594139099,0.2585453987121582,source_6
LY2109761,0.8813466429710388,0.20232856273651123,source_6
LY2109761,0.8818365931510925,0.212363600730896,source_6
LY2109761,0.8895772695541382,0.21948087215423584,source_6
LY2109761,0.9035123586654663,0.2564643621444702,source_6
LY2109761,0.8999499082565308,0.25975364446640015,source_6
LY2109761,0.933915913105011,0.19721299409866333,source_6
LY2109761,0.9273735284805298,0.20922857522964478,source_6
LY2109761,0.9235552549362183,0.2837367653846741,source_6
LY2109761,0.9339292645454407,0.27356666326522827,source_6
LY2109761,0.9186457395553589,0.2272244691848755,source_6
LY2109761,0.9180110692977905,0.24760109186172485,source_6
LY2109761,0.9340420365333557,0.2223224639892578,source_6
LY2109761,0.9566152691841125,0.22233545780181885,source_6
LY2109761,0.9480758309364319,0.23064887523651123,source_6
LY2109761,0.9532966017723083,0.21556448936462402,source_6
LY2109761,0.9714323878288269,0.21298205852508545,source_6
LY2109761,0.9936434030532837,0.21054190397262573,source_6
LY2109761,0.8326422572135925,0.14916068315505981,source_6
LY2109761,0.8577989339828491,0.197812020778656,source_6
LY2109761,0.8284213542938232,0.1736876368522644,source_6
LY2109761,0.8137025237083435,0.16742944717407227,source_6
LY2109761,0.8355607390403748,0.1794496774673462,source_6
LY2109761,0.8576772809028625,0.19401347637176514,source_6
LY2109761,0.8615961074829102,0.18985211849212646,source_6
LY2109761,0.8784698247909546,0.2006741762161255,source_6
LY2109761,0.8396720290184021,0.17886853218078613,source_6
LY2109761,0.934228241443634,0.3280876874923706,source_6
LY2109761,0.9232168793678284,0.26233971118927,source_6
LY2109761,0.913551926612854,0.288186252117157,source_6
LY2109761,0.9087904095649719,0.2426997423171997,source_6
LY2109761,0.9127599596977234,0.2595062255859375,source_6
LY2109761,0.9075224995613098,0.25676536560058594,source_6
LY2109761,0.910495400428772,0.23619914054870605,source_6
LY2109761,0.9082393050193787,0.22710323333740234,source_6
LY2109761,0.9190161824226379,0.2662625312805176,source_6
LY2109761,0.9470386505126953,0.2515122890472412,source_6
LY2109761,0.9415091276168823,0.25553667545318604,source_6
LY2109761,0.9329204559326172,0.23385024070739746,source_6
LY2109761,0.933239221572876,0.2122819423675537,source_6
LY2109761,0.9403699040412903,0.2215045690536499,source_6
LY2109761,0.9364833235740662,0.19557905197143555,source_6
LY2109761,0.9530637860298157,0.21445274353027344,source_6
LY2109761,0.9588328003883362,0.28291141986846924,source_6
LY2109761,0.973656952381134,0.31511276960372925,source_6
LY2109761,0.9627459645271301,0.2901482582092285,source_6
LY2109761,0.9661443829536438,0.2823101282119751,source_6
LY2109761,0.976225733757019,0.25571757555007935,source_6
LY2109761,0.9758988618850708,0.29972708225250244,source_6
LY2109761,0.9409775137901306,0.39537370204925537,source_6
LY2109761,0.9335401654243469,0.24241304397583008,source_6
LY2109761,0.9162108898162842,0.25807780027389526,source_6
LY2109761,0.9223672747612,0.24936604499816895,source_6
LY2109761,0.9122447371482849,0.2660551071166992,source_6
LY2109761,0.7340586185455322,0.1313360333442688,source_8
LY2109761,0.9281929731369019,0.1771235466003418,source_8
LY2109761,0.8744111061096191,0.20196974277496338,source_8
LY2109761,0.6836337447166443,0.11358892917633057,source_8
LY2109761,0.827415406703949,0.1578713059425354,source_8
LY2109761,0.6629169583320618,0.11289316415786743,source_8
LY2109761,1.141701340675354,0.15937483310699463,source_8
LY2109761,0.61981600522995,0.10599970817565918,source_8
LY2109761,0.7947167158126831,0.15089011192321777,source_8
LY2109761,0.6120732426643372,0.09802448749542236,source_8
LY2109761,0.7524213790893555,0.13502025604248047,source_8
LY2109761,0.5880542397499084,0.09360837936401367,source_8
LY2109761,0.7342283725738525,0.1447392702102661,source_8
LY2109761,0.5995533466339111,0.10441863536834717,source_8
LY2109761,0.7503295540809631,0.11300462484359741,source_8
LY2109761,0.58113694190979,0.093788743019104,source_8
LY2109761,0.7421464920043945,0.13791382312774658,source_8
LY2109761,0.5827152729034424,0.10477137565612793,source_8
LY2109761,0.7234045267105103,0.1414603590965271,source_8
LY2109761,0.5994588732719421,0.10221129655838013,source_8
LY2109761,0.7209023833274841,0.13285911083221436,source_8
LY2109761,0.5669990181922913,0.0989755392074585,source_8
LY2109761,0.7186117172241211,0.1533847451210022,source_8
LY2109761,0.5934810638427734,0.09150046110153198,source_8
LY2109761,0.7073437571525574,0.12552982568740845,source_8
LY2109761,0.5643445253372192,0.09066629409790039,source_8
LY2109761,0.7228564023971558,0.12978750467300415,source_8
LY2109761,0.5791866779327393,0.11313682794570923,source_8
LY2109761,0.8812059164047241,0.1165655255317688,source_8
LY2109761,0.5759458541870117,0.09463763236999512,source_8
LY2109761,0.809643566608429,0.15375679731369019,source_8
LY2109761,0.5675411224365234,0.1272069215774536,source_8
LY2109761,0.7830514311790466,0.14672595262527466,source_8
LY2109761,0.5406150817871094,0.10580402612686157,source_8
LY2109761,0.7282206416130066,0.14211201667785645,source_8
LY2109761,0.5641313195228577,0.1201791763305664,source_8
LY2109761,0.7210825681686401,0.17785418033599854,source_8
LY2109761,0.5957756042480469,0.133170485496521,source_8
LY2109761,0.7840587496757507,0.21118974685668945,source_8
LY2109761,0.5595481395721436,0.10284101963043213,source_8
LY2109761,0.7442046999931335,0.1232985258102417,source_8
LY2109761,0.5465141534805298,0.08893144130706787,source_8
LY2109761,0.7456681728363037,0.12193357944488525,source_8
LY2109761,0.5528202652931213,0.11373686790466309,source_8
LY2109761,0.7208882570266724,0.12457495927810669,source_8
LY2109761,0.5667109489440918,0.0907825231552124,source_8
LY2109761,0.789992094039917,0.12040054798126221,source_8
LY2109761,0.9781021475791931,0.19155967235565186,source_8
LY2109761,0.7291496992111206,0.17857909202575684,source_8
LY2109761,0.8962234258651733,0.18672466278076172,source_8
LY2109761,0.7242303490638733,0.09664905071258545,source_8
LY2109761,0.9092778563499451,0.1724652647972107,source_8
LY2109761,0.6261014938354492,0.10394543409347534,source_8
LY2109761,0.8117229342460632,0.1379084587097168,source_8
LY2109761,0.6956148147583008,0.10017812252044678,source_8
LY2109761,0.9393864870071411,0.16449189186096191,source_8
LY2109761,0.677232027053833,0.10276401042938232,source_8
LY2109761,0.9168741106987,0.15230965614318848,source_8
LY2109761,0.6750360131263733,0.09663033485412598,source_8
LY2109761,0.8587704300880432,0.16305232048034668,source_8
LY2109761,0.6376339793205261,0.1251075267791748,source_8
LY2109761,0.8413451313972473,0.17490607500076294,source_8
LY2109761,0.6345636248588562,0.08924692869186401,source_8
LY2109761,0.7998962998390198,0.13823974132537842,source_8
LY2109761,0.6245207786560059,0.09213638305664062,source_8
LY2109761,0.8124527931213379,0.13817566633224487,source_8
LY2109761,0.6152032017707825,0.0912858247756958,source_8
LY2109761,0.818236768245697,0.16886025667190552,source_8
LY2109761,0.6120657324790955,0.10744762420654297,source_8
LY2109761,0.8017855882644653,0.11763989925384521,source_8
LY2109761,0.6246873140335083,0.09558218717575073,source_8
LY2109761,0.7827420830726624,0.11958754062652588,source_8
LY2109761,0.6253777742385864,0.10118138790130615,source_8
LY2109761,0.8083148002624512,0.12289619445800781,source_8
LY2109761,0.6347422003746033,0.10622352361679077,source_8
LY2109761,0.8389586806297302,0.12775921821594238,source_8
LY2109761,0.607815146446228,0.0935903787612915,source_8
LY2109761,0.8238356113433838,0.1499221920967102,source_8
LY2109761,0.6136397123336792,0.1119300127029419,source_8
LY2109761,0.817761242389679,0.1405637264251709,source_8
LY2109761,0.6401637196540833,0.07411718368530273,source_8
LY2109761,0.8273544907569885,0.12133938074111938,source_8
LY2109761,0.6384966373443604,0.08427810668945312,source_8
LY2109761,0.6212508678436279,0.08767497539520264,source_8
LY2109761,0.8633613586425781,0.12422239780426025,source_8
LY2109761,0.623217761516571,0.08836519718170166,source_8
LY2109761,0.646845817565918,0.10279923677444458,source_8
LY2109761,0.8365171551704407,0.10331606864929199,source_8
LY2109761,0.6473516821861267,0.07694423198699951,source_8
LY2109761,0.8955092430114746,0.13835561275482178,source_8
LY2109761,0.6421003937721252,0.08889365196228027,source_8
LY2109761,0.9293414950370789,0.12072110176086426,source_8
LY2109761,0.808430552482605,0.13981199264526367,source_8
LY2109761,1.0716115236282349,0.22207748889923096,source_8
LY2109761,0.7956074476242065,0.1450057029724121,source_8
LY2109761,1.0040770769119263,0.22473138570785522,source_8
LY2109761,0.7419978380203247,0.14552485942840576,source_8
LY2109761,0.9705765247344971,0.18898636102676392,source_8
LY2109761,0.7194200754165649,0.1253591775894165,source_8
LY2109761,0.9190186858177185,0.1735903024673462,source_8
LY2109761,0.656783938407898,0.10836166143417358,source_8
LY2109761,0.9340088367462158,0.14795005321502686,source_8
LY2109761,0.6373874545097351,0.08780181407928467,source_8
LY2109761,0.8514571785926819,0.14767956733703613,source_8
LY2109761,0.6114959716796875,0.10650032758712769,source_8
LY2109761,0.8959174752235413,0.13383018970489502,source_8
LY2109761,0.6442720293998718,0.10210776329040527,source_8
LY2109761,0.6455619931221008,0.09336179494857788,source_8
LY2109761,0.8515380024909973,0.1438084840774536,source_8
LY2109761,0.7320777773857117,0.11265051364898682,source_8
LY2109761,0.974041223526001,0.2111654281616211,source_8
LY2109761,0.6942538619041443,0.10336893796920776,source_8
LY2109761,0.9259143471717834,0.17451882362365723,source_8
LY2109761,0.6753620505332947,0.11312669515609741,source_8
LY2109761,0.8616188764572144,0.16867399215698242,source_8
LY2109761,0.6490331292152405,0.10690569877624512,source_8
LY2109761,0.8244113326072693,0.1452634334564209,source_8
LY2109761,0.6451765894889832,0.1231452226638794,source_8
LY2109761,0.824501633644104,0.15257525444030762,source_8
LY2109761,0.6414192914962769,0.10822373628616333,source_8
LY2109761,0.8471817374229431,0.1688556671142578,source_8
LY2109761,0.6399927139282227,0.11460554599761963,source_8
LY2109761,0.6379532814025879,0.10928493738174438,source_8
LY2109761,0.6346341967582703,0.10268521308898926,source_8
LY2109761,0.8353796601295471,0.17139393091201782,source_8
LY2109761,0.6328305006027222,0.09366226196289062,source_8
LY2109761,0.8324345946311951,0.11161679029464722,source_8
LY2109761,0.6264567375183105,0.07547461986541748,source_8
LY2109761,0.7979576587677002,0.1675453782081604,source_8
LY2109761,0.6121832728385925,0.0830528736114502,source_8
LY2109761,0.8236252665519714,0.13926595449447632,source_8
LY2109761,0.5995004177093506,0.09042853116989136,source_8
LY2109761,0.8630850315093994,0.14823198318481445,source_8
LY2109761,0.6268372535705566,0.1070868968963623,source_8
LY2109761,0.8871863484382629,0.1575239896774292,source_8
LY2109761,0.6401596665382385,0.11594319343566895,source_8
LY2109761,0.9157595038414001,0.16823464632034302,source_8
LY2109761,0.9101373553276062,0.20431101322174072,source_8
LY2109761,0.8597490191459656,0.185649573802948,source_8
LY2109761,0.6418514251708984,0.11291718482971191,source_8
LY2109761,0.6359990239143372,0.09463846683502197,source_8
LY2109761,0.8515469431877136,0.09905356168746948,source_8
LY2109761,0.615717351436615,0.08113563060760498,source_8
LY2109761,0.8745982050895691,0.12525707483291626,source_8
LY2109761,0.800573468208313,0.1274440884590149,source_8
LY2109761,1.0859400033950806,0.26699715852737427,source_8
LY2109761,1.1179872751235962,0.24986141920089722,source_8
LY2109761,0.8009933233261108,0.1572529673576355,source_8
LY2109761,0.9842972159385681,0.20803755521774292,source_8
LY2109761,0.7341738939285278,0.1554257869720459,source_8
LY2109761,0.9785498380661011,0.2697717547416687,source_8
LY2109761,0.7541295886039734,0.146528959274292,source_8
LY2109761,1.0062987804412842,0.2341986894607544,source_8
LY2109761,0.7322285175323486,0.13565337657928467,source_8
LY2109761,0.9917340874671936,0.21024847030639648,source_8
LY2109761,0.7015195488929749,0.11467528343200684,source_8
LY2109761,0.9000590443611145,0.18659943342208862,source_8
LY2109761,0.6762839555740356,0.10967278480529785,source_8
LY2109761,0.9153687953948975,0.1746605634689331,source_8
LY2109761,0.677830159664154,0.13666772842407227,source_8
LY2109761,0.9002791047096252,0.17654776573181152,source_8
LY2109761,0.6683627963066101,0.12623906135559082,source_8
LY2109761,0.8880885243415833,0.14771652221679688,source_8
LY2109761,0.861159086227417,0.1788715124130249,source_8
LY2109761,0.656656801700592,0.10832977294921875,source_8
LY2109761,0.8832257986068726,0.14371836185455322,source_8
LY2109761,0.6445432901382446,0.12744379043579102,source_8
LY2109761,0.8566056489944458,0.18771708011627197,source_8
LY2109761,0.6437320709228516,0.13548827171325684,source_8
LY2109761,0.859661340713501,0.1411902904510498,source_8
LY2109761,0.6306006908416748,0.12922924757003784,source_8
LY2109761,0.8656826615333557,0.14326763153076172,source_8
LY2109761,0.6393658518791199,0.12451446056365967,source_8
LY2109761,0.8475890755653381,0.1499006748199463,source_8
LY2109761,0.6475273370742798,0.10297834873199463,source_8
LY2109761,0.8592355251312256,0.14395761489868164,source_8
LY2109761,0.6890464425086975,0.11780476570129395,source_8
LY2109761,0.7212410569190979,0.15810418128967285,source_8
LY2109761,0.6291778087615967,0.10322260856628418,source_8
LY2109761,0.9086681604385376,0.1456538438796997,source_8
LY2109761,0.6139785647392273,0.10584354400634766,source_8
LY2109761,0.8763331770896912,0.1750139594078064,source_8
LY2109761,0.6310015320777893,0.11128580570220947,source_8
LY2109761,0.8302111029624939,0.14498937129974365,source_8
LY2109761,0.6375564932823181,0.11854636669158936,source_8
LY2109761,0.868700385093689,0.14937913417816162,source_8
LY2109761,0.6318729519844055,0.13219189643859863,source_8
LY2109761,0.8983975648880005,0.15197449922561646,source_8
LY2109761,0.6207162141799927,0.10720330476760864,source_8
LY2109761,0.8894177675247192,0.15765380859375,source_8
LY2109761,0.6107983589172363,0.13333183526992798,source_8
LY2109761,0.8529881238937378,0.1325756311416626,source_8
LY2109761,0.6323885917663574,0.13793349266052246,source_8
LY2109761,0.8587661981582642,0.14948081970214844,source_8
LY2109761,0.6178416609764099,0.12479794025421143,source_8
LY2109761,0.5996682643890381,0.6105276346206665,source_3
LY2109761,0.6230122447013855,0.9300077706575394,source_3
LY2109761,0.6198635697364807,1.0916955694556236,source_3
LY2109761,0.5535006523132324,0.8583438694477081,source_3
LY2109761,0.5684861540794373,1.0690567940473557,source_3
LY2109761,0.5893366932868958,0.7524924278259277,source_3
LY2109761,0.6120830178260803,0.774707168340683,source_3
LY2109761,0.5705263018608093,0.8641250878572464,source_3
LY2109761,0.609998345375061,0.9825235772877932,source_3
LY2109761,0.6559404134750366,0.8073676824569702,source_3
LY2109761,0.5970445275306702,0.5554922223091125,source_3
LY2109761,0.6096326112747192,0.7120978236198425,source_3
LY2109761,0.6540133357048035,0.7531594187021255,source_3
LY2109761,0.5403845906257629,0.5762622356414795,source_3
LY2109761,0.5891312956809998,0.9508942365646362,source_3
LY2109761,0.6610137820243835,0.7347962260246277,source_3
LY2109761,0.6155496835708618,0.6456697881221771,source_3
LY2109761,0.5190552473068237,0.7793424725532532,source_3
LY2109761,0.5894386768341064,1.2326749116182327,source_3
LY2109761,0.7352344989776611,1.0813645869493484,source_3
LY2109761,0.735124945640564,0.8442353159189224,source_3
LY2109761,0.6886591911315918,0.10437703132629395,source_5
LY2109761,0.682624101638794,0.08536195755004883,source_5
LY2109761,0.6946238279342651,0.07962667942047119,source_5
LY2109761,0.6895954012870789,0.09341651201248169,source_5
LY2109761,0.6868112087249756,0.09454643726348877,source_5
LY2109761,0.6914821863174438,0.07403957843780518,source_5
LY2109761,0.700269341468811,0.09317970275878906,source_5
LY2109761,0.7060083150863647,0.0810173749923706,source_5
LY2109761,0.696448028087616,0.09655582904815674,source_5
LY2109761,0.7034600377082825,0.07448673248291016,source_5
LY2109761,0.705940842628479,0.07207441329956055,source_5
LY2109761,0.6928442120552063,0.09810483455657959,source_5
LY2109761,0.7024758458137512,0.10624384880065918,source_5
LY2109761,0.6998400092124939,0.09370160102844238,source_5
LY2109761,0.6938983798027039,0.08751708269119263,source_5
LY2109761,0.6838425397872925,0.10031449794769287,source_5
LY2109761,0.6828692555427551,0.10078376531600952,source_5
LY2109761,0.695300281047821,0.11924374103546143,source_5
LY2109761,0.6821972131729126,0.07509458065032959,source_5
LY2109761,0.677436888217926,0.07889688014984131,source_5
LY2109761,0.6703794002532959,0.07246136665344238,source_5
LY2109761,0.6843375563621521,0.08209991455078125,source_5
LY2109761,0.6909279227256775,0.08137810230255127,source_5
LY2109761,0.6971735954284668,0.07945215702056885,source_5
LY2109761,0.692138671875,0.08382260799407959,source_5
LY2109761,0.7211413979530334,0.0820695161819458,source_5
LY2109761,0.7222829461097717,0.0851665735244751,source_5
LY2109761,0.7266436219215393,0.07836955785751343,source_5
LY2109761,0.7148712277412415,0.07954883575439453,source_5
LY2109761,0.7015231251716614,0.10137075185775757,source_5
LY2109761,0.6643915176391602,0.09251224994659424,source_5
LY2109761,0.6739948391914368,0.07995480298995972,source_5
LY2109761,0.6810452342033386,0.07855820655822754,source_5
LY2109761,0.6974601149559021,0.08900582790374756,source_5
LY2109761,0.704286515712738,0.08631575107574463,source_5
LY2109761,0.6979945302009583,0.09071272611618042,source_5
LY2109761,0.6728981137275696,0.12097042798995972,source_5
LY2109761,0.6783417463302612,0.10164189338684082,source_5
LY2109761,0.6862267851829529,0.10809344053268433,source_5
LY2109761,0.6822279691696167,0.11299467086791992,source_5
LY2109761,0.6885761022567749,0.13965201377868652,source_5
LY2109761,0.6852564215660095,0.11018085479736328,source_5
LY2109761,0.6718346476554871,0.1074749231338501,source_5
LY2109761,0.692543625831604,0.11220300197601318,source_5
LY2109761,0.6524384617805481,0.07836282253265381,source_5
LY2109761,0.6517457365989685,0.07354080677032471,source_5
LY2109761,0.6591514348983765,0.07019555568695068,source_5
LY2109761,0.6579924821853638,0.07390773296356201,source_5
LY2109761,0.6551392078399658,0.07168805599212646,source_5
LY2109761,0.6662417054176331,0.0723986029624939,source_5
LY2109761,0.6674573421478271,0.07009249925613403,source_5
LY2109761,0.6734402179718018,0.07220089435577393,source_5
LY2109761,0.7260584831237793,0.09143465757369995,source_5
LY2109761,0.7158082127571106,0.07784360647201538,source_5
LY2109761,0.7205216288566589,0.07836544513702393,source_5
LY2109761,0.7211717963218689,0.08243244886398315,source_5
LY2109761,0.6999331116676331,0.08258199691772461,source_5
LY2109761,0.7132751941680908,0.08321762084960938,source_5
LY2109761,0.7207156419754028,0.0684664249420166,source_5
LY2109761,0.7112074494361877,0.11416000127792358,source_5
LY2109761,0.6738078594207764,0.0808483362197876,source_5
LY2109761,0.6701700687408447,0.08125019073486328,source_5
LY2109761,0.673568844795227,0.06994855403900146,source_5
LY2109761,0.6641220450401306,0.10209649801254272,source_5
LY2109761,0.6676461696624756,0.07714974880218506,source_5
LY2109761,0.6808179020881653,0.07125550508499146,source_5
LY2109761,0.6533839106559753,0.07415980100631714,source_5
LY2109761,0.6532665491104126,0.0738365650177002,source_5
LY2109761,0.6587871313095093,0.07910394668579102,source_5
LY2109761,0.6609733700752258,0.08262109756469727,source_5
LY2109761,0.6649209260940552,0.0837317705154419,source_5
LY2109761,0.654924213886261,0.06427127122879028,source_5
LY2109761,0.6577163338661194,0.07256662845611572,source_5
LY2109761,0.6605387330055237,0.059819161891937256,source_5
LY2109761,0.6479352712631226,0.06950163841247559,source_5
LY2109761,0.6495640873908997,0.060359835624694824,source_5
LY2109761,0.6494491696357727,0.05970489978790283,source_5
LY2109761,0.6256919503211975,0.063210129737854,source_5
LY2109761,0.6302260756492615,0.060333847999572754,source_5
LY2109761,0.6367409229278564,0.05491572618484497,source_5
LY2109761,0.6306893229484558,0.05116152763366699,source_5
LY2109761,0.6332005858421326,0.06104695796966553,source_5
LY2109761,0.6413710117340088,0.05139046907424927,source_5
LY2109761,0.6389178037643433,0.05757403373718262,source_5
LY2109761,0.6599479913711548,0.08378618955612183,source_5
LY2109761,0.6775903105735779,0.07564598321914673,source_5
LY2109761,0.6725478768348694,0.07570958137512207,source_5
LY2109761,0.656105637550354,0.05557739734649658,source_5
LY2109761,0.6593345999717712,0.0603480339050293,source_5
LY2109761,0.6568967700004578,0.07183218002319336,source_5
LY2109761,0.6282676458358765,0.053940773010253906,source_5
LY2109761,0.6319606304168701,0.053391456604003906,source_5
LY2109761,0.6386500597000122,0.05326497554779053,source_5
LY2109761,0.6329352259635925,0.055377304553985596,source_5
LY2109761,0.6326931118965149,0.051429033279418945,source_5
LY2109761,0.6430453658103943,0.05385005474090576,source_5
LY2109761,0.6481317281723022,0.055516958236694336,source_5
LY2109761,0.661342442035675,0.05595529079437256,source_5
LY2109761,0.6603527069091797,0.0650215744972229,source_5
LY2109761,0.6584030389785767,0.06492531299591064,source_5
LY2109761,0.6452168226242065,0.059477388858795166,source_5
LY2109761,0.651069164276123,0.07394927740097046,source_5
LY2109761,0.6657274961471558,0.08607196807861328,source_5
LY2109761,0.661785900592804,0.07428956031799316,source_5
LY2109761,0.6645241379737854,0.07758307456970215,source_5
LY2109761,0.6599166393280029,0.09105098247528076,source_5
LY2109761,0.6285086870193481,0.06665468215942383,source_5
LY2109761,0.6332676410675049,0.06896114349365234,source_5
LY2109761,0.6983906030654907,0.06643462181091309,source_5
LY2109761,0.6984323859214783,0.06829047203063965,source_5
LY2109761,0.7044170498847961,0.07081687450408936,source_5
LY2109761,0.678826093673706,0.11214900016784668,source_5
LY2109761,0.6966452598571777,0.09302085638046265,source_5
LY2109761,0.6865890026092529,0.08949917554855347,source_5
LY2109761,0.6823027729988098,0.10179436206817627,source_5
LY2109761,0.6904852390289307,0.09226429462432861,source_5
LY2109761,0.6870647072792053,0.0776829719543457,source_5
LY2109761,0.6681134700775146,0.07132774591445923,source_5
LY2109761,0.6844095587730408,0.09024214744567871,source_5
LY2109761,0.6810087561607361,0.06840068101882935,source_5
LY2109761,0.6821924448013306,0.06841027736663818,source_5
LY2109761,0.6792736053466797,0.12025594711303711,source_5
LY2109761,0.6856545805931091,0.07029712200164795,source_5
LY2109761,0.6923719644546509,0.08115661144256592,source_5
LY2109761,0.7054017782211304,0.11304640769958496,source_5
LY2109761,0.6780983209609985,0.07113367319107056,source_5
LY2109761,0.6978553533554077,0.06587111949920654,source_5
LY2109761,0.6267969012260437,0.05731850862503052,source_5
LY2109761,0.6302157640457153,0.061629414558410645,source_5
LY2109761,0.6486083269119263,0.06005370616912842,source_5
LY2109761,0.6369785070419312,0.05195724964141846,source_5
LY2109761,0.6401369571685791,0.0609012246131897,source_5
LY2109761,0.6424005627632141,0.06072878837585449,source_5
LY2109761,0.6410953998565674,0.05716550350189209,source_5
LY2109761,0.6419905424118042,0.058989524841308594,source_5
LY2109761,0.6580125689506531,0.057876408100128174,source_5
LY2109761,0.6566631197929382,0.0654599666595459,source_5
LY2109761,0.6529250144958496,0.052544474601745605,source_5
LY2109761,0.6548436880111694,0.05432581901550293,source_5
LY2109761,0.6579908132553101,0.05768883228302002,source_5
LY2109761,0.6642143726348877,0.060057997703552246,source_5
LY2109761,0.6617921590805054,0.0535123348236084,source_5
LY2109761,0.6614917516708374,0.0650363564491272,source_5
LY2109761,0.65839684009552,0.07606136798858643,source_5
LY2109761,0.6623432636260986,0.06466543674468994,source_5
LY2109761,0.6707444787025452,0.06103253364562988,source_5
LY2109761,0.6726229190826416,0.08472418785095215,source_5
LY2109761,0.6686863303184509,0.07752335071563721,source_5
LY2109761,0.6717250347137451,0.08248186111450195,source_5
LY2109761,0.6712784171104431,0.09106314182281494,source_5
LY2109761,0.6753908395767212,0.0757143497467041,source_5
LY2109761,0.678800642490387,0.07497608661651611,source_5
LY2109761,0.6829452514648438,0.068062424659729,source_5
LY2109761,0.6713822484016418,0.06466662883758545,source_5
LY2109761,0.678307831287384,0.06899595260620117,source_5
LY2109761,0.6809439659118652,0.06931400299072266,source_5
LY2109761,0.6736052632331848,0.06302666664123535,source_5
LY2109761,0.6739484071731567,0.06423735618591309,source_5
LY2109761,0.6853549480438232,0.06956380605697632,source_5
LY2109761,0.6801620721817017,0.0636335015296936,source_5
LY2109761,0.6875477433204651,0.07171487808227539,source_5
LY2109761,0.6794896125793457,0.07739865779876709,source_5
LY2109761,0.688766598701477,0.08571964502334595,source_5
LY2109761,0.6836733222007751,0.0786358118057251,source_5
LY2109761,0.6978744268417358,0.090107262134552,source_5
LY2109761,0.6790773868560791,0.07538723945617676,source_5
LY2109761,0.6789159178733826,0.07156896591186523,source_5
LY2109761,0.6818345785140991,0.07614147663116455,source_5
LY2109761,0.6839433312416077,0.09155142307281494,source_5
LY2109761,0.695559561252594,0.09127670526504517,source_5
LY2109761,0.69586181640625,0.08419138193130493,source_5
LY2109761,0.7005262970924377,0.0865333080291748,source_5
LY2109761,0.6848046183586121,0.07258617877960205,source_5
LY2109761,0.698492705821991,0.08948248624801636,source_5
LY2109761,0.6986687779426575,0.10177898406982422,source_5
LY2109761,0.6983036994934082,0.08158105611801147,source_5
LY2109761,0.7037301063537598,0.08039313554763794,source_5
LY2109761,0.7017300128936768,0.08453774452209473,source_5
LY2109761,0.6948624849319458,0.0859149694442749,source_5
LY2109761,0.6963965892791748,0.08661717176437378,source_5
LY2109761,0.6985854506492615,0.07850027084350586,source_5
LY2109761,0.7257619500160217,0.09000486135482788,source_5
LY2109761,0.7248404026031494,0.08837378025054932,source_5
LY2109761,0.7338423132896423,0.08711493015289307,source_5
LY2109761,0.7215590476989746,0.08100759983062744,source_5
LY2109761,0.6921917200088501,0.0691038966178894,source_5
LY2109761,0.6870286464691162,0.08759313821792603,source_5
LY2109761,0.6961726546287537,0.08150625228881836,source_5
LY2109761,0.7026640772819519,0.1156623363494873,source_5
LY2109761,0.7017874121665955,0.10569310188293457,source_5
LY2109761,0.7006317377090454,0.08958137035369873,source_5
LY2109761,0.6417679786682129,0.051719486713409424,source_5
LY2109761,0.645996630191803,0.04544299840927124,source_5
LY2109761,0.6439048051834106,0.053597450256347656,source_5
LY2109761,0.6515172123908997,0.056943655014038086,source_5
LY2109761,0.6710565090179443,0.06490981578826904,source_5
LY2109761,0.6582479476928711,0.05763733386993408,source_5
LY2109761,0.5836070775985718,0.22226333618164062,source_3
LY2109761,0.5981117486953735,0.1844661831855774,source_3
LY2109761,0.6031301617622375,0.1871250867843628,source_3
LY2109761,0.5961374044418335,0.17979025840759277,source_3
LY2109761,0.7165937423706055,0.21820282936096191,source_3
LY2109761,0.7270040512084961,0.23586171865463257,source_3
LY2109761,0.6479475498199463,0.18930727243423462,source_3
LY2109761,0.5926424264907837,0.19420742988586426,source_3
LY2109761,0.6238167881965637,0.19796472787857056,source_3
LY2109761,0.6392449140548706,0.17448347806930542,source_3
LY2109761,0.6282803416252136,0.22662484645843506,source_3
LY2109761,0.6639497876167297,0.19238722324371338,source_3
LY2109761,0.6040899753570557,0.20825684070587158,source_3
LY2109761,0.6134955883026123,0.18361914157867432,source_3
LY2109761,0.6753056049346924,0.19250905513763428,source_3
LY2109761,0.6769551038742065,0.1848834753036499,source_3
LY2109761,0.6655948758125305,0.21913892030715942,source_3
LY2109761,0.6651871204376221,0.19723349809646606,source_3
LY2109761,0.6386991143226624,0.2096152901649475,source_3
LY2109761,0.6725649833679199,0.18814682960510254,source_3
LY2109761,0.5207311511039734,0.19432789087295532,source_3
LY2109761,0.5782876014709473,0.21479320526123047,source_3
LY2109761,0.5702030062675476,0.1783774495124817,source_3
LY2109761,0.5992295145988464,0.20210808515548706,source_3
LY2109761,0.5754720568656921,0.2278212308883667,source_3
LY2109761,0.5680087804794312,0.20073050260543823,source_3
LY2109761,0.534924328327179,0.1913425326347351,source_3
LY2109761,0.5282779335975647,0.20980817079544067,source_3
LY2109761,0.6025388836860657,0.2605339288711548,source_3
LY2109761,0.6051704287528992,0.24250686168670654,source_3
LY2109761,0.7699668407440186,0.29611754417419434,source_3
LY2109761,0.6496105790138245,0.2687554955482483,source_3
LY2109761,0.5749631524085999,0.23196172714233398,source_3
LY2109761,0.5843514800071716,0.20385301113128662,source_3
LY2109761,0.6294429898262024,0.22445356845855713,source_3
LY2109761,0.5809742212295532,0.2687283158302307,source_3
LY2109761,0.5543214678764343,0.2160746455192566,source_3
LY2109761,0.5402359366416931,0.2744588255882263,source_3
LY2109761,0.5676370859146118,0.19996702671051025,source_3
LY2109761,0.5585834383964539,0.25615394115448,source_3
LY2109761,0.653171956539154,0.7650159895420074,source_3
LY2109761,0.6452330350875854,1.1160199120640755,source_3
LY2109761,0.6329552531242371,0.929842047393322,source_3
LY2109761,0.5946083664894104,1.1386381089687347,source_3
LY2109761,0.6806858777999878,1.0623952150344849,source_3
LY2109761,0.6322954297065735,0.8479731976985931,source_3
LY2109761,0.6427746415138245,0.6926198601722717,source_3
LY2109761,0.6022472977638245,0.7300891578197479,source_3
LY2109761,0.621512770652771,0.8541102707386017,source_3
LY2109761,0.6397337913513184,1.0558945313096046,source_3
LY2109761,0.6357105374336243,1.2119068205356598,source_3
LY2109761,0.6311674118041992,1.256704032421112,source_3
LY2109761,0.65976881980896,0.8013038039207458,source_3
LY2109761,0.6604949235916138,1.1134031414985657,source_3
LY2109761,0.8665473461151123,1.1369487047195435,source_3
LY2109761,0.6061413884162903,1.142576813697815,source_3
LY2109761,0.6384682059288025,1.1443378329277039,source_3
LY2109761,0.6551523208618164,0.9615652672946453,source_3
LY2109761,0.6240780353546143,0.9535733871161938,source_3
LY2109761,0.6644260287284851,1.1708435714244843,source_3
LY2109761,0.8512309789657593,0.9376432970166206,source_3
LY2109761,0.8760470151901245,1.1356233060359955,source_3
LY2109761,0.8729403614997864,0.8316341638565063,source_3
LY2109761,0.8320139646530151,1.0324779115617275,source_3
LY2109761,0.7918898463249207,0.7746765315532684,source_3
LY2109761,0.7559844851493835,0.8823787048459053,source_3
LY2109761,0.7282935976982117,0.747632622718811,source_3
LY2109761,0.7288774847984314,1.0583981946110725,source_3
LY2109761,1.0943078994750977,0.8098704367876053,source_3
LY2109761,1.1062707901000977,0.7034932971000671,source_3
LY2109761,1.0772042274475098,0.91318778693676,source_3
LY2109761,0.9556097388267517,0.912364698946476,source_3
LY2109761,0.8788667917251587,0.40860259532928467,source_3
LY2109761,0.9817133545875549,1.1796278357505798,source_3
LY2109761,1.093528389930725,0.9738206807523966,source_3
LY2109761,0.9879788160324097,1.0147549137473106,source_3
LY2109761,0.8877352476119995,0.7061517536640167,source_3
LY2109761,0.9679760932922363,0.8839589804410934,source_3
LY2109761,0.9715948104858398,0.8328265100717545,source_3
LY2109761,0.8975558280944824,1.0470296926796436,source_3
LY2109761,0.5445321202278137,0.19363081455230713,source_3
LY2109761,0.5542600750923157,0.19119036197662354,source_3
LY2109761,0.5603033304214478,0.17752975225448608,source_3
LY2109761,0.5058062076568604,0.1544705033302307,source_3
LY2109761,0.5339706540107727,0.15887922048568726,source_3
LY2109761,0.5396550893783569,0.21114426851272583,source_3
LY2109761,0.555944561958313,0.22720450162887573,source_3
LY2109761,0.5173291563987732,0.21897143125534058,source_3
LY2109761,0.5246511697769165,0.1961207389831543,source_3
LY2109761,0.561436653137207,0.19649595022201538,source_3
LY2109761,0.500761866569519,0.17386698722839355,source_3
LY2109761,0.5818254351615906,0.2022571563720703,source_3
LY2109761,0.5727534294128418,0.19230395555496216,source_3
LY2109761,0.5158975124359131,0.19358283281326294,source_3
LY2109761,0.5575428009033203,0.17205607891082764,source_3
LY2109761,0.5841132402420044,0.22113251686096191,source_3
LY2109761,0.572507917881012,0.20053482055664062,source_3
LY2109761,0.5758947134017944,0.25899195671081543,source_3
LY2109761,0.5804470181465149,0.16422933340072632,source_3
LY2109761,0.5999414920806885,0.19767671823501587,source_3
LY2109761,0.5457763671875,0.17011260986328125,source_3
LY2109761,0.5574971437454224,0.1791207194328308,source_3
LY2109761,0.5506851673126221,0.15411025285720825,source_3
LY2109761,0.6328579783439636,0.17732208967208862,source_3
LY2109761,0.6016655564308167,0.22654449939727783,source_3
LY2109761,0.536433219909668,0.16780191659927368,source_3
LY2109761,0.663735032081604,0.16934353113174438,source_3
LY2109761,0.70135098695755,0.2495441436767578,source_3
LY2109761,0.6013749241828918,0.17335468530654907,source_3
LY2109761,0.6158700585365295,0.16657161712646484,source_3
LY2109761,0.6306511759757996,0.19868576526641846,source_3
LY2109761,0.5334679484367371,0.12069535255432129,source_3
LY2109761,0.6153985857963562,0.1445218324661255,source_3
LY2109761,0.6418440937995911,0.16231989860534668,source_3
LY2109761,0.6592233180999756,0.17665159702301025,source_3
LY2109761,0.6020299196243286,0.18392598628997803,source_3
LY2109761,0.5282220244407654,0.14878112077713013,source_3
LY2109761,0.6153180003166199,0.19416648149490356,source_3
LY2109761,0.6428673267364502,0.176507830619812,source_3
LY2109761,0.5988472700119019,0.16600686311721802,source_3
LY2109761,0.5674463510513306,0.2065953016281128,source_3
LY2109761,0.589401125907898,0.2058095932006836,source_3
LY2109761,0.5986008644104004,0.17603552341461182,source_3
LY2109761,0.5895670652389526,0.16367661952972412,source_3
LY2109761,0.49013951420783997,0.15001904964447021,source_3
LY2109761,0.51319819688797,0.1963135004043579,source_3
LY2109761,0.49200239777565,0.16538667678833008,source_3
LY2109761,0.5770546793937683,0.18771874904632568,source_3
LY2109761,0.594610333442688,0.19365835189819336,source_3
LY2109761,0.6011142134666443,0.1843762993812561,source_3
LY2109761,0.6146664619445801,0.1920377016067505,source_3
LY2109761,0.6303322315216064,0.1920740008354187,source_3
LY2109761,0.6299753785133362,0.2037423849105835,source_3
LY2109761,0.502512514591217,0.1820351481437683,source_3
LY2109761,0.4581645131111145,0.1590253710746765,source_3
LY2109761,0.4878444969654083,0.1733853816986084,source_3
LY2109761,0.4961055815219879,0.12161076068878174,source_3
LY2109761,1.4306142330169678,0.28256040811538696,source_7
LY2109761,1.4551661014556885,0.35722070932388306,source_7
LY2109761,1.4380979537963867,0.30594927072525024,source_7
LY2109761,1.4188005924224854,0.31486237049102783,source_7
LY2109761,1.4584928750991821,0.25620853900909424,source_7
LY2109761,1.425976276397705,0.2781409025192261,source_7
LY2109761,1.424285888671875,0.31507986783981323,source_7
LY2109761,1.447680115699768,0.3040022850036621,source_7
LY2109761,1.4179556369781494,0.26195788383483887,source_7
LY2109761,1.4055894613265991,0.31223058700561523,source_7
LY2109761,1.4251904487609863,0.285270094871521,source_7
LY2109761,1.4775640964508057,0.2898358106613159,source_7
LY2109761,1.392528772354126,0.3098018169403076,source_7
LY2109761,1.3165977001190186,0.2276415228843689,source_7
LY2109761,1.2928571701049805,0.2698040008544922,source_7
LY2109761,1.226798176765442,0.23373937606811523,source_7
LY2109761,1.2870069742202759,0.25742900371551514,source_7
LY2109761,1.3037352561950684,0.23665869235992432,source_7
LY2109761,1.2903873920440674,0.19210779666900635,source_7
LY2109761,1.3061497211456299,0.2530723214149475,source_7
LY2109761,1.2561111450195312,0.22140878438949585,source_7
LY2109761,1.1869113445281982,0.2821533679962158,source_7
LY2109761,1.225843906402588,0.2933143377304077,source_7
LY2109761,1.2661973237991333,0.2973816394805908,source_7
LY2109761,1.2052016258239746,0.2884673476219177,source_7
LY2109761,1.192463755607605,0.34693270921707153,source_7
LY2109761,1.2177760601043701,0.3364495635032654,source_7
LY2109761,1.1836559772491455,0.2967071533203125,source_7
LY2109761,1.1847130060195923,0.3366285562515259,source_7
LY2109761,1.1786301136016846,0.29410845041275024,source_7
LY2109761,1.1849616765975952,0.32263463735580444,source_7
LY2109761,1.1836515665054321,0.26840388774871826,source_7
LY2109761,1.2285593748092651,0.29295825958251953,source_7
LY2109761,1.1818798780441284,0.26150429248809814,source_7
LY2109761,1.1822854280471802,0.27511727809906006,source_7
LY2109761,1.203763723373413,0.28013181686401367,source_7
LY2109761,1.1863212585449219,0.2504560947418213,source_7
LY2109761,1.189944863319397,0.2888980507850647,source_7
LY2109761,1.2171918153762817,0.2616479992866516,source_7
LY2109761,1.2123773097991943,0.29007625579833984,source_7
LY2109761,1.2280588150024414,0.27048683166503906,source_7
LY2109761,1.2024974822998047,0.29931217432022095,source_7
LY2109761,1.2126517295837402,0.2833064794540405,source_7
LY2109761,1.2211945056915283,0.27420157194137573,source_7
LY2109761,1.234215259552002,0.32501518726348877,source_7
LY2109761,1.224427580833435,0.25609540939331055,source_7
LY2109761,1.2251694202423096,0.2831578254699707,source_7
LY2109761,1.188146948814392,0.25822293758392334,source_7
LY2109761,1.229832649230957,0.25309646129608154,source_7
LY2109761,1.1716248989105225,0.2864563465118408,source_7
LY2109761,1.1732230186462402,0.2549540400505066,source_7
LY2109761,1.1283754110336304,0.25509464740753174,source_7
LY2109761,1.1284343004226685,0.30490201711654663,source_7
LY2109761,1.1734367609024048,0.3079204559326172,source_7
LY2109761,1.1792402267456055,0.2637392282485962,source_7
LY2109761,1.204894781112671,0.2975720763206482,source_7
LY2109761,1.2420583963394165,0.28719210624694824,source_7
LY2109761,1.1915682554244995,0.23043572902679443,source_7
LY2109761,1.152854084968567,0.24743497371673584,source_7
LY2109761,1.1833912134170532,0.26695287227630615,source_7
LY2109761,1.1723792552947998,0.24210596084594727,source_7
LY2109761,1.1792675256729126,0.2472437024116516,source_7
LY2109761,1.171044945716858,0.2768322229385376,source_7
LY2109761,1.1683679819107056,0.2573630213737488,source_7
LY2109761,1.2121447324752808,0.2653219699859619,source_7
LY2109761,1.2089941501617432,0.24311500787734985,source_7
LY2109761,1.601305365562439,0.36863380670547485,source_7
LY2109761,1.67333984375,0.477300226688385,source_7
LY2109761,1.5457361936569214,0.375091552734375,source_7
LY2109761,1.4162824153900146,0.3817635774612427,source_7
LY2109761,1.3281848430633545,0.3386099338531494,source_7
LY2109761,1.3175978660583496,0.2984529137611389,source_7
LY2109761,1.3161457777023315,0.3600393533706665,source_7
LY2109761,1.2890905141830444,0.3032844066619873,source_7
LY2109761,1.2413021326065063,0.32920336723327637,source_7
LY2109761,1.210310459136963,0.29569751024246216,source_7
LY2109761,1.2087419033050537,0.2782275676727295,source_7
LY2109761,1.1868391036987305,0.25341856479644775,source_7
LY2109761,1.1790745258331299,0.20644092559814453,source_7
LY2109761,1.24618399143219,0.24908661842346191,source_7
LY2109761,1.2148240804672241,0.26250386238098145,source_7
LY2109761,1.1977145671844482,0.24868148565292358,source_7
LY2109761,1.2189075946807861,0.29542261362075806,source_7
LY2109761,1.1885440349578857,0.24410021305084229,source_7
LY2109761,1.3549684286117554,0.2780344486236572,source_7
LY2109761,1.2950310707092285,0.3086780309677124,source_7
LY2109761,1.2686691284179688,0.3602079153060913,source_7
LY2109761,1.3151423931121826,0.300270676612854,source_7
LY2109761,1.4250410795211792,0.28871381282806396,source_7
LY2109761,1.3143818378448486,0.28184062242507935,source_7
LY2109761,1.2344833612442017,0.2595980167388916,source_7
LY2109761,1.2224172353744507,0.7269215285778046,source_7
LY2109761,1.3855907917022705,0.36921024322509766,source_7
LY2109761,1.2847121953964233,0.2412029504776001,source_7
LY2109761,1.2386231422424316,0.3062294125556946,source_7
LY2109761,1.2360666990280151,0.29901647567749023,source_7
LY2109761,1.2754029035568237,0.2951953411102295,source_7
LY2109761,1.2698265314102173,0.2819020748138428,source_7
LY2109761,1.2572208642959595,0.27781975269317627,source_7
LY2109761,1.2848684787750244,0.24499821662902832,source_7
LY2109761,1.270529866218567,0.34863752126693726,source_7
LY2109761,1.2438545227050781,0.27188044786453247,source_7
LY2109761,1.2642794847488403,0.29930979013442993,source_7
LY2109761,1.2795637845993042,0.2624968886375427,source_7
LY2109761,1.26340651512146,0.24818646907806396,source_7
LY2109761,1.2465578317642212,0.24989992380142212,source_7
LY2109761,1.2562206983566284,0.27810728549957275,source_7
LY2109761,1.1330314874649048,0.3140305280685425,source_7
LY2109761,1.2962646484375,0.34377944469451904,source_7
LY2109761,1.211053729057312,0.2746325731277466,source_7
LY2109761,1.0527299642562866,0.27022016048431396,source_7
LY2109761,1.2013533115386963,0.2514702081680298,source_7
LY2109761,1.1686055660247803,0.28625351190567017,source_7
LY2109761,1.0588973760604858,0.23323160409927368,source_7
LY2109761,1.1956089735031128,0.3053138256072998,source_7
LY2109761,0.7652983069419861,0.11726582050323486,source_10
LY2109761,0.70418381690979,0.12895679473876953,source_10
LY2109761,0.7394319772720337,0.12697649002075195,source_10
LY2109761,0.7632085680961609,0.283613383769989,source_10
LY2109761,0.7627989649772644,0.12791049480438232,source_10
LY2109761,0.7807422876358032,0.15513378381729126,source_10
LY2109761,0.7858739495277405,0.12343931198120117,source_10
LY2109761,0.8394156694412231,0.15476137399673462,source_10
LY2109761,0.7159210443496704,0.07919329404830933,source_10
LY2109761,0.7286481261253357,0.0937269926071167,source_10
LY2109761,0.7389408349990845,0.10606920719146729,source_10
LY2109761,0.7246220707893372,0.12267804145812988,source_10
LY2109761,0.7301930785179138,0.08489340543746948,source_10
LY2109761,0.7254037261009216,0.09251236915588379,source_10
LY2109761,0.7375603318214417,0.09092658758163452,source_10
LY2109761,0.6938991546630859,0.09666448831558228,source_10
LY2109761,0.6935639381408691,0.0924304723739624,source_10
LY2109761,0.6832239031791687,0.10229122638702393,source_10
LY2109761,0.7051969766616821,0.10590523481369019,source_10
LY2109761,0.7107673287391663,0.09361100196838379,source_10
LY2109761,0.707205593585968,0.09419316053390503,source_10
LY2109761,0.7179107666015625,0.10698753595352173,source_10
LY2109761,0.7242607474327087,0.13757050037384033,source_10
LY2109761,0.7483208775520325,0.17664843797683716,source_10
LY2109761,0.7293388247489929,0.17899763584136963,source_10
LY2109761,0.7499856948852539,0.15472829341888428,source_10
LY2109761,0.7427662014961243,0.13207900524139404,source_10
LY2109761,0.7585691809654236,0.1380382776260376,source_10
LY2109761,0.7186317443847656,0.22767943143844604,source_10
LY2109761,0.6484324932098389,0.18119972944259644,source_10
LY2109761,0.6375455856323242,0.2129892110824585,source_10
LY2109761,0.6621318459510803,0.2143726944923401,source_10
LY2109761,0.7042112350463867,0.20139384269714355,source_10
LY2109761,0.7368509769439697,0.23469841480255127,source_10
LY2109761,0.7484428882598877,0.21281510591506958,source_10
LY2109761,0.7452749609947205,0.2101808786392212,source_10
LY2109761,0.7502570748329163,0.26523905992507935,source_10
LY2109761,0.7402638792991638,0.23731255531311035,source_10
LY2109761,0.7542449235916138,0.23673033714294434,source_10
LY2109761,0.716702938079834,0.19671642780303955,source_10
LY2109761,0.705208420753479,0.21798288822174072,source_10
LY2109761,0.7431174516677856,0.18428313732147217,source_10
LY2109761,0.7309626936912537,0.18460547924041748,source_10
LY2109761,0.7361827492713928,0.20677590370178223,source_10
LY2109761,0.7438428997993469,0.20324373245239258,source_10
LY2109761,0.7569270133972168,0.2126924991607666,source_10
LY2109761,0.7161357998847961,0.13088101148605347,source_10
LY2109761,0.698437511920929,0.10774827003479004,source_10
LY2109761,0.7182675004005432,0.13695359230041504,source_10
LY2109761,0.7024641633033752,0.12044334411621094,source_10
LY2109761,0.720037043094635,0.12968510389328003,source_10
LY2109761,0.7115004658699036,0.11997878551483154,source_10
LY2109761,0.6392455101013184,0.12367773056030273,source_10
LY2109761,0.8135678172111511,0.176802396774292,source_10
LY2109761,0.7836143374443054,0.15682154893875122,source_10
LY2109761,0.7625885009765625,0.16990762948989868,source_10
LY2109761,0.7378958463668823,0.13138580322265625,source_10
LY2109761,0.7535517811775208,0.17018157243728638,source_10
LY2109761,0.7714757919311523,0.173342764377594,source_10
LY2109761,0.7828425765037537,0.1683107614517212,source_10
LY2109761,0.6643677353858948,0.16707539558410645,source_10
LY2109761,0.6956585049629211,0.22562873363494873,source_10
LY2109761,0.7332441210746765,0.18839037418365479,source_10
LY2109761,0.7017207145690918,0.1509612798690796,source_10
LY2109761,0.6356827616691589,0.1318964958190918,source_10
LY2109761,0.7115398645401001,0.13976019620895386,source_10
LY2109761,0.6897315979003906,0.1508958339691162,source_10
LY2109761,0.7418475151062012,0.13034886121749878,source_10
LY2109761,0.7428884506225586,0.20400303602218628,source_10
LY2109761,0.7356809377670288,0.14453715085983276,source_10
LY2109761,0.7318363785743713,0.15831279754638672,source_10
LY2109761,0.7264675498008728,0.17739027738571167,source_10
LY2109761,0.7486199736595154,0.22314774990081787,source_10
LY2109761,0.6535945534706116,0.12807804346084595,source_10
LY2109761,0.67091965675354,0.10476386547088623,source_10
LY2109761,0.6723655462265015,0.10613733530044556,source_10
LY2109761,0.6676797270774841,0.12518203258514404,source_10
LY2109761,0.677435576915741,0.14034348726272583,source_10
LY2109761,0.7529630661010742,0.11777085065841675,source_10
LY2109761,0.7650482654571533,0.1369507908821106,source_10
LY2109761,0.7829801440238953,0.15958106517791748,source_10
LY2109761,0.7900485992431641,0.15042024850845337,source_10
LY2109761,0.7750866413116455,0.21264630556106567,source_10
LY2109761,0.7292654514312744,0.22195422649383545,source_10
LY2109761,0.7599695920944214,0.19943201541900635,source_10
LY2109761,0.7796003222465515,0.18671834468841553,source_10
LY2109761,0.7334724068641663,0.17798084020614624,source_10
LY2109761,0.7484967112541199,0.17543822526931763,source_10
LY2109761,0.6239322423934937,0.13357090950012207,source_10
LY2109761,0.740860104560852,0.17035531997680664,source_10
LY2109761,0.7616809606552124,0.1514594554901123,source_10
LY2109761,0.7604078650474548,0.1860363483428955,source_10
LY2109761,0.7059587240219116,0.15713560581207275,source_10
LY2109761,0.7154203653335571,0.14936065673828125,source_10
LY2109761,0.7249951958656311,0.19507652521133423,source_10
LY2109761,0.7115234732627869,0.17684531211853027,source_10
LY2109761,0.7178288102149963,0.1810658574104309,source_10
LY2109761,0.7160231471061707,0.1741276979446411,source_10
LY2109761,0.7428821325302124,0.2093336582183838,source_10
LY2109761,0.7451248168945312,0.13987034559249878,source_10
LY2109761,0.7655348777770996,0.15814387798309326,source_10
LY2109761,0.7543515563011169,0.1491760015487671,source_10
LY2109761,0.7086412310600281,0.22758054733276367,source_10
LY2109761,0.6942333579063416,0.2322138547897339,source_10
LY2109761,0.7202811241149902,0.21999096870422363,source_10
LY2109761,0.7211544513702393,0.19431275129318237,source_10
LY2109761,0.7139182090759277,0.21509838104248047,source_10
LY2109761,0.74519944190979,0.24291205406188965,source_10
LY2109761,0.7730028629302979,0.19182097911834717,source_10
LY2109761,0.7818006873130798,0.24529844522476196,source_10
LY2109761,0.6599276065826416,0.23291075229644775,source_10
LY2109761,0.653968095779419,0.1598120927810669,source_10
LY2109761,0.672362744808197,0.17200720310211182,source_10
LY2109761,0.6770431995391846,0.1925448775291443,source_10
LY2109761,0.7184799909591675,0.1807127594947815,source_10
LY2109761,0.7274882793426514,0.15590113401412964,source_10
LY2109761,0.7264822721481323,0.1968221664428711,source_10
LY2109761,0.7522729635238647,0.20595109462738037,source_10
LY2109761,0.7362505197525024,0.20207887887954712,source_10
LY2109761,0.6835898756980896,0.1607053279876709,source_10
LY2109761,0.7057796120643616,0.24740886688232422,source_10
LY2109761,0.7191607356071472,0.23099923133850098,source_10
LY2109761,0.7077642679214478,0.1755421757698059,source_10
LY2109761,0.7497695088386536,0.23348307609558105,source_10
LY2109761,0.7731326222419739,0.28242141008377075,source_10
LY2109761,0.746772289276123,0.2107803225517273,source_10
LY2109761,0.7661683559417725,0.20006000995635986,source_10
LY2109761,0.7851459980010986,0.17667871713638306,source_10
LY2109761,0.816535472869873,0.18627870082855225,source_10
LY2109761,0.8155383467674255,0.17508423328399658,source_10
LY2109761,0.8216452598571777,0.1789063811302185,source_10
LY2109761,0.8592255711555481,0.20879298448562622,source_10
LY2109761,0.7116147875785828,0.10353142023086548,source_10
LY2109761,0.7015097737312317,0.1162024736404419,source_10
LY2109761,0.7085792422294617,0.10768663883209229,source_10
LY2109761,0.7162646055221558,0.10820603370666504,source_10
LY2109761,0.720564067363739,0.1436384916305542,source_10
LY2109761,0.71439528465271,0.11737978458404541,source_10
LY2109761,0.730579674243927,0.12314891815185547,source_10
LY2109761,0.7309128046035767,0.11550581455230713,source_10
LY2109761,0.6899097561836243,0.10940200090408325,source_10
LY2109761,0.6766301989555359,0.12618327140808105,source_10
LY2109761,0.6664231419563293,0.1165589690208435,source_10
LY2109761,0.6620888113975525,0.11130863428115845,source_10
LY2109761,0.6863516569137573,0.10882818698883057,source_10
LY2109761,0.6758784651756287,0.12208020687103271,source_10
LY2109761,0.6806051731109619,0.12567150592803955,source_10
LY2109761,0.6985185146331787,0.09726303815841675,source_10
LY2109761,0.7641133666038513,0.1566023826599121,source_10
LY2109761,0.7702850699424744,0.1727515459060669,source_10
LY2109761,0.7793917655944824,0.15743529796600342,source_10
LY2109761,0.8457093834877014,0.1822139024734497,source_10
LY2109761,0.8112646341323853,0.15876883268356323,source_10
LY2109761,0.8064252734184265,0.18026095628738403,source_10
LY2109761,0.7904064059257507,0.14587759971618652,source_10
LY2109761,0.8093577027320862,0.16959595680236816,source_10
LY2109761,0.9076381325721741,0.2850591540336609,source_10
LY2109761,0.8930073380470276,0.18120551109313965,source_10
LY2109761,0.8508678078651428,0.23080235719680786,source_10
LY2109761,0.8903152346611023,0.22591114044189453,source_10
LY2109761,0.8651230931282043,0.18940770626068115,source_10
LY2109761,0.8587285280227661,0.17878413200378418,source_10
LY2109761,0.8465259075164795,0.20641940832138062,source_10
LY2109761,0.8594754934310913,0.17946386337280273,source_10
LY2109761,0.6139491200447083,0.13613009452819824,source_10
LY2109761,0.669258713722229,0.12456458806991577,source_10
LY2109761,0.6756889224052429,0.1437457799911499,source_10
LY2109761,0.6789767146110535,0.1495654582977295,source_10
LY2109761,0.8345683813095093,0.2964291572570801,source_10
LY2109761,0.812421441078186,0.2058786153793335,source_10
LY2109761,0.8033387660980225,0.22916215658187866,source_10
LY2109761,0.7905353307723999,0.21018916368484497,source_10
LY2109761,0.5729721188545227,0.053524136543273926,source_10
LY2109761,0.5786065459251404,0.059344708919525146,source_10
LY2109761,0.585746169090271,0.06577372550964355,source_10
LY2109761,0.598438560962677,0.06719982624053955,source_10
LY2109761,0.5650374293327332,0.06903743743896484,source_10
LY2109761,0.5804135799407959,0.07294070720672607,source_10
LY2109761,0.6016756892204285,0.060396432876586914,source_10
LY2109761,0.6141834259033203,0.07059317827224731,source_10
LY2109761,0.6090579628944397,0.07841908931732178,source_10
LY2109761,0.6404841542243958,0.11564755439758301,source_10
LY2109761,0.6496130228042603,0.12939488887786865,source_10
LY2109761,0.6466056108474731,0.11558544635772705,source_10
LY2109761,0.704303503036499,0.0884276032447815,source_10
LY2109761,0.6420024037361145,0.07772749662399292,source_10
LY2109761,0.657358705997467,0.09762167930603027,source_10
LY2109761,0.6776136755943298,0.12579560279846191,source_10
LY2109761,0.7444429397583008,0.17123812437057495,source_10
LY2109761,0.7198286056518555,0.1531621813774109,source_10
LY2109761,0.7121924757957458,0.1690983772277832,source_10
LY2109761,0.6838411688804626,0.16531306505203247,source_10
LY2109761,0.6885408759117126,0.21794664859771729,source_10
LY2109761,0.6912370920181274,0.13741815090179443,source_10
LY2109761,0.6715067028999329,0.20991015434265137,source_10
LY2109761,0.6664788126945496,0.16316401958465576,source_10
LY2109761,0.6553277373313904,0.17224013805389404,source_10
LY2109761,0.6887909173965454,0.15534985065460205,source_10
LY2109761,0.7039315700531006,0.13104647397994995,source_10
LY2109761,0.704410195350647,0.13445067405700684,source_10
LY2109761,0.7328311800956726,0.18567806482315063,source_10
LY2109761,0.7305453419685364,0.16239935159683228,source_10
LY2109761,0.8332264423370361,0.22825860977172852,source_10
LY2109761,0.7410414814949036,0.14844733476638794,source_10
LY2109761,0.7437527775764465,0.17230355739593506,source_10
LY2109761,0.8762803077697754,0.2429906129837036,source_11
LY2109761,0.6814315319061279,0.6981546878814697,source_11
LY2109761,0.8401833176612854,0.25406014919281006,source_11
LY2109761,0.7771334052085876,0.26222407817840576,source_11
LY2109761,0.8106127381324768,0.2548251152038574,source_11
LY2109761,0.8140944838523865,0.26365983486175537,source_11
LY2109761,0.7866015434265137,0.259289026260376,source_11
LY2109761,0.7967389225959778,0.23471558094024658,source_11
LY2109761,0.7885661125183105,0.2489532232284546,source_11
LY2109761,0.7864782810211182,0.25342434644699097,source_11
LY2109761,0.7971920967102051,0.24421370029449463,source_11
LY2109761,0.797740638256073,0.23585188388824463,source_11
LY2109761,0.7746882438659668,0.23365294933319092,source_11
LY2109761,0.7924286723136902,0.2778463363647461,source_11
LY2109761,0.7905193567276001,0.248457133769989,source_11
LY2109761,0.7783341407775879,0.22794461250305176,source_11
LY2109761,0.7673214077949524,0.24018502235412598,source_11
LY2109761,0.7765673995018005,0.23130106925964355,source_11
LY2109761,0.9223527312278748,0.2816598415374756,source_11
LY2109761,2.3302690982818604,0.5650834441184998,source_11
LY2109761,0.8007583022117615,0.2296968698501587,source_11
LY2109761,0.7817443013191223,0.23627614974975586,source_11
LY2109761,0.808056116104126,0.24789667129516602,source_11
LY2109761,0.8618075847625732,0.22421562671661377,source_11
LY2109761,0.8744598031044006,0.22841918468475342,source_11
LY2109761,0.8797157406806946,0.24952900409698486,source_11
LY2109761,0.900375247001648,0.24269723892211914,source_11
LY2109761,0.9318448305130005,0.23970049619674683,source_11
LY2109761,0.9087428450584412,0.2457672357559204,source_11
LY2109761,0.9174678921699524,0.22055554389953613,source_11
LY2109761,0.925312876701355,0.22529292106628418,source_11
LY2109761,0.9203751087188721,0.2251797318458557,source_11
LY2109761,0.7072758078575134,0.28292179107666016,source_11
LY2109761,0.7588546276092529,0.23493993282318115,source_11
LY2109761,0.7640963196754456,0.2621781826019287,source_11
LY2109761,0.7535000443458557,0.2730861306190491,source_11
LY2109761,0.7439536452293396,0.24996328353881836,source_11
LY2109761,0.7606989145278931,0.26727545261383057,source_11
LY2109761,0.6963871121406555,0.20521599054336548,source_11
LY2109761,0.7682688236236572,0.2780572175979614,source_11
LY2109761,0.7436428070068359,0.2656257152557373,source_11
LY2109761,0.758987545967102,0.2705673575401306,source_11
LY2109761,0.7721652388572693,0.29272663593292236,source_11
LY2109761,0.7657034397125244,0.31296223402023315,source_11
LY2109761,0.7629616260528564,0.32411497831344604,source_11
LY2109761,0.7573415637016296,0.27426350116729736,source_11
LY2109761,0.7650513648986816,0.2603878974914551,source_11
LY2109761,0.7631709575653076,0.2576568126678467,source_11
LY2109761,0.7525855302810669,0.28907352685928345,source_11
LY2109761,0.7542561292648315,0.2412896752357483,source_11
LY2109761,0.7479984760284424,0.24641716480255127,source_11
LY2109761,0.7492328882217407,0.24002915620803833,source_11
LY2109761,0.6893424987792969,0.569425106048584,source_11
LY2109761,0.7512556910514832,0.22084081172943115,source_11
LY2109761,0.6962010860443115,0.20512515306472778,source_11
LY2109761,0.6864461898803711,0.20480895042419434,source_11
LY2109761,0.6770073175430298,0.19391626119613647,source_11
LY2109761,0.6775131821632385,0.20563936233520508,source_11
LY2109761,0.7195623517036438,0.2297382354736328,source_11
LY2109761,0.6895283460617065,0.19749557971954346,source_11
LY2109761,0.8039683103561401,0.22590678930282593,source_11
LY2109761,0.8207468390464783,0.25816667079925537,source_11
LY2109761,0.6896951198577881,0.20898783206939697,source_11
LY2109761,0.7893663048744202,0.2189117670059204,source_11
LY2109761,0.6851550936698914,0.19176936149597168,source_11
LY2109761,0.6902034282684326,0.20865899324417114,source_11
LY2109761,0.6019285321235657,0.22049176692962646,source_11
LY2109761,0.6270532608032227,0.2028484344482422,source_11
LY2109761,0.7151877284049988,0.24542975425720215,source_11
LY2109761,0.7414900660514832,0.2234569787979126,source_11
LY2109761,0.7393670678138733,0.21851015090942383,source_11
LY2109761,0.7343968152999878,0.23259955644607544,source_11
LY2109761,0.7379288077354431,0.23676085472106934,source_11
LY2109761,0.755223274230957,0.2212887406349182,source_11
LY2109761,0.7619494795799255,0.22452318668365479,source_11
LY2109761,0.7991955876350403,0.22111105918884277,source_11
LY2109761,0.7852873206138611,0.21615993976593018,source_11
LY2109761,0.7571706175804138,0.21788156032562256,source_11
LY2109761,0.7799707055091858,0.3099026679992676,source_11
LY2109761,0.7936691641807556,0.22749507427215576,source_11
LY2109761,0.7977330684661865,0.21753811836242676,source_11
LY2109761,0.764511227607727,0.2253732681274414,source_11
LY2109761,0.7759761214256287,0.21498417854309082,source_11
LY2109761,0.7985495328903198,0.22987627983093262,source_11
LY2109761,0.7894326448440552,0.24712491035461426,source_11
LY2109761,0.9657838940620422,0.4516065716743469,source_11
LY2109761,0.7442619204521179,0.21638745069503784,source_11
LY2109761,0.7200722694396973,0.20975100994110107,source_11
LY2109761,0.7163341045379639,0.23172736167907715,source_11
LY2109761,0.7362458109855652,0.3000839352607727,source_11
LY2109761,0.7213684320449829,0.19761884212493896,source_11
LY2109761,0.7443557381629944,0.20750969648361206,source_11
LY2109761,0.7372967004776001,0.2032628059387207,source_11
LY2109761,0.7303957343101501,0.2062772512435913,source_11
LY2109761,0.7244401574134827,0.20198464393615723,source_11
LY2109761,0.7482700943946838,0.21481585502624512,source_11
LY2109761,0.7659741044044495,0.21974682807922363,source_11
LY2109761,0.7634040117263794,0.20013469457626343,source_11
LY2109761,0.6392013430595398,0.17903751134872437,source_11
LY2109761,0.6214981079101562,0.19694387912750244,source_11
LY2109761,0.6142867803573608,0.18500840663909912,source_11
LY2109761,0.6048598885536194,0.19668877124786377,source_11
LY2109761,0.5946870446205139,0.17750191688537598,source_11
LY2109761,0.5731348991394043,0.1818082332611084,source_11
LY2109761,0.6564903855323792,0.17559278011322021,source_11
LY2109761,0.628959596157074,0.17687177658081055,source_11
LY2109761,0.6249617338180542,0.18302226066589355,source_11
LY2109761,0.6230652928352356,0.18013691902160645,source_11
LY2109761,0.636570930480957,0.1882970929145813,source_11
LY2109761,0.6576693058013916,0.17393457889556885,source_11
LY2109761,0.6639955043792725,0.1864168643951416,source_11
LY2109761,0.6594400405883789,0.18763834238052368,source_11
LY2109761,0.6998178362846375,0.16727566719055176,source_11
LY2109761,0.6637460589408875,0.1655268669128418,source_11
LY2109761,0.6620199084281921,0.16537845134735107,source_11
LY2109761,0.6586936116218567,0.17664885520935059,source_11
LY2109761,0.6619295477867126,0.6309353113174438,source_11
LY2109761,0.6633977293968201,0.17144900560379028,source_11
LY2109761,0.6870746612548828,0.16757357120513916,source_11
LY2109761,0.694177508354187,0.1766653060913086,source_11
LY2109761,0.6930871605873108,0.18354570865631104,source_11
LY2109761,0.6741482615470886,0.18080222606658936,source_11
LY2109761,0.6444092392921448,0.18344980478286743,source_11
LY2109761,0.6320933103561401,0.1664738655090332,source_11
LY2109761,0.6423236727714539,0.17225611209869385,source_11
LY2109761,0.6602877974510193,0.18087565898895264,source_11
LY2109761,0.6700467467308044,0.1805964708328247,source_11
LY2109761,0.6791892051696777,0.16367459297180176,source_11
LY2109761,0.5837270617485046,0.22469282150268555,source_11
LY2109761,0.6296789646148682,0.24839484691619873,source_11
LY2109761,0.6062349677085876,0.20701301097869873,source_11
LY2109761,0.6078348159790039,0.21352744102478027,source_11
LY2109761,0.5860455632209778,0.2345920205116272,source_11
LY2109761,0.5822856426239014,0.2377258539199829,source_11
LY2109761,0.6237034797668457,0.21527135372161865,source_11
LY2109761,0.6287588477134705,0.21383142471313477,source_11
LY2109761,0.6044526100158691,0.19704067707061768,source_11
LY2109761,0.5906784534454346,0.20333772897720337,source_11
LY2109761,0.5912590622901917,0.2196178436279297,source_11
LY2109761,0.5985388159751892,0.19391757249832153,source_11
LY2109761,0.607309103012085,0.19809412956237793,source_11
LY2109761,0.6163328886032104,0.19322419166564941,source_11
LY2109761,0.6199547052383423,0.20416337251663208,source_11
LY2109761,0.6142506003379822,0.18477356433868408,source_11
LY2109761,0.617939829826355,0.19015657901763916,source_11
LY2109761,0.6177982687950134,0.18047678470611572,source_11
LY2109761,0.623991072177887,0.18030869960784912,source_11
LY2109761,0.620307207107544,0.19573736190795898,source_11
LY2109761,0.6365894079208374,0.20496249198913574,source_11
LY2109761,0.6658560037612915,0.21357601881027222,source_11
LY2109761,0.6685888767242432,0.1977308988571167,source_11
LY2109761,0.6880010366439819,0.20441794395446777,source_11
LY2109761,0.6960781216621399,0.1919398307800293,source_11
LY2109761,0.6081535220146179,0.18026983737945557,source_11
LY2109761,0.6108137369155884,0.18052351474761963,source_11
LY2109761,0.6128284335136414,0.16676801443099976,source_11
LY2109761,0.5994865894317627,0.17118483781814575,source_11
LY2109761,0.6067666411399841,0.17463326454162598,source_11
LY2109761,0.5854618549346924,0.17198479175567627,source_11
LY2109761,0.5994867086410522,0.18863403797149658,source_11
LY2109761,0.5933526754379272,0.16359961032867432,source_11
LY2109761,0.5997709035873413,0.18303608894348145,source_11
LY2109761,0.5936220288276672,0.1847328543663025,source_11
LY2109761,0.6037037372589111,0.17200392484664917,source_11
LY2109761,0.611723780632019,0.1737380027770996,source_11
LY2109761,0.629884660243988,0.19461828470230103,source_11
LY2109761,0.6359416842460632,0.18600714206695557,source_11
LY2109761,0.5638136267662048,0.19173115491867065,source_3
LY2109761,0.5748992562294006,0.17247521877288818,source_3
LY2109761,0.5993490219116211,0.14865612983703613,source_3
LY2109761,0.6068795919418335,0.16000020503997803,source_3
LY2109761,0.6510651111602783,0.2117217779159546,source_3
LY2109761,0.6421610713005066,0.19744670391082764,source_3
LY2109761,0.6472292542457581,0.19854503870010376,source_3
LY2109761,0.627417802810669,0.18439483642578125,source_3
LY2109761,0.6109505295753479,0.20908796787261963,source_3
LY2109761,0.6224256157875061,0.1712372899055481,source_3
LY2109761,0.6222532987594604,0.2114933729171753,source_3
LY2109761,0.6163987517356873,0.18720132112503052,source_3
LY2109761,0.5984443426132202,0.15813255310058594,source_3
LY2109761,0.6049248576164246,0.17269188165664673,source_3
LY2109761,0.6095687747001648,0.17974168062210083,source_3
LY2109761,0.620859682559967,0.18004316091537476,source_3
LY2109761,0.6310884356498718,0.18831682205200195,source_3
LY2109761,0.586614191532135,0.1781664490699768,source_3
LY2109761,0.5615650415420532,0.15019524097442627,source_3
LY2109761,0.5954417586326599,0.15500938892364502,source_3
LY2109761,0.6397931575775146,0.2172156572341919,source_3
LY2109761,0.634217381477356,0.19483697414398193,source_3
LY2109761,0.632230818271637,0.2116912603378296,source_3
LY2109761,0.7228387594223022,0.803915485739708,source_3
LY2109761,0.6149634122848511,0.165693998336792,source_3
LY2109761,0.6209994554519653,0.16995203495025635,source_3
LY2109761,0.6292142868041992,0.15856695175170898,source_3
LY2109761,0.6406103372573853,0.17651081085205078,source_3
LY2109761,0.6272311210632324,0.1705905795097351,source_3
LY2109761,0.6531482934951782,0.18859606981277466,source_3
LY2109761,0.6092008948326111,0.17639732360839844,source_3
LY2109761,0.630473792552948,0.19794100522994995,source_3
LY2109761,0.6339556574821472,0.20242434740066528,source_3
LY2109761,0.6483010649681091,0.22447997331619263,source_3
LY2109761,0.6481868624687195,0.19881433248519897,source_3
LY2109761,0.6582861542701721,0.19183051586151123,source_3
LY2109761,0.6404402852058411,0.18688958883285522,source_3
LY2109761,0.6199134588241577,0.18236887454986572,source_3
LY2109761,0.6361297369003296,0.1684638261795044,source_3
LY2109761,0.6295416951179504,0.1719490885734558,source_3
LY2109761,0.6407245993614197,0.80527064204216,source_3
LY2109761,0.8433385491371155,0.8530458062887192,source_3
LY2109761,2.265998363494873,0.9723316878080368,source_3
LY2109761,1.0224090814590454,0.2836637496948242,source_15
LY2109761,1.0130330324172974,0.27114737033843994,source_15
LY2109761,1.013933777809143,0.2972869873046875,source_15
LY2109761,0.99753737449646,0.24529790878295898,source_15
LY2109761,1.008743166923523,0.26523256301879883,source_15
LY2109761,0.999633252620697,0.2736285328865051,source_15
LY2109761,0.9810957908630371,0.2725260257720947,source_15
LY2109761,1.005934238433838,0.7905834317207336,source_15
LY2109761,1.0190885066986084,0.7351035177707672,source_15
LY2109761,0.9986845850944519,0.30974268913269043,source_15
LY2109761,1.0122877359390259,0.30479615926742554,source_15
LY2109761,1.01631760597229,0.3142836093902588,source_15
LY2109761,1.0140562057495117,0.29195618629455566,source_15
LY2109761,1.0000004768371582,0.3258259892463684,source_15
LY2109761,0.9836962223052979,0.312239408493042,source_15
LY2109761,0.9632105231285095,0.3094980716705322,source_15
LY2109761,0.9708866477012634,0.2849001884460449,source_15
LY2109761,0.9908077120780945,0.2907562255859375,source_15
LY2109761,1.0032525062561035,0.291428804397583,source_15
LY2109761,0.9612215161323547,0.30528396368026733,source_15
LY2109761,0.9871081709861755,0.30537283420562744,source_15
LY2109761,0.968478798866272,0.31158459186553955,source_15
LY2109761,0.9719699025154114,0.3113688826560974,source_15
LY2109761,0.9450015425682068,0.3091696500778198,source_15
LY2109761,0.9707340598106384,0.30331480503082275,source_15
LY2109761,0.9552086591720581,0.3353031873703003,source_15
LY2109761,0.9497371912002563,0.3321835398674011,source_15
LY2109761,0.9362878799438477,0.3263258934020996,source_15
LY2109761,0.9674478769302368,0.3363485336303711,source_15
LY2109761,0.9734851717948914,0.32819056510925293,source_15
LY2109761,1.5749577283859253,0.47837841510772705,source_15
LY2109761,1.7570830583572388,0.43926799297332764,source_15
LY2109761,1.717093825340271,0.634732723236084,source_15
LY2109761,1.600181221961975,0.4836599826812744,source_15
LY2109761,1.5460113286972046,0.6413547992706299,source_15
LY2109761,1.487447738647461,0.5994084477424622,source_15
LY2109761,1.5201447010040283,0.6188121438026428,source_15
LY2109761,1.4563734531402588,0.46433770656585693,source_15
LY2109761,1.4531662464141846,0.512708306312561,source_15
LY2109761,1.4319326877593994,0.5066076517105103,source_15
LY2109761,1.4064453840255737,0.3374093770980835,source_15
LY2109761,1.3889410495758057,0.5246179103851318,source_15
LY2109761,1.4265897274017334,0.41726481914520264,source_15
LY2109761,1.3520561456680298,0.464571475982666,source_15
LY2109761,1.3075355291366577,0.5137222409248352,source_15
LY2109761,1.287063717842102,0.6412120461463928,source_15
LY2109761,1.3109468221664429,0.5843696892261505,source_15
LY2109761,1.3116960525512695,0.5898719429969788,source_15
LY2109761,1.2968109846115112,0.5187813639640808,source_15
LY2109761,1.3189669847488403,0.32524895668029785,source_15
LY2109761,1.3557794094085693,0.36144471168518066,source_15
LY2109761,1.349768877029419,0.5559602379798889,source_15
LY2109761,1.2327172756195068,0.40155458450317383,source_15
LY2109761,1.2552893161773682,0.5796860158443451,source_15
LY2109761,1.2288994789123535,0.5796844959259033,source_15
LY2109761,1.256510853767395,0.4967110753059387,source_15
LY2109761,1.2012132406234741,0.5869432091712952,source_15
LY2109761,1.2512092590332031,0.3792431354522705,source_15
LY2109761,0.9726229310035706,0.29073232412338257,source_15
LY2109761,0.9789671897888184,0.28770673274993896,source_15
LY2109761,0.9715533256530762,0.28739625215530396,source_15
LY2109761,1.0045086145401,0.285412073135376,source_15
LY2109761,1.0155137777328491,0.3102089762687683,source_15
LY2109761,1.0129822492599487,0.7067768573760986,source_15
LY2109761,1.2404969930648804,0.6471522450447083,source_15
LY2109761,1.1508779525756836,0.6171057820320129,source_15
LY2109761,1.137974739074707,0.44600844383239746,source_15
LY2109761,1.1457581520080566,0.5394641757011414,source_15
LY2109761,1.239436149597168,0.4542182683944702,source_15
LY2109761,1.1187489032745361,0.31201744079589844,source_15
LY2109761,1.255850911140442,0.39103221893310547,source_15
LY2109761,1.3250095844268799,0.34062445163726807,source_15
LY2109761,0.9647864699363708,0.2922266125679016,source_15
LY2109761,1.1179115772247314,0.3335328698158264,source_15
LY2109761,1.1836652755737305,0.36786556243896484,source_15
LY2109761,1.1726138591766357,0.36801767349243164,source_15
LY2109761,0.9842622876167297,0.3471972346305847,source_15
LY2109761,0.9625005722045898,0.3112678527832031,source_15
LY2109761,0.9621437191963196,0.32243239879608154,source_15
LY2109761,0.9484245777130127,0.35005825757980347,source_15
LY2109761,0.9449869990348816,0.3222867250442505,source_15
LY2109761,1.2592051029205322,0.34432530403137207,source_15
LY2109761,1.277018427848816,0.5652155876159668,source_15
LY2109761,1.2543630599975586,0.5404687523841858,source_15
LY2109761,1.2508695125579834,0.3050909638404846,source_15
LY2109761,1.236382007598877,0.3638630509376526,source_15
LY2109761,1.2718323469161987,0.4188579320907593,source_15
LY2109761,1.2543238401412964,0.38124221563339233,source_15
LY2109761,1.25525963306427,0.46172869205474854,source_15
LY2109761,1.244489073753357,0.4416719675064087,source_15
LY2109761,0.9095419645309448,0.23210018873214722,source_15
LY2109761,0.910750687122345,0.2630218267440796,source_15
LY2109761,0.9722983241081238,0.3425201177597046,source_15
LY2109761,0.9951710104942322,0.3379433751106262,source_15
LY2109761,0.9980770945549011,0.355161190032959,source_15
LY2109761,1.0111883878707886,0.34040820598602295,source_15
LY2109761,1.0104434490203857,0.4082415699958801,source_15
LY2109761,1.010553002357483,0.40735113620758057,source_15
LY2109761,1.0033190250396729,0.4182378053665161,source_15
LY2109761,1.0267781019210815,0.4788808822631836,source_15
LY2109761,1.0475424528121948,0.34340280294418335,source_15
LY2109761,1.043564796447754,0.36995530128479004,source_15
LY2109761,1.049211859703064,0.35630714893341064,source_15
LY2109761,1.0301547050476074,0.35475075244903564,source_15
LY2109761,1.0177428722381592,0.3834507465362549,source_15
LY2109761,1.0314322710037231,0.3674522638320923,source_15
LY2109761,1.0235172510147095,0.3556959629058838,source_15
LY2109761,1.0169967412948608,0.36494892835617065,source_15
LY2109761,1.009968638420105,0.40555620193481445,source_15
LY2109761,1.0298712253570557,0.396423876285553,source_15
LY2109761,1.056311011314392,0.35274744033813477,source_15
LY2109761,1.0399996042251587,0.4006415605545044,source_15
LY2109761,1.0362403392791748,0.47234058380126953,source_15
LY2109761,1.0203012228012085,0.4313640594482422,source_15
LY2109761,1.0146422386169434,0.3250703811645508,source_15
LY2109761,1.0267856121063232,0.3873354196548462,source_15
LY2109761,1.0058927536010742,0.3253653049468994,source_15
LY2109761,1.0650709867477417,0.39497601985931396,source_15
LY2109761,1.0602937936782837,0.34306037425994873,source_15
LY2109761,1.0600076913833618,0.4428090453147888,source_15
LY2109761,0.9856053590774536,0.3425699472427368,source_15
LY2109761,1.0288923978805542,0.38624638319015503,source_15
LY2109761,1.0203713178634644,0.3485581874847412,source_15
LY2109761,1.053465485572815,0.3857024312019348,source_15
LY2109761,0.920109748840332,0.33840686082839966,source_15
LY2109761,0.9884553551673889,0.41522639989852905,source_15
LY2109761,0.9792335629463196,0.41276538372039795,source_15
LY2109761,0.9211306571960449,0.43164658546447754,source_15
LY2109761,0.9317896962165833,0.38239437341690063,source_15
LY2109761,0.8990591168403625,0.3827211856842041,source_15
LY2109761,0.9192075729370117,0.5387165248394012,source_15
LY2109761,0.941734254360199,0.3596895933151245,source_15
LY2109761,0.906723141670227,0.442227840423584,source_15
LY2109761,0.9581092596054077,0.4578571319580078,source_15
LY2109761,1.031287670135498,0.48274874687194824,source_15
LY2109761,0.9677035808563232,0.3323472738265991,source_15
LY2109761,0.9523977637290955,0.4299413561820984,source_15
LY2109761,1.0218837261199951,0.4478710889816284,source_15
LY2109761,1.0658077001571655,0.36138004064559937,source_15
LY2109761,1.0469592809677124,0.3800031542778015,source_15
LY2109761,1.0520001649856567,0.4288879632949829,source_15
LY2109761,1.0590115785598755,0.4324449896812439,source_15
LY2109761,1.0200605392456055,0.41661542654037476,source_15
LY2109761,1.0301812887191772,0.3409392237663269,source_15
LY2109761,0.9072862267494202,0.3595247268676758,source_15
LY2109761,0.9372161030769348,0.6584731042385101,source_15
LY2109761,0.5948193669319153,0.1394333839416504,source_3
LY2109761,0.5824570059776306,0.15399110317230225,source_3
LY2109761,0.5879406332969666,0.1627422571182251,source_3
LY2109761,0.57337486743927,0.1543201208114624,source_3
LY2109761,0.7586053609848022,0.2242124080657959,source_3
LY2109761,0.5569820404052734,0.15801912546157837,source_3
LY2109761,0.5760741233825684,0.15000176429748535,source_3
LY2109761,0.5249798893928528,0.1228136420249939,source_3
LY2109761,0.5986803770065308,0.1731601357460022,source_3
LY2109761,0.6190364360809326,0.18790709972381592,source_3
LY2109761,0.623282253742218,0.1600414514541626,source_3
LY2109761,0.6223523616790771,0.15333902835845947,source_3
LY2109761,0.5637431740760803,0.14890599250793457,source_3
LY2109761,0.5877677202224731,0.2030889391899109,source_3
LY2109761,0.5881014466285706,0.18407905101776123,source_3
LY2109761,0.5857774019241333,0.1617875099182129,source_3
LY2109761,0.5478916168212891,0.1212012767791748,source_3
LY2109761,0.622915506362915,0.18141889572143555,source_3
LY2109761,0.5292037725448608,0.12779688835144043,source_3
LY2109761,0.5375195145606995,0.16313910484313965,source_3
LY2109761,0.6648093461990356,0.1778973937034607,source_3
LY2109761,0.5471058487892151,0.143821120262146,source_3
LY2109761,0.5920587778091431,0.15332722663879395,source_3
LY2109761,0.574116051197052,0.18357378244400024,source_3
LY2109761,0.6373608708381653,0.18993282318115234,source_3
LY2109761,0.5740023255348206,0.15365779399871826,source_3
LY2109761,0.5824000239372253,0.18595635890960693,source_3
LY2109761,0.5773681402206421,0.17373788356781006,source_3
LY2109761,0.5909578204154968,0.17630106210708618,source_3
LY2109761,0.599174439907074,0.1686515212059021,source_3
LY2109761,0.6018074154853821,0.17203044891357422,source_3
LY2109761,0.5971568822860718,0.16965633630752563,source_3
LY2109761,0.5926021337509155,0.15922749042510986,source_3
LY2109761,0.6324806213378906,0.20435482263565063,source_3
LY2109761,0.6498435735702515,0.17669397592544556,source_3
LY2109761,0.6511631608009338,0.1795417070388794,source_3
LY2109761,1.2158666849136353,0.3078486919403076,source_1
LY2109761,1.4573760032653809,0.6006782650947571,source_1
LY2109761,1.0313482284545898,0.23773133754730225,source_1
LY2109761,0.9583494663238525,0.20770537853240967,source_1
LY2109761,1.1127898693084717,0.2534979581832886,source_1
LY2109761,1.105958104133606,0.2258535623550415,source_1
LY2109761,1.1475428342819214,0.2890814542770386,source_1
LY2109761,1.0957715511322021,0.22305715084075928,source_1
LY2109761,1.4428616762161255,0.38773036003112793,source_1
LY2109761,1.465000867843628,0.4316669702529907,source_1
LY2109761,1.3838093280792236,0.5153782367706299,source_1
LY2109761,1.501639485359192,0.38429689407348633,source_1
LY2109761,1.4902454614639282,0.3657885789871216,source_1
LY2109761,1.5038257837295532,0.34414374828338623,source_1
LY2109761,1.4735769033432007,0.3663855195045471,source_1
LY2109761,1.379946231842041,0.3601188659667969,source_1
LY2109761,3.189445734024048,1.029211226850748,source_1
LY2109761,1.5403259992599487,0.33511245250701904,source_1
LY2109761,1.0443648099899292,0.2103244662284851,source_1
LY2109761,1.0405616760253906,0.24765777587890625,source_1
LY2109761,1.069350242614746,0.3125145435333252,source_1
LY2109761,1.2654722929000854,0.3867173194885254,source_1
LY2109761,1.3089591264724731,0.3696763515472412,source_1
LY2109761,0.9940695762634277,0.23613107204437256,source_1
LY2109761,0.9591876268386841,0.24140876531600952,source_1
LY2109761,1.002697229385376,0.26012229919433594,source_1
LY2109761,1.0486360788345337,0.20675551891326904,source_1
LY2109761,1.1739920377731323,0.2339928150177002,source_1
LY2109761,1.0339958667755127,0.2202519178390503,source_1
LY2109761,1.2362374067306519,0.3350459337234497,source_1
LY2109761,1.222861647605896,0.31698673963546753,source_1
LY2109761,1.2100468873977661,0.3561081886291504,source_1
LY2109761,1.2419575452804565,0.3583443760871887,source_1
LY2109761,1.2842003107070923,0.3907110095024109,source_1
LY2109761,1.4062556028366089,0.3971307873725891,source_1
LY2109761,1.750292420387268,0.5013421773910522,source_1
LY2109761,1.306849479675293,0.3414567708969116,source_1
LY2109761,1.1391727924346924,0.25184088945388794,source_1
LY2109761,1.1715625524520874,0.22359758615493774,source_1
LY2109761,1.1517963409423828,0.22907531261444092,source_1
LY2109761,1.7399686574935913,0.340251088142395,source_1
LY2109761,1.0184811353683472,0.23878729343414307,source_1
LY2109761,1.0987828969955444,0.21421730518341064,source_1
LY2109761,1.0525791645050049,0.20441102981567383,source_1
LY2109761,1.046615719795227,0.19274353981018066,source_1
LY2109761,0.8354742527008057,0.16438764333724976,source_1
LY2109761,1.2332355976104736,0.2530832290649414,source_1
LY2109761,1.2572070360183716,0.25908535718917847,source_1
LY2109761,1.3197033405303955,0.2502593994140625,source_1
LY2109761,1.2271136045455933,0.23627066612243652,source_1
LY2109761,1.2463610172271729,0.2519460916519165,source_1
NVS-PAK1-1,1.0305931568145752,0.14670109748840332,source_2
NVS-PAK1-1,1.0316288471221924,0.12282061576843262,source_2
NVS-PAK1-1,1.038230061531067,0.1334458589553833,source_2
NVS-PAK1-1,1.05032217502594,0.12057662010192871,source_2
NVS-PAK1-1,1.1830042600631714,0.18039089441299438,source_2
NVS-PAK1-1,1.0762486457824707,0.137769877910614,source_2
NVS-PAK1-1,0.9796935319900513,0.1509568691253662,source_2
NVS-PAK1-1,0.9717709422111511,0.16457033157348633,source_2
NVS-PAK1-1,1.00404953956604,0.15679174661636353,source_2
NVS-PAK1-1,0.9787495732307434,0.14440679550170898,source_2
NVS-PAK1-1,0.9758021831512451,0.20201098918914795,source_2
NVS-PAK1-1,0.9728068113327026,0.3331102728843689,source_2
NVS-PAK1-1,1.009095311164856,0.15539932250976562,source_2
NVS-PAK1-1,1.024733066558838,0.14438819885253906,source_2
NVS-PAK1-1,1.9336682558059692,0.2732352614402771,source_2
NVS-PAK1-1,1.9699431657791138,0.29650646448135376,source_2
NVS-PAK1-1,1.992943525314331,0.2883818745613098,source_2
NVS-PAK1-1,1.885191559791565,0.26286447048187256,source_2
NVS-PAK1-1,1.8514950275421143,0.27017784118652344,source_2
NVS-PAK1-1,1.8711854219436646,0.27609390020370483,source_2
NVS-PAK1-1,1.9614861011505127,0.3401987552642822,source_2
NVS-PAK1-1,1.9579455852508545,0.28382766246795654,source_2
NVS-PAK1-1,2.046285629272461,0.3622840642929077,source_2
NVS-PAK1-1,1.873935341835022,0.25906407833099365,source_2
NVS-PAK1-1,1.8917497396469116,0.3031653165817261,source_2
NVS-PAK1-1,1.8942205905914307,0.3110538721084595,source_2
NVS-PAK1-1,1.8452379703521729,0.2611349821090698,source_2
NVS-PAK1-1,1.8741562366485596,0.30572497844696045,source_2
NVS-PAK1-1,1.8830540180206299,0.3067043423652649,source_2
NVS-PAK1-1,1.9647119045257568,0.3280990719795227,source_2
NVS-PAK1-1,1.958827018737793,0.379793643951416,source_2
NVS-PAK1-1,1.1010894775390625,0.18699556589126587,source_2
NVS-PAK1-1,1.099949836730957,0.182716965675354,source_2
NVS-PAK1-1,1.1111040115356445,0.19910037517547607,source_2
NVS-PAK1-1,1.0937632322311401,0.22922742366790771,source_2
NVS-PAK1-1,1.1033638715744019,0.2220543622970581,source_2
NVS-PAK1-1,1.1076698303222656,0.251862108707428,source_2
NVS-PAK1-1,1.1078948974609375,0.2021060585975647,source_2
NVS-PAK1-1,1.1095927953720093,0.20143026113510132,source_2
NVS-PAK1-1,1.1014865636825562,0.23096489906311035,source_2
NVS-PAK1-1,1.1065266132354736,0.19965195655822754,source_2
NVS-PAK1-1,1.1146103143692017,0.1715819239616394,source_2
NVS-PAK1-1,1.1131936311721802,0.16411131620407104,source_2
NVS-PAK1-1,1.1149033308029175,0.1588992476463318,source_2
NVS-PAK1-1,1.1234982013702393,0.25344330072402954,source_2
NVS-PAK1-1,1.1243171691894531,0.2671302556991577,source_2
NVS-PAK1-1,1.1180320978164673,0.1575636863708496,source_2
NVS-PAK1-1,1.1285600662231445,0.2189469337463379,source_2
NVS-PAK1-1,1.1276271343231201,0.2110222578048706,source_2
NVS-PAK1-1,1.1380565166473389,0.29038745164871216,source_2
NVS-PAK1-1,1.1624988317489624,0.25997602939605713,source_2
NVS-PAK1-1,1.041762113571167,0.15988624095916748,source_2
NVS-PAK1-1,1.0511369705200195,0.1482970118522644,source_2
NVS-PAK1-1,1.0634430646896362,0.16436654329299927,source_2
NVS-PAK1-1,1.0557583570480347,0.13393956422805786,source_2
NVS-PAK1-1,1.0619159936904907,0.16887426376342773,source_2
NVS-PAK1-1,1.0654977560043335,0.18064367771148682,source_2
NVS-PAK1-1,1.0605775117874146,0.15020573139190674,source_2
NVS-PAK1-1,1.0592325925827026,0.14237940311431885,source_2
NVS-PAK1-1,1.0721867084503174,0.1687437891960144,source_2
NVS-PAK1-1,1.0930922031402588,0.15436291694641113,source_2
NVS-PAK1-1,1.0612552165985107,0.1676492691040039,source_2
NVS-PAK1-1,1.0848692655563354,0.18040990829467773,source_2
NVS-PAK1-1,1.0708552598953247,0.1527773141860962,source_2
NVS-PAK1-1,1.0633842945098877,0.17079949378967285,source_2
NVS-PAK1-1,1.0896159410476685,0.21523725986480713,source_2
NVS-PAK1-1,1.1359928846359253,0.1916462779045105,source_2
NVS-PAK1-1,1.127510905265808,0.17325639724731445,source_2
NVS-PAK1-1,1.0436123609542847,0.18070363998413086,source_2
NVS-PAK1-1,1.0313382148742676,0.2201659083366394,source_2
NVS-PAK1-1,1.042995810508728,0.1801825761795044,source_2
NVS-PAK1-1,1.0016454458236694,0.18597185611724854,source_2
NVS-PAK1-1,0.9713514447212219,0.1775723099708557,source_2
NVS-PAK1-1,1.0332368612289429,0.20978248119354248,source_2
NVS-PAK1-1,1.0844674110412598,0.22071051597595215,source_2
NVS-PAK1-1,1.0569671392440796,0.18059080839157104,source_2
NVS-PAK1-1,1.0140291452407837,0.15380656719207764,source_2
NVS-PAK1-1,1.073196530342102,0.16436117887496948,source_2
NVS-PAK1-1,1.0409797430038452,0.18702661991119385,source_2
NVS-PAK1-1,1.080599308013916,0.18524324893951416,source_2
NVS-PAK1-1,1.2290669679641724,0.21004390716552734,source_2
NVS-PAK1-1,1.2232766151428223,0.2186356782913208,source_2
NVS-PAK1-1,1.2890727519989014,0.2047337293624878,source_2
NVS-PAK1-1,1.1846356391906738,0.2652231454849243,source_2
NVS-PAK1-1,1.1599687337875366,0.18497371673583984,source_2
NVS-PAK1-1,2.727022647857666,0.45875465869903564,source_2
NVS-PAK1-1,2.882880449295044,0.4965195655822754,source_2
NVS-PAK1-1,2.723323345184326,0.5360585451126099,source_2
NVS-PAK1-1,2.6994519233703613,0.4482309818267822,source_2
NVS-PAK1-1,1.1123573780059814,0.15209901332855225,source_2
NVS-PAK1-1,1.1239899396896362,0.15094345808029175,source_2
NVS-PAK1-1,1.0998737812042236,0.13961577415466309,source_2
NVS-PAK1-1,1.097739338874817,0.1554645299911499,source_2
NVS-PAK1-1,1.1444138288497925,0.1502443552017212,source_2
NVS-PAK1-1,1.1060454845428467,0.16896653175354004,source_2
NVS-PAK1-1,1.1881412267684937,0.16035747528076172,source_2
NVS-PAK1-1,1.1628673076629639,0.1409745216369629,source_2
NVS-PAK1-1,1.1502139568328857,0.14828336238861084,source_2
NVS-PAK1-1,1.1317996978759766,0.17287224531173706,source_2
NVS-PAK1-1,1.1670174598693848,0.1880672574043274,source_2
NVS-PAK1-1,1.1502571105957031,0.18193590641021729,source_2
NVS-PAK1-1,1.1756632328033447,0.20865726470947266,source_2
NVS-PAK1-1,1.1537288427352905,0.13936901092529297,source_2
NVS-PAK1-1,1.248084306716919,0.21232342720031738,source_2
NVS-PAK1-1,1.249279260635376,0.2168838381767273,source_2
NVS-PAK1-1,1.2126343250274658,0.16415643692016602,source_2
NVS-PAK1-1,1.1965014934539795,0.16455739736557007,source_2
NVS-PAK1-1,1.223354697227478,0.17558884620666504,source_2
NVS-PAK1-1,1.219850778579712,0.16918671131134033,source_2
NVS-PAK1-1,1.2364460229873657,0.20300310850143433,source_2
NVS-PAK1-1,1.303392767906189,0.17180949449539185,source_2
NVS-PAK1-1,1.2764787673950195,0.18562960624694824,source_2
NVS-PAK1-1,1.2343688011169434,0.1476503610610962,source_2
NVS-PAK1-1,1.219467043876648,0.15220355987548828,source_2
NVS-PAK1-1,1.2042635679244995,0.16578221321105957,source_2
NVS-PAK1-1,1.2170161008834839,0.18178200721740723,source_2
NVS-PAK1-1,1.201846718788147,0.15442490577697754,source_2
NVS-PAK1-1,1.2022920846939087,0.15683376789093018,source_2
NVS-PAK1-1,1.1700459718704224,0.17068850994110107,source_2
NVS-PAK1-1,1.2116317749023438,0.2027997374534607,source_2
NVS-PAK1-1,1.1902482509613037,0.20052993297576904,source_2
NVS-PAK1-1,1.1537145376205444,0.16297423839569092,source_2
NVS-PAK1-1,1.0969194173812866,0.15216773748397827,source_2
NVS-PAK1-1,1.1228225231170654,0.18357598781585693,source_2
NVS-PAK1-1,1.2462009191513062,0.15799248218536377,source_2
NVS-PAK1-1,1.2193827629089355,0.17263263463974,source_2
NVS-PAK1-1,1.235282301902771,0.16227257251739502,source_2
NVS-PAK1-1,1.2313328981399536,0.2008371353149414,source_2
NVS-PAK1-1,1.1953941583633423,0.13446533679962158,source_2
NVS-PAK1-1,1.2298719882965088,0.18965137004852295,source_2
NVS-PAK1-1,1.1786644458770752,0.19118601083755493,source_2
NVS-PAK1-1,1.2261714935302734,0.2051548957824707,source_2
NVS-PAK1-1,1.2534304857254028,0.19286257028579712,source_2
NVS-PAK1-1,1.2292985916137695,0.18344002962112427,source_2
NVS-PAK1-1,1.2091525793075562,0.2003343105316162,source_2
NVS-PAK1-1,1.04007089138031,0.1699444055557251,source_2
NVS-PAK1-1,0.9790961742401123,0.16365551948547363,source_2
NVS-PAK1-1,0.9779314398765564,0.1494450569152832,source_2
NVS-PAK1-1,0.9812828898429871,0.15797579288482666,source_2
NVS-PAK1-1,0.9722282290458679,0.13077497482299805,source_2
NVS-PAK1-1,0.9037846326828003,0.1757289171218872,source_2
NVS-PAK1-1,0.947555422782898,0.16243493556976318,source_2
NVS-PAK1-1,0.9721398949623108,0.18571323156356812,source_2
NVS-PAK1-1,0.948245108127594,0.13497066497802734,source_2
NVS-PAK1-1,0.9389373660087585,0.1503678560256958,source_2
NVS-PAK1-1,0.928533673286438,0.13114666938781738,source_2
NVS-PAK1-1,0.9201298356056213,0.15202820301055908,source_2
NVS-PAK1-1,0.9229199290275574,0.17705607414245605,source_2
NVS-PAK1-1,0.9138315320014954,0.19437026977539062,source_2
NVS-PAK1-1,0.9400967955589294,0.12795984745025635,source_2
NVS-PAK1-1,0.9202777743339539,0.1477513313293457,source_2
NVS-PAK1-1,0.9278185963630676,0.14360690116882324,source_2
NVS-PAK1-1,0.9211828708648682,0.19442075490951538,source_2
NVS-PAK1-1,0.9195734858512878,0.20179200172424316,source_2
NVS-PAK1-1,0.8939695358276367,0.15722250938415527,source_2
NVS-PAK1-1,1.025093913078308,0.22044289112091064,source_2
NVS-PAK1-1,0.918601393699646,0.1470152735710144,source_2
NVS-PAK1-1,0.9076372981071472,0.15587973594665527,source_2
NVS-PAK1-1,0.9185219407081604,0.1489245891571045,source_2
NVS-PAK1-1,0.9165230393409729,0.13762402534484863,source_2
NVS-PAK1-1,0.9186311960220337,0.14771902561187744,source_2
NVS-PAK1-1,0.9273250699043274,0.13049852848052979,source_2
NVS-PAK1-1,0.927374005317688,0.15281039476394653,source_2
NVS-PAK1-1,0.9208568930625916,0.13541674613952637,source_2
NVS-PAK1-1,0.930061399936676,0.16363418102264404,source_2
NVS-PAK1-1,0.9566289782524109,0.21100080013275146,source_2
NVS-PAK1-1,0.9474840760231018,0.1587294340133667,source_2
NVS-PAK1-1,0.9394665360450745,0.16136860847473145,source_2
NVS-PAK1-1,0.9632516503334045,0.16173332929611206,source_2
NVS-PAK1-1,0.9567491412162781,0.17129766941070557,source_2
NVS-PAK1-1,0.9676685929298401,0.17145276069641113,source_2
NVS-PAK1-1,0.9646694660186768,0.16738826036453247,source_2
NVS-PAK1-1,0.8896378874778748,0.13321197032928467,source_2
NVS-PAK1-1,0.8845226168632507,0.1569143533706665,source_2
NVS-PAK1-1,0.8734164834022522,0.1613553762435913,source_2
NVS-PAK1-1,0.890309751033783,0.15108215808868408,source_2
NVS-PAK1-1,0.8913121819496155,0.12781327962875366,source_2
NVS-PAK1-1,0.8931504487991333,0.1476934552192688,source_2
NVS-PAK1-1,0.8850570917129517,0.16642910242080688,source_2
NVS-PAK1-1,0.9061081409454346,0.13233906030654907,source_2
NVS-PAK1-1,0.9044787883758545,0.11987423896789551,source_2
NVS-PAK1-1,0.9154572486877441,0.19678914546966553,source_2
NVS-PAK1-1,0.9244836568832397,0.14585524797439575,source_2
NVS-PAK1-1,0.9249939918518066,0.14206087589263916,source_2
NVS-PAK1-1,0.9359138607978821,0.1731594204902649,source_2
NVS-PAK1-1,0.9351152181625366,0.39331281185150146,source_2
NVS-PAK1-1,0.9385316371917725,0.12630832195281982,source_2
NVS-PAK1-1,0.9472618103027344,0.1450321078300476,source_2
NVS-PAK1-1,0.9951973557472229,0.1628328561782837,source_2
NVS-PAK1-1,0.9829486608505249,0.15481293201446533,source_2
NVS-PAK1-1,0.9860420227050781,0.12912040948867798,source_2
NVS-PAK1-1,0.9914345741271973,0.12736958265304565,source_2
NVS-PAK1-1,1.0196418762207031,0.14321208000183105,source_2
NVS-PAK1-1,1.0343098640441895,0.1326237916946411,source_2
NVS-PAK1-1,1.044756293296814,0.1344616413116455,source_2
NVS-PAK1-1,1.0171494483947754,0.13817459344863892,source_2
NVS-PAK1-1,1.0302977561950684,0.12073642015457153,source_2
NVS-PAK1-1,1.0325887203216553,0.13839197158813477,source_2
NVS-PAK1-1,1.0321006774902344,0.14054501056671143,source_2
NVS-PAK1-1,1.1941498517990112,0.16888952255249023,source_2
NVS-PAK1-1,1.06875741481781,0.1298447847366333,source_2
NVS-PAK1-1,1.06747305393219,0.1490502953529358,source_2
NVS-PAK1-1,1.0756549835205078,0.1979520320892334,source_2
NVS-PAK1-1,1.09194016456604,0.1498779058456421,source_2
NVS-PAK1-1,1.0921874046325684,0.14472824335098267,source_2
NVS-PAK1-1,1.0823276042938232,0.13326865434646606,source_2
NVS-PAK1-1,1.1047136783599854,0.1632373332977295,source_2
NVS-PAK1-1,1.1275585889816284,0.14864027500152588,source_2
NVS-PAK1-1,0.9875828623771667,0.1616673469543457,source_6
NVS-PAK1-1,0.9690775871276855,0.17247498035430908,source_6
NVS-PAK1-1,0.9294679164886475,0.13371777534484863,source_6
NVS-PAK1-1,0.9307568669319153,0.17921149730682373,source_6
NVS-PAK1-1,0.9414159655570984,0.1714407205581665,source_6
NVS-PAK1-1,0.9321046471595764,0.18654024600982666,source_6
NVS-PAK1-1,0.9419704079627991,0.16645419597625732,source_6
NVS-PAK1-1,0.9310316443443298,0.16813403367996216,source_6
NVS-PAK1-1,0.9710522890090942,0.2138381004333496,source_6
NVS-PAK1-1,0.9549092650413513,0.21472299098968506,source_6
NVS-PAK1-1,0.9320846796035767,0.17148268222808838,source_6
NVS-PAK1-1,0.910632312297821,0.1877988576889038,source_6
NVS-PAK1-1,0.9261836409568787,0.2011631727218628,source_6
NVS-PAK1-1,0.913024365901947,0.17903006076812744,source_6
NVS-PAK1-1,0.9303575158119202,0.171441912651062,source_6
NVS-PAK1-1,0.9747910499572754,0.17113512754440308,source_6
NVS-PAK1-1,0.8845386505126953,0.170460045337677,source_6
NVS-PAK1-1,0.8792388439178467,0.18853890895843506,source_6
NVS-PAK1-1,0.8884406089782715,0.1886637806892395,source_6
NVS-PAK1-1,0.8913818597793579,0.20964276790618896,source_6
NVS-PAK1-1,0.8768104910850525,0.21490663290023804,source_6
NVS-PAK1-1,0.9077911376953125,0.20392143726348877,source_6
NVS-PAK1-1,0.9072461128234863,0.20250213146209717,source_6
NVS-PAK1-1,0.8777554035186768,0.2380070686340332,source_6
NVS-PAK1-1,0.8615472912788391,0.19826781749725342,source_6
NVS-PAK1-1,0.8604143261909485,0.23325055837631226,source_6
NVS-PAK1-1,0.8678549528121948,0.1890353560447693,source_6
NVS-PAK1-1,0.8733618855476379,0.2678567171096802,source_6
NVS-PAK1-1,0.8917244076728821,0.26326674222946167,source_6
NVS-PAK1-1,0.8867327570915222,0.24908840656280518,source_6
NVS-PAK1-1,0.8968932628631592,0.26257526874542236,source_6
NVS-PAK1-1,0.8910518288612366,0.2746694087982178,source_6
NVS-PAK1-1,0.8888673186302185,0.2410370111465454,source_6
NVS-PAK1-1,0.883137583732605,0.2200278639793396,source_6
NVS-PAK1-1,0.8801957964897156,0.22335302829742432,source_6
NVS-PAK1-1,0.8963082432746887,0.2310183048248291,source_6
NVS-PAK1-1,0.9335282444953918,0.15088891983032227,source_6
NVS-PAK1-1,0.9100169539451599,0.16537165641784668,source_6
NVS-PAK1-1,0.927730143070221,0.1777670979499817,source_6
NVS-PAK1-1,0.914759635925293,0.15890300273895264,source_6
NVS-PAK1-1,0.9314994215965271,0.17407596111297607,source_6
NVS-PAK1-1,0.9382925629615784,0.20240157842636108,source_6
NVS-PAK1-1,0.9431030750274658,0.1859530210494995,source_6
NVS-PAK1-1,0.9557077884674072,0.18760108947753906,source_6
NVS-PAK1-1,0.9156282544136047,0.16468679904937744,source_6
NVS-PAK1-1,0.8833410143852234,0.15910351276397705,source_6
NVS-PAK1-1,0.892914354801178,0.13242214918136597,source_6
NVS-PAK1-1,0.8816642761230469,0.136724054813385,source_6
NVS-PAK1-1,0.9018277525901794,0.16654884815216064,source_6
NVS-PAK1-1,0.9080389738082886,0.14243006706237793,source_6
NVS-PAK1-1,0.9194785952568054,0.14635807275772095,source_6
NVS-PAK1-1,0.8955592513084412,0.14767450094223022,source_6
NVS-PAK1-1,0.8845133185386658,0.18858611583709717,source_6
NVS-PAK1-1,0.8615077137947083,0.16267085075378418,source_6
NVS-PAK1-1,0.8652416467666626,0.15439742803573608,source_6
NVS-PAK1-1,0.8873893618583679,0.16000956296920776,source_6
NVS-PAK1-1,0.9449164271354675,0.18969309329986572,source_6
NVS-PAK1-1,0.9309121966362,0.22163432836532593,source_6
NVS-PAK1-1,0.9293908476829529,0.1940341591835022,source_6
NVS-PAK1-1,0.94234299659729,0.18140602111816406,source_6
NVS-PAK1-1,0.9424647092819214,0.17358505725860596,source_6
NVS-PAK1-1,0.9386748671531677,0.18686151504516602,source_6
NVS-PAK1-1,0.9536768794059753,0.19145464897155762,source_6
NVS-PAK1-1,0.9141986966133118,0.1741396188735962,source_6
NVS-PAK1-1,0.8933819532394409,0.17376399040222168,source_6
NVS-PAK1-1,0.9176583290100098,0.15901696681976318,source_6
NVS-PAK1-1,0.9047401547431946,0.20047879219055176,source_6
NVS-PAK1-1,0.9068616032600403,0.17503583431243896,source_6
NVS-PAK1-1,0.9210564494132996,0.17419981956481934,source_6
NVS-PAK1-1,0.9211028218269348,0.1904292106628418,source_6
NVS-PAK1-1,0.921805202960968,0.1743452548980713,source_6
NVS-PAK1-1,0.9775531888008118,0.19899356365203857,source_6
NVS-PAK1-1,0.9664843678474426,0.26219403743743896,source_6
NVS-PAK1-1,0.9037936925888062,0.2703920602798462,source_6
NVS-PAK1-1,0.9099990725517273,0.26173245906829834,source_6
NVS-PAK1-1,0.9328910708427429,0.28228050470352173,source_6
NVS-PAK1-1,0.9171048998832703,0.2471461296081543,source_6
NVS-PAK1-1,0.9217126369476318,0.25302600860595703,source_6
NVS-PAK1-1,0.9366518259048462,0.2555069923400879,source_6
NVS-PAK1-1,0.9153289198875427,0.31643176078796387,source_6
NVS-PAK1-1,0.9125669598579407,0.2844257354736328,source_6
NVS-PAK1-1,0.9071902632713318,0.26100850105285645,source_6
NVS-PAK1-1,0.919581413269043,0.23342013359069824,source_6
NVS-PAK1-1,0.9236836433410645,0.31724613904953003,source_6
NVS-PAK1-1,0.9116888046264648,0.21828460693359375,source_6
NVS-PAK1-1,0.9003638625144958,0.21128928661346436,source_6
NVS-PAK1-1,0.9289759993553162,0.20402765274047852,source_6
NVS-PAK1-1,0.9521116614341736,0.2435532808303833,source_6
NVS-PAK1-1,0.9204267263412476,0.3057844638824463,source_6
NVS-PAK1-1,0.9213022589683533,0.2379888892173767,source_6
NVS-PAK1-1,0.93220055103302,0.27895188331604004,source_6
NVS-PAK1-1,0.9449268579483032,0.25186365842819214,source_6
NVS-PAK1-1,0.9422096610069275,0.32160788774490356,source_6
NVS-PAK1-1,0.9583530426025391,0.28136909008026123,source_6
NVS-PAK1-1,0.9391269683837891,0.2707451581954956,source_6
NVS-PAK1-1,1.045364260673523,0.1777331829071045,source_6
NVS-PAK1-1,1.0376017093658447,0.172402024269104,source_6
NVS-PAK1-1,0.9992409944534302,0.1723182201385498,source_6
NVS-PAK1-1,0.9983330965042114,0.16350090503692627,source_6
NVS-PAK1-1,1.0089157819747925,0.1573096513748169,source_6
NVS-PAK1-1,0.9983081221580505,0.17209398746490479,source_6
NVS-PAK1-1,1.0162965059280396,0.17616581916809082,source_6
NVS-PAK1-1,0.9441982507705688,0.17663955688476562,source_6
NVS-PAK1-1,0.950977623462677,0.1672317385673523,source_6
NVS-PAK1-1,0.970402717590332,0.17131280899047852,source_6
NVS-PAK1-1,0.9458617568016052,0.16629409790039062,source_6
NVS-PAK1-1,0.930841326713562,0.16731590032577515,source_6
NVS-PAK1-1,0.9235552549362183,0.16523635387420654,source_6
NVS-PAK1-1,0.9290858507156372,0.1701725721359253,source_6
NVS-PAK1-1,0.9458059072494507,0.1835545301437378,source_6
NVS-PAK1-1,1.0262858867645264,0.27144092321395874,source_6
NVS-PAK1-1,0.9226470589637756,0.2065032720565796,source_6
NVS-PAK1-1,0.9123364686965942,0.1833035945892334,source_6
NVS-PAK1-1,0.8855107426643372,0.1663590669631958,source_6
NVS-PAK1-1,0.9139220714569092,0.1684499979019165,source_6
NVS-PAK1-1,0.8502560257911682,0.27399879693984985,source_6
NVS-PAK1-1,0.8636308312416077,0.23655402660369873,source_6
NVS-PAK1-1,0.8831206560134888,0.24068713188171387,source_6
NVS-PAK1-1,0.8823503255844116,0.268607497215271,source_6
NVS-PAK1-1,0.8804886341094971,0.23118054866790771,source_6
NVS-PAK1-1,0.8848413825035095,0.19403821229934692,source_6
NVS-PAK1-1,0.8818726539611816,0.21565449237823486,source_6
NVS-PAK1-1,0.8969539403915405,0.21936488151550293,source_6
NVS-PAK1-1,0.9072041511535645,0.20962804555892944,source_6
NVS-PAK1-1,0.9005616307258606,0.18362367153167725,source_6
NVS-PAK1-1,0.9279975295066833,0.2386568784713745,source_6
NVS-PAK1-1,0.9136485457420349,0.22827273607254028,source_6
NVS-PAK1-1,0.851645827293396,0.2074497938156128,source_6
NVS-PAK1-1,0.8470475673675537,0.21434831619262695,source_6
NVS-PAK1-1,0.8381161093711853,0.18440914154052734,source_6
NVS-PAK1-1,0.8515269160270691,0.21351158618927002,source_6
NVS-PAK1-1,0.8564513921737671,0.22559869289398193,source_6
NVS-PAK1-1,0.867660641670227,0.19446492195129395,source_6
NVS-PAK1-1,0.8880574107170105,0.2584884762763977,source_6
NVS-PAK1-1,0.8532392978668213,0.20623522996902466,source_6
NVS-PAK1-1,0.8451563119888306,0.22800809144973755,source_6
NVS-PAK1-1,0.8487455248832703,0.2044283151626587,source_6
NVS-PAK1-1,0.8576387763023376,0.23892086744308472,source_6
NVS-PAK1-1,0.8446177840232849,0.251007080078125,source_6
NVS-PAK1-1,0.9467216730117798,0.27078038454055786,source_6
NVS-PAK1-1,0.9404508471488953,0.3277701139450073,source_6
NVS-PAK1-1,0.9481207132339478,0.3164055347442627,source_6
NVS-PAK1-1,0.9471482634544373,0.3109745383262634,source_6
NVS-PAK1-1,0.9438918232917786,0.28514838218688965,source_6
NVS-PAK1-1,0.9394038319587708,0.26718002557754517,source_6
NVS-PAK1-1,0.9658015370368958,0.32467126846313477,source_6
NVS-PAK1-1,0.9192186594009399,0.30365312099456787,source_6
NVS-PAK1-1,0.9437753558158875,0.2816568613052368,source_6
NVS-PAK1-1,0.9195136427879333,0.26944631338119507,source_6
NVS-PAK1-1,0.9230955839157104,0.3148188591003418,source_6
NVS-PAK1-1,0.9567211270332336,0.288097620010376,source_6
NVS-PAK1-1,0.9521952271461487,0.3068963289260864,source_6
NVS-PAK1-1,0.9426183104515076,0.2681499123573303,source_6
NVS-PAK1-1,0.9057161808013916,0.3952755928039551,source_6
NVS-PAK1-1,0.9199166893959045,0.34941184520721436,source_6
NVS-PAK1-1,0.9180125594139099,0.332222580909729,source_6
NVS-PAK1-1,0.8813466429710388,0.25907742977142334,source_6
NVS-PAK1-1,0.8818365931510925,0.2338869571685791,source_6
NVS-PAK1-1,0.8895772695541382,0.299619197845459,source_6
NVS-PAK1-1,0.9035123586654663,0.30712026357650757,source_6
NVS-PAK1-1,0.8999499082565308,0.3629974126815796,source_6
NVS-PAK1-1,0.933915913105011,0.25431811809539795,source_6
NVS-PAK1-1,0.9273735284805298,0.3196079134941101,source_6
NVS-PAK1-1,0.9235552549362183,0.3128103017807007,source_6
NVS-PAK1-1,0.9339292645454407,0.3576483726501465,source_6
NVS-PAK1-1,0.9186457395553589,0.32339179515838623,source_6
NVS-PAK1-1,0.9180110692977905,0.2650805711746216,source_6
NVS-PAK1-1,0.9340420365333557,0.2674519419670105,source_6
NVS-PAK1-1,0.9566152691841125,0.26477402448654175,source_6
NVS-PAK1-1,0.9480758309364319,0.2888079881668091,source_6
NVS-PAK1-1,0.9532966017723083,0.29944300651550293,source_6
NVS-PAK1-1,0.9714323878288269,0.28990834951400757,source_6
NVS-PAK1-1,0.9936434030532837,0.2979707717895508,source_6
NVS-PAK1-1,0.8326422572135925,0.16058993339538574,source_6
NVS-PAK1-1,0.8577989339828491,0.18052786588668823,source_6
NVS-PAK1-1,0.8284213542938232,0.19228315353393555,source_6
NVS-PAK1-1,0.8137025237083435,0.17196118831634521,source_6
NVS-PAK1-1,0.8355607390403748,0.23323601484298706,source_6
NVS-PAK1-1,0.8576772809028625,0.20573151111602783,source_6
NVS-PAK1-1,0.8615961074829102,0.1696406602859497,source_6
NVS-PAK1-1,0.8784698247909546,0.17074930667877197,source_6
NVS-PAK1-1,0.8396720290184021,0.17812788486480713,source_6
NVS-PAK1-1,0.934228241443634,0.37907105684280396,source_6
NVS-PAK1-1,0.9232168793678284,0.3379893898963928,source_6
NVS-PAK1-1,0.913551926612854,0.34455299377441406,source_6
NVS-PAK1-1,0.9087904095649719,0.30388450622558594,source_6
NVS-PAK1-1,0.9127599596977234,0.3201528787612915,source_6
NVS-PAK1-1,0.9075224995613098,0.321208119392395,source_6
NVS-PAK1-1,0.910495400428772,0.3662673234939575,source_6
NVS-PAK1-1,0.9082393050193787,0.31941717863082886,source_6
NVS-PAK1-1,0.9190161824226379,0.3091449737548828,source_6
NVS-PAK1-1,0.9470386505126953,0.3041350245475769,source_6
NVS-PAK1-1,0.9415091276168823,0.29139018058776855,source_6
NVS-PAK1-1,0.9329204559326172,0.2800534963607788,source_6
NVS-PAK1-1,0.933239221572876,0.2735642194747925,source_6
NVS-PAK1-1,0.9403699040412903,0.31507134437561035,source_6
NVS-PAK1-1,0.9364833235740662,0.2630372643470764,source_6
NVS-PAK1-1,0.9530637860298157,0.2704036235809326,source_6
NVS-PAK1-1,0.9588328003883362,0.35871434211730957,source_6
NVS-PAK1-1,0.973656952381134,0.35089218616485596,source_6
NVS-PAK1-1,0.9627459645271301,0.3871437907218933,source_6
NVS-PAK1-1,0.9661443829536438,0.36812901496887207,source_6
NVS-PAK1-1,0.976225733757019,0.30130207538604736,source_6
NVS-PAK1-1,0.9758988618850708,0.380801796913147,source_6
NVS-PAK1-1,0.9409775137901306,0.31048583984375,source_6
NVS-PAK1-1,0.9335401654243469,0.2673105001449585,source_6
NVS-PAK1-1,0.9162108898162842,0.2564399838447571,source_6
NVS-PAK1-1,0.9223672747612,0.3113764524459839,source_6
NVS-PAK1-1,0.9122447371482849,0.31795036792755127,source_6
NVS-PAK1-1,0.7340586185455322,0.1337825059890747,source_8
NVS-PAK1-1,0.9281929731369019,0.14746958017349243,source_8
NVS-PAK1-1,0.8744111061096191,0.14540982246398926,source_8
NVS-PAK1-1,0.6836337447166443,0.1420467495918274,source_8
NVS-PAK1-1,0.827415406703949,0.1427927017211914,source_8
NVS-PAK1-1,0.6629169583320618,0.11101186275482178,source_8
NVS-PAK1-1,1.141701340675354,0.3244597911834717,source_8
NVS-PAK1-1,0.61981600522995,0.10916250944137573,source_8
NVS-PAK1-1,0.7947167158126831,0.12824231386184692,source_8
NVS-PAK1-1,0.6120732426643372,0.12313294410705566,source_8
NVS-PAK1-1,0.7524213790893555,0.15235769748687744,source_8
NVS-PAK1-1,0.5880542397499084,0.11301648616790771,source_8
NVS-PAK1-1,0.7342283725738525,0.1304326057434082,source_8
NVS-PAK1-1,0.5995533466339111,0.10863196849822998,source_8
NVS-PAK1-1,0.7503295540809631,0.13754653930664062,source_8
NVS-PAK1-1,0.58113694190979,0.09590590000152588,source_8
NVS-PAK1-1,0.7421464920043945,0.11959755420684814,source_8
NVS-PAK1-1,0.5827152729034424,0.12232351303100586,source_8
NVS-PAK1-1,0.7234045267105103,0.1319795846939087,source_8
NVS-PAK1-1,0.5994588732719421,0.14891743659973145,source_8
NVS-PAK1-1,0.7209023833274841,0.12913066148757935,source_8
NVS-PAK1-1,0.5669990181922913,0.10280680656433105,source_8
NVS-PAK1-1,0.7186117172241211,0.12118184566497803,source_8
NVS-PAK1-1,0.5934810638427734,0.13515126705169678,source_8
NVS-PAK1-1,0.7073437571525574,0.11179131269454956,source_8
NVS-PAK1-1,0.5643445253372192,0.09443444013595581,source_8
NVS-PAK1-1,0.7228564023971558,0.1298624873161316,source_8
NVS-PAK1-1,0.5791866779327393,0.10863816738128662,source_8
NVS-PAK1-1,0.8812059164047241,0.21373558044433594,source_8
NVS-PAK1-1,0.5759458541870117,0.0914074182510376,source_8
NVS-PAK1-1,0.809643566608429,0.14854836463928223,source_8
NVS-PAK1-1,0.5675411224365234,0.09596478939056396,source_8
NVS-PAK1-1,0.7830514311790466,0.1334925889968872,source_8
NVS-PAK1-1,0.5406150817871094,0.11037993431091309,source_8
NVS-PAK1-1,0.7282206416130066,0.11431384086608887,source_8
NVS-PAK1-1,0.5641313195228577,0.09730881452560425,source_8
NVS-PAK1-1,0.7210825681686401,0.1319459080696106,source_8
NVS-PAK1-1,0.5957756042480469,0.11029762029647827,source_8
NVS-PAK1-1,0.7840587496757507,0.184839129447937,source_8
NVS-PAK1-1,0.5595481395721436,0.10196113586425781,source_8
NVS-PAK1-1,0.7442046999931335,0.14254826307296753,source_8
NVS-PAK1-1,0.5465141534805298,0.10255515575408936,source_8
NVS-PAK1-1,0.7456681728363037,0.12891817092895508,source_8
NVS-PAK1-1,0.5528202652931213,0.09267592430114746,source_8
NVS-PAK1-1,0.7208882570266724,0.15157657861709595,source_8
NVS-PAK1-1,0.5667109489440918,0.09152638912200928,source_8
NVS-PAK1-1,0.789992094039917,0.09682941436767578,source_8
NVS-PAK1-1,0.9781021475791931,0.15656089782714844,source_8
NVS-PAK1-1,0.7291496992111206,0.1340421438217163,source_8
NVS-PAK1-1,0.8962234258651733,0.11932086944580078,source_8
NVS-PAK1-1,0.7242303490638733,0.09843301773071289,source_8
NVS-PAK1-1,0.9092778563499451,0.14876389503479004,source_8
NVS-PAK1-1,0.6261014938354492,0.09421133995056152,source_8
NVS-PAK1-1,0.8117229342460632,0.12074851989746094,source_8
NVS-PAK1-1,0.6956148147583008,0.08874917030334473,source_8
NVS-PAK1-1,0.9393864870071411,0.1352531909942627,source_8
NVS-PAK1-1,0.677232027053833,0.08400070667266846,source_8
NVS-PAK1-1,0.9168741106987,0.13097918033599854,source_8
NVS-PAK1-1,0.6750360131263733,0.0807032585144043,source_8
NVS-PAK1-1,0.8587704300880432,0.12396836280822754,source_8
NVS-PAK1-1,0.6376339793205261,0.08344417810440063,source_8
NVS-PAK1-1,0.8413451313972473,0.11192953586578369,source_8
NVS-PAK1-1,0.6345636248588562,0.08199512958526611,source_8
NVS-PAK1-1,0.7998962998390198,0.11386346817016602,source_8
NVS-PAK1-1,0.6245207786560059,0.08698785305023193,source_8
NVS-PAK1-1,0.8124527931213379,0.10812103748321533,source_8
NVS-PAK1-1,0.6152032017707825,0.07381117343902588,source_8
NVS-PAK1-1,0.818236768245697,0.10912895202636719,source_8
NVS-PAK1-1,0.6120657324790955,0.07509720325469971,source_8
NVS-PAK1-1,0.8017855882644653,0.13087135553359985,source_8
NVS-PAK1-1,0.6246873140335083,0.08353185653686523,source_8
NVS-PAK1-1,0.7827420830726624,0.09864866733551025,source_8
NVS-PAK1-1,0.6253777742385864,0.07264876365661621,source_8
NVS-PAK1-1,0.8083148002624512,0.12609267234802246,source_8
NVS-PAK1-1,0.6347422003746033,0.0776628851890564,source_8
NVS-PAK1-1,0.8389586806297302,0.13399648666381836,source_8
NVS-PAK1-1,0.607815146446228,0.08022069931030273,source_8
NVS-PAK1-1,0.8238356113433838,0.13615912199020386,source_8
NVS-PAK1-1,0.6136397123336792,0.09460616111755371,source_8
NVS-PAK1-1,0.817761242389679,0.09631890058517456,source_8
NVS-PAK1-1,0.6401637196540833,0.0880429744720459,source_8
NVS-PAK1-1,0.8273544907569885,0.1474515199661255,source_8
NVS-PAK1-1,0.6384966373443604,0.08657753467559814,source_8
NVS-PAK1-1,0.6212508678436279,0.08084666728973389,source_8
NVS-PAK1-1,0.8633613586425781,0.1434069275856018,source_8
NVS-PAK1-1,0.623217761516571,0.07022297382354736,source_8
NVS-PAK1-1,0.646845817565918,0.09771835803985596,source_8
NVS-PAK1-1,0.8365171551704407,0.15099060535430908,source_8
NVS-PAK1-1,0.6473516821861267,0.09982645511627197,source_8
NVS-PAK1-1,0.8955092430114746,0.1631515622138977,source_8
NVS-PAK1-1,0.6421003937721252,0.13279026746749878,source_8
NVS-PAK1-1,0.9293414950370789,0.13360488414764404,source_8
NVS-PAK1-1,0.808430552482605,0.11614668369293213,source_8
NVS-PAK1-1,1.0716115236282349,0.1794435977935791,source_8
NVS-PAK1-1,0.7956074476242065,0.13395416736602783,source_8
NVS-PAK1-1,1.0040770769119263,0.15783846378326416,source_8
NVS-PAK1-1,0.7419978380203247,0.1265677809715271,source_8
NVS-PAK1-1,0.9705765247344971,0.16423451900482178,source_8
NVS-PAK1-1,0.7194200754165649,0.1115378737449646,source_8
NVS-PAK1-1,0.9190186858177185,0.14589691162109375,source_8
NVS-PAK1-1,0.656783938407898,0.13570421934127808,source_8
NVS-PAK1-1,0.9340088367462158,0.20426249504089355,source_8
NVS-PAK1-1,0.6373874545097351,0.12219047546386719,source_8
NVS-PAK1-1,0.8514571785926819,0.17180848121643066,source_8
NVS-PAK1-1,0.6114959716796875,0.11062026023864746,source_8
NVS-PAK1-1,0.8959174752235413,0.18383657932281494,source_8
NVS-PAK1-1,0.6442720293998718,0.1345384120941162,source_8
NVS-PAK1-1,0.6455619931221008,0.1152142882347107,source_8
NVS-PAK1-1,0.8515380024909973,0.165319561958313,source_8
NVS-PAK1-1,0.7320777773857117,0.10937631130218506,source_8
NVS-PAK1-1,0.974041223526001,0.17840707302093506,source_8
NVS-PAK1-1,0.6942538619041443,0.1119002103805542,source_8
NVS-PAK1-1,0.9259143471717834,0.14267313480377197,source_8
NVS-PAK1-1,0.6753620505332947,0.09740805625915527,source_8
NVS-PAK1-1,0.8616188764572144,0.13267773389816284,source_8
NVS-PAK1-1,0.6490331292152405,0.11351209878921509,source_8
NVS-PAK1-1,0.8244113326072693,0.11933839321136475,source_8
NVS-PAK1-1,0.6451765894889832,0.09077715873718262,source_8
NVS-PAK1-1,0.824501633644104,0.1461806297302246,source_8
NVS-PAK1-1,0.6414192914962769,0.10348224639892578,source_8
NVS-PAK1-1,0.8471817374229431,0.15408599376678467,source_8
NVS-PAK1-1,0.6399927139282227,0.10583627223968506,source_8
NVS-PAK1-1,0.6379532814025879,0.12193065881729126,source_8
NVS-PAK1-1,0.6346341967582703,0.09390473365783691,source_8
NVS-PAK1-1,0.8353796601295471,0.16308826208114624,source_8
NVS-PAK1-1,0.6328305006027222,0.0944129228591919,source_8
NVS-PAK1-1,0.8324345946311951,0.1584075689315796,source_8
NVS-PAK1-1,0.6264567375183105,0.0894463062286377,source_8
NVS-PAK1-1,0.7979576587677002,0.1387547254562378,source_8
NVS-PAK1-1,0.6121832728385925,0.09516870975494385,source_8
NVS-PAK1-1,0.8236252665519714,0.14953064918518066,source_8
NVS-PAK1-1,0.5995004177093506,0.11019539833068848,source_8
NVS-PAK1-1,0.8630850315093994,0.18271148204803467,source_8
NVS-PAK1-1,0.6268372535705566,0.11310422420501709,source_8
NVS-PAK1-1,0.8871863484382629,0.17760157585144043,source_8
NVS-PAK1-1,0.6401596665382385,0.13277709484100342,source_8
NVS-PAK1-1,0.9157595038414001,0.15017437934875488,source_8
NVS-PAK1-1,0.9101373553276062,0.17318636178970337,source_8
NVS-PAK1-1,0.8597490191459656,0.1548040509223938,source_8
NVS-PAK1-1,0.6418514251708984,0.13276779651641846,source_8
NVS-PAK1-1,0.6359990239143372,0.10679900646209717,source_8
NVS-PAK1-1,0.8515469431877136,0.184245765209198,source_8
NVS-PAK1-1,0.615717351436615,0.12009501457214355,source_8
NVS-PAK1-1,0.8745982050895691,0.17171227931976318,source_8
NVS-PAK1-1,0.800573468208313,0.18062829971313477,source_8
NVS-PAK1-1,1.0859400033950806,0.18094265460968018,source_8
NVS-PAK1-1,1.1179872751235962,0.22581493854522705,source_8
NVS-PAK1-1,0.8009933233261108,0.1813678741455078,source_8
NVS-PAK1-1,0.9842972159385681,0.1856670379638672,source_8
NVS-PAK1-1,0.7341738939285278,0.14217841625213623,source_8
NVS-PAK1-1,0.9785498380661011,0.21781080961227417,source_8
NVS-PAK1-1,0.7541295886039734,0.17587804794311523,source_8
NVS-PAK1-1,1.0062987804412842,0.1989281177520752,source_8
NVS-PAK1-1,0.7322285175323486,0.14869940280914307,source_8
NVS-PAK1-1,0.9917340874671936,0.18193906545639038,source_8
NVS-PAK1-1,0.7015195488929749,0.14146959781646729,source_8
NVS-PAK1-1,0.9000590443611145,0.16673696041107178,source_8
NVS-PAK1-1,0.6762839555740356,0.14066636562347412,source_8
NVS-PAK1-1,0.9153687953948975,0.17917650938034058,source_8
NVS-PAK1-1,0.677830159664154,0.1352841854095459,source_8
NVS-PAK1-1,0.9002791047096252,0.1785464882850647,source_8
NVS-PAK1-1,0.6683627963066101,0.14195847511291504,source_8
NVS-PAK1-1,0.8880885243415833,0.18033099174499512,source_8
NVS-PAK1-1,0.861159086227417,0.17101985216140747,source_8
NVS-PAK1-1,0.656656801700592,0.13209301233291626,source_8
NVS-PAK1-1,0.8832257986068726,0.17703741788864136,source_8
NVS-PAK1-1,0.6445432901382446,0.13156259059906006,source_8
NVS-PAK1-1,0.8566056489944458,0.19280850887298584,source_8
NVS-PAK1-1,0.6437320709228516,0.13083189725875854,source_8
NVS-PAK1-1,0.859661340713501,0.20151978731155396,source_8
NVS-PAK1-1,0.6306006908416748,0.1394687294960022,source_8
NVS-PAK1-1,0.8656826615333557,0.17119890451431274,source_8
NVS-PAK1-1,0.6393658518791199,0.13365089893341064,source_8
NVS-PAK1-1,0.8475890755653381,0.16743993759155273,source_8
NVS-PAK1-1,0.6475273370742798,0.14029955863952637,source_8
NVS-PAK1-1,0.8592355251312256,0.20221781730651855,source_8
NVS-PAK1-1,0.6890464425086975,0.15207582712173462,source_8
NVS-PAK1-1,0.7212410569190979,0.14866524934768677,source_8
NVS-PAK1-1,0.6291778087615967,0.13994044065475464,source_8
NVS-PAK1-1,0.9086681604385376,0.19695734977722168,source_8
NVS-PAK1-1,0.6139785647392273,0.1510225534439087,source_8
NVS-PAK1-1,0.8763331770896912,0.17899394035339355,source_8
NVS-PAK1-1,0.6310015320777893,0.14602887630462646,source_8
NVS-PAK1-1,0.8302111029624939,0.19646728038787842,source_8
NVS-PAK1-1,0.6375564932823181,0.15078747272491455,source_8
NVS-PAK1-1,0.868700385093689,0.18007993698120117,source_8
NVS-PAK1-1,0.6318729519844055,0.14441359043121338,source_8
NVS-PAK1-1,0.8983975648880005,0.20581603050231934,source_8
NVS-PAK1-1,0.6207162141799927,0.1443665623664856,source_8
NVS-PAK1-1,0.8894177675247192,0.17782485485076904,source_8
NVS-PAK1-1,0.6107983589172363,0.14495515823364258,source_8
NVS-PAK1-1,0.8529881238937378,0.17203450202941895,source_8
NVS-PAK1-1,0.6323885917663574,0.12614673376083374,source_8
NVS-PAK1-1,0.8587661981582642,0.19843268394470215,source_8
NVS-PAK1-1,0.6178416609764099,0.13072514533996582,source_8
NVS-PAK1-1,0.5996682643890381,1.2274860590696335,source_3
NVS-PAK1-1,0.6230122447013855,0.6775828301906586,source_3
NVS-PAK1-1,0.6198635697364807,0.8233715444803238,source_3
NVS-PAK1-1,0.5535006523132324,1.152679592370987,source_3
NVS-PAK1-1,0.5684861540794373,1.1828454434871674,source_3
NVS-PAK1-1,0.5893366932868958,0.6873798072338104,source_3
NVS-PAK1-1,0.6120830178260803,0.9609763212502003,source_3
NVS-PAK1-1,0.5705263018608093,1.1131169497966766,source_3
NVS-PAK1-1,0.609998345375061,0.8009770512580872,source_3
NVS-PAK1-1,0.6559404134750366,1.099929690361023,source_3
NVS-PAK1-1,0.5970445275306702,0.8500250577926636,source_3
NVS-PAK1-1,0.6096326112747192,1.0044574057683349,source_3
NVS-PAK1-1,0.6540133357048035,1.0893108323216438,source_3
NVS-PAK1-1,0.5403845906257629,1.2857852280139923,source_3
NVS-PAK1-1,0.5891312956809998,0.7494460642337799,source_3
NVS-PAK1-1,0.6610137820243835,1.1880859583616257,source_3
NVS-PAK1-1,0.6155496835708618,0.6817727088928223,source_3
NVS-PAK1-1,0.5190552473068237,0.9118150323629379,source_3
NVS-PAK1-1,0.5894386768341064,1.3785846829414368,source_3
NVS-PAK1-1,0.7352344989776611,0.9948027208447456,source_3
NVS-PAK1-1,0.735124945640564,0.660785049200058,source_3
NVS-PAK1-1,0.6886591911315918,0.19939446449279785,source_5
NVS-PAK1-1,0.682624101638794,0.19942724704742432,source_5
NVS-PAK1-1,0.6946238279342651,0.2127288579940796,source_5
NVS-PAK1-1,0.6895954012870789,0.19636821746826172,source_5
NVS-PAK1-1,0.6868112087249756,0.19682210683822632,source_5
NVS-PAK1-1,0.6914821863174438,0.18155312538146973,source_5
NVS-PAK1-1,0.700269341468811,0.1515260934829712,source_5
NVS-PAK1-1,0.7060083150863647,0.1758260726928711,source_5
NVS-PAK1-1,0.696448028087616,0.1660768985748291,source_5
NVS-PAK1-1,0.7034600377082825,0.15854346752166748,source_5
NVS-PAK1-1,0.705940842628479,0.15814435482025146,source_5
NVS-PAK1-1,0.6928442120552063,0.2374662160873413,source_5
NVS-PAK1-1,0.7024758458137512,0.25713038444519043,source_5
NVS-PAK1-1,0.6998400092124939,0.21684420108795166,source_5
NVS-PAK1-1,0.6938983798027039,0.23937726020812988,source_5
NVS-PAK1-1,0.6838425397872925,0.2501828670501709,source_5
NVS-PAK1-1,0.6828692555427551,0.2188614010810852,source_5
NVS-PAK1-1,0.695300281047821,0.24421453475952148,source_5
NVS-PAK1-1,0.6821972131729126,0.14668512344360352,source_5
NVS-PAK1-1,0.677436888217926,0.19482815265655518,source_5
NVS-PAK1-1,0.6703794002532959,0.15100789070129395,source_5
NVS-PAK1-1,0.6843375563621521,0.1624293327331543,source_5
NVS-PAK1-1,0.6909279227256775,0.19437956809997559,source_5
NVS-PAK1-1,0.6971735954284668,0.2096920609474182,source_5
NVS-PAK1-1,0.692138671875,0.1663607358932495,source_5
NVS-PAK1-1,0.7211413979530334,0.18881750106811523,source_5
NVS-PAK1-1,0.7222829461097717,0.22540676593780518,source_5
NVS-PAK1-1,0.7266436219215393,0.2169938087463379,source_5
NVS-PAK1-1,0.7148712277412415,0.21828782558441162,source_5
NVS-PAK1-1,0.7015231251716614,0.20750701427459717,source_5
NVS-PAK1-1,0.6643915176391602,0.10702908039093018,source_5
NVS-PAK1-1,0.6739948391914368,0.12860888242721558,source_5
NVS-PAK1-1,0.6810452342033386,0.21393555402755737,source_5
NVS-PAK1-1,0.6974601149559021,0.4496641755104065,source_5
NVS-PAK1-1,0.704286515712738,0.228989839553833,source_5
NVS-PAK1-1,0.6979945302009583,0.1731676459312439,source_5
NVS-PAK1-1,0.6728981137275696,0.22374629974365234,source_5
NVS-PAK1-1,0.6783417463302612,0.22850358486175537,source_5
NVS-PAK1-1,0.6862267851829529,0.2767356038093567,source_5
NVS-PAK1-1,0.6822279691696167,0.24540066719055176,source_5
NVS-PAK1-1,0.6885761022567749,0.2210226058959961,source_5
NVS-PAK1-1,0.6852564215660095,0.24942612648010254,source_5
NVS-PAK1-1,0.6718346476554871,0.21550464630126953,source_5
NVS-PAK1-1,0.692543625831604,0.2430514097213745,source_5
NVS-PAK1-1,0.6524384617805481,0.21061617136001587,source_5
NVS-PAK1-1,0.6517457365989685,0.17178064584732056,source_5
NVS-PAK1-1,0.6591514348983765,0.2260911464691162,source_5
NVS-PAK1-1,0.6579924821853638,0.1763201355934143,source_5
NVS-PAK1-1,0.6551392078399658,0.23134660720825195,source_5
NVS-PAK1-1,0.6662417054176331,0.19225287437438965,source_5
NVS-PAK1-1,0.6674573421478271,0.1803911328315735,source_5
NVS-PAK1-1,0.6734402179718018,0.20277374982833862,source_5
NVS-PAK1-1,0.7260584831237793,0.13665777444839478,source_5
NVS-PAK1-1,0.7158082127571106,0.12965846061706543,source_5
NVS-PAK1-1,0.7205216288566589,0.12328445911407471,source_5
NVS-PAK1-1,0.7211717963218689,0.1471039056777954,source_5
NVS-PAK1-1,0.6999331116676331,0.14630413055419922,source_5
NVS-PAK1-1,0.7132751941680908,0.1448022723197937,source_5
NVS-PAK1-1,0.7207156419754028,0.15103155374526978,source_5
NVS-PAK1-1,0.7112074494361877,0.25378531217575073,source_5
NVS-PAK1-1,0.6738078594207764,0.14970648288726807,source_5
NVS-PAK1-1,0.6701700687408447,0.1117289662361145,source_5
NVS-PAK1-1,0.673568844795227,0.2000124454498291,source_5
NVS-PAK1-1,0.6641220450401306,0.11664748191833496,source_5
NVS-PAK1-1,0.6676461696624756,0.14197123050689697,source_5
NVS-PAK1-1,0.6808179020881653,0.18312060832977295,source_5
NVS-PAK1-1,0.6533839106559753,0.22338628768920898,source_5
NVS-PAK1-1,0.6532665491104126,0.27067631483078003,source_5
NVS-PAK1-1,0.6587871313095093,0.2636284828186035,source_5
NVS-PAK1-1,0.6609733700752258,0.29124951362609863,source_5
NVS-PAK1-1,0.6649209260940552,0.25452399253845215,source_5
NVS-PAK1-1,0.654924213886261,0.28222155570983887,source_5
NVS-PAK1-1,0.6577163338661194,0.19673317670822144,source_5
NVS-PAK1-1,0.6605387330055237,0.21250933408737183,source_5
NVS-PAK1-1,0.6479352712631226,0.19510668516159058,source_5
NVS-PAK1-1,0.6495640873908997,0.18986189365386963,source_5
NVS-PAK1-1,0.6494491696357727,0.19550442695617676,source_5
NVS-PAK1-1,0.6256919503211975,0.1329786777496338,source_5
NVS-PAK1-1,0.6302260756492615,0.1298370361328125,source_5
NVS-PAK1-1,0.6367409229278564,0.11188900470733643,source_5
NVS-PAK1-1,0.6306893229484558,0.1448546051979065,source_5
NVS-PAK1-1,0.6332005858421326,0.13502269983291626,source_5
NVS-PAK1-1,0.6413710117340088,0.11732953786849976,source_5
NVS-PAK1-1,0.6389178037643433,0.1297222375869751,source_5
NVS-PAK1-1,0.6599479913711548,0.15719455480575562,source_5
NVS-PAK1-1,0.6775903105735779,0.16079044342041016,source_5
NVS-PAK1-1,0.6725478768348694,0.18352943658828735,source_5
NVS-PAK1-1,0.656105637550354,0.17091280221939087,source_5
NVS-PAK1-1,0.6593345999717712,0.15899300575256348,source_5
NVS-PAK1-1,0.6568967700004578,0.1667952537536621,source_5
NVS-PAK1-1,0.6282676458358765,0.13026833534240723,source_5
NVS-PAK1-1,0.6319606304168701,0.18644291162490845,source_5
NVS-PAK1-1,0.6386500597000122,0.13112950325012207,source_5
NVS-PAK1-1,0.6329352259635925,0.15086859464645386,source_5
NVS-PAK1-1,0.6326931118965149,0.17261254787445068,source_5
NVS-PAK1-1,0.6430453658103943,0.15756821632385254,source_5
NVS-PAK1-1,0.6481317281723022,0.17662262916564941,source_5
NVS-PAK1-1,0.661342442035675,0.17196357250213623,source_5
NVS-PAK1-1,0.6603527069091797,0.16754257678985596,source_5
NVS-PAK1-1,0.6584030389785767,0.15755200386047363,source_5
NVS-PAK1-1,0.6452168226242065,0.16706323623657227,source_5
NVS-PAK1-1,0.651069164276123,0.1923454999923706,source_5
NVS-PAK1-1,0.6657274961471558,0.21433985233306885,source_5
NVS-PAK1-1,0.661785900592804,0.22773194313049316,source_5
NVS-PAK1-1,0.6645241379737854,0.21761643886566162,source_5
NVS-PAK1-1,0.6599166393280029,0.22318029403686523,source_5
NVS-PAK1-1,0.6285086870193481,0.15633416175842285,source_5
NVS-PAK1-1,0.6332676410675049,0.1544555425643921,source_5
NVS-PAK1-1,0.6983906030654907,0.16513967514038086,source_5
NVS-PAK1-1,0.6984323859214783,0.14669537544250488,source_5
NVS-PAK1-1,0.7044170498847961,0.16742223501205444,source_5
NVS-PAK1-1,0.678826093673706,0.19533777236938477,source_5
NVS-PAK1-1,0.6966452598571777,0.1694878339767456,source_5
NVS-PAK1-1,0.6865890026092529,0.19381940364837646,source_5
NVS-PAK1-1,0.6823027729988098,0.149308443069458,source_5
NVS-PAK1-1,0.6904852390289307,0.1636560559272766,source_5
NVS-PAK1-1,0.6870647072792053,0.17990434169769287,source_5
NVS-PAK1-1,0.6681134700775146,0.11819511651992798,source_5
NVS-PAK1-1,0.6844095587730408,0.16230309009552002,source_5
NVS-PAK1-1,0.6810087561607361,0.155107319355011,source_5
NVS-PAK1-1,0.6821924448013306,0.14456939697265625,source_5
NVS-PAK1-1,0.6792736053466797,0.13640892505645752,source_5
NVS-PAK1-1,0.6856545805931091,0.19083505868911743,source_5
NVS-PAK1-1,0.6923719644546509,0.18581295013427734,source_5
NVS-PAK1-1,0.7054017782211304,0.24435436725616455,source_5
NVS-PAK1-1,0.6780983209609985,0.13196033239364624,source_5
NVS-PAK1-1,0.6978553533554077,0.128867506980896,source_5
NVS-PAK1-1,0.6267969012260437,0.15887725353240967,source_5
NVS-PAK1-1,0.6302157640457153,0.16089606285095215,source_5
NVS-PAK1-1,0.6486083269119263,0.1597113013267517,source_5
NVS-PAK1-1,0.6369785070419312,0.17019712924957275,source_5
NVS-PAK1-1,0.6401369571685791,0.14661145210266113,source_5
NVS-PAK1-1,0.6424005627632141,0.17823195457458496,source_5
NVS-PAK1-1,0.6410953998565674,0.18318617343902588,source_5
NVS-PAK1-1,0.6419905424118042,0.1923254132270813,source_5
NVS-PAK1-1,0.6580125689506531,0.15253311395645142,source_5
NVS-PAK1-1,0.6566631197929382,0.17518281936645508,source_5
NVS-PAK1-1,0.6529250144958496,0.15711963176727295,source_5
NVS-PAK1-1,0.6548436880111694,0.15516483783721924,source_5
NVS-PAK1-1,0.6579908132553101,0.2066096067428589,source_5
NVS-PAK1-1,0.6642143726348877,0.1714763641357422,source_5
NVS-PAK1-1,0.6617921590805054,0.17712247371673584,source_5
NVS-PAK1-1,0.6614917516708374,0.15871143341064453,source_5
NVS-PAK1-1,0.65839684009552,0.17608141899108887,source_5
NVS-PAK1-1,0.6623432636260986,0.15161579847335815,source_5
NVS-PAK1-1,0.6707444787025452,0.22701406478881836,source_5
NVS-PAK1-1,0.6726229190826416,0.17308735847473145,source_5
NVS-PAK1-1,0.6686863303184509,0.1778530478477478,source_5
NVS-PAK1-1,0.6717250347137451,0.19804930686950684,source_5
NVS-PAK1-1,0.6712784171104431,0.19164520502090454,source_5
NVS-PAK1-1,0.6753908395767212,0.21005696058273315,source_5
NVS-PAK1-1,0.678800642490387,0.2160102128982544,source_5
NVS-PAK1-1,0.6829452514648438,0.2130415439605713,source_5
NVS-PAK1-1,0.6713822484016418,0.18393725156784058,source_5
NVS-PAK1-1,0.678307831287384,0.16218876838684082,source_5
NVS-PAK1-1,0.6809439659118652,0.18176311254501343,source_5
NVS-PAK1-1,0.6736052632331848,0.24964028596878052,source_5
NVS-PAK1-1,0.6739484071731567,0.16694319248199463,source_5
NVS-PAK1-1,0.6853549480438232,0.17056041955947876,source_5
NVS-PAK1-1,0.6801620721817017,0.1814975142478943,source_5
NVS-PAK1-1,0.6875477433204651,0.17876720428466797,source_5
NVS-PAK1-1,0.6794896125793457,0.19816184043884277,source_5
NVS-PAK1-1,0.688766598701477,0.18901944160461426,source_5
NVS-PAK1-1,0.6836733222007751,0.1990131139755249,source_5
NVS-PAK1-1,0.6978744268417358,0.20540863275527954,source_5
NVS-PAK1-1,0.6790773868560791,0.22862792015075684,source_5
NVS-PAK1-1,0.6789159178733826,0.1945422887802124,source_5
NVS-PAK1-1,0.6818345785140991,0.20187729597091675,source_5
NVS-PAK1-1,0.6839433312416077,0.1627359390258789,source_5
NVS-PAK1-1,0.695559561252594,0.16191589832305908,source_5
NVS-PAK1-1,0.69586181640625,0.15494704246520996,source_5
NVS-PAK1-1,0.7005262970924377,0.1624642014503479,source_5
NVS-PAK1-1,0.6848046183586121,0.18421894311904907,source_5
NVS-PAK1-1,0.698492705821991,0.15858960151672363,source_5
NVS-PAK1-1,0.6986687779426575,0.20931613445281982,source_5
NVS-PAK1-1,0.6983036994934082,0.17090654373168945,source_5
NVS-PAK1-1,0.7037301063537598,0.24052280187606812,source_5
NVS-PAK1-1,0.7017300128936768,0.19103515148162842,source_5
NVS-PAK1-1,0.6948624849319458,0.2194828987121582,source_5
NVS-PAK1-1,0.6963965892791748,0.1964409351348877,source_5
NVS-PAK1-1,0.6985854506492615,0.21542775630950928,source_5
NVS-PAK1-1,0.7257619500160217,0.1836957335472107,source_5
NVS-PAK1-1,0.7248404026031494,0.1610473394393921,source_5
NVS-PAK1-1,0.7338423132896423,0.1471118927001953,source_5
NVS-PAK1-1,0.7215590476989746,0.1601184606552124,source_5
NVS-PAK1-1,0.6921917200088501,0.1587158441543579,source_5
NVS-PAK1-1,0.6870286464691162,0.1701861023902893,source_5
NVS-PAK1-1,0.6961726546287537,0.16563200950622559,source_5
NVS-PAK1-1,0.7026640772819519,0.24427950382232666,source_5
NVS-PAK1-1,0.7017874121665955,0.23568463325500488,source_5
NVS-PAK1-1,0.7006317377090454,0.19829261302947998,source_5
NVS-PAK1-1,0.6417679786682129,0.134490966796875,source_5
NVS-PAK1-1,0.645996630191803,0.1386265754699707,source_5
NVS-PAK1-1,0.6439048051834106,0.14710497856140137,source_5
NVS-PAK1-1,0.6515172123908997,0.18626344203948975,source_5
NVS-PAK1-1,0.6710565090179443,0.14517885446548462,source_5
NVS-PAK1-1,0.6582479476928711,0.14717400074005127,source_5
NVS-PAK1-1,0.5836070775985718,0.249503493309021,source_3
NVS-PAK1-1,0.5981117486953735,0.2407240867614746,source_3
NVS-PAK1-1,0.6031301617622375,0.22194820642471313,source_3
NVS-PAK1-1,0.5961374044418335,0.21081990003585815,source_3
NVS-PAK1-1,0.7165937423706055,0.26459747552871704,source_3
NVS-PAK1-1,0.7270040512084961,0.23415565490722656,source_3
NVS-PAK1-1,0.6479475498199463,0.2648738622665405,source_3
NVS-PAK1-1,0.5926424264907837,0.23424577713012695,source_3
NVS-PAK1-1,0.6238167881965637,0.24918699264526367,source_3
NVS-PAK1-1,0.6392449140548706,0.30183136463165283,source_3
NVS-PAK1-1,0.6282803416252136,0.2597975730895996,source_3
NVS-PAK1-1,0.6639497876167297,0.23638248443603516,source_3
NVS-PAK1-1,0.6040899753570557,0.26230907440185547,source_3
NVS-PAK1-1,0.6134955883026123,0.23959004878997803,source_3
NVS-PAK1-1,0.6753056049346924,0.2521790862083435,source_3
NVS-PAK1-1,0.6769551038742065,0.22889751195907593,source_3
NVS-PAK1-1,0.6655948758125305,0.2454325556755066,source_3
NVS-PAK1-1,0.6651871204376221,0.25548774003982544,source_3
NVS-PAK1-1,0.6386991143226624,0.2283090353012085,source_3
NVS-PAK1-1,0.6725649833679199,0.2709146738052368,source_3
NVS-PAK1-1,0.5207311511039734,0.20685160160064697,source_3
NVS-PAK1-1,0.5782876014709473,0.22974562644958496,source_3
NVS-PAK1-1,0.5702030062675476,0.241021990776062,source_3
NVS-PAK1-1,0.5992295145988464,0.21481311321258545,source_3
NVS-PAK1-1,0.5754720568656921,0.25846433639526367,source_3
NVS-PAK1-1,0.5680087804794312,0.2864806056022644,source_3
NVS-PAK1-1,0.534924328327179,0.2524067759513855,source_3
NVS-PAK1-1,0.5282779335975647,0.2535665035247803,source_3
NVS-PAK1-1,0.6025388836860657,0.2845803499221802,source_3
NVS-PAK1-1,0.6051704287528992,0.2883418798446655,source_3
NVS-PAK1-1,0.7699668407440186,0.2610926628112793,source_3
NVS-PAK1-1,0.6496105790138245,0.3134171962738037,source_3
NVS-PAK1-1,0.5749631524085999,0.3016497492790222,source_3
NVS-PAK1-1,0.5843514800071716,0.2860466241836548,source_3
NVS-PAK1-1,0.6294429898262024,0.3056758642196655,source_3
NVS-PAK1-1,0.5809742212295532,0.31641966104507446,source_3
NVS-PAK1-1,0.5543214678764343,0.2359483242034912,source_3
NVS-PAK1-1,0.5402359366416931,0.25928831100463867,source_3
NVS-PAK1-1,0.5676370859146118,0.2833567261695862,source_3
NVS-PAK1-1,0.5585834383964539,0.21552878618240356,source_3
NVS-PAK1-1,0.653171956539154,1.1300651282072067,source_3
NVS-PAK1-1,0.6452330350875854,0.9493308290839195,source_3
NVS-PAK1-1,0.6329552531242371,1.2783949673175812,source_3
NVS-PAK1-1,0.5946083664894104,0.9676659256219864,source_3
NVS-PAK1-1,0.6806858777999878,1.4603008329868317,source_3
NVS-PAK1-1,0.6322954297065735,1.153400957584381,source_3
NVS-PAK1-1,0.6427746415138245,1.6190128326416016,source_3
NVS-PAK1-1,0.6022472977638245,1.2451591938734055,source_3
NVS-PAK1-1,0.621512770652771,1.4609519839286804,source_3
NVS-PAK1-1,0.6397337913513184,1.26166370511055,source_3
NVS-PAK1-1,0.6357105374336243,1.0060547636821866,source_3
NVS-PAK1-1,0.6311674118041992,1.1547771692276,source_3
NVS-PAK1-1,0.65976881980896,1.546195387840271,source_3
NVS-PAK1-1,0.6604949235916138,1.316973090171814,source_3
NVS-PAK1-1,0.8665473461151123,1.1873179376125336,source_3
NVS-PAK1-1,0.6061413884162903,1.3835490047931671,source_3
NVS-PAK1-1,0.6384682059288025,1.0248063914477825,source_3
NVS-PAK1-1,0.6551523208618164,1.4669335782527924,source_3
NVS-PAK1-1,0.6240780353546143,1.1158846840262413,source_3
NVS-PAK1-1,0.6644260287284851,1.0160321816802025,source_3
NVS-PAK1-1,0.8512309789657593,1.417320430278778,source_3
NVS-PAK1-1,0.8760470151901245,0.9209145307540894,source_3
NVS-PAK1-1,0.8729403614997864,0.6191586852073669,source_3
NVS-PAK1-1,0.8320139646530151,1.3088074922561646,source_3
NVS-PAK1-1,0.7918898463249207,1.2424297034740448,source_3
NVS-PAK1-1,0.7559844851493835,1.2863597869873047,source_3
NVS-PAK1-1,0.7282935976982117,1.2991295158863068,source_3
NVS-PAK1-1,0.7288774847984314,1.1033215522766113,source_3
NVS-PAK1-1,1.0943078994750977,0.8635485917329788,source_3
NVS-PAK1-1,1.1062707901000977,0.6867981851100922,source_3
NVS-PAK1-1,1.0772042274475098,0.9933289177715778,source_3
NVS-PAK1-1,0.9556097388267517,1.188289850950241,source_3
NVS-PAK1-1,0.8788667917251587,1.0378059856593609,source_3
NVS-PAK1-1,0.9817133545875549,0.9060372337698936,source_3
NVS-PAK1-1,1.093528389930725,0.9227826297283173,source_3
NVS-PAK1-1,0.9879788160324097,0.9708202481269836,source_3
NVS-PAK1-1,0.8877352476119995,1.1437455415725708,source_3
NVS-PAK1-1,0.9679760932922363,0.9264536499977112,source_3
NVS-PAK1-1,0.9715948104858398,0.7631103545427322,source_3
NVS-PAK1-1,0.8975558280944824,1.1786794811487198,source_3
NVS-PAK1-1,0.5445321202278137,0.14861464500427246,source_3
NVS-PAK1-1,0.5542600750923157,0.1930791735649109,source_3
NVS-PAK1-1,0.5603033304214478,0.2057775855064392,source_3
NVS-PAK1-1,0.5058062076568604,0.16049349308013916,source_3
NVS-PAK1-1,0.5339706540107727,0.1606055498123169,source_3
NVS-PAK1-1,0.5396550893783569,0.1782659888267517,source_3
NVS-PAK1-1,0.555944561958313,0.1713850498199463,source_3
NVS-PAK1-1,0.5173291563987732,0.16663646697998047,source_3
NVS-PAK1-1,0.5246511697769165,0.1838616132736206,source_3
NVS-PAK1-1,0.561436653137207,0.15698373317718506,source_3
NVS-PAK1-1,0.500761866569519,0.15984511375427246,source_3
NVS-PAK1-1,0.5818254351615906,0.1832571029663086,source_3
NVS-PAK1-1,0.5727534294128418,0.18632721900939941,source_3
NVS-PAK1-1,0.5158975124359131,0.19388210773468018,source_3
NVS-PAK1-1,0.5575428009033203,0.19598472118377686,source_3
NVS-PAK1-1,0.5841132402420044,0.18632572889328003,source_3
NVS-PAK1-1,0.572507917881012,0.18362128734588623,source_3
NVS-PAK1-1,0.5758947134017944,0.15802454948425293,source_3
NVS-PAK1-1,0.5804470181465149,0.18258172273635864,source_3
NVS-PAK1-1,0.5999414920806885,0.2185543179512024,source_3
NVS-PAK1-1,0.5457763671875,0.17722094058990479,source_3
NVS-PAK1-1,0.5574971437454224,0.18821072578430176,source_3
NVS-PAK1-1,0.5506851673126221,0.16261160373687744,source_3
NVS-PAK1-1,0.6328579783439636,0.15933632850646973,source_3
NVS-PAK1-1,0.6016655564308167,0.21692872047424316,source_3
NVS-PAK1-1,0.536433219909668,0.17355263233184814,source_3
NVS-PAK1-1,0.663735032081604,0.17970818281173706,source_3
NVS-PAK1-1,0.70135098695755,0.2527930736541748,source_3
NVS-PAK1-1,0.6013749241828918,0.16118347644805908,source_3
NVS-PAK1-1,0.6158700585365295,0.21258199214935303,source_3
NVS-PAK1-1,0.6306511759757996,0.1801302433013916,source_3
NVS-PAK1-1,0.5334679484367371,0.1735607385635376,source_3
NVS-PAK1-1,0.6153985857963562,0.1529606580734253,source_3
NVS-PAK1-1,0.6418440937995911,0.18240678310394287,source_3
NVS-PAK1-1,0.6592233180999756,0.17245709896087646,source_3
NVS-PAK1-1,0.6020299196243286,0.1736190915107727,source_3
NVS-PAK1-1,0.5282220244407654,0.19361084699630737,source_3
NVS-PAK1-1,0.6153180003166199,0.1970677375793457,source_3
NVS-PAK1-1,0.6428673267364502,0.17213964462280273,source_3
NVS-PAK1-1,0.5988472700119019,0.17495191097259521,source_3
NVS-PAK1-1,0.5674463510513306,0.1606297492980957,source_3
NVS-PAK1-1,0.589401125907898,0.17302542924880981,source_3
NVS-PAK1-1,0.5986008644104004,0.16585278511047363,source_3
NVS-PAK1-1,0.5895670652389526,0.16479068994522095,source_3
NVS-PAK1-1,0.49013951420783997,0.14109063148498535,source_3
NVS-PAK1-1,0.51319819688797,0.1616818904876709,source_3
NVS-PAK1-1,0.49200239777565,0.16901016235351562,source_3
NVS-PAK1-1,0.5770546793937683,0.1674339771270752,source_3
NVS-PAK1-1,0.594610333442688,0.15027838945388794,source_3
NVS-PAK1-1,0.6011142134666443,0.19025945663452148,source_3
NVS-PAK1-1,0.6146664619445801,0.15303254127502441,source_3
NVS-PAK1-1,0.6303322315216064,0.17737430334091187,source_3
NVS-PAK1-1,0.6299753785133362,0.16964715719223022,source_3
NVS-PAK1-1,0.502512514591217,0.15711486339569092,source_3
NVS-PAK1-1,0.4581645131111145,0.15783089399337769,source_3
NVS-PAK1-1,0.4878444969654083,0.1500651240348816,source_3
NVS-PAK1-1,0.4961055815219879,0.16695404052734375,source_3
NVS-PAK1-1,1.4306142330169678,0.5072505474090576,source_7
NVS-PAK1-1,1.4551661014556885,0.4835832118988037,source_7
NVS-PAK1-1,1.4380979537963867,0.5102597773075104,source_7
NVS-PAK1-1,1.4188005924224854,0.5054190456867218,source_7
NVS-PAK1-1,1.4584928750991821,0.45952314138412476,source_7
NVS-PAK1-1,1.425976276397705,0.48123395442962646,source_7
NVS-PAK1-1,1.424285888671875,0.5061891078948975,source_7
NVS-PAK1-1,1.447680115699768,0.49235647916793823,source_7
NVS-PAK1-1,1.4179556369781494,0.46347761154174805,source_7
NVS-PAK1-1,1.4055894613265991,0.511128842830658,source_7
NVS-PAK1-1,1.4251904487609863,0.49372267723083496,source_7
NVS-PAK1-1,1.4775640964508057,0.469335675239563,source_7
NVS-PAK1-1,1.392528772354126,0.5084232687950134,source_7
NVS-PAK1-1,1.3165977001190186,0.5005626678466797,source_7
NVS-PAK1-1,1.2928571701049805,0.47705721855163574,source_7
NVS-PAK1-1,1.226798176765442,0.4046597480773926,source_7
NVS-PAK1-1,1.2870069742202759,0.48105788230895996,source_7
NVS-PAK1-1,1.3037352561950684,0.5199496448040009,source_7
NVS-PAK1-1,1.2903873920440674,0.4426431655883789,source_7
NVS-PAK1-1,1.3061497211456299,0.45561522245407104,source_7
NVS-PAK1-1,1.2561111450195312,0.3939276933670044,source_7
NVS-PAK1-1,1.1869113445281982,0.4509469270706177,source_7
NVS-PAK1-1,1.225843906402588,0.48541414737701416,source_7
NVS-PAK1-1,1.2661973237991333,0.48249101638793945,source_7
NVS-PAK1-1,1.2052016258239746,0.5340902209281921,source_7
NVS-PAK1-1,1.192463755607605,0.5244740545749664,source_7
NVS-PAK1-1,1.2177760601043701,0.47294801473617554,source_7
NVS-PAK1-1,1.1836559772491455,0.40449392795562744,source_7
NVS-PAK1-1,1.1847130060195923,0.5153375267982483,source_7
NVS-PAK1-1,1.1786301136016846,0.4695196747779846,source_7
NVS-PAK1-1,1.1849616765975952,0.45362305641174316,source_7
NVS-PAK1-1,1.1836515665054321,0.43455684185028076,source_7
NVS-PAK1-1,1.2285593748092651,0.39493292570114136,source_7
NVS-PAK1-1,1.1818798780441284,0.4571340084075928,source_7
NVS-PAK1-1,1.1822854280471802,0.5052878856658936,source_7
NVS-PAK1-1,1.203763723373413,0.4941926598548889,source_7
NVS-PAK1-1,1.1863212585449219,0.46921026706695557,source_7
NVS-PAK1-1,1.189944863319397,0.49397528171539307,source_7
NVS-PAK1-1,1.2171918153762817,0.4480857849121094,source_7
NVS-PAK1-1,1.2123773097991943,0.4872138500213623,source_7
NVS-PAK1-1,1.2280588150024414,0.45809483528137207,source_7
NVS-PAK1-1,1.2024974822998047,0.5026283860206604,source_7
NVS-PAK1-1,1.2126517295837402,0.4559657573699951,source_7
NVS-PAK1-1,1.2211945056915283,0.4217488765716553,source_7
NVS-PAK1-1,1.234215259552002,0.4957200884819031,source_7
NVS-PAK1-1,1.224427580833435,0.46725642681121826,source_7
NVS-PAK1-1,1.2251694202423096,0.40157878398895264,source_7
NVS-PAK1-1,1.188146948814392,0.4864264130592346,source_7
NVS-PAK1-1,1.229832649230957,0.47191905975341797,source_7
NVS-PAK1-1,1.1716248989105225,0.4791398048400879,source_7
NVS-PAK1-1,1.1732230186462402,0.5406253337860107,source_7
NVS-PAK1-1,1.1283754110336304,0.45247918367385864,source_7
NVS-PAK1-1,1.1284343004226685,0.39821749925613403,source_7
NVS-PAK1-1,1.1734367609024048,0.5040733218193054,source_7
NVS-PAK1-1,1.1792402267456055,0.45385223627090454,source_7
NVS-PAK1-1,1.204894781112671,0.41218101978302,source_7
NVS-PAK1-1,1.2420583963394165,0.4838293790817261,source_7
NVS-PAK1-1,1.1915682554244995,0.5459481477737427,source_7
NVS-PAK1-1,1.152854084968567,0.4623039960861206,source_7
NVS-PAK1-1,1.1833912134170532,0.5053851008415222,source_7
NVS-PAK1-1,1.1723792552947998,0.4533300995826721,source_7
NVS-PAK1-1,1.1792675256729126,0.5064214468002319,source_7
NVS-PAK1-1,1.171044945716858,0.47107553482055664,source_7
NVS-PAK1-1,1.1683679819107056,0.49492090940475464,source_7
NVS-PAK1-1,1.2121447324752808,0.4661051034927368,source_7
NVS-PAK1-1,1.2089941501617432,0.4577578902244568,source_7
NVS-PAK1-1,1.601305365562439,0.505151093006134,source_7
NVS-PAK1-1,1.67333984375,0.4904518127441406,source_7
NVS-PAK1-1,1.5457361936569214,0.5535010099411011,source_7
NVS-PAK1-1,1.4162824153900146,0.4653865098953247,source_7
NVS-PAK1-1,1.3281848430633545,0.5241906046867371,source_7
NVS-PAK1-1,1.3175978660583496,0.4852467179298401,source_7
NVS-PAK1-1,1.3161457777023315,0.5087235271930695,source_7
NVS-PAK1-1,1.2890905141830444,0.5346062183380127,source_7
NVS-PAK1-1,1.2413021326065063,0.4880772829055786,source_7
NVS-PAK1-1,1.210310459136963,0.4855509400367737,source_7
NVS-PAK1-1,1.2087419033050537,0.5152578055858612,source_7
NVS-PAK1-1,1.1868391036987305,0.45203256607055664,source_7
NVS-PAK1-1,1.1790745258331299,0.4991634488105774,source_7
NVS-PAK1-1,1.24618399143219,0.49759626388549805,source_7
NVS-PAK1-1,1.2148240804672241,0.5644056499004364,source_7
NVS-PAK1-1,1.1977145671844482,0.49064093828201294,source_7
NVS-PAK1-1,1.2189075946807861,0.5101542174816132,source_7
NVS-PAK1-1,1.1885440349578857,0.48610496520996094,source_7
NVS-PAK1-1,1.3549684286117554,0.6206333041191101,source_7
NVS-PAK1-1,1.2950310707092285,0.5667612552642822,source_7
NVS-PAK1-1,1.2686691284179688,0.5435912609100342,source_7
NVS-PAK1-1,1.3151423931121826,0.5239229202270508,source_7
NVS-PAK1-1,1.4250410795211792,0.5416828393936157,source_7
NVS-PAK1-1,1.3143818378448486,0.5249074697494507,source_7
NVS-PAK1-1,1.2344833612442017,0.5228947997093201,source_7
NVS-PAK1-1,1.2224172353744507,0.5395390093326569,source_7
NVS-PAK1-1,1.3855907917022705,0.4163607358932495,source_7
NVS-PAK1-1,1.2847121953964233,0.4628046154975891,source_7
NVS-PAK1-1,1.2386231422424316,0.4766925573348999,source_7
NVS-PAK1-1,1.2360666990280151,0.559633731842041,source_7
NVS-PAK1-1,1.2754029035568237,0.5616119503974915,source_7
NVS-PAK1-1,1.2698265314102173,0.5537118017673492,source_7
NVS-PAK1-1,1.2572208642959595,0.5491660833358765,source_7
NVS-PAK1-1,1.2848684787750244,0.5634831488132477,source_7
NVS-PAK1-1,1.270529866218567,0.5030284523963928,source_7
NVS-PAK1-1,1.2438545227050781,0.5489189922809601,source_7
NVS-PAK1-1,1.2642794847488403,0.5205063223838806,source_7
NVS-PAK1-1,1.2795637845993042,0.48472797870635986,source_7
NVS-PAK1-1,1.26340651512146,0.4644200801849365,source_7
NVS-PAK1-1,1.2465578317642212,0.5424569547176361,source_7
NVS-PAK1-1,1.2562206983566284,0.6482831835746765,source_7
NVS-PAK1-1,1.1330314874649048,0.46673351526260376,source_7
NVS-PAK1-1,1.2962646484375,0.5176755785942078,source_7
NVS-PAK1-1,1.211053729057312,0.47759997844696045,source_7
NVS-PAK1-1,1.0527299642562866,0.48316943645477295,source_7
NVS-PAK1-1,1.2013533115386963,0.48280930519104004,source_7
NVS-PAK1-1,1.1686055660247803,0.4227290153503418,source_7
NVS-PAK1-1,1.0588973760604858,0.5063757002353668,source_7
NVS-PAK1-1,1.1956089735031128,0.44148242473602295,source_7
NVS-PAK1-1,0.7652983069419861,0.18047332763671875,source_10
NVS-PAK1-1,0.70418381690979,0.14213716983795166,source_10
NVS-PAK1-1,0.7394319772720337,0.1415501832962036,source_10
NVS-PAK1-1,0.7632085680961609,0.16362524032592773,source_10
NVS-PAK1-1,0.7627989649772644,0.19069504737854004,source_10
NVS-PAK1-1,0.7807422876358032,0.18061286211013794,source_10
NVS-PAK1-1,0.7858739495277405,0.1960054636001587,source_10
NVS-PAK1-1,0.8394156694412231,0.25940990447998047,source_10
NVS-PAK1-1,0.7159210443496704,0.13450419902801514,source_10
NVS-PAK1-1,0.7286481261253357,0.14848017692565918,source_10
NVS-PAK1-1,0.7389408349990845,0.17985785007476807,source_10
NVS-PAK1-1,0.7246220707893372,0.1267164945602417,source_10
NVS-PAK1-1,0.7301930785179138,0.15241152048110962,source_10
NVS-PAK1-1,0.7254037261009216,0.12211108207702637,source_10
NVS-PAK1-1,0.7375603318214417,0.17651456594467163,source_10
NVS-PAK1-1,0.6938991546630859,0.16471612453460693,source_10
NVS-PAK1-1,0.6935639381408691,0.12793803215026855,source_10
NVS-PAK1-1,0.6832239031791687,0.1767377257347107,source_10
NVS-PAK1-1,0.7051969766616821,0.12423288822174072,source_10
NVS-PAK1-1,0.7107673287391663,0.16672807931900024,source_10
NVS-PAK1-1,0.707205593585968,0.193792462348938,source_10
NVS-PAK1-1,0.7179107666015625,0.15661662817001343,source_10
NVS-PAK1-1,0.7242607474327087,0.3273642063140869,source_10
NVS-PAK1-1,0.7483208775520325,0.47801899909973145,source_10
NVS-PAK1-1,0.7293388247489929,0.33198851346969604,source_10
NVS-PAK1-1,0.7499856948852539,0.329964816570282,source_10
NVS-PAK1-1,0.7427662014961243,0.4660336375236511,source_10
NVS-PAK1-1,0.7585691809654236,0.32897430658340454,source_10
NVS-PAK1-1,0.7186317443847656,0.39559853076934814,source_10
NVS-PAK1-1,0.6484324932098389,0.42300379276275635,source_10
NVS-PAK1-1,0.6375455856323242,0.3858424425125122,source_10
NVS-PAK1-1,0.6621318459510803,0.31578803062438965,source_10
NVS-PAK1-1,0.7042112350463867,0.3822207450866699,source_10
NVS-PAK1-1,0.7368509769439697,0.22159945964813232,source_10
NVS-PAK1-1,0.7484428882598877,0.186073899269104,source_10
NVS-PAK1-1,0.7452749609947205,0.21018892526626587,source_10
NVS-PAK1-1,0.7502570748329163,0.20343422889709473,source_10
NVS-PAK1-1,0.7402638792991638,0.2539021372795105,source_10
NVS-PAK1-1,0.7542449235916138,0.23921632766723633,source_10
NVS-PAK1-1,0.716702938079834,0.1558992862701416,source_10
NVS-PAK1-1,0.705208420753479,0.15971660614013672,source_10
NVS-PAK1-1,0.7431174516677856,0.22259080410003662,source_10
NVS-PAK1-1,0.7309626936912537,0.16193640232086182,source_10
NVS-PAK1-1,0.7361827492713928,0.16271764039993286,source_10
NVS-PAK1-1,0.7438428997993469,0.16899853944778442,source_10
NVS-PAK1-1,0.7569270133972168,0.22638648748397827,source_10
NVS-PAK1-1,0.7161357998847961,0.18203449249267578,source_10
NVS-PAK1-1,0.698437511920929,0.21243107318878174,source_10
NVS-PAK1-1,0.7182675004005432,0.1812509298324585,source_10
NVS-PAK1-1,0.7024641633033752,0.19726884365081787,source_10
NVS-PAK1-1,0.720037043094635,0.21902728080749512,source_10
NVS-PAK1-1,0.7115004658699036,0.18077945709228516,source_10
NVS-PAK1-1,0.6392455101013184,0.19236433506011963,source_10
NVS-PAK1-1,0.8135678172111511,0.22992217540740967,source_10
NVS-PAK1-1,0.7836143374443054,0.20963209867477417,source_10
NVS-PAK1-1,0.7625885009765625,0.21889066696166992,source_10
NVS-PAK1-1,0.7378958463668823,0.20652198791503906,source_10
NVS-PAK1-1,0.7535517811775208,0.21787786483764648,source_10
NVS-PAK1-1,0.7714757919311523,0.25054818391799927,source_10
NVS-PAK1-1,0.7828425765037537,0.21889346837997437,source_10
NVS-PAK1-1,0.6643677353858948,0.2440127730369568,source_10
NVS-PAK1-1,0.6956585049629211,0.28377777338027954,source_10
NVS-PAK1-1,0.7332441210746765,0.30068230628967285,source_10
NVS-PAK1-1,0.7017207145690918,0.25335538387298584,source_10
NVS-PAK1-1,0.6356827616691589,0.22579771280288696,source_10
NVS-PAK1-1,0.7115398645401001,0.25919628143310547,source_10
NVS-PAK1-1,0.6897315979003906,0.17127668857574463,source_10
NVS-PAK1-1,0.7418475151062012,0.21445906162261963,source_10
NVS-PAK1-1,0.7428884506225586,0.224601149559021,source_10
NVS-PAK1-1,0.7356809377670288,0.2133132815361023,source_10
NVS-PAK1-1,0.7318363785743713,0.20861440896987915,source_10
NVS-PAK1-1,0.7264675498008728,0.19521045684814453,source_10
NVS-PAK1-1,0.7486199736595154,0.21949827671051025,source_10
NVS-PAK1-1,0.6535945534706116,0.14110475778579712,source_10
NVS-PAK1-1,0.67091965675354,0.14404666423797607,source_10
NVS-PAK1-1,0.6723655462265015,0.15015625953674316,source_10
NVS-PAK1-1,0.6676797270774841,0.1358364224433899,source_10
NVS-PAK1-1,0.677435576915741,0.17193162441253662,source_10
NVS-PAK1-1,0.7529630661010742,0.21274375915527344,source_10
NVS-PAK1-1,0.7650482654571533,0.2194594144821167,source_10
NVS-PAK1-1,0.7829801440238953,0.23221242427825928,source_10
NVS-PAK1-1,0.7900485992431641,0.23939216136932373,source_10
NVS-PAK1-1,0.7750866413116455,0.17212539911270142,source_10
NVS-PAK1-1,0.7292654514312744,0.16390246152877808,source_10
NVS-PAK1-1,0.7599695920944214,0.1638782024383545,source_10
NVS-PAK1-1,0.7796003222465515,0.1751282811164856,source_10
NVS-PAK1-1,0.7334724068641663,0.2548605799674988,source_10
NVS-PAK1-1,0.7484967112541199,0.2268924117088318,source_10
NVS-PAK1-1,0.6239322423934937,0.21542596817016602,source_10
NVS-PAK1-1,0.740860104560852,0.20084506273269653,source_10
NVS-PAK1-1,0.7616809606552124,0.29706817865371704,source_10
NVS-PAK1-1,0.7604078650474548,0.29577481746673584,source_10
NVS-PAK1-1,0.7059587240219116,0.2045121192932129,source_10
NVS-PAK1-1,0.7154203653335571,0.1994314193725586,source_10
NVS-PAK1-1,0.7249951958656311,0.17444252967834473,source_10
NVS-PAK1-1,0.7115234732627869,0.3492542505264282,source_10
NVS-PAK1-1,0.7178288102149963,0.1850111484527588,source_10
NVS-PAK1-1,0.7160231471061707,0.17407262325286865,source_10
NVS-PAK1-1,0.7428821325302124,0.20501208305358887,source_10
NVS-PAK1-1,0.7451248168945312,0.18421435356140137,source_10
NVS-PAK1-1,0.7655348777770996,0.18146675825119019,source_10
NVS-PAK1-1,0.7543515563011169,0.1809554100036621,source_10
NVS-PAK1-1,0.7086412310600281,0.21838080883026123,source_10
NVS-PAK1-1,0.6942333579063416,0.25980567932128906,source_10
NVS-PAK1-1,0.7202811241149902,0.257271409034729,source_10
NVS-PAK1-1,0.7211544513702393,0.2570970058441162,source_10
NVS-PAK1-1,0.7139182090759277,0.2547575831413269,source_10
NVS-PAK1-1,0.74519944190979,0.26378822326660156,source_10
NVS-PAK1-1,0.7730028629302979,0.22728365659713745,source_10
NVS-PAK1-1,0.7818006873130798,0.2545137405395508,source_10
NVS-PAK1-1,0.6599276065826416,0.1947547197341919,source_10
NVS-PAK1-1,0.653968095779419,0.19343900680541992,source_10
NVS-PAK1-1,0.672362744808197,0.2010507583618164,source_10
NVS-PAK1-1,0.6770431995391846,0.20651423931121826,source_10
NVS-PAK1-1,0.7184799909591675,0.22268813848495483,source_10
NVS-PAK1-1,0.7274882793426514,0.2468166947364807,source_10
NVS-PAK1-1,0.7264822721481323,0.3052002191543579,source_10
NVS-PAK1-1,0.7522729635238647,0.24078518152236938,source_10
NVS-PAK1-1,0.7362505197525024,0.3540114164352417,source_10
NVS-PAK1-1,0.6835898756980896,0.2916215658187866,source_10
NVS-PAK1-1,0.7057796120643616,0.23772412538528442,source_10
NVS-PAK1-1,0.7191607356071472,0.24318259954452515,source_10
NVS-PAK1-1,0.7077642679214478,0.22155535221099854,source_10
NVS-PAK1-1,0.7497695088386536,0.2440534234046936,source_10
NVS-PAK1-1,0.7731326222419739,0.306545615196228,source_10
NVS-PAK1-1,0.746772289276123,0.28320980072021484,source_10
NVS-PAK1-1,0.7661683559417725,0.24725300073623657,source_10
NVS-PAK1-1,0.7851459980010986,0.2638525366783142,source_10
NVS-PAK1-1,0.816535472869873,0.300334095954895,source_10
NVS-PAK1-1,0.8155383467674255,0.3130369186401367,source_10
NVS-PAK1-1,0.8216452598571777,0.23064231872558594,source_10
NVS-PAK1-1,0.8592255711555481,0.2625257968902588,source_10
NVS-PAK1-1,0.7116147875785828,0.15020418167114258,source_10
NVS-PAK1-1,0.7015097737312317,0.12943243980407715,source_10
NVS-PAK1-1,0.7085792422294617,0.13976800441741943,source_10
NVS-PAK1-1,0.7162646055221558,0.16344261169433594,source_10
NVS-PAK1-1,0.720564067363739,0.16392534971237183,source_10
NVS-PAK1-1,0.71439528465271,0.167627215385437,source_10
NVS-PAK1-1,0.730579674243927,0.15990722179412842,source_10
NVS-PAK1-1,0.7309128046035767,0.1613786220550537,source_10
NVS-PAK1-1,0.6899097561836243,0.16386324167251587,source_10
NVS-PAK1-1,0.6766301989555359,0.14521384239196777,source_10
NVS-PAK1-1,0.6664231419563293,0.13621068000793457,source_10
NVS-PAK1-1,0.6620888113975525,0.13798034191131592,source_10
NVS-PAK1-1,0.6863516569137573,0.1452459692955017,source_10
NVS-PAK1-1,0.6758784651756287,0.14653730392456055,source_10
NVS-PAK1-1,0.6806051731109619,0.1579427719116211,source_10
NVS-PAK1-1,0.6985185146331787,0.14328062534332275,source_10
NVS-PAK1-1,0.7641133666038513,0.17277681827545166,source_10
NVS-PAK1-1,0.7702850699424744,0.2119828462600708,source_10
NVS-PAK1-1,0.7793917655944824,0.31370770931243896,source_10
NVS-PAK1-1,0.8457093834877014,0.20902907848358154,source_10
NVS-PAK1-1,0.8112646341323853,0.2884092926979065,source_10
NVS-PAK1-1,0.8064252734184265,0.1855790615081787,source_10
NVS-PAK1-1,0.7904064059257507,0.18157744407653809,source_10
NVS-PAK1-1,0.8093577027320862,0.19607698917388916,source_10
NVS-PAK1-1,0.9076381325721741,0.24421453475952148,source_10
NVS-PAK1-1,0.8930073380470276,0.25997477769851685,source_10
NVS-PAK1-1,0.8508678078651428,0.21173357963562012,source_10
NVS-PAK1-1,0.8903152346611023,0.189303457736969,source_10
NVS-PAK1-1,0.8651230931282043,0.28968167304992676,source_10
NVS-PAK1-1,0.8587285280227661,0.1938612461090088,source_10
NVS-PAK1-1,0.8465259075164795,0.2301408052444458,source_10
NVS-PAK1-1,0.8594754934310913,0.22269654273986816,source_10
NVS-PAK1-1,0.6139491200447083,0.1416640281677246,source_10
NVS-PAK1-1,0.669258713722229,0.24532127380371094,source_10
NVS-PAK1-1,0.6756889224052429,0.21238797903060913,source_10
NVS-PAK1-1,0.6789767146110535,0.21707749366760254,source_10
NVS-PAK1-1,0.8345683813095093,0.27432435750961304,source_10
NVS-PAK1-1,0.812421441078186,0.31778520345687866,source_10
NVS-PAK1-1,0.8033387660980225,0.2782815098762512,source_10
NVS-PAK1-1,0.7905353307723999,0.27763551473617554,source_10
NVS-PAK1-1,0.5729721188545227,0.1826152801513672,source_10
NVS-PAK1-1,0.5786065459251404,0.10124504566192627,source_10
NVS-PAK1-1,0.585746169090271,0.1531793475151062,source_10
NVS-PAK1-1,0.598438560962677,0.1994573473930359,source_10
NVS-PAK1-1,0.5650374293327332,0.1145697832107544,source_10
NVS-PAK1-1,0.5804135799407959,0.14895904064178467,source_10
NVS-PAK1-1,0.6016756892204285,0.1158757209777832,source_10
NVS-PAK1-1,0.6141834259033203,0.09931927919387817,source_10
NVS-PAK1-1,0.6090579628944397,0.16492575407028198,source_10
NVS-PAK1-1,0.6404841542243958,0.1653066873550415,source_10
NVS-PAK1-1,0.6496130228042603,0.13399064540863037,source_10
NVS-PAK1-1,0.6466056108474731,0.20362800359725952,source_10
NVS-PAK1-1,0.704303503036499,0.2510080337524414,source_10
NVS-PAK1-1,0.6420024037361145,0.23414194583892822,source_10
NVS-PAK1-1,0.657358705997467,0.17520534992218018,source_10
NVS-PAK1-1,0.6776136755943298,0.2751225233078003,source_10
NVS-PAK1-1,0.7444429397583008,0.5126561522483826,source_10
NVS-PAK1-1,0.7198286056518555,0.6399869024753571,source_10
NVS-PAK1-1,0.7121924757957458,0.6247122883796692,source_10
NVS-PAK1-1,0.6838411688804626,0.5887888073921204,source_10
NVS-PAK1-1,0.6885408759117126,0.6387476921081543,source_10
NVS-PAK1-1,0.6912370920181274,0.5535450577735901,source_10
NVS-PAK1-1,0.6715067028999329,0.5968136191368103,source_10
NVS-PAK1-1,0.6664788126945496,0.5868508219718933,source_10
NVS-PAK1-1,0.6553277373313904,0.530802845954895,source_10
NVS-PAK1-1,0.6887909173965454,0.5465596914291382,source_10
NVS-PAK1-1,0.7039315700531006,0.4575265645980835,source_10
NVS-PAK1-1,0.704410195350647,0.47989708185195923,source_10
NVS-PAK1-1,0.7328311800956726,0.471024751663208,source_10
NVS-PAK1-1,0.7305453419685364,0.5429934859275818,source_10
NVS-PAK1-1,0.8332264423370361,0.6015538275241852,source_10
NVS-PAK1-1,0.7410414814949036,0.504124641418457,source_10
NVS-PAK1-1,0.7437527775764465,0.5982231199741364,source_10
NVS-PAK1-1,0.8762803077697754,0.35336947441101074,source_11
NVS-PAK1-1,0.6814315319061279,1.0264148004353046,source_11
NVS-PAK1-1,0.8401833176612854,0.2756426930427551,source_11
NVS-PAK1-1,0.7771334052085876,0.35238564014434814,source_11
NVS-PAK1-1,0.8106127381324768,0.2840547561645508,source_11
NVS-PAK1-1,0.8140944838523865,0.3419639468193054,source_11
NVS-PAK1-1,0.7866015434265137,0.26991450786590576,source_11
NVS-PAK1-1,0.7967389225959778,0.3498941659927368,source_11
NVS-PAK1-1,0.7885661125183105,0.3090161085128784,source_11
NVS-PAK1-1,0.7864782810211182,0.33506035804748535,source_11
NVS-PAK1-1,0.7971920967102051,0.3191324472427368,source_11
NVS-PAK1-1,0.797740638256073,0.3017045259475708,source_11
NVS-PAK1-1,0.7746882438659668,0.3065376877784729,source_11
NVS-PAK1-1,0.7924286723136902,0.36426103115081787,source_11
NVS-PAK1-1,0.7905193567276001,0.3034788966178894,source_11
NVS-PAK1-1,0.7783341407775879,0.3034960627555847,source_11
NVS-PAK1-1,0.7673214077949524,0.3036576509475708,source_11
NVS-PAK1-1,0.7765673995018005,0.2892255187034607,source_11
NVS-PAK1-1,0.9223527312278748,0.2883504629135132,source_11
NVS-PAK1-1,2.3302690982818604,0.4757946729660034,source_11
NVS-PAK1-1,0.8007583022117615,0.44060754776000977,source_11
NVS-PAK1-1,0.7817443013191223,0.3029223680496216,source_11
NVS-PAK1-1,0.808056116104126,0.29104459285736084,source_11
NVS-PAK1-1,0.8618075847625732,0.3449200391769409,source_11
NVS-PAK1-1,0.8744598031044006,0.31196528673171997,source_11
NVS-PAK1-1,0.8797157406806946,0.29232752323150635,source_11
NVS-PAK1-1,0.900375247001648,0.3139078617095947,source_11
NVS-PAK1-1,0.9318448305130005,0.3399863839149475,source_11
NVS-PAK1-1,0.9087428450584412,0.2764359712600708,source_11
NVS-PAK1-1,0.9174678921699524,0.28156065940856934,source_11
NVS-PAK1-1,0.925312876701355,0.30366086959838867,source_11
NVS-PAK1-1,0.9203751087188721,0.2961142063140869,source_11
NVS-PAK1-1,0.7072758078575134,0.3333060145378113,source_11
NVS-PAK1-1,0.7588546276092529,0.38538646697998047,source_11
NVS-PAK1-1,0.7640963196754456,0.37061524391174316,source_11
NVS-PAK1-1,0.7535000443458557,0.42052072286605835,source_11
NVS-PAK1-1,0.7439536452293396,0.351884126663208,source_11
NVS-PAK1-1,0.7606989145278931,0.385811448097229,source_11
NVS-PAK1-1,0.6963871121406555,0.1962682604789734,source_11
NVS-PAK1-1,0.7682688236236572,0.34997713565826416,source_11
NVS-PAK1-1,0.7436428070068359,0.33071982860565186,source_11
NVS-PAK1-1,0.758987545967102,0.34949660301208496,source_11
NVS-PAK1-1,0.7721652388572693,0.3507267236709595,source_11
NVS-PAK1-1,0.7657034397125244,0.3296767473220825,source_11
NVS-PAK1-1,0.7629616260528564,0.3258028030395508,source_11
NVS-PAK1-1,0.7573415637016296,0.33213722705841064,source_11
NVS-PAK1-1,0.7650513648986816,0.3412597179412842,source_11
NVS-PAK1-1,0.7631709575653076,0.31655752658843994,source_11
NVS-PAK1-1,0.7525855302810669,0.33598101139068604,source_11
NVS-PAK1-1,0.7542561292648315,0.32374143600463867,source_11
NVS-PAK1-1,0.7479984760284424,0.3082650303840637,source_11
NVS-PAK1-1,0.7492328882217407,0.33881163597106934,source_11
NVS-PAK1-1,0.6893424987792969,0.6290221512317657,source_11
NVS-PAK1-1,0.7512556910514832,0.23213505744934082,source_11
NVS-PAK1-1,0.6962010860443115,0.18032151460647583,source_11
NVS-PAK1-1,0.6864461898803711,0.18659913539886475,source_11
NVS-PAK1-1,0.6770073175430298,0.18913578987121582,source_11
NVS-PAK1-1,0.6775131821632385,0.17691999673843384,source_11
NVS-PAK1-1,0.7195623517036438,0.27602505683898926,source_11
NVS-PAK1-1,0.6895283460617065,0.19363439083099365,source_11
NVS-PAK1-1,0.8039683103561401,0.3180098533630371,source_11
NVS-PAK1-1,0.8207468390464783,0.33373838663101196,source_11
NVS-PAK1-1,0.6896951198577881,0.17255568504333496,source_11
NVS-PAK1-1,0.7893663048744202,0.34098660945892334,source_11
NVS-PAK1-1,0.6851550936698914,0.19581621885299683,source_11
NVS-PAK1-1,0.6902034282684326,0.1896907091140747,source_11
NVS-PAK1-1,0.6019285321235657,0.2523534297943115,source_11
NVS-PAK1-1,0.6270532608032227,0.2201959490776062,source_11
NVS-PAK1-1,0.7151877284049988,0.2701129913330078,source_11
NVS-PAK1-1,0.7414900660514832,0.2944672107696533,source_11
NVS-PAK1-1,0.7393670678138733,0.23607409000396729,source_11
NVS-PAK1-1,0.7343968152999878,0.2579996585845947,source_11
NVS-PAK1-1,0.7379288077354431,0.3073376417160034,source_11
NVS-PAK1-1,0.755223274230957,0.2476809024810791,source_11
NVS-PAK1-1,0.7619494795799255,0.2768791913986206,source_11
NVS-PAK1-1,0.7991955876350403,0.29788684844970703,source_11
NVS-PAK1-1,0.7852873206138611,0.27762144804000854,source_11
NVS-PAK1-1,0.7571706175804138,0.22503340244293213,source_11
NVS-PAK1-1,0.7799707055091858,0.37116265296936035,source_11
NVS-PAK1-1,0.7936691641807556,0.32952719926834106,source_11
NVS-PAK1-1,0.7977330684661865,0.25108933448791504,source_11
NVS-PAK1-1,0.764511227607727,0.26410627365112305,source_11
NVS-PAK1-1,0.7759761214256287,0.25791680812835693,source_11
NVS-PAK1-1,0.7985495328903198,0.2524036169052124,source_11
NVS-PAK1-1,0.7894326448440552,0.26677536964416504,source_11
NVS-PAK1-1,0.9657838940620422,0.6166187524795532,source_11
NVS-PAK1-1,0.7442619204521179,0.2690780758857727,source_11
NVS-PAK1-1,0.7200722694396973,0.23064851760864258,source_11
NVS-PAK1-1,0.7163341045379639,0.25058817863464355,source_11
NVS-PAK1-1,0.7362458109855652,0.4651031494140625,source_11
NVS-PAK1-1,0.7213684320449829,0.2267722487449646,source_11
NVS-PAK1-1,0.7443557381629944,0.2857123017311096,source_11
NVS-PAK1-1,0.7372967004776001,0.2848132848739624,source_11
NVS-PAK1-1,0.7303957343101501,0.2390282154083252,source_11
NVS-PAK1-1,0.7244401574134827,0.24114084243774414,source_11
NVS-PAK1-1,0.7482700943946838,0.24879860877990723,source_11
NVS-PAK1-1,0.7659741044044495,0.2407289743423462,source_11
NVS-PAK1-1,0.7634040117263794,0.22323179244995117,source_11
NVS-PAK1-1,0.6392013430595398,0.39891451597213745,source_11
NVS-PAK1-1,0.6214981079101562,0.24253368377685547,source_11
NVS-PAK1-1,0.6142867803573608,0.23096519708633423,source_11
NVS-PAK1-1,0.6048598885536194,0.20702683925628662,source_11
NVS-PAK1-1,0.5946870446205139,0.25309181213378906,source_11
NVS-PAK1-1,0.5731348991394043,0.24331724643707275,source_11
NVS-PAK1-1,0.6564903855323792,0.26525408029556274,source_11
NVS-PAK1-1,0.628959596157074,0.22223830223083496,source_11
NVS-PAK1-1,0.6249617338180542,0.1936812400817871,source_11
NVS-PAK1-1,0.6230652928352356,0.22784435749053955,source_11
NVS-PAK1-1,0.636570930480957,0.19529736042022705,source_11
NVS-PAK1-1,0.6576693058013916,0.23584789037704468,source_11
NVS-PAK1-1,0.6639955043792725,0.23235952854156494,source_11
NVS-PAK1-1,0.6594400405883789,0.2335221767425537,source_11
NVS-PAK1-1,0.6998178362846375,0.282098650932312,source_11
NVS-PAK1-1,0.6637460589408875,0.26966625452041626,source_11
NVS-PAK1-1,0.6620199084281921,0.2395879030227661,source_11
NVS-PAK1-1,0.6586936116218567,0.28353726863861084,source_11
NVS-PAK1-1,0.6619295477867126,0.2653313875198364,source_11
NVS-PAK1-1,0.6633977293968201,0.25380605459213257,source_11
NVS-PAK1-1,0.6870746612548828,0.2515805959701538,source_11
NVS-PAK1-1,0.694177508354187,0.23576712608337402,source_11
NVS-PAK1-1,0.6930871605873108,0.24547356367111206,source_11
NVS-PAK1-1,0.6741482615470886,0.2209794521331787,source_11
NVS-PAK1-1,0.6444092392921448,0.24942290782928467,source_11
NVS-PAK1-1,0.6320933103561401,0.21985125541687012,source_11
NVS-PAK1-1,0.6423236727714539,0.2679539918899536,source_11
NVS-PAK1-1,0.6602877974510193,0.2359706163406372,source_11
NVS-PAK1-1,0.6700467467308044,0.25482094287872314,source_11
NVS-PAK1-1,0.6791892051696777,0.23972368240356445,source_11
NVS-PAK1-1,0.5837270617485046,0.2202821969985962,source_11
NVS-PAK1-1,0.6296789646148682,0.237573504447937,source_11
NVS-PAK1-1,0.6062349677085876,0.28280210494995117,source_11
NVS-PAK1-1,0.6078348159790039,0.3305950164794922,source_11
NVS-PAK1-1,0.5860455632209778,0.3134593963623047,source_11
NVS-PAK1-1,0.5822856426239014,0.27964556217193604,source_11
NVS-PAK1-1,0.6237034797668457,0.33980244398117065,source_11
NVS-PAK1-1,0.6287588477134705,0.311398983001709,source_11
NVS-PAK1-1,0.6044526100158691,0.2701241970062256,source_11
NVS-PAK1-1,0.5906784534454346,0.30818140506744385,source_11
NVS-PAK1-1,0.5912590622901917,0.26427364349365234,source_11
NVS-PAK1-1,0.5985388159751892,0.2753005027770996,source_11
NVS-PAK1-1,0.607309103012085,0.25895702838897705,source_11
NVS-PAK1-1,0.6163328886032104,0.28922057151794434,source_11
NVS-PAK1-1,0.6199547052383423,0.2747008800506592,source_11
NVS-PAK1-1,0.6142506003379822,0.26709121465682983,source_11
NVS-PAK1-1,0.617939829826355,0.24039316177368164,source_11
NVS-PAK1-1,0.6177982687950134,0.23542439937591553,source_11
NVS-PAK1-1,0.623991072177887,0.2695223093032837,source_11
NVS-PAK1-1,0.620307207107544,0.254585862159729,source_11
NVS-PAK1-1,0.6365894079208374,0.2690519690513611,source_11
NVS-PAK1-1,0.6658560037612915,0.2895945906639099,source_11
NVS-PAK1-1,0.6685888767242432,0.24892288446426392,source_11
NVS-PAK1-1,0.6880010366439819,0.26209568977355957,source_11
NVS-PAK1-1,0.6960781216621399,0.2414950132369995,source_11
NVS-PAK1-1,0.6081535220146179,0.24205917119979858,source_11
NVS-PAK1-1,0.6108137369155884,0.26254379749298096,source_11
NVS-PAK1-1,0.6128284335136414,0.23230254650115967,source_11
NVS-PAK1-1,0.5994865894317627,0.22705543041229248,source_11
NVS-PAK1-1,0.6067666411399841,0.27210187911987305,source_11
NVS-PAK1-1,0.5854618549346924,0.2729889154434204,source_11
NVS-PAK1-1,0.5994867086410522,0.34929072856903076,source_11
NVS-PAK1-1,0.5933526754379272,0.2837381362915039,source_11
NVS-PAK1-1,0.5997709035873413,0.3004070520401001,source_11
NVS-PAK1-1,0.5936220288276672,0.26360398530960083,source_11
NVS-PAK1-1,0.6037037372589111,0.2926027774810791,source_11
NVS-PAK1-1,0.611723780632019,0.24755781888961792,source_11
NVS-PAK1-1,0.629884660243988,0.27508068084716797,source_11
NVS-PAK1-1,0.6359416842460632,0.2835264205932617,source_11
NVS-PAK1-1,1.3072987794876099,0.5108148753643036,source_9
NVS-PAK1-1,1.3121410608291626,0.5078839063644409,source_9
NVS-PAK1-1,1.348684310913086,0.5073844194412231,source_9
NVS-PAK1-1,1.3747519254684448,0.49840593338012695,source_9
NVS-PAK1-1,1.3484938144683838,0.49578750133514404,source_9
NVS-PAK1-1,1.4070252180099487,0.5030596554279327,source_9
NVS-PAK1-1,1.4246435165405273,0.5158693194389343,source_9
NVS-PAK1-1,1.418972373008728,0.47967445850372314,source_9
NVS-PAK1-1,1.4116911888122559,0.5036905109882355,source_9
NVS-PAK1-1,1.4530301094055176,0.5032401382923126,source_9
NVS-PAK1-1,1.3119350671768188,0.44878411293029785,source_9
NVS-PAK1-1,1.0521678924560547,0.4512455463409424,source_9
NVS-PAK1-1,1.0175387859344482,0.45315825939178467,source_9
NVS-PAK1-1,1.0351316928863525,0.44527387619018555,source_9
NVS-PAK1-1,1.035152792930603,0.4412879943847656,source_9
NVS-PAK1-1,1.0162403583526611,0.44969451427459717,source_9
NVS-PAK1-1,0.9600366353988647,0.42260074615478516,source_9
NVS-PAK1-1,0.9614169001579285,0.4343288540840149,source_9
NVS-PAK1-1,1.1199935674667358,0.41463834047317505,source_9
NVS-PAK1-1,1.127833366394043,0.4090679883956909,source_9
NVS-PAK1-1,1.0859726667404175,0.40408027172088623,source_9
NVS-PAK1-1,1.0637474060058594,0.4131503105163574,source_9
NVS-PAK1-1,1.0497697591781616,0.42990195751190186,source_9
NVS-PAK1-1,1.4087159633636475,0.6568682193756104,source_9
NVS-PAK1-1,1.3831603527069092,0.6518366634845734,source_9
NVS-PAK1-1,1.333739161491394,0.6178258955478668,source_9
NVS-PAK1-1,1.0427526235580444,0.4006563425064087,source_9
NVS-PAK1-1,1.0627758502960205,0.4329169988632202,source_9
NVS-PAK1-1,1.0921040773391724,0.4703015685081482,source_9
NVS-PAK1-1,1.1138331890106201,0.40360134840011597,source_9
NVS-PAK1-1,1.0857090950012207,0.4001450538635254,source_9
NVS-PAK1-1,1.0642503499984741,0.3810746669769287,source_9
NVS-PAK1-1,1.0710664987564087,0.40185546875,source_9
NVS-PAK1-1,1.1093686819076538,0.37790602445602417,source_9
NVS-PAK1-1,1.0941929817199707,0.37315237522125244,source_9
NVS-PAK1-1,1.104285717010498,0.3903062343597412,source_9
NVS-PAK1-1,1.0462584495544434,0.37131941318511963,source_9
NVS-PAK1-1,1.330102801322937,0.6126682162284851,source_9
NVS-PAK1-1,1.2644844055175781,0.6010387539863586,source_9
NVS-PAK1-1,1.2643234729766846,0.6153869032859802,source_9
NVS-PAK1-1,1.2366276979446411,0.5946496725082397,source_9
NVS-PAK1-1,1.2272967100143433,0.5810922384262085,source_9
NVS-PAK1-1,1.1495637893676758,0.3868687152862549,source_9
NVS-PAK1-1,1.1872199773788452,0.4251210689544678,source_9
NVS-PAK1-1,1.1767783164978027,0.3871961832046509,source_9
NVS-PAK1-1,1.1884874105453491,0.3962680697441101,source_9
NVS-PAK1-1,1.160212516784668,0.40230071544647217,source_9
NVS-PAK1-1,1.1159241199493408,0.39102357625961304,source_9
NVS-PAK1-1,0.961532711982727,0.464152991771698,source_9
NVS-PAK1-1,1.245252013206482,0.4835990071296692,source_9
NVS-PAK1-1,1.264335036277771,0.48353254795074463,source_9
NVS-PAK1-1,1.3059659004211426,0.48815011978149414,source_9
NVS-PAK1-1,1.256657361984253,0.46053338050842285,source_9
NVS-PAK1-1,1.354046106338501,0.49167323112487793,source_9
NVS-PAK1-1,1.3619858026504517,0.5052182376384735,source_9
NVS-PAK1-1,1.3201069831848145,0.502155601978302,source_9
NVS-PAK1-1,1.138745903968811,0.3535956144332886,source_9
NVS-PAK1-1,1.1239449977874756,0.36210739612579346,source_9
NVS-PAK1-1,1.164457082748413,0.37123745679855347,source_9
NVS-PAK1-1,1.1677212715148926,0.3755028247833252,source_9
NVS-PAK1-1,1.1759124994277954,0.3910173773765564,source_9
NVS-PAK1-1,1.1769452095031738,0.37795478105545044,source_9
NVS-PAK1-1,1.1887598037719727,0.3913494348526001,source_9
NVS-PAK1-1,1.266378402709961,0.35431164503097534,source_9
NVS-PAK1-1,1.1978317499160767,0.4403557777404785,source_9
NVS-PAK1-1,1.2116823196411133,0.41425228118896484,source_9
NVS-PAK1-1,1.1968953609466553,0.39452171325683594,source_9
NVS-PAK1-1,1.1538735628128052,0.39522773027420044,source_9
NVS-PAK1-1,1.2233151197433472,0.44085174798965454,source_9
NVS-PAK1-1,1.2037724256515503,0.4300895929336548,source_9
NVS-PAK1-1,1.2045005559921265,0.43259549140930176,source_9
NVS-PAK1-1,1.550626516342163,0.4448220133781433,source_9
NVS-PAK1-1,1.3251707553863525,0.46235424280166626,source_9
NVS-PAK1-1,0.867683470249176,0.3293653130531311,source_9
NVS-PAK1-1,0.8747799396514893,0.31240713596343994,source_9
NVS-PAK1-1,0.8861604928970337,0.2999032139778137,source_9
NVS-PAK1-1,0.8740310072898865,0.30578476190567017,source_9
NVS-PAK1-1,0.8534346222877502,0.2933635711669922,source_9
NVS-PAK1-1,0.8705681562423706,0.29283833503723145,source_9
NVS-PAK1-1,0.8663101196289062,0.2951638698577881,source_9
NVS-PAK1-1,0.8498462438583374,0.30060088634490967,source_9
NVS-PAK1-1,0.8453109860420227,0.3254063129425049,source_9
NVS-PAK1-1,0.8364151120185852,0.3195974826812744,source_9
NVS-PAK1-1,1.0756402015686035,0.45859795808792114,source_9
NVS-PAK1-1,1.1174017190933228,0.4289020299911499,source_9
NVS-PAK1-1,1.094044804573059,0.43938159942626953,source_9
NVS-PAK1-1,1.0720874071121216,0.4168076515197754,source_9
NVS-PAK1-1,1.0795444250106812,0.41030704975128174,source_9
NVS-PAK1-1,1.0755060911178589,0.4038689136505127,source_9
NVS-PAK1-1,1.0809051990509033,0.4262392520904541,source_9
NVS-PAK1-1,1.2013200521469116,0.42791104316711426,source_9
NVS-PAK1-1,1.1662226915359497,0.4204602837562561,source_9
NVS-PAK1-1,1.1533100605010986,0.4177708625793457,source_9
NVS-PAK1-1,1.330249547958374,0.3967711925506592,source_9
NVS-PAK1-1,1.4611716270446777,0.36519742012023926,source_9
NVS-PAK1-1,1.3955636024475098,0.3455243706703186,source_9
NVS-PAK1-1,1.3215426206588745,0.3837336301803589,source_9
NVS-PAK1-1,1.3277003765106201,0.37662744522094727,source_9
NVS-PAK1-1,1.5293734073638916,0.3567824363708496,source_9
NVS-PAK1-1,0.5638136267662048,0.17704987525939941,source_3
NVS-PAK1-1,0.5748992562294006,0.20514118671417236,source_3
NVS-PAK1-1,0.5993490219116211,0.2081671953201294,source_3
NVS-PAK1-1,0.6068795919418335,0.18438541889190674,source_3
NVS-PAK1-1,0.6510651111602783,0.21688783168792725,source_3
NVS-PAK1-1,0.6421610713005066,0.21578538417816162,source_3
NVS-PAK1-1,0.6472292542457581,0.2285398244857788,source_3
NVS-PAK1-1,0.627417802810669,0.20925474166870117,source_3
NVS-PAK1-1,0.6109505295753479,0.2095317840576172,source_3
NVS-PAK1-1,0.6224256157875061,0.19119876623153687,source_3
NVS-PAK1-1,0.6222532987594604,0.1990795135498047,source_3
NVS-PAK1-1,0.6163987517356873,0.17086350917816162,source_3
NVS-PAK1-1,0.5984443426132202,0.1916818618774414,source_3
NVS-PAK1-1,0.6049248576164246,0.1861172318458557,source_3
NVS-PAK1-1,0.6095687747001648,0.22868585586547852,source_3
NVS-PAK1-1,0.620859682559967,0.18687927722930908,source_3
NVS-PAK1-1,0.6310884356498718,0.18455743789672852,source_3
NVS-PAK1-1,0.586614191532135,0.19805485010147095,source_3
NVS-PAK1-1,0.5615650415420532,0.16954737901687622,source_3
NVS-PAK1-1,0.5954417586326599,0.18910759687423706,source_3
NVS-PAK1-1,0.6397931575775146,0.21403878927230835,source_3
NVS-PAK1-1,0.634217381477356,0.1774032711982727,source_3
NVS-PAK1-1,0.632230818271637,0.21061241626739502,source_3
NVS-PAK1-1,0.7228387594223022,1.115104228258133,source_3
NVS-PAK1-1,0.6149634122848511,0.19449299573898315,source_3
NVS-PAK1-1,0.6209994554519653,0.21395093202590942,source_3
NVS-PAK1-1,0.6292142868041992,0.19265997409820557,source_3
NVS-PAK1-1,0.6406103372573853,0.20788061618804932,source_3
NVS-PAK1-1,0.6272311210632324,0.16545963287353516,source_3
NVS-PAK1-1,0.6531482934951782,0.18415498733520508,source_3
NVS-PAK1-1,0.6092008948326111,0.189969003200531,source_3
NVS-PAK1-1,0.630473792552948,0.1773681640625,source_3
NVS-PAK1-1,0.6339556574821472,0.19728320837020874,source_3
NVS-PAK1-1,0.6483010649681091,0.2071094512939453,source_3
NVS-PAK1-1,0.6481868624687195,0.1971651315689087,source_3
NVS-PAK1-1,0.6582861542701721,0.18713635206222534,source_3
NVS-PAK1-1,0.6404402852058411,0.22821390628814697,source_3
NVS-PAK1-1,0.6199134588241577,0.24660229682922363,source_3
NVS-PAK1-1,0.6361297369003296,0.20999675989151,source_3
NVS-PAK1-1,0.6295416951179504,0.22454220056533813,source_3
NVS-PAK1-1,0.6407245993614197,0.8078726530075073,source_3
NVS-PAK1-1,0.8433385491371155,1.0723818987607956,source_3
NVS-PAK1-1,2.265998363494873,0.9999623205512762,source_3
NVS-PAK1-1,1.0224090814590454,0.23911917209625244,source_15
NVS-PAK1-1,1.0130330324172974,0.22631239891052246,source_15
NVS-PAK1-1,1.013933777809143,0.23366355895996094,source_15
NVS-PAK1-1,0.99753737449646,0.2289988398551941,source_15
NVS-PAK1-1,1.008743166923523,0.24936676025390625,source_15
NVS-PAK1-1,0.999633252620697,0.284013032913208,source_15
NVS-PAK1-1,0.9810957908630371,0.24199259281158447,source_15
NVS-PAK1-1,1.005934238433838,0.9450334310531616,source_15
NVS-PAK1-1,1.0190885066986084,0.9987238803878427,source_15
NVS-PAK1-1,0.9986845850944519,0.2558830976486206,source_15
NVS-PAK1-1,1.0122877359390259,0.24645912647247314,source_15
NVS-PAK1-1,1.01631760597229,0.2763793468475342,source_15
NVS-PAK1-1,1.0140562057495117,0.2634071707725525,source_15
NVS-PAK1-1,1.0000004768371582,0.2490980625152588,source_15
NVS-PAK1-1,0.9836962223052979,0.2832907438278198,source_15
NVS-PAK1-1,0.9632105231285095,0.26686954498291016,source_15
NVS-PAK1-1,0.9708866477012634,0.2242441177368164,source_15
NVS-PAK1-1,0.9908077120780945,0.2148863673210144,source_15
NVS-PAK1-1,1.0032525062561035,0.2420508861541748,source_15
NVS-PAK1-1,0.9612215161323547,0.22136664390563965,source_15
NVS-PAK1-1,0.9871081709861755,0.21961873769760132,source_15
NVS-PAK1-1,0.968478798866272,0.22086459398269653,source_15
NVS-PAK1-1,0.9719699025154114,0.2293318510055542,source_15
NVS-PAK1-1,0.9450015425682068,0.23139631748199463,source_15
NVS-PAK1-1,0.9707340598106384,0.2265823483467102,source_15
NVS-PAK1-1,0.9552086591720581,0.2403324842453003,source_15
NVS-PAK1-1,0.9497371912002563,0.2683957815170288,source_15
NVS-PAK1-1,0.9362878799438477,0.24383163452148438,source_15
NVS-PAK1-1,0.9674478769302368,0.25151556730270386,source_15
NVS-PAK1-1,0.9734851717948914,0.2665743827819824,source_15
NVS-PAK1-1,1.5749577283859253,0.3434942960739136,source_15
NVS-PAK1-1,1.7570830583572388,0.4087710380554199,source_15
NVS-PAK1-1,1.717093825340271,0.3276926875114441,source_15
NVS-PAK1-1,1.600181221961975,0.3318178653717041,source_15
NVS-PAK1-1,1.5460113286972046,0.31714725494384766,source_15
NVS-PAK1-1,1.487447738647461,0.34230268001556396,source_15
NVS-PAK1-1,1.5201447010040283,0.3364218473434448,source_15
NVS-PAK1-1,1.4563734531402588,0.3319525122642517,source_15
NVS-PAK1-1,1.4531662464141846,0.31024169921875,source_15
NVS-PAK1-1,1.4319326877593994,0.2808930277824402,source_15
NVS-PAK1-1,1.4064453840255737,0.2830965518951416,source_15
NVS-PAK1-1,1.3889410495758057,0.2838609218597412,source_15
NVS-PAK1-1,1.4265897274017334,0.3036123514175415,source_15
NVS-PAK1-1,1.3520561456680298,0.28312909603118896,source_15
NVS-PAK1-1,1.3075355291366577,0.259011447429657,source_15
NVS-PAK1-1,1.287063717842102,0.2564457058906555,source_15
NVS-PAK1-1,1.3109468221664429,0.26859331130981445,source_15
NVS-PAK1-1,1.3116960525512695,0.2623671889305115,source_15
NVS-PAK1-1,1.2968109846115112,0.3367313742637634,source_15
NVS-PAK1-1,1.3189669847488403,0.37554341554641724,source_15
NVS-PAK1-1,1.3557794094085693,0.3239549398422241,source_15
NVS-PAK1-1,1.349768877029419,0.3218425512313843,source_15
NVS-PAK1-1,1.2327172756195068,0.29956257343292236,source_15
NVS-PAK1-1,1.2552893161773682,0.3389943838119507,source_15
NVS-PAK1-1,1.2288994789123535,0.2356739044189453,source_15
NVS-PAK1-1,1.256510853767395,0.24375098943710327,source_15
NVS-PAK1-1,1.2012132406234741,0.25271177291870117,source_15
NVS-PAK1-1,1.2512092590332031,0.29540127515792847,source_15
NVS-PAK1-1,0.9726229310035706,0.21128708124160767,source_15
NVS-PAK1-1,0.9789671897888184,0.19777929782867432,source_15
NVS-PAK1-1,0.9715533256530762,0.20842969417572021,source_15
NVS-PAK1-1,1.0045086145401,0.24786311388015747,source_15
NVS-PAK1-1,1.0155137777328491,0.23340803384780884,source_15
NVS-PAK1-1,1.0129822492599487,1.1080026477575302,source_15
NVS-PAK1-1,1.2404969930648804,0.2766352891921997,source_15
NVS-PAK1-1,1.1508779525756836,0.2337304949760437,source_15
NVS-PAK1-1,1.137974739074707,0.31710219383239746,source_15
NVS-PAK1-1,1.1457581520080566,0.31432831287384033,source_15
NVS-PAK1-1,1.239436149597168,0.2828632593154907,source_15
NVS-PAK1-1,1.1187489032745361,0.20284831523895264,source_15
NVS-PAK1-1,1.255850911140442,0.28544312715530396,source_15
NVS-PAK1-1,1.3250095844268799,0.32114917039871216,source_15
NVS-PAK1-1,0.9647864699363708,0.2664775252342224,source_15
NVS-PAK1-1,1.1179115772247314,0.2745440602302551,source_15
NVS-PAK1-1,1.1836652755737305,0.3130999803543091,source_15
NVS-PAK1-1,1.1726138591766357,0.3320653438568115,source_15
NVS-PAK1-1,0.9842622876167297,0.3063966631889343,source_15
NVS-PAK1-1,0.9625005722045898,0.25678038597106934,source_15
NVS-PAK1-1,0.9621437191963196,0.27193617820739746,source_15
NVS-PAK1-1,0.9484245777130127,0.2773357629776001,source_15
NVS-PAK1-1,0.9449869990348816,0.2628598213195801,source_15
NVS-PAK1-1,1.2592051029205322,0.34355759620666504,source_15
NVS-PAK1-1,1.277018427848816,0.3212926387786865,source_15
NVS-PAK1-1,1.2543630599975586,0.3197704553604126,source_15
NVS-PAK1-1,1.2508695125579834,0.35511505603790283,source_15
NVS-PAK1-1,1.236382007598877,0.37029629945755005,source_15
NVS-PAK1-1,1.2718323469161987,0.34138166904449463,source_15
NVS-PAK1-1,1.2543238401412964,0.3630852699279785,source_15
NVS-PAK1-1,1.25525963306427,0.31967663764953613,source_15
NVS-PAK1-1,1.244489073753357,0.2982943058013916,source_15
NVS-PAK1-1,0.9095419645309448,0.2821881175041199,source_15
NVS-PAK1-1,0.910750687122345,0.279893159866333,source_15
NVS-PAK1-1,0.9722983241081238,0.3067493438720703,source_15
NVS-PAK1-1,0.9951710104942322,0.3370213508605957,source_15
NVS-PAK1-1,0.9980770945549011,0.33533406257629395,source_15
NVS-PAK1-1,1.0111883878707886,0.3261256217956543,source_15
NVS-PAK1-1,1.0104434490203857,0.376007616519928,source_15
NVS-PAK1-1,1.010553002357483,0.3301284909248352,source_15
NVS-PAK1-1,1.0033190250396729,0.3895162343978882,source_15
NVS-PAK1-1,1.0267781019210815,0.3397366404533386,source_15
NVS-PAK1-1,1.0475424528121948,0.32264840602874756,source_15
NVS-PAK1-1,1.043564796447754,0.30534374713897705,source_15
NVS-PAK1-1,1.049211859703064,0.30589842796325684,source_15
NVS-PAK1-1,1.0301547050476074,0.33268654346466064,source_15
NVS-PAK1-1,1.0177428722381592,0.2902953624725342,source_15
NVS-PAK1-1,1.0314322710037231,0.2938719391822815,source_15
NVS-PAK1-1,1.0235172510147095,0.30575692653656006,source_15
NVS-PAK1-1,1.0169967412948608,0.3140528202056885,source_15
NVS-PAK1-1,1.009968638420105,0.3095276355743408,source_15
NVS-PAK1-1,1.0298712253570557,0.36153846979141235,source_15
NVS-PAK1-1,1.056311011314392,0.3301891088485718,source_15
NVS-PAK1-1,1.0399996042251587,0.3470267057418823,source_15
NVS-PAK1-1,1.0362403392791748,0.34386706352233887,source_15
NVS-PAK1-1,1.0203012228012085,0.3520612120628357,source_15
NVS-PAK1-1,1.0146422386169434,0.3476792573928833,source_15
NVS-PAK1-1,1.0267856121063232,0.31270575523376465,source_15
NVS-PAK1-1,1.0058927536010742,0.29661011695861816,source_15
NVS-PAK1-1,1.0650709867477417,0.33295077085494995,source_15
NVS-PAK1-1,1.0602937936782837,0.3492637872695923,source_15
NVS-PAK1-1,1.0600076913833618,0.362168550491333,source_15
NVS-PAK1-1,0.9856053590774536,0.3192431926727295,source_15
NVS-PAK1-1,1.0288923978805542,0.3357880115509033,source_15
NVS-PAK1-1,1.0203713178634644,0.35977399349212646,source_15
NVS-PAK1-1,1.053465485572815,0.4009789228439331,source_15
NVS-PAK1-1,0.920109748840332,0.5584918260574341,source_15
NVS-PAK1-1,0.9884553551673889,0.4645683765411377,source_15
NVS-PAK1-1,0.9792335629463196,0.45038217306137085,source_15
NVS-PAK1-1,0.9211306571960449,0.4597126841545105,source_15
NVS-PAK1-1,0.9317896962165833,0.410768985748291,source_15
NVS-PAK1-1,0.8990591168403625,0.42398643493652344,source_15
NVS-PAK1-1,0.9192075729370117,0.47575002908706665,source_15
NVS-PAK1-1,0.941734254360199,0.3504908084869385,source_15
NVS-PAK1-1,0.906723141670227,0.40299487113952637,source_15
NVS-PAK1-1,0.9581092596054077,0.32980990409851074,source_15
NVS-PAK1-1,1.031287670135498,0.29491734504699707,source_15
NVS-PAK1-1,0.9677035808563232,0.34339332580566406,source_15
NVS-PAK1-1,0.9523977637290955,0.5857808589935303,source_15
NVS-PAK1-1,1.0218837261199951,0.38684213161468506,source_15
NVS-PAK1-1,1.0658077001571655,0.42506349086761475,source_15
NVS-PAK1-1,1.0469592809677124,0.39012062549591064,source_15
NVS-PAK1-1,1.0520001649856567,0.7542749345302582,source_15
NVS-PAK1-1,1.0590115785598755,0.4054345488548279,source_15
NVS-PAK1-1,1.0200605392456055,0.33454227447509766,source_15
NVS-PAK1-1,1.0301812887191772,0.3773413896560669,source_15
NVS-PAK1-1,0.9072862267494202,0.3009646534919739,source_15
NVS-PAK1-1,0.9372161030769348,0.32706665992736816,source_15
NVS-PAK1-1,0.5948193669319153,0.17098981142044067,source_3
NVS-PAK1-1,0.5824570059776306,0.19648253917694092,source_3
NVS-PAK1-1,0.5879406332969666,0.26882296800613403,source_3
NVS-PAK1-1,0.57337486743927,0.14518511295318604,source_3
NVS-PAK1-1,0.7586053609848022,0.2120150923728943,source_3
NVS-PAK1-1,0.5569820404052734,0.16943144798278809,source_3
NVS-PAK1-1,0.5760741233825684,0.16567456722259521,source_3
NVS-PAK1-1,0.5249798893928528,0.1829981803894043,source_3
NVS-PAK1-1,0.5986803770065308,0.18398046493530273,source_3
NVS-PAK1-1,0.6190364360809326,0.1948857307434082,source_3
NVS-PAK1-1,0.623282253742218,0.1864227056503296,source_3
NVS-PAK1-1,0.6223523616790771,0.19196128845214844,source_3
NVS-PAK1-1,0.5637431740760803,0.2494518756866455,source_3
NVS-PAK1-1,0.5877677202224731,0.2374095916748047,source_3
NVS-PAK1-1,0.5881014466285706,0.23272770643234253,source_3
NVS-PAK1-1,0.5857774019241333,0.2050837278366089,source_3
NVS-PAK1-1,0.5478916168212891,0.19244760274887085,source_3
NVS-PAK1-1,0.622915506362915,0.21889394521713257,source_3
NVS-PAK1-1,0.5292037725448608,0.15791022777557373,source_3
NVS-PAK1-1,0.5375195145606995,0.25002288818359375,source_3
NVS-PAK1-1,0.6648093461990356,0.24660837650299072,source_3
NVS-PAK1-1,0.5471058487892151,0.1764216423034668,source_3
NVS-PAK1-1,0.5920587778091431,0.16688048839569092,source_3
NVS-PAK1-1,0.574116051197052,0.1708681583404541,source_3
NVS-PAK1-1,0.6373608708381653,0.2410128116607666,source_3
NVS-PAK1-1,0.5740023255348206,0.20815128087997437,source_3
NVS-PAK1-1,0.5824000239372253,0.2317778468132019,source_3
NVS-PAK1-1,0.5773681402206421,0.25412142276763916,source_3
NVS-PAK1-1,0.5909578204154968,0.23086637258529663,source_3
NVS-PAK1-1,0.599174439907074,0.1901465654373169,source_3
NVS-PAK1-1,0.6018074154853821,0.20335829257965088,source_3
NVS-PAK1-1,0.5971568822860718,0.20918583869934082,source_3
NVS-PAK1-1,0.5926021337509155,0.20124846696853638,source_3
NVS-PAK1-1,0.6324806213378906,0.18481218814849854,source_3
NVS-PAK1-1,0.6498435735702515,0.19809186458587646,source_3
NVS-PAK1-1,0.6511631608009338,0.18061399459838867,source_3
NVS-PAK1-1,1.2158666849136353,0.31851518154144287,source_1
NVS-PAK1-1,1.4573760032653809,0.7945493161678314,source_1
NVS-PAK1-1,1.0313482284545898,0.28051769733428955,source_1
NVS-PAK1-1,0.9583494663238525,0.28345340490341187,source_1
NVS-PAK1-1,1.1127898693084717,0.29038798809051514,source_1
NVS-PAK1-1,1.105958104133606,0.5134298503398895,source_1
NVS-PAK1-1,1.1475428342819214,0.4819777011871338,source_1
NVS-PAK1-1,1.0957715511322021,0.4501539468765259,source_1
NVS-PAK1-1,1.4428616762161255,0.5112361311912537,source_1
NVS-PAK1-1,1.465000867843628,0.5363620519638062,source_1
NVS-PAK1-1,1.3838093280792236,0.534093588590622,source_1
NVS-PAK1-1,1.501639485359192,0.5145368278026581,source_1
NVS-PAK1-1,1.4902454614639282,0.5314676761627197,source_1
NVS-PAK1-1,1.5038257837295532,0.547343373298645,source_1
NVS-PAK1-1,1.4735769033432007,0.5160214900970459,source_1
NVS-PAK1-1,1.379946231842041,0.525518149137497,source_1
NVS-PAK1-1,3.189445734024048,0.8881237655878067,source_1
NVS-PAK1-1,1.5403259992599487,0.49951279163360596,source_1
NVS-PAK1-1,1.0443648099899292,0.32665663957595825,source_1
NVS-PAK1-1,1.0405616760253906,0.3446207642555237,source_1
NVS-PAK1-1,1.069350242614746,0.3436053991317749,source_1
NVS-PAK1-1,1.2654722929000854,0.42067164182662964,source_1
NVS-PAK1-1,1.3089591264724731,0.4050034284591675,source_1
NVS-PAK1-1,0.9940695762634277,0.32815027236938477,source_1
NVS-PAK1-1,0.9591876268386841,0.32130247354507446,source_1
NVS-PAK1-1,1.002697229385376,0.3643456697463989,source_1
NVS-PAK1-1,1.0486360788345337,0.3330079913139343,source_1
NVS-PAK1-1,1.1739920377731323,0.3484530448913574,source_1
NVS-PAK1-1,1.0339958667755127,0.24447107315063477,source_1
NVS-PAK1-1,1.2362374067306519,0.40084385871887207,source_1
NVS-PAK1-1,1.222861647605896,0.41269659996032715,source_1
NVS-PAK1-1,1.2100468873977661,0.41017258167266846,source_1
NVS-PAK1-1,1.2419575452804565,0.42269015312194824,source_1
NVS-PAK1-1,1.2842003107070923,0.42758095264434814,source_1
NVS-PAK1-1,1.4062556028366089,0.39197838306427,source_1
NVS-PAK1-1,1.750292420387268,0.5814831852912903,source_1
NVS-PAK1-1,1.306849479675293,0.34708893299102783,source_1
NVS-PAK1-1,1.1391727924346924,0.37985724210739136,source_1
NVS-PAK1-1,1.1715625524520874,0.4497736692428589,source_1
NVS-PAK1-1,1.1517963409423828,0.4538980722427368,source_1
NVS-PAK1-1,1.7399686574935913,0.4545589089393616,source_1
NVS-PAK1-1,1.0184811353683472,0.2311108112335205,source_1
NVS-PAK1-1,1.0987828969955444,0.24355554580688477,source_1
NVS-PAK1-1,1.0525791645050049,0.28422439098358154,source_1
NVS-PAK1-1,1.046615719795227,0.25839006900787354,source_1
NVS-PAK1-1,0.8354742527008057,0.2349299192428589,source_1
NVS-PAK1-1,1.2332355976104736,0.2973144054412842,source_1
NVS-PAK1-1,1.2572070360183716,0.3218402862548828,source_1
NVS-PAK1-1,1.3197033405303955,0.30093908309936523,source_1
NVS-PAK1-1,1.2271136045455933,0.3016139268875122,source_1
NVS-PAK1-1,1.2463610172271729,0.2893509864807129,source_1
quinidine,1.0305931568145752,0.5475172996520996,source_2
quinidine,1.0316288471221924,0.42093098163604736,source_2
quinidine,1.038230061531067,0.41469430923461914,source_2
quinidine,1.05032217502594,0.4352952837944031,source_2
quinidine,1.1830042600631714,0.6894806027412415,source_2
quinidine,1.0762486457824707,0.3928697109222412,source_2
quinidine,0.9796935319900513,0.4770545959472656,source_2
quinidine,0.9717709422111511,0.5324205458164215,source_2
quinidine,1.00404953956604,0.6581819653511047,source_2
quinidine,0.9787495732307434,0.6427754163742065,source_2
quinidine,0.9758021831512451,0.6708967089653015,source_2
quinidine,0.9728068113327026,0.5458588600158691,source_2
quinidine,1.009095311164856,0.6017560064792633,source_2
quinidine,1.024733066558838,0.5938295125961304,source_2
quinidine,1.9336682558059692,0.7160771787166595,source_2
quinidine,1.9699431657791138,0.864668220281601,source_2
quinidine,1.992943525314331,0.7560189664363861,source_2
quinidine,1.885191559791565,0.787149041891098,source_2
quinidine,1.8514950275421143,0.6454092860221863,source_2
quinidine,1.8711854219436646,0.7515184879302979,source_2
quinidine,1.9614861011505127,0.8169432431459427,source_2
quinidine,1.9579455852508545,0.8022490441799164,source_2
quinidine,2.046285629272461,0.8740583211183548,source_2
quinidine,1.873935341835022,0.7917713224887848,source_2
quinidine,1.8917497396469116,0.7280287146568298,source_2
quinidine,1.8942205905914307,0.8199527859687805,source_2
quinidine,1.8452379703521729,0.9491137526929379,source_2
quinidine,1.8741562366485596,0.7501857876777649,source_2
quinidine,1.8830540180206299,0.7910666018724442,source_2
quinidine,1.9647119045257568,0.8865175098180771,source_2
quinidine,1.958827018737793,0.8509050607681274,source_2
quinidine,1.1010894775390625,0.7740983068943024,source_2
quinidine,1.099949836730957,0.6602855920791626,source_2
quinidine,1.1111040115356445,0.6773354411125183,source_2
quinidine,1.0937632322311401,0.744459331035614,source_2
quinidine,1.1033638715744019,0.7721221894025803,source_2
quinidine,1.1076698303222656,0.7080952525138855,source_2
quinidine,1.1078948974609375,0.7395863831043243,source_2
quinidine,1.1095927953720093,0.7969951182603836,source_2
quinidine,1.1014865636825562,0.7411588430404663,source_2
quinidine,1.1065266132354736,0.6456835269927979,source_2
quinidine,1.1146103143692017,0.7163486480712891,source_2
quinidine,1.1131936311721802,0.7465902864933014,source_2
quinidine,1.1149033308029175,0.5648211240768433,source_2
quinidine,1.1234982013702393,0.7716179639101028,source_2
quinidine,1.1243171691894531,0.7946553230285645,source_2
quinidine,1.1180320978164673,0.7519550323486328,source_2
quinidine,1.1285600662231445,0.6899110078811646,source_2
quinidine,1.1276271343231201,0.7764335572719574,source_2
quinidine,1.1380565166473389,0.7285522222518921,source_2
quinidine,1.1624988317489624,0.787876695394516,source_2
quinidine,1.041762113571167,0.5938780605792999,source_2
quinidine,1.0511369705200195,0.6143319606781006,source_2
quinidine,1.0634430646896362,0.5906426906585693,source_2
quinidine,1.0557583570480347,0.5879324078559875,source_2
quinidine,1.0619159936904907,0.46410346031188965,source_2
quinidine,1.0654977560043335,0.5451752543449402,source_2
quinidine,1.0605775117874146,0.5257366895675659,source_2
quinidine,1.0592325925827026,0.7058261632919312,source_2
quinidine,1.0721867084503174,0.43489503860473633,source_2
quinidine,1.0930922031402588,0.7084083557128906,source_2
quinidine,1.0612552165985107,0.5302841067314148,source_2
quinidine,1.0848692655563354,0.6746947169303894,source_2
quinidine,1.0708552598953247,0.5887269377708435,source_2
quinidine,1.0633842945098877,0.698319286108017,source_2
quinidine,1.0896159410476685,0.6389067471027374,source_2
quinidine,1.1359928846359253,0.521131306886673,source_2
quinidine,1.127510905265808,0.5842775702476501,source_2
quinidine,1.0436123609542847,0.6117740869522095,source_2
quinidine,1.0313382148742676,0.772672489285469,source_2
quinidine,1.042995810508728,0.7308847010135651,source_2
quinidine,1.0016454458236694,0.7562501132488251,source_2
quinidine,0.9713514447212219,0.7205699980258942,source_2
quinidine,1.0332368612289429,0.7443126440048218,source_2
quinidine,1.0844674110412598,0.7959318906068802,source_2
quinidine,1.0569671392440796,0.5922332108020782,source_2
quinidine,1.0140291452407837,0.7039965391159058,source_2
quinidine,1.073196530342102,0.6531761288642883,source_2
quinidine,1.0409797430038452,0.6994779706001282,source_2
quinidine,1.080599308013916,0.733902633190155,source_2
quinidine,1.2290669679641724,0.6195663809776306,source_2
quinidine,1.2232766151428223,0.6949443221092224,source_2
quinidine,1.2890727519989014,0.6981390416622162,source_2
quinidine,1.1846356391906738,0.7433485984802246,source_2
quinidine,1.1599687337875366,0.8350284546613693,source_2
quinidine,2.727022647857666,0.7748163342475891,source_2
quinidine,2.882880449295044,0.6954781413078308,source_2
quinidine,2.723323345184326,0.900483027100563,source_2
quinidine,2.6994519233703613,0.7150749564170837,source_2
quinidine,1.1123573780059814,0.7281267046928406,source_2
quinidine,1.1239899396896362,0.6091663241386414,source_2
quinidine,1.0998737812042236,0.5539900362491608,source_2
quinidine,1.097739338874817,0.5943262875080109,source_2
quinidine,1.1444138288497925,0.6145305633544922,source_2
quinidine,1.1060454845428467,0.502106249332428,source_2
quinidine,1.1881412267684937,0.5457966029644012,source_2
quinidine,1.1628673076629639,0.5327362418174744,source_2
quinidine,1.1502139568328857,0.5280572175979614,source_2
quinidine,1.1317996978759766,0.6123275756835938,source_2
quinidine,1.1670174598693848,0.7003601789474487,source_2
quinidine,1.1502571105957031,0.7857840955257416,source_2
quinidine,1.1756632328033447,0.6743759214878082,source_2
quinidine,1.1537288427352905,0.5031169056892395,source_2
quinidine,1.248084306716919,0.6875329911708832,source_2
quinidine,1.249279260635376,0.5372662544250488,source_2
quinidine,1.2126343250274658,0.5762212872505188,source_2
quinidine,1.1965014934539795,0.6558409631252289,source_2
quinidine,1.223354697227478,0.5798571407794952,source_2
quinidine,1.219850778579712,0.5715422928333282,source_2
quinidine,1.2364460229873657,0.6897493004798889,source_2
quinidine,1.303392767906189,0.7639052867889404,source_2
quinidine,1.2764787673950195,0.7098771035671234,source_2
quinidine,1.2343688011169434,0.5698745548725128,source_2
quinidine,1.219467043876648,0.6776875853538513,source_2
quinidine,1.2042635679244995,0.631157398223877,source_2
quinidine,1.2170161008834839,0.5695921182632446,source_2
quinidine,1.201846718788147,0.5658766031265259,source_2
quinidine,1.2022920846939087,0.7034145891666412,source_2
quinidine,1.1700459718704224,0.5913825035095215,source_2
quinidine,1.2116317749023438,0.601044237613678,source_2
quinidine,1.1902482509613037,0.7834534645080566,source_2
quinidine,1.1537145376205444,0.6116975843906403,source_2
quinidine,1.0969194173812866,0.4869834780693054,source_2
quinidine,1.1228225231170654,0.6213276386260986,source_2
quinidine,1.2462009191513062,0.5729943513870239,source_2
quinidine,1.2193827629089355,0.6474130749702454,source_2
quinidine,1.235282301902771,0.7101065814495087,source_2
quinidine,1.2313328981399536,0.6378441452980042,source_2
quinidine,1.1953941583633423,0.428496778011322,source_2
quinidine,1.2298719882965088,0.8471872508525848,source_2
quinidine,1.1786644458770752,0.49097585678100586,source_2
quinidine,1.2261714935302734,0.686148464679718,source_2
quinidine,1.2534304857254028,0.8582852929830551,source_2
quinidine,1.2292985916137695,0.7118494808673859,source_2
quinidine,1.2091525793075562,0.5470908582210541,source_2
quinidine,1.04007089138031,0.7773687392473221,source_2
quinidine,0.9790961742401123,0.49280112981796265,source_2
quinidine,0.9779314398765564,0.49007701873779297,source_2
quinidine,0.9812828898429871,0.6572549641132355,source_2
quinidine,0.9722282290458679,0.5776263773441315,source_2
quinidine,0.9037846326828003,0.5257524847984314,source_2
quinidine,0.947555422782898,0.7601295858621597,source_2
quinidine,0.9721398949623108,0.6171086430549622,source_2
quinidine,0.948245108127594,0.4359928369522095,source_2
quinidine,0.9389373660087585,0.6079921126365662,source_2
quinidine,0.928533673286438,0.5363687872886658,source_2
quinidine,0.9201298356056213,0.5730922222137451,source_2
quinidine,0.9229199290275574,0.6097042560577393,source_2
quinidine,0.9138315320014954,0.6249810457229614,source_2
quinidine,0.9400967955589294,0.580621063709259,source_2
quinidine,0.9202777743339539,0.5798674821853638,source_2
quinidine,0.9278185963630676,0.6393201351165771,source_2
quinidine,0.9211828708648682,0.5948062539100647,source_2
quinidine,0.9195734858512878,0.55571648478508,source_2
quinidine,0.8939695358276367,0.5912385582923889,source_2
quinidine,1.025093913078308,0.48014354705810547,source_2
quinidine,0.918601393699646,0.4973530173301697,source_2
quinidine,0.9076372981071472,0.7163839042186737,source_2
quinidine,0.9185219407081604,0.5119363963603973,source_2
quinidine,0.9165230393409729,0.6965577900409698,source_2
quinidine,0.9186311960220337,0.5726414918899536,source_2
quinidine,0.9273250699043274,0.48809003829956055,source_2
quinidine,0.927374005317688,0.5873681306838989,source_2
quinidine,0.9208568930625916,0.757347509264946,source_2
quinidine,0.930061399936676,0.6573955714702606,source_2
quinidine,0.9566289782524109,0.6637259125709534,source_2
quinidine,0.9474840760231018,0.5611997246742249,source_2
quinidine,0.9394665360450745,0.7213583588600159,source_2
quinidine,0.9632516503334045,0.7298990786075592,source_2
quinidine,0.9567491412162781,0.6509722471237183,source_2
quinidine,0.9676685929298401,0.6925312876701355,source_2
quinidine,0.9646694660186768,0.5340386927127838,source_2
quinidine,0.8896378874778748,0.4789068102836609,source_2
quinidine,0.8845226168632507,0.4797220230102539,source_2
quinidine,0.8734164834022522,0.5949254035949707,source_2
quinidine,0.890309751033783,0.4596456289291382,source_2
quinidine,0.8913121819496155,0.478665828704834,source_2
quinidine,0.8931504487991333,0.4652315378189087,source_2
quinidine,0.8850570917129517,0.5000408589839935,source_2
quinidine,0.9061081409454346,0.4658985137939453,source_2
quinidine,0.9044787883758545,0.47116464376449585,source_2
quinidine,0.9154572486877441,0.6220510005950928,source_2
quinidine,0.9244836568832397,0.5526749491691589,source_2
quinidine,0.9249939918518066,0.7309705317020416,source_2
quinidine,0.9359138607978821,0.4767691493034363,source_2
quinidine,0.9351152181625366,0.4408683776855469,source_2
quinidine,0.9385316371917725,0.4434182643890381,source_2
quinidine,0.9472618103027344,0.4916684627532959,source_2
quinidine,0.9951973557472229,0.5947614312171936,source_2
quinidine,0.9829486608505249,0.6195655465126038,source_2
quinidine,0.9860420227050781,0.5519010424613953,source_2
quinidine,0.9914345741271973,0.5717930197715759,source_2
quinidine,1.0196418762207031,0.5088220238685608,source_2
quinidine,1.0343098640441895,0.5373591780662537,source_2
quinidine,1.044756293296814,0.5350880324840546,source_2
quinidine,1.0171494483947754,0.6119675934314728,source_2
quinidine,1.0302977561950684,0.4201033115386963,source_2
quinidine,1.0325887203216553,0.47202008962631226,source_2
quinidine,1.0321006774902344,0.641297459602356,source_2
quinidine,1.1941498517990112,0.6583563983440399,source_2
quinidine,1.06875741481781,0.5146268606185913,source_2
quinidine,1.06747305393219,0.5858356952667236,source_2
quinidine,1.0756549835205078,0.4455224871635437,source_2
quinidine,1.09194016456604,0.5232113599777222,source_2
quinidine,1.0921874046325684,0.6540558338165283,source_2
quinidine,1.0823276042938232,0.49609166383743286,source_2
quinidine,1.1047136783599854,0.5401055216789246,source_2
quinidine,1.1275585889816284,0.6848190426826477,source_2
quinidine,0.9875828623771667,0.45692044496536255,source_6
quinidine,0.9690775871276855,0.4791609048843384,source_6
quinidine,0.9294679164886475,0.4758984446525574,source_6
quinidine,0.9307568669319153,0.5465732216835022,source_6
quinidine,0.9414159655570984,0.5013837218284607,source_6
quinidine,0.9321046471595764,0.5984163880348206,source_6
quinidine,0.9419704079627991,0.45317214727401733,source_6
quinidine,0.9310316443443298,0.5710035264492035,source_6
quinidine,0.9710522890090942,0.5379979014396667,source_6
quinidine,0.9549092650413513,0.46883082389831543,source_6
quinidine,0.9320846796035767,0.5229857861995697,source_6
quinidine,0.910632312297821,0.4471305012702942,source_6
quinidine,0.9261836409568787,0.7056506276130676,source_6
quinidine,0.913024365901947,0.4092513918876648,source_6
quinidine,0.9303575158119202,0.4520760774612427,source_6
quinidine,0.9747910499572754,0.3360974192619324,source_6
quinidine,0.8845386505126953,0.7904842048883438,source_6
quinidine,0.8792388439178467,0.713214099407196,source_6
quinidine,0.8884406089782715,0.6754117608070374,source_6
quinidine,0.8913818597793579,0.6618567109107971,source_6
quinidine,0.8768104910850525,0.712765634059906,source_6
quinidine,0.9077911376953125,0.6483997106552124,source_6
quinidine,0.9072461128234863,0.6646782159805298,source_6
quinidine,0.8777554035186768,0.6517819464206696,source_6
quinidine,0.8615472912788391,0.6687064170837402,source_6
quinidine,0.8604143261909485,0.47036218643188477,source_6
quinidine,0.8678549528121948,0.5216630101203918,source_6
quinidine,0.8733618855476379,0.7613060176372528,source_6
quinidine,0.8917244076728821,0.6381152272224426,source_6
quinidine,0.8867327570915222,0.5607233047485352,source_6
quinidine,0.8968932628631592,0.5685235857963562,source_6
quinidine,0.8910518288612366,0.5083115994930267,source_6
quinidine,0.8888673186302185,0.4562501311302185,source_6
quinidine,0.883137583732605,0.62192702293396,source_6
quinidine,0.8801957964897156,0.5523850321769714,source_6
quinidine,0.8963082432746887,0.5277941524982452,source_6
quinidine,0.9335282444953918,0.5924638509750366,source_6
quinidine,0.9100169539451599,0.8611481189727783,source_6
quinidine,0.927730143070221,0.6709108650684357,source_6
quinidine,0.914759635925293,0.6867299973964691,source_6
quinidine,0.9314994215965271,0.5068245530128479,source_6
quinidine,0.9382925629615784,0.6967014968395233,source_6
quinidine,0.9431030750274658,0.47783076763153076,source_6
quinidine,0.9557077884674072,0.8786877393722534,source_6
quinidine,0.9156282544136047,0.43919897079467773,source_6
quinidine,0.8833410143852234,0.46706604957580566,source_6
quinidine,0.892914354801178,0.4181097149848938,source_6
quinidine,0.8816642761230469,0.707811564207077,source_6
quinidine,0.9018277525901794,0.5537810325622559,source_6
quinidine,0.9080389738082886,0.41334986686706543,source_6
quinidine,0.9194785952568054,0.5282520949840546,source_6
quinidine,0.8955592513084412,0.5379942655563354,source_6
quinidine,0.8845133185386658,0.6138851642608643,source_6
quinidine,0.8615077137947083,0.5094320774078369,source_6
quinidine,0.8652416467666626,0.5263586044311523,source_6
quinidine,0.8873893618583679,0.5129034519195557,source_6
quinidine,0.9449164271354675,0.4620835781097412,source_6
quinidine,0.9309121966362,0.5665638446807861,source_6
quinidine,0.9293908476829529,0.5647530853748322,source_6
quinidine,0.94234299659729,0.5272023975849152,source_6
quinidine,0.9424647092819214,0.7292034327983856,source_6
quinidine,0.9386748671531677,0.6065301299095154,source_6
quinidine,0.9536768794059753,0.5574104189872742,source_6
quinidine,0.9141986966133118,0.5979371666908264,source_6
quinidine,0.8933819532394409,0.8539507389068604,source_6
quinidine,0.9176583290100098,0.5769826769828796,source_6
quinidine,0.9047401547431946,0.5905931890010834,source_6
quinidine,0.9068616032600403,0.5000005960464478,source_6
quinidine,0.9210564494132996,0.5152119994163513,source_6
quinidine,0.9211028218269348,0.8968458324670792,source_6
quinidine,0.921805202960968,0.6385294497013092,source_6
quinidine,0.9775531888008118,0.7510816752910614,source_6
quinidine,0.9664843678474426,0.6115028262138367,source_6
quinidine,0.9037936925888062,0.6069748997688293,source_6
quinidine,0.9099990725517273,0.5572533905506134,source_6
quinidine,0.9328910708427429,0.6669741272926331,source_6
quinidine,0.9171048998832703,0.4575243592262268,source_6
quinidine,0.9217126369476318,0.6006079912185669,source_6
quinidine,0.9366518259048462,0.6338210105895996,source_6
quinidine,0.9153289198875427,0.5623122453689575,source_6
quinidine,0.9125669598579407,0.6412932872772217,source_6
quinidine,0.9071902632713318,0.5422273278236389,source_6
quinidine,0.919581413269043,0.5349399447441101,source_6
quinidine,0.9236836433410645,0.577890008687973,source_6
quinidine,0.9116888046264648,0.5150198936462402,source_6
quinidine,0.9003638625144958,0.6111025214195251,source_6
quinidine,0.9289759993553162,0.6578924059867859,source_6
quinidine,0.9521116614341736,0.5341672301292419,source_6
quinidine,0.9204267263412476,0.6061275005340576,source_6
quinidine,0.9213022589683533,0.6988601088523865,source_6
quinidine,0.93220055103302,0.6498264670372009,source_6
quinidine,0.9449268579483032,0.5332981944084167,source_6
quinidine,0.9422096610069275,0.5061628818511963,source_6
quinidine,0.9583530426025391,0.7288888096809387,source_6
quinidine,0.9391269683837891,0.42288321256637573,source_6
quinidine,1.045364260673523,0.74342480301857,source_6
quinidine,1.0376017093658447,0.49693310260772705,source_6
quinidine,0.9992409944534302,0.6339384913444519,source_6
quinidine,0.9983330965042114,0.5379217267036438,source_6
quinidine,1.0089157819747925,0.5309975743293762,source_6
quinidine,0.9983081221580505,0.7548931539058685,source_6
quinidine,1.0162965059280396,0.5862144529819489,source_6
quinidine,0.9441982507705688,0.6807625889778137,source_6
quinidine,0.950977623462677,0.5998716950416565,source_6
quinidine,0.970402717590332,0.8713157474994659,source_6
quinidine,0.9458617568016052,0.5594292879104614,source_6
quinidine,0.930841326713562,0.5715128779411316,source_6
quinidine,0.9235552549362183,0.6265392899513245,source_6
quinidine,0.9290858507156372,0.5092141032218933,source_6
quinidine,0.9458059072494507,0.5078072547912598,source_6
quinidine,1.0262858867645264,0.7248013615608215,source_6
quinidine,0.9226470589637756,0.7286804616451263,source_6
quinidine,0.9123364686965942,0.7528154253959656,source_6
quinidine,0.8855107426643372,0.5480505526065826,source_6
quinidine,0.9139220714569092,0.7041108906269073,source_6
quinidine,0.8502560257911682,0.7651902288198471,source_6
quinidine,0.8636308312416077,0.6632522344589233,source_6
quinidine,0.8831206560134888,0.6984045505523682,source_6
quinidine,0.8823503255844116,0.782368540763855,source_6
quinidine,0.8804886341094971,0.545056164264679,source_6
quinidine,0.8848413825035095,0.5959623157978058,source_6
quinidine,0.8818726539611816,0.6116373836994171,source_6
quinidine,0.8969539403915405,0.6127501130104065,source_6
quinidine,0.9072041511535645,0.49266618490219116,source_6
quinidine,0.9005616307258606,0.5588329434394836,source_6
quinidine,0.9279975295066833,0.5468601584434509,source_6
quinidine,0.9136485457420349,0.6274600327014923,source_6
quinidine,0.851645827293396,0.6114660203456879,source_6
quinidine,0.8470475673675537,0.7141963839530945,source_6
quinidine,0.8381161093711853,0.8761641085147858,source_6
quinidine,0.8515269160270691,0.8009766787290573,source_6
quinidine,0.8564513921737671,0.6953637003898621,source_6
quinidine,0.867660641670227,0.7775048017501831,source_6
quinidine,0.8880574107170105,0.6578676104545593,source_6
quinidine,0.8532392978668213,0.6871145665645599,source_6
quinidine,0.8451563119888306,0.5108016729354858,source_6
quinidine,0.8487455248832703,0.5032666921615601,source_6
quinidine,0.8576387763023376,0.5524569153785706,source_6
quinidine,0.8446177840232849,0.5650830864906311,source_6
quinidine,0.9467216730117798,0.530880481004715,source_6
quinidine,0.9404508471488953,0.607509583234787,source_6
quinidine,0.9481207132339478,0.4035636782646179,source_6
quinidine,0.9471482634544373,0.6150037050247192,source_6
quinidine,0.9438918232917786,0.6891460120677948,source_6
quinidine,0.9394038319587708,0.5185947418212891,source_6
quinidine,0.9658015370368958,0.5683569312095642,source_6
quinidine,0.9192186594009399,0.6193984150886536,source_6
quinidine,0.9437753558158875,0.6246077716350555,source_6
quinidine,0.9195136427879333,0.7227147817611694,source_6
quinidine,0.9230955839157104,0.5830802917480469,source_6
quinidine,0.9567211270332336,0.5372065901756287,source_6
quinidine,0.9521952271461487,0.5623684525489807,source_6
quinidine,0.9426183104515076,0.602310836315155,source_6
quinidine,0.9057161808013916,0.6215150356292725,source_6
quinidine,0.9199166893959045,0.7114078104496002,source_6
quinidine,0.9180125594139099,0.7825777679681778,source_6
quinidine,0.8813466429710388,0.5468790829181671,source_6
quinidine,0.8818365931510925,0.5569309592247009,source_6
quinidine,0.8895772695541382,0.4560154676437378,source_6
quinidine,0.9035123586654663,0.5800943672657013,source_6
quinidine,0.8999499082565308,0.5757253468036652,source_6
quinidine,0.933915913105011,0.5501099228858948,source_6
quinidine,0.9273735284805298,0.7144576907157898,source_6
quinidine,0.9235552549362183,0.7211808264255524,source_6
quinidine,0.9339292645454407,0.6267232298851013,source_6
quinidine,0.9186457395553589,0.47126710414886475,source_6
quinidine,0.9180110692977905,0.5732046961784363,source_6
quinidine,0.9340420365333557,0.6847292184829712,source_6
quinidine,0.9566152691841125,0.7125255465507507,source_6
quinidine,0.9480758309364319,0.5347125828266144,source_6
quinidine,0.9532966017723083,0.5350072681903839,source_6
quinidine,0.9714323878288269,0.5612798929214478,source_6
quinidine,0.9936434030532837,0.5349147021770477,source_6
quinidine,0.8326422572135925,0.6049841642379761,source_6
quinidine,0.8577989339828491,0.60973060131073,source_6
quinidine,0.8284213542938232,0.6581272184848785,source_6
quinidine,0.8137025237083435,0.655995637178421,source_6
quinidine,0.8355607390403748,0.5733280181884766,source_6
quinidine,0.8576772809028625,0.6602372825145721,source_6
quinidine,0.8615961074829102,0.5209988355636597,source_6
quinidine,0.8784698247909546,0.7090238332748413,source_6
quinidine,0.8396720290184021,0.5123458206653595,source_6
quinidine,0.934228241443634,0.7546204030513763,source_6
quinidine,0.9232168793678284,0.5565784573554993,source_6
quinidine,0.913551926612854,0.5575582087039948,source_6
quinidine,0.9087904095649719,0.6841054856777191,source_6
quinidine,0.9127599596977234,0.7289729118347168,source_6
quinidine,0.9075224995613098,0.8308137059211731,source_6
quinidine,0.910495400428772,0.552135169506073,source_6
quinidine,0.9082393050193787,0.5853366851806641,source_6
quinidine,0.9190161824226379,0.42989540100097656,source_6
quinidine,0.9470386505126953,0.7181515395641327,source_6
quinidine,0.9415091276168823,0.4366980791091919,source_6
quinidine,0.9329204559326172,0.4181779623031616,source_6
quinidine,0.933239221572876,0.6377752423286438,source_6
quinidine,0.9403699040412903,0.5416884124279022,source_6
quinidine,0.9364833235740662,0.756149023771286,source_6
quinidine,0.9530637860298157,0.6034286022186279,source_6
quinidine,0.9588328003883362,0.6628692448139191,source_6
quinidine,0.973656952381134,0.8999419659376144,source_6
quinidine,0.9627459645271301,0.7980936467647552,source_6
quinidine,0.9661443829536438,0.7666036039590836,source_6
quinidine,0.976225733757019,0.5244997441768646,source_6
quinidine,0.9758988618850708,0.6660545468330383,source_6
quinidine,0.9409775137901306,0.7315468788146973,source_6
quinidine,0.9335401654243469,0.6234707236289978,source_6
quinidine,0.9162108898162842,0.794382780790329,source_6
quinidine,0.9223672747612,0.7624921500682831,source_6
quinidine,0.9122447371482849,0.6962042450904846,source_6
quinidine,0.7340586185455322,0.38373100757598877,source_8
quinidine,0.9281929731369019,0.44414031505584717,source_8
quinidine,0.8744111061096191,0.5034719109535217,source_8
quinidine,0.6836337447166443,0.28965824842453003,source_8
quinidine,0.827415406703949,0.4666217565536499,source_8
quinidine,0.6629169583320618,0.34513115882873535,source_8
quinidine,1.141701340675354,0.948322243988514,source_8
quinidine,0.61981600522995,0.6595122218132019,source_8
quinidine,0.7947167158126831,0.3197675943374634,source_8
quinidine,0.6120732426643372,0.3549884557723999,source_8
quinidine,0.7524213790893555,0.3088032007217407,source_8
quinidine,0.5880542397499084,0.4732452630996704,source_8
quinidine,0.7342283725738525,0.4017372131347656,source_8
quinidine,0.5995533466339111,0.4397183656692505,source_8
quinidine,0.7503295540809631,0.43669450283050537,source_8
quinidine,0.58113694190979,0.35934215784072876,source_8
quinidine,0.7421464920043945,0.4561537504196167,source_8
quinidine,0.5827152729034424,0.36846423149108887,source_8
quinidine,0.7234045267105103,0.33535242080688477,source_8
quinidine,0.5994588732719421,0.3024061918258667,source_8
quinidine,0.7209023833274841,0.3496863842010498,source_8
quinidine,0.5669990181922913,0.3905077576637268,source_8
quinidine,0.7186117172241211,0.3336970806121826,source_8
quinidine,0.5934810638427734,0.5712925493717194,source_8
quinidine,0.7073437571525574,0.49149060249328613,source_8
quinidine,0.5643445253372192,0.4013471007347107,source_8
quinidine,0.7228564023971558,0.49154573678970337,source_8
quinidine,0.5791866779327393,0.3390551805496216,source_8
quinidine,0.8812059164047241,0.8668125569820404,source_8
quinidine,0.5759458541870117,0.4131319522857666,source_8
quinidine,0.809643566608429,0.5141676068305969,source_8
quinidine,0.5675411224365234,0.36165565252304077,source_8
quinidine,0.7830514311790466,0.4866639971733093,source_8
quinidine,0.5406150817871094,0.4700300693511963,source_8
quinidine,0.7282206416130066,0.3864670395851135,source_8
quinidine,0.5641313195228577,0.37109899520874023,source_8
quinidine,0.7210825681686401,0.43729841709136963,source_8
quinidine,0.5957756042480469,0.49792397022247314,source_8
quinidine,0.7840587496757507,0.6629769206047058,source_8
quinidine,0.5595481395721436,0.40250468254089355,source_8
quinidine,0.7442046999931335,0.47998106479644775,source_8
quinidine,0.5465141534805298,0.4273693561553955,source_8
quinidine,0.7456681728363037,0.3565830588340759,source_8
quinidine,0.5528202652931213,0.4851054549217224,source_8
quinidine,0.7208882570266724,0.452642560005188,source_8
quinidine,0.5667109489440918,0.5105767846107483,source_8
quinidine,0.789992094039917,0.4995881915092468,source_8
quinidine,0.9781021475791931,0.3998147249221802,source_8
quinidine,0.7291496992111206,0.4427238702774048,source_8
quinidine,0.8962234258651733,0.41662657260894775,source_8
quinidine,0.7242303490638733,0.5384571254253387,source_8
quinidine,0.9092778563499451,0.412746787071228,source_8
quinidine,0.6261014938354492,0.38347500562667847,source_8
quinidine,0.8117229342460632,0.4528414011001587,source_8
quinidine,0.6956148147583008,0.3644782304763794,source_8
quinidine,0.9393864870071411,0.40872323513031006,source_8
quinidine,0.677232027053833,0.39395374059677124,source_8
quinidine,0.9168741106987,0.4701191186904907,source_8
quinidine,0.6750360131263733,0.4214780330657959,source_8
quinidine,0.8587704300880432,0.32783210277557373,source_8
quinidine,0.6376339793205261,0.3751380443572998,source_8
quinidine,0.8413451313972473,0.4169752597808838,source_8
quinidine,0.6345636248588562,0.43339526653289795,source_8
quinidine,0.7998962998390198,0.44126009941101074,source_8
quinidine,0.6245207786560059,0.3022409677505493,source_8
quinidine,0.8124527931213379,0.38420140743255615,source_8
quinidine,0.6152032017707825,0.3370788097381592,source_8
quinidine,0.818236768245697,0.36168110370635986,source_8
quinidine,0.6120657324790955,0.4230937957763672,source_8
quinidine,0.8017855882644653,0.35514718294143677,source_8
quinidine,0.6246873140335083,0.3846700191497803,source_8
quinidine,0.7827420830726624,0.37512242794036865,source_8
quinidine,0.6253777742385864,0.44865882396698,source_8
quinidine,0.8083148002624512,0.3744579553604126,source_8
quinidine,0.6347422003746033,0.421853244304657,source_8
quinidine,0.8389586806297302,0.31975919008255005,source_8
quinidine,0.607815146446228,0.3748946189880371,source_8
quinidine,0.8238356113433838,0.3668205738067627,source_8
quinidine,0.6136397123336792,0.47824299335479736,source_8
quinidine,0.817761242389679,0.46132832765579224,source_8
quinidine,0.6401637196540833,0.296475350856781,source_8
quinidine,0.8273544907569885,0.3947998881340027,source_8
quinidine,0.6384966373443604,0.35714584589004517,source_8
quinidine,0.6212508678436279,0.36420440673828125,source_8
quinidine,0.8633613586425781,0.36180227994918823,source_8
quinidine,0.623217761516571,0.39942312240600586,source_8
quinidine,0.646845817565918,0.402381956577301,source_8
quinidine,0.8365171551704407,0.4459074139595032,source_8
quinidine,0.6473516821861267,0.3617337942123413,source_8
quinidine,0.8955092430114746,0.42730259895324707,source_8
quinidine,0.6421003937721252,0.3849901556968689,source_8
quinidine,0.9293414950370789,0.4851025938987732,source_8
quinidine,0.808430552482605,0.46647214889526367,source_8
quinidine,1.0716115236282349,0.4298338294029236,source_8
quinidine,0.7956074476242065,0.48619747161865234,source_8
quinidine,1.0040770769119263,0.45602452754974365,source_8
quinidine,0.7419978380203247,0.4847468137741089,source_8
quinidine,0.9705765247344971,0.45964956283569336,source_8
quinidine,0.7194200754165649,0.3595602512359619,source_8
quinidine,0.9190186858177185,0.362071692943573,source_8
quinidine,0.656783938407898,0.4379986524581909,source_8
quinidine,0.9340088367462158,0.5618123412132263,source_8
quinidine,0.6373874545097351,0.3888770341873169,source_8
quinidine,0.8514571785926819,0.5776960253715515,source_8
quinidine,0.6114959716796875,0.3466187119483948,source_8
quinidine,0.8959174752235413,0.4519677758216858,source_8
quinidine,0.6442720293998718,0.3535194396972656,source_8
quinidine,0.6455619931221008,0.34626781940460205,source_8
quinidine,0.8515380024909973,0.45478832721710205,source_8
quinidine,0.7320777773857117,0.35988831520080566,source_8
quinidine,0.974041223526001,0.4419856071472168,source_8
quinidine,0.6942538619041443,0.39996838569641113,source_8
quinidine,0.9259143471717834,0.40833014249801636,source_8
quinidine,0.6753620505332947,0.31595468521118164,source_8
quinidine,0.8616188764572144,0.3694455623626709,source_8
quinidine,0.6490331292152405,0.3685290813446045,source_8
quinidine,0.8244113326072693,0.35497820377349854,source_8
quinidine,0.6451765894889832,0.3966867923736572,source_8
quinidine,0.824501633644104,0.42832517623901367,source_8
quinidine,0.6414192914962769,0.479559063911438,source_8
quinidine,0.8471817374229431,0.4761205315589905,source_8
quinidine,0.6399927139282227,0.4120742082595825,source_8
quinidine,0.6379532814025879,0.40558910369873047,source_8
quinidine,0.6346341967582703,0.2950226664543152,source_8
quinidine,0.8353796601295471,0.6259492635726929,source_8
quinidine,0.6328305006027222,0.4916039705276489,source_8
quinidine,0.8324345946311951,0.4663273096084595,source_8
quinidine,0.6264567375183105,0.5398357808589935,source_8
quinidine,0.7979576587677002,0.36178863048553467,source_8
quinidine,0.6121832728385925,0.39208728075027466,source_8
quinidine,0.8236252665519714,0.4879423975944519,source_8
quinidine,0.5995004177093506,0.41725313663482666,source_8
quinidine,0.8630850315093994,0.3737630844116211,source_8
quinidine,0.6268372535705566,0.2846256494522095,source_8
quinidine,0.8871863484382629,0.5478452146053314,source_8
quinidine,0.6401596665382385,0.3830045461654663,source_8
quinidine,0.9157595038414001,0.3829990029335022,source_8
quinidine,0.9101373553276062,0.5253084897994995,source_8
quinidine,0.8597490191459656,0.6232987642288208,source_8
quinidine,0.6418514251708984,0.39700067043304443,source_8
quinidine,0.6359990239143372,0.4269554615020752,source_8
quinidine,0.8515469431877136,0.4009350538253784,source_8
quinidine,0.615717351436615,0.39028847217559814,source_8
quinidine,0.8745982050895691,0.4412548542022705,source_8
quinidine,0.800573468208313,0.6148890852928162,source_8
quinidine,1.0859400033950806,0.5717740654945374,source_8
quinidine,1.1179872751235962,0.5086535215377808,source_8
quinidine,0.8009933233261108,0.5010088384151459,source_8
quinidine,0.9842972159385681,0.5498250722885132,source_8
quinidine,0.7341738939285278,0.4788140654563904,source_8
quinidine,0.9785498380661011,0.4487733840942383,source_8
quinidine,0.7541295886039734,0.5225814580917358,source_8
quinidine,1.0062987804412842,0.43999743461608887,source_8
quinidine,0.7322285175323486,0.41383373737335205,source_8
quinidine,0.9917340874671936,0.47246700525283813,source_8
quinidine,0.7015195488929749,0.27652478218078613,source_8
quinidine,0.9000590443611145,0.48906242847442627,source_8
quinidine,0.6762839555740356,0.6039142906665802,source_8
quinidine,0.9153687953948975,0.5062036514282227,source_8
quinidine,0.677830159664154,0.43279945850372314,source_8
quinidine,0.9002791047096252,0.5927557349205017,source_8
quinidine,0.6683627963066101,0.4336016774177551,source_8
quinidine,0.8880885243415833,0.54843670129776,source_8
quinidine,0.861159086227417,0.4325462579727173,source_8
quinidine,0.656656801700592,0.35535210371017456,source_8
quinidine,0.8832257986068726,0.432517409324646,source_8
quinidine,0.6445432901382446,0.34626245498657227,source_8
quinidine,0.8566056489944458,0.3655472993850708,source_8
quinidine,0.6437320709228516,0.2964959740638733,source_8
quinidine,0.859661340713501,0.35610783100128174,source_8
quinidine,0.6306006908416748,0.3926084041595459,source_8
quinidine,0.8656826615333557,0.36621445417404175,source_8
quinidine,0.6393658518791199,0.42384231090545654,source_8
quinidine,0.8475890755653381,0.38920313119888306,source_8
quinidine,0.6475273370742798,0.3337125778198242,source_8
quinidine,0.8592355251312256,0.39074116945266724,source_8
quinidine,0.6890464425086975,0.5095787644386292,source_8
quinidine,0.7212410569190979,0.4015939235687256,source_8
quinidine,0.6291778087615967,0.390450119972229,source_8
quinidine,0.9086681604385376,0.5146559476852417,source_8
quinidine,0.6139785647392273,0.3278794288635254,source_8
quinidine,0.8763331770896912,0.48651355504989624,source_8
quinidine,0.6310015320777893,0.33421796560287476,source_8
quinidine,0.8302111029624939,0.600389301776886,source_8
quinidine,0.6375564932823181,0.4321137070655823,source_8
quinidine,0.868700385093689,0.38171207904815674,source_8
quinidine,0.6318729519844055,0.36767202615737915,source_8
quinidine,0.8983975648880005,0.6302286982536316,source_8
quinidine,0.6207162141799927,0.40162384510040283,source_8
quinidine,0.8894177675247192,0.4419395923614502,source_8
quinidine,0.6107983589172363,0.29361534118652344,source_8
quinidine,0.8529881238937378,0.44467592239379883,source_8
quinidine,0.6323885917663574,0.44247472286224365,source_8
quinidine,0.8587661981582642,0.5616737604141235,source_8
quinidine,0.6178416609764099,0.5615797638893127,source_8
quinidine,0.5996682643890381,0.9954901039600372,source_3
quinidine,0.6230122447013855,0.8550632297992706,source_3
quinidine,0.6198635697364807,0.8517157286405563,source_3
quinidine,0.5535006523132324,1.1358567029237747,source_3
quinidine,0.5684861540794373,1.3171330690383911,source_3
quinidine,0.5893366932868958,1.1425255239009857,source_3
quinidine,0.6120830178260803,0.8101552128791809,source_3
quinidine,0.5705263018608093,1.1016226708889008,source_3
quinidine,0.609998345375061,1.0880900919437408,source_3
quinidine,0.6559404134750366,1.2576743066310883,source_3
quinidine,0.5970445275306702,1.1478340476751328,source_3
quinidine,0.6096326112747192,1.0029202965088189,source_3
quinidine,0.6540133357048035,0.8900732919573784,source_3
quinidine,0.5403845906257629,0.9462780766189098,source_3
quinidine,0.5891312956809998,0.9337316080927849,source_3
quinidine,0.6610137820243835,0.9464164227247238,source_3
quinidine,0.6155496835708618,0.996280238032341,source_3
quinidine,0.5190552473068237,0.9417118914425373,source_3
quinidine,0.5894386768341064,1.0722631514072418,source_3
quinidine,0.7352344989776611,1.1663252264261246,source_3
quinidine,0.735124945640564,0.9486758634448051,source_3
quinidine,0.6886591911315918,0.6357001960277557,source_5
quinidine,0.682624101638794,0.4310365915298462,source_5
quinidine,0.6946238279342651,0.488201379776001,source_5
quinidine,0.6895954012870789,0.6038988530635834,source_5
quinidine,0.6868112087249756,0.49772197008132935,source_5
quinidine,0.6914821863174438,0.46802908182144165,source_5
quinidine,0.700269341468811,0.5543335676193237,source_5
quinidine,0.7060083150863647,0.47027015686035156,source_5
quinidine,0.696448028087616,0.6328549385070801,source_5
quinidine,0.7034600377082825,0.41163724660873413,source_5
quinidine,0.705940842628479,0.4234069585800171,source_5
quinidine,0.6928442120552063,0.591203510761261,source_5
quinidine,0.7024758458137512,0.5159329175949097,source_5
quinidine,0.6998400092124939,0.48313969373703003,source_5
quinidine,0.6938983798027039,0.5773364901542664,source_5
quinidine,0.6838425397872925,0.5632209181785583,source_5
quinidine,0.6828692555427551,0.5286566317081451,source_5
quinidine,0.695300281047821,0.5137824714183807,source_5
quinidine,0.6821972131729126,0.5566279590129852,source_5
quinidine,0.677436888217926,0.4869217872619629,source_5
quinidine,0.6703794002532959,0.4273574948310852,source_5
quinidine,0.6843375563621521,0.42038339376449585,source_5
quinidine,0.6909279227256775,0.3173837661743164,source_5
quinidine,0.6971735954284668,0.37074601650238037,source_5
quinidine,0.692138671875,0.6653729379177094,source_5
quinidine,0.7211413979530334,0.29403626918792725,source_5
quinidine,0.7222829461097717,0.5269626677036285,source_5
quinidine,0.7266436219215393,0.3210773468017578,source_5
quinidine,0.7148712277412415,0.3336900472640991,source_5
quinidine,0.7015231251716614,0.5013937950134277,source_5
quinidine,0.6643915176391602,0.42934107780456543,source_5
quinidine,0.6739948391914368,0.3870187997817993,source_5
quinidine,0.6810452342033386,0.3317047953605652,source_5
quinidine,0.6974601149559021,0.32123589515686035,source_5
quinidine,0.704286515712738,0.4629947543144226,source_5
quinidine,0.6979945302009583,0.577119916677475,source_5
quinidine,0.6728981137275696,0.43974220752716064,source_5
quinidine,0.6783417463302612,0.47008001804351807,source_5
quinidine,0.6862267851829529,0.4338188171386719,source_5
quinidine,0.6822279691696167,0.49353063106536865,source_5
quinidine,0.6885761022567749,0.6205410063266754,source_5
quinidine,0.6852564215660095,0.5585308074951172,source_5
quinidine,0.6718346476554871,0.5366050899028778,source_5
quinidine,0.692543625831604,0.5452046394348145,source_5
quinidine,0.6524384617805481,0.6349471807479858,source_5
quinidine,0.6517457365989685,0.36859726905822754,source_5
quinidine,0.6591514348983765,0.4832855463027954,source_5
quinidine,0.6579924821853638,0.4839016795158386,source_5
quinidine,0.6551392078399658,0.4518390893936157,source_5
quinidine,0.6662417054176331,0.49220842123031616,source_5
quinidine,0.6674573421478271,0.5376637578010559,source_5
quinidine,0.6734402179718018,0.5592054724693298,source_5
quinidine,0.7260584831237793,0.6833288371562958,source_5
quinidine,0.7158082127571106,0.36273717880249023,source_5
quinidine,0.7205216288566589,0.7136909663677216,source_5
quinidine,0.7211717963218689,0.3813130855560303,source_5
quinidine,0.6999331116676331,0.7582949101924896,source_5
quinidine,0.7132751941680908,0.5678292214870453,source_5
quinidine,0.7207156419754028,0.540107250213623,source_5
quinidine,0.7112074494361877,0.37214457988739014,source_5
quinidine,0.6738078594207764,0.2879377603530884,source_5
quinidine,0.6701700687408447,0.2913593053817749,source_5
quinidine,0.673568844795227,0.35564035177230835,source_5
quinidine,0.6641220450401306,0.2503262758255005,source_5
quinidine,0.6676461696624756,0.2580198645591736,source_5
quinidine,0.6808179020881653,0.3819824457168579,source_5
quinidine,0.6533839106559753,0.4178478717803955,source_5
quinidine,0.6532665491104126,0.647639274597168,source_5
quinidine,0.6587871313095093,0.6498712599277496,source_5
quinidine,0.6609733700752258,0.6719744801521301,source_5
quinidine,0.6649209260940552,0.7582043260335922,source_5
quinidine,0.654924213886261,0.6410270929336548,source_5
quinidine,0.6577163338661194,0.6036597788333893,source_5
quinidine,0.6605387330055237,0.6355963945388794,source_5
quinidine,0.6479352712631226,0.5171691179275513,source_5
quinidine,0.6495640873908997,0.42395174503326416,source_5
quinidine,0.6494491696357727,0.5560315847396851,source_5
quinidine,0.6256919503211975,0.6041187942028046,source_5
quinidine,0.6302260756492615,0.5643875002861023,source_5
quinidine,0.6367409229278564,0.4904022216796875,source_5
quinidine,0.6306893229484558,0.49055176973342896,source_5
quinidine,0.6332005858421326,0.5485292077064514,source_5
quinidine,0.6413710117340088,0.5013412237167358,source_5
quinidine,0.6389178037643433,0.5048874616622925,source_5
quinidine,0.6599479913711548,0.7799075841903687,source_5
quinidine,0.6775903105735779,0.7629074156284332,source_5
quinidine,0.6725478768348694,0.5946568846702576,source_5
quinidine,0.656105637550354,0.5183502435684204,source_5
quinidine,0.6593345999717712,0.5854199528694153,source_5
quinidine,0.6568967700004578,0.5820150077342987,source_5
quinidine,0.6282676458358765,0.5060398578643799,source_5
quinidine,0.6319606304168701,0.5483301281929016,source_5
quinidine,0.6386500597000122,0.3620681166648865,source_5
quinidine,0.6329352259635925,0.527027428150177,source_5
quinidine,0.6326931118965149,0.3921049237251282,source_5
quinidine,0.6430453658103943,0.4887220859527588,source_5
quinidine,0.6481317281723022,0.6708275675773621,source_5
quinidine,0.661342442035675,0.6136488616466522,source_5
quinidine,0.6603527069091797,0.6432904005050659,source_5
quinidine,0.6584030389785767,0.6400772333145142,source_5
quinidine,0.6452168226242065,0.4637618064880371,source_5
quinidine,0.651069164276123,0.5002923607826233,source_5
quinidine,0.6657274961471558,0.7655490934848785,source_5
quinidine,0.661785900592804,0.5803807973861694,source_5
quinidine,0.6645241379737854,0.6497530341148376,source_5
quinidine,0.6599166393280029,0.6398061811923981,source_5
quinidine,0.6285086870193481,0.510124921798706,source_5
quinidine,0.6332676410675049,0.5303941965103149,source_5
quinidine,0.6983906030654907,0.5451658964157104,source_5
quinidine,0.6984323859214783,0.44371509552001953,source_5
quinidine,0.7044170498847961,0.5834520161151886,source_5
quinidine,0.678826093673706,0.48172128200531006,source_5
quinidine,0.6966452598571777,0.47070854902267456,source_5
quinidine,0.6865890026092529,0.6326799392700195,source_5
quinidine,0.6823027729988098,0.7298151254653931,source_5
quinidine,0.6904852390289307,0.5835198163986206,source_5
quinidine,0.6870647072792053,0.6941821575164795,source_5
quinidine,0.6681134700775146,0.6146834194660187,source_5
quinidine,0.6844095587730408,0.4852502942085266,source_5
quinidine,0.6810087561607361,0.6968934535980225,source_5
quinidine,0.6821924448013306,0.5075584352016449,source_5
quinidine,0.6792736053466797,0.7744624316692352,source_5
quinidine,0.6856545805931091,0.6368778347969055,source_5
quinidine,0.6923719644546509,0.27666109800338745,source_5
quinidine,0.7054017782211304,0.41681092977523804,source_5
quinidine,0.6780983209609985,0.5342604517936707,source_5
quinidine,0.6978553533554077,0.6919771432876587,source_5
quinidine,0.6267969012260437,0.4716683626174927,source_5
quinidine,0.6302157640457153,0.469180703163147,source_5
quinidine,0.6486083269119263,0.6887027621269226,source_5
quinidine,0.6369785070419312,0.4649322032928467,source_5
quinidine,0.6401369571685791,0.5951099693775177,source_5
quinidine,0.6424005627632141,0.5380629897117615,source_5
quinidine,0.6410953998565674,0.3653373122215271,source_5
quinidine,0.6419905424118042,0.5514824390411377,source_5
quinidine,0.6580125689506531,0.529293417930603,source_5
quinidine,0.6566631197929382,0.4935991168022156,source_5
quinidine,0.6529250144958496,0.5776496827602386,source_5
quinidine,0.6548436880111694,0.4085487127304077,source_5
quinidine,0.6579908132553101,0.40732336044311523,source_5
quinidine,0.6642143726348877,0.8686655908823013,source_5
quinidine,0.6617921590805054,0.7631188333034515,source_5
quinidine,0.6614917516708374,0.547600120306015,source_5
quinidine,0.65839684009552,0.6535019278526306,source_5
quinidine,0.6623432636260986,0.5313318967819214,source_5
quinidine,0.6707444787025452,0.6289062798023224,source_5
quinidine,0.6726229190826416,0.5697660148143768,source_5
quinidine,0.6686863303184509,0.6347063779830933,source_5
quinidine,0.6717250347137451,0.5203184187412262,source_5
quinidine,0.6712784171104431,0.5780634582042694,source_5
quinidine,0.6753908395767212,0.5609533786773682,source_5
quinidine,0.678800642490387,0.5847257971763611,source_5
quinidine,0.6829452514648438,0.5743549466133118,source_5
quinidine,0.6713822484016418,0.5472152531147003,source_5
quinidine,0.678307831287384,0.4412788152694702,source_5
quinidine,0.6809439659118652,0.4216850996017456,source_5
quinidine,0.6736052632331848,0.44553202390670776,source_5
quinidine,0.6739484071731567,0.5385546386241913,source_5
quinidine,0.6853549480438232,0.5333036780357361,source_5
quinidine,0.6801620721817017,0.43286752700805664,source_5
quinidine,0.6875477433204651,0.5685765743255615,source_5
quinidine,0.6794896125793457,0.4697420001029968,source_5
quinidine,0.688766598701477,0.42480385303497314,source_5
quinidine,0.6836733222007751,0.5105757117271423,source_5
quinidine,0.6978744268417358,0.6456819176673889,source_5
quinidine,0.6790773868560791,0.48924028873443604,source_5
quinidine,0.6789159178733826,0.7106705904006958,source_5
quinidine,0.6818345785140991,0.3651818037033081,source_5
quinidine,0.6839433312416077,0.4188140630722046,source_5
quinidine,0.695559561252594,0.4936390519142151,source_5
quinidine,0.69586181640625,0.45449602603912354,source_5
quinidine,0.7005262970924377,0.610471785068512,source_5
quinidine,0.6848046183586121,0.3510743975639343,source_5
quinidine,0.698492705821991,0.41680556535720825,source_5
quinidine,0.6986687779426575,0.8315112888813019,source_5
quinidine,0.6983036994934082,0.5448285341262817,source_5
quinidine,0.7037301063537598,0.47115594148635864,source_5
quinidine,0.7017300128936768,0.6499630808830261,source_5
quinidine,0.6948624849319458,0.573626309633255,source_5
quinidine,0.6963965892791748,0.4959350824356079,source_5
quinidine,0.6985854506492615,0.685770720243454,source_5
quinidine,0.7257619500160217,0.5414024591445923,source_5
quinidine,0.7248404026031494,0.6623884737491608,source_5
quinidine,0.7338423132896423,0.5188106894493103,source_5
quinidine,0.7215590476989746,0.48146533966064453,source_5
quinidine,0.6921917200088501,0.5204188227653503,source_5
quinidine,0.6870286464691162,0.6732525527477264,source_5
quinidine,0.6961726546287537,0.3760519027709961,source_5
quinidine,0.7026640772819519,0.32137930393218994,source_5
quinidine,0.7017874121665955,0.3282628655433655,source_5
quinidine,0.7006317377090454,0.34254854917526245,source_5
quinidine,0.6417679786682129,0.4706541895866394,source_5
quinidine,0.645996630191803,0.6293840706348419,source_5
quinidine,0.6439048051834106,0.6151942908763885,source_5
quinidine,0.6515172123908997,0.44473743438720703,source_5
quinidine,0.6710565090179443,0.886724129319191,source_5
quinidine,0.6582479476928711,0.604662299156189,source_5
quinidine,0.5836070775985718,0.7873979061841965,source_3
quinidine,0.5981117486953735,0.4985581040382385,source_3
quinidine,0.6031301617622375,0.8045784384012222,source_3
quinidine,0.5961374044418335,0.6597587466239929,source_3
quinidine,0.7165937423706055,0.7594339698553085,source_3
quinidine,0.7270040512084961,0.6341772079467773,source_3
quinidine,0.6479475498199463,0.609972357749939,source_3
quinidine,0.5926424264907837,0.6293770372867584,source_3
quinidine,0.6238167881965637,0.5469415783882141,source_3
quinidine,0.6392449140548706,0.4584697484970093,source_3
quinidine,0.6282803416252136,0.8190590441226959,source_3
quinidine,0.6639497876167297,0.5909206867218018,source_3
quinidine,0.6040899753570557,0.6063664257526398,source_3
quinidine,0.6134955883026123,0.7654812633991241,source_3
quinidine,0.6753056049346924,0.44619661569595337,source_3
quinidine,0.6769551038742065,0.8160261362791061,source_3
quinidine,0.6655948758125305,0.572171151638031,source_3
quinidine,0.6651871204376221,0.6718283593654633,source_3
quinidine,0.6386991143226624,0.6033638119697571,source_3
quinidine,0.6725649833679199,0.5587546229362488,source_3
quinidine,0.5207311511039734,0.5349506735801697,source_3
quinidine,0.5782876014709473,0.7477531731128693,source_3
quinidine,0.5702030062675476,0.6930378675460815,source_3
quinidine,0.5992295145988464,0.7116594910621643,source_3
quinidine,0.5754720568656921,0.6798740327358246,source_3
quinidine,0.5680087804794312,0.7279456257820129,source_3
quinidine,0.534924328327179,0.791679248213768,source_3
quinidine,0.5282779335975647,0.5945511758327484,source_3
quinidine,0.6025388836860657,0.9020096659660339,source_3
quinidine,0.6051704287528992,0.763098955154419,source_3
quinidine,0.7699668407440186,0.7407891750335693,source_3
quinidine,0.6496105790138245,0.7203803062438965,source_3
quinidine,0.5749631524085999,0.7086272835731506,source_3
quinidine,0.5843514800071716,0.7139283418655396,source_3
quinidine,0.6294429898262024,0.5290275812149048,source_3
quinidine,0.5809742212295532,0.6860557198524475,source_3
quinidine,0.5543214678764343,0.6882312297821045,source_3
quinidine,0.5402359366416931,0.7745777666568756,source_3
quinidine,0.5676370859146118,0.6780247092247009,source_3
quinidine,0.5585834383964539,0.6353644728660583,source_3
quinidine,0.653171956539154,0.8666530251502991,source_3
quinidine,0.6452330350875854,0.8903765976428986,source_3
quinidine,0.6329552531242371,0.942572720348835,source_3
quinidine,0.5946083664894104,0.8921745270490646,source_3
quinidine,0.6806858777999878,1.0814163535833359,source_3
quinidine,0.6322954297065735,1.0816481560468674,source_3
quinidine,0.6427746415138245,1.0741618424654007,source_3
quinidine,0.6022472977638245,0.9106035158038139,source_3
quinidine,0.621512770652771,0.9107717052102089,source_3
quinidine,0.6397337913513184,1.1381784081459045,source_3
quinidine,0.6357105374336243,0.8343905806541443,source_3
quinidine,0.6311674118041992,0.9765618182718754,source_3
quinidine,0.65976881980896,0.8436174988746643,source_3
quinidine,0.6604949235916138,0.9266529157757759,source_3
quinidine,0.8665473461151123,0.9624268412590027,source_3
quinidine,0.6061413884162903,1.0020261779427528,source_3
quinidine,0.6384682059288025,1.12014751881361,source_3
quinidine,0.6551523208618164,0.9818465244024992,source_3
quinidine,0.6240780353546143,0.7534748017787933,source_3
quinidine,0.6644260287284851,0.7934425622224808,source_3
quinidine,0.8512309789657593,0.6436407566070557,source_3
quinidine,0.8760470151901245,0.7410848438739777,source_3
quinidine,0.8729403614997864,0.936255156993866,source_3
quinidine,0.8320139646530151,1.2163862138986588,source_3
quinidine,0.7918898463249207,1.0427065081894398,source_3
quinidine,0.7559844851493835,1.2222524285316467,source_3
quinidine,0.7282935976982117,0.9602505527436733,source_3
quinidine,0.7288774847984314,0.7938293516635895,source_3
quinidine,1.0943078994750977,0.9116894453763962,source_3
quinidine,1.1062707901000977,0.8200806826353073,source_3
quinidine,1.0772042274475098,0.9093333184719086,source_3
quinidine,0.9556097388267517,1.0938020795583725,source_3
quinidine,0.8788667917251587,0.9164330810308456,source_3
quinidine,0.9817133545875549,0.9984981389716268,source_3
quinidine,1.093528389930725,1.0739666521549225,source_3
quinidine,0.9879788160324097,1.0984220504760742,source_3
quinidine,0.8877352476119995,0.8042786121368408,source_3
quinidine,0.9679760932922363,0.6785102784633636,source_3
quinidine,0.9715948104858398,0.9176362603902817,source_3
quinidine,0.8975558280944824,1.0659467056393623,source_3
quinidine,0.5445321202278137,0.7466013431549072,source_3
quinidine,0.5542600750923157,0.5537264049053192,source_3
quinidine,0.5603033304214478,0.6072260737419128,source_3
quinidine,0.5058062076568604,0.5523732304573059,source_3
quinidine,0.5339706540107727,0.663708508014679,source_3
quinidine,0.5396550893783569,0.881769984960556,source_3
quinidine,0.555944561958313,0.6352500915527344,source_3
quinidine,0.5173291563987732,0.7722266763448715,source_3
quinidine,0.5246511697769165,0.8154599517583847,source_3
quinidine,0.561436653137207,0.616003543138504,source_3
quinidine,0.500761866569519,0.6595869660377502,source_3
quinidine,0.5818254351615906,0.6618207395076752,source_3
quinidine,0.5727534294128418,0.7120936512947083,source_3
quinidine,0.5158975124359131,0.6628444194793701,source_3
quinidine,0.5575428009033203,0.770363062620163,source_3
quinidine,0.5841132402420044,0.6772564053535461,source_3
quinidine,0.572507917881012,0.7433874011039734,source_3
quinidine,0.5758947134017944,0.9703992009162903,source_3
quinidine,0.5804470181465149,0.7076077461242676,source_3
quinidine,0.5999414920806885,0.5554282665252686,source_3
quinidine,0.5457763671875,0.9307212680578232,source_3
quinidine,0.5574971437454224,0.7776824086904526,source_3
quinidine,0.5506851673126221,0.7678744494915009,source_3
quinidine,0.6328579783439636,0.6336263716220856,source_3
quinidine,0.6016655564308167,0.9956431556493044,source_3
quinidine,0.536433219909668,0.6244557797908783,source_3
quinidine,0.663735032081604,0.5504382252693176,source_3
quinidine,0.70135098695755,0.5711952447891235,source_3
quinidine,0.6013749241828918,0.6110357046127319,source_3
quinidine,0.6158700585365295,0.5006615519523621,source_3
quinidine,0.6306511759757996,0.5342986583709717,source_3
quinidine,0.5334679484367371,0.7049669623374939,source_3
quinidine,0.6153985857963562,0.5971449315547943,source_3
quinidine,0.6418440937995911,0.7309432625770569,source_3
quinidine,0.6592233180999756,0.6970627903938293,source_3
quinidine,0.6020299196243286,0.78983935713768,source_3
quinidine,0.5282220244407654,0.7292230427265167,source_3
quinidine,0.6153180003166199,0.5550894737243652,source_3
quinidine,0.6428673267364502,0.6731201410293579,source_3
quinidine,0.5988472700119019,0.5099711418151855,source_3
quinidine,0.5674463510513306,0.5933353900909424,source_3
quinidine,0.589401125907898,0.6238468289375305,source_3
quinidine,0.5986008644104004,0.7504164725542068,source_3
quinidine,0.5895670652389526,0.48648256063461304,source_3
quinidine,0.49013951420783997,0.467460036277771,source_3
quinidine,0.51319819688797,0.566365122795105,source_3
quinidine,0.49200239777565,0.5138626396656036,source_3
quinidine,0.5770546793937683,0.577316403388977,source_3
quinidine,0.594610333442688,0.3767346143722534,source_3
quinidine,0.6011142134666443,0.8340767472982407,source_3
quinidine,0.6146664619445801,0.702298641204834,source_3
quinidine,0.6303322315216064,0.6221558153629303,source_3
quinidine,0.6299753785133362,0.5650717318058014,source_3
quinidine,0.502512514591217,0.6836278140544891,source_3
quinidine,0.4581645131111145,0.38775908946990967,source_3
quinidine,0.4878444969654083,0.5952666997909546,source_3
quinidine,0.4961055815219879,0.6547622680664062,source_3
quinidine,1.4306142330169678,0.5511228442192078,source_7
quinidine,1.4551661014556885,0.6998289525508881,source_7
quinidine,1.4380979537963867,0.7003847360610962,source_7
quinidine,1.4188005924224854,0.5130453705787659,source_7
quinidine,1.4584928750991821,0.6969402432441711,source_7
quinidine,1.425976276397705,0.5564320683479309,source_7
quinidine,1.424285888671875,0.6286115646362305,source_7
quinidine,1.447680115699768,0.6490505337715149,source_7
quinidine,1.4179556369781494,0.4843548536300659,source_7
quinidine,1.4055894613265991,0.6891034245491028,source_7
quinidine,1.4251904487609863,0.6594174802303314,source_7
quinidine,1.4775640964508057,0.5938530266284943,source_7
quinidine,1.392528772354126,0.6949053406715393,source_7
quinidine,1.3165977001190186,0.5520475804805756,source_7
quinidine,1.2928571701049805,0.6229917407035828,source_7
quinidine,1.226798176765442,0.7276046276092529,source_7
quinidine,1.2870069742202759,0.49481719732284546,source_7
quinidine,1.3037352561950684,0.6693161129951477,source_7
quinidine,1.2903873920440674,0.6786919832229614,source_7
quinidine,1.3061497211456299,0.45059990882873535,source_7
quinidine,1.2561111450195312,0.5317202806472778,source_7
quinidine,1.1869113445281982,0.5946766138076782,source_7
quinidine,1.225843906402588,0.6857251524925232,source_7
quinidine,1.2661973237991333,0.6712685227394104,source_7
quinidine,1.2052016258239746,0.6013709604740143,source_7
quinidine,1.192463755607605,0.7352797985076904,source_7
quinidine,1.2177760601043701,0.6626726388931274,source_7
quinidine,1.1836559772491455,0.658139169216156,source_7
quinidine,1.1847130060195923,0.7460873425006866,source_7
quinidine,1.1786301136016846,0.72165447473526,source_7
quinidine,1.1849616765975952,0.6128432154655457,source_7
quinidine,1.1836515665054321,0.6269583106040955,source_7
quinidine,1.2285593748092651,0.6536549627780914,source_7
quinidine,1.1818798780441284,0.8006965070962906,source_7
quinidine,1.1822854280471802,0.5480093955993652,source_7
quinidine,1.203763723373413,0.6402421593666077,source_7
quinidine,1.1863212585449219,0.6402497887611389,source_7
quinidine,1.189944863319397,0.5271268486976624,source_7
quinidine,1.2171918153762817,0.6519338488578796,source_7
quinidine,1.2123773097991943,0.6457159519195557,source_7
quinidine,1.2280588150024414,0.615450918674469,source_7
quinidine,1.2024974822998047,0.6076349020004272,source_7
quinidine,1.2126517295837402,0.5751670598983765,source_7
quinidine,1.2211945056915283,0.5712055563926697,source_7
quinidine,1.234215259552002,0.6090274155139923,source_7
quinidine,1.224427580833435,0.4724445939064026,source_7
quinidine,1.2251694202423096,0.5491689443588257,source_7
quinidine,1.188146948814392,0.43910443782806396,source_7
quinidine,1.229832649230957,0.5675005912780762,source_7
quinidine,1.1716248989105225,0.5143446326255798,source_7
quinidine,1.1732230186462402,0.4809037446975708,source_7
quinidine,1.1283754110336304,0.6157223582267761,source_7
quinidine,1.1284343004226685,0.6955741047859192,source_7
quinidine,1.1734367609024048,0.49070119857788086,source_7
quinidine,1.1792402267456055,0.5639809370040894,source_7
quinidine,1.204894781112671,0.7181191444396973,source_7
quinidine,1.2420583963394165,0.6633634567260742,source_7
quinidine,1.1915682554244995,0.5422835946083069,source_7
quinidine,1.152854084968567,0.5788230299949646,source_7
quinidine,1.1833912134170532,0.552345871925354,source_7
quinidine,1.1723792552947998,0.5597873330116272,source_7
quinidine,1.1792675256729126,0.5587314367294312,source_7
quinidine,1.171044945716858,0.5139445066452026,source_7
quinidine,1.1683679819107056,0.642568051815033,source_7
quinidine,1.2121447324752808,0.49784499406814575,source_7
quinidine,1.2089941501617432,0.7001839280128479,source_7
quinidine,1.601305365562439,0.7587192058563232,source_7
quinidine,1.67333984375,0.7172016501426697,source_7
quinidine,1.5457361936569214,0.5474121570587158,source_7
quinidine,1.4162824153900146,0.6775980591773987,source_7
quinidine,1.3281848430633545,0.6179116070270538,source_7
quinidine,1.3175978660583496,0.6260251998901367,source_7
quinidine,1.3161457777023315,0.6414047479629517,source_7
quinidine,1.2890905141830444,0.5480427145957947,source_7
quinidine,1.2413021326065063,0.5737704038619995,source_7
quinidine,1.210310459136963,0.7186242341995239,source_7
quinidine,1.2087419033050537,0.680320680141449,source_7
quinidine,1.1868391036987305,0.642954021692276,source_7
quinidine,1.1790745258331299,0.5493233799934387,source_7
quinidine,1.24618399143219,0.5862822234630585,source_7
quinidine,1.2148240804672241,0.7785342037677765,source_7
quinidine,1.1977145671844482,0.45447421073913574,source_7
quinidine,1.2189075946807861,0.7046681642532349,source_7
quinidine,1.1885440349578857,0.5430887639522552,source_7
quinidine,1.3549684286117554,0.5569986701011658,source_7
quinidine,1.2950310707092285,0.5771197080612183,source_7
quinidine,1.2686691284179688,0.5604239404201508,source_7
quinidine,1.3151423931121826,0.7711677104234695,source_7
quinidine,1.4250410795211792,0.6309786438941956,source_7
quinidine,1.3143818378448486,0.5749653577804565,source_7
quinidine,1.2344833612442017,0.6414341926574707,source_7
quinidine,1.2224172353744507,0.6182478666305542,source_7
quinidine,1.3855907917022705,0.7783752083778381,source_7
quinidine,1.2847121953964233,0.7107256650924683,source_7
quinidine,1.2386231422424316,0.5634788274765015,source_7
quinidine,1.2360666990280151,0.6207334995269775,source_7
quinidine,1.2754029035568237,0.5010387599468231,source_7
quinidine,1.2698265314102173,0.49193620681762695,source_7
quinidine,1.2572208642959595,0.5480102896690369,source_7
quinidine,1.2848684787750244,0.5826122164726257,source_7
quinidine,1.270529866218567,0.5730895698070526,source_7
quinidine,1.2438545227050781,0.5115872323513031,source_7
quinidine,1.2642794847488403,0.6764408051967621,source_7
quinidine,1.2795637845993042,0.6626316010951996,source_7
quinidine,1.26340651512146,0.7126044034957886,source_7
quinidine,1.2465578317642212,0.7357605695724487,source_7
quinidine,1.2562206983566284,0.6414621472358704,source_7
quinidine,1.1330314874649048,0.739402562379837,source_7
quinidine,1.2962646484375,0.8295737206935883,source_7
quinidine,1.211053729057312,0.6275906264781952,source_7
quinidine,1.0527299642562866,0.6080964803695679,source_7
quinidine,1.2013533115386963,0.45297789573669434,source_7
quinidine,1.1686055660247803,0.5402964651584625,source_7
quinidine,1.0588973760604858,0.5426784157752991,source_7
quinidine,1.1956089735031128,0.6204904615879059,source_7
quinidine,0.7652983069419861,0.39565443992614746,source_10
quinidine,0.70418381690979,0.6763286590576172,source_10
quinidine,0.7394319772720337,0.4441801905632019,source_10
quinidine,0.7632085680961609,0.49388837814331055,source_10
quinidine,0.7627989649772644,0.46682196855545044,source_10
quinidine,0.7807422876358032,0.577316552400589,source_10
quinidine,0.7858739495277405,0.6012188792228699,source_10
quinidine,0.8394156694412231,0.5836500227451324,source_10
quinidine,0.7159210443496704,0.3710395097732544,source_10
quinidine,0.7286481261253357,0.4568291902542114,source_10
quinidine,0.7389408349990845,0.4308204650878906,source_10
quinidine,0.7246220707893372,0.40991151332855225,source_10
quinidine,0.7301930785179138,0.5843649804592133,source_10
quinidine,0.7254037261009216,0.4348350763320923,source_10
quinidine,0.7375603318214417,0.5877675712108612,source_10
quinidine,0.6938991546630859,0.48028886318206787,source_10
quinidine,0.6935639381408691,0.4130357503890991,source_10
quinidine,0.6832239031791687,0.5845593512058258,source_10
quinidine,0.7051969766616821,0.6118127703666687,source_10
quinidine,0.7107673287391663,0.607999324798584,source_10
quinidine,0.707205593585968,0.5532853007316589,source_10
quinidine,0.7179107666015625,0.5594979226589203,source_10
quinidine,0.7242607474327087,0.36209166049957275,source_10
quinidine,0.7483208775520325,0.4388117790222168,source_10
quinidine,0.7293388247489929,0.3583681583404541,source_10
quinidine,0.7499856948852539,0.3468632698059082,source_10
quinidine,0.7427662014961243,0.45637309551239014,source_10
quinidine,0.7585691809654236,0.43094372749328613,source_10
quinidine,0.7186317443847656,0.4976275563240051,source_10
quinidine,0.6484324932098389,0.44205695390701294,source_10
quinidine,0.6375455856323242,0.5526991784572601,source_10
quinidine,0.6621318459510803,0.475385844707489,source_10
quinidine,0.7042112350463867,0.4830714464187622,source_10
quinidine,0.7368509769439697,0.3879127502441406,source_10
quinidine,0.7484428882598877,0.4946556091308594,source_10
quinidine,0.7452749609947205,0.5094063580036163,source_10
quinidine,0.7502570748329163,0.5076222121715546,source_10
quinidine,0.7402638792991638,0.42392289638519287,source_10
quinidine,0.7542449235916138,0.49987876415252686,source_10
quinidine,0.716702938079834,0.43933165073394775,source_10
quinidine,0.705208420753479,0.5410681962966919,source_10
quinidine,0.7431174516677856,0.5722334384918213,source_10
quinidine,0.7309626936912537,0.4952871799468994,source_10
quinidine,0.7361827492713928,0.576884537935257,source_10
quinidine,0.7438428997993469,0.41110700368881226,source_10
quinidine,0.7569270133972168,0.5411520600318909,source_10
quinidine,0.7161357998847961,0.6508955359458923,source_10
quinidine,0.698437511920929,0.5278729200363159,source_10
quinidine,0.7182675004005432,0.5387080907821655,source_10
quinidine,0.7024641633033752,0.5406811237335205,source_10
quinidine,0.720037043094635,0.4693824052810669,source_10
quinidine,0.7115004658699036,0.44240808486938477,source_10
quinidine,0.6392455101013184,0.4896014928817749,source_10
quinidine,0.8135678172111511,0.5520097017288208,source_10
quinidine,0.7836143374443054,0.49904346466064453,source_10
quinidine,0.7625885009765625,0.5122311413288116,source_10
quinidine,0.7378958463668823,0.46070396900177,source_10
quinidine,0.7535517811775208,0.4581730365753174,source_10
quinidine,0.7714757919311523,0.4806329011917114,source_10
quinidine,0.7828425765037537,0.5155011415481567,source_10
quinidine,0.6643677353858948,0.33416783809661865,source_10
quinidine,0.6956585049629211,0.44877171516418457,source_10
quinidine,0.7332441210746765,0.6904431283473969,source_10
quinidine,0.7017207145690918,0.49799424409866333,source_10
quinidine,0.6356827616691589,0.4593607187271118,source_10
quinidine,0.7115398645401001,0.4165559411048889,source_10
quinidine,0.6897315979003906,0.45197784900665283,source_10
quinidine,0.7418475151062012,0.37027209997177124,source_10
quinidine,0.7428884506225586,0.4005640745162964,source_10
quinidine,0.7356809377670288,0.4810301661491394,source_10
quinidine,0.7318363785743713,0.40800225734710693,source_10
quinidine,0.7264675498008728,0.7203078269958496,source_10
quinidine,0.7486199736595154,0.5129218697547913,source_10
quinidine,0.6535945534706116,0.43129950761795044,source_10
quinidine,0.67091965675354,0.4067811965942383,source_10
quinidine,0.6723655462265015,0.5315907895565033,source_10
quinidine,0.6676797270774841,0.5883539319038391,source_10
quinidine,0.677435576915741,0.4040895700454712,source_10
quinidine,0.7529630661010742,0.42662930488586426,source_10
quinidine,0.7650482654571533,0.42783260345458984,source_10
quinidine,0.7829801440238953,0.5359289646148682,source_10
quinidine,0.7900485992431641,0.6151445806026459,source_10
quinidine,0.7750866413116455,0.5245735049247742,source_10
quinidine,0.7292654514312744,0.27712368965148926,source_10
quinidine,0.7599695920944214,0.49266040325164795,source_10
quinidine,0.7796003222465515,0.631636381149292,source_10
quinidine,0.7334724068641663,0.48254144191741943,source_10
quinidine,0.7484967112541199,0.6365963816642761,source_10
quinidine,0.6239322423934937,0.5142893493175507,source_10
quinidine,0.740860104560852,0.523526132106781,source_10
quinidine,0.7616809606552124,0.6142176389694214,source_10
quinidine,0.7604078650474548,0.5443619787693024,source_10
quinidine,0.7059587240219116,0.43211829662323,source_10
quinidine,0.7154203653335571,0.641180008649826,source_10
quinidine,0.7249951958656311,0.6108604669570923,source_10
quinidine,0.7115234732627869,0.6361448764801025,source_10
quinidine,0.7178288102149963,0.5821751058101654,source_10
quinidine,0.7160231471061707,0.46608686447143555,source_10
quinidine,0.7428821325302124,0.6794016063213348,source_10
quinidine,0.7451248168945312,0.48757797479629517,source_10
quinidine,0.7655348777770996,0.3164011240005493,source_10
quinidine,0.7543515563011169,0.41927260160446167,source_10
quinidine,0.7086412310600281,0.4509233236312866,source_10
quinidine,0.6942333579063416,0.4080238342285156,source_10
quinidine,0.7202811241149902,0.6263216733932495,source_10
quinidine,0.7211544513702393,0.5781410932540894,source_10
quinidine,0.7139182090759277,0.5006982982158661,source_10
quinidine,0.74519944190979,0.6522195935249329,source_10
quinidine,0.7730028629302979,0.7267246544361115,source_10
quinidine,0.7818006873130798,0.5944893658161163,source_10
quinidine,0.6599276065826416,0.5749001502990723,source_10
quinidine,0.653968095779419,0.45838528871536255,source_10
quinidine,0.672362744808197,0.41846728324890137,source_10
quinidine,0.6770431995391846,0.613695502281189,source_10
quinidine,0.7184799909591675,0.5042978525161743,source_10
quinidine,0.7274882793426514,0.5724025666713715,source_10
quinidine,0.7264822721481323,0.4603959321975708,source_10
quinidine,0.7522729635238647,0.5385328531265259,source_10
quinidine,0.7362505197525024,0.5408248901367188,source_10
quinidine,0.6835898756980896,0.405525803565979,source_10
quinidine,0.7057796120643616,0.321651816368103,source_10
quinidine,0.7191607356071472,0.32639777660369873,source_10
quinidine,0.7077642679214478,0.5243290662765503,source_10
quinidine,0.7497695088386536,0.4772341847419739,source_10
quinidine,0.7731326222419739,0.3616131544113159,source_10
quinidine,0.746772289276123,0.3949859142303467,source_10
quinidine,0.7661683559417725,0.407021164894104,source_10
quinidine,0.7851459980010986,0.5063301920890808,source_10
quinidine,0.816535472869873,0.5385666489601135,source_10
quinidine,0.8155383467674255,0.5275017619132996,source_10
quinidine,0.8216452598571777,0.41664671897888184,source_10
quinidine,0.8592255711555481,0.5079155564308167,source_10
quinidine,0.7116147875785828,0.4476087689399719,source_10
quinidine,0.7015097737312317,0.28256404399871826,source_10
quinidine,0.7085792422294617,0.3457390069961548,source_10
quinidine,0.7162646055221558,0.4967973232269287,source_10
quinidine,0.720564067363739,0.4793176054954529,source_10
quinidine,0.71439528465271,0.3661454916000366,source_10
quinidine,0.730579674243927,0.5360002517700195,source_10
quinidine,0.7309128046035767,0.403759241104126,source_10
quinidine,0.6899097561836243,0.5343283414840698,source_10
quinidine,0.6766301989555359,0.39327502250671387,source_10
quinidine,0.6664231419563293,0.343305766582489,source_10
quinidine,0.6620888113975525,0.5706567466259003,source_10
quinidine,0.6863516569137573,0.36531901359558105,source_10
quinidine,0.6758784651756287,0.4375627636909485,source_10
quinidine,0.6806051731109619,0.4684267044067383,source_10
quinidine,0.6985185146331787,0.30792760848999023,source_10
quinidine,0.7641133666038513,0.7835144400596619,source_10
quinidine,0.7702850699424744,0.5982882082462311,source_10
quinidine,0.7793917655944824,0.7578705251216888,source_10
quinidine,0.8457093834877014,0.843883216381073,source_10
quinidine,0.8112646341323853,0.699892520904541,source_10
quinidine,0.8064252734184265,0.57685586810112,source_10
quinidine,0.7904064059257507,0.7495487928390503,source_10
quinidine,0.8093577027320862,0.6339178681373596,source_10
quinidine,0.9076381325721741,0.6899071335792542,source_10
quinidine,0.8930073380470276,0.78982874751091,source_10
quinidine,0.8508678078651428,0.7746743112802505,source_10
quinidine,0.8903152346611023,0.6560511589050293,source_10
quinidine,0.8651230931282043,0.6644415259361267,source_10
quinidine,0.8587285280227661,0.8557597100734711,source_10
quinidine,0.8465259075164795,0.8531801998615265,source_10
quinidine,0.8594754934310913,0.619033694267273,source_10
quinidine,0.6139491200447083,0.34893596172332764,source_10
quinidine,0.669258713722229,0.5901678204536438,source_10
quinidine,0.6756889224052429,0.5051540732383728,source_10
quinidine,0.6789767146110535,0.40203964710235596,source_10
quinidine,0.8345683813095093,0.7018494606018066,source_10
quinidine,0.812421441078186,0.6996352076530457,source_10
quinidine,0.8033387660980225,0.4788551330566406,source_10
quinidine,0.7905353307723999,0.44589757919311523,source_10
quinidine,0.5729721188545227,0.45260751247406006,source_10
quinidine,0.5786065459251404,0.36726027727127075,source_10
quinidine,0.585746169090271,0.4592827558517456,source_10
quinidine,0.598438560962677,0.4193660020828247,source_10
quinidine,0.5650374293327332,0.3929027318954468,source_10
quinidine,0.5804135799407959,0.3514077663421631,source_10
quinidine,0.6016756892204285,0.43560755252838135,source_10
quinidine,0.6141834259033203,0.4175470471382141,source_10
quinidine,0.6090579628944397,0.5677465498447418,source_10
quinidine,0.6404841542243958,0.46863114833831787,source_10
quinidine,0.6496130228042603,0.49198484420776367,source_10
quinidine,0.6466056108474731,0.5861585736274719,source_10
quinidine,0.704303503036499,0.5618936717510223,source_10
quinidine,0.6420024037361145,0.5921033024787903,source_10
quinidine,0.657358705997467,0.5883092284202576,source_10
quinidine,0.6776136755943298,0.6689661741256714,source_10
quinidine,0.7444429397583008,0.531215488910675,source_10
quinidine,0.7198286056518555,0.42982375621795654,source_10
quinidine,0.7121924757957458,0.3302685022354126,source_10
quinidine,0.6838411688804626,0.34361958503723145,source_10
quinidine,0.6885408759117126,0.41061729192733765,source_10
quinidine,0.6912370920181274,0.4032111167907715,source_10
quinidine,0.6715067028999329,0.32382965087890625,source_10
quinidine,0.6664788126945496,0.3542448878288269,source_10
quinidine,0.6553277373313904,0.4252086877822876,source_10
quinidine,0.6887909173965454,0.39862561225891113,source_10
quinidine,0.7039315700531006,0.37651175260543823,source_10
quinidine,0.704410195350647,0.3882286548614502,source_10
quinidine,0.7328311800956726,0.3485926389694214,source_10
quinidine,0.7305453419685364,0.39995265007019043,source_10
quinidine,0.8332264423370361,0.5100928246974945,source_10
quinidine,0.7410414814949036,0.5070045590400696,source_10
quinidine,0.7437527775764465,0.4643223285675049,source_10
quinidine,0.8762803077697754,0.31603097915649414,source_11
quinidine,0.6814315319061279,0.7211397290229797,source_11
quinidine,0.8401833176612854,0.33235979080200195,source_11
quinidine,0.7771334052085876,0.2553744316101074,source_11
quinidine,0.8106127381324768,0.31611764430999756,source_11
quinidine,0.8140944838523865,0.33676421642303467,source_11
quinidine,0.7866015434265137,0.2275928258895874,source_11
quinidine,0.7967389225959778,0.24468421936035156,source_11
quinidine,0.7885661125183105,0.2628876566886902,source_11
quinidine,0.7864782810211182,0.2587897777557373,source_11
quinidine,0.7971920967102051,0.2562609910964966,source_11
quinidine,0.797740638256073,0.23587000370025635,source_11
quinidine,0.7746882438659668,0.2138446569442749,source_11
quinidine,0.7924286723136902,0.3629698157310486,source_11
quinidine,0.7905193567276001,0.2541729211807251,source_11
quinidine,0.7783341407775879,0.23260152339935303,source_11
quinidine,0.7673214077949524,0.2208995819091797,source_11
quinidine,0.7765673995018005,0.19985711574554443,source_11
quinidine,0.9223527312278748,0.3212839365005493,source_11
quinidine,2.3302690982818604,0.5853595733642578,source_11
quinidine,0.8007583022117615,0.2629002332687378,source_11
quinidine,0.7817443013191223,0.2363918423652649,source_11
quinidine,0.808056116104126,0.2303401231765747,source_11
quinidine,0.8618075847625732,0.2428724765777588,source_11
quinidine,0.8744598031044006,0.2683095932006836,source_11
quinidine,0.8797157406806946,0.2520099878311157,source_11
quinidine,0.900375247001648,0.21985578536987305,source_11
quinidine,0.9318448305130005,0.25758135318756104,source_11
quinidine,0.9087428450584412,0.20121371746063232,source_11
quinidine,0.9174678921699524,0.2504366636276245,source_11
quinidine,0.925312876701355,0.2676846981048584,source_11
quinidine,0.9203751087188721,0.2462141513824463,source_11
quinidine,0.7072758078575134,0.348605215549469,source_11
quinidine,0.7588546276092529,0.36855101585388184,source_11
quinidine,0.7640963196754456,0.7734965682029724,source_11
quinidine,0.7535000443458557,0.2940672039985657,source_11
quinidine,0.7439536452293396,0.2788620591163635,source_11
quinidine,0.7606989145278931,0.2789480686187744,source_11
quinidine,0.6963871121406555,0.25868308544158936,source_11
quinidine,0.7682688236236572,0.37317997217178345,source_11
quinidine,0.7436428070068359,0.3686661124229431,source_11
quinidine,0.758987545967102,0.24735432863235474,source_11
quinidine,0.7721652388572693,0.3257333040237427,source_11
quinidine,0.7657034397125244,0.5322384834289551,source_11
quinidine,0.7629616260528564,0.25187957286834717,source_11
quinidine,0.7573415637016296,0.324008047580719,source_11
quinidine,0.7650513648986816,0.258309543132782,source_11
quinidine,0.7631709575653076,0.2483668327331543,source_11
quinidine,0.7525855302810669,0.263863742351532,source_11
quinidine,0.7542561292648315,0.351193368434906,source_11
quinidine,0.7479984760284424,0.28879737854003906,source_11
quinidine,0.7492328882217407,0.26092684268951416,source_11
quinidine,0.6893424987792969,0.6016393303871155,source_11
quinidine,0.7512556910514832,0.2815091609954834,source_11
quinidine,0.6962010860443115,0.22677844762802124,source_11
quinidine,0.6864461898803711,0.21682918071746826,source_11
quinidine,0.6770073175430298,0.19464832544326782,source_11
quinidine,0.6775131821632385,0.2527799606323242,source_11
quinidine,0.7195623517036438,0.3114553689956665,source_11
quinidine,0.6895283460617065,0.1872168779373169,source_11
quinidine,0.8039683103561401,0.3558589220046997,source_11
quinidine,0.8207468390464783,0.37194395065307617,source_11
quinidine,0.6896951198577881,0.39204418659210205,source_11
quinidine,0.7893663048744202,0.4034755229949951,source_11
quinidine,0.6851550936698914,0.21198898553848267,source_11
quinidine,0.6902034282684326,0.27055346965789795,source_11
quinidine,0.6019285321235657,0.2873964309692383,source_11
quinidine,0.6270532608032227,0.3088732957839966,source_11
quinidine,0.7151877284049988,0.32716602087020874,source_11
quinidine,0.7414900660514832,0.33555877208709717,source_11
quinidine,0.7393670678138733,0.35687828063964844,source_11
quinidine,0.7343968152999878,0.3340243697166443,source_11
quinidine,0.7379288077354431,0.2922937273979187,source_11
quinidine,0.755223274230957,0.32264965772628784,source_11
quinidine,0.7619494795799255,0.27186858654022217,source_11
quinidine,0.7991955876350403,0.3561967611312866,source_11
quinidine,0.7852873206138611,0.3229105472564697,source_11
quinidine,0.7571706175804138,0.2635619640350342,source_11
quinidine,0.7799707055091858,0.773180291056633,source_11
quinidine,0.7936691641807556,0.2659910321235657,source_11
quinidine,0.7977330684661865,0.26909613609313965,source_11
quinidine,0.764511227607727,0.2346663475036621,source_11
quinidine,0.7759761214256287,0.2774578332901001,source_11
quinidine,0.7985495328903198,0.22608232498168945,source_11
quinidine,0.7894326448440552,0.2318592071533203,source_11
quinidine,0.9657838940620422,0.6832049190998077,source_11
quinidine,0.7442619204521179,0.22762322425842285,source_11
quinidine,0.7200722694396973,0.3168468475341797,source_11
quinidine,0.7163341045379639,0.34548163414001465,source_11
quinidine,0.7362458109855652,0.7274489104747772,source_11
quinidine,0.7213684320449829,0.35887229442596436,source_11
quinidine,0.7443557381629944,0.2576397657394409,source_11
quinidine,0.7372967004776001,0.26180946826934814,source_11
quinidine,0.7303957343101501,0.26471590995788574,source_11
quinidine,0.7244401574134827,0.2391875982284546,source_11
quinidine,0.7482700943946838,0.33708012104034424,source_11
quinidine,0.7659741044044495,0.2579457759857178,source_11
quinidine,0.7634040117263794,0.2741130590438843,source_11
quinidine,0.6392013430595398,0.6289547383785248,source_11
quinidine,0.6214981079101562,0.3774747848510742,source_11
quinidine,0.6142867803573608,0.3243247866630554,source_11
quinidine,0.6048598885536194,0.38763803243637085,source_11
quinidine,0.5946870446205139,0.3560594320297241,source_11
quinidine,0.5731348991394043,0.23869293928146362,source_11
quinidine,0.6564903855323792,0.37884193658828735,source_11
quinidine,0.628959596157074,0.3215928077697754,source_11
quinidine,0.6249617338180542,0.28852295875549316,source_11
quinidine,0.6230652928352356,0.2886275053024292,source_11
quinidine,0.636570930480957,0.2800412178039551,source_11
quinidine,0.6576693058013916,0.24748903512954712,source_11
quinidine,0.6639955043792725,0.37998664379119873,source_11
quinidine,0.6594400405883789,0.3302435874938965,source_11
quinidine,0.6998178362846375,0.2647958993911743,source_11
quinidine,0.6637460589408875,0.24153995513916016,source_11
quinidine,0.6620199084281921,0.2510388493537903,source_11
quinidine,0.6586936116218567,0.26552248001098633,source_11
quinidine,0.6619295477867126,0.39379167556762695,source_11
quinidine,0.6633977293968201,0.3049067258834839,source_11
quinidine,0.6870746612548828,0.4187823534011841,source_11
quinidine,0.694177508354187,0.29196977615356445,source_11
quinidine,0.6930871605873108,0.4239163398742676,source_11
quinidine,0.6741482615470886,0.388729989528656,source_11
quinidine,0.6444092392921448,0.31800252199172974,source_11
quinidine,0.6320933103561401,0.30328118801116943,source_11
quinidine,0.6423236727714539,0.3940792679786682,source_11
quinidine,0.6602877974510193,0.3641001582145691,source_11
quinidine,0.6700467467308044,0.4124889373779297,source_11
quinidine,0.6791892051696777,0.2352038025856018,source_11
quinidine,0.5837270617485046,0.36553633213043213,source_11
quinidine,0.6296789646148682,0.35430675745010376,source_11
quinidine,0.6062349677085876,0.3423105478286743,source_11
quinidine,0.6078348159790039,0.28898388147354126,source_11
quinidine,0.5860455632209778,0.32146263122558594,source_11
quinidine,0.5822856426239014,0.2656329870223999,source_11
quinidine,0.6237034797668457,0.4119400978088379,source_11
quinidine,0.6287588477134705,0.30950260162353516,source_11
quinidine,0.6044526100158691,0.30536317825317383,source_11
quinidine,0.5906784534454346,0.3858778476715088,source_11
quinidine,0.5912590622901917,0.2462252974510193,source_11
quinidine,0.5985388159751892,0.3315197229385376,source_11
quinidine,0.607309103012085,0.26235711574554443,source_11
quinidine,0.6163328886032104,0.24259936809539795,source_11
quinidine,0.6199547052383423,0.38497477769851685,source_11
quinidine,0.6142506003379822,0.298001229763031,source_11
quinidine,0.617939829826355,0.3325663208961487,source_11
quinidine,0.6177982687950134,0.28787118196487427,source_11
quinidine,0.623991072177887,0.297421932220459,source_11
quinidine,0.620307207107544,0.31257331371307373,source_11
quinidine,0.6365894079208374,0.3081830143928528,source_11
quinidine,0.6658560037612915,0.4064253568649292,source_11
quinidine,0.6685888767242432,0.2424054741859436,source_11
quinidine,0.6880010366439819,0.3270420432090759,source_11
quinidine,0.6960781216621399,0.3800464868545532,source_11
quinidine,0.6081535220146179,0.24981296062469482,source_11
quinidine,0.6108137369155884,0.3063387870788574,source_11
quinidine,0.6128284335136414,0.26061373949050903,source_11
quinidine,0.5994865894317627,0.32664453983306885,source_11
quinidine,0.6067666411399841,0.24267983436584473,source_11
quinidine,0.5854618549346924,0.29535114765167236,source_11
quinidine,0.5994867086410522,0.25353920459747314,source_11
quinidine,0.5933526754379272,0.4145876169204712,source_11
quinidine,0.5997709035873413,0.28603971004486084,source_11
quinidine,0.5936220288276672,0.2956275939941406,source_11
quinidine,0.6037037372589111,0.37114351987838745,source_11
quinidine,0.611723780632019,0.31737929582595825,source_11
quinidine,0.629884660243988,0.33357298374176025,source_11
quinidine,0.6359416842460632,0.28556668758392334,source_11
quinidine,1.3072987794876099,0.717034250497818,source_9
quinidine,1.3121410608291626,0.6464693248271942,source_9
quinidine,1.348684310913086,0.6615081429481506,source_9
quinidine,1.3747519254684448,0.6793513298034668,source_9
quinidine,1.3484938144683838,0.4377248287200928,source_9
quinidine,1.4070252180099487,0.4527760148048401,source_9
quinidine,1.4246435165405273,0.4939965009689331,source_9
quinidine,1.418972373008728,0.43393439054489136,source_9
quinidine,1.4116911888122559,0.3646889925003052,source_9
quinidine,1.4530301094055176,0.5320180058479309,source_9
quinidine,1.3119350671768188,0.529369056224823,source_9
quinidine,1.0521678924560547,0.7497344315052032,source_9
quinidine,1.0175387859344482,0.6307642459869385,source_9
quinidine,1.0351316928863525,0.8467879593372345,source_9
quinidine,1.035152792930603,0.6836373209953308,source_9
quinidine,1.0162403583526611,0.7125847339630127,source_9
quinidine,0.9600366353988647,0.7462292313575745,source_9
quinidine,0.9614169001579285,0.528742790222168,source_9
quinidine,1.1199935674667358,0.7111438512802124,source_9
quinidine,1.127833366394043,0.6771523952484131,source_9
quinidine,1.0859726667404175,0.46467989683151245,source_9
quinidine,1.0637474060058594,0.562340497970581,source_9
quinidine,1.0497697591781616,0.6257975101470947,source_9
quinidine,1.4087159633636475,0.7046372890472412,source_9
quinidine,1.3831603527069092,0.5952798128128052,source_9
quinidine,1.333739161491394,0.6878330707550049,source_9
quinidine,1.0427526235580444,0.4985247850418091,source_9
quinidine,1.0627758502960205,0.6005660593509674,source_9
quinidine,1.0921040773391724,0.6777221262454987,source_9
quinidine,1.1138331890106201,0.45587241649627686,source_9
quinidine,1.0857090950012207,0.5350958108901978,source_9
quinidine,1.0642503499984741,0.5965445339679718,source_9
quinidine,1.0710664987564087,0.474015474319458,source_9
quinidine,1.1093686819076538,0.5129364132881165,source_9
quinidine,1.0941929817199707,0.4742640256881714,source_9
quinidine,1.104285717010498,0.47846323251724243,source_9
quinidine,1.0462584495544434,0.46329545974731445,source_9
quinidine,1.330102801322937,0.6664678752422333,source_9
quinidine,1.2644844055175781,0.5682151913642883,source_9
quinidine,1.2643234729766846,0.6884836554527283,source_9
quinidine,1.2366276979446411,0.7265462279319763,source_9
quinidine,1.2272967100143433,0.7006288766860962,source_9
quinidine,1.1495637893676758,0.6045302748680115,source_9
quinidine,1.1872199773788452,0.5684585571289062,source_9
quinidine,1.1767783164978027,0.5796260833740234,source_9
quinidine,1.1884874105453491,0.5069678425788879,source_9
quinidine,1.160212516784668,0.5512181520462036,source_9
quinidine,1.1159241199493408,0.8312224298715591,source_9
quinidine,0.961532711982727,0.701106607913971,source_9
quinidine,1.245252013206482,0.681475818157196,source_9
quinidine,1.264335036277771,0.6240442395210266,source_9
quinidine,1.3059659004211426,0.6148478984832764,source_9
quinidine,1.256657361984253,0.5277917981147766,source_9
quinidine,1.354046106338501,0.5724146366119385,source_9
quinidine,1.3619858026504517,0.702161967754364,source_9
quinidine,1.3201069831848145,0.7190273404121399,source_9
quinidine,1.138745903968811,0.6402606964111328,source_9
quinidine,1.1239449977874756,0.4749668836593628,source_9
quinidine,1.164457082748413,0.5054039657115936,source_9
quinidine,1.1677212715148926,0.5156962275505066,source_9
quinidine,1.1759124994277954,0.5946625471115112,source_9
quinidine,1.1769452095031738,0.5002396702766418,source_9
quinidine,1.1887598037719727,0.44603484869003296,source_9
quinidine,1.266378402709961,0.5164719223976135,source_9
quinidine,1.1978317499160767,0.6626575589179993,source_9
quinidine,1.2116823196411133,0.6941116154193878,source_9
quinidine,1.1968953609466553,0.6990138292312622,source_9
quinidine,1.1538735628128052,0.6366214454174042,source_9
quinidine,1.2233151197433472,0.7349664270877838,source_9
quinidine,1.2037724256515503,0.7484009861946106,source_9
quinidine,1.2045005559921265,0.7297927737236023,source_9
quinidine,1.550626516342163,0.7970266491174698,source_9
quinidine,1.3251707553863525,0.5426641702651978,source_9
quinidine,0.867683470249176,0.3223278522491455,source_9
quinidine,0.8747799396514893,0.31586754322052,source_9
quinidine,0.8861604928970337,0.29484426975250244,source_9
quinidine,0.8740310072898865,0.2917732000350952,source_9
quinidine,0.8534346222877502,0.32272326946258545,source_9
quinidine,0.8705681562423706,0.3321647644042969,source_9
quinidine,0.8663101196289062,0.37681037187576294,source_9
quinidine,0.8498462438583374,0.36842870712280273,source_9
quinidine,0.8453109860420227,0.4417726993560791,source_9
quinidine,0.8364151120185852,0.3756159543991089,source_9
quinidine,1.0756402015686035,0.5414763987064362,source_9
quinidine,1.1174017190933228,0.6165897846221924,source_9
quinidine,1.094044804573059,0.5982833206653595,source_9
quinidine,1.0720874071121216,0.45628565549850464,source_9
quinidine,1.0795444250106812,0.612987756729126,source_9
quinidine,1.0755060911178589,0.5773132741451263,source_9
quinidine,1.0809051990509033,0.6024262309074402,source_9
quinidine,1.2013200521469116,0.6962063014507294,source_9
quinidine,1.1662226915359497,0.7709692418575287,source_9
quinidine,1.1533100605010986,0.7514133751392365,source_9
quinidine,1.330249547958374,0.5173252522945404,source_9
quinidine,1.4611716270446777,0.5293033123016357,source_9
quinidine,1.3955636024475098,0.5326369404792786,source_9
quinidine,1.3215426206588745,0.4123331308364868,source_9
quinidine,1.3277003765106201,0.3816840648651123,source_9
quinidine,1.5293734073638916,0.5572443306446075,source_9
quinidine,0.5638136267662048,0.6718955934047699,source_3
quinidine,0.5748992562294006,0.5476102530956268,source_3
quinidine,0.5993490219116211,0.7563847899436951,source_3
quinidine,0.6068795919418335,0.7940861284732819,source_3
quinidine,0.6510651111602783,0.8465893268585205,source_3
quinidine,0.6421610713005066,0.5774581432342529,source_3
quinidine,0.6472292542457581,0.5108768343925476,source_3
quinidine,0.627417802810669,0.4865802526473999,source_3
quinidine,0.6109505295753479,0.6424783170223236,source_3
quinidine,0.6224256157875061,0.5479148328304291,source_3
quinidine,0.6222532987594604,0.4399477243423462,source_3
quinidine,0.6163987517356873,0.44922739267349243,source_3
quinidine,0.5984443426132202,0.46325862407684326,source_3
quinidine,0.6049248576164246,0.6439585983753204,source_3
quinidine,0.6095687747001648,0.5627064108848572,source_3
quinidine,0.620859682559967,0.5804186463356018,source_3
quinidine,0.6310884356498718,0.44049781560897827,source_3
quinidine,0.586614191532135,0.5042613744735718,source_3
quinidine,0.5615650415420532,0.6206879913806915,source_3
quinidine,0.5954417586326599,0.4988590478897095,source_3
quinidine,0.6397931575775146,0.44423341751098633,source_3
quinidine,0.634217381477356,0.46853822469711304,source_3
quinidine,0.632230818271637,0.46135157346725464,source_3
quinidine,0.7228387594223022,0.7555844485759735,source_3
quinidine,0.6149634122848511,0.6558496057987213,source_3
quinidine,0.6209994554519653,0.6126636862754822,source_3
quinidine,0.6292142868041992,0.3965189456939697,source_3
quinidine,0.6406103372573853,0.5998667776584625,source_3
quinidine,0.6272311210632324,0.6386370658874512,source_3
quinidine,0.6531482934951782,0.6894533038139343,source_3
quinidine,0.6092008948326111,0.7238756716251373,source_3
quinidine,0.630473792552948,1.0417799949645996,source_3
quinidine,0.6339556574821472,0.6208028197288513,source_3
quinidine,0.6483010649681091,0.44906651973724365,source_3
quinidine,0.6481868624687195,0.5555052161216736,source_3
quinidine,0.6582861542701721,0.6310218870639801,source_3
quinidine,0.6404402852058411,0.6198704838752747,source_3
quinidine,0.6199134588241577,0.5243498384952545,source_3
quinidine,0.6361297369003296,0.5192767381668091,source_3
quinidine,0.6295416951179504,0.43652671575546265,source_3
quinidine,0.6407245993614197,0.8274032473564148,source_3
quinidine,0.8433385491371155,0.7301108837127686,source_3
quinidine,2.265998363494873,0.9908131491392851,source_3
quinidine,1.0224090814590454,0.6675436496734619,source_15
quinidine,1.0130330324172974,0.5072776973247528,source_15
quinidine,1.013933777809143,0.7736630439758301,source_15
quinidine,0.99753737449646,0.7347175776958466,source_15
quinidine,1.008743166923523,0.7396658658981323,source_15
quinidine,0.999633252620697,0.6641844213008881,source_15
quinidine,0.9810957908630371,0.6922042965888977,source_15
quinidine,1.005934238433838,0.6587807536125183,source_15
quinidine,1.0190885066986084,0.8858819156885147,source_15
quinidine,0.9986845850944519,0.6637643873691559,source_15
quinidine,1.0122877359390259,0.7387990951538086,source_15
quinidine,1.01631760597229,0.6055951714515686,source_15
quinidine,1.0140562057495117,0.4555920958518982,source_15
quinidine,1.0000004768371582,0.5477590262889862,source_15
quinidine,0.9836962223052979,0.8156444281339645,source_15
quinidine,0.9632105231285095,0.6074910461902618,source_15
quinidine,0.9708866477012634,0.6333603858947754,source_15
quinidine,0.9908077120780945,0.5888007283210754,source_15
quinidine,1.0032525062561035,0.5621744990348816,source_15
quinidine,0.9612215161323547,0.533510148525238,source_15
quinidine,0.9871081709861755,0.6029660403728485,source_15
quinidine,0.968478798866272,0.6304661631584167,source_15
quinidine,0.9719699025154114,0.8206638842821121,source_15
quinidine,0.9450015425682068,0.657353937625885,source_15
quinidine,0.9707340598106384,0.7484724223613739,source_15
quinidine,0.9552086591720581,0.6775120496749878,source_15
quinidine,0.9497371912002563,0.5651391744613647,source_15
quinidine,0.9362878799438477,0.6156880259513855,source_15
quinidine,0.9674478769302368,0.7557549327611923,source_15
quinidine,0.9734851717948914,0.48098522424697876,source_15
quinidine,1.5749577283859253,0.6907118558883667,source_15
quinidine,1.7570830583572388,0.7412832975387573,source_15
quinidine,1.717093825340271,0.7276409864425659,source_15
quinidine,1.600181221961975,0.7406410574913025,source_15
quinidine,1.5460113286972046,0.7988249957561493,source_15
quinidine,1.487447738647461,0.7977299392223358,source_15
quinidine,1.5201447010040283,0.747799813747406,source_15
quinidine,1.4563734531402588,0.636343240737915,source_15
quinidine,1.4531662464141846,0.6337439715862274,source_15
quinidine,1.4319326877593994,0.4701673984527588,source_15
quinidine,1.4064453840255737,0.605646163225174,source_15
quinidine,1.3889410495758057,0.7594933211803436,source_15
quinidine,1.4265897274017334,0.6408226490020752,source_15
quinidine,1.3520561456680298,0.7682787925004959,source_15
quinidine,1.3075355291366577,0.72719407081604,source_15
quinidine,1.287063717842102,0.5997844636440277,source_15
quinidine,1.3109468221664429,0.6834163665771484,source_15
quinidine,1.3116960525512695,0.6298696398735046,source_15
quinidine,1.2968109846115112,0.69599848985672,source_15
quinidine,1.3189669847488403,0.7618191540241241,source_15
quinidine,1.3557794094085693,0.70706707239151,source_15
quinidine,1.349768877029419,0.5671520233154297,source_15
quinidine,1.2327172756195068,0.6528334617614746,source_15
quinidine,1.2552893161773682,0.640092134475708,source_15
quinidine,1.2288994789123535,0.5511865019798279,source_15
quinidine,1.256510853767395,0.7536353915929794,source_15
quinidine,1.2012132406234741,0.8422871530056,source_15
quinidine,1.2512092590332031,0.6181030869483948,source_15
quinidine,0.9726229310035706,0.647485762834549,source_15
quinidine,0.9789671897888184,0.41978657245635986,source_15
quinidine,0.9715533256530762,0.6394986212253571,source_15
quinidine,1.0045086145401,0.620816171169281,source_15
quinidine,1.0155137777328491,0.6296221017837524,source_15
quinidine,1.0129822492599487,0.7858046293258667,source_15
quinidine,1.2404969930648804,0.7824727296829224,source_15
quinidine,1.1508779525756836,0.8248150050640106,source_15
quinidine,1.137974739074707,0.8065906316041946,source_15
quinidine,1.1457581520080566,0.8487206697463989,source_15
quinidine,1.239436149597168,0.7437700927257538,source_15
quinidine,1.1187489032745361,0.8305136561393738,source_15
quinidine,1.255850911140442,0.8355855941772461,source_15
quinidine,1.3250095844268799,0.7896226495504379,source_15
quinidine,0.9647864699363708,0.4287978410720825,source_15
quinidine,1.1179115772247314,0.5912261009216309,source_15
quinidine,1.1836652755737305,0.6164179444313049,source_15
quinidine,1.1726138591766357,0.6011378169059753,source_15
quinidine,0.9842622876167297,0.7754719108343124,source_15
quinidine,0.9625005722045898,0.8051077127456665,source_15
quinidine,0.9621437191963196,0.7381131649017334,source_15
quinidine,0.9484245777130127,0.826090931892395,source_15
quinidine,0.9449869990348816,0.7348450422286987,source_15
quinidine,1.2592051029205322,0.8846279308199883,source_15
quinidine,1.277018427848816,0.7703855484724045,source_15
quinidine,1.2543630599975586,0.6462525427341461,source_15
quinidine,1.2508695125579834,0.9505494460463524,source_15
quinidine,1.236382007598877,0.6747565865516663,source_15
quinidine,1.2718323469161987,0.6698964834213257,source_15
quinidine,1.2543238401412964,0.6083320379257202,source_15
quinidine,1.25525963306427,0.8247129023075104,source_15
quinidine,1.244489073753357,0.6799868941307068,source_15
quinidine,0.9095419645309448,0.4777143597602844,source_15
quinidine,0.910750687122345,0.6669062376022339,source_15
quinidine,0.9722983241081238,0.5246851146221161,source_15
quinidine,0.9951710104942322,0.560164213180542,source_15
quinidine,0.9980770945549011,0.6850223541259766,source_15
quinidine,1.0111883878707886,0.5885625183582306,source_15
quinidine,1.0104434490203857,0.6486145853996277,source_15
quinidine,1.010553002357483,0.7051317691802979,source_15
quinidine,1.0033190250396729,0.6128215193748474,source_15
quinidine,1.0267781019210815,0.7381500005722046,source_15
quinidine,1.0475424528121948,0.6054987907409668,source_15
quinidine,1.043564796447754,0.6390563249588013,source_15
quinidine,1.049211859703064,0.7318914830684662,source_15
quinidine,1.0301547050476074,0.6863929629325867,source_15
quinidine,1.0177428722381592,0.6140203475952148,source_15
quinidine,1.0314322710037231,0.48005110025405884,source_15
quinidine,1.0235172510147095,0.7068100869655609,source_15
quinidine,1.0169967412948608,0.5862191617488861,source_15
quinidine,1.009968638420105,0.5739694237709045,source_15
quinidine,1.0298712253570557,0.6657226085662842,source_15
quinidine,1.056311011314392,0.6377430260181427,source_15
quinidine,1.0399996042251587,0.6868114769458771,source_15
quinidine,1.0362403392791748,0.7344352006912231,source_15
quinidine,1.0203012228012085,0.6441956758499146,source_15
quinidine,1.0146422386169434,0.7295823991298676,source_15
quinidine,1.0267856121063232,0.834743082523346,source_15
quinidine,1.0058927536010742,0.5384932160377502,source_15
quinidine,1.0650709867477417,0.6293504536151886,source_15
quinidine,1.0602937936782837,0.5591678619384766,source_15
quinidine,1.0600076913833618,0.5977441370487213,source_15
quinidine,0.9856053590774536,0.47685325145721436,source_15
quinidine,1.0288923978805542,0.6816213428974152,source_15
quinidine,1.0203713178634644,0.4680168628692627,source_15
quinidine,1.053465485572815,0.7831963002681732,source_15
quinidine,0.920109748840332,0.6928683519363403,source_15
quinidine,0.9884553551673889,0.9854275975376368,source_15
quinidine,0.9792335629463196,0.9686944894492626,source_15
quinidine,0.9211306571960449,1.0118421921506524,source_15
quinidine,0.9317896962165833,0.6332303881645203,source_15
quinidine,0.8990591168403625,0.7779451757669449,source_15
quinidine,0.9192075729370117,0.7893955111503601,source_15
quinidine,0.941734254360199,0.7211726307868958,source_15
quinidine,0.906723141670227,0.9487986117601395,source_15
quinidine,0.9581092596054077,0.9399810396134853,source_15
quinidine,1.031287670135498,0.8466517925262451,source_15
quinidine,0.9677035808563232,0.7511433362960815,source_15
quinidine,0.9523977637290955,0.8995403796434402,source_15
quinidine,1.0218837261199951,0.8139534890651703,source_15
quinidine,1.0658077001571655,0.7990397363901138,source_15
quinidine,1.0469592809677124,0.804011344909668,source_15
quinidine,1.0520001649856567,0.5981301665306091,source_15
quinidine,1.0590115785598755,1.031980250030756,source_15
quinidine,1.0200605392456055,0.8543630093336105,source_15
quinidine,1.0301812887191772,0.959903072565794,source_15
quinidine,0.9072862267494202,0.8732964098453522,source_15
quinidine,0.9372161030769348,0.7953793555498123,source_15
quinidine,0.5948193669319153,0.4631108045578003,source_3
quinidine,0.5824570059776306,0.7026045322418213,source_3
quinidine,0.5879406332969666,0.616215854883194,source_3
quinidine,0.57337486743927,0.45818859338760376,source_3
quinidine,0.7586053609848022,0.5996424555778503,source_3
quinidine,0.5569820404052734,0.808747410774231,source_3
quinidine,0.5760741233825684,0.46799182891845703,source_3
quinidine,0.5249798893928528,0.5306311249732971,source_3
quinidine,0.5986803770065308,0.4345502257347107,source_3
quinidine,0.6190364360809326,0.44394367933273315,source_3
quinidine,0.623282253742218,0.4781324863433838,source_3
quinidine,0.6223523616790771,0.578504741191864,source_3
quinidine,0.5637431740760803,0.41375911235809326,source_3
quinidine,0.5877677202224731,0.517956405878067,source_3
quinidine,0.5881014466285706,0.5495191216468811,source_3
quinidine,0.5857774019241333,0.4920230507850647,source_3
quinidine,0.5478916168212891,0.7487048804759979,source_3
quinidine,0.622915506362915,0.5266609191894531,source_3
quinidine,0.5292037725448608,0.5182313919067383,source_3
quinidine,0.5375195145606995,0.8171033263206482,source_3
quinidine,0.6648093461990356,0.6461021304130554,source_3
quinidine,0.5471058487892151,0.4054151773452759,source_3
quinidine,0.5920587778091431,0.5525612831115723,source_3
quinidine,0.574116051197052,0.7240011394023895,source_3
quinidine,0.6373608708381653,0.6186948120594025,source_3
quinidine,0.5740023255348206,0.5214006900787354,source_3
quinidine,0.5824000239372253,0.46856653690338135,source_3
quinidine,0.5773681402206421,0.4347737431526184,source_3
quinidine,0.5909578204154968,0.5274356603622437,source_3
quinidine,0.599174439907074,0.4565398693084717,source_3
quinidine,0.6018074154853821,0.7405349910259247,source_3
quinidine,0.5971568822860718,0.41543591022491455,source_3
quinidine,0.5926021337509155,0.5676654875278473,source_3
quinidine,0.6324806213378906,0.5617758631706238,source_3
quinidine,0.6498435735702515,0.49129605293273926,source_3
quinidine,0.6511631608009338,0.6272227764129639,source_3
quinidine,1.2158666849136353,0.7388225793838501,source_1
quinidine,1.4573760032653809,0.8823299556970596,source_1
quinidine,1.0313482284545898,0.5310104489326477,source_1
quinidine,0.9583494663238525,0.48697787523269653,source_1
quinidine,1.1127898693084717,0.590278834104538,source_1
quinidine,1.105958104133606,0.7415433824062347,source_1
quinidine,1.1475428342819214,0.6016812324523926,source_1
quinidine,1.0957715511322021,0.6608022749423981,source_1
quinidine,1.4428616762161255,0.9430283457040787,source_1
quinidine,1.465000867843628,0.741539716720581,source_1
quinidine,1.3838093280792236,0.6729248464107513,source_1
quinidine,1.501639485359192,0.7111133933067322,source_1
quinidine,1.4902454614639282,0.8809354230761528,source_1
quinidine,1.5038257837295532,0.6944659948348999,source_1
quinidine,1.4735769033432007,0.7628429532051086,source_1
quinidine,1.379946231842041,0.7313357591629028,source_1
quinidine,3.189445734024048,0.9585117511451244,source_1
quinidine,1.5403259992599487,0.628860205411911,source_1
quinidine,1.0443648099899292,0.6956872940063477,source_1
quinidine,1.0405616760253906,0.5825284123420715,source_1
quinidine,1.069350242614746,0.6088871955871582,source_1
quinidine,1.2654722929000854,0.605859100818634,source_1
quinidine,1.3089591264724731,0.7020886838436127,source_1
quinidine,0.9940695762634277,0.5942354202270508,source_1
quinidine,0.9591876268386841,0.6733528971672058,source_1
quinidine,1.002697229385376,0.41182243824005127,source_1
quinidine,1.0486360788345337,0.7147870361804962,source_1
quinidine,1.1739920377731323,0.5912270843982697,source_1
quinidine,1.0339958667755127,0.7152392566204071,source_1
quinidine,1.2362374067306519,0.7055191397666931,source_1
quinidine,1.222861647605896,0.733900636434555,source_1
quinidine,1.2100468873977661,0.5910980701446533,source_1
quinidine,1.2419575452804565,0.6649339497089386,source_1
quinidine,1.2842003107070923,0.500772625207901,source_1
quinidine,1.4062556028366089,1.057833045721054,source_1
quinidine,1.750292420387268,0.9762594364583492,source_1
quinidine,1.306849479675293,0.9139434397220612,source_1
quinidine,1.1391727924346924,0.557853102684021,source_1
quinidine,1.1715625524520874,0.7315150499343872,source_1
quinidine,1.1517963409423828,0.6994231939315796,source_1
quinidine,1.7399686574935913,0.7985804826021194,source_1
quinidine,1.0184811353683472,0.7002233862876892,source_1
quinidine,1.0987828969955444,0.7182124853134155,source_1
quinidine,1.0525791645050049,0.5802427530288696,source_1
quinidine,1.046615719795227,0.8516580313444138,source_1
quinidine,0.8354742527008057,0.5650130212306976,source_1
quinidine,1.2332355976104736,0.7274959087371826,source_1
quinidine,1.2572070360183716,0.5461521148681641,source_1
quinidine,1.3197033405303955,0.7071753740310669,source_1
quinidine,1.2271136045455933,0.8007967174053192,source_1
quinidine,1.2463610172271729,0.7344379723072052,source_1
TC-S-7004,1.0305931568145752,0.48064374923706055,source_2
TC-S-7004,1.0316288471221924,0.5532043278217316,source_2
TC-S-7004,1.038230061531067,0.4699063301086426,source_2
TC-S-7004,1.05032217502594,0.4841849207878113,source_2
TC-S-7004,1.1830042600631714,0.5659975409507751,source_2
TC-S-7004,1.0762486457824707,0.47047650814056396,source_2
TC-S-7004,0.9796935319900513,0.5473437905311584,source_2
TC-S-7004,0.9717709422111511,0.5315544009208679,source_2
TC-S-7004,1.00404953956604,0.5516917109489441,source_2
TC-S-7004,0.9787495732307434,0.5639071464538574,source_2
TC-S-7004,0.9758021831512451,0.5856655240058899,source_2
TC-S-7004,0.9728068113327026,0.541839599609375,source_2
TC-S-7004,1.009095311164856,0.5590266585350037,source_2
TC-S-7004,1.024733066558838,0.5495105981826782,source_2
TC-S-7004,1.9336682558059692,0.46829307079315186,source_2
TC-S-7004,1.9699431657791138,0.5620812773704529,source_2
TC-S-7004,1.992943525314331,0.4922828674316406,source_2
TC-S-7004,1.885191559791565,0.48267996311187744,source_2
TC-S-7004,1.8514950275421143,0.5355298519134521,source_2
TC-S-7004,1.8711854219436646,0.47408348321914673,source_2
TC-S-7004,1.9614861011505127,0.4908221364021301,source_2
TC-S-7004,1.9579455852508545,0.597779244184494,source_2
TC-S-7004,2.046285629272461,0.5003515779972076,source_2
TC-S-7004,1.873935341835022,0.4739267826080322,source_2
TC-S-7004,1.8917497396469116,0.4958721399307251,source_2
TC-S-7004,1.8942205905914307,0.5181192755699158,source_2
TC-S-7004,1.8452379703521729,0.5280182957649231,source_2
TC-S-7004,1.8741562366485596,0.47504425048828125,source_2
TC-S-7004,1.8830540180206299,0.5258724689483643,source_2
TC-S-7004,1.9647119045257568,0.5043635666370392,source_2
TC-S-7004,1.958827018737793,0.5436488389968872,source_2
TC-S-7004,1.1010894775390625,0.4118310213088989,source_2
TC-S-7004,1.099949836730957,0.38800501823425293,source_2
TC-S-7004,1.1111040115356445,0.3819774389266968,source_2
TC-S-7004,1.0937632322311401,0.3902856111526489,source_2
TC-S-7004,1.1033638715744019,0.46426618099212646,source_2
TC-S-7004,1.1076698303222656,0.4120532274246216,source_2
TC-S-7004,1.1078948974609375,0.4647805690765381,source_2
TC-S-7004,1.1095927953720093,0.4434792399406433,source_2
TC-S-7004,1.1014865636825562,0.4068118929862976,source_2
TC-S-7004,1.1065266132354736,0.39164650440216064,source_2
TC-S-7004,1.1146103143692017,0.36128973960876465,source_2
TC-S-7004,1.1131936311721802,0.3619927167892456,source_2
TC-S-7004,1.1149033308029175,0.45898962020874023,source_2
TC-S-7004,1.1234982013702393,0.38736891746520996,source_2
TC-S-7004,1.1243171691894531,0.4301140308380127,source_2
TC-S-7004,1.1180320978164673,0.37086570262908936,source_2
TC-S-7004,1.1285600662231445,0.3930613398551941,source_2
TC-S-7004,1.1276271343231201,0.36448872089385986,source_2
TC-S-7004,1.1380565166473389,0.4064430594444275,source_2
TC-S-7004,1.1624988317489624,0.3865232467651367,source_2
TC-S-7004,1.041762113571167,0.3795554041862488,source_2
TC-S-7004,1.0511369705200195,0.391480028629303,source_2
TC-S-7004,1.0634430646896362,0.37646418809890747,source_2
TC-S-7004,1.0557583570480347,0.43643879890441895,source_2
TC-S-7004,1.0619159936904907,0.3901231288909912,source_2
TC-S-7004,1.0654977560043335,0.3720467686653137,source_2
TC-S-7004,1.0605775117874146,0.3735552430152893,source_2
TC-S-7004,1.0592325925827026,0.3829556703567505,source_2
TC-S-7004,1.0721867084503174,0.36524856090545654,source_2
TC-S-7004,1.0930922031402588,0.42968738079071045,source_2
TC-S-7004,1.0612552165985107,0.36383718252182007,source_2
TC-S-7004,1.0848692655563354,0.37020599842071533,source_2
TC-S-7004,1.0708552598953247,0.3511803150177002,source_2
TC-S-7004,1.0633842945098877,0.39895009994506836,source_2
TC-S-7004,1.0896159410476685,0.38363778591156006,source_2
TC-S-7004,1.1359928846359253,0.44089794158935547,source_2
TC-S-7004,1.127510905265808,0.36384117603302,source_2
TC-S-7004,1.0436123609542847,0.381902813911438,source_2
TC-S-7004,1.0313382148742676,0.3590432405471802,source_2
TC-S-7004,1.042995810508728,0.3882843255996704,source_2
TC-S-7004,1.0016454458236694,0.3629699945449829,source_2
TC-S-7004,0.9713514447212219,0.396345853805542,source_2
TC-S-7004,1.0332368612289429,0.3995036482810974,source_2
TC-S-7004,1.0844674110412598,0.35698533058166504,source_2
TC-S-7004,1.0569671392440796,0.3597913980484009,source_2
TC-S-7004,1.0140291452407837,0.39787060022354126,source_2
TC-S-7004,1.073196530342102,0.3715205788612366,source_2
TC-S-7004,1.0409797430038452,0.3786393404006958,source_2
TC-S-7004,1.080599308013916,0.37498044967651367,source_2
TC-S-7004,1.2290669679641724,0.4153327941894531,source_2
TC-S-7004,1.2232766151428223,0.4117720127105713,source_2
TC-S-7004,1.2890727519989014,0.41799086332321167,source_2
TC-S-7004,1.1846356391906738,0.3174596428871155,source_2
TC-S-7004,1.1599687337875366,0.4743735194206238,source_2
TC-S-7004,2.727022647857666,0.6035887897014618,source_2
TC-S-7004,2.882880449295044,0.5864875912666321,source_2
TC-S-7004,2.723323345184326,0.6309674978256226,source_2
TC-S-7004,2.6994519233703613,0.548364669084549,source_2
TC-S-7004,1.1123573780059814,0.3951646089553833,source_2
TC-S-7004,1.1239899396896362,0.42504721879959106,source_2
TC-S-7004,1.0998737812042236,0.40056073665618896,source_2
TC-S-7004,1.097739338874817,0.3882980942726135,source_2
TC-S-7004,1.1444138288497925,0.4019266963005066,source_2
TC-S-7004,1.1060454845428467,0.38773298263549805,source_2
TC-S-7004,1.1881412267684937,0.4019221067428589,source_2
TC-S-7004,1.1628673076629639,0.40302640199661255,source_2
TC-S-7004,1.1502139568328857,0.41168153285980225,source_2
TC-S-7004,1.1317996978759766,0.4696696996688843,source_2
TC-S-7004,1.1670174598693848,0.3852500319480896,source_2
TC-S-7004,1.1502571105957031,0.3911597728729248,source_2
TC-S-7004,1.1756632328033447,0.4224121570587158,source_2
TC-S-7004,1.1537288427352905,0.3860425353050232,source_2
TC-S-7004,1.248084306716919,0.4513394832611084,source_2
TC-S-7004,1.249279260635376,0.402738094329834,source_2
TC-S-7004,1.2126343250274658,0.4364801049232483,source_2
TC-S-7004,1.1965014934539795,0.43680286407470703,source_2
TC-S-7004,1.223354697227478,0.4184364080429077,source_2
TC-S-7004,1.219850778579712,0.4161651134490967,source_2
TC-S-7004,1.2364460229873657,0.4143170118331909,source_2
TC-S-7004,1.303392767906189,0.41538918018341064,source_2
TC-S-7004,1.2764787673950195,0.462549090385437,source_2
TC-S-7004,1.2343688011169434,0.388927698135376,source_2
TC-S-7004,1.219467043876648,0.41459977626800537,source_2
TC-S-7004,1.2042635679244995,0.40495914220809937,source_2
TC-S-7004,1.2170161008834839,0.43937957286834717,source_2
TC-S-7004,1.201846718788147,0.38302671909332275,source_2
TC-S-7004,1.2022920846939087,0.37931621074676514,source_2
TC-S-7004,1.1700459718704224,0.3915228843688965,source_2
TC-S-7004,1.2116317749023438,0.40005528926849365,source_2
TC-S-7004,1.1902482509613037,0.4259908199310303,source_2
TC-S-7004,1.1537145376205444,0.381172776222229,source_2
TC-S-7004,1.0969194173812866,0.3644745945930481,source_2
TC-S-7004,1.1228225231170654,0.39765703678131104,source_2
TC-S-7004,1.2462009191513062,0.45384693145751953,source_2
TC-S-7004,1.2193827629089355,0.4205870032310486,source_2
TC-S-7004,1.235282301902771,0.41919732093811035,source_2
TC-S-7004,1.2313328981399536,0.42263174057006836,source_2
TC-S-7004,1.1953941583633423,0.4065881371498108,source_2
TC-S-7004,1.2298719882965088,0.3994925022125244,source_2
TC-S-7004,1.1786644458770752,0.41011130809783936,source_2
TC-S-7004,1.2261714935302734,0.4083510637283325,source_2
TC-S-7004,1.2534304857254028,0.4121723175048828,source_2
TC-S-7004,1.2292985916137695,0.40100300312042236,source_2
TC-S-7004,1.2091525793075562,0.43302464485168457,source_2
TC-S-7004,1.04007089138031,0.3550611734390259,source_2
TC-S-7004,0.9790961742401123,0.3173407316207886,source_2
TC-S-7004,0.9779314398765564,0.38679325580596924,source_2
TC-S-7004,0.9812828898429871,0.2944655418395996,source_2
TC-S-7004,0.9722282290458679,0.34546875953674316,source_2
TC-S-7004,0.9037846326828003,0.3291865587234497,source_2
TC-S-7004,0.947555422782898,0.3065792918205261,source_2
TC-S-7004,0.9721398949623108,0.3043651580810547,source_2
TC-S-7004,0.948245108127594,0.30610978603363037,source_2
TC-S-7004,0.9389373660087585,0.29984164237976074,source_2
TC-S-7004,0.928533673286438,0.36645299196243286,source_2
TC-S-7004,0.9201298356056213,0.320109486579895,source_2
TC-S-7004,0.9229199290275574,0.3993818759918213,source_2
TC-S-7004,0.9138315320014954,0.32987964153289795,source_2
TC-S-7004,0.9400967955589294,0.3234487771987915,source_2
TC-S-7004,0.9202777743339539,0.27618181705474854,source_2
TC-S-7004,0.9278185963630676,0.34730327129364014,source_2
TC-S-7004,0.9211828708648682,0.3440903425216675,source_2
TC-S-7004,0.9195734858512878,0.3431602716445923,source_2
TC-S-7004,0.8939695358276367,0.3621722459793091,source_2
TC-S-7004,1.025093913078308,0.5380551815032959,source_2
TC-S-7004,0.918601393699646,0.30371057987213135,source_2
TC-S-7004,0.9076372981071472,0.2989847660064697,source_2
TC-S-7004,0.9185219407081604,0.35200929641723633,source_2
TC-S-7004,0.9165230393409729,0.23843872547149658,source_2
TC-S-7004,0.9186311960220337,0.28104454278945923,source_2
TC-S-7004,0.9273250699043274,0.34180301427841187,source_2
TC-S-7004,0.927374005317688,0.3582456111907959,source_2
TC-S-7004,0.9208568930625916,0.2878904342651367,source_2
TC-S-7004,0.930061399936676,0.30287444591522217,source_2
TC-S-7004,0.9566289782524109,0.2780267596244812,source_2
TC-S-7004,0.9474840760231018,0.3462706208229065,source_2
TC-S-7004,0.9394665360450745,0.3609873056411743,source_2
TC-S-7004,0.9632516503334045,0.34562331438064575,source_2
TC-S-7004,0.9567491412162781,0.36732590198516846,source_2
TC-S-7004,0.9676685929298401,0.3610062003135681,source_2
TC-S-7004,0.9646694660186768,0.3514084815979004,source_2
TC-S-7004,0.8896378874778748,0.35749101638793945,source_2
TC-S-7004,0.8845226168632507,0.21552973985671997,source_2
TC-S-7004,0.8734164834022522,0.22018307447433472,source_2
TC-S-7004,0.890309751033783,0.22293055057525635,source_2
TC-S-7004,0.8913121819496155,0.17085206508636475,source_2
TC-S-7004,0.8931504487991333,0.22686415910720825,source_2
TC-S-7004,0.8850570917129517,0.23328912258148193,source_2
TC-S-7004,0.9061081409454346,0.16575223207473755,source_2
TC-S-7004,0.9044787883758545,0.2049272060394287,source_2
TC-S-7004,0.9154572486877441,0.1823062300682068,source_2
TC-S-7004,0.9244836568832397,0.20057952404022217,source_2
TC-S-7004,0.9249939918518066,0.21272766590118408,source_2
TC-S-7004,0.9359138607978821,0.21652686595916748,source_2
TC-S-7004,0.9351152181625366,0.26274538040161133,source_2
TC-S-7004,0.9385316371917725,0.2499997615814209,source_2
TC-S-7004,0.9472618103027344,0.2517203092575073,source_2
TC-S-7004,0.9951973557472229,0.32479530572891235,source_2
TC-S-7004,0.9829486608505249,0.24306613206863403,source_2
TC-S-7004,0.9860420227050781,0.2102603316307068,source_2
TC-S-7004,0.9914345741271973,0.25964105129241943,source_2
TC-S-7004,1.0196418762207031,0.2848912477493286,source_2
TC-S-7004,1.0343098640441895,0.35684722661972046,source_2
TC-S-7004,1.044756293296814,0.2788137197494507,source_2
TC-S-7004,1.0171494483947754,0.2739174962043762,source_2
TC-S-7004,1.0302977561950684,0.5667470991611481,source_2
TC-S-7004,1.0325887203216553,0.36653071641921997,source_2
TC-S-7004,1.0321006774902344,0.22060942649841309,source_2
TC-S-7004,1.1941498517990112,0.30728888511657715,source_2
TC-S-7004,1.06875741481781,0.2569273114204407,source_2
TC-S-7004,1.06747305393219,0.26426470279693604,source_2
TC-S-7004,1.0756549835205078,0.3417856693267822,source_2
TC-S-7004,1.09194016456604,0.2845975160598755,source_2
TC-S-7004,1.0921874046325684,0.2520156502723694,source_2
TC-S-7004,1.0823276042938232,0.28008341789245605,source_2
TC-S-7004,1.1047136783599854,0.33090031147003174,source_2
TC-S-7004,1.1275585889816284,0.24415063858032227,source_2
TC-S-7004,0.9875828623771667,0.7768883258104324,source_6
TC-S-7004,0.9690775871276855,0.7094434499740601,source_6
TC-S-7004,0.9294679164886475,0.7574151009321213,source_6
TC-S-7004,0.9307568669319153,0.8115807771682739,source_6
TC-S-7004,0.9414159655570984,0.8847786858677864,source_6
TC-S-7004,0.9321046471595764,0.8098147660493851,source_6
TC-S-7004,0.9419704079627991,0.8379803001880646,source_6
TC-S-7004,0.9310316443443298,0.7256790399551392,source_6
TC-S-7004,0.9710522890090942,0.8233803808689117,source_6
TC-S-7004,0.9549092650413513,0.7692716121673584,source_6
TC-S-7004,0.9320846796035767,0.7964258193969727,source_6
TC-S-7004,0.910632312297821,0.7145590782165527,source_6
TC-S-7004,0.9261836409568787,0.8438716232776642,source_6
TC-S-7004,0.913024365901947,0.7356148958206177,source_6
TC-S-7004,0.9303575158119202,0.7387721538543701,source_6
TC-S-7004,0.9747910499572754,0.731694906949997,source_6
TC-S-7004,0.8845386505126953,0.8963890969753265,source_6
TC-S-7004,0.8792388439178467,0.7923619300127029,source_6
TC-S-7004,0.8884406089782715,0.9507825002074242,source_6
TC-S-7004,0.8913818597793579,0.9252093434333801,source_6
TC-S-7004,0.8768104910850525,0.9439626038074493,source_6
TC-S-7004,0.9077911376953125,0.9457794316112995,source_6
TC-S-7004,0.9072461128234863,0.9516869857907295,source_6
TC-S-7004,0.8777554035186768,0.928458645939827,source_6
TC-S-7004,0.8615472912788391,0.8402034342288971,source_6
TC-S-7004,0.8604143261909485,0.8977855890989304,source_6
TC-S-7004,0.8678549528121948,0.9010359793901443,source_6
TC-S-7004,0.8733618855476379,0.9974318090826273,source_6
TC-S-7004,0.8917244076728821,0.8456524908542633,source_6
TC-S-7004,0.8867327570915222,0.942071296274662,source_6
TC-S-7004,0.8968932628631592,0.8066960573196411,source_6
TC-S-7004,0.8910518288612366,0.846001610159874,source_6
TC-S-7004,0.8888673186302185,0.8168792128562927,source_6
TC-S-7004,0.883137583732605,0.8094351887702942,source_6
TC-S-7004,0.8801957964897156,0.9183662906289101,source_6
TC-S-7004,0.8963082432746887,0.8115405142307281,source_6
TC-S-7004,0.9335282444953918,0.7106409966945648,source_6
TC-S-7004,0.9100169539451599,0.6495323777198792,source_6
TC-S-7004,0.927730143070221,0.6433535814285278,source_6
TC-S-7004,0.914759635925293,0.7734099477529526,source_6
TC-S-7004,0.9314994215965271,0.6779350638389587,source_6
TC-S-7004,0.9382925629615784,0.7274865806102753,source_6
TC-S-7004,0.9431030750274658,0.8053397387266159,source_6
TC-S-7004,0.9557077884674072,0.6765136420726776,source_6
TC-S-7004,0.9156282544136047,0.654064953327179,source_6
TC-S-7004,0.8833410143852234,0.7379845380783081,source_6
TC-S-7004,0.892914354801178,0.9648757688701153,source_6
TC-S-7004,0.8816642761230469,0.7116342484951019,source_6
TC-S-7004,0.9018277525901794,0.7391158640384674,source_6
TC-S-7004,0.9080389738082886,0.8616383075714111,source_6
TC-S-7004,0.9194785952568054,0.70667564868927,source_6
TC-S-7004,0.8955592513084412,0.8717396855354309,source_6
TC-S-7004,0.8845133185386658,0.7548855096101761,source_6
TC-S-7004,0.8615077137947083,0.7761956602334976,source_6
TC-S-7004,0.8652416467666626,0.9107437208294868,source_6
TC-S-7004,0.8873893618583679,0.9387793838977814,source_6
TC-S-7004,0.9449164271354675,0.7926671952009201,source_6
TC-S-7004,0.9309121966362,0.7144262194633484,source_6
TC-S-7004,0.9293908476829529,0.9057336151599884,source_6
TC-S-7004,0.94234299659729,0.7448045611381531,source_6
TC-S-7004,0.9424647092819214,0.8922193422913551,source_6
TC-S-7004,0.9386748671531677,0.8038918375968933,source_6
TC-S-7004,0.9536768794059753,0.8089058101177216,source_6
TC-S-7004,0.9141986966133118,0.7294348478317261,source_6
TC-S-7004,0.8933819532394409,0.7442219257354736,source_6
TC-S-7004,0.9176583290100098,0.7875038385391235,source_6
TC-S-7004,0.9047401547431946,0.7371913492679596,source_6
TC-S-7004,0.9068616032600403,0.7568545043468475,source_6
TC-S-7004,0.9210564494132996,0.747130960226059,source_6
TC-S-7004,0.9211028218269348,0.7219574451446533,source_6
TC-S-7004,0.921805202960968,0.9039330407977104,source_6
TC-S-7004,0.9775531888008118,0.7497456073760986,source_6
TC-S-7004,0.9664843678474426,0.7759890407323837,source_6
TC-S-7004,0.9037936925888062,0.7107641100883484,source_6
TC-S-7004,0.9099990725517273,0.8377074897289276,source_6
TC-S-7004,0.9328910708427429,0.6952708959579468,source_6
TC-S-7004,0.9171048998832703,0.76322340965271,source_6
TC-S-7004,0.9217126369476318,0.7438230216503143,source_6
TC-S-7004,0.9366518259048462,0.735645979642868,source_6
TC-S-7004,0.9153289198875427,0.8374874293804169,source_6
TC-S-7004,0.9125669598579407,0.712044894695282,source_6
TC-S-7004,0.9071902632713318,0.7431156635284424,source_6
TC-S-7004,0.919581413269043,0.7601026594638824,source_6
TC-S-7004,0.9236836433410645,0.7877735942602158,source_6
TC-S-7004,0.9116888046264648,0.7923389375209808,source_6
TC-S-7004,0.9003638625144958,0.7901553809642792,source_6
TC-S-7004,0.9289759993553162,0.7882601320743561,source_6
TC-S-7004,0.9521116614341736,0.7834824919700623,source_6
TC-S-7004,0.9204267263412476,0.7487812638282776,source_6
TC-S-7004,0.9213022589683533,0.7291319370269775,source_6
TC-S-7004,0.93220055103302,0.7876681983470917,source_6
TC-S-7004,0.9449268579483032,0.8250710815191269,source_6
TC-S-7004,0.9422096610069275,0.7256682217121124,source_6
TC-S-7004,0.9583530426025391,0.7110865116119385,source_6
TC-S-7004,0.9391269683837891,0.7900315225124359,source_6
TC-S-7004,1.045364260673523,0.7677677273750305,source_6
TC-S-7004,1.0376017093658447,0.6225066184997559,source_6
TC-S-7004,0.9992409944534302,0.6669292449951172,source_6
TC-S-7004,0.9983330965042114,0.7039361596107483,source_6
TC-S-7004,1.0089157819747925,0.6656950116157532,source_6
TC-S-7004,0.9983081221580505,0.6466605365276337,source_6
TC-S-7004,1.0162965059280396,0.7263974249362946,source_6
TC-S-7004,0.9441982507705688,0.7599924802780151,source_6
TC-S-7004,0.950977623462677,0.7479811608791351,source_6
TC-S-7004,0.970402717590332,0.680583268404007,source_6
TC-S-7004,0.9458617568016052,0.6798727810382843,source_6
TC-S-7004,0.930841326713562,0.8209534734487534,source_6
TC-S-7004,0.9235552549362183,0.6857461631298065,source_6
TC-S-7004,0.9290858507156372,0.7666011154651642,source_6
TC-S-7004,0.9458059072494507,0.6724927425384521,source_6
TC-S-7004,1.0262858867645264,0.7519340664148331,source_6
TC-S-7004,0.9226470589637756,0.7042341828346252,source_6
TC-S-7004,0.9123364686965942,0.7724102735519409,source_6
TC-S-7004,0.8855107426643372,0.4478367567062378,source_6
TC-S-7004,0.9139220714569092,0.8088870942592621,source_6
TC-S-7004,0.8502560257911682,0.9028534293174744,source_6
TC-S-7004,0.8636308312416077,0.732214093208313,source_6
TC-S-7004,0.8831206560134888,0.7880581766366959,source_6
TC-S-7004,0.8823503255844116,0.7758185863494873,source_6
TC-S-7004,0.8804886341094971,0.8089268952608109,source_6
TC-S-7004,0.8848413825035095,0.8040907680988312,source_6
TC-S-7004,0.8818726539611816,0.5826597809791565,source_6
TC-S-7004,0.8969539403915405,0.7161027193069458,source_6
TC-S-7004,0.9072041511535645,0.6724919080734253,source_6
TC-S-7004,0.9005616307258606,0.7679032385349274,source_6
TC-S-7004,0.9279975295066833,0.6849409341812134,source_6
TC-S-7004,0.9136485457420349,0.6655658483505249,source_6
TC-S-7004,0.851645827293396,0.8231189697980881,source_6
TC-S-7004,0.8470475673675537,0.7081739604473114,source_6
TC-S-7004,0.8381161093711853,0.7458743453025818,source_6
TC-S-7004,0.8515269160270691,0.7399736642837524,source_6
TC-S-7004,0.8564513921737671,0.7984497547149658,source_6
TC-S-7004,0.867660641670227,0.7743818759918213,source_6
TC-S-7004,0.8880574107170105,0.8036771714687347,source_6
TC-S-7004,0.8532392978668213,0.7850590646266937,source_6
TC-S-7004,0.8451563119888306,0.7728535383939743,source_6
TC-S-7004,0.8487455248832703,0.6498824656009674,source_6
TC-S-7004,0.8576387763023376,0.791372999548912,source_6
TC-S-7004,0.8446177840232849,0.9787164106965065,source_6
TC-S-7004,0.9467216730117798,0.8096060454845428,source_6
TC-S-7004,0.9404508471488953,0.8267492055892944,source_6
TC-S-7004,0.9481207132339478,0.8236656486988068,source_6
TC-S-7004,0.9471482634544373,0.8113573044538498,source_6
TC-S-7004,0.9438918232917786,0.7806945443153381,source_6
TC-S-7004,0.9394038319587708,0.8951983600854874,source_6
TC-S-7004,0.9658015370368958,0.7528614699840546,source_6
TC-S-7004,0.9192186594009399,0.8021353334188461,source_6
TC-S-7004,0.9437753558158875,0.7336610555648804,source_6
TC-S-7004,0.9195136427879333,0.8256539106369019,source_6
TC-S-7004,0.9230955839157104,0.8273291736841202,source_6
TC-S-7004,0.9567211270332336,0.9115944504737854,source_6
TC-S-7004,0.9521952271461487,0.7926451563835144,source_6
TC-S-7004,0.9426183104515076,0.7547304034233093,source_6
TC-S-7004,0.9057161808013916,0.8984131813049316,source_6
TC-S-7004,0.9199166893959045,0.9032620787620544,source_6
TC-S-7004,0.9180125594139099,0.7893162667751312,source_6
TC-S-7004,0.8813466429710388,0.8993072882294655,source_6
TC-S-7004,0.8818365931510925,0.8105111122131348,source_6
TC-S-7004,0.8895772695541382,0.8504307866096497,source_6
TC-S-7004,0.9035123586654663,0.8826244845986366,source_6
TC-S-7004,0.8999499082565308,0.7538444399833679,source_6
TC-S-7004,0.933915913105011,0.8325164318084717,source_6
TC-S-7004,0.9273735284805298,0.8394390344619751,source_6
TC-S-7004,0.9235552549362183,0.8779103681445122,source_6
TC-S-7004,0.9339292645454407,0.7692213654518127,source_6
TC-S-7004,0.9186457395553589,0.8081778436899185,source_6
TC-S-7004,0.9180110692977905,0.776307612657547,source_6
TC-S-7004,0.9340420365333557,0.8405685424804688,source_6
TC-S-7004,0.9566152691841125,0.9301295578479767,source_6
TC-S-7004,0.9480758309364319,0.7237879633903503,source_6
TC-S-7004,0.9532966017723083,0.7590968608856201,source_6
TC-S-7004,0.9714323878288269,0.7572610676288605,source_6
TC-S-7004,0.9936434030532837,0.8510323166847229,source_6
TC-S-7004,0.8326422572135925,0.7710073441267014,source_6
TC-S-7004,0.8577989339828491,0.7506575882434845,source_6
TC-S-7004,0.8284213542938232,0.7386054992675781,source_6
TC-S-7004,0.8137025237083435,0.7691574394702911,source_6
TC-S-7004,0.8355607390403748,0.7651062160730362,source_6
TC-S-7004,0.8576772809028625,0.7954892516136169,source_6
TC-S-7004,0.8615961074829102,0.7851805090904236,source_6
TC-S-7004,0.8784698247909546,0.8202275782823563,source_6
TC-S-7004,0.8396720290184021,0.825742244720459,source_6
TC-S-7004,0.934228241443634,0.7550996243953705,source_6
TC-S-7004,0.9232168793678284,0.8362239897251129,source_6
TC-S-7004,0.913551926612854,0.788899227976799,source_6
TC-S-7004,0.9087904095649719,0.7355835437774658,source_6
TC-S-7004,0.9127599596977234,0.8315555453300476,source_6
TC-S-7004,0.9075224995613098,0.8063806593418121,source_6
TC-S-7004,0.910495400428772,0.8129505664110184,source_6
TC-S-7004,0.9082393050193787,0.8379857540130615,source_6
TC-S-7004,0.9190161824226379,0.7895384281873703,source_6
TC-S-7004,0.9470386505126953,0.8780451118946075,source_6
TC-S-7004,0.9415091276168823,0.7659816145896912,source_6
TC-S-7004,0.9329204559326172,0.7426751554012299,source_6
TC-S-7004,0.933239221572876,0.8139922767877579,source_6
TC-S-7004,0.9403699040412903,0.8791241869330406,source_6
TC-S-7004,0.9364833235740662,0.8525631129741669,source_6
TC-S-7004,0.9530637860298157,0.8344582617282867,source_6
TC-S-7004,0.9588328003883362,0.8030438274145126,source_6
TC-S-7004,0.973656952381134,0.8497066795825958,source_6
TC-S-7004,0.9627459645271301,0.7797328233718872,source_6
TC-S-7004,0.9661443829536438,0.8275637477636337,source_6
TC-S-7004,0.976225733757019,0.8897595107555389,source_6
TC-S-7004,0.9758988618850708,0.7756533920764923,source_6
TC-S-7004,0.9409775137901306,0.7143465280532837,source_6
TC-S-7004,0.9335401654243469,0.7954144775867462,source_6
TC-S-7004,0.9162108898162842,0.7879695296287537,source_6
TC-S-7004,0.9223672747612,0.8336514234542847,source_6
TC-S-7004,0.9122447371482849,0.8138189613819122,source_6
TC-S-7004,0.7340586185455322,0.2007238268852234,source_8
TC-S-7004,0.9281929731369019,0.3284115791320801,source_8
TC-S-7004,0.8744111061096191,0.2643754482269287,source_8
TC-S-7004,0.6836337447166443,0.17911356687545776,source_8
TC-S-7004,0.827415406703949,0.2617419362068176,source_8
TC-S-7004,0.6629169583320618,0.17391890287399292,source_8
TC-S-7004,1.141701340675354,0.299970805644989,source_8
TC-S-7004,0.61981600522995,0.175991952419281,source_8
TC-S-7004,0.7947167158126831,0.2688814401626587,source_8
TC-S-7004,0.6120732426643372,0.17119145393371582,source_8
TC-S-7004,0.7524213790893555,0.2265305519104004,source_8
TC-S-7004,0.5880542397499084,0.1714954972267151,source_8
TC-S-7004,0.7342283725738525,0.19976568222045898,source_8
TC-S-7004,0.5995533466339111,0.1603919267654419,source_8
TC-S-7004,0.7503295540809631,0.23690593242645264,source_8
TC-S-7004,0.58113694190979,0.17209625244140625,source_8
TC-S-7004,0.7421464920043945,0.20915383100509644,source_8
TC-S-7004,0.5827152729034424,0.17488932609558105,source_8
TC-S-7004,0.7234045267105103,0.18531614542007446,source_8
TC-S-7004,0.5994588732719421,0.17337310314178467,source_8
TC-S-7004,0.7209023833274841,0.19346606731414795,source_8
TC-S-7004,0.5669990181922913,0.13635241985321045,source_8
TC-S-7004,0.7186117172241211,0.20179098844528198,source_8
TC-S-7004,0.5934810638427734,0.16544318199157715,source_8
TC-S-7004,0.7073437571525574,0.15528500080108643,source_8
TC-S-7004,0.5643445253372192,0.13644814491271973,source_8
TC-S-7004,0.7228564023971558,0.21341919898986816,source_8
TC-S-7004,0.5791866779327393,0.1205177903175354,source_8
TC-S-7004,0.8812059164047241,0.17054641246795654,source_8
TC-S-7004,0.5759458541870117,0.1474548578262329,source_8
TC-S-7004,0.809643566608429,0.21354717016220093,source_8
TC-S-7004,0.5675411224365234,0.13742458820343018,source_8
TC-S-7004,0.7830514311790466,0.1920328140258789,source_8
TC-S-7004,0.5406150817871094,0.1929609775543213,source_8
TC-S-7004,0.7282206416130066,0.15624451637268066,source_8
TC-S-7004,0.5641313195228577,0.1419985294342041,source_8
TC-S-7004,0.7210825681686401,0.21862000226974487,source_8
TC-S-7004,0.5957756042480469,0.11617076396942139,source_8
TC-S-7004,0.7840587496757507,0.19223976135253906,source_8
TC-S-7004,0.5595481395721436,0.11984050273895264,source_8
TC-S-7004,0.7442046999931335,0.20200276374816895,source_8
TC-S-7004,0.5465141534805298,0.1641663908958435,source_8
TC-S-7004,0.7456681728363037,0.16970115900039673,source_8
TC-S-7004,0.5528202652931213,0.15661084651947021,source_8
TC-S-7004,0.7208882570266724,0.17714035511016846,source_8
TC-S-7004,0.5667109489440918,0.08861535787582397,source_8
TC-S-7004,0.789992094039917,0.20463669300079346,source_8
TC-S-7004,0.9781021475791931,0.3424416780471802,source_8
TC-S-7004,0.7291496992111206,0.22927981615066528,source_8
TC-S-7004,0.8962234258651733,0.3184776306152344,source_8
TC-S-7004,0.7242303490638733,0.20899158716201782,source_8
TC-S-7004,0.9092778563499451,0.31957733631134033,source_8
TC-S-7004,0.6261014938354492,0.1785927414894104,source_8
TC-S-7004,0.8117229342460632,0.24137341976165771,source_8
TC-S-7004,0.6956148147583008,0.1858987808227539,source_8
TC-S-7004,0.9393864870071411,0.2857069969177246,source_8
TC-S-7004,0.677232027053833,0.17414087057113647,source_8
TC-S-7004,0.9168741106987,0.30949532985687256,source_8
TC-S-7004,0.6750360131263733,0.1520777940750122,source_8
TC-S-7004,0.8587704300880432,0.3040943741798401,source_8
TC-S-7004,0.6376339793205261,0.1773722767829895,source_8
TC-S-7004,0.8413451313972473,0.2976679801940918,source_8
TC-S-7004,0.6345636248588562,0.16943150758743286,source_8
TC-S-7004,0.7998962998390198,0.2783278226852417,source_8
TC-S-7004,0.6245207786560059,0.16897356510162354,source_8
TC-S-7004,0.8124527931213379,0.28548991680145264,source_8
TC-S-7004,0.6152032017707825,0.13517409563064575,source_8
TC-S-7004,0.818236768245697,0.27236175537109375,source_8
TC-S-7004,0.6120657324790955,0.15596044063568115,source_8
TC-S-7004,0.8017855882644653,0.2686190605163574,source_8
TC-S-7004,0.6246873140335083,0.12609779834747314,source_8
TC-S-7004,0.7827420830726624,0.243391215801239,source_8
TC-S-7004,0.6253777742385864,0.15834635496139526,source_8
TC-S-7004,0.8083148002624512,0.2532860040664673,source_8
TC-S-7004,0.6347422003746033,0.15330398082733154,source_8
TC-S-7004,0.8389586806297302,0.28517019748687744,source_8
TC-S-7004,0.607815146446228,0.11529994010925293,source_8
TC-S-7004,0.8238356113433838,0.2913323640823364,source_8
TC-S-7004,0.6136397123336792,0.1289958357810974,source_8
TC-S-7004,0.817761242389679,0.23586469888687134,source_8
TC-S-7004,0.6401637196540833,0.16036880016326904,source_8
TC-S-7004,0.8273544907569885,0.2604030966758728,source_8
TC-S-7004,0.6384966373443604,0.12490290403366089,source_8
TC-S-7004,0.6212508678436279,0.13476097583770752,source_8
TC-S-7004,0.8633613586425781,0.2933201193809509,source_8
TC-S-7004,0.623217761516571,0.11099660396575928,source_8
TC-S-7004,0.646845817565918,0.1431800127029419,source_8
TC-S-7004,0.8365171551704407,0.27708256244659424,source_8
TC-S-7004,0.6473516821861267,0.12172216176986694,source_8
TC-S-7004,0.8955092430114746,0.2704803943634033,source_8
TC-S-7004,0.6421003937721252,0.1333063840866089,source_8
TC-S-7004,0.9293414950370789,0.28913265466690063,source_8
TC-S-7004,0.808430552482605,0.2179020643234253,source_8
TC-S-7004,1.0716115236282349,0.3624829053878784,source_8
TC-S-7004,0.7956074476242065,0.21096676588058472,source_8
TC-S-7004,1.0040770769119263,0.30020904541015625,source_8
TC-S-7004,0.7419978380203247,0.19990593194961548,source_8
TC-S-7004,0.9705765247344971,0.3430826663970947,source_8
TC-S-7004,0.7194200754165649,0.20429325103759766,source_8
TC-S-7004,0.9190186858177185,0.29549527168273926,source_8
TC-S-7004,0.656783938407898,0.18860626220703125,source_8
TC-S-7004,0.9340088367462158,0.3266599178314209,source_8
TC-S-7004,0.6373874545097351,0.17802464962005615,source_8
TC-S-7004,0.8514571785926819,0.2743412256240845,source_8
TC-S-7004,0.6114959716796875,0.1467503309249878,source_8
TC-S-7004,0.8959174752235413,0.2934781312942505,source_8
TC-S-7004,0.6442720293998718,0.15761005878448486,source_8
TC-S-7004,0.6455619931221008,0.14132654666900635,source_8
TC-S-7004,0.8515380024909973,0.27057796716690063,source_8
TC-S-7004,0.7320777773857117,0.19365042448043823,source_8
TC-S-7004,0.974041223526001,0.3155336380004883,source_8
TC-S-7004,0.6942538619041443,0.16573572158813477,source_8
TC-S-7004,0.9259143471717834,0.29510247707366943,source_8
TC-S-7004,0.6753620505332947,0.14750277996063232,source_8
TC-S-7004,0.8616188764572144,0.264962375164032,source_8
TC-S-7004,0.6490331292152405,0.12739849090576172,source_8
TC-S-7004,0.8244113326072693,0.2471337914466858,source_8
TC-S-7004,0.6451765894889832,0.1430099606513977,source_8
TC-S-7004,0.824501633644104,0.2516714930534363,source_8
TC-S-7004,0.6414192914962769,0.14348024129867554,source_8
TC-S-7004,0.8471817374229431,0.2419891357421875,source_8
TC-S-7004,0.6399927139282227,0.1708623170852661,source_8
TC-S-7004,0.6379532814025879,0.14519935846328735,source_8
TC-S-7004,0.6346341967582703,0.1069599986076355,source_8
TC-S-7004,0.8353796601295471,0.28051722049713135,source_8
TC-S-7004,0.6328305006027222,0.13593637943267822,source_8
TC-S-7004,0.8324345946311951,0.2635536789894104,source_8
TC-S-7004,0.6264567375183105,0.11811190843582153,source_8
TC-S-7004,0.7979576587677002,0.2357715368270874,source_8
TC-S-7004,0.6121832728385925,0.12713611125946045,source_8
TC-S-7004,0.8236252665519714,0.22746288776397705,source_8
TC-S-7004,0.5995004177093506,0.06798815727233887,source_8
TC-S-7004,0.8630850315093994,0.254952073097229,source_8
TC-S-7004,0.6268372535705566,0.11384892463684082,source_8
TC-S-7004,0.8871863484382629,0.28653132915496826,source_8
TC-S-7004,0.6401596665382385,0.12937092781066895,source_8
TC-S-7004,0.9157595038414001,0.28055340051651,source_8
TC-S-7004,0.9101373553276062,0.25893986225128174,source_8
TC-S-7004,0.8597490191459656,0.22757160663604736,source_8
TC-S-7004,0.6418514251708984,0.10544145107269287,source_8
TC-S-7004,0.6359990239143372,0.11070531606674194,source_8
TC-S-7004,0.8515469431877136,0.2215813398361206,source_8
TC-S-7004,0.615717351436615,0.09509837627410889,source_8
TC-S-7004,0.8745982050895691,0.21939170360565186,source_8
TC-S-7004,0.800573468208313,0.16898751258850098,source_8
TC-S-7004,1.0859400033950806,0.2728170156478882,source_8
TC-S-7004,1.1179872751235962,0.3253777027130127,source_8
TC-S-7004,0.8009933233261108,0.14459526538848877,source_8
TC-S-7004,0.9842972159385681,0.29889172315597534,source_8
TC-S-7004,0.7341738939285278,0.18735653162002563,source_8
TC-S-7004,0.9785498380661011,0.27788007259368896,source_8
TC-S-7004,0.7541295886039734,0.11971449851989746,source_8
TC-S-7004,1.0062987804412842,0.31246864795684814,source_8
TC-S-7004,0.7322285175323486,0.18949216604232788,source_8
TC-S-7004,0.9917340874671936,0.2643809914588928,source_8
TC-S-7004,0.7015195488929749,0.1424771547317505,source_8
TC-S-7004,0.9000590443611145,0.28264009952545166,source_8
TC-S-7004,0.6762839555740356,0.13681256771087646,source_8
TC-S-7004,0.9153687953948975,0.2140100598335266,source_8
TC-S-7004,0.677830159664154,0.14457857608795166,source_8
TC-S-7004,0.9002791047096252,0.3025137782096863,source_8
TC-S-7004,0.6683627963066101,0.12643194198608398,source_8
TC-S-7004,0.8880885243415833,0.242240309715271,source_8
TC-S-7004,0.861159086227417,0.23419064283370972,source_8
TC-S-7004,0.656656801700592,0.134299635887146,source_8
TC-S-7004,0.8832257986068726,0.26405298709869385,source_8
TC-S-7004,0.6445432901382446,0.11009389162063599,source_8
TC-S-7004,0.8566056489944458,0.2340031862258911,source_8
TC-S-7004,0.6437320709228516,0.13377076387405396,source_8
TC-S-7004,0.859661340713501,0.20428597927093506,source_8
TC-S-7004,0.6306006908416748,0.1188124418258667,source_8
TC-S-7004,0.8656826615333557,0.2520841956138611,source_8
TC-S-7004,0.6393658518791199,0.10231244564056396,source_8
TC-S-7004,0.8475890755653381,0.18817609548568726,source_8
TC-S-7004,0.6475273370742798,0.10826897621154785,source_8
TC-S-7004,0.8592355251312256,0.2611445188522339,source_8
TC-S-7004,0.6890464425086975,0.11127495765686035,source_8
TC-S-7004,0.7212410569190979,0.11703598499298096,source_8
TC-S-7004,0.6291778087615967,0.11980104446411133,source_8
TC-S-7004,0.9086681604385376,0.20513594150543213,source_8
TC-S-7004,0.6139785647392273,0.11730623245239258,source_8
TC-S-7004,0.8763331770896912,0.18808788061141968,source_8
TC-S-7004,0.6310015320777893,0.1070212721824646,source_8
TC-S-7004,0.8302111029624939,0.20611226558685303,source_8
TC-S-7004,0.6375564932823181,0.12431728839874268,source_8
TC-S-7004,0.868700385093689,0.22146713733673096,source_8
TC-S-7004,0.6318729519844055,0.10148775577545166,source_8
TC-S-7004,0.8983975648880005,0.23408734798431396,source_8
TC-S-7004,0.6207162141799927,0.0862654447555542,source_8
TC-S-7004,0.8894177675247192,0.2457137107849121,source_8
TC-S-7004,0.6107983589172363,0.09951221942901611,source_8
TC-S-7004,0.8529881238937378,0.19691580533981323,source_8
TC-S-7004,0.6323885917663574,0.10248929262161255,source_8
TC-S-7004,0.8587661981582642,0.2252764105796814,source_8
TC-S-7004,0.6178416609764099,0.12064433097839355,source_8
TC-S-7004,0.5996682643890381,0.8177930414676666,source_3
TC-S-7004,0.6230122447013855,0.7691304683685303,source_3
TC-S-7004,0.6198635697364807,0.9865836938843131,source_3
TC-S-7004,0.5535006523132324,1.2318137288093567,source_3
TC-S-7004,0.5684861540794373,1.2228597402572632,source_3
TC-S-7004,0.5893366932868958,1.2356617897748947,source_3
TC-S-7004,0.6120830178260803,1.052270881831646,source_3
TC-S-7004,0.5705263018608093,1.1748250722885132,source_3
TC-S-7004,0.609998345375061,0.7637113630771637,source_3
TC-S-7004,0.6559404134750366,0.6796772480010986,source_3
TC-S-7004,0.5970445275306702,0.7432231605052948,source_3
TC-S-7004,0.6096326112747192,1.021588709205389,source_3
TC-S-7004,0.6540133357048035,0.9654429852962494,source_3
TC-S-7004,0.5403845906257629,0.936380036175251,source_3
TC-S-7004,0.5891312956809998,0.9526462107896805,source_3
TC-S-7004,0.6610137820243835,1.011722031980753,source_3
TC-S-7004,0.6155496835708618,0.9894926641136408,source_3
TC-S-7004,0.5190552473068237,0.9905932508409023,source_3
TC-S-7004,0.5894386768341064,1.039901077747345,source_3
TC-S-7004,0.7352344989776611,1.2037825137376785,source_3
TC-S-7004,0.735124945640564,1.023290803655982,source_3
TC-S-7004,0.6886591911315918,0.6058969497680664,source_5
TC-S-7004,0.682624101638794,0.7507652789354324,source_5
TC-S-7004,0.6946238279342651,0.7777659595012665,source_5
TC-S-7004,0.6895954012870789,0.6325854659080505,source_5
TC-S-7004,0.6868112087249756,0.8152637779712677,source_5
TC-S-7004,0.6914821863174438,0.7783533930778503,source_5
TC-S-7004,0.700269341468811,0.7166774570941925,source_5
TC-S-7004,0.7060083150863647,0.6943252086639404,source_5
TC-S-7004,0.696448028087616,0.5898576080799103,source_5
TC-S-7004,0.7034600377082825,0.6308513283729553,source_5
TC-S-7004,0.705940842628479,0.6069056391716003,source_5
TC-S-7004,0.6928442120552063,0.753472775220871,source_5
TC-S-7004,0.7024758458137512,0.6390174031257629,source_5
TC-S-7004,0.6998400092124939,0.7166534066200256,source_5
TC-S-7004,0.6938983798027039,0.6803977489471436,source_5
TC-S-7004,0.6838425397872925,0.6433583498001099,source_5
TC-S-7004,0.6828692555427551,0.6753619313240051,source_5
TC-S-7004,0.695300281047821,0.6867067217826843,source_5
TC-S-7004,0.6821972131729126,0.7017799019813538,source_5
TC-S-7004,0.677436888217926,0.7240090370178223,source_5
TC-S-7004,0.6703794002532959,0.5783944129943848,source_5
TC-S-7004,0.6843375563621521,0.643761396408081,source_5
TC-S-7004,0.6909279227256775,0.7838326096534729,source_5
TC-S-7004,0.6971735954284668,0.8428778350353241,source_5
TC-S-7004,0.692138671875,0.5264478027820587,source_5
TC-S-7004,0.7211413979530334,0.737217366695404,source_5
TC-S-7004,0.7222829461097717,0.7774404436349869,source_5
TC-S-7004,0.7266436219215393,0.7086979448795319,source_5
TC-S-7004,0.7148712277412415,0.7898545414209366,source_5
TC-S-7004,0.7015231251716614,0.8122422099113464,source_5
TC-S-7004,0.6643915176391602,0.6234636008739471,source_5
TC-S-7004,0.6739948391914368,0.713180422782898,source_5
TC-S-7004,0.6810452342033386,0.7035506367683411,source_5
TC-S-7004,0.6974601149559021,0.7655552327632904,source_5
TC-S-7004,0.704286515712738,0.8499927073717117,source_5
TC-S-7004,0.6979945302009583,0.8157491087913513,source_5
TC-S-7004,0.6728981137275696,0.6621771454811096,source_5
TC-S-7004,0.6783417463302612,0.5824440121650696,source_5
TC-S-7004,0.6862267851829529,0.6796123087406158,source_5
TC-S-7004,0.6822279691696167,0.6612316071987152,source_5
TC-S-7004,0.6885761022567749,0.5917685329914093,source_5
TC-S-7004,0.6852564215660095,0.6393023729324341,source_5
TC-S-7004,0.6718346476554871,0.6397188305854797,source_5
TC-S-7004,0.692543625831604,0.6361121535301208,source_5
TC-S-7004,0.6524384617805481,0.42878657579421997,source_5
TC-S-7004,0.6517457365989685,0.6764252483844757,source_5
TC-S-7004,0.6591514348983765,0.471454918384552,source_5
TC-S-7004,0.6579924821853638,0.4658949375152588,source_5
TC-S-7004,0.6551392078399658,0.40714752674102783,source_5
TC-S-7004,0.6662417054176331,0.48387110233306885,source_5
TC-S-7004,0.6674573421478271,0.3975675702095032,source_5
TC-S-7004,0.6734402179718018,0.46873825788497925,source_5
TC-S-7004,0.7260584831237793,0.510315328836441,source_5
TC-S-7004,0.7158082127571106,0.4518207311630249,source_5
TC-S-7004,0.7205216288566589,0.5051340162754059,source_5
TC-S-7004,0.7211717963218689,0.5997866094112396,source_5
TC-S-7004,0.6999331116676331,0.4682462215423584,source_5
TC-S-7004,0.7132751941680908,0.5550442934036255,source_5
TC-S-7004,0.7207156419754028,0.5245066285133362,source_5
TC-S-7004,0.7112074494361877,0.770893856883049,source_5
TC-S-7004,0.6738078594207764,0.5867438912391663,source_5
TC-S-7004,0.6701700687408447,0.6854261755943298,source_5
TC-S-7004,0.673568844795227,0.8959569558501244,source_5
TC-S-7004,0.6641220450401306,0.5994622707366943,source_5
TC-S-7004,0.6676461696624756,0.6024165749549866,source_5
TC-S-7004,0.6808179020881653,0.8194558620452881,source_5
TC-S-7004,0.6533839106559753,0.7085660696029663,source_5
TC-S-7004,0.6532665491104126,0.363580584526062,source_5
TC-S-7004,0.6587871313095093,0.4019317626953125,source_5
TC-S-7004,0.6609733700752258,0.40151405334472656,source_5
TC-S-7004,0.6649209260940552,0.3836628198623657,source_5
TC-S-7004,0.654924213886261,0.3137810230255127,source_5
TC-S-7004,0.6577163338661194,0.3220427632331848,source_5
TC-S-7004,0.6605387330055237,0.3160860538482666,source_5
TC-S-7004,0.6479352712631226,0.32152700424194336,source_5
TC-S-7004,0.6495640873908997,0.35127878189086914,source_5
TC-S-7004,0.6494491696357727,0.35040146112442017,source_5
TC-S-7004,0.6256919503211975,0.33365070819854736,source_5
TC-S-7004,0.6302260756492615,0.3353469967842102,source_5
TC-S-7004,0.6367409229278564,0.3199281096458435,source_5
TC-S-7004,0.6306893229484558,0.32589972019195557,source_5
TC-S-7004,0.6332005858421326,0.31426429748535156,source_5
TC-S-7004,0.6413710117340088,0.29528969526290894,source_5
TC-S-7004,0.6389178037643433,0.3303080201148987,source_5
TC-S-7004,0.6599479913711548,0.31967854499816895,source_5
TC-S-7004,0.6775903105735779,0.35450685024261475,source_5
TC-S-7004,0.6725478768348694,0.3455750346183777,source_5
TC-S-7004,0.656105637550354,0.31982362270355225,source_5
TC-S-7004,0.6593345999717712,0.33047086000442505,source_5
TC-S-7004,0.6568967700004578,0.33585864305496216,source_5
TC-S-7004,0.6282676458358765,0.3689248561859131,source_5
TC-S-7004,0.6319606304168701,0.3565150499343872,source_5
TC-S-7004,0.6386500597000122,0.3718067407608032,source_5
TC-S-7004,0.6329352259635925,0.3693891763687134,source_5
TC-S-7004,0.6326931118965149,0.339167058467865,source_5
TC-S-7004,0.6430453658103943,0.3865576982498169,source_5
TC-S-7004,0.6481317281723022,0.3834378719329834,source_5
TC-S-7004,0.661342442035675,0.3864617347717285,source_5
TC-S-7004,0.6603527069091797,0.3944348096847534,source_5
TC-S-7004,0.6584030389785767,0.37069010734558105,source_5
TC-S-7004,0.6452168226242065,0.40731799602508545,source_5
TC-S-7004,0.651069164276123,0.42549318075180054,source_5
TC-S-7004,0.6657274961471558,0.4577592611312866,source_5
TC-S-7004,0.661785900592804,0.43928730487823486,source_5
TC-S-7004,0.6645241379737854,0.48868221044540405,source_5
TC-S-7004,0.6599166393280029,0.49159300327301025,source_5
TC-S-7004,0.6285086870193481,0.38423043489456177,source_5
TC-S-7004,0.6332676410675049,0.3949906826019287,source_5
TC-S-7004,0.6983906030654907,0.5005560517311096,source_5
TC-S-7004,0.6984323859214783,0.5003671050071716,source_5
TC-S-7004,0.7044170498847961,0.5392712950706482,source_5
TC-S-7004,0.678826093673706,0.40747517347335815,source_5
TC-S-7004,0.6966452598571777,0.4168236255645752,source_5
TC-S-7004,0.6865890026092529,0.45848989486694336,source_5
TC-S-7004,0.6823027729988098,0.393884539604187,source_5
TC-S-7004,0.6904852390289307,0.40368103981018066,source_5
TC-S-7004,0.6870647072792053,0.5849952697753906,source_5
TC-S-7004,0.6681134700775146,0.544790506362915,source_5
TC-S-7004,0.6844095587730408,0.6907946467399597,source_5
TC-S-7004,0.6810087561607361,0.5259680151939392,source_5
TC-S-7004,0.6821924448013306,0.661831796169281,source_5
TC-S-7004,0.6792736053466797,0.5719562768936157,source_5
TC-S-7004,0.6856545805931091,0.6239399313926697,source_5
TC-S-7004,0.6923719644546509,0.8302169442176819,source_5
TC-S-7004,0.7054017782211304,0.864101454615593,source_5
TC-S-7004,0.6780983209609985,0.6297914087772369,source_5
TC-S-7004,0.6978553533554077,0.7198182940483093,source_5
TC-S-7004,0.6267969012260437,0.4157332181930542,source_5
TC-S-7004,0.6302157640457153,0.3481013774871826,source_5
TC-S-7004,0.6486083269119263,0.3899551033973694,source_5
TC-S-7004,0.6369785070419312,0.4468189477920532,source_5
TC-S-7004,0.6401369571685791,0.445115327835083,source_5
TC-S-7004,0.6424005627632141,0.48272860050201416,source_5
TC-S-7004,0.6410953998565674,0.4911220073699951,source_5
TC-S-7004,0.6419905424118042,0.5124852061271667,source_5
TC-S-7004,0.6580125689506531,0.4738128185272217,source_5
TC-S-7004,0.6566631197929382,0.5739469528198242,source_5
TC-S-7004,0.6529250144958496,0.614700973033905,source_5
TC-S-7004,0.6548436880111694,0.39526915550231934,source_5
TC-S-7004,0.6579908132553101,0.44808250665664673,source_5
TC-S-7004,0.6642143726348877,0.451568603515625,source_5
TC-S-7004,0.6617921590805054,0.46042782068252563,source_5
TC-S-7004,0.6614917516708374,0.4271920919418335,source_5
TC-S-7004,0.65839684009552,0.45055925846099854,source_5
TC-S-7004,0.6623432636260986,0.46016764640808105,source_5
TC-S-7004,0.6707444787025452,0.41378676891326904,source_5
TC-S-7004,0.6726229190826416,0.5113011002540588,source_5
TC-S-7004,0.6686863303184509,0.4334232807159424,source_5
TC-S-7004,0.6717250347137451,0.5090456306934357,source_5
TC-S-7004,0.6712784171104431,0.5690503120422363,source_5
TC-S-7004,0.6753908395767212,0.4815630316734314,source_5
TC-S-7004,0.678800642490387,0.5176249146461487,source_5
TC-S-7004,0.6829452514648438,0.5486728847026825,source_5
TC-S-7004,0.6713822484016418,0.38129866123199463,source_5
TC-S-7004,0.678307831287384,0.4264577627182007,source_5
TC-S-7004,0.6809439659118652,0.4783574938774109,source_5
TC-S-7004,0.6736052632331848,0.4840044379234314,source_5
TC-S-7004,0.6739484071731567,0.5464848577976227,source_5
TC-S-7004,0.6853549480438232,0.5276970267295837,source_5
TC-S-7004,0.6801620721817017,0.5476923286914825,source_5
TC-S-7004,0.6875477433204651,0.5505642890930176,source_5
TC-S-7004,0.6794896125793457,0.5323851406574249,source_5
TC-S-7004,0.688766598701477,0.48960715532302856,source_5
TC-S-7004,0.6836733222007751,0.4324239492416382,source_5
TC-S-7004,0.6978744268417358,0.42084288597106934,source_5
TC-S-7004,0.6790773868560791,0.4128108024597168,source_5
TC-S-7004,0.6789159178733826,0.39148032665252686,source_5
TC-S-7004,0.6818345785140991,0.38972991704940796,source_5
TC-S-7004,0.6839433312416077,0.3060420751571655,source_5
TC-S-7004,0.695559561252594,0.34999704360961914,source_5
TC-S-7004,0.69586181640625,0.32276594638824463,source_5
TC-S-7004,0.7005262970924377,0.3216993808746338,source_5
TC-S-7004,0.6848046183586121,0.3368077278137207,source_5
TC-S-7004,0.698492705821991,0.3415015935897827,source_5
TC-S-7004,0.6986687779426575,0.4561866521835327,source_5
TC-S-7004,0.6983036994934082,0.4851449728012085,source_5
TC-S-7004,0.7037301063537598,0.4660292863845825,source_5
TC-S-7004,0.7017300128936768,0.4888300895690918,source_5
TC-S-7004,0.6948624849319458,0.44327712059020996,source_5
TC-S-7004,0.6963965892791748,0.4673519730567932,source_5
TC-S-7004,0.6985854506492615,0.5208140015602112,source_5
TC-S-7004,0.7257619500160217,0.48322999477386475,source_5
TC-S-7004,0.7248404026031494,0.5086028873920441,source_5
TC-S-7004,0.7338423132896423,0.4942789077758789,source_5
TC-S-7004,0.7215590476989746,0.4701603055000305,source_5
TC-S-7004,0.6921917200088501,0.4771921634674072,source_5
TC-S-7004,0.6870286464691162,0.6301330029964447,source_5
TC-S-7004,0.6961726546287537,0.49861961603164673,source_5
TC-S-7004,0.7026640772819519,0.783760204911232,source_5
TC-S-7004,0.7017874121665955,0.874632254242897,source_5
TC-S-7004,0.7006317377090454,0.6873195171356201,source_5
TC-S-7004,0.6417679786682129,0.3514423370361328,source_5
TC-S-7004,0.645996630191803,0.34566158056259155,source_5
TC-S-7004,0.6439048051834106,0.35915607213974,source_5
TC-S-7004,0.6515172123908997,0.34056752920150757,source_5
TC-S-7004,0.6710565090179443,0.41427838802337646,source_5
TC-S-7004,0.6582479476928711,0.40525180101394653,source_5
TC-S-7004,0.5836070775985718,0.2446528673171997,source_3
TC-S-7004,0.5981117486953735,0.23317062854766846,source_3
TC-S-7004,0.6031301617622375,0.2337195873260498,source_3
TC-S-7004,0.5961374044418335,0.17917025089263916,source_3
TC-S-7004,0.7165937423706055,0.23246335983276367,source_3
TC-S-7004,0.7270040512084961,0.2004319429397583,source_3
TC-S-7004,0.6479475498199463,0.19798427820205688,source_3
TC-S-7004,0.5926424264907837,0.24203670024871826,source_3
TC-S-7004,0.6238167881965637,0.21391403675079346,source_3
TC-S-7004,0.6392449140548706,0.1943681240081787,source_3
TC-S-7004,0.6282803416252136,0.22473394870758057,source_3
TC-S-7004,0.6639497876167297,0.2017000913619995,source_3
TC-S-7004,0.6040899753570557,0.2461681365966797,source_3
TC-S-7004,0.6134955883026123,0.20671319961547852,source_3
TC-S-7004,0.6753056049346924,0.2147940993309021,source_3
TC-S-7004,0.6769551038742065,0.22049754858016968,source_3
TC-S-7004,0.6655948758125305,0.23324346542358398,source_3
TC-S-7004,0.6651871204376221,0.22073400020599365,source_3
TC-S-7004,0.6386991143226624,0.22337818145751953,source_3
TC-S-7004,0.6725649833679199,0.25017988681793213,source_3
TC-S-7004,0.5207311511039734,0.26250213384628296,source_3
TC-S-7004,0.5782876014709473,0.24691152572631836,source_3
TC-S-7004,0.5702030062675476,0.22062909603118896,source_3
TC-S-7004,0.5992295145988464,0.2298189401626587,source_3
TC-S-7004,0.5754720568656921,0.25675320625305176,source_3
TC-S-7004,0.5680087804794312,0.22840994596481323,source_3
TC-S-7004,0.534924328327179,0.2876478433609009,source_3
TC-S-7004,0.5282779335975647,0.26923704147338867,source_3
TC-S-7004,0.6025388836860657,0.21695327758789062,source_3
TC-S-7004,0.6051704287528992,0.2107776403427124,source_3
TC-S-7004,0.7699668407440186,0.28920674324035645,source_3
TC-S-7004,0.6496105790138245,0.2719067335128784,source_3
TC-S-7004,0.5749631524085999,0.34507858753204346,source_3
TC-S-7004,0.5843514800071716,0.2414138913154602,source_3
TC-S-7004,0.6294429898262024,0.2736058831214905,source_3
TC-S-7004,0.5809742212295532,0.22568762302398682,source_3
TC-S-7004,0.5543214678764343,0.2289232611656189,source_3
TC-S-7004,0.5402359366416931,0.26171112060546875,source_3
TC-S-7004,0.5676370859146118,0.2277112603187561,source_3
TC-S-7004,0.5585834383964539,0.21932625770568848,source_3
TC-S-7004,0.653171956539154,1.23416768014431,source_3
TC-S-7004,0.6452330350875854,0.8225722163915634,source_3
TC-S-7004,0.6329552531242371,1.0667872205376625,source_3
TC-S-7004,0.5946083664894104,1.3197234272956848,source_3
TC-S-7004,0.6806858777999878,1.1888787895441055,source_3
TC-S-7004,0.6322954297065735,1.007257494609803,source_3
TC-S-7004,0.6427746415138245,1.1169705539941788,source_3
TC-S-7004,0.6022472977638245,1.124562382698059,source_3
TC-S-7004,0.621512770652771,1.0730746388435364,source_3
TC-S-7004,0.6397337913513184,1.0860005766153336,source_3
TC-S-7004,0.6357105374336243,1.0043889116495848,source_3
TC-S-7004,0.6311674118041992,1.0243191123008728,source_3
TC-S-7004,0.65976881980896,1.0543037056922913,source_3
TC-S-7004,0.6604949235916138,1.0517354682087898,source_3
TC-S-7004,0.8665473461151123,0.7359738051891327,source_3
TC-S-7004,0.6061413884162903,1.0995441004633904,source_3
TC-S-7004,0.6384682059288025,0.9952717833220959,source_3
TC-S-7004,0.6551523208618164,1.0348142012953758,source_3
TC-S-7004,0.6240780353546143,0.9113003090023994,source_3
TC-S-7004,0.6644260287284851,1.1079684346914291,source_3
TC-S-7004,0.8512309789657593,0.8801447600126266,source_3
TC-S-7004,0.8760470151901245,1.1026382818818092,source_3
TC-S-7004,0.8729403614997864,0.9264526292681694,source_3
TC-S-7004,0.8320139646530151,1.173613429069519,source_3
TC-S-7004,0.7918898463249207,0.9585629999637604,source_3
TC-S-7004,0.7559844851493835,1.0204792823642492,source_3
TC-S-7004,0.7282935976982117,1.0563700199127197,source_3
TC-S-7004,0.7288774847984314,1.0188136287033558,source_3
TC-S-7004,1.0943078994750977,1.1060690730810165,source_3
TC-S-7004,1.1062707901000977,1.0794632285833359,source_3
TC-S-7004,1.0772042274475098,0.7909818887710571,source_3
TC-S-7004,0.9556097388267517,0.9877068065106869,source_3
TC-S-7004,0.8788667917251587,1.108862966299057,source_3
TC-S-7004,0.9817133545875549,1.273269534111023,source_3
TC-S-7004,1.093528389930725,1.024582987651229,source_3
TC-S-7004,0.9879788160324097,1.108383372426033,source_3
TC-S-7004,0.8877352476119995,0.9907798413187265,source_3
TC-S-7004,0.9679760932922363,1.1286371052265167,source_3
TC-S-7004,0.9715948104858398,0.7400122880935669,source_3
TC-S-7004,0.8975558280944824,1.1982337683439255,source_3
TC-S-7004,0.5445321202278137,0.4726523160934448,source_3
TC-S-7004,0.5542600750923157,0.44907915592193604,source_3
TC-S-7004,0.5603033304214478,0.37869083881378174,source_3
TC-S-7004,0.5058062076568604,0.3435324430465698,source_3
TC-S-7004,0.5339706540107727,0.4600675106048584,source_3
TC-S-7004,0.5396550893783569,0.41828978061676025,source_3
TC-S-7004,0.555944561958313,0.3931891918182373,source_3
TC-S-7004,0.5173291563987732,0.29952216148376465,source_3
TC-S-7004,0.5246511697769165,0.2859926223754883,source_3
TC-S-7004,0.561436653137207,0.27059996128082275,source_3
TC-S-7004,0.500761866569519,0.29966121912002563,source_3
TC-S-7004,0.5818254351615906,0.2411637306213379,source_3
TC-S-7004,0.5727534294128418,0.26306605339050293,source_3
TC-S-7004,0.5158975124359131,0.25620031356811523,source_3
TC-S-7004,0.5575428009033203,0.22167563438415527,source_3
TC-S-7004,0.5841132402420044,0.21790581941604614,source_3
TC-S-7004,0.572507917881012,0.21500808000564575,source_3
TC-S-7004,0.5758947134017944,0.2549296021461487,source_3
TC-S-7004,0.5804470181465149,0.19638025760650635,source_3
TC-S-7004,0.5999414920806885,0.20941197872161865,source_3
TC-S-7004,0.5457763671875,0.5097063779830933,source_3
TC-S-7004,0.5574971437454224,0.4508749842643738,source_3
TC-S-7004,0.5506851673126221,0.4659714698791504,source_3
TC-S-7004,0.6328579783439636,0.45035403966903687,source_3
TC-S-7004,0.6016655564308167,0.6050778031349182,source_3
TC-S-7004,0.536433219909668,0.4574892520904541,source_3
TC-S-7004,0.663735032081604,0.40120309591293335,source_3
TC-S-7004,0.70135098695755,0.3189626932144165,source_3
TC-S-7004,0.6013749241828918,0.6249992251396179,source_3
TC-S-7004,0.6158700585365295,0.543348878622055,source_3
TC-S-7004,0.6306511759757996,0.5367992222309113,source_3
TC-S-7004,0.5334679484367371,0.32995057106018066,source_3
TC-S-7004,0.6153985857963562,0.45777618885040283,source_3
TC-S-7004,0.6418440937995911,0.360856294631958,source_3
TC-S-7004,0.6592233180999756,0.4216567277908325,source_3
TC-S-7004,0.6020299196243286,0.3651125431060791,source_3
TC-S-7004,0.5282220244407654,0.2613098621368408,source_3
TC-S-7004,0.6153180003166199,0.22490167617797852,source_3
TC-S-7004,0.6428673267364502,0.23994266986846924,source_3
TC-S-7004,0.5988472700119019,0.22746556997299194,source_3
TC-S-7004,0.5674463510513306,0.31632888317108154,source_3
TC-S-7004,0.589401125907898,0.2830485701560974,source_3
TC-S-7004,0.5986008644104004,0.2594801187515259,source_3
TC-S-7004,0.5895670652389526,0.26958298683166504,source_3
TC-S-7004,0.49013951420783997,0.28967368602752686,source_3
TC-S-7004,0.51319819688797,0.1560530662536621,source_3
TC-S-7004,0.49200239777565,0.2803822159767151,source_3
TC-S-7004,0.5770546793937683,0.2357894778251648,source_3
TC-S-7004,0.594610333442688,0.26215440034866333,source_3
TC-S-7004,0.6011142134666443,0.2545713186264038,source_3
TC-S-7004,0.6146664619445801,0.2618974447250366,source_3
TC-S-7004,0.6303322315216064,0.23845422267913818,source_3
TC-S-7004,0.6299753785133362,0.22652262449264526,source_3
TC-S-7004,0.502512514591217,0.21537601947784424,source_3
TC-S-7004,0.4581645131111145,0.2642412781715393,source_3
TC-S-7004,0.4878444969654083,0.22091078758239746,source_3
TC-S-7004,0.4961055815219879,0.23462212085723877,source_3
TC-S-7004,1.4306142330169678,0.7076086699962616,source_7
TC-S-7004,1.4551661014556885,0.6788702309131622,source_7
TC-S-7004,1.4380979537963867,0.6801133453845978,source_7
TC-S-7004,1.4188005924224854,0.6674606502056122,source_7
TC-S-7004,1.4584928750991821,0.6448286771774292,source_7
TC-S-7004,1.425976276397705,0.679568886756897,source_7
TC-S-7004,1.424285888671875,0.6523005366325378,source_7
TC-S-7004,1.447680115699768,0.6823738515377045,source_7
TC-S-7004,1.4179556369781494,0.6706342697143555,source_7
TC-S-7004,1.4055894613265991,0.6618438959121704,source_7
TC-S-7004,1.4251904487609863,0.6863561868667603,source_7
TC-S-7004,1.4775640964508057,0.658315896987915,source_7
TC-S-7004,1.392528772354126,0.6548922061920166,source_7
TC-S-7004,1.3165977001190186,0.681751549243927,source_7
TC-S-7004,1.2928571701049805,0.6518658995628357,source_7
TC-S-7004,1.226798176765442,0.6311499774456024,source_7
TC-S-7004,1.2870069742202759,0.6511041522026062,source_7
TC-S-7004,1.3037352561950684,0.6573395133018494,source_7
TC-S-7004,1.2903873920440674,0.6511341035366058,source_7
TC-S-7004,1.3061497211456299,0.6487488746643066,source_7
TC-S-7004,1.2561111450195312,0.6294845640659332,source_7
TC-S-7004,1.1869113445281982,0.6299280524253845,source_7
TC-S-7004,1.225843906402588,0.6552152037620544,source_7
TC-S-7004,1.2661973237991333,0.6581974923610687,source_7
TC-S-7004,1.2052016258239746,0.6591965556144714,source_7
TC-S-7004,1.192463755607605,0.6418187916278839,source_7
TC-S-7004,1.2177760601043701,0.6684623956680298,source_7
TC-S-7004,1.1836559772491455,0.6504265069961548,source_7
TC-S-7004,1.1847130060195923,0.6686607599258423,source_7
TC-S-7004,1.1786301136016846,0.6504395008087158,source_7
TC-S-7004,1.1849616765975952,0.6384149193763733,source_7
TC-S-7004,1.1836515665054321,0.6429721415042877,source_7
TC-S-7004,1.2285593748092651,0.612437903881073,source_7
TC-S-7004,1.1818798780441284,0.6460535228252411,source_7
TC-S-7004,1.1822854280471802,0.6796626448631287,source_7
TC-S-7004,1.203763723373413,0.6308788657188416,source_7
TC-S-7004,1.1863212585449219,0.6456643044948578,source_7
TC-S-7004,1.189944863319397,0.6398572325706482,source_7
TC-S-7004,1.2171918153762817,0.5997945070266724,source_7
TC-S-7004,1.2123773097991943,0.6312598586082458,source_7
TC-S-7004,1.2280588150024414,0.620151698589325,source_7
TC-S-7004,1.2024974822998047,0.6066234111785889,source_7
TC-S-7004,1.2126517295837402,0.6374731063842773,source_7
TC-S-7004,1.2211945056915283,0.5705777704715729,source_7
TC-S-7004,1.234215259552002,0.6848846077919006,source_7
TC-S-7004,1.224427580833435,0.6689458191394806,source_7
TC-S-7004,1.2251694202423096,0.6939365565776825,source_7
TC-S-7004,1.188146948814392,0.693579375743866,source_7
TC-S-7004,1.229832649230957,0.6781954169273376,source_7
TC-S-7004,1.1716248989105225,0.6755700707435608,source_7
TC-S-7004,1.1732230186462402,0.6914865374565125,source_7
TC-S-7004,1.1283754110336304,0.6494825184345245,source_7
TC-S-7004,1.1284343004226685,0.6376323103904724,source_7
TC-S-7004,1.1734367609024048,0.6466848254203796,source_7
TC-S-7004,1.1792402267456055,0.6604174375534058,source_7
TC-S-7004,1.204894781112671,0.6514690518379211,source_7
TC-S-7004,1.2420583963394165,0.6631863713264465,source_7
TC-S-7004,1.1915682554244995,0.6480673849582672,source_7
TC-S-7004,1.152854084968567,0.6180928349494934,source_7
TC-S-7004,1.1833912134170532,0.6644764542579651,source_7
TC-S-7004,1.1723792552947998,0.6297860741615295,source_7
TC-S-7004,1.1792675256729126,0.6738976836204529,source_7
TC-S-7004,1.171044945716858,0.571230947971344,source_7
TC-S-7004,1.1683679819107056,0.5921608805656433,source_7
TC-S-7004,1.2121447324752808,0.5588653683662415,source_7
TC-S-7004,1.2089941501617432,0.5894574522972107,source_7
TC-S-7004,1.601305365562439,0.7262148857116699,source_7
TC-S-7004,1.67333984375,0.7154428362846375,source_7
TC-S-7004,1.5457361936569214,0.7026999592781067,source_7
TC-S-7004,1.4162824153900146,0.6870947182178497,source_7
TC-S-7004,1.3281848430633545,0.6936319172382355,source_7
TC-S-7004,1.3175978660583496,0.6762747764587402,source_7
TC-S-7004,1.3161457777023315,0.6704172194004059,source_7
TC-S-7004,1.2890905141830444,0.6561686396598816,source_7
TC-S-7004,1.2413021326065063,0.6535778641700745,source_7
TC-S-7004,1.210310459136963,0.657235324382782,source_7
TC-S-7004,1.2087419033050537,0.6555108428001404,source_7
TC-S-7004,1.1868391036987305,0.6654256582260132,source_7
TC-S-7004,1.1790745258331299,0.6763873994350433,source_7
TC-S-7004,1.24618399143219,0.6727804839611053,source_7
TC-S-7004,1.2148240804672241,0.6489821374416351,source_7
TC-S-7004,1.1977145671844482,0.6564638614654541,source_7
TC-S-7004,1.2189075946807861,0.6738010942935944,source_7
TC-S-7004,1.1885440349578857,0.6626231372356415,source_7
TC-S-7004,1.3549684286117554,0.7361100912094116,source_7
TC-S-7004,1.2950310707092285,0.714746356010437,source_7
TC-S-7004,1.2686691284179688,0.7059101462364197,source_7
TC-S-7004,1.3151423931121826,0.6924144327640533,source_7
TC-S-7004,1.4250410795211792,0.7294944524765015,source_7
TC-S-7004,1.3143818378448486,0.7145997881889343,source_7
TC-S-7004,1.2344833612442017,0.6929209530353546,source_7
TC-S-7004,1.2224172353744507,0.6742127537727356,source_7
TC-S-7004,1.3855907917022705,0.7168070077896118,source_7
TC-S-7004,1.2847121953964233,0.6916431784629822,source_7
TC-S-7004,1.2386231422424316,0.6991453766822815,source_7
TC-S-7004,1.2360666990280151,0.719518780708313,source_7
TC-S-7004,1.2754029035568237,0.6911367774009705,source_7
TC-S-7004,1.2698265314102173,0.6919023394584656,source_7
TC-S-7004,1.2572208642959595,0.6152034103870392,source_7
TC-S-7004,1.2848684787750244,0.7318786978721619,source_7
TC-S-7004,1.270529866218567,0.6480004787445068,source_7
TC-S-7004,1.2438545227050781,0.6869740784168243,source_7
TC-S-7004,1.2642794847488403,0.6063475012779236,source_7
TC-S-7004,1.2795637845993042,0.6316715478897095,source_7
TC-S-7004,1.26340651512146,0.6410976946353912,source_7
TC-S-7004,1.2465578317642212,0.6197599470615387,source_7
TC-S-7004,1.2562206983566284,0.6244213879108429,source_7
TC-S-7004,1.1330314874649048,0.6509944200515747,source_7
TC-S-7004,1.2962646484375,0.6241323053836823,source_7
TC-S-7004,1.211053729057312,0.6145759522914886,source_7
TC-S-7004,1.0527299642562866,0.665403425693512,source_7
TC-S-7004,1.2013533115386963,0.6702771484851837,source_7
TC-S-7004,1.1686055660247803,0.6560873985290527,source_7
TC-S-7004,1.0588973760604858,0.6673263609409332,source_7
TC-S-7004,1.1956089735031128,0.6187471449375153,source_7
TC-S-7004,0.7652983069419861,0.22934985160827637,source_10
TC-S-7004,0.70418381690979,0.1540459394454956,source_10
TC-S-7004,0.7394319772720337,0.12837475538253784,source_10
TC-S-7004,0.7632085680961609,0.14370673894882202,source_10
TC-S-7004,0.7627989649772644,0.4730026125907898,source_10
TC-S-7004,0.7807422876358032,0.18998098373413086,source_10
TC-S-7004,0.7858739495277405,0.1938115358352661,source_10
TC-S-7004,0.8394156694412231,0.32296448945999146,source_10
TC-S-7004,0.7159210443496704,0.1705918312072754,source_10
TC-S-7004,0.7286481261253357,0.14017963409423828,source_10
TC-S-7004,0.7389408349990845,0.2187432050704956,source_10
TC-S-7004,0.7246220707893372,0.14780324697494507,source_10
TC-S-7004,0.7301930785179138,0.14159119129180908,source_10
TC-S-7004,0.7254037261009216,0.14398622512817383,source_10
TC-S-7004,0.7375603318214417,0.18045127391815186,source_10
TC-S-7004,0.6938991546630859,0.2559733986854553,source_10
TC-S-7004,0.6935639381408691,0.1601429581642151,source_10
TC-S-7004,0.6832239031791687,0.13786613941192627,source_10
TC-S-7004,0.7051969766616821,0.1906590461730957,source_10
TC-S-7004,0.7107673287391663,0.19657230377197266,source_10
TC-S-7004,0.707205593585968,0.1951116919517517,source_10
TC-S-7004,0.7179107666015625,0.2695055603981018,source_10
TC-S-7004,0.7242607474327087,0.2120908498764038,source_10
TC-S-7004,0.7483208775520325,0.17273306846618652,source_10
TC-S-7004,0.7293388247489929,0.18138599395751953,source_10
TC-S-7004,0.7499856948852539,0.20766818523406982,source_10
TC-S-7004,0.7427662014961243,0.23702681064605713,source_10
TC-S-7004,0.7585691809654236,0.19896233081817627,source_10
TC-S-7004,0.7186317443847656,0.17518866062164307,source_10
TC-S-7004,0.6484324932098389,0.2986032962799072,source_10
TC-S-7004,0.6375455856323242,0.30499064922332764,source_10
TC-S-7004,0.6621318459510803,0.35143107175827026,source_10
TC-S-7004,0.7042112350463867,0.3731389045715332,source_10
TC-S-7004,0.7368509769439697,0.18698996305465698,source_10
TC-S-7004,0.7484428882598877,0.192249596118927,source_10
TC-S-7004,0.7452749609947205,0.2324082851409912,source_10
TC-S-7004,0.7502570748329163,0.1374567747116089,source_10
TC-S-7004,0.7402638792991638,0.13265162706375122,source_10
TC-S-7004,0.7542449235916138,0.13916921615600586,source_10
TC-S-7004,0.716702938079834,0.28012120723724365,source_10
TC-S-7004,0.705208420753479,0.2919578552246094,source_10
TC-S-7004,0.7431174516677856,0.3066694736480713,source_10
TC-S-7004,0.7309626936912537,0.337829053401947,source_10
TC-S-7004,0.7361827492713928,0.36102330684661865,source_10
TC-S-7004,0.7438428997993469,0.40282338857650757,source_10
TC-S-7004,0.7569270133972168,0.408355176448822,source_10
TC-S-7004,0.7161357998847961,0.24228954315185547,source_10
TC-S-7004,0.698437511920929,0.1302761435508728,source_10
TC-S-7004,0.7182675004005432,0.191758394241333,source_10
TC-S-7004,0.7024641633033752,0.1308402419090271,source_10
TC-S-7004,0.720037043094635,0.1878872513771057,source_10
TC-S-7004,0.7115004658699036,0.13533097505569458,source_10
TC-S-7004,0.6392455101013184,0.1338678002357483,source_10
TC-S-7004,0.8135678172111511,0.24288034439086914,source_10
TC-S-7004,0.7836143374443054,0.17867374420166016,source_10
TC-S-7004,0.7625885009765625,0.19406139850616455,source_10
TC-S-7004,0.7378958463668823,0.17339396476745605,source_10
TC-S-7004,0.7535517811775208,0.16568714380264282,source_10
TC-S-7004,0.7714757919311523,0.23952716588974,source_10
TC-S-7004,0.7828425765037537,0.24515044689178467,source_10
TC-S-7004,0.6643677353858948,0.2313690185546875,source_10
TC-S-7004,0.6956585049629211,0.2677798271179199,source_10
TC-S-7004,0.7332441210746765,0.21924877166748047,source_10
TC-S-7004,0.7017207145690918,0.298193097114563,source_10
TC-S-7004,0.6356827616691589,0.3239634037017822,source_10
TC-S-7004,0.7115398645401001,0.26972103118896484,source_10
TC-S-7004,0.6897315979003906,0.10415756702423096,source_10
TC-S-7004,0.7418475151062012,0.10761415958404541,source_10
TC-S-7004,0.7428884506225586,0.12549370527267456,source_10
TC-S-7004,0.7356809377670288,0.1392878293991089,source_10
TC-S-7004,0.7318363785743713,0.14932000637054443,source_10
TC-S-7004,0.7264675498008728,0.2229781150817871,source_10
TC-S-7004,0.7486199736595154,0.1488761305809021,source_10
TC-S-7004,0.6535945534706116,0.2222386598587036,source_10
TC-S-7004,0.67091965675354,0.15234577655792236,source_10
TC-S-7004,0.6723655462265015,0.2252638339996338,source_10
TC-S-7004,0.6676797270774841,0.2134188413619995,source_10
TC-S-7004,0.677435576915741,0.1960974931716919,source_10
TC-S-7004,0.7529630661010742,0.2550175189971924,source_10
TC-S-7004,0.7650482654571533,0.12857306003570557,source_10
TC-S-7004,0.7829801440238953,0.1469629406929016,source_10
TC-S-7004,0.7900485992431641,0.17446446418762207,source_10
TC-S-7004,0.7750866413116455,0.17286086082458496,source_10
TC-S-7004,0.7292654514312744,0.13561558723449707,source_10
TC-S-7004,0.7599695920944214,0.17261695861816406,source_10
TC-S-7004,0.7796003222465515,0.2892202138900757,source_10
TC-S-7004,0.7334724068641663,0.14124131202697754,source_10
TC-S-7004,0.7484967112541199,0.26468485593795776,source_10
TC-S-7004,0.6239322423934937,0.15094709396362305,source_10
TC-S-7004,0.740860104560852,0.1292109489440918,source_10
TC-S-7004,0.7616809606552124,0.13380181789398193,source_10
TC-S-7004,0.7604078650474548,0.17453724145889282,source_10
TC-S-7004,0.7059587240219116,0.31353771686553955,source_10
TC-S-7004,0.7154203653335571,0.15792310237884521,source_10
TC-S-7004,0.7249951958656311,0.28497588634490967,source_10
TC-S-7004,0.7115234732627869,0.18415606021881104,source_10
TC-S-7004,0.7178288102149963,0.13246124982833862,source_10
TC-S-7004,0.7160231471061707,0.16643643379211426,source_10
TC-S-7004,0.7428821325302124,0.22223716974258423,source_10
TC-S-7004,0.7451248168945312,0.21707290410995483,source_10
TC-S-7004,0.7655348777770996,0.2359737753868103,source_10
TC-S-7004,0.7543515563011169,0.15145617723464966,source_10
TC-S-7004,0.7086412310600281,0.36333978176116943,source_10
TC-S-7004,0.6942333579063416,0.378009557723999,source_10
TC-S-7004,0.7202811241149902,0.31687813997268677,source_10
TC-S-7004,0.7211544513702393,0.26250672340393066,source_10
TC-S-7004,0.7139182090759277,0.26484549045562744,source_10
TC-S-7004,0.74519944190979,0.3136943578720093,source_10
TC-S-7004,0.7730028629302979,0.3369743227958679,source_10
TC-S-7004,0.7818006873130798,0.3601260781288147,source_10
TC-S-7004,0.6599276065826416,0.3817822337150574,source_10
TC-S-7004,0.653968095779419,0.2792338728904724,source_10
TC-S-7004,0.672362744808197,0.36741167306900024,source_10
TC-S-7004,0.6770431995391846,0.23298901319503784,source_10
TC-S-7004,0.7184799909591675,0.37277257442474365,source_10
TC-S-7004,0.7274882793426514,0.23697912693023682,source_10
TC-S-7004,0.7264822721481323,0.26737475395202637,source_10
TC-S-7004,0.7522729635238647,0.31796765327453613,source_10
TC-S-7004,0.7362505197525024,0.3363906145095825,source_10
TC-S-7004,0.6835898756980896,0.15850180387496948,source_10
TC-S-7004,0.7057796120643616,0.19297635555267334,source_10
TC-S-7004,0.7191607356071472,0.21100306510925293,source_10
TC-S-7004,0.7077642679214478,0.17849111557006836,source_10
TC-S-7004,0.7497695088386536,0.25858187675476074,source_10
TC-S-7004,0.7731326222419739,0.2863917946815491,source_10
TC-S-7004,0.746772289276123,0.32308143377304077,source_10
TC-S-7004,0.7661683559417725,0.3207491636276245,source_10
TC-S-7004,0.7851459980010986,0.3430173993110657,source_10
TC-S-7004,0.816535472869873,0.24174845218658447,source_10
TC-S-7004,0.8155383467674255,0.2418408989906311,source_10
TC-S-7004,0.8216452598571777,0.2514253258705139,source_10
TC-S-7004,0.8592255711555481,0.2826002240180969,source_10
TC-S-7004,0.7116147875785828,0.279954195022583,source_10
TC-S-7004,0.7015097737312317,0.2177712321281433,source_10
TC-S-7004,0.7085792422294617,0.15276038646697998,source_10
TC-S-7004,0.7162646055221558,0.18860071897506714,source_10
TC-S-7004,0.720564067363739,0.16901546716690063,source_10
TC-S-7004,0.71439528465271,0.14936697483062744,source_10
TC-S-7004,0.730579674243927,0.16839009523391724,source_10
TC-S-7004,0.7309128046035767,0.16035842895507812,source_10
TC-S-7004,0.6899097561836243,0.12100708484649658,source_10
TC-S-7004,0.6766301989555359,0.19593924283981323,source_10
TC-S-7004,0.6664231419563293,0.1631004810333252,source_10
TC-S-7004,0.6620888113975525,0.3043016195297241,source_10
TC-S-7004,0.6863516569137573,0.2385120391845703,source_10
TC-S-7004,0.6758784651756287,0.33633655309677124,source_10
TC-S-7004,0.6806051731109619,0.1844635009765625,source_10
TC-S-7004,0.6985185146331787,0.3864004611968994,source_10
TC-S-7004,0.7641133666038513,0.2956610918045044,source_10
TC-S-7004,0.7702850699424744,0.2623863220214844,source_10
TC-S-7004,0.7793917655944824,0.28782451152801514,source_10
TC-S-7004,0.8457093834877014,0.24700456857681274,source_10
TC-S-7004,0.8112646341323853,0.2719224691390991,source_10
TC-S-7004,0.8064252734184265,0.275012731552124,source_10
TC-S-7004,0.7904064059257507,0.2698887586593628,source_10
TC-S-7004,0.8093577027320862,0.2929498553276062,source_10
TC-S-7004,0.9076381325721741,0.23760640621185303,source_10
TC-S-7004,0.8930073380470276,0.2402864694595337,source_10
TC-S-7004,0.8508678078651428,0.2699112892150879,source_10
TC-S-7004,0.8903152346611023,0.21045732498168945,source_10
TC-S-7004,0.8651230931282043,0.2223791480064392,source_10
TC-S-7004,0.8587285280227661,0.2758127450942993,source_10
TC-S-7004,0.8465259075164795,0.23835915327072144,source_10
TC-S-7004,0.8594754934310913,0.28642016649246216,source_10
TC-S-7004,0.6139491200447083,0.3402897119522095,source_10
TC-S-7004,0.669258713722229,0.24261623620986938,source_10
TC-S-7004,0.6756889224052429,0.2748192548751831,source_10
TC-S-7004,0.6789767146110535,0.2651040554046631,source_10
TC-S-7004,0.8345683813095093,0.2930198907852173,source_10
TC-S-7004,0.812421441078186,0.2697943449020386,source_10
TC-S-7004,0.8033387660980225,0.2488166093826294,source_10
TC-S-7004,0.7905353307723999,0.3035469055175781,source_10
TC-S-7004,0.5729721188545227,0.20754504203796387,source_10
TC-S-7004,0.5786065459251404,0.12735402584075928,source_10
TC-S-7004,0.585746169090271,0.14978313446044922,source_10
TC-S-7004,0.598438560962677,0.24682998657226562,source_10
TC-S-7004,0.5650374293327332,0.2809590697288513,source_10
TC-S-7004,0.5804135799407959,0.25790268182754517,source_10
TC-S-7004,0.6016756892204285,0.2949564456939697,source_10
TC-S-7004,0.6141834259033203,0.312610387802124,source_10
TC-S-7004,0.6090579628944397,0.33241283893585205,source_10
TC-S-7004,0.6404841542243958,0.2725166082382202,source_10
TC-S-7004,0.6496130228042603,0.226862370967865,source_10
TC-S-7004,0.6466056108474731,0.3522055745124817,source_10
TC-S-7004,0.704303503036499,0.26014453172683716,source_10
TC-S-7004,0.6420024037361145,0.28527289628982544,source_10
TC-S-7004,0.657358705997467,0.30655038356781006,source_10
TC-S-7004,0.7444429397583008,0.2610689401626587,source_10
TC-S-7004,0.7198286056518555,0.3447728753089905,source_10
TC-S-7004,0.7121924757957458,0.2960611581802368,source_10
TC-S-7004,0.6838411688804626,0.30952775478363037,source_10
TC-S-7004,0.6885408759117126,0.3087887763977051,source_10
TC-S-7004,0.6912370920181274,0.33745861053466797,source_10
TC-S-7004,0.6715067028999329,0.3453252911567688,source_10
TC-S-7004,0.6664788126945496,0.3583562970161438,source_10
TC-S-7004,0.6553277373313904,0.42907285690307617,source_10
TC-S-7004,0.6887909173965454,0.33999407291412354,source_10
TC-S-7004,0.7039315700531006,0.2941615581512451,source_10
TC-S-7004,0.704410195350647,0.28325045108795166,source_10
TC-S-7004,0.7328311800956726,0.247391939163208,source_10
TC-S-7004,0.7305453419685364,0.2984035015106201,source_10
TC-S-7004,0.8332264423370361,0.37352633476257324,source_10
TC-S-7004,0.7410414814949036,0.3227895498275757,source_10
TC-S-7004,0.7437527775764465,0.33725249767303467,source_10
TC-S-7004,0.8762803077697754,0.9677292332053185,source_11
TC-S-7004,0.6814315319061279,1.0534568130970001,source_11
TC-S-7004,0.8401833176612854,0.71729975938797,source_11
TC-S-7004,0.7771334052085876,0.8489881157875061,source_11
TC-S-7004,0.8106127381324768,0.8132781386375427,source_11
TC-S-7004,0.8140944838523865,0.8625545799732208,source_11
TC-S-7004,0.7866015434265137,0.8490882515907288,source_11
TC-S-7004,0.7967389225959778,0.8825697377324104,source_11
TC-S-7004,0.7885661125183105,1.0245476830750704,source_11
TC-S-7004,0.7864782810211182,0.8511971831321716,source_11
TC-S-7004,0.7971920967102051,0.8269393891096115,source_11
TC-S-7004,0.797740638256073,0.7421352863311768,source_11
TC-S-7004,0.7746882438659668,0.7995133846998215,source_11
TC-S-7004,0.7924286723136902,0.871804803609848,source_11
TC-S-7004,0.7905193567276001,0.7867666780948639,source_11
TC-S-7004,0.7783341407775879,0.8537567555904388,source_11
TC-S-7004,0.7673214077949524,0.9357695356011391,source_11
TC-S-7004,0.7765673995018005,0.8225574791431427,source_11
TC-S-7004,0.9223527312278748,0.7932183593511581,source_11
TC-S-7004,2.3302690982818604,0.8323736786842346,source_11
TC-S-7004,0.8007583022117615,0.833022803068161,source_11
TC-S-7004,0.7817443013191223,0.7510499358177185,source_11
TC-S-7004,0.808056116104126,0.6844607591629028,source_11
TC-S-7004,0.8618075847625732,0.8880404978990555,source_11
TC-S-7004,0.8744598031044006,0.8515635579824448,source_11
TC-S-7004,0.8797157406806946,0.7519652396440506,source_11
TC-S-7004,0.900375247001648,0.8064846396446228,source_11
TC-S-7004,0.9318448305130005,0.8066613525152206,source_11
TC-S-7004,0.9087428450584412,0.8272641152143478,source_11
TC-S-7004,0.9174678921699524,0.8141133487224579,source_11
TC-S-7004,0.925312876701355,0.7880827784538269,source_11
TC-S-7004,0.9203751087188721,0.8167760372161865,source_11
TC-S-7004,0.7072758078575134,0.8610660582780838,source_11
TC-S-7004,0.7588546276092529,0.8746005892753601,source_11
TC-S-7004,0.7640963196754456,0.8129675984382629,source_11
TC-S-7004,0.7535000443458557,0.7863899171352386,source_11
TC-S-7004,0.7439536452293396,1.0562621280550957,source_11
TC-S-7004,0.7606989145278931,1.0496373772621155,source_11
TC-S-7004,0.6963871121406555,0.7088406085968018,source_11
TC-S-7004,0.7682688236236572,0.843326136469841,source_11
TC-S-7004,0.7436428070068359,0.9417245090007782,source_11
TC-S-7004,0.758987545967102,0.9146043807268143,source_11
TC-S-7004,0.7721652388572693,0.6492587924003601,source_11
TC-S-7004,0.7657034397125244,0.7391064763069153,source_11
TC-S-7004,0.7629616260528564,0.9379802122712135,source_11
TC-S-7004,0.7573415637016296,0.9219161048531532,source_11
TC-S-7004,0.7650513648986816,0.8926145136356354,source_11
TC-S-7004,0.7631709575653076,0.7994703352451324,source_11
TC-S-7004,0.7525855302810669,0.7622582018375397,source_11
TC-S-7004,0.7542561292648315,0.8081262111663818,source_11
TC-S-7004,0.7479984760284424,0.8321914970874786,source_11
TC-S-7004,0.7492328882217407,0.840988039970398,source_11
TC-S-7004,0.6893424987792969,0.9539432786405087,source_11
TC-S-7004,0.7512556910514832,0.8862183764576912,source_11
TC-S-7004,0.6962010860443115,1.0226777736097574,source_11
TC-S-7004,0.6864461898803711,0.7741601318120956,source_11
TC-S-7004,0.6770073175430298,0.7152634859085083,source_11
TC-S-7004,0.6775131821632385,0.9240412935614586,source_11
TC-S-7004,0.7195623517036438,0.7573757469654083,source_11
TC-S-7004,0.6895283460617065,0.8786783069372177,source_11
TC-S-7004,0.8039683103561401,1.0038357572630048,source_11
TC-S-7004,0.8207468390464783,0.8414528965950012,source_11
TC-S-7004,0.6896951198577881,0.828570082783699,source_11
TC-S-7004,0.7893663048744202,0.8044765591621399,source_11
TC-S-7004,0.6851550936698914,0.7961916625499725,source_11
TC-S-7004,0.6902034282684326,0.8301429897546768,source_11
TC-S-7004,0.6019285321235657,1.039298690855503,source_11
TC-S-7004,0.6270532608032227,0.9057735800743103,source_11
TC-S-7004,0.7151877284049988,0.7435628473758698,source_11
TC-S-7004,0.7414900660514832,0.6904510855674744,source_11
TC-S-7004,0.7393670678138733,0.7333092987537384,source_11
TC-S-7004,0.7343968152999878,0.8237656950950623,source_11
TC-S-7004,0.7379288077354431,0.7358015179634094,source_11
TC-S-7004,0.755223274230957,0.7649158090353012,source_11
TC-S-7004,0.7619494795799255,0.9003501757979393,source_11
TC-S-7004,0.7991955876350403,0.881614975631237,source_11
TC-S-7004,0.7852873206138611,0.9813904296606779,source_11
TC-S-7004,0.7571706175804138,0.8279031962156296,source_11
TC-S-7004,0.7799707055091858,0.7521922886371613,source_11
TC-S-7004,0.7936691641807556,0.900808572769165,source_11
TC-S-7004,0.7977330684661865,0.7266960740089417,source_11
TC-S-7004,0.764511227607727,0.7320101857185364,source_11
TC-S-7004,0.7759761214256287,0.771502286195755,source_11
TC-S-7004,0.7985495328903198,0.9015627577900887,source_11
TC-S-7004,0.7894326448440552,0.8471543490886688,source_11
TC-S-7004,0.9657838940620422,0.9742161110043526,source_11
TC-S-7004,0.7442619204521179,0.8913352563977242,source_11
TC-S-7004,0.7200722694396973,1.020148891955614,source_11
TC-S-7004,0.7163341045379639,0.8762646466493607,source_11
TC-S-7004,0.7362458109855652,1.2477555125951767,source_11
TC-S-7004,0.7213684320449829,0.7581652998924255,source_11
TC-S-7004,0.7443557381629944,0.9087755382061005,source_11
TC-S-7004,0.7372967004776001,0.7771515250205994,source_11
TC-S-7004,0.7303957343101501,0.8305212259292603,source_11
TC-S-7004,0.7244401574134827,0.7440497875213623,source_11
TC-S-7004,0.7482700943946838,0.7475739419460297,source_11
TC-S-7004,0.7659741044044495,0.8648235648870468,source_11
TC-S-7004,0.7634040117263794,0.8095348328351974,source_11
TC-S-7004,0.6392013430595398,1.083647482097149,source_11
TC-S-7004,0.6214981079101562,0.8627079427242279,source_11
TC-S-7004,0.6142867803573608,0.9273245632648468,source_11
TC-S-7004,0.6048598885536194,0.8349369168281555,source_11
TC-S-7004,0.5946870446205139,0.9362066835165024,source_11
TC-S-7004,0.5731348991394043,0.8067549914121628,source_11
TC-S-7004,0.6564903855323792,0.8108024746179581,source_11
TC-S-7004,0.628959596157074,0.7778998017311096,source_11
TC-S-7004,0.6249617338180542,0.9751334898173809,source_11
TC-S-7004,0.6230652928352356,0.8442960679531097,source_11
TC-S-7004,0.636570930480957,0.9903298942372203,source_11
TC-S-7004,0.6576693058013916,0.9603923410177231,source_11
TC-S-7004,0.6639955043792725,0.8340485244989395,source_11
TC-S-7004,0.6594400405883789,1.0080295875668526,source_11
TC-S-7004,0.6998178362846375,0.8369583189487457,source_11
TC-S-7004,0.6637460589408875,0.9961815467104316,source_11
TC-S-7004,0.6620199084281921,0.824471116065979,source_11
TC-S-7004,0.6586936116218567,1.017508588731289,source_11
TC-S-7004,0.6619295477867126,0.7627604603767395,source_11
TC-S-7004,0.6633977293968201,0.9038532823324203,source_11
TC-S-7004,0.6870746612548828,0.8617253303527832,source_11
TC-S-7004,0.694177508354187,0.9579600989818573,source_11
TC-S-7004,0.6930871605873108,0.9815271832048893,source_11
TC-S-7004,0.6741482615470886,0.9924752712249756,source_11
TC-S-7004,0.6444092392921448,0.9048313349485397,source_11
TC-S-7004,0.6320933103561401,0.8055399805307388,source_11
TC-S-7004,0.6423236727714539,0.9154256284236908,source_11
TC-S-7004,0.6602877974510193,1.110489383339882,source_11
TC-S-7004,0.6700467467308044,0.9149385690689087,source_11
TC-S-7004,0.6791892051696777,0.8334022611379623,source_11
TC-S-7004,0.5837270617485046,0.9552825130522251,source_11
TC-S-7004,0.6296789646148682,0.9386073872447014,source_11
TC-S-7004,0.6062349677085876,1.1187624260783195,source_11
TC-S-7004,0.6078348159790039,1.042190082371235,source_11
TC-S-7004,0.5860455632209778,0.9295833855867386,source_11
TC-S-7004,0.5822856426239014,1.0932850018143654,source_11
TC-S-7004,0.6237034797668457,1.0117199122905731,source_11
TC-S-7004,0.6287588477134705,0.9634524062275887,source_11
TC-S-7004,0.6044526100158691,0.9471145421266556,source_11
TC-S-7004,0.5906784534454346,0.9611939564347267,source_11
TC-S-7004,0.5912590622901917,0.913521945476532,source_11
TC-S-7004,0.5985388159751892,1.0298778042197227,source_11
TC-S-7004,0.607309103012085,0.8818508237600327,source_11
TC-S-7004,0.6163328886032104,0.9192152246832848,source_11
TC-S-7004,0.6199547052383423,0.8021543025970459,source_11
TC-S-7004,0.6142506003379822,0.8509391248226166,source_11
TC-S-7004,0.617939829826355,0.8181501179933548,source_11
TC-S-7004,0.6177982687950134,0.9076853767037392,source_11
TC-S-7004,0.623991072177887,0.9387256428599358,source_11
TC-S-7004,0.620307207107544,0.9139128401875496,source_11
TC-S-7004,0.6365894079208374,0.9219902008771896,source_11
TC-S-7004,0.6658560037612915,1.0701589286327362,source_11
TC-S-7004,0.6685888767242432,1.0233612842857838,source_11
TC-S-7004,0.6880010366439819,0.9961591493338346,source_11
TC-S-7004,0.6960781216621399,1.014701148495078,source_11
TC-S-7004,0.6081535220146179,0.9622884914278984,source_11
TC-S-7004,0.6108137369155884,1.1192734092473984,source_11
TC-S-7004,0.6128284335136414,0.9663622081279755,source_11
TC-S-7004,0.5994865894317627,1.030619628727436,source_11
TC-S-7004,0.6067666411399841,0.9348651468753815,source_11
TC-S-7004,0.5854618549346924,0.9948614682070911,source_11
TC-S-7004,0.5994867086410522,1.1306706815958023,source_11
TC-S-7004,0.5933526754379272,0.9640942998230457,source_11
TC-S-7004,0.5997709035873413,0.7646499276161194,source_11
TC-S-7004,0.5936220288276672,0.9675042890012264,source_11
TC-S-7004,0.6037037372589111,0.9218257814645767,source_11
TC-S-7004,0.611723780632019,0.9755409583449364,source_11
TC-S-7004,0.629884660243988,0.7265181243419647,source_11
TC-S-7004,0.6359416842460632,0.9704250078648329,source_11
TC-S-7004,1.3072987794876099,0.8860338553786278,source_9
TC-S-7004,1.3121410608291626,0.7393996119499207,source_9
TC-S-7004,1.348684310913086,0.8342330604791641,source_9
TC-S-7004,1.3747519254684448,0.8445240557193756,source_9
TC-S-7004,1.3484938144683838,0.6258513927459717,source_9
TC-S-7004,1.4070252180099487,0.6018012166023254,source_9
TC-S-7004,1.4246435165405273,0.5688090920448303,source_9
TC-S-7004,1.418972373008728,0.554831862449646,source_9
TC-S-7004,1.4116911888122559,0.5073802471160889,source_9
TC-S-7004,1.4530301094055176,0.490556538105011,source_9
TC-S-7004,1.3119350671768188,0.43363046646118164,source_9
TC-S-7004,1.0521678924560547,0.5424700379371643,source_9
TC-S-7004,1.0175387859344482,0.5159536600112915,source_9
TC-S-7004,1.0351316928863525,0.5011865198612213,source_9
TC-S-7004,1.035152792930603,0.5037409067153931,source_9
TC-S-7004,1.0162403583526611,0.5088342130184174,source_9
TC-S-7004,0.9600366353988647,0.5315131843090057,source_9
TC-S-7004,0.9614169001579285,0.5083903074264526,source_9
TC-S-7004,1.1199935674667358,0.6163724660873413,source_9
TC-S-7004,1.127833366394043,0.7414390444755554,source_9
TC-S-7004,1.0859726667404175,0.7376616597175598,source_9
TC-S-7004,1.0637474060058594,0.7291842699050903,source_9
TC-S-7004,1.0497697591781616,0.7765843272209167,source_9
TC-S-7004,1.4087159633636475,0.5210293531417847,source_9
TC-S-7004,1.3831603527069092,0.5003131926059723,source_9
TC-S-7004,1.333739161491394,0.4762493371963501,source_9
TC-S-7004,1.0427526235580444,0.7572964131832123,source_9
TC-S-7004,1.0627758502960205,0.7691440433263779,source_9
TC-S-7004,1.0921040773391724,0.8088460564613342,source_9
TC-S-7004,1.1138331890106201,0.4554847478866577,source_9
TC-S-7004,1.0857090950012207,0.49284452199935913,source_9
TC-S-7004,1.0642503499984741,0.4533729553222656,source_9
TC-S-7004,1.0710664987564087,0.43591415882110596,source_9
TC-S-7004,1.1093686819076538,0.3985900282859802,source_9
TC-S-7004,1.0941929817199707,0.41802483797073364,source_9
TC-S-7004,1.104285717010498,0.4027278423309326,source_9
TC-S-7004,1.0462584495544434,0.411584734916687,source_9
TC-S-7004,1.330102801322937,0.48705458641052246,source_9
TC-S-7004,1.2644844055175781,0.4178202748298645,source_9
TC-S-7004,1.2643234729766846,0.4626210927963257,source_9
TC-S-7004,1.2366276979446411,0.45713913440704346,source_9
TC-S-7004,1.2272967100143433,0.43882036209106445,source_9
TC-S-7004,1.1495637893676758,0.7728506773710251,source_9
TC-S-7004,1.1872199773788452,0.7765795439481735,source_9
TC-S-7004,1.1767783164978027,0.7529798746109009,source_9
TC-S-7004,1.1884874105453491,0.7420467734336853,source_9
TC-S-7004,1.160212516784668,0.7718312293291092,source_9
TC-S-7004,1.1159241199493408,0.7397124767303467,source_9
TC-S-7004,0.961532711982727,0.7928408086299896,source_9
TC-S-7004,1.245252013206482,0.8415831327438354,source_9
TC-S-7004,1.264335036277771,0.8161320388317108,source_9
TC-S-7004,1.3059659004211426,0.8289118707180023,source_9
TC-S-7004,1.256657361984253,0.8580179810523987,source_9
TC-S-7004,1.354046106338501,0.8443671315908432,source_9
TC-S-7004,1.3619858026504517,0.8225294053554535,source_9
TC-S-7004,1.3201069831848145,0.8266400545835495,source_9
TC-S-7004,1.138745903968811,0.4537917375564575,source_9
TC-S-7004,1.1239449977874756,0.439782977104187,source_9
TC-S-7004,1.164457082748413,0.44603466987609863,source_9
TC-S-7004,1.1677212715148926,0.43858802318573,source_9
TC-S-7004,1.1759124994277954,0.4093080759048462,source_9
TC-S-7004,1.1769452095031738,0.4181321859359741,source_9
TC-S-7004,1.1887598037719727,0.41158461570739746,source_9
TC-S-7004,1.266378402709961,0.4110538363456726,source_9
TC-S-7004,1.1978317499160767,0.49051421880722046,source_9
TC-S-7004,1.2116823196411133,0.5063366591930389,source_9
TC-S-7004,1.1968953609466553,0.4776589870452881,source_9
TC-S-7004,1.1538735628128052,0.45591890811920166,source_9
TC-S-7004,1.2233151197433472,0.46265900135040283,source_9
TC-S-7004,1.2037724256515503,0.434140682220459,source_9
TC-S-7004,1.2045005559921265,0.4617241621017456,source_9
TC-S-7004,1.550626516342163,0.48621684312820435,source_9
TC-S-7004,1.3251707553863525,0.41178059577941895,source_9
TC-S-7004,0.867683470249176,0.26000767946243286,source_9
TC-S-7004,0.8747799396514893,0.27235114574432373,source_9
TC-S-7004,0.8861604928970337,0.2847849726676941,source_9
TC-S-7004,0.8740310072898865,0.2609010934829712,source_9
TC-S-7004,0.8534346222877502,0.4604111313819885,source_9
TC-S-7004,0.8705681562423706,0.4010865092277527,source_9
TC-S-7004,0.8663101196289062,0.45455098152160645,source_9
TC-S-7004,0.8498462438583374,0.4738023281097412,source_9
TC-S-7004,0.8453109860420227,0.3946547508239746,source_9
TC-S-7004,0.8364151120185852,0.4683850407600403,source_9
TC-S-7004,1.0756402015686035,0.4215238690376282,source_9
TC-S-7004,1.1174017190933228,0.3773960471153259,source_9
TC-S-7004,1.094044804573059,0.38374167680740356,source_9
TC-S-7004,1.0720874071121216,0.36570483446121216,source_9
TC-S-7004,1.0795444250106812,0.3713679313659668,source_9
TC-S-7004,1.0755060911178589,0.3634501099586487,source_9
TC-S-7004,1.0809051990509033,0.37631291151046753,source_9
TC-S-7004,1.2013200521469116,0.3395388722419739,source_9
TC-S-7004,1.1662226915359497,0.35226500034332275,source_9
TC-S-7004,1.1533100605010986,0.35483402013778687,source_9
TC-S-7004,1.330249547958374,0.29656922817230225,source_9
TC-S-7004,1.4611716270446777,0.2764953374862671,source_9
TC-S-7004,1.3955636024475098,0.2800416946411133,source_9
TC-S-7004,1.3215426206588745,0.28088605403900146,source_9
TC-S-7004,1.3277003765106201,0.2716768980026245,source_9
TC-S-7004,1.5293734073638916,0.2614150643348694,source_9
TC-S-7004,0.5638136267662048,0.204933762550354,source_3
TC-S-7004,0.5748992562294006,0.17174649238586426,source_3
TC-S-7004,0.5993490219116211,0.14303672313690186,source_3
TC-S-7004,0.6068795919418335,0.13620048761367798,source_3
TC-S-7004,0.6510651111602783,0.17785096168518066,source_3
TC-S-7004,0.6421610713005066,0.2285265326499939,source_3
TC-S-7004,0.6472292542457581,0.2635975480079651,source_3
TC-S-7004,0.627417802810669,0.23722809553146362,source_3
TC-S-7004,0.6109505295753479,0.2552917003631592,source_3
TC-S-7004,0.6224256157875061,0.23758721351623535,source_3
TC-S-7004,0.6222532987594604,0.2601621150970459,source_3
TC-S-7004,0.6163987517356873,0.17966055870056152,source_3
TC-S-7004,0.5984443426132202,0.22017037868499756,source_3
TC-S-7004,0.6049248576164246,0.18850558996200562,source_3
TC-S-7004,0.6095687747001648,0.1780807375907898,source_3
TC-S-7004,0.620859682559967,0.1825857162475586,source_3
TC-S-7004,0.6310884356498718,0.1970154047012329,source_3
TC-S-7004,0.586614191532135,0.20881974697113037,source_3
TC-S-7004,0.5615650415420532,0.17852818965911865,source_3
TC-S-7004,0.5954417586326599,0.1619376540184021,source_3
TC-S-7004,0.6397931575775146,0.26812267303466797,source_3
TC-S-7004,0.634217381477356,0.22025901079177856,source_3
TC-S-7004,0.632230818271637,0.2583047151565552,source_3
TC-S-7004,0.7228387594223022,1.010460845194757,source_3
TC-S-7004,0.6149634122848511,0.20655393600463867,source_3
TC-S-7004,0.6209994554519653,0.16105830669403076,source_3
TC-S-7004,0.6292142868041992,0.18345856666564941,source_3
TC-S-7004,0.6406103372573853,0.14966034889221191,source_3
TC-S-7004,0.6272311210632324,0.21287298202514648,source_3
TC-S-7004,0.6531482934951782,0.18930619955062866,source_3
TC-S-7004,0.6092008948326111,0.17099660634994507,source_3
TC-S-7004,0.630473792552948,0.15391302108764648,source_3
TC-S-7004,0.6339556574821472,0.2678868770599365,source_3
TC-S-7004,0.6483010649681091,0.158616304397583,source_3
TC-S-7004,0.6481868624687195,0.21815133094787598,source_3
TC-S-7004,0.6582861542701721,0.19396430253982544,source_3
TC-S-7004,0.6404402852058411,0.29287445545196533,source_3
TC-S-7004,0.6199134588241577,0.23729777336120605,source_3
TC-S-7004,0.6361297369003296,0.20922362804412842,source_3
TC-S-7004,0.6295416951179504,0.20226788520812988,source_3
TC-S-7004,0.6407245993614197,1.2447497248649597,source_3
TC-S-7004,0.8433385491371155,1.0007800962775946,source_3
TC-S-7004,2.265998363494873,1.0897569730877876,source_3
TC-S-7004,1.0224090814590454,0.1427600383758545,source_15
TC-S-7004,1.0130330324172974,0.16201281547546387,source_15
TC-S-7004,1.013933777809143,0.15860486030578613,source_15
TC-S-7004,0.99753737449646,0.13196754455566406,source_15
TC-S-7004,1.008743166923523,0.13144385814666748,source_15
TC-S-7004,0.999633252620697,0.13446879386901855,source_15
TC-S-7004,0.9810957908630371,0.17386943101882935,source_15
TC-S-7004,1.005934238433838,0.9355501383543015,source_15
TC-S-7004,1.0190885066986084,0.9512812048196793,source_15
TC-S-7004,0.9986845850944519,0.17908751964569092,source_15
TC-S-7004,1.0122877359390259,0.1663457751274109,source_15
TC-S-7004,1.01631760597229,0.1697685718536377,source_15
TC-S-7004,1.0140562057495117,0.19087767601013184,source_15
TC-S-7004,1.0000004768371582,0.1985754370689392,source_15
TC-S-7004,0.9836962223052979,0.20053529739379883,source_15
TC-S-7004,0.9632105231285095,0.1999661922454834,source_15
TC-S-7004,0.9708866477012634,0.14427900314331055,source_15
TC-S-7004,0.9908077120780945,0.1683749556541443,source_15
TC-S-7004,1.0032525062561035,0.15206599235534668,source_15
TC-S-7004,0.9612215161323547,0.13921129703521729,source_15
TC-S-7004,0.9871081709861755,0.12425845861434937,source_15
TC-S-7004,0.968478798866272,0.11041641235351562,source_15
TC-S-7004,0.9719699025154114,0.12047624588012695,source_15
TC-S-7004,0.9450015425682068,0.12345659732818604,source_15
TC-S-7004,0.9707340598106384,0.13186997175216675,source_15
TC-S-7004,0.9552086591720581,0.11686563491821289,source_15
TC-S-7004,0.9497371912002563,0.13296067714691162,source_15
TC-S-7004,0.9362878799438477,0.16993069648742676,source_15
TC-S-7004,0.9674478769302368,0.11271238327026367,source_15
TC-S-7004,0.9734851717948914,0.12618106603622437,source_15
TC-S-7004,1.5749577283859253,0.3047076463699341,source_15
TC-S-7004,1.7570830583572388,0.32881391048431396,source_15
TC-S-7004,1.717093825340271,0.3236582279205322,source_15
TC-S-7004,1.600181221961975,0.29232561588287354,source_15
TC-S-7004,1.5460113286972046,0.3114126920700073,source_15
TC-S-7004,1.487447738647461,0.279633104801178,source_15
TC-S-7004,1.5201447010040283,0.3461725115776062,source_15
TC-S-7004,1.4563734531402588,0.218267560005188,source_15
TC-S-7004,1.4531662464141846,0.3054434061050415,source_15
TC-S-7004,1.4319326877593994,0.23122835159301758,source_15
TC-S-7004,1.4064453840255737,0.25739115476608276,source_15
TC-S-7004,1.3889410495758057,0.2532156705856323,source_15
TC-S-7004,1.4265897274017334,0.3052651882171631,source_15
TC-S-7004,1.3520561456680298,0.2736906409263611,source_15
TC-S-7004,1.3075355291366577,0.25717490911483765,source_15
TC-S-7004,1.287063717842102,0.2109771966934204,source_15
TC-S-7004,1.3109468221664429,0.2616558074951172,source_15
TC-S-7004,1.3116960525512695,0.2079613208770752,source_15
TC-S-7004,1.2968109846115112,0.2611069679260254,source_15
TC-S-7004,1.3189669847488403,0.21871471405029297,source_15
TC-S-7004,1.3557794094085693,0.2230243682861328,source_15
TC-S-7004,1.349768877029419,0.24584126472473145,source_15
TC-S-7004,1.2327172756195068,0.223430335521698,source_15
TC-S-7004,1.2552893161773682,0.19646674394607544,source_15
TC-S-7004,1.2288994789123535,0.25059711933135986,source_15
TC-S-7004,1.256510853767395,0.24290543794631958,source_15
TC-S-7004,1.2012132406234741,0.21941733360290527,source_15
TC-S-7004,1.2512092590332031,0.24873697757720947,source_15
TC-S-7004,0.9726229310035706,0.1142585277557373,source_15
TC-S-7004,0.9789671897888184,0.14916425943374634,source_15
TC-S-7004,0.9715533256530762,0.12536627054214478,source_15
TC-S-7004,1.0045086145401,0.13655275106430054,source_15
TC-S-7004,1.0155137777328491,0.15004467964172363,source_15
TC-S-7004,1.0129822492599487,0.8643401265144348,source_15
TC-S-7004,1.2404969930648804,0.22324031591415405,source_15
TC-S-7004,1.1508779525756836,0.1948431134223938,source_15
TC-S-7004,1.137974739074707,0.17530250549316406,source_15
TC-S-7004,1.1457581520080566,0.27036160230636597,source_15
TC-S-7004,1.239436149597168,0.18386584520339966,source_15
TC-S-7004,1.1187489032745361,0.18740689754486084,source_15
TC-S-7004,1.255850911140442,0.1948423981666565,source_15
TC-S-7004,1.3250095844268799,0.2642190456390381,source_15
TC-S-7004,0.9647864699363708,0.14670497179031372,source_15
TC-S-7004,1.1179115772247314,0.23227083683013916,source_15
TC-S-7004,1.1836652755737305,0.2541736364364624,source_15
TC-S-7004,1.1726138591766357,0.25657975673675537,source_15
TC-S-7004,0.9842622876167297,0.16447508335113525,source_15
TC-S-7004,0.9625005722045898,0.16236329078674316,source_15
TC-S-7004,0.9621437191963196,0.16620749235153198,source_15
TC-S-7004,0.9484245777130127,0.1378549337387085,source_15
TC-S-7004,0.9449869990348816,0.1684856414794922,source_15
TC-S-7004,1.2592051029205322,0.2085515260696411,source_15
TC-S-7004,1.277018427848816,0.21674758195877075,source_15
TC-S-7004,1.2543630599975586,0.1965651512145996,source_15
TC-S-7004,1.2508695125579834,0.20126307010650635,source_15
TC-S-7004,1.236382007598877,0.27491557598114014,source_15
TC-S-7004,1.2718323469161987,0.258017361164093,source_15
TC-S-7004,1.2543238401412964,0.2316964864730835,source_15
TC-S-7004,1.25525963306427,0.2350083589553833,source_15
TC-S-7004,1.244489073753357,0.23517835140228271,source_15
TC-S-7004,0.9095419645309448,0.22003710269927979,source_15
TC-S-7004,0.910750687122345,0.2507185935974121,source_15
TC-S-7004,0.9722983241081238,0.16899895668029785,source_15
TC-S-7004,0.9951710104942322,0.16265594959259033,source_15
TC-S-7004,0.9980770945549011,0.16357582807540894,source_15
TC-S-7004,1.0111883878707886,0.13890743255615234,source_15
TC-S-7004,1.0104434490203857,0.15652525424957275,source_15
TC-S-7004,1.010553002357483,0.20280218124389648,source_15
TC-S-7004,1.0033190250396729,0.15972018241882324,source_15
TC-S-7004,1.0267781019210815,0.22006136178970337,source_15
TC-S-7004,1.0475424528121948,0.19116955995559692,source_15
TC-S-7004,1.043564796447754,0.1933138370513916,source_15
TC-S-7004,1.049211859703064,0.1674702763557434,source_15
TC-S-7004,1.0301547050476074,0.164392352104187,source_15
TC-S-7004,1.0177428722381592,0.1706753969192505,source_15
TC-S-7004,1.0314322710037231,0.16191691160202026,source_15
TC-S-7004,1.0235172510147095,0.14835304021835327,source_15
TC-S-7004,1.0169967412948608,0.16550928354263306,source_15
TC-S-7004,1.009968638420105,0.13914209604263306,source_15
TC-S-7004,1.0298712253570557,0.14653003215789795,source_15
TC-S-7004,1.056311011314392,0.23161756992340088,source_15
TC-S-7004,1.0399996042251587,0.19325906038284302,source_15
TC-S-7004,1.0362403392791748,0.140605628490448,source_15
TC-S-7004,1.0203012228012085,0.182916522026062,source_15
TC-S-7004,1.0146422386169434,0.2258971929550171,source_15
TC-S-7004,1.0267856121063232,0.16845077276229858,source_15
TC-S-7004,1.0058927536010742,0.1656343936920166,source_15
TC-S-7004,1.0650709867477417,0.17558610439300537,source_15
TC-S-7004,1.0602937936782837,0.1612415313720703,source_15
TC-S-7004,1.0600076913833618,0.16257214546203613,source_15
TC-S-7004,0.9856053590774536,0.23690730333328247,source_15
TC-S-7004,1.0288923978805542,0.16420352458953857,source_15
TC-S-7004,1.0203713178634644,0.18322396278381348,source_15
TC-S-7004,1.053465485572815,0.19496572017669678,source_15
TC-S-7004,0.920109748840332,0.21428823471069336,source_15
TC-S-7004,0.9884553551673889,0.23183107376098633,source_15
TC-S-7004,0.9792335629463196,0.20731496810913086,source_15
TC-S-7004,0.9211306571960449,0.13935309648513794,source_15
TC-S-7004,0.9317896962165833,0.18382292985916138,source_15
TC-S-7004,0.8990591168403625,0.13975423574447632,source_15
TC-S-7004,0.9192075729370117,0.20397377014160156,source_15
TC-S-7004,0.941734254360199,0.1478487253189087,source_15
TC-S-7004,0.906723141670227,0.17271822690963745,source_15
TC-S-7004,0.9581092596054077,0.14058804512023926,source_15
TC-S-7004,1.031287670135498,0.26171064376831055,source_15
TC-S-7004,0.9677035808563232,0.2407507300376892,source_15
TC-S-7004,0.9523977637290955,0.13504302501678467,source_15
TC-S-7004,1.0218837261199951,0.2110508680343628,source_15
TC-S-7004,1.0658077001571655,0.19763123989105225,source_15
TC-S-7004,1.0469592809677124,0.20213007926940918,source_15
TC-S-7004,1.0520001649856567,0.20376211404800415,source_15
TC-S-7004,1.0590115785598755,0.20938724279403687,source_15
TC-S-7004,1.0200605392456055,0.1811131238937378,source_15
TC-S-7004,1.0301812887191772,0.12667471170425415,source_15
TC-S-7004,0.9072862267494202,0.1711055040359497,source_15
TC-S-7004,0.9372161030769348,0.190837562084198,source_15
TC-S-7004,0.5948193669319153,0.293440043926239,source_3
TC-S-7004,0.5824570059776306,0.19472628831863403,source_3
TC-S-7004,0.5879406332969666,0.1583179235458374,source_3
TC-S-7004,0.57337486743927,0.13118118047714233,source_3
TC-S-7004,0.7586053609848022,0.3358507752418518,source_3
TC-S-7004,0.5569820404052734,0.13502895832061768,source_3
TC-S-7004,0.5760741233825684,0.15315884351730347,source_3
TC-S-7004,0.5249798893928528,0.0826752781867981,source_3
TC-S-7004,0.5986803770065308,0.2307695746421814,source_3
TC-S-7004,0.6190364360809326,0.2143871784210205,source_3
TC-S-7004,0.623282253742218,0.1791279911994934,source_3
TC-S-7004,0.6223523616790771,0.15980887413024902,source_3
TC-S-7004,0.5637431740760803,0.23816919326782227,source_3
TC-S-7004,0.5877677202224731,0.2187347412109375,source_3
TC-S-7004,0.5881014466285706,0.22657126188278198,source_3
TC-S-7004,0.5857774019241333,0.14848846197128296,source_3
TC-S-7004,0.5478916168212891,0.11622607707977295,source_3
TC-S-7004,0.622915506362915,0.22186338901519775,source_3
TC-S-7004,0.5292037725448608,0.1307070255279541,source_3
TC-S-7004,0.5375195145606995,0.19127750396728516,source_3
TC-S-7004,0.6648093461990356,0.317615270614624,source_3
TC-S-7004,0.5471058487892151,0.13264477252960205,source_3
TC-S-7004,0.5920587778091431,0.17181605100631714,source_3
TC-S-7004,0.574116051197052,0.1987396478652954,source_3
TC-S-7004,0.6373608708381653,0.22184979915618896,source_3
TC-S-7004,0.5740023255348206,0.2701098918914795,source_3
TC-S-7004,0.5824000239372253,0.21851122379302979,source_3
TC-S-7004,0.5773681402206421,0.19049221277236938,source_3
TC-S-7004,0.5909578204154968,0.153753399848938,source_3
TC-S-7004,0.599174439907074,0.21603596210479736,source_3
TC-S-7004,0.6018074154853821,0.29612910747528076,source_3
TC-S-7004,0.5971568822860718,0.19093775749206543,source_3
TC-S-7004,0.5926021337509155,0.1619279980659485,source_3
TC-S-7004,0.6324806213378906,0.23091340065002441,source_3
TC-S-7004,0.6498435735702515,0.22227048873901367,source_3
TC-S-7004,0.6511631608009338,0.22957086563110352,source_3
TC-S-7004,1.2158666849136353,0.4971441626548767,source_1
TC-S-7004,1.4573760032653809,0.9424563609063625,source_1
TC-S-7004,1.0313482284545898,0.4339170455932617,source_1
TC-S-7004,0.9583494663238525,0.4821365475654602,source_1
TC-S-7004,1.1127898693084717,0.5000121891498566,source_1
TC-S-7004,1.105958104133606,0.4765803813934326,source_1
TC-S-7004,1.1475428342819214,0.5078551769256592,source_1
TC-S-7004,1.0957715511322021,0.6099544763565063,source_1
TC-S-7004,1.4428616762161255,0.9202240034937859,source_1
TC-S-7004,1.465000867843628,1.3607524931430817,source_1
TC-S-7004,1.3838093280792236,0.7751865088939667,source_1
TC-S-7004,1.501639485359192,0.9966774210333824,source_1
TC-S-7004,1.4902454614639282,0.7052198946475983,source_1
TC-S-7004,1.5038257837295532,0.6945903599262238,source_1
TC-S-7004,1.4735769033432007,0.6397665739059448,source_1
TC-S-7004,1.379946231842041,0.8714097887277603,source_1
TC-S-7004,3.189445734024048,1.0761211812496185,source_1
TC-S-7004,1.5403259992599487,0.7503305673599243,source_1
TC-S-7004,1.0443648099899292,0.6401311755180359,source_1
TC-S-7004,1.0405616760253906,0.6057093441486359,source_1
TC-S-7004,1.069350242614746,0.3339426517486572,source_1
TC-S-7004,1.2654722929000854,0.4572340250015259,source_1
TC-S-7004,1.3089591264724731,0.5034258961677551,source_1
TC-S-7004,0.9940695762634277,0.4207491874694824,source_1
TC-S-7004,0.9591876268386841,0.5887950658798218,source_1
TC-S-7004,1.002697229385376,0.48464512825012207,source_1
TC-S-7004,1.0486360788345337,0.5545901954174042,source_1
TC-S-7004,1.1739920377731323,0.47133946418762207,source_1
TC-S-7004,1.0339958667755127,0.6221576631069183,source_1
TC-S-7004,1.2362374067306519,0.5782572329044342,source_1
TC-S-7004,1.222861647605896,0.4575585722923279,source_1
TC-S-7004,1.2100468873977661,0.47052258253097534,source_1
TC-S-7004,1.2419575452804565,0.4774991273880005,source_1
TC-S-7004,1.2842003107070923,0.4344785213470459,source_1
TC-S-7004,1.4062556028366089,0.6014502346515656,source_1
TC-S-7004,1.750292420387268,1.5101919174194336,source_1
TC-S-7004,1.306849479675293,0.6538404524326324,source_1
TC-S-7004,1.1391727924346924,0.5156405568122864,source_1
TC-S-7004,1.1715625524520874,0.4919987916946411,source_1
TC-S-7004,1.1517963409423828,0.7373128831386566,source_1
TC-S-7004,1.7399686574935913,0.6124164164066315,source_1
TC-S-7004,1.0184811353683472,0.7114052474498749,source_1
TC-S-7004,1.0987828969955444,0.6232547760009766,source_1
TC-S-7004,1.0525791645050049,0.7063876986503601,source_1
TC-S-7004,1.046615719795227,0.4271240234375,source_1
TC-S-7004,0.8354742527008057,0.46947014331817627,source_1
TC-S-7004,1.2332355976104736,0.5120460987091064,source_1
TC-S-7004,1.2572070360183716,0.4744439721107483,source_1
TC-S-7004,1.3197033405303955,0.504712849855423,source_1
TC-S-7004,1.2271136045455933,0.5706304907798767,source_1
TC-S-7004,1.2463610172271729,0.7176035046577454,source_1
aloxistatin,1.0305931568145752,0.7133343517780304,source_2
aloxistatin,1.0316288471221924,0.5708139836788177,source_2
aloxistatin,1.038230061531067,0.7849244028329849,source_2
aloxistatin,1.05032217502594,0.6076377630233765,source_2
aloxistatin,1.1830042600631714,0.8778905346989632,source_2
aloxistatin,1.0762486457824707,0.7831027507781982,source_2
aloxistatin,0.9796935319900513,0.6780675053596497,source_2
aloxistatin,0.9717709422111511,0.6127651333808899,source_2
aloxistatin,1.00404953956604,0.5435980260372162,source_2
aloxistatin,0.9787495732307434,0.5133366882801056,source_2
aloxistatin,0.9758021831512451,0.5932073295116425,source_2
aloxistatin,0.9728068113327026,0.5784092545509338,source_2
aloxistatin,1.009095311164856,0.6181117296218872,source_2
aloxistatin,1.024733066558838,0.7361831963062286,source_2
aloxistatin,1.9336682558059692,0.8051932752132416,source_2
aloxistatin,1.9699431657791138,0.8319976031780243,source_2
aloxistatin,1.992943525314331,0.8242914378643036,source_2
aloxistatin,1.885191559791565,0.8079714328050613,source_2
aloxistatin,1.8514950275421143,0.8136866241693497,source_2
aloxistatin,1.8711854219436646,0.7509686201810837,source_2
aloxistatin,1.9614861011505127,0.8224764764308929,source_2
aloxistatin,1.9579455852508545,0.711475133895874,source_2
aloxistatin,2.046285629272461,0.7681209892034531,source_2
aloxistatin,1.873935341835022,0.7540794014930725,source_2
aloxistatin,1.8917497396469116,0.7085818648338318,source_2
aloxistatin,1.8942205905914307,0.7612888216972351,source_2
aloxistatin,1.8452379703521729,0.7682492136955261,source_2
aloxistatin,1.8741562366485596,0.6716950833797455,source_2
aloxistatin,1.8830540180206299,0.82590052485466,source_2
aloxistatin,1.9647119045257568,0.7872978448867798,source_2
aloxistatin,1.958827018737793,0.770362913608551,source_2
aloxistatin,1.1010894775390625,0.8020431995391846,source_2
aloxistatin,1.099949836730957,0.7058066427707672,source_2
aloxistatin,1.1111040115356445,0.784979060292244,source_2
aloxistatin,1.0937632322311401,0.9341575056314468,source_2
aloxistatin,1.1033638715744019,0.7904691100120544,source_2
aloxistatin,1.1076698303222656,0.8950387686491013,source_2
aloxistatin,1.1078948974609375,0.841261476278305,source_2
aloxistatin,1.1095927953720093,0.8419076502323151,source_2
aloxistatin,1.1014865636825562,0.8405057787895203,source_2
aloxistatin,1.1065266132354736,0.8064205050468445,source_2
aloxistatin,1.1146103143692017,0.7585128992795944,source_2
aloxistatin,1.1131936311721802,0.7581390887498856,source_2
aloxistatin,1.1149033308029175,0.8090002089738846,source_2
aloxistatin,1.1234982013702393,0.8075041770935059,source_2
aloxistatin,1.1243171691894531,0.8042788058519363,source_2
aloxistatin,1.1180320978164673,0.9397617131471634,source_2
aloxistatin,1.1285600662231445,0.7701667547225952,source_2
aloxistatin,1.1276271343231201,0.8468809425830841,source_2
aloxistatin,1.1380565166473389,0.7516618072986603,source_2
aloxistatin,1.1624988317489624,0.7954613864421844,source_2
aloxistatin,1.041762113571167,0.8473900109529495,source_2
aloxistatin,1.0511369705200195,0.6934304237365723,source_2
aloxistatin,1.0634430646896362,0.8114145994186401,source_2
aloxistatin,1.0557583570480347,0.6875188946723938,source_2
aloxistatin,1.0619159936904907,0.7721826881170273,source_2
aloxistatin,1.0654977560043335,0.6952498555183411,source_2
aloxistatin,1.0605775117874146,0.7712824940681458,source_2
aloxistatin,1.0592325925827026,0.8831929266452789,source_2
aloxistatin,1.0721867084503174,0.7126796841621399,source_2
aloxistatin,1.0930922031402588,0.8148127496242523,source_2
aloxistatin,1.0612552165985107,0.6793593764305115,source_2
aloxistatin,1.0848692655563354,0.7733204066753387,source_2
aloxistatin,1.0708552598953247,0.7984564900398254,source_2
aloxistatin,1.0633842945098877,0.8296912759542465,source_2
aloxistatin,1.0896159410476685,0.7850591987371445,source_2
aloxistatin,1.1359928846359253,0.8319522738456726,source_2
aloxistatin,1.127510905265808,0.83793905377388,source_2
aloxistatin,1.0436123609542847,0.7128591537475586,source_2
aloxistatin,1.0313382148742676,0.8603865653276443,source_2
aloxistatin,1.042995810508728,0.760225310921669,source_2
aloxistatin,1.0016454458236694,0.7936392426490784,source_2
aloxistatin,0.9713514447212219,0.9333933964371681,source_2
aloxistatin,1.0332368612289429,0.8992012292146683,source_2
aloxistatin,1.0844674110412598,0.9581067562103271,source_2
aloxistatin,1.0569671392440796,0.8303415179252625,source_2
aloxistatin,1.0140291452407837,0.8687650561332703,source_2
aloxistatin,1.073196530342102,0.8124844580888748,source_2
aloxistatin,1.0409797430038452,0.7733599245548248,source_2
aloxistatin,1.080599308013916,0.8796436637639999,source_2
aloxistatin,1.2290669679641724,0.8150350451469421,source_2
aloxistatin,1.2232766151428223,0.9300043731927872,source_2
aloxistatin,1.2890727519989014,0.7626756727695465,source_2
aloxistatin,1.1846356391906738,0.7747447192668915,source_2
aloxistatin,1.1599687337875366,0.9773451313376427,source_2
aloxistatin,2.727022647857666,0.9611389674246311,source_2
aloxistatin,2.882880449295044,0.8266394436359406,source_2
aloxistatin,2.723323345184326,0.9842727147042751,source_2
aloxistatin,2.6994519233703613,0.791400283575058,source_2
aloxistatin,1.1123573780059814,0.755139946937561,source_2
aloxistatin,1.1239899396896362,0.7522132396697998,source_2
aloxistatin,1.0998737812042236,0.7493377029895782,source_2
aloxistatin,1.097739338874817,0.7584001421928406,source_2
aloxistatin,1.1444138288497925,0.7329145073890686,source_2
aloxistatin,1.1060454845428467,0.597843587398529,source_2
aloxistatin,1.1881412267684937,0.8405670821666718,source_2
aloxistatin,1.1628673076629639,0.8273779153823853,source_2
aloxistatin,1.1502139568328857,0.7338064908981323,source_2
aloxistatin,1.1317996978759766,0.6692004203796387,source_2
aloxistatin,1.1670174598693848,0.7969181835651398,source_2
aloxistatin,1.1502571105957031,0.7145838439464569,source_2
aloxistatin,1.1756632328033447,0.7544546276330948,source_2
aloxistatin,1.1537288427352905,0.7336490750312805,source_2
aloxistatin,1.248084306716919,0.7660760581493378,source_2
aloxistatin,1.249279260635376,0.8629812002182007,source_2
aloxistatin,1.2126343250274658,0.6944500803947449,source_2
aloxistatin,1.1965014934539795,0.7976873815059662,source_2
aloxistatin,1.223354697227478,0.7607928216457367,source_2
aloxistatin,1.219850778579712,0.7805271148681641,source_2
aloxistatin,1.2364460229873657,0.7587157785892487,source_2
aloxistatin,1.303392767906189,0.8858172297477722,source_2
aloxistatin,1.2764787673950195,0.93845484405756,source_2
aloxistatin,1.2343688011169434,0.9006815105676651,source_2
aloxistatin,1.219467043876648,0.9125820100307465,source_2
aloxistatin,1.2042635679244995,0.7957465499639511,source_2
aloxistatin,1.2170161008834839,0.9016935378313065,source_2
aloxistatin,1.201846718788147,0.632132887840271,source_2
aloxistatin,1.2022920846939087,0.7477910220623016,source_2
aloxistatin,1.1700459718704224,1.0262233465909958,source_2
aloxistatin,1.2116317749023438,0.8694319725036621,source_2
aloxistatin,1.1902482509613037,0.7360072135925293,source_2
aloxistatin,1.1537145376205444,0.7299404144287109,source_2
aloxistatin,1.0969194173812866,0.74583899974823,source_2
aloxistatin,1.1228225231170654,0.7292156517505646,source_2
aloxistatin,1.2462009191513062,0.7122440338134766,source_2
aloxistatin,1.2193827629089355,0.7445014715194702,source_2
aloxistatin,1.235282301902771,0.7191038429737091,source_2
aloxistatin,1.2313328981399536,0.8759525120258331,source_2
aloxistatin,1.1953941583633423,0.8006542026996613,source_2
aloxistatin,1.2298719882965088,0.670721709728241,source_2
aloxistatin,1.1786644458770752,0.7789022326469421,source_2
aloxistatin,1.2261714935302734,0.9329385235905647,source_2
aloxistatin,1.2534304857254028,0.7499304413795471,source_2
aloxistatin,1.2292985916137695,0.6392010748386383,source_2
aloxistatin,1.2091525793075562,0.9052201062440872,source_2
aloxistatin,1.04007089138031,0.6596702337265015,source_2
aloxistatin,0.9790961742401123,0.7491401731967926,source_2
aloxistatin,0.9779314398765564,0.8441713005304337,source_2
aloxistatin,0.9812828898429871,0.8672183752059937,source_2
aloxistatin,0.9722282290458679,0.7472399771213531,source_2
aloxistatin,0.9037846326828003,0.91400196403265,source_2
aloxistatin,0.947555422782898,0.8426053822040558,source_2
aloxistatin,0.9721398949623108,0.5866747498512268,source_2
aloxistatin,0.948245108127594,0.7220728099346161,source_2
aloxistatin,0.9389373660087585,0.8958575576543808,source_2
aloxistatin,0.928533673286438,0.6735426783561707,source_2
aloxistatin,0.9201298356056213,0.7878506183624268,source_2
aloxistatin,0.9229199290275574,0.7820341289043427,source_2
aloxistatin,0.9138315320014954,0.7025329768657684,source_2
aloxistatin,0.9400967955589294,0.6186335682868958,source_2
aloxistatin,0.9202777743339539,0.7758615016937256,source_2
aloxistatin,0.9278185963630676,0.7535215020179749,source_2
aloxistatin,0.9211828708648682,0.7502756416797638,source_2
aloxistatin,0.9195734858512878,0.6712660193443298,source_2
aloxistatin,0.8939695358276367,0.7715676128864288,source_2
aloxistatin,1.025093913078308,0.6947568356990814,source_2
aloxistatin,0.918601393699646,0.6334959268569946,source_2
aloxistatin,0.9076372981071472,0.7869158685207367,source_2
aloxistatin,0.9185219407081604,0.6335994005203247,source_2
aloxistatin,0.9165230393409729,0.7604783475399017,source_2
aloxistatin,0.9186311960220337,0.570341169834137,source_2
aloxistatin,0.9273250699043274,0.6414909660816193,source_2
aloxistatin,0.927374005317688,0.7359585762023926,source_2
aloxistatin,0.9208568930625916,0.8487311750650406,source_2
aloxistatin,0.930061399936676,0.7535600513219833,source_2
aloxistatin,0.9566289782524109,0.7494550943374634,source_2
aloxistatin,0.9474840760231018,0.6838186681270599,source_2
aloxistatin,0.9394665360450745,0.7003464698791504,source_2
aloxistatin,0.9632516503334045,0.7457484304904938,source_2
aloxistatin,0.9567491412162781,0.8636235892772675,source_2
aloxistatin,0.9676685929298401,0.7822092771530151,source_2
aloxistatin,0.9646694660186768,0.6860374510288239,source_2
aloxistatin,0.8896378874778748,0.7960480600595474,source_2
aloxistatin,0.8845226168632507,0.6392765641212463,source_2
aloxistatin,0.8734164834022522,0.7065411508083344,source_2
aloxistatin,0.890309751033783,0.7618813663721085,source_2
aloxistatin,0.8913121819496155,0.7678991407155991,source_2
aloxistatin,0.8931504487991333,0.713230311870575,source_2
aloxistatin,0.8850570917129517,0.7348488569259644,source_2
aloxistatin,0.9061081409454346,0.6650670170783997,source_2
aloxistatin,0.9044787883758545,0.8418087363243103,source_2
aloxistatin,0.9154572486877441,0.7791816294193268,source_2
aloxistatin,0.9244836568832397,0.8708963096141815,source_2
aloxistatin,0.9249939918518066,0.8796025812625885,source_2
aloxistatin,0.9359138607978821,0.8234013319015503,source_2
aloxistatin,0.9351152181625366,0.7590740621089935,source_2
aloxistatin,0.9385316371917725,0.6743521094322205,source_2
aloxistatin,0.9472618103027344,0.7344924807548523,source_2
aloxistatin,0.9951973557472229,0.9336336180567741,source_2
aloxistatin,0.9829486608505249,0.7210400700569153,source_2
aloxistatin,0.9860420227050781,0.7185850143432617,source_2
aloxistatin,0.9914345741271973,0.9152451604604721,source_2
aloxistatin,1.0196418762207031,0.8197086751461029,source_2
aloxistatin,1.0343098640441895,0.6995235085487366,source_2
aloxistatin,1.044756293296814,0.49987757205963135,source_2
aloxistatin,1.0171494483947754,0.5904738903045654,source_2
aloxistatin,1.0302977561950684,0.6925522685050964,source_2
aloxistatin,1.0325887203216553,0.7288222312927246,source_2
aloxistatin,1.0321006774902344,0.686519980430603,source_2
aloxistatin,1.1941498517990112,0.895800992846489,source_2
aloxistatin,1.06875741481781,0.6183578968048096,source_2
aloxistatin,1.06747305393219,0.6208392083644867,source_2
aloxistatin,1.0756549835205078,0.5677450299263,source_2
aloxistatin,1.09194016456604,0.773334413766861,source_2
aloxistatin,1.0921874046325684,0.7277907133102417,source_2
aloxistatin,1.0823276042938232,0.722039133310318,source_2
aloxistatin,1.1047136783599854,0.6686820387840271,source_2
aloxistatin,1.1275585889816284,0.6199906766414642,source_2
aloxistatin,0.9875828623771667,0.8178564161062241,source_6
aloxistatin,0.9690775871276855,0.8262120336294174,source_6
aloxistatin,0.9294679164886475,0.9947158498689532,source_6
aloxistatin,0.9307568669319153,1.0140297934412956,source_6
aloxistatin,0.9414159655570984,0.7448790669441223,source_6
aloxistatin,0.9321046471595764,0.9514982961118221,source_6
aloxistatin,0.9419704079627991,0.8117960393428802,source_6
aloxistatin,0.9310316443443298,0.8441367000341415,source_6
aloxistatin,0.9710522890090942,0.8535594642162323,source_6
aloxistatin,0.9549092650413513,0.9157653674483299,source_6
aloxistatin,0.9320846796035767,0.9079047590494156,source_6
aloxistatin,0.910632312297821,0.8529336750507355,source_6
aloxistatin,0.9261836409568787,0.8153829723596573,source_6
aloxistatin,0.913024365901947,0.6648198962211609,source_6
aloxistatin,0.9303575158119202,0.834155410528183,source_6
aloxistatin,0.9747910499572754,0.8633038848638535,source_6
aloxistatin,0.8845386505126953,0.7948235273361206,source_6
aloxistatin,0.8792388439178467,0.8463548272848129,source_6
aloxistatin,0.8884406089782715,0.7804324477910995,source_6
aloxistatin,0.8913818597793579,0.8127195239067078,source_6
aloxistatin,0.8768104910850525,0.7924428284168243,source_6
aloxistatin,0.9077911376953125,0.7141748368740082,source_6
aloxistatin,0.9072461128234863,0.6897246241569519,source_6
aloxistatin,0.8777554035186768,0.9210537672042847,source_6
aloxistatin,0.8615472912788391,0.9264242053031921,source_6
aloxistatin,0.8604143261909485,0.6895992159843445,source_6
aloxistatin,0.8678549528121948,0.8794058263301849,source_6
aloxistatin,0.8733618855476379,0.9875862523913383,source_6
aloxistatin,0.8917244076728821,0.6659851670265198,source_6
aloxistatin,0.8867327570915222,0.7980413734912872,source_6
aloxistatin,0.8968932628631592,0.9124577045440674,source_6
aloxistatin,0.8910518288612366,0.800861731171608,source_6
aloxistatin,0.8888673186302185,0.7758296728134155,source_6
aloxistatin,0.883137583732605,0.8963304311037064,source_6
aloxistatin,0.8801957964897156,0.8692265897989273,source_6
aloxistatin,0.8963082432746887,0.9213601350784302,source_6
aloxistatin,0.9335282444953918,0.7280431985855103,source_6
aloxistatin,0.9100169539451599,0.8167518973350525,source_6
aloxistatin,0.927730143070221,1.080665484070778,source_6
aloxistatin,0.914759635925293,0.6990998983383179,source_6
aloxistatin,0.9314994215965271,0.7873129993677139,source_6
aloxistatin,0.9382925629615784,0.9039507731795311,source_6
aloxistatin,0.9431030750274658,0.7120877206325531,source_6
aloxistatin,0.9557077884674072,0.8937914818525314,source_6
aloxistatin,0.9156282544136047,0.8214500844478607,source_6
aloxistatin,0.8833410143852234,0.9604737050831318,source_6
aloxistatin,0.892914354801178,0.9666019007563591,source_6
aloxistatin,0.8816642761230469,0.9373402893543243,source_6
aloxistatin,0.9018277525901794,0.9017637297511101,source_6
aloxistatin,0.9080389738082886,1.0135669764131308,source_6
aloxistatin,0.9194785952568054,0.8007874190807343,source_6
aloxistatin,0.8955592513084412,0.6896004676818848,source_6
aloxistatin,0.8845133185386658,0.9946546144783497,source_6
aloxistatin,0.8615077137947083,0.69148388504982,source_6
aloxistatin,0.8652416467666626,0.9006868675351143,source_6
aloxistatin,0.8873893618583679,0.9164373502135277,source_6
aloxistatin,0.9449164271354675,1.08693465590477,source_6
aloxistatin,0.9309121966362,0.9391282461583614,source_6
aloxistatin,0.9293908476829529,0.6412197649478912,source_6
aloxistatin,0.94234299659729,0.7567220032215118,source_6
aloxistatin,0.9424647092819214,0.9496730118989944,source_6
aloxistatin,0.9386748671531677,1.0496488437056541,source_6
aloxistatin,0.9536768794059753,0.9916092064231634,source_6
aloxistatin,0.9141986966133118,0.9744109995663166,source_6
aloxistatin,0.8933819532394409,0.7790875136852264,source_6
aloxistatin,0.9176583290100098,0.9822094403207302,source_6
aloxistatin,0.9047401547431946,0.9036920368671417,source_6
aloxistatin,0.9068616032600403,0.9004701673984528,source_6
aloxistatin,0.9210564494132996,1.1831425428390503,source_6
aloxistatin,0.9211028218269348,0.994204786606133,source_6
aloxistatin,0.921805202960968,1.0767336338758469,source_6
aloxistatin,0.9775531888008118,1.0076416926458478,source_6
aloxistatin,0.9664843678474426,0.9346584677696228,source_6
aloxistatin,0.9037936925888062,0.875233419239521,source_6
aloxistatin,0.9099990725517273,0.8560104966163635,source_6
aloxistatin,0.9328910708427429,1.049807257950306,source_6
aloxistatin,0.9171048998832703,0.704136073589325,source_6
aloxistatin,0.9217126369476318,0.8105446696281433,source_6
aloxistatin,0.9366518259048462,0.8702720254659653,source_6
aloxistatin,0.9153289198875427,0.7950233072042465,source_6
aloxistatin,0.9125669598579407,0.8503614366054535,source_6
aloxistatin,0.9071902632713318,0.658674567937851,source_6
aloxistatin,0.919581413269043,0.942802332341671,source_6
aloxistatin,0.9236836433410645,0.8081350028514862,source_6
aloxistatin,0.9116888046264648,0.8320472091436386,source_6
aloxistatin,0.9003638625144958,0.8222535252571106,source_6
aloxistatin,0.9289759993553162,0.9402563571929932,source_6
aloxistatin,0.9521116614341736,1.0540906712412834,source_6
aloxistatin,0.9204267263412476,0.7903551757335663,source_6
aloxistatin,0.9213022589683533,0.9686773717403412,source_6
aloxistatin,0.93220055103302,0.7988903224468231,source_6
aloxistatin,0.9449268579483032,1.0139025375247002,source_6
aloxistatin,0.9422096610069275,0.8785571232438087,source_6
aloxistatin,0.9583530426025391,1.0041547808796167,source_6
aloxistatin,0.9391269683837891,0.9322035014629364,source_6
aloxistatin,1.045364260673523,0.6199519336223602,source_6
aloxistatin,1.0376017093658447,0.7375454902648926,source_6
aloxistatin,0.9992409944534302,0.8315854668617249,source_6
aloxistatin,0.9983330965042114,1.006362379528582,source_6
aloxistatin,1.0089157819747925,0.7626928985118866,source_6
aloxistatin,0.9983081221580505,0.8898049518465996,source_6
aloxistatin,1.0162965059280396,0.8513243198394775,source_6
aloxistatin,0.9441982507705688,0.8393659442663193,source_6
aloxistatin,0.950977623462677,0.6571721434593201,source_6
aloxistatin,0.970402717590332,0.9094496071338654,source_6
aloxistatin,0.9458617568016052,0.8864372670650482,source_6
aloxistatin,0.930841326713562,0.779362678527832,source_6
aloxistatin,0.9235552549362183,0.772063821554184,source_6
aloxistatin,0.9290858507156372,0.8911255523562431,source_6
aloxistatin,0.9458059072494507,0.8379909098148346,source_6
aloxistatin,1.0262858867645264,0.8361784815788269,source_6
aloxistatin,0.9226470589637756,0.9642100855708122,source_6
aloxistatin,0.9123364686965942,0.9078571945428848,source_6
aloxistatin,0.8855107426643372,0.7331530451774597,source_6
aloxistatin,0.9139220714569092,0.9425827041268349,source_6
aloxistatin,0.8502560257911682,0.9417571574449539,source_6
aloxistatin,0.8636308312416077,0.9539833478629589,source_6
aloxistatin,0.8831206560134888,0.8456972539424896,source_6
aloxistatin,0.8823503255844116,0.900914266705513,source_6
aloxistatin,0.8804886341094971,0.846176952123642,source_6
aloxistatin,0.8848413825035095,0.8962558954954147,source_6
aloxistatin,0.8818726539611816,0.781854897737503,source_6
aloxistatin,0.8969539403915405,1.0167903061956167,source_6
aloxistatin,0.9072041511535645,0.9839656744152308,source_6
aloxistatin,0.9005616307258606,0.8333109766244888,source_6
aloxistatin,0.9279975295066833,0.8946639150381088,source_6
aloxistatin,0.9136485457420349,0.7841379195451736,source_6
aloxistatin,0.851645827293396,0.8487470299005508,source_6
aloxistatin,0.8470475673675537,0.7916528284549713,source_6
aloxistatin,0.8381161093711853,0.7899502515792847,source_6
aloxistatin,0.8515269160270691,0.9916566610336304,source_6
aloxistatin,0.8564513921737671,0.9701292850077152,source_6
aloxistatin,0.867660641670227,0.7975411117076874,source_6
aloxistatin,0.8880574107170105,1.0521998777985573,source_6
aloxistatin,0.8532392978668213,0.7417854964733124,source_6
aloxistatin,0.8451563119888306,0.7156210243701935,source_6
aloxistatin,0.8487455248832703,0.9307990521192551,source_6
aloxistatin,0.8576387763023376,0.7965562045574188,source_6
aloxistatin,0.8446177840232849,0.9169531762599945,source_6
aloxistatin,0.9467216730117798,0.8260192275047302,source_6
aloxistatin,0.9404508471488953,0.8761574104428291,source_6
aloxistatin,0.9481207132339478,0.7610619366168976,source_6
aloxistatin,0.9471482634544373,0.9924922278150916,source_6
aloxistatin,0.9438918232917786,0.666350781917572,source_6
aloxistatin,0.9394038319587708,0.6647045016288757,source_6
aloxistatin,0.9658015370368958,0.7933695316314697,source_6
aloxistatin,0.9192186594009399,0.9362243935465813,source_6
aloxistatin,0.9437753558158875,0.9776362162083387,source_6
aloxistatin,0.9195136427879333,0.8744044601917267,source_6
aloxistatin,0.9230955839157104,1.1440438479185104,source_6
aloxistatin,0.9567211270332336,1.1254756897687912,source_6
aloxistatin,0.9521952271461487,0.94980289041996,source_6
aloxistatin,0.9426183104515076,0.8401439636945724,source_6
aloxistatin,0.9057161808013916,0.8628764301538467,source_6
aloxistatin,0.9199166893959045,1.2750024795532227,source_6
aloxistatin,0.9180125594139099,0.7832811921834946,source_6
aloxistatin,0.8813466429710388,0.8916521668434143,source_6
aloxistatin,0.8818365931510925,0.9624443054199219,source_6
aloxistatin,0.8895772695541382,0.8854580521583557,source_6
aloxistatin,0.9035123586654663,0.9735207408666611,source_6
aloxistatin,0.8999499082565308,0.9466375112533569,source_6
aloxistatin,0.933915913105011,0.8744640052318573,source_6
aloxistatin,0.9273735284805298,0.9426183775067329,source_6
aloxistatin,0.9235552549362183,1.0428517498075962,source_6
aloxistatin,0.9339292645454407,0.8337898552417755,source_6
aloxistatin,0.9186457395553589,1.1560132950544357,source_6
aloxistatin,0.9180110692977905,1.0030505266040564,source_6
aloxistatin,0.9340420365333557,1.0326056219637394,source_6
aloxistatin,0.9566152691841125,0.8044830560684204,source_6
aloxistatin,0.9480758309364319,0.8338415324687958,source_6
aloxistatin,0.9532966017723083,0.9325896874070168,source_6
aloxistatin,0.9714323878288269,0.8654370307922363,source_6
aloxistatin,0.9936434030532837,0.7736948132514954,source_6
aloxistatin,0.8326422572135925,0.7775588035583496,source_6
aloxistatin,0.8577989339828491,1.2936924695968628,source_6
aloxistatin,0.8284213542938232,1.2551644146442413,source_6
aloxistatin,0.8137025237083435,1.1336659044027328,source_6
aloxistatin,0.8355607390403748,0.908141553401947,source_6
aloxistatin,0.8576772809028625,0.8629456758499146,source_6
aloxistatin,0.8615961074829102,0.927198626101017,source_6
aloxistatin,0.8784698247909546,1.095329262316227,source_6
aloxistatin,0.8396720290184021,0.8267053961753845,source_6
aloxistatin,0.934228241443634,0.6693296432495117,source_6
aloxistatin,0.9232168793678284,0.8331821709871292,source_6
aloxistatin,0.913551926612854,0.8122602999210358,source_6
aloxistatin,0.9087904095649719,0.8918739333748817,source_6
aloxistatin,0.9127599596977234,0.9749943856149912,source_6
aloxistatin,0.9075224995613098,0.8962576985359192,source_6
aloxistatin,0.910495400428772,0.7918334901332855,source_6
aloxistatin,0.9082393050193787,0.8065992742776871,source_6
aloxistatin,0.9190161824226379,1.0289170388132334,source_6
aloxistatin,0.9470386505126953,0.7584988921880722,source_6
aloxistatin,0.9415091276168823,1.0740180164575577,source_6
aloxistatin,0.9329204559326172,0.7993666529655457,source_6
aloxistatin,0.933239221572876,0.8649636209011078,source_6
aloxistatin,0.9403699040412903,0.8959111571311951,source_6
aloxistatin,0.9364833235740662,0.9183063134551048,source_6
aloxistatin,0.9530637860298157,0.8697036355733871,source_6
aloxistatin,0.9588328003883362,0.8708753287792206,source_6
aloxistatin,0.973656952381134,1.0469237864017487,source_6
aloxistatin,0.9627459645271301,0.9620435908436775,source_6
aloxistatin,0.9661443829536438,0.8282553106546402,source_6
aloxistatin,0.976225733757019,1.100123018026352,source_6
aloxistatin,0.9758988618850708,1.1192170232534409,source_6
aloxistatin,0.9409775137901306,1.0558611080050468,source_6
aloxistatin,0.9335401654243469,1.1655391454696655,source_6
aloxistatin,0.9162108898162842,0.9364348873496056,source_6
aloxistatin,0.9223672747612,1.0383080765604973,source_6
aloxistatin,0.9122447371482849,0.7853060960769653,source_6
aloxistatin,0.7340586185455322,0.6226090788841248,source_8
aloxistatin,0.9281929731369019,0.5541094839572906,source_8
aloxistatin,0.8744111061096191,0.5689254403114319,source_8
aloxistatin,0.6836337447166443,0.4782369136810303,source_8
aloxistatin,0.827415406703949,0.5367542803287506,source_8
aloxistatin,0.6629169583320618,0.4288841485977173,source_8
aloxistatin,1.141701340675354,1.0763978958129883,source_8
aloxistatin,0.61981600522995,0.43743449449539185,source_8
aloxistatin,0.7947167158126831,0.41771018505096436,source_8
aloxistatin,0.6120732426643372,0.4856048822402954,source_8
aloxistatin,0.7524213790893555,0.49044322967529297,source_8
aloxistatin,0.5880542397499084,0.4638890027999878,source_8
aloxistatin,0.7342283725738525,0.49336403608322144,source_8
aloxistatin,0.5995533466339111,0.45653271675109863,source_8
aloxistatin,0.7503295540809631,0.5860047936439514,source_8
aloxistatin,0.58113694190979,0.48842787742614746,source_8
aloxistatin,0.7421464920043945,0.548052966594696,source_8
aloxistatin,0.5827152729034424,0.4950815439224243,source_8
aloxistatin,0.7234045267105103,0.4555400609970093,source_8
aloxistatin,0.5994588732719421,0.4574112892150879,source_8
aloxistatin,0.7209023833274841,0.4891716241836548,source_8
aloxistatin,0.5669990181922913,0.4618264436721802,source_8
aloxistatin,0.7186117172241211,0.48193538188934326,source_8
aloxistatin,0.5934810638427734,0.974179420620203,source_8
aloxistatin,0.7073437571525574,0.591225266456604,source_8
aloxistatin,0.5643445253372192,0.5312783718109131,source_8
aloxistatin,0.7228564023971558,0.4657353162765503,source_8
aloxistatin,0.5791866779327393,0.5030453205108643,source_8
aloxistatin,0.8812059164047241,0.9992080666124821,source_8
aloxistatin,0.5759458541870117,0.5831557512283325,source_8
aloxistatin,0.809643566608429,0.7262234687805176,source_8
aloxistatin,0.5675411224365234,0.5079147219657898,source_8
aloxistatin,0.7830514311790466,0.6983826756477356,source_8
aloxistatin,0.5406150817871094,0.5226354002952576,source_8
aloxistatin,0.7282206416130066,0.6285993456840515,source_8
aloxistatin,0.5641313195228577,0.6053920984268188,source_8
aloxistatin,0.7210825681686401,0.6236434578895569,source_8
aloxistatin,0.5957756042480469,0.569522351026535,source_8
aloxistatin,0.7840587496757507,0.6265097260475159,source_8
aloxistatin,0.5595481395721436,0.524026483297348,source_8
aloxistatin,0.7442046999931335,0.46947193145751953,source_8
aloxistatin,0.5465141534805298,0.4872084856033325,source_8
aloxistatin,0.7456681728363037,0.4646185636520386,source_8
aloxistatin,0.5528202652931213,0.5306236445903778,source_8
aloxistatin,0.7208882570266724,0.5599861741065979,source_8
aloxistatin,0.5667109489440918,0.46605873107910156,source_8
aloxistatin,0.789992094039917,0.5578431189060211,source_8
aloxistatin,0.9781021475791931,0.47641777992248535,source_8
aloxistatin,0.7291496992111206,0.5445879995822906,source_8
aloxistatin,0.8962234258651733,0.46731531620025635,source_8
aloxistatin,0.7242303490638733,0.6333469748497009,source_8
aloxistatin,0.9092778563499451,0.5546609163284302,source_8
aloxistatin,0.6261014938354492,0.5126211643218994,source_8
aloxistatin,0.8117229342460632,0.5662379860877991,source_8
aloxistatin,0.6956148147583008,0.4431452751159668,source_8
aloxistatin,0.9393864870071411,0.5825345516204834,source_8
aloxistatin,0.677232027053833,0.536307156085968,source_8
aloxistatin,0.9168741106987,0.49713122844696045,source_8
aloxistatin,0.6750360131263733,0.5572217106819153,source_8
aloxistatin,0.8587704300880432,0.619984358549118,source_8
aloxistatin,0.6376339793205261,0.6027733683586121,source_8
aloxistatin,0.8413451313972473,0.5928626656532288,source_8
aloxistatin,0.6345636248588562,0.6271343529224396,source_8
aloxistatin,0.7998962998390198,0.6057612895965576,source_8
aloxistatin,0.6245207786560059,0.515882134437561,source_8
aloxistatin,0.8124527931213379,0.44411468505859375,source_8
aloxistatin,0.6152032017707825,0.5030078291893005,source_8
aloxistatin,0.818236768245697,0.5086828470230103,source_8
aloxistatin,0.6120657324790955,0.5610594749450684,source_8
aloxistatin,0.8017855882644653,0.5538473725318909,source_8
aloxistatin,0.6246873140335083,0.5415048599243164,source_8
aloxistatin,0.7827420830726624,0.4502130150794983,source_8
aloxistatin,0.6253777742385864,0.5856110453605652,source_8
aloxistatin,0.8083148002624512,0.590921014547348,source_8
aloxistatin,0.6347422003746033,0.5085875689983368,source_8
aloxistatin,0.8389586806297302,0.5357525050640106,source_8
aloxistatin,0.607815146446228,0.6609752476215363,source_8
aloxistatin,0.8238356113433838,0.5567027926445007,source_8
aloxistatin,0.6136397123336792,0.53176349401474,source_8
aloxistatin,0.817761242389679,0.5189459025859833,source_8
aloxistatin,0.6401637196540833,0.6463744938373566,source_8
aloxistatin,0.8273544907569885,0.4545004963874817,source_8
aloxistatin,0.6384966373443604,0.5814397633075714,source_8
aloxistatin,0.6212508678436279,0.5030096769332886,source_8
aloxistatin,0.8633613586425781,0.7104523479938507,source_8
aloxistatin,0.623217761516571,0.5213441848754883,source_8
aloxistatin,0.646845817565918,0.5444936752319336,source_8
aloxistatin,0.8365171551704407,0.6157813668251038,source_8
aloxistatin,0.6473516821861267,0.5740650296211243,source_8
aloxistatin,0.8955092430114746,0.564924031496048,source_8
aloxistatin,0.6421003937721252,0.58741495013237,source_8
aloxistatin,0.9293414950370789,0.6439671516418457,source_8
aloxistatin,0.808430552482605,0.5115984976291656,source_8
aloxistatin,1.0716115236282349,0.5357581079006195,source_8
aloxistatin,0.7956074476242065,0.6638604998588562,source_8
aloxistatin,1.0040770769119263,0.606115996837616,source_8
aloxistatin,0.7419978380203247,0.6198998987674713,source_8
aloxistatin,0.9705765247344971,0.5416661500930786,source_8
aloxistatin,0.7194200754165649,0.676215261220932,source_8
aloxistatin,0.9190186858177185,0.5903920531272888,source_8
aloxistatin,0.656783938407898,0.5670837163925171,source_8
aloxistatin,0.9340088367462158,0.5633564591407776,source_8
aloxistatin,0.6373874545097351,0.4547436833381653,source_8
aloxistatin,0.8514571785926819,0.5230835378170013,source_8
aloxistatin,0.6114959716796875,0.47129952907562256,source_8
aloxistatin,0.8959174752235413,0.6236915588378906,source_8
aloxistatin,0.6442720293998718,0.5588285326957703,source_8
aloxistatin,0.6455619931221008,0.7554930150508881,source_8
aloxistatin,0.8515380024909973,0.4751107692718506,source_8
aloxistatin,0.7320777773857117,0.4844130277633667,source_8
aloxistatin,0.974041223526001,0.6129394173622131,source_8
aloxistatin,0.6942538619041443,0.5284717977046967,source_8
aloxistatin,0.9259143471717834,0.574981153011322,source_8
aloxistatin,0.6753620505332947,0.5184323787689209,source_8
aloxistatin,0.8616188764572144,0.40209364891052246,source_8
aloxistatin,0.6490331292152405,0.44613146781921387,source_8
aloxistatin,0.8244113326072693,0.40835195779800415,source_8
aloxistatin,0.6451765894889832,0.4911678433418274,source_8
aloxistatin,0.824501633644104,0.46151018142700195,source_8
aloxistatin,0.6414192914962769,0.4319803714752197,source_8
aloxistatin,0.8471817374229431,0.533154308795929,source_8
aloxistatin,0.6399927139282227,0.4558403491973877,source_8
aloxistatin,0.6379532814025879,0.4562124013900757,source_8
aloxistatin,0.6346341967582703,0.4219265580177307,source_8
aloxistatin,0.8353796601295471,0.5895070731639862,source_8
aloxistatin,0.6328305006027222,0.545123815536499,source_8
aloxistatin,0.8324345946311951,0.5681955814361572,source_8
aloxistatin,0.6264567375183105,0.5534250140190125,source_8
aloxistatin,0.7979576587677002,0.6003946661949158,source_8
aloxistatin,0.6121832728385925,0.5795014500617981,source_8
aloxistatin,0.8236252665519714,0.6411087810993195,source_8
aloxistatin,0.5995004177093506,0.5329995453357697,source_8
aloxistatin,0.8630850315093994,0.5100862383842468,source_8
aloxistatin,0.6268372535705566,0.4497867822647095,source_8
aloxistatin,0.8871863484382629,0.5061224699020386,source_8
aloxistatin,0.6401596665382385,0.4500635862350464,source_8
aloxistatin,0.9157595038414001,0.571747899055481,source_8
aloxistatin,0.9101373553276062,0.6552892923355103,source_8
aloxistatin,0.8597490191459656,0.5261569023132324,source_8
aloxistatin,0.6418514251708984,0.47989290952682495,source_8
aloxistatin,0.6359990239143372,0.5538534224033356,source_8
aloxistatin,0.8515469431877136,0.6609930396080017,source_8
aloxistatin,0.615717351436615,0.4916642904281616,source_8
aloxistatin,0.8745982050895691,0.5299811065196991,source_8
aloxistatin,0.800573468208313,0.559227466583252,source_8
aloxistatin,1.0859400033950806,0.5488218069076538,source_8
aloxistatin,1.1179872751235962,0.6587197482585907,source_8
aloxistatin,0.8009933233261108,0.5410988330841064,source_8
aloxistatin,0.9842972159385681,0.5757924318313599,source_8
aloxistatin,0.7341738939285278,0.466170072555542,source_8
aloxistatin,0.9785498380661011,0.5244298875331879,source_8
aloxistatin,0.7541295886039734,0.4855971336364746,source_8
aloxistatin,1.0062987804412842,0.42063355445861816,source_8
aloxistatin,0.7322285175323486,0.46593910455703735,source_8
aloxistatin,0.9917340874671936,0.5416945815086365,source_8
aloxistatin,0.7015195488929749,0.5845571756362915,source_8
aloxistatin,0.9000590443611145,0.5682393908500671,source_8
aloxistatin,0.6762839555740356,0.5078398585319519,source_8
aloxistatin,0.9153687953948975,0.49421024322509766,source_8
aloxistatin,0.677830159664154,0.4664257764816284,source_8
aloxistatin,0.9002791047096252,0.501500129699707,source_8
aloxistatin,0.6683627963066101,0.48883599042892456,source_8
aloxistatin,0.8880885243415833,0.6395711302757263,source_8
aloxistatin,0.861159086227417,0.5690917670726776,source_8
aloxistatin,0.656656801700592,0.4545601010322571,source_8
aloxistatin,0.8832257986068726,0.5273800492286682,source_8
aloxistatin,0.6445432901382446,0.4703524112701416,source_8
aloxistatin,0.8566056489944458,0.4856424331665039,source_8
aloxistatin,0.6437320709228516,0.44127357006073,source_8
aloxistatin,0.859661340713501,0.5233108699321747,source_8
aloxistatin,0.6306006908416748,0.5222939252853394,source_8
aloxistatin,0.8656826615333557,0.3867095708847046,source_8
aloxistatin,0.6393658518791199,0.5340560078620911,source_8
aloxistatin,0.8475890755653381,0.5447476506233215,source_8
aloxistatin,0.6475273370742798,0.6495610773563385,source_8
aloxistatin,0.8592355251312256,0.5179922580718994,source_8
aloxistatin,0.6890464425086975,0.600454568862915,source_8
aloxistatin,0.7212410569190979,0.645889163017273,source_8
aloxistatin,0.6291778087615967,0.4306733012199402,source_8
aloxistatin,0.9086681604385376,0.48869311809539795,source_8
aloxistatin,0.6139785647392273,0.5099707841873169,source_8
aloxistatin,0.8763331770896912,0.5677212476730347,source_8
aloxistatin,0.6310015320777893,0.5005316734313965,source_8
aloxistatin,0.8302111029624939,0.6567535996437073,source_8
aloxistatin,0.6375564932823181,0.7333877682685852,source_8
aloxistatin,0.868700385093689,0.500704288482666,source_8
aloxistatin,0.6318729519844055,0.46718233823776245,source_8
aloxistatin,0.8983975648880005,0.6254187822341919,source_8
aloxistatin,0.6207162141799927,0.49628257751464844,source_8
aloxistatin,0.8894177675247192,0.5900767147541046,source_8
aloxistatin,0.6107983589172363,0.5332231223583221,source_8
aloxistatin,0.8529881238937378,0.4849037528038025,source_8
aloxistatin,0.6323885917663574,0.4694884419441223,source_8
aloxistatin,0.8587661981582642,0.580580860376358,source_8
aloxistatin,0.6178416609764099,0.517505943775177,source_8
aloxistatin,0.5996682643890381,0.9466822259128094,source_3
aloxistatin,0.6230122447013855,0.9727533087134361,source_3
aloxistatin,0.6198635697364807,0.937735453248024,source_3
aloxistatin,0.5535006523132324,1.0683156847953796,source_3
aloxistatin,0.5684861540794373,0.7920717597007751,source_3
aloxistatin,0.5893366932868958,0.8301346302032471,source_3
aloxistatin,0.6120830178260803,1.0849165469408035,source_3
aloxistatin,0.5705263018608093,1.0727617144584656,source_3
aloxistatin,0.609998345375061,0.8832228183746338,source_3
aloxistatin,0.6559404134750366,1.0040823807939887,source_3
aloxistatin,0.5970445275306702,0.9569094516336918,source_3
aloxistatin,0.6096326112747192,1.0000570192933083,source_3
aloxistatin,0.6540133357048035,0.8726808130741119,source_3
aloxistatin,0.5403845906257629,0.8340358436107635,source_3
aloxistatin,0.5891312956809998,0.9389899522066116,source_3
aloxistatin,0.6610137820243835,0.8841185495257378,source_3
aloxistatin,0.6155496835708618,0.870429202914238,source_3
aloxistatin,0.5190552473068237,1.1288429945707321,source_3
aloxistatin,0.5894386768341064,1.1522766649723053,source_3
aloxistatin,0.7352344989776611,0.8998495787382126,source_3
aloxistatin,0.735124945640564,0.9246728643774986,source_3
aloxistatin,0.6886591911315918,0.46249425411224365,source_5
aloxistatin,0.682624101638794,0.5730956494808197,source_5
aloxistatin,0.6946238279342651,0.5495331883430481,source_5
aloxistatin,0.6895954012870789,0.5920639038085938,source_5
aloxistatin,0.6868112087249756,0.5767492055892944,source_5
aloxistatin,0.6914821863174438,0.5573366284370422,source_5
aloxistatin,0.700269341468811,0.5796943306922913,source_5
aloxistatin,0.7060083150863647,0.5298715829849243,source_5
aloxistatin,0.696448028087616,0.5553699731826782,source_5
aloxistatin,0.7034600377082825,0.5320279896259308,source_5
aloxistatin,0.705940842628479,0.4123072624206543,source_5
aloxistatin,0.6928442120552063,0.5012078881263733,source_5
aloxistatin,0.7024758458137512,0.7995508462190628,source_5
aloxistatin,0.6998400092124939,0.6627098023891449,source_5
aloxistatin,0.6938983798027039,0.6635685861110687,source_5
aloxistatin,0.6838425397872925,0.797814130783081,source_5
aloxistatin,0.6828692555427551,0.7088030576705933,source_5
aloxistatin,0.695300281047821,0.7537565976381302,source_5
aloxistatin,0.6821972131729126,0.5332834124565125,source_5
aloxistatin,0.677436888217926,0.44700896739959717,source_5
aloxistatin,0.6703794002532959,0.4725911617279053,source_5
aloxistatin,0.6843375563621521,0.5526474714279175,source_5
aloxistatin,0.6909279227256775,0.49011027812957764,source_5
aloxistatin,0.6971735954284668,0.5896729230880737,source_5
aloxistatin,0.692138671875,0.8493368923664093,source_5
aloxistatin,0.7211413979530334,0.5092803537845612,source_5
aloxistatin,0.7222829461097717,0.42781341075897217,source_5
aloxistatin,0.7266436219215393,0.6118009686470032,source_5
aloxistatin,0.7148712277412415,0.38622021675109863,source_5
aloxistatin,0.7015231251716614,0.43757641315460205,source_5
aloxistatin,0.6643915176391602,0.4154413342475891,source_5
aloxistatin,0.6739948391914368,0.526208907365799,source_5
aloxistatin,0.6810452342033386,0.3919525742530823,source_5
aloxistatin,0.6974601149559021,0.46592116355895996,source_5
aloxistatin,0.704286515712738,0.4215667247772217,source_5
aloxistatin,0.6979945302009583,0.6313979029655457,source_5
aloxistatin,0.6728981137275696,0.7385911345481873,source_5
aloxistatin,0.6783417463302612,0.6782485842704773,source_5
aloxistatin,0.6862267851829529,0.7340186238288879,source_5
aloxistatin,0.6822279691696167,0.7114773392677307,source_5
aloxistatin,0.6885761022567749,0.740104615688324,source_5
aloxistatin,0.6852564215660095,0.7379395365715027,source_5
aloxistatin,0.6718346476554871,0.5765014588832855,source_5
aloxistatin,0.692543625831604,0.6768392026424408,source_5
aloxistatin,0.6524384617805481,0.7634726315736771,source_5
aloxistatin,0.6517457365989685,0.9378022402524948,source_5
aloxistatin,0.6591514348983765,0.5269928872585297,source_5
aloxistatin,0.6579924821853638,0.582432210445404,source_5
aloxistatin,0.6551392078399658,0.8510041683912277,source_5
aloxistatin,0.6662417054176331,0.7657049298286438,source_5
aloxistatin,0.6674573421478271,0.8033702373504639,source_5
aloxistatin,0.6734402179718018,0.7801476120948792,source_5
aloxistatin,0.7260584831237793,0.9321377724409103,source_5
aloxistatin,0.7158082127571106,0.9004609286785126,source_5
aloxistatin,0.7205216288566589,1.115763396024704,source_5
aloxistatin,0.7211717963218689,0.6623443067073822,source_5
aloxistatin,0.6999331116676331,0.6154903769493103,source_5
aloxistatin,0.7132751941680908,0.7595871388912201,source_5
aloxistatin,0.7207156419754028,0.8453509658575058,source_5
aloxistatin,0.7112074494361877,0.5234631597995758,source_5
aloxistatin,0.6738078594207764,0.47900843620300293,source_5
aloxistatin,0.6701700687408447,0.5486575961112976,source_5
aloxistatin,0.673568844795227,0.4338580369949341,source_5
aloxistatin,0.6641220450401306,0.4410747289657593,source_5
aloxistatin,0.6676461696624756,0.516313761472702,source_5
aloxistatin,0.6808179020881653,0.4931442141532898,source_5
aloxistatin,0.6533839106559753,0.4112098217010498,source_5
aloxistatin,0.6532665491104126,0.6384905576705933,source_5
aloxistatin,0.6587871313095093,0.6239398121833801,source_5
aloxistatin,0.6609733700752258,0.7438912391662598,source_5
aloxistatin,0.6649209260940552,0.6643670499324799,source_5
aloxistatin,0.654924213886261,0.49484503269195557,source_5
aloxistatin,0.6577163338661194,0.5811280608177185,source_5
aloxistatin,0.6605387330055237,0.6304187774658203,source_5
aloxistatin,0.6479352712631226,0.5706356763839722,source_5
aloxistatin,0.6495640873908997,0.4633897542953491,source_5
aloxistatin,0.6494491696357727,0.5297876000404358,source_5
aloxistatin,0.6256919503211975,0.5273124277591705,source_5
aloxistatin,0.6302260756492615,0.5950884521007538,source_5
aloxistatin,0.6367409229278564,0.8520017713308334,source_5
aloxistatin,0.6306893229484558,0.7872107028961182,source_5
aloxistatin,0.6332005858421326,0.513939619064331,source_5
aloxistatin,0.6413710117340088,0.6025742292404175,source_5
aloxistatin,0.6389178037643433,0.44803059101104736,source_5
aloxistatin,0.6599479913711548,0.7201717495918274,source_5
aloxistatin,0.6775903105735779,0.6628267168998718,source_5
aloxistatin,0.6725478768348694,0.653606116771698,source_5
aloxistatin,0.656105637550354,0.6535218954086304,source_5
aloxistatin,0.6593345999717712,0.6984934210777283,source_5
aloxistatin,0.6568967700004578,0.8249731063842773,source_5
aloxistatin,0.6282676458358765,0.592650443315506,source_5
aloxistatin,0.6319606304168701,0.8594376742839813,source_5
aloxistatin,0.6386500597000122,0.8126937747001648,source_5
aloxistatin,0.6329352259635925,0.4666736125946045,source_5
aloxistatin,0.6326931118965149,0.5556738376617432,source_5
aloxistatin,0.6430453658103943,0.6967241764068604,source_5
aloxistatin,0.6481317281723022,0.6819642782211304,source_5
aloxistatin,0.661342442035675,0.5009385645389557,source_5
aloxistatin,0.6603527069091797,0.5801595449447632,source_5
aloxistatin,0.6584030389785767,0.7147799134254456,source_5
aloxistatin,0.6452168226242065,0.5910105407238007,source_5
aloxistatin,0.651069164276123,0.550404816865921,source_5
aloxistatin,0.6657274961471558,0.4809854030609131,source_5
aloxistatin,0.661785900592804,0.5519585013389587,source_5
aloxistatin,0.6645241379737854,0.4932209849357605,source_5
aloxistatin,0.6599166393280029,0.5731973648071289,source_5
aloxistatin,0.6285086870193481,0.43875622749328613,source_5
aloxistatin,0.6332676410675049,0.622970700263977,source_5
aloxistatin,0.6983906030654907,0.7495975494384766,source_5
aloxistatin,0.6984323859214783,0.6611802577972412,source_5
aloxistatin,0.7044170498847961,0.4722139835357666,source_5
aloxistatin,0.678826093673706,0.646149605512619,source_5
aloxistatin,0.6966452598571777,0.6918551027774811,source_5
aloxistatin,0.6865890026092529,0.8496587723493576,source_5
aloxistatin,0.6823027729988098,0.640914797782898,source_5
aloxistatin,0.6904852390289307,0.7554118931293488,source_5
aloxistatin,0.6870647072792053,0.7683459371328354,source_5
aloxistatin,0.6681134700775146,0.9463046118617058,source_5
aloxistatin,0.6844095587730408,0.8179536163806915,source_5
aloxistatin,0.6810087561607361,0.9137551113963127,source_5
aloxistatin,0.6821924448013306,0.7312319278717041,source_5
aloxistatin,0.6792736053466797,0.8132014572620392,source_5
aloxistatin,0.6856545805931091,0.6127010583877563,source_5
aloxistatin,0.6923719644546509,0.4529280662536621,source_5
aloxistatin,0.7054017782211304,0.4560871720314026,source_5
aloxistatin,0.6780983209609985,0.6102768182754517,source_5
aloxistatin,0.6978553533554077,0.7998505681753159,source_5
aloxistatin,0.6267969012260437,0.43354737758636475,source_5
aloxistatin,0.6302157640457153,0.528045654296875,source_5
aloxistatin,0.6486083269119263,0.604402482509613,source_5
aloxistatin,0.6369785070419312,0.6147894859313965,source_5
aloxistatin,0.6401369571685791,0.5369507670402527,source_5
aloxistatin,0.6424005627632141,0.813906729221344,source_5
aloxistatin,0.6410953998565674,0.722113847732544,source_5
aloxistatin,0.6419905424118042,0.4638720154762268,source_5
aloxistatin,0.6580125689506531,0.4613805413246155,source_5
aloxistatin,0.6566631197929382,0.5827507376670837,source_5
aloxistatin,0.6529250144958496,0.521679162979126,source_5
aloxistatin,0.6548436880111694,0.6606312990188599,source_5
aloxistatin,0.6579908132553101,0.948683612048626,source_5
aloxistatin,0.6642143726348877,0.9728639889508486,source_5
aloxistatin,0.6617921590805054,0.9911466296762228,source_5
aloxistatin,0.6614917516708374,0.48526692390441895,source_5
aloxistatin,0.65839684009552,0.5964240431785583,source_5
aloxistatin,0.6623432636260986,0.6896169781684875,source_5
aloxistatin,0.6707444787025452,0.7532186806201935,source_5
aloxistatin,0.6726229190826416,0.6622161865234375,source_5
aloxistatin,0.6686863303184509,0.6845782995223999,source_5
aloxistatin,0.6717250347137451,0.6164933145046234,source_5
aloxistatin,0.6712784171104431,0.6832872629165649,source_5
aloxistatin,0.6753908395767212,0.6182359457015991,source_5
aloxistatin,0.678800642490387,0.631795197725296,source_5
aloxistatin,0.6829452514648438,0.6105045080184937,source_5
aloxistatin,0.6713822484016418,0.5241707563400269,source_5
aloxistatin,0.678307831287384,0.6357855796813965,source_5
aloxistatin,0.6809439659118652,0.8008914440870285,source_5
aloxistatin,0.6736052632331848,0.6998374462127686,source_5
aloxistatin,0.6739484071731567,0.7420855164527893,source_5
aloxistatin,0.6853549480438232,0.5349798798561096,source_5
aloxistatin,0.6801620721817017,0.7330963611602783,source_5
aloxistatin,0.6875477433204651,0.5207871198654175,source_5
aloxistatin,0.6794896125793457,0.7733049094676971,source_5
aloxistatin,0.688766598701477,0.5607719719409943,source_5
aloxistatin,0.6836733222007751,0.570737212896347,source_5
aloxistatin,0.6978744268417358,0.5035625994205475,source_5
aloxistatin,0.6790773868560791,0.5858571231365204,source_5
aloxistatin,0.6789159178733826,0.7007045745849609,source_5
aloxistatin,0.6818345785140991,0.7906358540058136,source_5
aloxistatin,0.6839433312416077,0.49992167949676514,source_5
aloxistatin,0.695559561252594,0.5128893852233887,source_5
aloxistatin,0.69586181640625,0.5653411746025085,source_5
aloxistatin,0.7005262970924377,0.5176979303359985,source_5
aloxistatin,0.6848046183586121,0.5388140678405762,source_5
aloxistatin,0.698492705821991,0.5132169127464294,source_5
aloxistatin,0.6986687779426575,0.5638434290885925,source_5
aloxistatin,0.6983036994934082,0.784117117524147,source_5
aloxistatin,0.7037301063537598,0.7081618010997772,source_5
aloxistatin,0.7017300128936768,0.78254234790802,source_5
aloxistatin,0.6948624849319458,0.5442579090595245,source_5
aloxistatin,0.6963965892791748,0.6439965963363647,source_5
aloxistatin,0.6985854506492615,0.5520170629024506,source_5
aloxistatin,0.7257619500160217,0.7711182087659836,source_5
aloxistatin,0.7248404026031494,0.5106406211853027,source_5
aloxistatin,0.7338423132896423,0.6281418800354004,source_5
aloxistatin,0.7215590476989746,0.6914020478725433,source_5
aloxistatin,0.6921917200088501,0.7286555469036102,source_5
aloxistatin,0.6870286464691162,0.8964318782091141,source_5
aloxistatin,0.6961726546287537,1.0389439351856709,source_5
aloxistatin,0.7026640772819519,0.40488195419311523,source_5
aloxistatin,0.7017874121665955,0.4884278178215027,source_5
aloxistatin,0.7006317377090454,0.5527467727661133,source_5
aloxistatin,0.6417679786682129,0.6590946018695831,source_5
aloxistatin,0.645996630191803,0.7024100720882416,source_5
aloxistatin,0.6439048051834106,0.6621876358985901,source_5
aloxistatin,0.6515172123908997,0.7862098664045334,source_5
aloxistatin,0.6710565090179443,0.9513691440224648,source_5
aloxistatin,0.6582479476928711,0.6758991479873657,source_5
aloxistatin,0.5836070775985718,0.5978984832763672,source_3
aloxistatin,0.5981117486953735,0.6320809721946716,source_3
aloxistatin,0.6031301617622375,0.5204408466815948,source_3
aloxistatin,0.5961374044418335,0.6741627156734467,source_3
aloxistatin,0.7165937423706055,0.42561185359954834,source_3
aloxistatin,0.7270040512084961,0.5778064727783203,source_3
aloxistatin,0.6479475498199463,0.394755482673645,source_3
aloxistatin,0.5926424264907837,0.8032901585102081,source_3
aloxistatin,0.6238167881965637,0.6367635130882263,source_3
aloxistatin,0.6392449140548706,0.5064689218997955,source_3
aloxistatin,0.6282803416252136,0.5172373652458191,source_3
aloxistatin,0.6639497876167297,0.6638430058956146,source_3
aloxistatin,0.6040899753570557,0.6349887847900391,source_3
aloxistatin,0.6134955883026123,0.47207027673721313,source_3
aloxistatin,0.6753056049346924,0.47406065464019775,source_3
aloxistatin,0.6769551038742065,0.6684553027153015,source_3
aloxistatin,0.6655948758125305,0.6036486029624939,source_3
aloxistatin,0.6651871204376221,0.5264666676521301,source_3
aloxistatin,0.6386991143226624,0.5413547158241272,source_3
aloxistatin,0.6725649833679199,0.6949790716171265,source_3
aloxistatin,0.5207311511039734,0.914965495467186,source_3
aloxistatin,0.5782876014709473,1.1565889716148376,source_3
aloxistatin,0.5702030062675476,0.8667118102312088,source_3
aloxistatin,0.5992295145988464,0.8948473259806633,source_3
aloxistatin,0.5754720568656921,0.7318651378154755,source_3
aloxistatin,0.5680087804794312,0.7003785669803619,source_3
aloxistatin,0.534924328327179,0.7906357198953629,source_3
aloxistatin,0.5282779335975647,0.9712916016578674,source_3
aloxistatin,0.6025388836860657,0.9568614512681961,source_3
aloxistatin,0.6051704287528992,1.001824728678912,source_3
aloxistatin,0.7699668407440186,0.7314589023590088,source_3
aloxistatin,0.6496105790138245,0.773363396525383,source_3
aloxistatin,0.5749631524085999,0.8201332688331604,source_3
aloxistatin,0.5843514800071716,0.9590279050171375,source_3
aloxistatin,0.6294429898262024,0.7182017862796783,source_3
aloxistatin,0.5809742212295532,0.9800032302737236,source_3
aloxistatin,0.5543214678764343,0.9573988541960716,source_3
aloxistatin,0.5402359366416931,0.7829689681529999,source_3
aloxistatin,0.5676370859146118,0.8783933520317078,source_3
aloxistatin,0.5585834383964539,0.8973636031150818,source_3
aloxistatin,0.653171956539154,1.0451743379235268,source_3
aloxistatin,0.6452330350875854,0.9053757786750793,source_3
aloxistatin,0.6329552531242371,0.8222333937883377,source_3
aloxistatin,0.5946083664894104,0.8917376101016998,source_3
aloxistatin,0.6806858777999878,1.0578254833817482,source_3
aloxistatin,0.6322954297065735,0.9406589008867741,source_3
aloxistatin,0.6427746415138245,0.7839124500751495,source_3
aloxistatin,0.6022472977638245,0.9224431067705154,source_3
aloxistatin,0.621512770652771,1.0131165385246277,source_3
aloxistatin,0.6397337913513184,1.1709706783294678,source_3
aloxistatin,0.6357105374336243,1.243752807378769,source_3
aloxistatin,0.6311674118041992,0.9717801436781883,source_3
aloxistatin,0.65976881980896,1.026254205033183,source_3
aloxistatin,0.6604949235916138,0.9937374126166105,source_3
aloxistatin,0.8665473461151123,1.021872702986002,source_3
aloxistatin,0.6061413884162903,0.7898325622081757,source_3
aloxistatin,0.6384682059288025,1.0177879631519318,source_3
aloxistatin,0.6551523208618164,1.276941955089569,source_3
aloxistatin,0.6240780353546143,1.0074246544390917,source_3
aloxistatin,0.6644260287284851,0.9347602650523186,source_3
aloxistatin,0.8512309789657593,0.8282506018877029,source_3
aloxistatin,0.8760470151901245,0.8286010026931763,source_3
aloxistatin,0.8729403614997864,1.202923223376274,source_3
aloxistatin,0.8320139646530151,1.2649986743927002,source_3
aloxistatin,0.7918898463249207,1.0407973304390907,source_3
aloxistatin,0.7559844851493835,1.2982178330421448,source_3
aloxistatin,0.7282935976982117,1.0462591126561165,source_3
aloxistatin,0.7288774847984314,1.2794385850429535,source_3
aloxistatin,1.0943078994750977,1.1122286915779114,source_3
aloxistatin,1.1062707901000977,0.7156531810760498,source_3
aloxistatin,1.0772042274475098,0.7959728837013245,source_3
aloxistatin,0.9556097388267517,1.1229137927293777,source_3
aloxistatin,0.8788667917251587,1.2160512208938599,source_3
aloxistatin,0.9817133545875549,1.218334123492241,source_3
aloxistatin,1.093528389930725,0.6884054839611053,source_3
aloxistatin,0.9879788160324097,1.0238410718739033,source_3
aloxistatin,0.8877352476119995,0.9090517908334732,source_3
aloxistatin,0.9679760932922363,0.8456568270921707,source_3
aloxistatin,0.9715948104858398,0.8803904429078102,source_3
aloxistatin,0.8975558280944824,1.0245412718504667,source_3
aloxistatin,0.5445321202278137,0.6816032528877258,source_3
aloxistatin,0.5542600750923157,1.016614081338048,source_3
aloxistatin,0.5603033304214478,0.9038722589612007,source_3
aloxistatin,0.5058062076568604,0.961129255592823,source_3
aloxistatin,0.5339706540107727,0.8266509622335434,source_3
aloxistatin,0.5396550893783569,1.0071161845698953,source_3
aloxistatin,0.555944561958313,0.8306169360876083,source_3
aloxistatin,0.5173291563987732,1.1438662856817245,source_3
aloxistatin,0.5246511697769165,0.7067261338233948,source_3
aloxistatin,0.561436653137207,0.775937408208847,source_3
aloxistatin,0.500761866569519,0.7837824523448944,source_3
aloxistatin,0.5818254351615906,0.8079686760902405,source_3
aloxistatin,0.5727534294128418,0.7671738415956497,source_3
aloxistatin,0.5158975124359131,1.3296939730644226,source_3
aloxistatin,0.5575428009033203,0.7266284823417664,source_3
aloxistatin,0.5841132402420044,0.8186246454715729,source_3
aloxistatin,0.572507917881012,0.9095570370554924,source_3
aloxistatin,0.5758947134017944,1.0634612292051315,source_3
aloxistatin,0.5804470181465149,0.7402935028076172,source_3
aloxistatin,0.5999414920806885,0.7701385915279388,source_3
aloxistatin,0.5457763671875,0.9586925469338894,source_3
aloxistatin,0.5574971437454224,0.7944838255643845,source_3
aloxistatin,0.5506851673126221,0.8428845703601837,source_3
aloxistatin,0.6328579783439636,0.9765222724527121,source_3
aloxistatin,0.6016655564308167,1.0512928888201714,source_3
aloxistatin,0.536433219909668,0.8460986912250519,source_3
aloxistatin,0.663735032081604,0.8853731825947762,source_3
aloxistatin,0.70135098695755,0.924382746219635,source_3
aloxistatin,0.6013749241828918,0.9553846791386604,source_3
aloxistatin,0.6158700585365295,0.8792290091514587,source_3
aloxistatin,0.6306511759757996,0.9657622128725052,source_3
aloxistatin,0.5334679484367371,0.9461153261363506,source_3
aloxistatin,0.6153985857963562,1.1094461679458618,source_3
aloxistatin,0.6418440937995911,0.7999739348888397,source_3
aloxistatin,0.6592233180999756,1.0487672314047813,source_3
aloxistatin,0.6020299196243286,0.9510956779122353,source_3
aloxistatin,0.5282220244407654,1.0008784979581833,source_3
aloxistatin,0.6153180003166199,0.9093003943562508,source_3
aloxistatin,0.6428673267364502,0.9610979855060577,source_3
aloxistatin,0.5988472700119019,0.9347787499427795,source_3
aloxistatin,0.5674463510513306,0.6235426068305969,source_3
aloxistatin,0.589401125907898,0.7688783258199692,source_3
aloxistatin,0.5986008644104004,0.6235833168029785,source_3
aloxistatin,0.5895670652389526,0.6568141877651215,source_3
aloxistatin,0.49013951420783997,0.6677610278129578,source_3
aloxistatin,0.51319819688797,0.56400066614151,source_3
aloxistatin,0.49200239777565,0.5247810482978821,source_3
aloxistatin,0.5770546793937683,0.624591052532196,source_3
aloxistatin,0.594610333442688,0.6270020604133606,source_3
aloxistatin,0.6011142134666443,0.680009514093399,source_3
aloxistatin,0.6146664619445801,0.5858901143074036,source_3
aloxistatin,0.6303322315216064,0.6980105340480804,source_3
aloxistatin,0.6299753785133362,0.6667594909667969,source_3
aloxistatin,0.502512514591217,0.8905937001109123,source_3
aloxistatin,0.4581645131111145,0.8838937506079674,source_3
aloxistatin,0.4878444969654083,0.6476391851902008,source_3
aloxistatin,0.4961055815219879,0.6822511851787567,source_3
aloxistatin,1.4306142330169678,0.4727591872215271,source_7
aloxistatin,1.4551661014556885,0.6135106682777405,source_7
aloxistatin,1.4380979537963867,0.5144408941268921,source_7
aloxistatin,1.4188005924224854,0.6138449907302856,source_7
aloxistatin,1.4584928750991821,0.6788181960582733,source_7
aloxistatin,1.425976276397705,0.48728442192077637,source_7
aloxistatin,1.424285888671875,0.658901184797287,source_7
aloxistatin,1.447680115699768,0.6593031287193298,source_7
aloxistatin,1.4179556369781494,0.6175563037395477,source_7
aloxistatin,1.4055894613265991,0.560499906539917,source_7
aloxistatin,1.4251904487609863,0.5404672026634216,source_7
aloxistatin,1.4775640964508057,0.5346020758152008,source_7
aloxistatin,1.392528772354126,0.7015424370765686,source_7
aloxistatin,1.3165977001190186,0.5378042161464691,source_7
aloxistatin,1.2928571701049805,0.6328257322311401,source_7
aloxistatin,1.226798176765442,0.5689660310745239,source_7
aloxistatin,1.2870069742202759,0.5417003035545349,source_7
aloxistatin,1.3037352561950684,0.6185394525527954,source_7
aloxistatin,1.2903873920440674,0.5220109224319458,source_7
aloxistatin,1.3061497211456299,0.3870318531990051,source_7
aloxistatin,1.2561111450195312,0.5236402451992035,source_7
aloxistatin,1.1869113445281982,0.5493904948234558,source_7
aloxistatin,1.225843906402588,0.6339187026023865,source_7
aloxistatin,1.2661973237991333,0.4982185959815979,source_7
aloxistatin,1.2052016258239746,0.6207104027271271,source_7
aloxistatin,1.192463755607605,0.5797919631004333,source_7
aloxistatin,1.2177760601043701,0.5245245397090912,source_7
aloxistatin,1.1836559772491455,0.5688150525093079,source_7
aloxistatin,1.1847130060195923,0.47845375537872314,source_7
aloxistatin,1.1786301136016846,0.45356130599975586,source_7
aloxistatin,1.1849616765975952,0.5913435220718384,source_7
aloxistatin,1.1836515665054321,0.5272943377494812,source_7
aloxistatin,1.2285593748092651,0.5992506742477417,source_7
aloxistatin,1.1818798780441284,0.4736267924308777,source_7
aloxistatin,1.1822854280471802,0.45231008529663086,source_7
aloxistatin,1.203763723373413,0.5017126500606537,source_7
aloxistatin,1.1863212585449219,0.5960443913936615,source_7
aloxistatin,1.189944863319397,0.567046731710434,source_7
aloxistatin,1.2171918153762817,0.6590808033943176,source_7
aloxistatin,1.2123773097991943,0.5412893295288086,source_7
aloxistatin,1.2280588150024414,0.43621838092803955,source_7
aloxistatin,1.2024974822998047,0.44103097915649414,source_7
aloxistatin,1.2126517295837402,0.5066230297088623,source_7
aloxistatin,1.2211945056915283,0.38849472999572754,source_7
aloxistatin,1.234215259552002,0.4778779149055481,source_7
aloxistatin,1.224427580833435,0.4578077793121338,source_7
aloxistatin,1.2251694202423096,0.5205020010471344,source_7
aloxistatin,1.188146948814392,0.4184197187423706,source_7
aloxistatin,1.229832649230957,0.49841827154159546,source_7
aloxistatin,1.1716248989105225,0.5708777010440826,source_7
aloxistatin,1.1732230186462402,0.45110464096069336,source_7
aloxistatin,1.1283754110336304,0.43423283100128174,source_7
aloxistatin,1.1284343004226685,0.4539914131164551,source_7
aloxistatin,1.1734367609024048,0.5264672636985779,source_7
aloxistatin,1.1792402267456055,0.5132590234279633,source_7
aloxistatin,1.204894781112671,0.6073094606399536,source_7
aloxistatin,1.2420583963394165,0.45428216457366943,source_7
aloxistatin,1.1915682554244995,0.4634007215499878,source_7
aloxistatin,1.152854084968567,0.47366487979888916,source_7
aloxistatin,1.1833912134170532,0.4067542552947998,source_7
aloxistatin,1.1723792552947998,0.4806686043739319,source_7
aloxistatin,1.1792675256729126,0.491821825504303,source_7
aloxistatin,1.171044945716858,0.5338811278343201,source_7
aloxistatin,1.1683679819107056,0.42017030715942383,source_7
aloxistatin,1.2121447324752808,0.4553459882736206,source_7
aloxistatin,1.2089941501617432,0.5585397779941559,source_7
aloxistatin,1.601305365562439,0.741158664226532,source_7
aloxistatin,1.67333984375,0.7898052781820297,source_7
aloxistatin,1.5457361936569214,0.7320730686187744,source_7
aloxistatin,1.4162824153900146,0.680838018655777,source_7
aloxistatin,1.3281848430633545,0.593860000371933,source_7
aloxistatin,1.3175978660583496,0.5130455493927002,source_7
aloxistatin,1.3161457777023315,0.5663922131061554,source_7
aloxistatin,1.2890905141830444,0.54385906457901,source_7
aloxistatin,1.2413021326065063,0.527621865272522,source_7
aloxistatin,1.210310459136963,0.43986546993255615,source_7
aloxistatin,1.2087419033050537,0.482837438583374,source_7
aloxistatin,1.1868391036987305,0.5047908425331116,source_7
aloxistatin,1.1790745258331299,0.5073181092739105,source_7
aloxistatin,1.24618399143219,0.4265395402908325,source_7
aloxistatin,1.2148240804672241,0.5393171608448029,source_7
aloxistatin,1.1977145671844482,0.47064244747161865,source_7
aloxistatin,1.2189075946807861,0.5681399703025818,source_7
aloxistatin,1.1885440349578857,0.4620159864425659,source_7
aloxistatin,1.3549684286117554,0.6190609931945801,source_7
aloxistatin,1.2950310707092285,0.5305637419223785,source_7
aloxistatin,1.2686691284179688,0.4667488932609558,source_7
aloxistatin,1.3151423931121826,0.5920160114765167,source_7
aloxistatin,1.4250410795211792,0.6152924597263336,source_7
aloxistatin,1.3143818378448486,0.5693543553352356,source_7
aloxistatin,1.2344833612442017,0.5375876426696777,source_7
aloxistatin,1.2224172353744507,0.5286158621311188,source_7
aloxistatin,1.3855907917022705,0.8439283967018127,source_7
aloxistatin,1.2847121953964233,0.6502501368522644,source_7
aloxistatin,1.2386231422424316,0.5978292226791382,source_7
aloxistatin,1.2360666990280151,0.5642727017402649,source_7
aloxistatin,1.2754029035568237,0.554922342300415,source_7
aloxistatin,1.2698265314102173,0.5004644095897675,source_7
aloxistatin,1.2572208642959595,0.5441064238548279,source_7
aloxistatin,1.2848684787750244,0.43540775775909424,source_7
aloxistatin,1.270529866218567,0.6076688766479492,source_7
aloxistatin,1.2438545227050781,0.48713696002960205,source_7
aloxistatin,1.2642794847488403,0.5799679756164551,source_7
aloxistatin,1.2795637845993042,0.698130339384079,source_7
aloxistatin,1.26340651512146,0.5024421811103821,source_7
aloxistatin,1.2465578317642212,0.5426523685455322,source_7
aloxistatin,1.2562206983566284,0.4962872266769409,source_7
aloxistatin,1.1330314874649048,0.6196640133857727,source_7
aloxistatin,1.2962646484375,0.5537093877792358,source_7
aloxistatin,1.211053729057312,0.5851300954818726,source_7
aloxistatin,1.0527299642562866,0.6115482151508331,source_7
aloxistatin,1.2013533115386963,0.45306694507598877,source_7
aloxistatin,1.1686055660247803,0.7043673992156982,source_7
aloxistatin,1.0588973760604858,0.6546832919120789,source_7
aloxistatin,1.1956089735031128,0.650406539440155,source_7
aloxistatin,0.7652983069419861,0.5298475921154022,source_10
aloxistatin,0.70418381690979,0.691451907157898,source_10
aloxistatin,0.7394319772720337,0.7840330749750137,source_10
aloxistatin,0.7632085680961609,0.9002662152051926,source_10
aloxistatin,0.7627989649772644,0.5590943992137909,source_10
aloxistatin,0.7807422876358032,0.6943306624889374,source_10
aloxistatin,0.7858739495277405,0.7343037128448486,source_10
aloxistatin,0.8394156694412231,0.7740992456674576,source_10
aloxistatin,0.7159210443496704,0.5728743076324463,source_10
aloxistatin,0.7286481261253357,0.808540940284729,source_10
aloxistatin,0.7389408349990845,0.8659346103668213,source_10
aloxistatin,0.7246220707893372,0.7190432548522949,source_10
aloxistatin,0.7301930785179138,0.5143062770366669,source_10
aloxistatin,0.7254037261009216,0.9088442847132683,source_10
aloxistatin,0.7375603318214417,0.8498251736164093,source_10
aloxistatin,0.6938991546630859,0.818644106388092,source_10
aloxistatin,0.6935639381408691,0.7627408653497696,source_10
aloxistatin,0.6832239031791687,0.559724748134613,source_10
aloxistatin,0.7051969766616821,0.8305801153182983,source_10
aloxistatin,0.7107673287391663,0.7216531336307526,source_10
aloxistatin,0.707205593585968,0.823628693819046,source_10
aloxistatin,0.7179107666015625,0.5965718924999237,source_10
aloxistatin,0.7242607474327087,0.4901113510131836,source_10
aloxistatin,0.7483208775520325,0.6342388689517975,source_10
aloxistatin,0.7293388247489929,0.6520130932331085,source_10
aloxistatin,0.7499856948852539,0.63420569896698,source_10
aloxistatin,0.7427662014961243,0.4967001676559448,source_10
aloxistatin,0.7585691809654236,0.8797642588615417,source_10
aloxistatin,0.7186317443847656,0.6041828691959381,source_10
aloxistatin,0.6484324932098389,0.722588062286377,source_10
aloxistatin,0.6375455856323242,0.6702167987823486,source_10
aloxistatin,0.6621318459510803,0.5789467096328735,source_10
aloxistatin,0.7042112350463867,0.9132248535752296,source_10
aloxistatin,0.7368509769439697,0.4964214563369751,source_10
aloxistatin,0.7484428882598877,0.5154021382331848,source_10
aloxistatin,0.7452749609947205,0.43030858039855957,source_10
aloxistatin,0.7502570748329163,0.6052060127258301,source_10
aloxistatin,0.7402638792991638,0.5513121485710144,source_10
aloxistatin,0.7542449235916138,0.41269487142562866,source_10
aloxistatin,0.705208420753479,0.5946618020534515,source_10
aloxistatin,0.7161357998847961,0.7083479166030884,source_10
aloxistatin,0.698437511920929,0.5398426055908203,source_10
aloxistatin,0.7182675004005432,0.9123917818069458,source_10
aloxistatin,0.7024641633033752,0.6458194553852081,source_10
aloxistatin,0.720037043094635,0.801010400056839,source_10
aloxistatin,0.7115004658699036,0.5975855588912964,source_10
aloxistatin,0.6392455101013184,0.6410842537879944,source_10
aloxistatin,0.8135678172111511,0.7488244771957397,source_10
aloxistatin,0.7836143374443054,0.7375674843788147,source_10
aloxistatin,0.7535517811775208,0.7299192845821381,source_10
aloxistatin,0.6643677353858948,0.7784325480461121,source_10
aloxistatin,0.6956585049629211,0.6378291249275208,source_10
aloxistatin,0.7332441210746765,0.5609304308891296,source_10
aloxistatin,0.7017207145690918,0.637886643409729,source_10
aloxistatin,0.6897315979003906,0.5096038579940796,source_10
aloxistatin,0.7418475151062012,0.5298655927181244,source_10
aloxistatin,0.7428884506225586,0.5368008017539978,source_10
aloxistatin,0.7356809377670288,0.43323850631713867,source_10
aloxistatin,0.7318363785743713,0.453715443611145,source_10
aloxistatin,0.7264675498008728,0.9162090942263603,source_10
aloxistatin,0.7486199736595154,0.6389800310134888,source_10
aloxistatin,0.6535945534706116,0.9920280082151294,source_10
aloxistatin,0.67091965675354,0.7881745100021362,source_10
aloxistatin,0.6723655462265015,0.7840896248817444,source_10
aloxistatin,0.6676797270774841,0.7088352143764496,source_10
aloxistatin,0.677435576915741,0.606857180595398,source_10
aloxistatin,0.7334724068641663,0.541198194026947,source_10
aloxistatin,0.7484967112541199,0.6848844885826111,source_10
aloxistatin,0.6239322423934937,0.5459983646869659,source_10
aloxistatin,0.740860104560852,0.41745543479919434,source_10
aloxistatin,0.7616809606552124,0.6351180672645569,source_10
aloxistatin,0.7604078650474548,0.6163399517536163,source_10
aloxistatin,0.7249951958656311,0.8617770969867706,source_10
aloxistatin,0.6835898756980896,0.5458123087882996,source_10
aloxistatin,0.7057796120643616,0.5558538436889648,source_10
aloxistatin,0.7191607356071472,0.5244192779064178,source_10
aloxistatin,0.7077642679214478,0.5909725725650787,source_10
aloxistatin,0.7497695088386536,0.5631387829780579,source_10
aloxistatin,0.7731326222419739,0.5023952722549438,source_10
aloxistatin,0.746772289276123,0.3859350085258484,source_10
aloxistatin,0.7661683559417725,0.49323415756225586,source_10
aloxistatin,0.7851459980010986,0.5405635237693787,source_10
aloxistatin,0.816535472869873,0.7166868448257446,source_10
aloxistatin,0.8155383467674255,0.7376447319984436,source_10
aloxistatin,0.8216452598571777,0.6456235647201538,source_10
aloxistatin,0.8592255711555481,0.6653644144535065,source_10
aloxistatin,0.5729721188545227,0.5407190918922424,source_10
aloxistatin,0.5786065459251404,0.5852863788604736,source_10
aloxistatin,0.585746169090271,0.707468569278717,source_10
aloxistatin,0.598438560962677,0.5391241312026978,source_10
aloxistatin,0.5650374293327332,0.6412129402160645,source_10
aloxistatin,0.5804135799407959,0.7521715462207794,source_10
aloxistatin,0.6016756892204285,0.6381568908691406,source_10
aloxistatin,0.6141834259033203,0.6025792360305786,source_10
aloxistatin,0.6090579628944397,0.8835654780268669,source_10
aloxistatin,0.6404841542243958,0.6079700887203217,source_10
aloxistatin,0.6496130228042603,0.6089192628860474,source_10
aloxistatin,0.6466056108474731,0.7229216694831848,source_10
aloxistatin,0.704303503036499,0.6362288892269135,source_10
aloxistatin,0.6420024037361145,0.7217286825180054,source_10
aloxistatin,0.657358705997467,0.7065086960792542,source_10
aloxistatin,0.7198286056518555,0.5884944796562195,source_10
aloxistatin,0.7121924757957458,0.5325798392295837,source_10
aloxistatin,0.6838411688804626,0.6771653294563293,source_10
aloxistatin,0.6885408759117126,0.5755074620246887,source_10
aloxistatin,0.6912370920181274,0.6621327996253967,source_10
aloxistatin,0.6553277373313904,0.757883608341217,source_10
aloxistatin,0.704410195350647,0.5762434899806976,source_10
aloxistatin,0.7410414814949036,0.7696379125118256,source_10
aloxistatin,0.8762803077697754,0.6677892804145813,source_11
aloxistatin,0.6814315319061279,0.6263415217399597,source_11
aloxistatin,0.8401833176612854,0.5690854787826538,source_11
aloxistatin,0.7771334052085876,0.7394503355026245,source_11
aloxistatin,0.8106127381324768,0.8258772641420364,source_11
aloxistatin,0.8140944838523865,0.5369637608528137,source_11
aloxistatin,0.7866015434265137,0.8127856105566025,source_11
aloxistatin,0.7967389225959778,0.5922898352146149,source_11
aloxistatin,0.7885661125183105,0.5549114048480988,source_11
aloxistatin,0.7864782810211182,0.6942432522773743,source_11
aloxistatin,0.7971920967102051,0.47384804487228394,source_11
aloxistatin,0.797740638256073,0.5958070456981659,source_11
aloxistatin,0.7746882438659668,0.6800143420696259,source_11
aloxistatin,0.7924286723136902,0.7520767897367477,source_11
aloxistatin,0.7905193567276001,0.5843086242675781,source_11
aloxistatin,0.7783341407775879,0.6914383471012115,source_11
aloxistatin,0.7673214077949524,0.5736570954322815,source_11
aloxistatin,0.7765673995018005,0.6669407784938812,source_11
aloxistatin,0.9223527312278748,0.4979395270347595,source_11
aloxistatin,2.3302690982818604,0.8772313371300697,source_11
aloxistatin,0.8007583022117615,0.5918039977550507,source_11
aloxistatin,0.7817443013191223,0.8648352026939392,source_11
aloxistatin,0.808056116104126,0.7580975741147995,source_11
aloxistatin,0.8618075847625732,0.7620229572057724,source_11
aloxistatin,0.8744598031044006,0.6519094705581665,source_11
aloxistatin,0.8797157406806946,0.6041199564933777,source_11
aloxistatin,0.900375247001648,0.8269819021224976,source_11
aloxistatin,0.9318448305130005,0.6108216643333435,source_11
aloxistatin,0.9087428450584412,0.8116569221019745,source_11
aloxistatin,0.9174678921699524,0.5739975273609161,source_11
aloxistatin,0.925312876701355,0.5690245926380157,source_11
aloxistatin,0.9203751087188721,0.6748836636543274,source_11
aloxistatin,0.7072758078575134,0.8684512674808502,source_11
aloxistatin,0.7588546276092529,0.6073134541511536,source_11
aloxistatin,0.7640963196754456,0.6175665259361267,source_11
aloxistatin,0.7535000443458557,0.5752787590026855,source_11
aloxistatin,0.7439536452293396,0.7006789445877075,source_11
aloxistatin,0.7606989145278931,0.7039279937744141,source_11
aloxistatin,0.6963871121406555,0.7338343858718872,source_11
aloxistatin,0.7682688236236572,0.6715603470802307,source_11
aloxistatin,0.7436428070068359,0.7441940903663635,source_11
aloxistatin,0.758987545967102,0.5321162343025208,source_11
aloxistatin,0.7721652388572693,0.7183005809783936,source_11
aloxistatin,0.7657034397125244,0.6529694199562073,source_11
aloxistatin,0.7629616260528564,0.7060658037662506,source_11
aloxistatin,0.7573415637016296,0.626924455165863,source_11
aloxistatin,0.7650513648986816,0.6528317928314209,source_11
aloxistatin,0.7631709575653076,0.5871913433074951,source_11
aloxistatin,0.7525855302810669,0.6975478529930115,source_11
aloxistatin,0.7542561292648315,0.5757009983062744,source_11
aloxistatin,0.7479984760284424,0.6153959035873413,source_11
aloxistatin,0.7492328882217407,0.4747318625450134,source_11
aloxistatin,0.6893424987792969,0.5750098824501038,source_11
aloxistatin,0.7512556910514832,0.5631207823753357,source_11
aloxistatin,0.6962010860443115,0.6345935165882111,source_11
aloxistatin,0.6864461898803711,0.5481528639793396,source_11
aloxistatin,0.6770073175430298,0.6243886351585388,source_11
aloxistatin,0.6775131821632385,0.6859788298606873,source_11
aloxistatin,0.7195623517036438,0.558298796415329,source_11
aloxistatin,0.6895283460617065,0.5638082027435303,source_11
aloxistatin,0.8039683103561401,0.800090104341507,source_11
aloxistatin,0.8207468390464783,0.559047132730484,source_11
aloxistatin,0.6896951198577881,0.48703402280807495,source_11
aloxistatin,0.7893663048744202,0.7616317868232727,source_11
aloxistatin,0.6851550936698914,0.5456711947917938,source_11
aloxistatin,0.6902034282684326,0.6445888876914978,source_11
aloxistatin,0.6019285321235657,0.8171488046646118,source_11
aloxistatin,0.6270532608032227,0.596487283706665,source_11
aloxistatin,0.7151877284049988,0.545971691608429,source_11
aloxistatin,0.7414900660514832,0.7096508145332336,source_11
aloxistatin,0.7393670678138733,0.40600430965423584,source_11
aloxistatin,0.7343968152999878,0.5282829105854034,source_11
aloxistatin,0.7379288077354431,0.5486872792243958,source_11
aloxistatin,0.755223274230957,0.741923600435257,source_11
aloxistatin,0.7619494795799255,0.621635764837265,source_11
aloxistatin,0.7991955876350403,0.5038187503814697,source_11
aloxistatin,0.7852873206138611,0.5880951583385468,source_11
aloxistatin,0.7571706175804138,0.6101757884025574,source_11
aloxistatin,0.7799707055091858,0.8709955811500549,source_11
aloxistatin,0.7936691641807556,0.5781122148036957,source_11
aloxistatin,0.7977330684661865,0.41711628437042236,source_11
aloxistatin,0.764511227607727,0.39069604873657227,source_11
aloxistatin,0.7759761214256287,0.41969603300094604,source_11
aloxistatin,0.7985495328903198,0.623883843421936,source_11
aloxistatin,0.7894326448440552,0.37990498542785645,source_11
aloxistatin,0.9657838940620422,1.211432322859764,source_11
aloxistatin,0.7442619204521179,0.6028068661689758,source_11
aloxistatin,0.7200722694396973,0.4851503372192383,source_11
aloxistatin,0.7163341045379639,0.5643901824951172,source_11
aloxistatin,0.7362458109855652,0.6882282495498657,source_11
aloxistatin,0.7213684320449829,0.5864382982254028,source_11
aloxistatin,0.7443557381629944,0.6226213574409485,source_11
aloxistatin,0.7372967004776001,0.5006563067436218,source_11
aloxistatin,0.7303957343101501,0.44177311658859253,source_11
aloxistatin,0.7244401574134827,0.48422569036483765,source_11
aloxistatin,0.7482700943946838,0.6782601177692413,source_11
aloxistatin,0.7659741044044495,0.5233885049819946,source_11
aloxistatin,0.7634040117263794,0.5860138833522797,source_11
aloxistatin,0.6392013430595398,0.6549708843231201,source_11
aloxistatin,0.6214981079101562,0.553228497505188,source_11
aloxistatin,0.6142867803573608,0.4914410710334778,source_11
aloxistatin,0.6048598885536194,0.6524868011474609,source_11
aloxistatin,0.5946870446205139,0.5721563398838043,source_11
aloxistatin,0.5731348991394043,0.5821278095245361,source_11
aloxistatin,0.6564903855323792,0.7170875370502472,source_11
aloxistatin,0.628959596157074,0.510591596364975,source_11
aloxistatin,0.6249617338180542,0.5067078471183777,source_11
aloxistatin,0.6230652928352356,0.5521254539489746,source_11
aloxistatin,0.636570930480957,0.5404050350189209,source_11
aloxistatin,0.6576693058013916,0.5335791707038879,source_11
aloxistatin,0.6639955043792725,0.6119508147239685,source_11
aloxistatin,0.6594400405883789,0.4899459481239319,source_11
aloxistatin,0.6998178362846375,0.5573111474514008,source_11
aloxistatin,0.6637460589408875,0.4813358783721924,source_11
aloxistatin,0.6620199084281921,0.48838692903518677,source_11
aloxistatin,0.6586936116218567,0.5246571004390717,source_11
aloxistatin,0.6619295477867126,0.48747777938842773,source_11
aloxistatin,0.6633977293968201,0.6160678267478943,source_11
aloxistatin,0.6870746612548828,0.5687219798564911,source_11
aloxistatin,0.694177508354187,0.5081482529640198,source_11
aloxistatin,0.6930871605873108,0.5930733978748322,source_11
aloxistatin,0.6741482615470886,0.4601370096206665,source_11
aloxistatin,0.6444092392921448,0.5470069646835327,source_11
aloxistatin,0.6320933103561401,0.3741112947463989,source_11
aloxistatin,0.6423236727714539,0.5410857796669006,source_11
aloxistatin,0.6602877974510193,0.5333805978298187,source_11
aloxistatin,0.6700467467308044,0.5875722765922546,source_11
aloxistatin,0.6791892051696777,0.6517431735992432,source_11
aloxistatin,0.5837270617485046,0.801178440451622,source_11
aloxistatin,0.6296789646148682,0.5691878199577332,source_11
aloxistatin,0.6062349677085876,0.5574583113193512,source_11
aloxistatin,0.6078348159790039,0.7040174603462219,source_11
aloxistatin,0.5860455632209778,0.7638249546289444,source_11
aloxistatin,0.5822856426239014,0.649031937122345,source_11
aloxistatin,0.6237034797668457,0.6634750962257385,source_11
aloxistatin,0.6287588477134705,0.8217357844114304,source_11
aloxistatin,0.6044526100158691,0.6699753701686859,source_11
aloxistatin,0.5906784534454346,0.7457405030727386,source_11
aloxistatin,0.5912590622901917,0.6567011177539825,source_11
aloxistatin,0.5985388159751892,0.6399012207984924,source_11
aloxistatin,0.607309103012085,0.5525121092796326,source_11
aloxistatin,0.6163328886032104,0.48364436626434326,source_11
aloxistatin,0.6199547052383423,0.7056428790092468,source_11
aloxistatin,0.6142506003379822,0.6639573574066162,source_11
aloxistatin,0.617939829826355,0.610924482345581,source_11
aloxistatin,0.6177982687950134,0.6260763108730316,source_11
aloxistatin,0.623991072177887,0.5563256740570068,source_11
aloxistatin,0.620307207107544,0.6491599678993225,source_11
aloxistatin,0.6365894079208374,0.5510108768939972,source_11
aloxistatin,0.6658560037612915,0.7162531018257141,source_11
aloxistatin,0.6685888767242432,0.6841525435447693,source_11
aloxistatin,0.6880010366439819,0.701040506362915,source_11
aloxistatin,0.6960781216621399,0.6810678541660309,source_11
aloxistatin,0.6081535220146179,0.5297593474388123,source_11
aloxistatin,0.6108137369155884,0.5077855587005615,source_11
aloxistatin,0.6128284335136414,0.5422200560569763,source_11
aloxistatin,0.5994865894317627,0.5774921774864197,source_11
aloxistatin,0.6067666411399841,0.6833407282829285,source_11
aloxistatin,0.5854618549346924,0.5957933068275452,source_11
aloxistatin,0.5994867086410522,0.5458207726478577,source_11
aloxistatin,0.5933526754379272,0.5365114212036133,source_11
aloxistatin,0.5997709035873413,0.6262304782867432,source_11
aloxistatin,0.5936220288276672,0.6364497542381287,source_11
aloxistatin,0.6037037372589111,0.6559152603149414,source_11
aloxistatin,0.611723780632019,0.6859516203403473,source_11
aloxistatin,0.629884660243988,0.6849091649055481,source_11
aloxistatin,0.6359416842460632,0.543415904045105,source_11
aloxistatin,1.3072987794876099,0.7720602452754974,source_9
aloxistatin,1.3121410608291626,0.7073556482791901,source_9
aloxistatin,1.348684310913086,0.8591118156909943,source_9
aloxistatin,1.3747519254684448,0.9882456548511982,source_9
aloxistatin,1.3484938144683838,0.693843424320221,source_9
aloxistatin,1.4070252180099487,0.6076503396034241,source_9
aloxistatin,1.4246435165405273,0.736954927444458,source_9
aloxistatin,1.418972373008728,0.8075772821903229,source_9
aloxistatin,1.4116911888122559,0.7922707796096802,source_9
aloxistatin,1.4530301094055176,0.8742987215518951,source_9
aloxistatin,1.3119350671768188,0.7089930176734924,source_9
aloxistatin,1.0521678924560547,0.609354555606842,source_9
aloxistatin,1.0175387859344482,0.6559810638427734,source_9
aloxistatin,1.0351316928863525,0.6368526518344879,source_9
aloxistatin,1.035152792930603,0.7305660843849182,source_9
aloxistatin,1.0162403583526611,0.570663720369339,source_9
aloxistatin,0.9600366353988647,0.6609827280044556,source_9
aloxistatin,0.9614169001579285,0.6577319502830505,source_9
aloxistatin,1.1199935674667358,0.49166733026504517,source_9
aloxistatin,1.127833366394043,0.5839326977729797,source_9
aloxistatin,1.0859726667404175,0.6173823773860931,source_9
aloxistatin,1.0637474060058594,0.7443684935569763,source_9
aloxistatin,1.0497697591781616,0.7273458242416382,source_9
aloxistatin,1.4087159633636475,0.761481374502182,source_9
aloxistatin,1.3831603527069092,0.7152485251426697,source_9
aloxistatin,1.333739161491394,0.8744505643844604,source_9
aloxistatin,1.0427526235580444,0.5773530006408691,source_9
aloxistatin,1.0627758502960205,0.7255763709545135,source_9
aloxistatin,1.0921040773391724,0.5535323023796082,source_9
aloxistatin,1.1138331890106201,0.579688161611557,source_9
aloxistatin,1.0857090950012207,0.7135552763938904,source_9
aloxistatin,1.0642503499984741,0.605544924736023,source_9
aloxistatin,1.0710664987564087,0.5352082848548889,source_9
aloxistatin,1.1093686819076538,0.6745153665542603,source_9
aloxistatin,1.0941929817199707,0.5500257015228271,source_9
aloxistatin,1.104285717010498,0.6197592616081238,source_9
aloxistatin,1.0462584495544434,0.5258267223834991,source_9
aloxistatin,1.330102801322937,0.7768810391426086,source_9
aloxistatin,1.2644844055175781,0.8145012110471725,source_9
aloxistatin,1.2643234729766846,0.6966855525970459,source_9
aloxistatin,1.2366276979446411,0.8136919736862183,source_9
aloxistatin,1.2272967100143433,0.6044092178344727,source_9
aloxistatin,1.1495637893676758,0.6902289390563965,source_9
aloxistatin,1.1872199773788452,0.745866596698761,source_9
aloxistatin,1.1767783164978027,0.6958655118942261,source_9
aloxistatin,1.1884874105453491,0.8185219764709473,source_9
aloxistatin,1.160212516784668,0.6771134734153748,source_9
aloxistatin,1.1159241199493408,0.7087472975254059,source_9
aloxistatin,0.961532711982727,0.70219886302948,source_9
aloxistatin,1.245252013206482,0.7379046976566315,source_9
aloxistatin,1.264335036277771,0.6204379796981812,source_9
aloxistatin,1.3059659004211426,0.6667603850364685,source_9
aloxistatin,1.256657361984253,0.5582172870635986,source_9
aloxistatin,1.354046106338501,0.6919457018375397,source_9
aloxistatin,1.3619858026504517,0.622271865606308,source_9
aloxistatin,1.3201069831848145,0.8297328650951385,source_9
aloxistatin,1.138745903968811,0.4960249066352844,source_9
aloxistatin,1.1239449977874756,0.5513121783733368,source_9
aloxistatin,1.164457082748413,0.5440628528594971,source_9
aloxistatin,1.1677212715148926,0.497774600982666,source_9
aloxistatin,1.1759124994277954,0.7861190140247345,source_9
aloxistatin,1.1769452095031738,0.9556420333683491,source_9
aloxistatin,1.1887598037719727,0.7525337934494019,source_9
aloxistatin,1.266378402709961,0.669174462556839,source_9
aloxistatin,1.1978317499160767,0.6903162002563477,source_9
aloxistatin,1.2116823196411133,0.6129283308982849,source_9
aloxistatin,1.1968953609466553,0.7855288088321686,source_9
aloxistatin,1.1538735628128052,0.8270822167396545,source_9
aloxistatin,1.2233151197433472,0.5985814929008484,source_9
aloxistatin,1.2037724256515503,0.5426228046417236,source_9
aloxistatin,1.2045005559921265,0.7590405941009521,source_9
aloxistatin,1.550626516342163,0.880961686372757,source_9
aloxistatin,1.3251707553863525,0.7558561712503433,source_9
aloxistatin,0.867683470249176,0.6604070067405701,source_9
aloxistatin,0.8747799396514893,0.519814133644104,source_9
aloxistatin,0.8861604928970337,0.564672589302063,source_9
aloxistatin,0.8740310072898865,0.5710275769233704,source_9
aloxistatin,0.8534346222877502,0.5041055679321289,source_9
aloxistatin,0.8705681562423706,0.4681875705718994,source_9
aloxistatin,0.8663101196289062,0.8498654961585999,source_9
aloxistatin,0.8498462438583374,0.6882905066013336,source_9
aloxistatin,0.8453109860420227,0.5726853311061859,source_9
aloxistatin,0.8364151120185852,0.6398377120494843,source_9
aloxistatin,1.0756402015686035,0.668880820274353,source_9
aloxistatin,1.1174017190933228,0.7456628680229187,source_9
aloxistatin,1.094044804573059,0.6469702124595642,source_9
aloxistatin,1.0720874071121216,0.6698998212814331,source_9
aloxistatin,1.0795444250106812,0.6204518377780914,source_9
aloxistatin,1.0755060911178589,0.6512898802757263,source_9
aloxistatin,1.0809051990509033,0.8300660103559494,source_9
aloxistatin,1.2013200521469116,0.7417366802692413,source_9
aloxistatin,1.1662226915359497,0.6907092928886414,source_9
aloxistatin,1.1533100605010986,0.6831663250923157,source_9
aloxistatin,1.330249547958374,0.7603171765804291,source_9
aloxistatin,1.4611716270446777,0.7539939284324646,source_9
aloxistatin,1.3955636024475098,0.848139762878418,source_9
aloxistatin,1.3215426206588745,0.7055120766162872,source_9
aloxistatin,1.3277003765106201,0.7570389956235886,source_9
aloxistatin,1.5293734073638916,0.7745926976203918,source_9
aloxistatin,0.5638136267662048,0.7423542141914368,source_3
aloxistatin,0.5748992562294006,0.6869107484817505,source_3
aloxistatin,0.5993490219116211,0.6100346744060516,source_3
aloxistatin,0.6068795919418335,0.7902555614709854,source_3
aloxistatin,0.6510651111602783,0.5839475095272064,source_3
aloxistatin,0.6421610713005066,0.5490819811820984,source_3
aloxistatin,0.6472292542457581,0.4762738347053528,source_3
aloxistatin,0.627417802810669,0.4070150852203369,source_3
aloxistatin,0.6109505295753479,0.5937978029251099,source_3
aloxistatin,0.6224256157875061,0.4546282887458801,source_3
aloxistatin,0.6222532987594604,0.5678759217262268,source_3
aloxistatin,0.6163987517356873,0.5072399377822876,source_3
aloxistatin,0.5984443426132202,0.6399961709976196,source_3
aloxistatin,0.6049248576164246,0.709847629070282,source_3
aloxistatin,0.6095687747001648,0.6206712126731873,source_3
aloxistatin,0.620859682559967,0.4623715281486511,source_3
aloxistatin,0.6310884356498718,0.520520031452179,source_3
aloxistatin,0.586614191532135,0.6591928899288177,source_3
aloxistatin,0.5615650415420532,0.6933845281600952,source_3
aloxistatin,0.5954417586326599,0.630339115858078,source_3
aloxistatin,0.6397931575775146,0.7427801489830017,source_3
aloxistatin,0.634217381477356,0.6714580059051514,source_3
aloxistatin,0.632230818271637,0.6384519934654236,source_3
aloxistatin,0.7228387594223022,1.0106290141120553,source_3
aloxistatin,0.6149634122848511,0.5932460725307465,source_3
aloxistatin,0.6209994554519653,0.5910459458827972,source_3
aloxistatin,0.6292142868041992,0.753457635641098,source_3
aloxistatin,0.6406103372573853,0.4703637361526489,source_3
aloxistatin,0.6272311210632324,0.7376289367675781,source_3
aloxistatin,0.6531482934951782,0.618300199508667,source_3
aloxistatin,0.6092008948326111,0.6234129071235657,source_3
aloxistatin,0.630473792552948,0.43077731132507324,source_3
aloxistatin,0.6339556574821472,0.445426881313324,source_3
aloxistatin,0.6483010649681091,0.5396007895469666,source_3
aloxistatin,0.6481868624687195,0.7871626913547516,source_3
aloxistatin,0.6582861542701721,0.6160045564174652,source_3
aloxistatin,0.6404402852058411,0.44629836082458496,source_3
aloxistatin,0.6199134588241577,0.452975869178772,source_3
aloxistatin,0.6361297369003296,0.579219251871109,source_3
aloxistatin,0.6295416951179504,0.42317062616348267,source_3
aloxistatin,0.6407245993614197,0.9481460116803646,source_3
aloxistatin,0.8433385491371155,0.7398378849029541,source_3
aloxistatin,2.265998363494873,0.9810680076479912,source_3
aloxistatin,1.0224090814590454,0.9560938403010368,source_15
aloxistatin,1.0130330324172974,0.7382563650608063,source_15
aloxistatin,1.013933777809143,0.5437100529670715,source_15
aloxistatin,0.99753737449646,0.5781859755516052,source_15
aloxistatin,1.008743166923523,0.7451272010803223,source_15
aloxistatin,0.999633252620697,0.6341286301612854,source_15
aloxistatin,0.9810957908630371,0.6835218667984009,source_15
aloxistatin,1.005934238433838,0.7526685893535614,source_15
aloxistatin,1.0190885066986084,0.6092211604118347,source_15
aloxistatin,0.9986845850944519,0.5675038695335388,source_15
aloxistatin,1.0122877359390259,0.5415020287036896,source_15
aloxistatin,1.01631760597229,0.5855862498283386,source_15
aloxistatin,1.0140562057495117,0.6211308240890503,source_15
aloxistatin,1.0000004768371582,0.6003457903862,source_15
aloxistatin,0.9836962223052979,0.5726633965969086,source_15
aloxistatin,0.9632105231285095,0.5541313886642456,source_15
aloxistatin,0.9708866477012634,0.6179934442043304,source_15
aloxistatin,0.9908077120780945,0.6049162149429321,source_15
aloxistatin,1.0032525062561035,0.5319645404815674,source_15
aloxistatin,0.9612215161323547,0.529978334903717,source_15
aloxistatin,0.9871081709861755,0.5430594682693481,source_15
aloxistatin,0.968478798866272,0.5232656896114349,source_15
aloxistatin,0.9719699025154114,0.672339141368866,source_15
aloxistatin,0.9450015425682068,0.6140333116054535,source_15
aloxistatin,0.9707340598106384,0.5343005657196045,source_15
aloxistatin,0.9552086591720581,0.5435322225093842,source_15
aloxistatin,0.9497371912002563,0.4988524317741394,source_15
aloxistatin,0.9362878799438477,0.5177219212055206,source_15
aloxistatin,0.9674478769302368,0.47725892066955566,source_15
aloxistatin,0.9734851717948914,0.49428480863571167,source_15
aloxistatin,1.5749577283859253,0.8835783004760742,source_15
aloxistatin,1.7570830583572388,0.7376865744590759,source_15
aloxistatin,1.717093825340271,0.7428480982780457,source_15
aloxistatin,1.600181221961975,0.5896079540252686,source_15
aloxistatin,1.5460113286972046,0.7107142210006714,source_15
aloxistatin,1.487447738647461,0.6561587452888489,source_15
aloxistatin,1.5201447010040283,0.6490793228149414,source_15
aloxistatin,1.4563734531402588,0.7287500500679016,source_15
aloxistatin,1.4531662464141846,0.6251380443572998,source_15
aloxistatin,1.4319326877593994,0.6545771360397339,source_15
aloxistatin,1.4064453840255737,0.6812729835510254,source_15
aloxistatin,1.3889410495758057,0.6523027122020721,source_15
aloxistatin,1.4265897274017334,0.6548548340797424,source_15
aloxistatin,1.3520561456680298,0.6865888237953186,source_15
aloxistatin,1.3075355291366577,0.6133456230163574,source_15
aloxistatin,1.287063717842102,0.6540853381156921,source_15
aloxistatin,1.3109468221664429,0.7989751696586609,source_15
aloxistatin,1.3116960525512695,0.671398937702179,source_15
aloxistatin,1.2968109846115112,0.6266007423400879,source_15
aloxistatin,1.3189669847488403,0.6590394377708435,source_15
aloxistatin,1.3557794094085693,1.2065573781728745,source_15
aloxistatin,1.349768877029419,0.8864312171936035,source_15
aloxistatin,1.2327172756195068,0.6565618515014648,source_15
aloxistatin,1.2552893161773682,0.7444464862346649,source_15
aloxistatin,1.2288994789123535,0.7686554342508316,source_15
aloxistatin,1.256510853767395,0.6852283775806427,source_15
aloxistatin,1.2012132406234741,0.7739233076572418,source_15
aloxistatin,1.2512092590332031,0.6323716044425964,source_15
aloxistatin,0.9726229310035706,0.5734395980834961,source_15
aloxistatin,0.9789671897888184,0.5093556046485901,source_15
aloxistatin,0.9715533256530762,0.5356477499008179,source_15
aloxistatin,1.0045086145401,0.5387517511844635,source_15
aloxistatin,1.0155137777328491,0.6582098603248596,source_15
aloxistatin,1.0129822492599487,0.594689279794693,source_15
aloxistatin,1.2404969930648804,0.6759485602378845,source_15
aloxistatin,1.1508779525756836,0.7338287532329559,source_15
aloxistatin,1.137974739074707,0.7125515341758728,source_15
aloxistatin,1.1457581520080566,0.6862110495567322,source_15
aloxistatin,1.239436149597168,0.8897283971309662,source_15
aloxistatin,1.1187489032745361,0.6942623853683472,source_15
aloxistatin,1.255850911140442,0.6725105345249176,source_15
aloxistatin,1.3250095844268799,0.6447117328643799,source_15
aloxistatin,0.9647864699363708,0.5527359843254089,source_15
aloxistatin,1.1179115772247314,0.5551922917366028,source_15
aloxistatin,1.1836652755737305,0.5900127291679382,source_15
aloxistatin,1.1726138591766357,0.5974049270153046,source_15
aloxistatin,0.9842622876167297,0.6490484774112701,source_15
aloxistatin,0.9625005722045898,0.6486111879348755,source_15
aloxistatin,0.9621437191963196,0.6727349162101746,source_15
aloxistatin,0.9484245777130127,0.6174222826957703,source_15
aloxistatin,0.9449869990348816,0.624944269657135,source_15
aloxistatin,1.2592051029205322,0.6553712785243988,source_15
aloxistatin,1.277018427848816,0.6871773302555084,source_15
aloxistatin,1.2543630599975586,0.6035883128643036,source_15
aloxistatin,1.2508695125579834,0.640061616897583,source_15
aloxistatin,1.236382007598877,0.7205906510353088,source_15
aloxistatin,1.2718323469161987,0.6521669030189514,source_15
aloxistatin,1.2543238401412964,0.6326975226402283,source_15
aloxistatin,1.25525963306427,0.6153832972049713,source_15
aloxistatin,1.244489073753357,0.7729915082454681,source_15
aloxistatin,0.9095419645309448,0.5262255966663361,source_15
aloxistatin,0.910750687122345,0.5320717990398407,source_15
aloxistatin,0.9722983241081238,0.593576192855835,source_15
aloxistatin,0.9951710104942322,0.5276651978492737,source_15
aloxistatin,0.9980770945549011,0.526968777179718,source_15
aloxistatin,1.0111883878707886,0.5518063306808472,source_15
aloxistatin,1.0104434490203857,0.6379408240318298,source_15
aloxistatin,1.010553002357483,0.48483777046203613,source_15
aloxistatin,1.0033190250396729,0.5485953688621521,source_15
aloxistatin,1.0267781019210815,0.5872982740402222,source_15
aloxistatin,1.0475424528121948,0.5801302194595337,source_15
aloxistatin,1.043564796447754,0.5601899027824402,source_15
aloxistatin,1.049211859703064,0.5592525005340576,source_15
aloxistatin,1.0301547050476074,0.5357945561408997,source_15
aloxistatin,1.0177428722381592,0.5366989374160767,source_15
aloxistatin,1.0314322710037231,0.5174830555915833,source_15
aloxistatin,1.0235172510147095,0.5157159566879272,source_15
aloxistatin,1.0169967412948608,0.6114694476127625,source_15
aloxistatin,1.009968638420105,0.564426839351654,source_15
aloxistatin,1.0298712253570557,0.567603349685669,source_15
aloxistatin,1.056311011314392,0.5200325846672058,source_15
aloxistatin,1.0399996042251587,0.5634571313858032,source_15
aloxistatin,1.0362403392791748,0.4863312840461731,source_15
aloxistatin,1.0203012228012085,0.5011928975582123,source_15
aloxistatin,1.0146422386169434,0.6047430634498596,source_15
aloxistatin,1.0267856121063232,0.51252281665802,source_15
aloxistatin,1.0058927536010742,0.5136328935623169,source_15
aloxistatin,1.0650709867477417,0.5539810955524445,source_15
aloxistatin,1.0602937936782837,0.5124884843826294,source_15
aloxistatin,1.0600076913833618,0.5554827153682709,source_15
aloxistatin,0.9856053590774536,0.5454301238059998,source_15
aloxistatin,1.0288923978805542,0.5083674788475037,source_15
aloxistatin,1.0203713178634644,0.548780232667923,source_15
aloxistatin,1.053465485572815,0.5828691124916077,source_15
aloxistatin,0.920109748840332,0.8336128294467926,source_15
aloxistatin,0.9884553551673889,0.8380535691976547,source_15
aloxistatin,0.9792335629463196,0.634175568819046,source_15
aloxistatin,0.9211306571960449,0.6492055356502533,source_15
aloxistatin,0.9317896962165833,0.7633684575557709,source_15
aloxistatin,0.8990591168403625,0.6779889464378357,source_15
aloxistatin,0.9192075729370117,0.8652549982070923,source_15
aloxistatin,0.941734254360199,0.9964771023951471,source_15
aloxistatin,0.906723141670227,0.754516214132309,source_15
aloxistatin,0.9581092596054077,0.823091983795166,source_15
aloxistatin,1.031287670135498,0.6935761570930481,source_15
aloxistatin,0.9677035808563232,0.9410490617156029,source_15
aloxistatin,0.9523977637290955,0.7670423686504364,source_15
aloxistatin,1.0218837261199951,0.7360393702983856,source_15
aloxistatin,1.0658077001571655,0.69560107588768,source_15
aloxistatin,1.0469592809677124,0.6283295452594757,source_15
aloxistatin,1.0520001649856567,0.5590000450611115,source_15
aloxistatin,1.0590115785598755,1.0205108188092709,source_15
aloxistatin,1.0200605392456055,0.8242272287607193,source_15
aloxistatin,1.0301812887191772,0.762682169675827,source_15
aloxistatin,0.9072862267494202,0.905998557806015,source_15
aloxistatin,0.9372161030769348,0.6942222714424133,source_15
aloxistatin,0.5948193669319153,0.5650308728218079,source_3
aloxistatin,0.5824570059776306,0.8172124773263931,source_3
aloxistatin,0.5879406332969666,0.6083366274833679,source_3
aloxistatin,0.57337486743927,0.6425122320652008,source_3
aloxistatin,0.7586053609848022,0.8296497613191605,source_3
aloxistatin,0.5569820404052734,0.6993038654327393,source_3
aloxistatin,0.5760741233825684,0.5959239900112152,source_3
aloxistatin,0.5249798893928528,0.5986493229866028,source_3
aloxistatin,0.5986803770065308,0.6186040043830872,source_3
aloxistatin,0.6190364360809326,0.4076099395751953,source_3
aloxistatin,0.623282253742218,0.6272931694984436,source_3
aloxistatin,0.6223523616790771,0.6852307319641113,source_3
aloxistatin,0.5637431740760803,0.5885782241821289,source_3
aloxistatin,0.5877677202224731,0.6287318468093872,source_3
aloxistatin,0.5881014466285706,0.43851566314697266,source_3
aloxistatin,0.5857774019241333,0.5991556644439697,source_3
aloxistatin,0.5478916168212891,0.5264564752578735,source_3
aloxistatin,0.622915506362915,0.6979356408119202,source_3
aloxistatin,0.5292037725448608,0.6458125114440918,source_3
aloxistatin,0.5375195145606995,0.5207008719444275,source_3
aloxistatin,0.6648093461990356,0.8017953783273697,source_3
aloxistatin,0.5471058487892151,0.6178915202617645,source_3
aloxistatin,0.5920587778091431,0.6225594878196716,source_3
aloxistatin,0.574116051197052,0.6628171801567078,source_3
aloxistatin,0.6373608708381653,0.49561965465545654,source_3
aloxistatin,0.5740023255348206,0.5945353507995605,source_3
aloxistatin,0.5824000239372253,0.618439108133316,source_3
aloxistatin,0.5773681402206421,0.6230224967002869,source_3
aloxistatin,0.5909578204154968,0.4875752925872803,source_3
aloxistatin,0.599174439907074,0.5599473416805267,source_3
aloxistatin,0.6018074154853821,0.5257275104522705,source_3
aloxistatin,0.5971568822860718,0.40033555030822754,source_3
aloxistatin,0.5926021337509155,0.48252129554748535,source_3
aloxistatin,0.6324806213378906,0.46673500537872314,source_3
aloxistatin,0.6498435735702515,0.7501941919326782,source_3
aloxistatin,0.6511631608009338,0.416145384311676,source_3
aloxistatin,1.2158666849136353,0.9014794901013374,source_1
aloxistatin,1.4573760032653809,1.0220506712794304,source_1
aloxistatin,1.0313482284545898,0.7477125525474548,source_1
aloxistatin,0.9583494663238525,0.6948943138122559,source_1
aloxistatin,1.1127898693084717,0.7687995582818985,source_1
aloxistatin,1.105958104133606,0.8789978176355362,source_1
aloxistatin,1.1475428342819214,0.8317499756813049,source_1
aloxistatin,1.0957715511322021,0.7975480258464813,source_1
aloxistatin,1.4428616762161255,0.940753884613514,source_1
aloxistatin,1.465000867843628,0.9444540813565254,source_1
aloxistatin,1.3838093280792236,0.8575216233730316,source_1
aloxistatin,1.501639485359192,0.6235800981521606,source_1
aloxistatin,1.4902454614639282,0.9089942947030067,source_1
aloxistatin,1.5038257837295532,0.8524181246757507,source_1
aloxistatin,1.4735769033432007,0.9093504101037979,source_1
aloxistatin,1.379946231842041,0.9119394645094872,source_1
aloxistatin,3.189445734024048,1.0418770536780357,source_1
aloxistatin,1.5403259992599487,0.755228117108345,source_1
aloxistatin,1.0443648099899292,0.568736732006073,source_1
aloxistatin,1.0405616760253906,0.5758203864097595,source_1
aloxistatin,1.069350242614746,0.6725313365459442,source_1
aloxistatin,1.2654722929000854,0.7301466464996338,source_1
aloxistatin,1.3089591264724731,0.850670337677002,source_1
aloxistatin,0.9940695762634277,0.6239355206489563,source_1
aloxistatin,0.9591876268386841,0.6882483661174774,source_1
aloxistatin,1.002697229385376,0.7101719975471497,source_1
aloxistatin,1.0486360788345337,0.7748383581638336,source_1
aloxistatin,1.1739920377731323,0.7814705967903137,source_1
aloxistatin,1.0339958667755127,0.8294792920351028,source_1
aloxistatin,1.2362374067306519,0.6962441205978394,source_1
aloxistatin,1.222861647605896,0.8237321674823761,source_1
aloxistatin,1.2100468873977661,0.7625211328268051,source_1
aloxistatin,1.2419575452804565,0.6837270259857178,source_1
aloxistatin,1.2842003107070923,0.5704872608184814,source_1
aloxistatin,1.4062556028366089,0.939364954829216,source_1
aloxistatin,1.750292420387268,0.9598061181604862,source_1
aloxistatin,1.306849479675293,0.8353389203548431,source_1
aloxistatin,1.1391727924346924,0.7578659355640411,source_1
aloxistatin,1.1715625524520874,0.7821824550628662,source_1
aloxistatin,1.1517963409423828,0.8573091775178909,source_1
aloxistatin,1.7399686574935913,0.7967042326927185,source_1
aloxistatin,1.0184811353683472,0.6169415712356567,source_1
aloxistatin,1.0987828969955444,0.8574242144823074,source_1
aloxistatin,1.0525791645050049,0.6216812133789062,source_1
aloxistatin,1.046615719795227,0.7447156310081482,source_1
aloxistatin,0.8354742527008057,0.9274349063634872,source_1
aloxistatin,1.2332355976104736,0.6766595542430878,source_1
aloxistatin,1.2572070360183716,0.9578764513134956,source_1
aloxistatin,1.3197033405303955,0.8834154829382896,source_1
aloxistatin,1.2271136045455933,0.8950707316398621,source_1
aloxistatin,1.2463610172271729,0.7193320989608765,source_1
